39, 77516, 13, 2174, 0, 40, State-gov, Bachelors, Never-married, Adm-clerical, Not-in-family, White, Male, United-States, <=50K
30.660582,207388.92,12.974886,51.06219,-5.1295195,29.376656, ?, Bachelors, Never-married, ?, Not-in-family, White, Male, United-States, <=50K
51.992954,173319.42,9.033077,132.04181,14.58022,45.88615, Private, HS-grad, Married-civ-spouse, Other-service, Husband, White, Male, United-States, >50K
52.038708,177122.06,8.794022,520.2486,23.676096,41.40441, State-gov, 12th, Married-civ-spouse, Adm-clerical, Husband, White, Male, United-States, >50K
30.063696,250578.05,9.1031065,-345.86542,1.1463214,44.103294, Private, HS-grad, Divorced, Prof-specialty, Not-in-family, White, Female, United-States, <=50K
37.719402,111803.69,9.85286,-899.55524,-57.162167,32.046677, Private, Some-college, Never-married, Craft-repair, Other-relative, White, Female, United-States, <=50K
43.24162,368331.22,12.905162,193.39789,16.655302,37.833515, Private, Bachelors, Married-civ-spouse, Transport-moving, Husband, White, Male, United-States, <=50K
25.22653,112408.34,8.9776535,427.26392,-15.244327,37.865185, Private, HS-grad, Never-married, Sales, Own-child, White, Male, United-States, <=50K
42.823895,275665.78,9.070407,76.56365,-19.448305,29.74667, Private, HS-grad, Married-civ-spouse, Handlers-cleaners, Husband, White, Male, United-States, <=50K
17.677746,123438.26,9.899614,-273.58026,21.908094,40.89378, Private, Some-college, Never-married, Prof-specialty, Own-child, White, Female, United-States, <=50K
51.06294,374719.47,3.9842682,15.327816,1.3129016,49.101856, Private, 12th, Married-civ-spouse, Handlers-cleaners, Husband, White, Male, United-States, <=50K
53.145836,47517.344,5.4159513,86.3507,-7.3871565,48.16028, Local-gov, 10th, Married-civ-spouse, Other-service, Husband, White, Male, United-States, >50K
25.778751,246447.52,2.1261272,-39.438053,-51.01858,46.213085, Private, Some-college, Divorced, Handlers-cleaners, Unmarried, White, Male, United-States, <=50K
24.364006,169961.05,8.945727,149.59918,-18.235918,38.7045, Private, HS-grad, Never-married, Other-service, Own-child, White, Male, United-States, <=50K
65.47815,182107.44,6.816666,14468.502,28.129587,38.899258, Private, 11th, Married-civ-spouse, Transport-moving, Wife, White, Female, United-States, >50K
51.69105,99834.01,12.987925,1478.7062,21.805197,36.94375, Private, Bachelors, Married-civ-spouse, Prof-specialty, Husband, White, Male, United-States, >50K
20.084122,295721.97,9.001424,135.93707,-15.802394,27.571632, Private, HS-grad, Never-married, Other-service, Not-in-family, White, Female, United-States, <=50K
62.819595,225825.31,9.015942,809.20734,13.198049,37.961826, Self-emp-not-inc, HS-grad, Married-civ-spouse, Sales, Husband, White, Male, United-States, <=50K
37.65646,211703.48,9.006777,264.26233,-1.9482754,43.698906, Private, HS-grad, Married-civ-spouse, Other-service, Husband, White, Male, United-States, <=50K
34.38383,57414.797,13.749357,4715.101,44.21094,44.536644, ?, Bachelors, Never-married, ?, Not-in-family, White, Male, United-States, >50K
62.665913,153433.05,8.91179,-180.7143,0.70434296,15.167324, ?, HS-grad, Married-civ-spouse, ?, Husband, White, Male, United-States, <=50K
27.124266,200423.16,12.42597,-413.8415,0.9100238,34.169636, Local-gov, Bachelors, Never-married, Protective-serv, Own-child, White, Female, United-States, <=50K
55.428288,203338.52,9.91407,48.399776,29.357641,49.289238, Private, Some-college, Married-civ-spouse, Transport-moving, Husband, White, Male, United-States, >50K
26.100185,29095.734,9.028238,-410.84833,-19.064768,45.971684, Self-emp-not-inc, HS-grad, Divorced, Craft-repair, Not-in-family, White, Female, United-States, <=50K
49.105434,151183.83,9.942117,290.5146,3.6949358,41.432392, Private, Some-college, Married-civ-spouse, Transport-moving, Husband, White, Male, United-States, <=50K
25.886961,124618.81,9.960436,470.45135,-1.3554257,40.38628, Private, Some-college, Never-married, Sales, Not-in-family, White, Male, United-States, <=50K
28.410019,28845.938,10.043294,4300.2383,50.566223,65.42154, Self-emp-not-inc, Some-college, Married-civ-spouse, Sales, Husband, White, Male, United-States, >50K
32.416206,325019.12,12.149153,-3.8848307,-10.053988,29.71983, Local-gov, Assoc-acdm, Never-married, Craft-repair, Not-in-family, White, Male, United-States, <=50K
44.106846,203086.33,9.066789,-6.1074867,-3.979907,34.60999, Private, HS-grad, Divorced, Adm-clerical, Not-in-family, White, Female, United-States, <=50K
42.609467,230263.88,8.976088,31.509457,-3.7543058,41.277267, Private, HS-grad, Divorced, Handlers-cleaners, Unmarried, White, Female, United-States, <=50K
53.544846,120940.09,10.74046,-25.962223,6.3545046,57.239864, Private, Assoc-voc, Married-civ-spouse, Other-service, Husband, White, Male, United-States, <=50K
37.551704,236233.4,8.935596,-558.3593,-7.293231,38.413643, Private, HS-grad, Married-civ-spouse, Transport-moving, Husband, White, Male, United-States, <=50K
38.108982,164317.69,12.988435,-1032.508,32.971695,11.343964, Self-emp-not-inc, Bachelors, Never-married, Farming-fishing, Own-child, White, Male, United-States, <=50K
29.607712,93424.69,9.976977,-99.28376,-4.433131,35.579758, Private, Some-college, Never-married, Exec-managerial, Not-in-family, White, Male, United-States, <=50K
32.344288,80018.43,9.936057,-37.82709,-2.0643644,54.200714, Private, Some-college, Married-civ-spouse, Transport-moving, Husband, White, Male, United-States, >50K
45.84355,105492.02,8.587012,6226.961,20.892744,100.52333, Local-gov, HS-grad, Divorced, Exec-managerial, Unmarried, White, Male, United-States, >50K
43.43343,272818.75,8.989136,-172.87189,-1.9059628,36.782352, Private, HS-grad, Never-married, Machine-op-inspct, Own-child, White, Male, United-States, <=50K
50.21029,232853.45,12.929982,37.988705,-5.337825,39.50704, Private, Bachelors, Married-civ-spouse, Machine-op-inspct, Husband, White, Male, United-States, <=50K
45.787086,136490.16,9.024646,30.03912,20.76229,38.278973, Private, HS-grad, Married-civ-spouse, Sales, Wife, White, Female, United-States, >50K
23.6564,168861.9,8.90713,317.26508,-1.6455182,29.51573, Private, HS-grad, Separated, Tech-support, Unmarried, White, Male, United-States, <=50K
47.412094,142195.73,13.835583,52.263668,1787.315,39.896507, Private, Masters, Married-civ-spouse, Craft-repair, Husband, White, Male, United-States, <=50K
52.477566,131535.02,9.279666,517.3899,-17.324167,37.72337, Private, HS-grad, Married-civ-spouse, Machine-op-inspct, Husband, White, Male, United-States, <=50K
38.005928,121629.9,9.02964,-276.54095,-4.987979,21.463993, Private, HS-grad, Widowed, Other-service, Own-child, White, Female, United-States, <=50K
24.160074,110193.82,9.9360075,52.98132,-10.598025,43.80095, Private, Some-college, Never-married, Sales, Own-child, White, Male, United-States, <=50K
47.25723,199608.73,3.6166625,-470.6501,1.2663242,26.625593, Private, 10th, Divorced, Craft-repair, Not-in-family, White, Male, United-States, <=50K
26.255213,178185.27,10.94951,-79.08991,-11.5212965,17.925123, Private, Assoc-voc, Never-married, Handlers-cleaners, Not-in-family, White, Male, United-States, <=50K
49.506985,210414.98,11.0000725,-807.95123,5.5976763,51.255337, Private, Assoc-voc, Never-married, Other-service, Not-in-family, White, Female, United-States, >50K
40.036053,141504.45,13.004688,132.36536,15.25797,56.093296, Private, Bachelors, Married-civ-spouse, Exec-managerial, Husband, White, Male, United-States, >50K
62.333534,184838.75,9.169695,2711.9917,-15.348361,29.598433, Private, HS-grad, Married-civ-spouse, Handlers-cleaners, Husband, White, Male, United-States, >50K
44.90149,86298.29,9.94531,178.65472,5.589322,39.39099, Private, Some-college, Married-civ-spouse, Exec-managerial, Husband, White, Male, United-States, <=50K
40.724777,56502.625,4.673363,-314.5645,-27.102465,32.49196, State-gov, 10th, Divorced, Sales, Not-in-family, White, Female, United-States, <=50K
40.394505,280280.4,9.100721,-102.25617,-1.0166119,42.058685, Private, HS-grad, Married-civ-spouse, Sales, Husband, White, Male, United-States, <=50K
38.10889,79090.164,13.066755,10766.359,6.8943834,39.945747, Private, Bachelors, Married-civ-spouse, Prof-specialty, Husband, White, Male, United-States, <=50K
34.450703,124565.41,8.948794,-38.56513,-11.39992,68.21212, Private, HS-grad, Never-married, Farming-fishing, Not-in-family, White, Male, United-States, <=50K
49.65067,300745.9,8.94215,1042.5366,26.57226,46.168255, Federal-gov, HS-grad, Married-civ-spouse, Exec-managerial, Husband, White, Male, United-States, >50K
30.251026,134896.16,9.140835,399.0191,1318.0084,43.218422, Private, HS-grad, Married-civ-spouse, Other-service, Husband, White, Male, United-States, <=50K
29.805992,131329.3,6.59535,-639.3615,-3.9885206,13.801134, Self-emp-not-inc, 10th, Never-married, Exec-managerial, Not-in-family, White, Male, United-States, <=50K
53.768524,125905.9,11.522325,-436.0329,30.059332,42.09732, Federal-gov, Assoc-acdm, Married-civ-spouse, Prof-specialty, Husband, White, Male, United-States, >50K
43.40576,169471.88,9.998155,-308.3576,-8.176021,35.28925, Private, Some-college, Divorced, Adm-clerical, Unmarried, White, Female, United-States, <=50K
24.456942,169272.58,9.256986,128.55164,1275.3414,3.5685327, ?, HS-grad, Never-married, ?, Own-child, White, Male, United-States, <=50K
25.80914,46815.25,9.93988,125.03564,-11.253497,27.29393, Self-emp-not-inc, Some-college, Never-married, Other-service, Not-in-family, White, Female, United-States, <=50K
16.92011,207932.8,9.072399,107.513664,-3.4345045,33.544743, Private, HS-grad, Never-married, Adm-clerical, Own-child, White, Female, United-States, <=50K
42.409203,273585.56,12.242448,975.6029,22.989286,51.890545, Private, Bachelors, Married-civ-spouse, Exec-managerial, Husband, White, Male, United-States, >50K
45.563156,164612.62,12.950542,140.55743,23.934938,47.80083, Private, Bachelors, Married-civ-spouse, Craft-repair, Husband, White, Male, United-States, >50K
46.219593,311273.4,9.114164,342.49854,-16.785181,41.507378, Private, HS-grad, Never-married, Adm-clerical, Not-in-family, White, Male, United-States, <=50K
41.318504,170059.89,13.658778,97073.445,19.818739,50.90611, Private, Assoc-acdm, Divorced, Prof-specialty, Not-in-family, White, Male, United-States, >50K
45.636112,90167.44,13.652546,-262.81122,49.280273,42.785343, Local-gov, Bachelors, Married-civ-spouse, Prof-specialty, Husband, White, Male, United-States, >50K
22.466894,255684.58,9.9526205,-190.32,-0.88141143,29.931252, Private, Some-college, Never-married, Adm-clerical, Own-child, White, Female, United-States, <=50K
27.740665,176512.05,9.887458,279.64258,-17.027185,35.385128, Private, Some-college, Never-married, Handlers-cleaners, Not-in-family, White, Male, United-States, <=50K
55.56213,147751.4,9.910939,-796.2896,12.033811,54.06496, Self-emp-not-inc, Some-college, Married-civ-spouse, Other-service, Unmarried, White, Male, United-States, <=50K
26.607677,274529.6,9.078345,205.75616,-18.244013,47.558376, Private, HS-grad, Never-married, Machine-op-inspct, Not-in-family, White, Male, United-States, <=50K
35.408627,211210.27,12.965697,-68.670845,2.486333,37.240826, Private, Bachelors, Divorced, Adm-clerical, Unmarried, White, Female, United-States, <=50K
38.779797,303584.8,3.8183317,154.54486,3.4315615,44.35407, Private, 10th, Married-civ-spouse, Craft-repair, Husband, White, Male, United-States, <=50K
57.628418,55433.188,5.022502,152.74579,-17.143969,46.052364, Private, Some-college, Never-married, Other-service, Not-in-family, White, Male, United-States, <=50K
36.37378,100023.4,8.984934,-139.19635,-1.62897,48.553318, Private, HS-grad, Never-married, Craft-repair, Not-in-family, White, Male, United-States, <=50K
62.57189,34898.97,9.8847275,356.78363,18.733023,50.923546, Self-emp-not-inc, Some-college, Divorced, Other-service, Not-in-family, White, Male, United-States, <=50K
36.448147,173119.08,9.003573,113.91357,1730.7723,48.557587, Private, HS-grad, Married-civ-spouse, Craft-repair, Husband, White, Male, United-States, <=50K
67.2513,168656.42,9.027585,268.102,27.896925,40.317184, Private, HS-grad, Married-civ-spouse, Exec-managerial, Husband, White, Male, United-States, >50K
25.385984,263877.84,15.901281,9533.189,13.244306,46.437576, State-gov, Masters, Never-married, Prof-specialty, Not-in-family, White, Male, United-States, >50K
50.977535,51875.312,12.966832,-267.81793,4.9707537,46.065426, Private, Bachelors, Married-civ-spouse, Exec-managerial, Wife, White, Female, United-States, <=50K
33.83234,272268.9,9.101154,-234.61737,10.458219,50.143066, Private, HS-grad, Never-married, Sales, Own-child, White, Female, United-States, <=50K
50.02493,349496.84,12.299642,1314.4257,2299.5774,41.300205, Private, Assoc-acdm, Never-married, Exec-managerial, Not-in-family, White, Female, United-States, >50K
36.023808,266216.22,4.3504357,-168.6607,0.789487,57.75929, Private, HS-grad, Separated, Other-service, Not-in-family, White, Female, United-States, <=50K
36.94232,96577.65,15.107035,936.81506,4.158757,44.068047, Private, Bachelors, Never-married, Prof-specialty, Not-in-family, White, Female, United-States, <=50K
34.65005,160552.9,8.922514,14.999325,5.5959063,44.858063, Private, HS-grad, Married-civ-spouse, Other-service, Husband, White, Male, United-States, >50K
52.640797,12662.376,13.001915,5897.483,25.371363,35.63604, Self-emp-not-inc, Bachelors, Married-civ-spouse, Prof-specialty, Wife, White, Female, United-States, >50K
42.45406,152613.86,12.925631,9780.664,21.579466,65.11993, Private, Bachelors, Married-civ-spouse, Exec-managerial, Husband, White, Male, United-States, >50K
38.33071,465554.8,12.226851,169.34387,20.803923,39.4595, Private, Assoc-voc, Never-married, Prof-specialty, Not-in-family, White, Male, United-States, <=50K
17.85838,90035.914,9.966791,-58.769474,-31.325472,31.719051, Private, Some-college, Never-married, Machine-op-inspct, Other-relative, White, Female, United-States, <=50K
22.222485,102042.27,10.003117,505.7481,-7.2533216,33.197414, Private, Some-college, Never-married, Adm-clerical, Own-child, White, Female, United-States, <=50K
37.359444,177768.92,9.197093,23.40887,1410.7966,53.64935, Private, HS-grad, Married-civ-spouse, Prof-specialty, Husband, White, Male, United-States, <=50K
56.945175,96674.18,10.04308,389.2503,26.664122,44.541393, Private, Some-college, Married-civ-spouse, Craft-repair, Husband, White, Male, United-States, >50K
19.328476,179524.62,9.896795,243.15369,-11.900966,37.61311, Private, Some-college, Never-married, Other-service, Unmarried, White, Female, United-States, <=50K
28.858192,88517.89,12.997282,229.12134,-29.856684,51.544304, Private, Bachelors, Never-married, Craft-repair, Unmarried, White, Female, United-States, <=50K
23.055445,259624.5,8.758521,-280.62067,0.47786438,38.76505, Private, Some-college, Married-civ-spouse, Adm-clerical, Husband, White, Male, United-States, <=50K
53.694973,236908.94,9.804439,489.6986,-14.821216,35.61515, Private, Some-college, Divorced, Prof-specialty, Unmarried, White, Female, United-States, <=50K
55.011906,-45137.72,9.162561,-380.30145,-9.615268,50.069477, Private, HS-grad, Divorced, Other-service, Unmarried, White, Female, United-States, >50K
51.05851,87071.16,13.033421,-302.95514,-24.868135,37.066463, Local-gov, Bachelors, Never-married, Other-service, Not-in-family, White, Male, United-States, <=50K
51.61436,162710.33,8.936472,-65.8675,-5.853183,34.427902, Private, HS-grad, Never-married, Transport-moving, Unmarried, White, Female, United-States, <=50K
29.796848,209295.53,8.994286,-299.46906,4.13107,38.881676, Private, HS-grad, Married-civ-spouse, Other-service, Husband, White, Male, United-States, <=50K
25.316427,314211.25,12.899486,460.07587,-13.014651,49.26893, Private, Bachelors, Never-married, Other-service, Not-in-family, White, Male, United-States, <=50K
22.752695,251279.66,7.20947,471.28668,-20.274569,39.184578, Private, 11th, Never-married, Other-service, Own-child, White, Male, United-States, <=50K
42.339146,213497.88,11.002133,227.69153,26.817575,45.56653, Private, Assoc-voc, Married-civ-spouse, Craft-repair, Husband, White, Male, United-States, >50K
26.402227,419398.47,11.90397,-291.16132,7.1542406,37.3332, Private, Bachelors, Married-civ-spouse, Other-service, Husband, White, Male, United-States, <=50K
57.97521,46168.938,7.2615595,342.78436,-12.201449,39.520077, Private, 12th, Married-civ-spouse, Sales, Husband, White, Male, United-States, >50K
38.79872,152776.3,10.942575,-447.30206,1.3251315,40.19345, Private, Assoc-voc, Never-married, Craft-repair, Not-in-family, White, Male, United-States, <=50K
43.98452,56004.516,11.919564,-33.291203,45.66216,70.497696, Private, Assoc-acdm, Divorced, Sales, Unmarried, White, Female, United-States, <=50K
49.74839,179188.7,14.297168,225.26288,0.5410358,71.765465, Private, Masters, Never-married, Prof-specialty, Not-in-family, White, Male, United-States, <=50K
29.626957,292926.75,4.496545,227.55182,7.2664537,45.8359, Private, 10th, Never-married, Machine-op-inspct, Own-child, White, Male, United-States, <=50K
36.553787,50107.938,12.661594,1199.3075,29.232203,41.969166, Private, Bachelors, Married-civ-spouse, Exec-managerial, Husband, White, Male, United-States, >50K
28.83665,169006.28,10.161667,328.90497,7.856618,61.15436, Private, Some-college, Separated, Other-service, Unmarried, White, Female, United-States, <=50K
28.580095,128612.82,12.667819,-347.34003,6.99767,30.689785, State-gov, Assoc-acdm, Never-married, Adm-clerical, Not-in-family, White, Female, United-States, <=50K
16.630747,230317.11,8.94569,-476.0307,-17.240992,39.728813, Private, HS-grad, Separated, Handlers-cleaners, Own-child, White, Male, United-States, <=50K
33.528206,136135.19,9.017412,-72.79389,9.667256,42.488598, Private, HS-grad, Never-married, Sales, Not-in-family, White, Female, United-States, <=50K
56.785847,228742.23,9.040662,1524.59,2.2831392,34.98344, Private, HS-grad, Married-civ-spouse, Sales, Wife, White, Female, United-States, <=50K
49.850143,60098.266,9.088433,169.30408,7.9671144,41.703827, Self-emp-not-inc, HS-grad, Married-civ-spouse, Machine-op-inspct, Husband, White, Male, United-States, <=50K
26.34777,461825.75,12.967579,134.31458,-14.308009,29.473726, Private, Bachelors, Never-married, Transport-moving, Not-in-family, White, Male, United-States, <=50K
22.857876,433497.97,5.2031126,-76.86408,4.4088182,50.634056, Private, HS-grad, Separated, Handlers-cleaners, Unmarried, White, Female, United-States, <=50K
53.75425,477189.88,9.775523,292.96472,-2.073184,35.992508, State-gov, Some-college, Divorced, Prof-specialty, Not-in-family, White, Male, United-States, <=50K
56.987587,313263.44,12.788431,-551.85406,1663.7704,27.519844, Local-gov, Bachelors, Widowed, Prof-specialty, Not-in-family, White, Female, United-States, <=50K
21.037827,374613.7,8.998902,14.933529,-24.068094,38.269512, Private, HS-grad, Never-married, Machine-op-inspct, Other-relative, White, Female, United-States, <=50K
29.254158,143196.61,9.119279,361.464,-11.273967,38.33843, Local-gov, HS-grad, Separated, Priv-house-serv, Not-in-family, White, Male, United-States, <=50K
42.05006,182062.12,9.930798,107.37176,11.490781,34.16884, Private, Some-college, Married-civ-spouse, Exec-managerial, Husband, White, Male, United-States, <=50K
16.75409,203528.25,7.570516,465.59064,-9.910159,60.842113, Private, Some-college, Never-married, Craft-repair, Unmarried, White, Male, United-States, <=50K
24.075596,240612.72,9.925279,-327.331,0.33777344,12.582523, Private, Some-college, Never-married, Adm-clerical, Own-child, White, Female, United-States, <=50K
33.30944,159644.58,8.88612,10484.656,16.755026,51.59506, Private, HS-grad, Married-civ-spouse, Craft-repair, Husband, White, Male, United-States, <=50K
44.58224,106400.24,13.868019,17.2066,33.581783,63.620514, Private, Masters, Married-civ-spouse, Sales, Husband, White, Male, United-States, >50K
76.07551,261135.62,13.064313,1137.3657,27.720846,42.805, Private, Bachelors, Married-civ-spouse, Prof-specialty, Husband, White, Male, United-States, >50K
57.20182,253904.11,9.852161,-408.8034,-13.185847,48.06306, Private, Some-college, Divorced, Other-service, Other-relative, White, Female, United-States, <=50K
28.848087,218222.72,10.677444,310.69348,7.3810396,38.83224, Private, Assoc-voc, Married-civ-spouse, Craft-repair, Husband, White, Male, United-States, <=50K
31.047949,247138.19,10.998095,254.86151,-1.415347,43.785763, State-gov, Assoc-voc, Never-married, Prof-specialty, Not-in-family, White, Female, United-States, <=50K
39.83162,61590.0,9.075415,2949.8074,3.7197542,51.389153, State-gov, HS-grad, Married-civ-spouse, Prof-specialty, Husband, White, Male, United-States, >50K
45.69472,85333.66,8.873975,-505.5893,6.9582644,43.480537, State-gov, HS-grad, Divorced, Protective-serv, Not-in-family, White, Female, United-States, <=50K
39.651722,111646.81,10.709304,123.23406,-12.2645445,58.495598, Private, Assoc-voc, Divorced, Craft-repair, Unmarried, White, Male, United-States, <=50K
36.94157,133189.64,9.048775,811.5287,-23.951693,41.351536, Private, HS-grad, Never-married, Machine-op-inspct, Not-in-family, White, Male, United-States, <=50K
52.828793,106358.03,9.023923,-820.7221,-8.764705,59.253433, Private, HS-grad, Married-civ-spouse, Craft-repair, Husband, White, Male, United-States, <=50K
26.978197,135420.3,9.70004,-523.43427,-32.230434,45.22747, Private, HS-grad, Married-civ-spouse, Tech-support, Husband, White, Male, United-States, <=50K
75.26082,140804.84,8.878616,-464.30695,-19.983072,3.6411607, Private, HS-grad, Married-civ-spouse, Other-service, Husband, White, Male, United-States, <=50K
50.990166,227877.61,9.9642515,-541.84686,31.237967,43.25712, State-gov, Some-college, Married-civ-spouse, Craft-repair, Husband, White, Male, United-States, <=50K
20.963919,149084.62,8.954918,-39.42243,-25.684153,20.542595, Self-emp-not-inc, HS-grad, Never-married, Other-service, Own-child, White, Male, United-States, <=50K
23.51529,130642.72,12.589906,-493.95355,153.57034,33.286777, ?, Assoc-acdm, Never-married, ?, Own-child, White, Male, United-States, <=50K
36.97299,240833.05,9.148369,-1067.0754,-27.430223,69.75495, Private, HS-grad, Married-civ-spouse, Machine-op-inspct, Other-relative, White, Female, United-States, >50K
32.2588,-17173.953,12.894951,-110.22944,14.7888,64.54003, Private, Bachelors, Married-civ-spouse, Prof-specialty, Husband, White, Male, United-States, <=50K
38.30229,47718.688,9.260447,2321.4236,9.974408,41.85329, Private, HS-grad, Married-civ-spouse, Exec-managerial, Husband, White, Male, United-States, >50K
42.325764,157461.19,10.003997,354.3504,27.943457,41.056965, Private, Some-college, Married-civ-spouse, Adm-clerical, Husband, White, Male, United-States, >50K
33.28068,44182.125,10.831724,67.04723,19.110518,63.584095, Private, Assoc-voc, Married-civ-spouse, Sales, Husband, White, Male, United-States, >50K
56.07662,136909.03,9.835323,267.39014,1522.839,45.383568, Private, Some-college, Married-civ-spouse, Transport-moving, Husband, White, Male, United-States, >50K
27.453568,201497.9,8.99207,20.968685,-25.976274,38.18909, Private, HS-grad, Never-married, Machine-op-inspct, Own-child, White, Male, United-States, <=50K
41.191097,253337.73,12.956719,-236.37836,-0.8846921,42.091278, Private, Bachelors, Married-civ-spouse, Prof-specialty, Husband, White, Male, United-States, <=50K
25.61381,140428.1,6.56661,-35.15436,0.24994384,47.071545, Private, 11th, Divorced, Other-service, Own-child, White, Female, United-States, <=50K
22.751446,177719.95,10.721337,-343.31134,-12.810557,29.521103, Private, Assoc-voc, Never-married, Other-service, Own-child, White, Male, United-States, <=50K
44.422886,176334.17,12.854367,-272.27094,25.179937,31.82322, State-gov, Masters, Never-married, Prof-specialty, Not-in-family, White, Male, United-States, <=50K
31.413088,165303.94,9.309106,7.1849937,1100.4462,43.69906, State-gov, HS-grad, Never-married, Prof-specialty, Unmarried, White, Female, United-States, <=50K
33.452282,95567.3,12.933874,151.8017,-5.67303,35.77457, Private, Bachelors, Married-civ-spouse, Sales, Husband, White, Male, United-States, <=50K
30.661406,88070.336,9.908852,-142.05438,-20.037142,37.56584, Private, Some-college, Never-married, Prof-specialty, Own-child, White, Female, United-States, <=50K
25.418242,38124.375,12.937445,74.78155,-5.6051435,46.356747, Private, Bachelors, Never-married, Craft-repair, Not-in-family, White, Male, United-States, <=50K
26.53543,86363.95,9.951275,24.008724,13.612584,52.855286, Private, Some-college, Married-civ-spouse, Other-service, Husband, White, Male, United-States, <=50K
46.868664,434940.5,10.955802,11430.721,47.62018,62.530155, Private, Assoc-voc, Married-civ-spouse, Craft-repair, Husband, White, Male, United-States, <=50K
33.798546,145820.73,9.916959,-58.720768,-5.640689,43.09971, Private, Some-college, Divorced, Craft-repair, Not-in-family, White, Male, United-States, <=50K
41.698574,100760.9,8.99642,-260.31012,-1.0552624,39.081387, Private, HS-grad, Never-married, Sales, Not-in-family, White, Female, United-States, <=50K
28.86593,175712.5,9.016784,6.398617,-30.79323,37.25022, Private, HS-grad, Never-married, Machine-op-inspct, Husband, White, Female, United-States, <=50K
33.622402,108766.58,9.056746,-185.88605,-27.43603,46.77997, Private, HS-grad, Never-married, Machine-op-inspct, Own-child, White, Female, United-States, <=50K
36.640923,201587.3,8.93012,-43.31061,2108.984,63.793877, Private, HS-grad, Married-civ-spouse, Craft-repair, Husband, White, Male, United-States, >50K
19.385393,331880.8,9.908314,-244.4433,-12.71667,17.373375, Private, Some-college, Never-married, Sales, Own-child, White, Male, United-States, <=50K
38.745644,76077.81,9.070484,-153.86163,4.6291094,39.683296, Private, HS-grad, Married-civ-spouse, Craft-repair, Husband, White, Male, United-States, >50K
23.144613,390289.97,8.935263,120.35015,-16.020144,41.472088, Private, HS-grad, Never-married, Other-service, Not-in-family, White, Male, United-States, <=50K
43.090538,248628.86,11.024818,-249.86456,-25.088953,48.560455, Private, Assoc-voc, Divorced, Craft-repair, Unmarried, White, Female, United-States, <=50K
51.18309,289350.5,9.152788,690.1672,-42.6284,35.941444, Private, HS-grad, Separated, Machine-op-inspct, Not-in-family, White, Male, United-States, <=50K
36.40104,196625.25,6.3229904,70.23614,-13.401782,40.198654, Private, 10th, Never-married, Craft-repair, Unmarried, White, Female, United-States, <=50K
62.34796,291529.06,3.109552,-59.43146,3.282094,37.9131, Private, HS-grad, Married-civ-spouse, Other-service, Husband, White, Male, United-States, >50K
52.82627,196034.38,12.811556,28209.156,37.266724,41.602333, Self-emp-not-inc, Bachelors, Married-civ-spouse, Prof-specialty, Husband, White, Male, United-States, >50K
52.87704,98624.766,8.987532,-406.9572,-24.293848,45.328293, Private, HS-grad, Divorced, Other-service, Not-in-family, White, Female, United-States, <=50K
55.088806,71036.02,12.071505,-215.95087,11.967023,12.187529, Private, Assoc-acdm, Divorced, Sales, Not-in-family, White, Female, United-States, <=50K
27.772177,253700.66,10.707372,133.6239,5.033101,23.797739, Private, Assoc-voc, Never-married, Adm-clerical, Own-child, White, Male, United-States, <=50K
49.02014,97128.47,9.053667,-104.89533,-16.596964,21.750956, Private, HS-grad, Married-civ-spouse, Exec-managerial, Husband, White, Male, United-States, >50K
35.443245,157356.12,9.03835,-33.00031,-0.6303586,40.42581, Self-emp-not-inc, HS-grad, Married-civ-spouse, Sales, Husband, White, Male, United-States, <=50K
44.449356,237458.23,11.018999,-888.0833,43.406376,41.24078, Federal-gov, Assoc-voc, Married-civ-spouse, Craft-repair, Husband, White, Male, United-States, >50K
49.20467,197796.69,11.057468,-845.8167,26.613237,43.655224, Private, Assoc-voc, Divorced, Adm-clerical, Not-in-family, White, Female, United-States, <=50K
44.535706,140477.52,12.981184,-183.85663,-0.12005128,32.89968, Private, Bachelors, Married-civ-spouse, Exec-managerial, Husband, White, Male, United-States, >50K
57.569496,107813.65,9.5461645,121.8424,13.699437,49.858246, Private, HS-grad, Married-civ-spouse, Craft-repair, Husband, White, Male, United-States, >50K
31.184204,86647.04,9.000084,4771.3394,0.2859317,40.41652, Private, HS-grad, Married-civ-spouse, Craft-repair, Husband, White, Male, United-States, <=50K
43.321056,240787.45,9.049278,-166.29462,2.922635,43.654392, Private, HS-grad, Married-civ-spouse, Craft-repair, Husband, White, Male, United-States, <=50K
63.88042,133356.7,9.772828,2817.0347,-8.519832,29.615215, Private, Some-college, Divorced, Handlers-cleaners, Not-in-family, White, Female, United-States, <=50K
57.506832,183051.56,9.082935,100.14507,12.937963,42.21303, ?, HS-grad, Married-civ-spouse, ?, Husband, White, Male, United-States, <=50K
29.08511,125141.79,9.96964,162.76929,-4.185748,42.66325, Private, Some-college, Married-civ-spouse, Sales, Husband, White, Male, United-States, <=50K
26.484447,140938.47,12.027845,1244.5842,4.8068743,56.90859, Private, Assoc-acdm, Never-married, Other-service, Not-in-family, White, Male, United-States, >50K
32.415966,229106.7,9.428353,240.13544,-17.13878,53.058563, Private, HS-grad, Never-married, Craft-repair, Unmarried, White, Male, United-States, <=50K
44.166935,66094.71,9.096284,-394.90692,-9.416316,34.62389, Private, HS-grad, Divorced, Exec-managerial, Not-in-family, White, Female, United-States, <=50K
25.452938,328607.34,9.004453,-106.88447,0.35387146,39.6168, Private, HS-grad, Never-married, Craft-repair, Not-in-family, White, Male, United-States, <=50K
48.272995,106353.914,9.886509,648.81305,30.04783,31.113054, Private, HS-grad, Divorced, Sales, Not-in-family, White, Female, United-States, <=50K
60.0823,129419.34,9.9597435,-54.20502,18.378973,59.055904, Private, Some-college, Married-civ-spouse, Sales, Husband, White, Male, United-States, <=50K
46.501442,76558.62,5.1039357,263.2218,-27.544847,34.504913, Private, 12th, Married-civ-spouse, Other-service, Husband, White, Male, United-States, <=50K
30.671738,67087.77,5.824434,-196.90607,-22.017626,41.40993, Private, 12th, Married-civ-spouse, Machine-op-inspct, Other-relative, White, Male, United-States, <=50K
24.693132,231916.05,9.026868,18.917416,-15.865108,30.481306, Private, HS-grad, Never-married, Other-service, Unmarried, White, Female, United-States, <=50K
61.239677,100670.516,14.176995,-232.89032,8.354093,16.502733, ?, Masters, Married-civ-spouse, ?, Husband, White, Male, United-States, <=50K
27.47887,123392.44,9.074881,373.8443,-8.822734,37.273777, State-gov, HS-grad, Never-married, Craft-repair, Not-in-family, White, Female, United-States, <=50K
41.501476,215786.9,12.826316,-183.17242,3.4676561,32.785824, Self-emp-not-inc, Bachelors, Never-married, Craft-repair, Not-in-family, White, Male, United-States, <=50K
46.370987,170400.31,13.103519,714.8236,19.992308,29.792921, Private, Bachelors, Married-civ-spouse, Exec-managerial, Husband, White, Male, United-States, >50K
26.57255,436945.6,8.921839,248.8482,-15.370959,34.928032, Private, HS-grad, Never-married, Craft-repair, Own-child, White, Male, United-States, <=50K
58.69175,154046.42,10.89209,-647.65924,2.0810747,41.07313, Private, Assoc-voc, Married-spouse-absent, Machine-op-inspct, Not-in-family, White, Female, United-States, <=50K
54.715115,164252.1,10.035004,278.96332,0.44946778,36.70503, Federal-gov, Some-college, Divorced, Adm-clerical, Not-in-family, White, Male, United-States, <=50K
27.578812,43253.797,10.013755,364.0279,16.135244,53.06842, ?, Some-college, Married-civ-spouse, ?, Husband, White, Male, United-States, <=50K
50.76137,219591.25,11.853887,-699.2408,20.861853,23.16632, Federal-gov, Assoc-acdm, Married-civ-spouse, Exec-managerial, Husband, White, Male, United-States, >50K
48.20454,583586.7,12.902957,52.658504,33.608467,46.239956, Self-emp-not-inc, Bachelors, Married-civ-spouse, Sales, Husband, White, Male, United-States, >50K
48.494724,279436.1,12.995038,2405.2957,9.978917,55.187366, Private, Bachelors, Divorced, Prof-specialty, Not-in-family, White, Female, United-States, >50K
39.646263,158602.81,8.832807,123.877556,5.111844,38.388344, Self-emp-not-inc, HS-grad, Never-married, Transport-moving, Not-in-family, White, Male, United-States, <=50K
49.332657,280299.12,3.7594452,551.4146,3.2089891,49.548576, Self-emp-inc, Some-college, Widowed, Exec-managerial, Unmarried, White, Male, United-States, <=50K
25.152714,346926.25,9.875281,179.83667,0.839635,23.61371, Private, Some-college, Married-civ-spouse, Machine-op-inspct, Husband, White, Male, United-States, <=50K
61.166912,-15569.28,13.150795,-1782.4387,27.22397,34.680447, Local-gov, Bachelors, Married-civ-spouse, Adm-clerical, Husband, White, Male, United-States, >50K
43.227398,81248.72,16.04095,-2306.3984,13.438008,38.56781, Federal-gov, Masters, Married-civ-spouse, Prof-specialty, Husband, White, Male, United-States, >50K
23.44918,442126.53,8.530973,-44.805607,-22.732706,26.7947, Private, Some-college, Never-married, Other-service, Own-child, White, Male, United-States, <=50K
42.459156,74111.76,10.019809,734.064,15.506253,36.760128, ?, Some-college, Married-civ-spouse, ?, Husband, White, Male, United-States, >50K
39.82884,188795.95,11.643545,-885.1158,20.317251,40.89636, Federal-gov, Assoc-acdm, Married-civ-spouse, Adm-clerical, Husband, White, Male, United-States, >50K
45.864407,781689.75,11.064008,491.21588,5.644437,42.32339, Private, Assoc-voc, Married-civ-spouse, Other-service, Husband, White, Male, United-States, <=50K
49.400887,126898.31,8.952829,61.78143,-32.993732,45.6932, Private, HS-grad, Never-married, Machine-op-inspct, Other-relative, White, Female, United-States, <=50K
59.253094,120903.25,9.012032,555.4955,-13.464053,46.86922, Private, HS-grad, Divorced, Exec-managerial, Unmarried, White, Male, United-States, <=50K
39.232822,219153.5,9.024525,-21.285587,-13.568149,29.04185, Private, HS-grad, Married-civ-spouse, Transport-moving, Husband, White, Male, United-States, <=50K
29.144987,182358.4,10.917183,230.6065,0.51644623,30.98828, Private, Assoc-voc, Never-married, Handlers-cleaners, Own-child, White, Male, United-States, <=50K
29.009268,185153.23,9.0540695,-238.2027,-25.558931,45.544487, Private, HS-grad, Never-married, Craft-repair, Own-child, White, Male, United-States, <=50K
40.506416,99904.22,9.037554,-478.02997,-3.4756422,36.00672, ?, HS-grad, Divorced, ?, Not-in-family, White, Male, United-States, <=50K
46.698875,77700.04,4.3662515,-18.124088,-5.2359877,45.590034, Federal-gov, Some-college, Married-civ-spouse, Craft-repair, Husband, White, Male, United-States, <=50K
53.680504,119458.36,9.022079,223.45404,17.753752,45.27774, ?, HS-grad, Married-civ-spouse, ?, Husband, White, Male, United-States, >50K
85.62007,179408.53,9.844515,266.98718,24.46472,32.799324, ?, Some-college, Divorced, ?, Not-in-family, White, Female, United-States, <=50K
48.570984,171738.75,12.969785,1204.1936,15.062047,53.07913, Private, Bachelors, Married-civ-spouse, Exec-managerial, Husband, White, Male, United-States, >50K
26.350214,97088.43,10.864022,692.3093,1698.3529,47.632328, Private, Some-college, Never-married, Prof-specialty, Own-child, White, Female, United-States, <=50K
24.279446,281920.66,8.472322,-246.34637,-20.834879,40.97697, Private, HS-grad, Never-married, Adm-clerical, Own-child, White, Male, United-States, <=50K
47.798424,159268.8,9.032691,5954.7837,19.873869,40.261814, Private, HS-grad, Married-civ-spouse, Craft-repair, Husband, White, Male, United-States, <=50K
40.478745,97799.77,13.079499,-190.33002,-42.46313,45.06669, Private, Bachelors, Never-married, Craft-repair, Own-child, White, Female, United-States, <=50K
41.191025,61520.367,12.992809,163.19623,13.859052,42.366394, Private, Bachelors, Married-civ-spouse, Adm-clerical, Husband, White, Male, United-States, >50K
36.07636,167764.36,5.611089,-140.35236,-11.7336,39.35763, Private, 12th, Never-married, Adm-clerical, Not-in-family, White, Female, United-States, <=50K
65.70222,100959.234,9.970216,607.95526,15.584622,42.612446, Local-gov, Some-college, Married-civ-spouse, Protective-serv, Husband, White, Male, United-States, <=50K
60.387638,206014.19,3.9962468,55.015682,-9.142352,40.697872, Private, 12th, Divorced, Other-service, Not-in-family, White, Female, United-States, <=50K
47.95533,104370.17,9.05234,6927.66,-26.04294,31.472818, Local-gov, HS-grad, Never-married, Tech-support, Not-in-family, White, Male, United-States, <=50K
41.96959,196144.12,9.232838,13916.359,13.930188,40.888344, Private, HS-grad, Married-civ-spouse, Exec-managerial, Husband, White, Male, United-States, <=50K
38.035206,441095.78,15.318206,85.945915,15.81281,39.562134, Private, Bachelors, Married-civ-spouse, Prof-specialty, Husband, White, Male, United-States, >50K
23.079498,150070.25,11.054152,125.04888,3.5275087,39.770535, Private, Assoc-voc, Never-married, Exec-managerial, Not-in-family, White, Female, United-States, <=50K
29.444544,120013.445,9.95301,-100.614204,18.82813,27.598492, Self-emp-not-inc, Some-college, Married-civ-spouse, Adm-clerical, Husband, White, Male, United-States, <=50K
22.807047,149234.38,8.770989,443.91077,-30.227816,44.18966, Private, HS-grad, Never-married, Exec-managerial, Other-relative, White, Male, United-States, <=50K
35.905552,189990.16,9.969572,-87.38764,0.66348755,37.857475, Private, Some-college, Married-civ-spouse, Tech-support, Husband, White, Male, United-States, <=50K
58.799095,48897.047,7.9231806,-152.73529,4.9897814,50.31823, Self-emp-inc, 12th, Married-civ-spouse, Sales, Husband, White, Male, United-States, >50K
35.929554,181937.56,14.11327,7825.9775,15.499043,43.902706, Private, Bachelors, Married-civ-spouse, Prof-specialty, Husband, White, Male, United-States, >50K
58.820194,125754.58,12.999783,5894.775,24.587214,46.34972, Self-emp-inc, Bachelors, Married-civ-spouse, Farming-fishing, Husband, White, Male, United-States, <=50K
29.28846,198719.25,13.054654,284.00482,22.38069,65.05547, Private, Bachelors, Married-civ-spouse, Craft-repair, Husband, White, Male, United-States, <=50K
25.05025,196626.27,9.930301,-342.69598,7.919774,47.51715, Private, Some-college, Married-civ-spouse, Adm-clerical, Other-relative, White, Female, United-States, >50K
41.8059,328752.72,11.092441,200.50757,15.640248,46.69752, Private, Assoc-voc, Married-civ-spouse, Machine-op-inspct, Husband, White, Male, United-States, >50K
62.715797,239374.75,8.984628,-341.18292,44.09526,36.84152, State-gov, HS-grad, Married-civ-spouse, Other-service, Wife, White, Female, United-States, >50K
38.555244,247409.52,8.996634,168.94147,-0.081438914,42.508293, Private, HS-grad, Married-civ-spouse, Sales, Husband, White, Male, United-States, <=50K
41.507427,66009.734,6.2400947,-959.6977,16.446325,31.809732, Private, 10th, Never-married, Craft-repair, Not-in-family, White, Male, United-States, <=50K
39.869934,160111.22,10.488442,-355.03082,37.465538,48.152515, Self-emp-inc, Assoc-voc, Divorced, Exec-managerial, Not-in-family, White, Male, United-States, >50K
30.99593,110161.6,9.955131,296.3167,25.933668,40.966965, Private, Some-college, Married-civ-spouse, Craft-repair, Husband, White, Male, United-States, >50K
48.338398,57395.016,9.200347,-681.87445,1574.9824,43.43694, Private, HS-grad, Widowed, Other-service, Not-in-family, White, Male, United-States, <=50K
37.09095,177166.3,13.0243635,472.93127,8.06413,40.77515, Private, Bachelors, Married-civ-spouse, Exec-managerial, Husband, White, Male, United-States, <=50K
46.37442,123071.76,13.130923,-246.58575,27.910189,37.01089, Self-emp-not-inc, Bachelors, Married-civ-spouse, Prof-specialty, Husband, White, Male, United-States, >50K
33.240784,66124.41,13.787351,8621.988,42.501156,49.025784, Private, Masters, Married-civ-spouse, Prof-specialty, Wife, White, Female, United-States, >50K
41.773117,30182.516,9.926883,291.59515,15.040959,49.575806, Private, Some-college, Divorced, Adm-clerical, Unmarried, White, Male, United-States, <=50K
34.637127,127608.24,12.964122,1103.7136,-8.707683,45.61402, Private, Bachelors, Never-married, Prof-specialty, Not-in-family, White, Male, United-States, <=50K
23.343895,180086.83,12.871082,-79.6955,-11.495044,42.072, Private, Bachelors, Never-married, Prof-specialty, Own-child, White, Male, United-States, <=50K
43.07783,244959.66,12.400402,791.04504,29.119543,49.3399, Local-gov, Assoc-voc, Divorced, Prof-specialty, Own-child, White, Female, United-States, <=50K
18.852041,405152.1,8.856187,-15.566105,-1.4037884,32.232906, Private, HS-grad, Never-married, Craft-repair, Own-child, White, Female, United-States, <=50K
50.99447,151031.86,13.380537,828.73785,28.610395,56.541927, Private, Bachelors, Divorced, Sales, Not-in-family, White, Male, United-States, <=50K
21.723713,339207.28,9.917911,136.71234,-17.450235,34.156044, Private, Some-college, Never-married, Sales, Not-in-family, White, Female, United-States, <=50K
43.157127,66841.25,8.812584,-225.53094,9.823712,37.06995, Self-emp-inc, HS-grad, Never-married, Exec-managerial, Own-child, White, Female, United-States, <=50K
47.462955,125891.16,12.973161,-502.84845,-4.987033,65.79692, Private, Bachelors, Never-married, Prof-specialty, Not-in-family, White, Male, United-States, <=50K
23.209267,119559.48,12.945914,295.94946,12.638173,46.49669, Self-emp-not-inc, Bachelors, Separated, Exec-managerial, Not-in-family, White, Female, United-States, <=50K
43.83355,53930.11,13.218202,-152.67377,-4.782214,48.82201, Private, Bachelors, Married-civ-spouse, Farming-fishing, Husband, White, Male, United-States, <=50K
45.78664,98306.49,8.966582,-6.31818,-3.4402647,37.57671, Private, HS-grad, Married-civ-spouse, Protective-serv, Husband, White, Male, United-States, <=50K
46.272686,126609.91,4.514178,-114.127144,-2.3851194,37.453693, Private, 12th, Married-civ-spouse, Prof-specialty, Husband, White, Male, United-States, <=50K
25.56493,80206.25,13.088002,85.563896,19.984915,38.625122, Private, Bachelors, Separated, Handlers-cleaners, Own-child, White, Female, United-States, <=50K
58.500122,132276.73,12.8482275,-67.542915,20.239218,41.501274, Self-emp-not-inc, Masters, Married-civ-spouse, Exec-managerial, Husband, White, Male, United-States, >50K
21.629713,246087.88,1.3280659,313.81372,-40.089687,29.566402, State-gov, Some-college, Never-married, Craft-repair, Unmarried, White, Female, United-States, <=50K
27.581516,359434.97,13.03759,-88.6789,8.935407,36.45699, Private, Bachelors, Married-civ-spouse, Craft-repair, Husband, White, Male, United-States, >50K
51.5368,113429.08,9.051087,35.580013,2.3504534,36.02544, Private, HS-grad, Married-civ-spouse, Other-service, Wife, White, Female, United-States, <=50K
24.502779,107749.11,10.077562,-341.48822,-5.7138777,37.762352, Private, Some-college, Married-civ-spouse, Tech-support, Husband, White, Male, United-States, <=50K
24.87567,168563.84,10.0535555,214.48712,-4.35847,46.582275, Private, Some-college, Never-married, Machine-op-inspct, Own-child, White, Female, United-States, <=50K
43.94727,354767.6,9.061349,72.56689,13.641675,42.653698, Private, HS-grad, Married-civ-spouse, Craft-repair, Husband, White, Male, United-States, >50K
22.0924,399295.8,6.903283,648.9955,14.320012,49.316246, Self-emp-not-inc, 11th, Never-married, Craft-repair, Unmarried, White, Male, United-States, <=50K
33.383484,1657.7662,12.790551,-212.24847,5.782613,71.65028, Private, Bachelors, Married-civ-spouse, Prof-specialty, Husband, White, Male, United-States, >50K
30.723473,198871.48,10.897266,-4.7495766,26.449903,53.237724, Private, Assoc-voc, Married-civ-spouse, Prof-specialty, Husband, White, Male, United-States, >50K
36.370018,537021.06,8.835082,-671.241,13.931317,44.23766, State-gov, HS-grad, Divorced, Tech-support, Not-in-family, White, Male, United-States, <=50K
32.324783,93376.5,8.964235,10.090267,-5.6990767,42.434616, Private, HS-grad, Married-civ-spouse, Machine-op-inspct, Husband, White, Male, United-States, <=50K
59.011265,193747.55,9.014197,184.88678,-2.272029,44.423313, Private, HS-grad, Married-civ-spouse, Other-service, Husband, White, Male, United-States, <=50K
28.129604,123661.49,9.818192,-666.4871,-2.5432005,33.139328, Private, Some-college, Widowed, Craft-repair, Unmarried, White, Female, United-States, <=50K
47.05656,194075.25,12.994761,-636.35956,18.213629,46.377132, Private, Bachelors, Married-civ-spouse, Other-service, Husband, White, Male, United-States, <=50K
66.18587,141179.69,8.967048,-101.48408,166.2056,36.85125, Private, HS-grad, Married-civ-spouse, Transport-moving, Husband, White, Male, United-States, <=50K
22.195633,5128.844,8.009682,-48.832096,-21.865099,52.922188, Private, 12th, Never-married, Transport-moving, Not-in-family, White, Male, United-States, <=50K
34.32911,131668.55,9.081481,-279.2708,9.770474,63.481476, Private, Some-college, Married-civ-spouse, Craft-repair, Husband, White, Male, United-States, <=50K
40.98416,159131.95,9.066796,509.62463,20.40685,52.551426, Private, HS-grad, Married-civ-spouse, Exec-managerial, Husband, White, Female, United-States, >50K
42.13974,223727.8,14.395288,-251.90094,2336.5984,70.83481, Private, Masters, Married-civ-spouse, Prof-specialty, Husband, White, Male, United-States, >50K
38.140312,148089.53,8.915417,-146.80682,-13.422572,60.808712, Private, HS-grad, Divorced, Other-service, Unmarried, White, Male, United-States, <=50K
48.262672,86389.66,12.761611,-1230.2341,35.442387,41.584072, Self-emp-not-inc, Bachelors, Widowed, Adm-clerical, Not-in-family, White, Female, United-States, <=50K
58.97738,197507.4,8.970118,426.8056,9.226087,50.846577, Private, HS-grad, Divorced, Exec-managerial, Not-in-family, White, Male, United-States, <=50K
26.264128,199798.83,8.9103,-65.57343,-3.2262297,37.74747, Private, HS-grad, Never-married, Transport-moving, Not-in-family, White, Male, United-States, <=50K
31.779007,101601.33,9.033367,-455.38055,-4.611911,23.860914, Private, HS-grad, Never-married, Adm-clerical, Not-in-family, White, Female, United-States, <=50K
56.43792,230713.72,9.072228,302.31232,4.862546,35.415527, Private, HS-grad, Married-civ-spouse, Exec-managerial, Husband, White, Male, United-States, <=50K
62.5703,439656.75,10.743279,-901.8475,8.010205,43.43934, Private, HS-grad, Widowed, Adm-clerical, Unmarried, White, Female, United-States, <=50K
32.02889,259738.77,12.861172,16617.266,1.3816348,43.239166, Private, Bachelors, Never-married, Exec-managerial, Not-in-family, White, Male, United-States, >50K
23.440235,255368.1,9.008713,72.520744,-21.747301,40.16079, Private, HS-grad, Never-married, Sales, Other-relative, White, Male, United-States, <=50K
31.541616,101565.625,13.029832,41.09747,21.208586,43.797558, Private, Bachelors, Married-civ-spouse, Exec-managerial, Husband, White, Male, United-States, >50K
36.451344,309911.62,8.98455,2045.1595,-2.2115889,36.46619, Private, HS-grad, Married-civ-spouse, Machine-op-inspct, Husband, White, Male, United-States, <=50K
67.82757,151931.84,9.986973,626.9343,18.446196,38.639732, Self-emp-not-inc, Some-college, Married-civ-spouse, Craft-repair, Husband, White, Male, United-States, <=50K
44.33091,175763.02,11.590385,-71.57636,14.784009,50.504963, Private, Bachelors, Divorced, Other-service, Not-in-family, White, Male, United-States, <=50K
19.789238,365677.4,9.7628975,-299.14178,876.1142,44.88348, Private, Some-college, Never-married, Sales, Own-child, White, Male, United-States, <=50K
23.162817,215971.42,9.994529,40.982296,9.0491,34.047848, ?, Some-college, Married-civ-spouse, ?, Husband, White, Male, United-States, <=50K
46.1928,147253.8,12.969328,-70.633,-21.600878,42.382416, State-gov, Bachelors, Never-married, Exec-managerial, Unmarried, White, Female, United-States, <=50K
26.434324,81204.336,7.1557317,109.254814,-26.912683,43.290188, Private, Some-college, Never-married, Adm-clerical, Not-in-family, White, Male, United-States, <=50K
51.635708,140266.45,8.900947,24.671932,-8.852641,28.245699, Private, HS-grad, Divorced, Transport-moving, Not-in-family, White, Male, United-States, <=50K
30.767536,225515.98,9.032081,243.69849,-9.7617445,36.180428, Private, HS-grad, Never-married, Craft-repair, Own-child, White, Male, United-States, <=50K
38.935123,503148.22,8.948576,-412.669,-28.513971,26.30939, ?, HS-grad, Never-married, ?, Own-child, White, Male, United-States, <=50K
40.129765,246167.84,8.959107,524.8179,-8.852908,48.638668, Private, HS-grad, Married-civ-spouse, Handlers-cleaners, Husband, White, Male, United-States, <=50K
41.495007,51680.86,10.060303,-742.4167,19.443357,34.525078, Private, Some-college, Widowed, Machine-op-inspct, Not-in-family, White, Female, United-States, <=50K
27.73468,208394.45,10.011363,-627.2181,19.09191,45.67322, Private, Some-college, Never-married, Sales, Own-child, White, Male, United-States, >50K
58.01361,60660.273,4.704391,1183.6572,12.9046755,42.002003, Private, HS-grad, Married-civ-spouse, Exec-managerial, Husband, White, Male, United-States, >50K
29.988522,160159.53,12.133116,387.83636,2.6597185,46.586864, Private, Assoc-acdm, Divorced, Craft-repair, Unmarried, White, Female, United-States, <=50K
23.054543,150371.6,9.9095125,-138.29608,5.02258,35.589123, Private, Some-college, Never-married, Exec-managerial, Own-child, White, Female, United-States, <=50K
47.57692,132082.14,7.271539,10.850643,26.08008,29.429451, Private, 11th, Married-civ-spouse, Prof-specialty, Husband, White, Male, United-States, <=50K
60.938786,209724.81,12.638278,1602.7546,-9.335757,5.070036, Private, Bachelors, Married-civ-spouse, Handlers-cleaners, Husband, White, Male, United-States, <=50K
22.56613,67444.234,8.960794,347.68286,-24.463533,35.955624, Private, HS-grad, Never-married, Other-service, Not-in-family, White, Female, United-States, <=50K
27.577349,85659.71,10.020243,16.682308,-13.674609,24.038641, State-gov, Some-college, Never-married, Adm-clerical, Own-child, White, Female, United-States, <=50K
41.726345,334279.78,9.03912,-20.775822,24.53081,51.02927, Self-emp-not-inc, HS-grad, Separated, Sales, Unmarried, White, Female, United-States, <=50K
29.825377,46486.72,4.103756,77.09594,-5.348178,41.194588, Private, Some-college, Divorced, Handlers-cleaners, Not-in-family, White, Male, United-States, <=50K
17.715551,250958.42,3.7621717,252.52716,-16.724375,13.151018, Private, 12th, Never-married, Other-service, Own-child, White, Female, United-States, <=50K
27.097052,84269.96,13.883958,36757.38,23.62784,40.43368, Private, Masters, Married-civ-spouse, Prof-specialty, Husband, White, Male, United-States, >50K
39.731033,101708.03,11.952335,-271.05707,17.676764,53.584606, Private, Assoc-acdm, Married-civ-spouse, Transport-moving, Husband, White, Male, United-States, <=50K
59.336124,131454.19,9.865172,-297.8686,14.915578,0.4701823, Private, Some-college, Divorced, Adm-clerical, Not-in-family, White, Female, United-States, <=50K
21.655596,33442.58,9.903364,87.40911,-25.73147,35.510315, Private, Some-college, Never-married, Handlers-cleaners, Own-child, White, Male, United-States, <=50K
43.408215,112326.85,11.021674,8.313778,15.952466,42.434742, State-gov, Assoc-voc, Married-civ-spouse, Other-service, Husband, White, Male, United-States, <=50K
19.91377,181914.58,8.2457485,176.44977,-7.018756,33.54252, Private, 12th, Married-civ-spouse, Sales, Husband, White, Male, United-States, <=50K
45.130302,137442.1,15.183323,88.869804,7.8250704,46.369873, Private, Masters, Divorced, Prof-specialty, Not-in-family, White, Female, United-States, <=50K
29.697872,71519.42,10.99436,-74.96247,-1.1501492,37.77336, Private, HS-grad, Divorced, Adm-clerical, Unmarried, White, Female, United-States, <=50K
41.44528,292300.2,9.889996,1793.8029,-3.5789824,56.543056, Private, Some-college, Married-civ-spouse, Transport-moving, Husband, White, Male, United-States, <=50K
26.350817,74252.195,9.98247,322.50787,2.8318377,31.531301, Self-emp-not-inc, Some-college, Never-married, Sales, Own-child, White, Female, United-States, >50K
37.311493,101811.055,12.8904,13038.87,-9.489085,47.801163, Private, Bachelors, Never-married, Exec-managerial, Unmarried, White, Female, United-States, >50K
40.23603,190448.84,13.029347,222.53735,14.526639,45.462055, Private, Bachelors, Married-civ-spouse, Machine-op-inspct, Husband, White, Male, United-States, >50K
44.353004,458950.84,9.080167,614.529,26.115515,43.423294, Private, HS-grad, Married-civ-spouse, Sales, Husband, White, Male, United-States, >50K
59.355602,248102.08,14.303797,-502.50055,21.06352,37.31977, Self-emp-not-inc, Masters, Married-spouse-absent, Adm-clerical, Not-in-family, White, Male, United-States, <=50K
35.330257,338217.1,10.014178,-610.5466,15.555417,43.002758, Private, Some-college, Divorced, Prof-specialty, Not-in-family, White, Female, United-States, <=50K
52.141293,207694.78,8.832862,202.93958,15.615415,50.460804, Private, 12th, Married-civ-spouse, Craft-repair, Husband, White, Male, United-States, >50K
40.76081,441147.56,9.912632,-21.915714,32.241398,41.05487, Private, Some-college, Married-civ-spouse, Exec-managerial, Wife, White, Female, United-States, >50K
30.831654,87808.6,9.09697,33.28552,-22.812616,48.9749, Private, HS-grad, Never-married, Machine-op-inspct, Own-child, White, Female, United-States, <=50K
38.076862,65689.4,12.052427,-55.518497,-1.5467709,40.48295, Private, Assoc-acdm, Married-civ-spouse, Sales, Husband, White, Male, United-States, <=50K
53.45295,21989.031,5.8715987,-334.2437,-7.229205,35.156624, Local-gov, 10th, Divorced, Machine-op-inspct, Unmarried, White, Female, United-States, <=50K
51.232483,137427.05,9.044085,349.3745,3.327115,38.233837, ?, HS-grad, Separated, ?, Unmarried, White, Female, United-States, <=50K
47.39896,176076.75,9.012027,-119.331,13.934545,44.717102, Private, HS-grad, Married-civ-spouse, Craft-repair, Husband, White, Male, United-States, <=50K
37.464375,211365.23,9.069995,-178.79547,-1.7524518,40.44809, Self-emp-not-inc, HS-grad, Married-civ-spouse, Craft-repair, Husband, White, Male, United-States, >50K
50.515026,140314.84,13.032267,43.849056,23.473028,33.975956, Private, Bachelors, Married-civ-spouse, Adm-clerical, Husband, White, Male, United-States, <=50K
27.000032,170587.33,9.936642,-79.311226,-5.7563276,46.868156, Private, Some-college, Never-married, Other-service, Not-in-family, White, Female, United-States, <=50K
20.8411,267795.62,8.991276,186.74854,-4.926524,37.849663, Private, HS-grad, Never-married, Craft-repair, Own-child, White, Male, United-States, <=50K
14.51698,141948.28,9.768191,-125.78657,669.4424,31.06843, ?, Some-college, Never-married, ?, Own-child, White, Female, United-States, <=50K
29.225086,482098.94,12.012397,-380.83295,6.7976274,46.504112, Private, Assoc-acdm, Divorced, Craft-repair, Not-in-family, White, Male, United-States, <=50K
55.199783,124339.41,9.016921,-36.123356,17.757093,50.279938, Self-emp-not-inc, HS-grad, Married-civ-spouse, Sales, Husband, White, Male, United-States, >50K
23.966558,159365.83,10.049833,223.09723,-0.7167157,47.647774, Local-gov, Some-college, Married-civ-spouse, Machine-op-inspct, Husband, White, Male, United-States, <=50K
22.788284,300146.56,9.078079,347.12433,-10.381236,39.153286, Federal-gov, HS-grad, Never-married, Adm-clerical, Own-child, White, Male, United-States, <=50K
44.98627,160628.72,9.878178,10616.66,35.203327,41.037373, Local-gov, Some-college, Divorced, Prof-specialty, Not-in-family, White, Female, United-States, >50K
34.90988,258372.25,11.108051,80.0523,-4.258586,41.84041, Private, Assoc-voc, Separated, Prof-specialty, Not-in-family, White, Male, United-States, <=50K
44.3116,218009.52,13.033057,-671.1993,-10.810481,21.459448, State-gov, Bachelors, Married-civ-spouse, Tech-support, Husband, White, Male, United-States, <=50K
44.42055,288813.12,9.976213,4.9863853,18.226217,49.5889, Private, Some-college, Married-civ-spouse, Prof-specialty, Husband, White, Male, United-States, <=50K
43.081535,124058.05,12.977008,-86.49946,-2.4418669,42.356003, Private, Bachelors, Divorced, Sales, Not-in-family, White, Male, United-States, <=50K
46.998478,197434.33,8.936326,97.864494,-10.032268,45.3378, Private, HS-grad, Divorced, Sales, Unmarried, White, Female, United-States, <=50K
21.707039,333793.03,8.774273,-408.47162,-34.633343,33.212975, Self-emp-not-inc, HS-grad, Never-married, Other-service, Other-relative, White, Female, United-States, <=50K
20.309244,170607.14,9.890911,86.55865,-4.5584517,34.272312, Private, Some-college, Never-married, Other-service, Own-child, White, Male, United-States, <=50K
19.255686,102899.125,6.803186,342.4491,-31.72178,27.51776, Private, 11th, Never-married, Other-service, Own-child, White, Female, United-States, <=50K
55.380516,251585.34,8.9785,205.99188,-8.120448,33.889885, Self-emp-not-inc, HS-grad, Never-married, Craft-repair, Not-in-family, White, Male, United-States, <=50K
34.12714,89959.53,9.854254,327.08655,-3.388011,22.934498, State-gov, Some-college, Never-married, Sales, Own-child, White, Male, United-States, <=50K
21.16667,207037.17,9.682687,261.17816,-17.596254,32.653988, Private, Some-college, Never-married, Other-service, Not-in-family, White, Female, United-States, <=50K
20.202967,151642.98,9.040973,17688.22,-10.760844,38.41916, Private, HS-grad, Never-married, Adm-clerical, Own-child, White, Female, United-States, <=50K
43.362015,6222.7036,12.846648,462.4286,19.19808,29.258522, Self-emp-not-inc, Bachelors, Never-married, Sales, Not-in-family, White, Female, United-States, <=50K
34.740517,557300.6,15.059635,652.67725,5.2314806,40.4138, Private, Bachelors, Divorced, Prof-specialty, Not-in-family, White, Female, United-States, <=50K
70.64087,297839.75,13.930639,16152.362,42.192986,40.605373, Private, Masters, Married-civ-spouse, Adm-clerical, Husband, White, Male, United-States, >50K
34.65422,103854.63,12.14102,467.3307,-1.8935727,37.88951, Private, Masters, Never-married, Craft-repair, Not-in-family, White, Female, United-States, <=50K
21.021055,128802.54,8.948349,-130.91205,-29.864504,18.287743, Private, HS-grad, Never-married, Other-service, Own-child, White, Female, United-States, <=50K
28.311605,43440.61,13.0474615,536.5758,-9.036662,45.380474, Private, Bachelors, Married-civ-spouse, Prof-specialty, Husband, White, Male, United-States, <=50K
31.797794,100903.45,9.021966,242.63403,-8.294002,34.97563, Self-emp-not-inc, HS-grad, Never-married, Handlers-cleaners, Unmarried, White, Male, United-States, <=50K
27.491697,225779.39,9.972926,-56.249577,-17.437998,40.40135, Private, Some-college, Never-married, Machine-op-inspct, Not-in-family, White, Male, United-States, <=50K
33.944664,399703.5,12.07493,467.45197,3.417943,55.842728, Private, Assoc-acdm, Married-civ-spouse, Other-service, Husband, White, Male, United-States, >50K
19.869312,136259.78,9.029247,203.85785,-19.066301,39.511497, Private, HS-grad, Never-married, Machine-op-inspct, Own-child, White, Male, United-States, <=50K
44.454834,153665.81,9.038182,179.60223,17.018812,56.283447, Self-emp-inc, HS-grad, Married-civ-spouse, Craft-repair, Husband, White, Male, United-States, >50K
19.755653,136429.47,12.923497,378.13428,-17.556055,36.0665, Private, Bachelors, Never-married, Sales, Own-child, White, Male, United-States, <=50K
53.296867,236134.92,9.04852,-200.56183,25.009176,47.530933, Private, HS-grad, Married-civ-spouse, Exec-managerial, Husband, White, Male, United-States, >50K
20.313406,162968.36,9.965224,44.726376,-3.7474318,38.63218, Private, Some-college, Never-married, Machine-op-inspct, Own-child, White, Female, United-States, <=50K
27.19117,153532.55,9.107914,1024.4679,2.526143,46.37068, Private, HS-grad, Married-civ-spouse, Craft-repair, Husband, White, Male, United-States, <=50K
24.901419,253446.83,9.885781,45.37292,-2.319499,35.9604, Private, Some-college, Never-married, Tech-support, Unmarried, White, Female, United-States, <=50K
27.305792,182904.0,12.8556385,-877.9505,1650.997,27.06498, Local-gov, Bachelors, Never-married, Prof-specialty, Own-child, White, Female, United-States, <=50K
29.052614,176008.95,6.546124,787.28906,-0.6242932,35.02764, Private, 11th, Never-married, Sales, Not-in-family, White, Male, United-States, <=50K
35.860783,132722.88,8.295126,-390.61664,1.6740009,38.743843, Private, 12th, Divorced, Adm-clerical, Not-in-family, White, Female, United-States, <=50K
27.714046,117598.31,7.018406,121.97967,431.89502,46.096455, Private, 11th, Never-married, Prof-specialty, Own-child, White, Male, United-States, >50K
25.147875,159373.34,4.984006,45.623898,-13.314578,33.891186, Private, Some-college, Never-married, Other-service, Own-child, White, Female, United-States, <=50K
51.913254,92408.45,12.891795,-238.89948,-1.218562,45.215733, Self-emp-not-inc, Bachelors, Never-married, Prof-specialty, Not-in-family, White, Female, United-States, <=50K
41.43449,166558.55,6.1979246,-9.73798,1.6370746,64.95342, Private, HS-grad, Never-married, Farming-fishing, Not-in-family, White, Male, United-States, <=50K
69.62796,185338.44,14.34872,3092.651,28.467371,41.23931, Private, Masters, Married-civ-spouse, Prof-specialty, Husband, White, Male, United-States, >50K
36.3147,210035.66,13.044829,104.82012,-4.211009,42.0998, Private, Bachelors, Married-civ-spouse, Exec-managerial, Husband, White, Male, United-States, >50K
33.935547,165884.17,8.955551,92.04125,5.8095217,30.78003, Private, HS-grad, Married-civ-spouse, Sales, Husband, White, Male, United-States, <=50K
26.314585,77336.52,9.0653515,-144.36884,-19.914087,42.05349, Private, HS-grad, Never-married, Craft-repair, Own-child, White, Male, United-States, <=50K
18.134403,266779.8,8.991424,505.34613,-15.57928,41.53051, Private, HS-grad, Never-married, Exec-managerial, Other-relative, White, Male, United-States, <=50K
24.62419,93369.22,9.928493,-425.14313,-33.24146,40.60787, Private, Some-college, Never-married, Other-service, Other-relative, White, Female, United-States, <=50K
54.10791,167733.64,10.640546,-270.8459,20.51605,30.089155, Private, Some-college, Never-married, Sales, Not-in-family, White, Male, United-States, <=50K
43.023968,164384.89,9.109655,-88.70612,1.6922885,51.21704, Private, HS-grad, Divorced, Adm-clerical, Unmarried, White, Female, United-States, <=50K
49.802204,142267.84,9.960798,297.02515,1.2062579,47.055443, Private, Some-college, Married-civ-spouse, Craft-repair, Husband, White, Male, United-States, <=50K
20.36097,80157.64,9.967474,562.15405,4.052655,47.980453, Private, Some-college, Married-civ-spouse, Craft-repair, Husband, White, Male, United-States, <=50K
54.04906,201585.17,9.034707,61.022274,-5.8904066,51.392887, Private, HS-grad, Divorced, Prof-specialty, Unmarried, White, Female, United-States, >50K
69.65696,235189.03,5.617932,2918.7703,1.6673709,41.773277, Private, 10th, Married-civ-spouse, Craft-repair, Husband, White, Male, United-States, <=50K
30.933653,679374.44,9.696567,-320.82452,17.463125,40.399033, Private, Some-college, Married-civ-spouse, Transport-moving, Husband, White, Male, United-States, <=50K
23.893354,256171.06,9.383733,-384.42694,-15.679187,41.770794, Private, HS-grad, Never-married, Craft-repair, Not-in-family, White, Female, United-States, <=50K
27.817608,137746.88,9.862954,36.558346,9.255452,42.370728, Private, Some-college, Separated, Adm-clerical, Unmarried, White, Female, United-States, <=50K
42.30055,99950.36,12.978648,34.801876,12.373509,44.92549, Private, Bachelors, Married-civ-spouse, Prof-specialty, Husband, White, Male, United-States, >50K
28.77322,260985.08,9.908227,-469.00104,18.35758,48.07603, Private, Some-college, Married-civ-spouse, Prof-specialty, Husband, White, Male, United-States, >50K
55.69057,315516.1,9.912556,13326.633,0.8581592,44.347, Private, Some-college, Divorced, Craft-repair, Not-in-family, White, Male, United-States, >50K
44.002357,268857.0,9.048872,-266.64667,-6.2211866,17.678204, Private, HS-grad, Married-civ-spouse, Craft-repair, Husband, White, Male, United-States, <=50K
40.360134,280323.2,5.7594113,5484.276,33.883728,47.038, Private, HS-grad, Married-civ-spouse, Handlers-cleaners, Husband, White, Male, United-States, >50K
32.319077,252743.17,11.225079,2878.896,5.7186785,69.90125, Private, Assoc-voc, Married-civ-spouse, Machine-op-inspct, Husband, White, Male, United-States, <=50K
28.82522,125015.15,9.054459,-4.458805,3.7024813,46.391937, Private, HS-grad, Married-civ-spouse, Exec-managerial, Husband, White, Male, United-States, <=50K
48.306538,141644.48,9.085132,940.42474,-16.545763,40.736885, Private, HS-grad, Never-married, Other-service, Not-in-family, White, Male, United-States, <=50K
28.765251,190688.11,9.948724,-177.7973,-6.2414503,38.404003, Private, Some-college, Married-civ-spouse, Handlers-cleaners, Husband, White, Male, United-States, <=50K
39.654945,134387.4,11.080976,-257.79755,13.182004,41.20214, State-gov, Assoc-voc, Never-married, Prof-specialty, Not-in-family, White, Female, United-States, <=50K
35.952324,74000.2,8.970738,-197.16254,-26.295671,43.131138, Private, HS-grad, Never-married, Machine-op-inspct, Other-relative, White, Female, United-States, <=50K
36.975433,130371.414,9.993129,-67.75495,4.6436663,40.094612, Private, Some-college, Married-civ-spouse, Prof-specialty, Husband, White, Male, United-States, <=50K
34.80041,213844.53,5.5870366,285.69788,-20.3985,34.342827, Private, 10th, Married-civ-spouse, Other-service, Husband, White, Male, United-States, <=50K
25.476025,202087.08,6.473751,-216.12836,-5.382945,47.845108, Private, 10th, Married-civ-spouse, Other-service, Husband, White, Male, United-States, <=50K
46.978504,329327.84,10.717397,1137.6722,-21.104021,38.737827, ?, Assoc-voc, Separated, ?, Unmarried, White, Female, United-States, <=50K
53.34037,134931.2,9.021374,285.77545,18.960386,45.322086, Local-gov, HS-grad, Married-civ-spouse, Exec-managerial, Husband, White, Male, United-States, >50K
40.522545,232684.11,8.893333,-110.20014,44.08956,81.83387, ?, HS-grad, Divorced, ?, Unmarried, White, Female, United-States, <=50K
34.857357,177975.28,9.117593,642.0885,31.0586,97.684875, Private, HS-grad, Married-civ-spouse, Machine-op-inspct, Husband, White, Male, United-States, >50K
49.934914,149804.84,11.207027,185.01855,17.935095,40.286266, Self-emp-inc, Bachelors, Married-civ-spouse, Exec-managerial, Husband, White, Male, United-States, >50K
57.511253,335367.25,10.116697,87.61602,10.73544,15.17297, Private, Some-college, Divorced, Tech-support, Not-in-family, White, Female, United-States, <=50K
45.581665,293046.0,9.632228,344.52283,-23.276102,41.915573, Private, HS-grad, Separated, Machine-op-inspct, Unmarried, White, Female, United-States, <=50K
24.087133,179909.33,9.042902,66.27642,-9.284625,36.42245, Private, HS-grad, Married-civ-spouse, Machine-op-inspct, Husband, White, Female, United-States, <=50K
29.851727,175300.16,13.639646,45.514706,35.706326,54.873726, Private, Masters, Married-civ-spouse, Tech-support, Husband, White, Male, United-States, >50K
31.36442,148538.31,9.276397,-211.78851,1419.5632,34.71741, Private, HS-grad, Never-married, Craft-repair, Not-in-family, White, Male, United-States, <=50K
43.107624,197519.1,9.392438,-15.331852,-3.5027952,39.16994, Private, Some-college, Married-civ-spouse, Farming-fishing, Husband, White, Male, United-States, <=50K
24.910637,113787.94,9.959207,-240.8432,0.28098023,45.491455, Private, Some-college, Married-civ-spouse, Exec-managerial, Husband, White, Male, United-States, <=50K
30.91222,210710.6,4.994391,-205.91327,-3.8863325,27.008778, Private, HS-grad, Never-married, Adm-clerical, Not-in-family, White, Female, United-States, <=50K
47.75349,155089.17,10.060642,2832.6208,31.951075,26.649605, ?, Some-college, Married-civ-spouse, ?, Wife, White, Female, United-States, >50K
40.935566,136288.03,15.252799,2397.8965,30.37515,44.94764, Private, Bachelors, Married-civ-spouse, Prof-specialty, Husband, White, Male, United-States, >50K
32.15769,175475.34,10.010512,17.398983,-0.5022534,44.27933, Private, Some-college, Married-civ-spouse, Craft-repair, Husband, White, Male, United-States, <=50K
45.426342,109895.086,12.93892,-491.5036,-15.781962,32.88065, Self-emp-not-inc, Bachelors, Never-married, Prof-specialty, Other-relative, White, Male, United-States, <=50K
55.921444,171742.11,9.945185,10.805843,15.333486,40.065903, Private, Some-college, Married-civ-spouse, Sales, Husband, White, Male, United-States, >50K
56.984684,228899.6,8.881409,7497.1685,18.642012,45.140347, Private, HS-grad, Married-civ-spouse, Adm-clerical, Husband, White, Male, United-States, <=50K
19.131863,430800.9,5.486993,-116.676704,-20.579271,8.7379055, Private, 10th, Never-married, Other-service, Own-child, White, Male, United-States, <=50K
51.67776,176871.48,8.965524,276.71674,7.267461,40.563023, Private, HS-grad, Married-civ-spouse, Prof-specialty, Husband, White, Male, United-States, <=50K
62.73327,247745.52,13.048699,4487.2817,19.887777,32.348206, Private, Bachelors, Married-civ-spouse, Exec-managerial, Husband, White, Male, United-States, >50K
37.594616,169700.33,7.3437448,-720.7266,-22.625132,47.86515, Private, HS-grad, Divorced, Craft-repair, Other-relative, White, Male, United-States, <=50K
30.671041,225546.05,8.729057,-116.18159,0.28700745,41.29202, Private, 12th, Married-civ-spouse, Machine-op-inspct, Husband, White, Male, United-States, <=50K
20.480515,235845.3,11.220866,237.07965,-4.0407286,40.5975, Private, Assoc-voc, Never-married, Adm-clerical, Not-in-family, White, Female, United-States, <=50K
59.81318,164689.92,9.000558,-157.0611,1.9712802,59.27857, Private, HS-grad, Married-civ-spouse, Machine-op-inspct, Husband, White, Male, United-States, <=50K
48.601017,177228.34,9.915391,90.723076,15.56223,44.25301, Private, Some-college, Married-civ-spouse, Machine-op-inspct, Husband, White, Male, United-States, >50K
52.383255,314257.44,6.2337236,-624.857,-4.4682646,34.2429, Private, 10th, Separated, Other-service, Not-in-family, White, Male, United-States, <=50K
34.84536,72604.13,8.990262,24.168392,-24.207735,37.63676, Private, HS-grad, Never-married, Other-service, Unmarried, White, Female, United-States, <=50K
22.890217,318726.0,1.3559427,-79.12788,-9.081744,39.676403, Private, 12th, Never-married, Sales, Own-child, White, Female, United-States, <=50K
29.00191,106944.54,9.039062,193.98523,-8.257968,42.67446, Private, HS-grad, Married-civ-spouse, Craft-repair, Husband, White, Male, United-States, <=50K
30.221539,153261.3,9.995142,568.8513,-1.0646542,37.57309, State-gov, Some-college, Married-civ-spouse, Adm-clerical, Husband, White, Male, United-States, <=50K
36.24128,214521.6,13.153699,251.81543,-1.0432767,59.050426, Private, Bachelors, Married-civ-spouse, Tech-support, Husband, White, Male, United-States, >50K
26.161486,100664.02,9.097949,385.36688,-6.603244,28.603607, Local-gov, HS-grad, Never-married, Protective-serv, Own-child, White, Male, United-States, <=50K
32.774826,72637.19,9.017877,-147.98212,9.748624,45.637543, Private, HS-grad, Married-civ-spouse, Craft-repair, Husband, White, Male, United-States, <=50K
53.073513,117936.96,9.946803,-118.36164,-1.9659833,31.727705, Self-emp-not-inc, Some-college, Never-married, Exec-managerial, Not-in-family, White, Male, United-States, <=50K
25.927195,181751.55,9.863039,-133.6181,308.2401,38.002495, Private, Some-college, Never-married, Sales, Own-child, White, Female, United-States, <=50K
42.700386,97687.484,9.909616,3658.2031,29.161837,48.63975, Private, Some-college, Married-civ-spouse, Exec-managerial, Husband, White, Male, United-States, >50K
24.438858,92013.68,8.864928,184.14154,-16.217577,39.234814, Private, HS-grad, Never-married, Machine-op-inspct, Other-relative, White, Female, United-States, <=50K
21.391138,251664.02,9.967091,-75.9864,1.5103961,37.594467, Private, Some-college, Never-married, Adm-clerical, Not-in-family, White, Female, United-States, <=50K
46.70871,54921.28,4.1606975,-195.63434,-9.21815,42.610928, Local-gov, 10th, Divorced, Exec-managerial, Unmarried, White, Male, United-States, <=50K
49.687035,89572.28,8.948561,-504.27252,-25.89197,34.394436, Private, HS-grad, Divorced, Prof-specialty, Own-child, White, Female, United-States, <=50K
30.27844,50321.703,8.940339,646.74927,13.300977,76.61897, Private, HS-grad, Married-civ-spouse, Other-service, Husband, White, Male, United-States, <=50K
54.124817,32704.625,9.083753,581.27936,21.725996,47.23482, Self-emp-not-inc, HS-grad, Married-civ-spouse, Farming-fishing, Husband, White, Male, United-States, <=50K
47.964718,140808.9,9.146898,-257.107,-0.3488263,38.405643, Self-emp-not-inc, HS-grad, Married-civ-spouse, Machine-op-inspct, Husband, White, Male, United-States, <=50K
40.334633,81464.51,13.036146,2621.18,-0.7309598,36.589657, Private, Bachelors, Married-civ-spouse, Machine-op-inspct, Husband, White, Male, United-States, >50K
39.939255,286848.5,6.9873686,-475.73517,-38.246647,30.479248, Local-gov, 11th, Never-married, Other-service, Unmarried, White, Female, United-States, <=50K
19.612852,420135.0,8.924159,-607.003,-16.242273,11.97728, ?, HS-grad, Never-married, ?, Own-child, White, Female, United-States, <=50K
59.512157,111009.43,8.955297,416.77307,2.972043,37.4286, Self-emp-not-inc, HS-grad, Married-civ-spouse, Prof-specialty, Husband, White, Male, United-States, <=50K
42.07368,141093.06,9.785855,84068.42,56.4594,64.68091, Private, Some-college, Married-civ-spouse, Craft-repair, Husband, White, Male, United-States, >50K
17.683191,313517.75,9.93497,296.78943,-14.923968,40.626225, Private, Some-college, Never-married, Other-service, Own-child, White, Female, United-States, <=50K
59.814175,197377.28,9.004624,6991.263,23.687334,42.9348, ?, HS-grad, Married-civ-spouse, ?, Husband, White, Male, United-States, >50K
40.9879,86537.15,9.016618,431.11932,-6.5365705,45.081024, ?, HS-grad, Never-married, ?, Unmarried, White, Male, United-States, <=50K
49.33634,94242.72,13.946932,74.17864,25.244284,44.656082, Private, Masters, Married-civ-spouse, Prof-specialty, Husband, White, Male, United-States, >50K
27.335436,187824.12,14.961291,-487.95953,-13.580134,36.012924, Private, Masters, Never-married, Prof-specialty, Own-child, White, Male, United-States, <=50K
35.400635,248842.16,9.07684,-23.929508,-15.260783,38.600555, Private, HS-grad, Married-civ-spouse, Machine-op-inspct, Husband, White, Male, United-States, >50K
25.640293,188409.42,9.137164,-335.7431,-7.189395,41.89608, Private, HS-grad, Married-civ-spouse, Adm-clerical, Husband, White, Male, United-States, <=50K
30.196163,268501.4,8.971313,-182.15302,-7.545459,40.90796, Private, HS-grad, Never-married, Craft-repair, Not-in-family, White, Male, United-States, <=50K
40.57322,118911.56,13.121425,-71.336494,11.900723,76.15979, State-gov, Bachelors, Married-civ-spouse, Prof-specialty, Husband, White, Male, United-States, <=50K
35.80063,356430.75,9.780209,1549.0957,0.84263337,45.606808, Private, Some-college, Divorced, Prof-specialty, Unmarried, White, Male, United-States, <=50K
28.479843,258855.22,8.9296255,202.2345,29.636492,75.44832, Private, HS-grad, Married-civ-spouse, Exec-managerial, Husband, White, Male, United-States, >50K
38.61979,88863.164,13.703197,-152.99786,31.314505,43.16608, Private, Masters, Married-civ-spouse, Exec-managerial, Wife, White, Female, United-States, <=50K
59.206535,275929.22,9.018244,317.6178,-0.99801147,33.704987, Private, HS-grad, Divorced, Exec-managerial, Not-in-family, White, Male, United-States, <=50K
40.259205,437623.0,9.808701,-123.859566,18.604383,43.403275, Private, Some-college, Married-civ-spouse, Craft-repair, Husband, White, Male, United-States, <=50K
42.91732,55672.72,9.002876,-324.74554,-4.0782194,21.559668, Private, HS-grad, Divorced, Farming-fishing, Own-child, White, Female, United-States, <=50K
27.732183,180611.52,10.025299,265.88232,7.207364,37.41092, Private, Some-college, Never-married, Adm-clerical, Not-in-family, White, Female, United-States, <=50K
61.35535,289477.78,8.9322195,314.65247,8.097638,59.73906, Private, HS-grad, Married-civ-spouse, Exec-managerial, Husband, White, Male, United-States, <=50K
25.865692,165945.95,8.971762,456.27533,-19.185923,35.935234, Private, HS-grad, Never-married, Other-service, Not-in-family, White, Female, United-States, <=50K
52.332558,204082.33,8.981997,-94.00532,18.725607,38.562317, Private, HS-grad, Married-civ-spouse, Prof-specialty, Husband, White, Male, United-States, >50K
42.513195,71218.04,9.110635,-517.3903,-10.294116,31.79415, Private, HS-grad, Widowed, Machine-op-inspct, Not-in-family, White, Female, United-States, <=50K
70.019295,157641.36,13.234787,-250.38336,2176.3923,44.118103, Private, Bachelors, Married-civ-spouse, Exec-managerial, Husband, White, Male, United-States, >50K
38.730206,118400.91,9.048445,328.21094,5.1336565,45.916824, Private, HS-grad, Married-civ-spouse, Craft-repair, Husband, White, Male, United-States, >50K
34.753067,207270.52,9.94578,158.93665,5.000478,56.39375, Private, Some-college, Never-married, Adm-clerical, Not-in-family, White, Male, United-States, >50K
13.345517,140410.86,6.8188796,-20.95966,-6.288806,-9.262922, Private, 11th, Never-married, Sales, Own-child, White, Female, United-States, <=50K
52.350746,194950.64,9.000318,43.68249,11.615262,42.41082, Private, HS-grad, Married-civ-spouse, Craft-repair, Husband, White, Male, United-States, >50K
27.081083,344309.06,7.7282553,-1022.27264,-33.835934,42.00731, Private, 10th, Divorced, Machine-op-inspct, Other-relative, White, Female, United-States, <=50K
49.305115,166376.22,12.947382,-5.7184486,23.3235,43.16547, Private, Bachelors, Married-civ-spouse, Exec-managerial, Husband, White, Male, United-States, >50K
28.276459,82276.9,12.033403,74.29101,-6.666972,33.54079, Private, Assoc-acdm, Never-married, Exec-managerial, Not-in-family, White, Male, United-States, <=50K
59.208633,494914.72,9.899411,235.32336,0.92358124,43.826168, Private, Some-college, Married-civ-spouse, Sales, Husband, White, Male, United-States, <=50K
27.444218,138352.62,10.025307,264.17316,19.569632,37.181824, Private, Some-college, Married-civ-spouse, Sales, Husband, White, Male, United-States, <=50K
38.684105,237268.31,15.243602,-398.16583,8.128819,37.77972, Private, Bachelors, Divorced, Prof-specialty, Unmarried, White, Female, United-States, <=50K
28.202301,373817.03,10.91856,-13.381779,-7.4404097,41.847504, Private, Assoc-voc, Never-married, Craft-repair, Own-child, White, Male, United-States, >50K
18.50079,278266.3,9.951551,118.77044,-13.040515,36.121986, Private, Some-college, Never-married, Other-service, Own-child, White, Female, United-States, <=50K
54.339336,240065.64,9.046809,261.09424,-8.757968,37.879826, Private, HS-grad, Married-civ-spouse, Craft-repair, Husband, White, Male, United-States, <=50K
45.852287,204731.02,9.036389,-287.51398,-12.970065,10.246584, Private, HS-grad, Never-married, Craft-repair, Own-child, White, Male, United-States, <=50K
58.21927,187487.81,9.029495,59.080013,-26.213839,37.391422, Local-gov, HS-grad, Never-married, Other-service, Unmarried, White, Female, United-States, <=50K
33.76592,371437.78,8.982259,685.40344,-14.766574,38.249275, Private, HS-grad, Never-married, Handlers-cleaners, Not-in-family, White, Male, United-States, <=50K
23.965082,40568.33,9.881725,133.46375,-14.943233,39.14324, Private, Some-college, Never-married, Other-service, Unmarried, White, Female, United-States, <=50K
32.00711,201755.05,12.275818,444.63953,2016.9086,45.97906, Private, Bachelors, Married-civ-spouse, Handlers-cleaners, Husband, White, Male, United-States, <=50K
38.867504,79156.97,8.984256,1044.0299,-1.7623852,69.9684, Self-emp-not-inc, HS-grad, Married-civ-spouse, Transport-moving, Husband, White, Male, United-States, <=50K
34.039074,19003.672,12.075597,-159.5528,-4.8665648,43.87197, Local-gov, Assoc-acdm, Never-married, Tech-support, Not-in-family, White, Male, United-States, >50K
52.705666,137488.08,10.327553,408.48914,9.335668,36.488605, Private, Assoc-voc, Married-civ-spouse, Adm-clerical, Husband, White, Male, United-States, <=50K
36.475506,207499.6,9.049694,-244.79742,4.7521105,49.950085, Private, HS-grad, Married-civ-spouse, Craft-repair, Husband, White, Male, United-States, <=50K
44.977802,173383.16,9.083614,-123.06489,-0.6082562,54.280075, Local-gov, HS-grad, Divorced, Other-service, Not-in-family, White, Male, United-States, >50K
49.64958,197509.88,8.990151,3463.4768,24.057066,44.57439, Private, HS-grad, Married-civ-spouse, Craft-repair, Husband, White, Male, United-States, >50K
40.180885,46442.766,13.549526,445.3994,30.813478,36.871136, Private, Masters, Never-married, Adm-clerical, Own-child, White, Female, United-States, <=50K
18.272505,71616.7,9.863943,124.35314,-22.339678,23.975674, Private, Some-college, Never-married, Other-service, Own-child, White, Female, United-States, <=50K
44.350826,27795.172,12.994685,-195.41132,-13.389956,59.88191, Private, Bachelors, Married-civ-spouse, Exec-managerial, Husband, White, Male, United-States, <=50K
47.735603,75435.26,9.937063,-332.5158,29.28232,43.4617, Private, Some-college, Divorced, Sales, Not-in-family, White, Female, United-States, <=50K
27.38797,104766.01,13.436896,485.22174,13.375783,41.152073, Local-gov, Bachelors, Never-married, Adm-clerical, Not-in-family, White, Male, United-States, <=50K
24.920418,195306.06,9.106332,59.92303,-3.0009184,40.594894, Private, HS-grad, Never-married, Adm-clerical, Not-in-family, White, Female, United-States, <=50K
51.77525,253009.53,9.05613,-281.01422,26.592768,52.73737, Private, HS-grad, Married-civ-spouse, Craft-repair, Husband, White, Male, United-States, <=50K
44.02971,59077.664,13.111853,-347.43658,1.3674594,42.054455, Private, Bachelors, Married-civ-spouse, Prof-specialty, Husband, White, Male, United-States, >50K
30.63697,255178.12,11.053908,-273.9024,2158.3223,37.78264, Private, Some-college, Married-civ-spouse, Prof-specialty, Husband, White, Male, United-States, <=50K
21.062544,203211.48,9.867467,208.21912,-4.840686,30.349283, Private, Some-college, Never-married, Other-service, Not-in-family, White, Female, United-States, <=50K
53.280724,195868.98,13.227618,286.22693,2064.5894,50.414333, Private, Bachelors, Married-civ-spouse, Exec-managerial, Wife, White, Female, United-States, >50K
25.251963,390362.62,9.911122,301.50476,-5.9088774,30.129274, ?, Some-college, Never-married, ?, Own-child, White, Female, United-States, <=50K
31.34161,70882.5,13.209793,3578.517,-36.47822,44.087273, Private, Bachelors, Never-married, Sales, Unmarried, White, Female, United-States, <=50K
36.489864,-11520.64,9.023112,-14.604557,12.951406,54.763214, State-gov, HS-grad, Never-married, Other-service, Unmarried, White, Male, United-States, <=50K
37.032257,147925.84,2.3358798,37.903927,9.80071,40.531807, Private, 12th, Married-civ-spouse, Other-service, Not-in-family, White, Female, United-States, <=50K
52.06027,208326.28,8.971471,3960.2507,31.051126,46.207115, Private, HS-grad, Married-civ-spouse, Craft-repair, Husband, White, Male, United-States, >50K
20.284271,143272.8,12.9301405,-27.657658,-4.72803,18.352596, Private, Bachelors, Never-married, Prof-specialty, Own-child, White, Female, United-States, <=50K
66.35078,124556.64,10.69573,-338.43304,11.489659,53.365746, Self-emp-not-inc, Assoc-voc, Married-civ-spouse, Prof-specialty, Husband, White, Male, United-States, >50K
64.26944,204980.84,9.0546055,290.40344,13.904164,44.561447, Private, HS-grad, Married-civ-spouse, Exec-managerial, Husband, White, Male, United-States, <=50K
21.885677,215963.77,10.549831,210.31274,-12.357455,42.578003, Private, Assoc-voc, Never-married, Machine-op-inspct, Not-in-family, White, Female, United-States, <=50K
46.463886,196024.36,9.096192,-211.6994,14.048062,34.4553, Private, HS-grad, Married-civ-spouse, Adm-clerical, Wife, White, Female, United-States, <=50K
34.70301,56588.734,12.673829,-544.6176,6.996785,32.66555, Federal-gov, Bachelors, Married-civ-spouse, Adm-clerical, Husband, White, Male, United-States, <=50K
23.449263,86527.34,12.968427,-220.03009,3.4975405,39.984726, Private, Bachelors, Never-married, Craft-repair, Not-in-family, White, Male, United-States, >50K
17.603762,455834.22,8.919282,421.10913,3.283742,43.292606, Private, HS-grad, Never-married, Craft-repair, Unmarried, White, Male, United-States, <=50K
48.864063,143737.47,11.388969,-214.41156,28.233114,49.564766, Private, Assoc-voc, Married-civ-spouse, Exec-managerial, Husband, White, Male, United-States, >50K
31.401838,244506.6,12.7424755,158.02124,1941.8517,49.00857, Private, Bachelors, Married-civ-spouse, Prof-specialty, Husband, White, Male, United-States, >50K
42.817535,340023.06,9.999232,-360.8443,21.717527,43.795673, Private, Some-college, Married-civ-spouse, Craft-repair, Husband, White, Male, United-States, >50K
42.797867,735469.0,9.150828,299.36877,1576.7406,35.330086, Private, HS-grad, Never-married, Adm-clerical, Unmarried, White, Female, United-States, <=50K
52.9674,287675.56,11.740165,-1119.9414,31.459742,42.972385, Federal-gov, Assoc-acdm, Married-civ-spouse, Prof-specialty, Husband, White, Male, United-States, >50K
33.24467,172173.48,11.15557,530.871,6.3305635,37.481667, Federal-gov, Assoc-voc, Never-married, Transport-moving, Not-in-family, White, Male, United-States, <=50K
52.6973,196225.58,9.036322,499.5799,14.31474,41.462692, Private, HS-grad, Married-civ-spouse, Craft-repair, Husband, White, Male, United-States, >50K
31.000944,352035.1,12.911071,-296.8288,28.410795,61.171314, Private, Bachelors, Never-married, Adm-clerical, Not-in-family, White, Male, United-States, <=50K
37.534725,43643.08,10.733625,-559.00836,25.3007,48.304073, Private, HS-grad, Married-civ-spouse, Prof-specialty, Wife, White, Female, United-States, >50K
41.395836,209086.45,9.830019,394.71735,33.12634,62.630108, Local-gov, Some-college, Married-civ-spouse, Adm-clerical, Not-in-family, White, Male, United-States, <=50K
41.329445,169718.94,12.962617,-164.685,19.244062,46.938282, Private, Bachelors, Never-married, Exec-managerial, Not-in-family, White, Female, United-States, >50K
19.41318,149240.22,8.924175,-94.3863,1.8357822,43.171738, Private, HS-grad, Never-married, Transport-moving, Not-in-family, White, Male, United-States, <=50K
37.696865,139679.31,13.05222,202.67822,16.247816,37.257217, Self-emp-not-inc, Bachelors, Married-civ-spouse, Machine-op-inspct, Husband, White, Male, United-States, <=50K
35.502377,84539.74,10.0666065,21.883602,1.0026981,29.524109, Private, Some-college, Married-civ-spouse, Adm-clerical, Husband, White, Male, United-States, <=50K
82.758514,181026.64,14.040826,-266.6236,52.540718,24.034319, Self-emp-not-inc, Masters, Widowed, Machine-op-inspct, Not-in-family, White, Female, United-States, <=50K
45.353073,193639.48,9.051797,-17.070866,5.2078066,33.98977, Private, HS-grad, Divorced, Adm-clerical, Not-in-family, White, Female, United-States, <=50K
43.55444,283804.1,5.726649,-245.55548,-16.998064,40.209045, Private, 10th, Married-civ-spouse, Machine-op-inspct, Husband, White, Male, United-States, <=50K
41.537655,109014.97,10.056212,4456.4946,18.066946,45.156677, Private, Some-college, Married-civ-spouse, Craft-repair, Husband, White, Male, United-States, >50K
57.31631,145628.52,11.793389,199.185,4.3391085,54.491833, Private, Bachelors, Married-civ-spouse, Exec-managerial, Husband, White, Male, United-States, <=50K
39.15575,210021.36,8.84569,-603.07086,5.3897905,47.01267, Private, HS-grad, Married-spouse-absent, Prof-specialty, Not-in-family, White, Male, United-States, <=50K
18.37435,285000.6,6.782515,-156.53375,-30.073008,17.586172, Private, 10th, Never-married, Sales, Own-child, White, Female, United-States, <=50K
52.88896,71834.125,8.926321,20.14227,-0.7293347,52.32266, Private, HS-grad, Married-civ-spouse, Other-service, Husband, White, Male, United-States, <=50K
28.217348,87134.7,9.963195,6776.934,-4.091647,39.01451, Private, Some-college, Never-married, Exec-managerial, Not-in-family, White, Male, United-States, >50K
36.599937,138817.55,9.073344,224.69116,10.405896,47.716568, Private, HS-grad, Married-civ-spouse, Handlers-cleaners, Husband, White, Male, United-States, <=50K
50.071835,97333.625,12.484747,-291.93304,25.268976,53.961575, Private, Bachelors, Married-civ-spouse, Sales, Husband, White, Male, United-States, <=50K
29.817598,29668.39,9.490755,144.44055,16.611052,25.226227, Local-gov, HS-grad, Married-civ-spouse, Craft-repair, Husband, White, Male, United-States, <=50K
15.190499,217943.19,6.5804596,479.35345,-5.273509,32.779224, Private, 11th, Never-married, Handlers-cleaners, Not-in-family, White, Male, United-States, <=50K
34.957344,89545.3,9.031162,-378.52045,6.6335497,35.96821, Self-emp-not-inc, HS-grad, Never-married, Craft-repair, Own-child, White, Male, United-States, <=50K
54.958603,212260.31,11.10278,113.71581,13.346196,37.29565, Private, Assoc-voc, Married-civ-spouse, Prof-specialty, Husband, White, Male, United-States, >50K
42.00681,406900.8,11.100067,160.86261,27.154047,48.21792, Private, Assoc-voc, Married-civ-spouse, Craft-repair, Husband, White, Male, United-States, >50K
52.9224,110186.25,14.37833,-233.55743,8.130818,55.593296, Private, Bachelors, Married-civ-spouse, Prof-specialty, Husband, White, Male, United-States, <=50K
24.916042,43783.844,12.896359,-713.0141,-41.351192,48.986427, State-gov, Bachelors, Never-married, Adm-clerical, Other-relative, White, Female, United-States, <=50K
49.431522,101831.27,14.052109,586.14636,2104.298,46.13453, Private, Masters, Married-civ-spouse, Sales, Husband, White, Male, United-States, >50K
69.74571,133288.39,9.050385,154.16083,-0.26731384,38.01009, Private, HS-grad, Divorced, Other-service, Not-in-family, White, Male, United-States, >50K
44.909847,110142.45,13.781887,-367.89886,2223.353,49.76128, Private, Masters, Never-married, Prof-specialty, Not-in-family, White, Male, United-States, >50K
30.978413,171025.83,9.538488,199.77856,-30.96255,44.655655, Private, Assoc-voc, Divorced, Craft-repair, Not-in-family, White, Male, United-States, <=50K
26.496103,81387.45,10.038955,91.2727,25.570292,47.725914, Private, Some-college, Married-civ-spouse, Prof-specialty, Husband, White, Male, United-States, >50K
48.65819,83623.25,11.862618,100.94848,14.258267,30.30644, Local-gov, Assoc-acdm, Married-civ-spouse, Exec-managerial, Husband, White, Male, United-States, >50K
21.911697,474272.6,6.2683673,-190.11676,-36.398243,13.410963, Self-emp-not-inc, 10th, Never-married, Prof-specialty, Other-relative, White, Female, United-States, <=50K
17.320658,61215.156,7.32882,133.75885,-19.580446,41.616325, Private, 11th, Never-married, Machine-op-inspct, Other-relative, White, Male, United-States, <=50K
30.257923,80836.02,9.517704,283.02734,-6.067767,48.86815, Private, Some-college, Married-civ-spouse, Exec-managerial, Husband, White, Male, United-States, <=50K
58.592133,170902.64,11.090715,3164.8188,25.355566,56.660988, Private, Assoc-voc, Married-civ-spouse, Craft-repair, Husband, White, Male, United-States, >50K
60.004944,391498.34,9.919933,4207.5596,22.176779,46.65386, Self-emp-not-inc, Some-college, Married-civ-spouse, Craft-repair, Husband, White, Male, United-States, >50K
48.172222,144114.16,7.3891954,1654.021,21.585485,42.687263, Self-emp-inc, 10th, Married-civ-spouse, Sales, Husband, White, Male, United-States, >50K
30.768229,153964.86,9.008577,-1.5723307,4.852475,41.227905, Private, HS-grad, Married-civ-spouse, Other-service, Husband, White, Male, United-States, <=50K
27.190922,114177.23,9.968325,492.13666,5.044278,37.28924, Private, Some-college, Never-married, Sales, Not-in-family, White, Female, United-States, <=50K
20.271696,247624.81,9.724837,-296.3283,12.59776,38.31628, Private, Some-college, Separated, Sales, Own-child, White, Male, United-States, <=50K
29.66979,118877.445,11.655771,-151.47968,0.76894104,10.781744, Private, Bachelors, Never-married, Sales, Not-in-family, White, Female, United-States, <=50K
46.504158,371400.84,9.010561,-69.350655,5.74323,39.41309, Private, HS-grad, Married-civ-spouse, Craft-repair, Husband, White, Male, United-States, <=50K
26.830875,371334.7,11.05612,135.05658,14.369779,38.006504, Private, Assoc-voc, Never-married, Adm-clerical, Own-child, White, Male, United-States, <=50K
41.729668,317045.25,10.00214,658.5624,-23.450624,39.355034, Federal-gov, Some-college, Divorced, Craft-repair, Unmarried, White, Female, United-States, <=50K
20.573166,453703.88,13.632796,53.248653,5.424718,23.568884, Private, Bachelors, Never-married, Prof-specialty, Not-in-family, White, Male, United-States, >50K
40.62005,44842.547,10.114222,2528.1367,20.702253,65.23904, Local-gov, Some-college, Married-civ-spouse, Protective-serv, Husband, White, Male, United-States, >50K
56.14418,84890.45,9.890662,140.43188,2762.2498,57.583218, Private, Some-college, Married-civ-spouse, Prof-specialty, Husband, White, Male, United-States, >50K
23.375994,73815.65,9.067219,42.005672,-5.6462507,36.791492, Private, HS-grad, Never-married, Craft-repair, Own-child, White, Male, United-States, <=50K
24.587421,313441.53,9.877026,326.313,-22.092394,45.77488, Private, Some-college, Never-married, Protective-serv, Own-child, White, Male, United-States, <=50K
45.4395,21609.094,9.996365,-253.13116,2163.5186,69.76288, Private, Some-college, Married-civ-spouse, Transport-moving, Husband, White, Male, United-States, >50K
52.49446,153026.19,10.714004,179.06226,-5.9392653,15.700529, Local-gov, Assoc-acdm, Married-civ-spouse, Other-service, Husband, White, Male, United-States, <=50K
44.028435,228147.34,8.920549,539.9,-6.4938536,40.652317, Private, HS-grad, Never-married, Exec-managerial, Not-in-family, White, Male, United-States, <=50K
54.82998,205155.08,8.997447,47.62469,21.356962,49.362236, Private, HS-grad, Married-civ-spouse, Craft-repair, Husband, White, Male, United-States, >50K
40.273693,169411.52,5.679827,183.73053,-8.560115,44.460106, Private, 12th, Married-civ-spouse, Craft-repair, Husband, White, Male, United-States, <=50K
20.737627,296162.44,9.83636,502.69977,4.8841143,45.20589, Private, Some-college, Never-married, Other-service, Not-in-family, White, Female, United-States, <=50K
17.288536,90762.914,9.927996,-97.12263,-15.736323,33.68779, ?, Some-college, Never-married, ?, Not-in-family, White, Female, United-States, <=50K
23.423742,170041.52,6.1182523,366.07916,-17.372461,29.960764, Private, HS-grad, Never-married, Adm-clerical, Own-child, White, Female, United-States, <=50K
32.004402,202601.06,3.446908,-125.38984,-19.032816,44.673523, Private, 12th, Divorced, Handlers-cleaners, Own-child, White, Male, United-States, <=50K
41.674694,202389.34,9.050729,-522.6153,-7.9012175,22.946585, Local-gov, HS-grad, Widowed, Adm-clerical, Not-in-family, White, Female, United-States, <=50K
29.534111,321438.94,13.130442,-806.8309,2184.9072,46.431675, Private, Bachelors, Married-civ-spouse, Prof-specialty, Wife, White, Female, United-States, >50K
27.680641,227136.23,12.974091,106.820915,-3.990718,45.918915, Private, Bachelors, Never-married, Prof-specialty, Own-child, White, Female, United-States, <=50K
29.27746,255522.97,7.489869,920.4381,2055.4106,45.722717, Private, 11th, Never-married, Sales, Not-in-family, White, Male, United-States, <=50K
25.861475,215020.23,11.079462,-474.45074,14.354856,40.933445, Self-emp-not-inc, Assoc-acdm, Never-married, Sales, Own-child, White, Male, United-States, <=50K
53.65574,54941.797,8.995761,-69.72028,-19.929201,37.933395, Private, HS-grad, Married-civ-spouse, Tech-support, Husband, White, Male, United-States, <=50K
43.368023,227257.47,9.2463045,387.38507,49.513103,88.83419, Private, HS-grad, Married-civ-spouse, Craft-repair, Husband, White, Male, United-States, >50K
55.687042,226686.17,8.907318,265.73175,-12.48685,41.67943, ?, HS-grad, Separated, ?, Unmarried, White, Female, United-States, <=50K
46.622448,84938.61,9.9155655,-999.5861,1783.7849,39.70217, Private, Some-college, Married-civ-spouse, Transport-moving, Husband, White, Male, United-States, <=50K
19.813223,288870.5,9.893478,13.406185,-13.562945,23.310678, Private, Some-college, Never-married, Other-service, Own-child, White, Female, United-States, <=50K
44.810406,133616.77,12.943981,185.96844,15.526494,43.558792, Private, Bachelors, Married-civ-spouse, Craft-repair, Husband, White, Male, United-States, >50K
26.619137,161086.73,7.0965643,-486.48285,2.9531145,38.644573, Private, 11th, Divorced, Adm-clerical, Own-child, White, Female, United-States, <=50K
22.958881,47561.594,11.005015,748.1201,-14.504481,46.94644, Private, Assoc-voc, Never-married, Exec-managerial, Not-in-family, White, Female, United-States, <=50K
32.477604,216012.14,9.01982,925.88995,-5.9306517,48.94198, Self-emp-not-inc, HS-grad, Never-married, Handlers-cleaners, Own-child, White, Male, United-States, <=50K
52.709652,57287.516,12.1557045,-71.13178,3.6468706,47.188038, Self-emp-not-inc, Assoc-acdm, Never-married, Farming-fishing, Not-in-family, White, Female, United-States, <=50K
51.653698,-5961.64,9.045942,264.5263,641.9536,42.578056, Private, HS-grad, Never-married, Prof-specialty, Not-in-family, White, Female, United-States, <=50K
41.13425,380012.12,9.025301,963.18164,-5.360675,46.48572, Private, HS-grad, Married-civ-spouse, Sales, Husband, White, Male, United-States, <=50K
43.37585,228680.38,9.951908,629.201,-0.10904206,45.113956, Private, Some-college, Married-civ-spouse, Sales, Husband, White, Male, United-States, <=50K
50.267494,191035.56,9.084082,-465.24957,-8.561091,44.039238, Private, HS-grad, Separated, Craft-repair, Not-in-family, White, Male, United-States, <=50K
41.724792,233036.73,12.946542,916.9834,13.328908,52.194424, Private, Bachelors, Married-civ-spouse, Prof-specialty, Husband, White, Male, United-States, >50K
44.3386,177263.62,11.171281,-229.60748,17.871176,47.579132, Self-emp-inc, Assoc-acdm, Never-married, Sales, Own-child, White, Male, United-States, >50K
39.66621,71789.76,9.04369,453.1438,-14.218104,49.42566, ?, HS-grad, Married-civ-spouse, ?, Husband, White, Male, United-States, <=50K
43.301613,188350.36,8.9729,60.91601,1.9184009,36.09478, Private, HS-grad, Never-married, Other-service, Unmarried, White, Female, United-States, <=50K
31.165386,252007.4,8.993568,182.55121,-5.815631,49.21246, Private, HS-grad, Married-civ-spouse, Craft-repair, Husband, White, Male, United-States, <=50K
43.255096,196333.64,12.877519,16640.229,2.9085283,42.553497, Private, Bachelors, Divorced, Tech-support, Not-in-family, White, Male, United-States, >50K
39.08267,79911.65,9.978916,588.96075,5.5183535,32.38717, State-gov, Some-college, Never-married, Adm-clerical, Not-in-family, White, Female, United-States, <=50K
43.82466,137989.28,13.318835,882.9696,1886.8307,49.88105, Self-emp-inc, Bachelors, Married-civ-spouse, Craft-repair, Husband, White, Male, United-States, >50K
48.48207,211287.33,9.069242,-3.2493327,7.3978777,41.61987, Private, HS-grad, Married-civ-spouse, Adm-clerical, Husband, White, Male, United-States, <=50K
42.39348,331954.66,9.816739,-1.1519206,-24.299494,32.08746, Private, Some-college, Divorced, Other-service, Unmarried, White, Female, United-States, <=50K
32.281765,213046.84,9.036788,-499.39288,2.6498537,49.24205, Private, HS-grad, Married-civ-spouse, Craft-repair, Husband, White, Male, United-States, <=50K
35.669037,93883.47,9.053588,58.09643,6.808385,42.096916, ?, HS-grad, Married-civ-spouse, ?, Wife, White, Female, United-States, <=50K
26.46235,153315.02,12.543916,117.82635,-7.225772,43.980667, Self-emp-not-inc, Bachelors, Never-married, ?, Own-child, White, Female, United-States, <=50K
34.996346,198828.4,8.969192,122.48504,-16.925394,44.185078, Private, HS-grad, Divorced, Other-service, Not-in-family, White, Female, United-States, <=50K
35.364742,100412.72,8.924804,205.20386,24.813856,40.54819, Private, HS-grad, Married-civ-spouse, Prof-specialty, Wife, White, Female, United-States, >50K
19.00353,240107.12,9.009662,54.11395,13.387113,41.682808, Private, HS-grad, Never-married, Craft-repair, Other-relative, White, Male, United-States, <=50K
39.329693,231099.4,12.99575,-555.1143,15.837926,33.846188, Self-emp-inc, Bachelors, Married-civ-spouse, Exec-managerial, Husband, White, Male, United-States, <=50K
25.520231,432966.1,9.807274,1394.9911,-5.936633,27.70237, Private, Some-college, Married-civ-spouse, Craft-repair, Husband, White, Male, United-States, <=50K
25.186218,276884.12,9.081197,245.37262,-7.799342,38.835094, Private, HS-grad, Never-married, Adm-clerical, Not-in-family, White, Female, United-States, <=50K
40.739502,-2835.9055,8.920938,-104.95637,-14.5496855,62.517406, Private, HS-grad, Never-married, Transport-moving, Own-child, White, Male, United-States, <=50K
45.18229,153028.5,13.262485,-273.11774,48.790623,34.101833, Private, Masters, Married-civ-spouse, Machine-op-inspct, Wife, White, Female, United-States, >50K
45.115105,104508.4,9.070585,-193.57745,11.6414,44.66524, Private, HS-grad, Married-civ-spouse, Craft-repair, Husband, White, Male, United-States, >50K
20.394499,67151.12,13.054748,2395.7205,-15.0349455,16.869957, Private, Bachelors, Never-married, Sales, Own-child, White, Female, United-States, <=50K
34.879074,446736.16,9.037703,402.7337,-4.230098,32.035313, ?, HS-grad, Married-civ-spouse, ?, Husband, White, Male, United-States, <=50K
29.036144,109093.69,6.706383,-87.70124,-41.23399,27.898024, Private, 11th, Never-married, Other-service, Unmarried, White, Female, United-States, <=50K
20.427011,56577.484,6.933024,-189.49591,-14.090205,41.746635, Private, 11th, Never-married, Craft-repair, Own-child, White, Male, United-States, <=50K
22.20068,251616.08,8.958726,194.08734,-16.326372,35.70802, Private, HS-grad, Never-married, Sales, Other-relative, White, Male, United-States, <=50K
27.573538,209210.89,9.916261,-398.93903,-23.803278,51.89627, Private, Some-college, Never-married, Machine-op-inspct, Other-relative, White, Female, United-States, <=50K
31.358095,202373.92,9.05911,3747.9536,2.2359285,58.331375, Self-emp-not-inc, HS-grad, Married-civ-spouse, Machine-op-inspct, Husband, White, Male, United-States, >50K
42.064266,109848.49,8.978253,-17.167301,2293.2854,53.83969, Private, HS-grad, Married-civ-spouse, Craft-repair, Husband, White, Male, United-States, <=50K
54.63782,217530.58,13.001111,3089.8914,41.47271,42.798237, Private, Bachelors, Married-civ-spouse, Prof-specialty, Wife, White, Female, United-States, >50K
20.859362,203469.16,12.82936,-103.06501,21.17034,50.889217, Private, Bachelors, Never-married, Adm-clerical, Own-child, White, Male, United-States, <=50K
22.773981,79731.586,10.851137,-422.3465,-9.716861,35.78136, Private, Assoc-voc, Never-married, Other-service, Not-in-family, White, Female, United-States, <=50K
56.932365,164685.31,12.408438,241.43134,5.322797,48.28619, Private, Bachelors, Married-civ-spouse, Prof-specialty, Husband, White, Male, United-States, <=50K
60.484398,301031.75,10.892586,-710.6254,12.615369,43.380554, Private, Assoc-voc, Divorced, Other-service, Not-in-family, White, Female, United-States, <=50K
35.90903,347992.47,5.6467996,285.80237,-18.109858,36.7457, Private, 10th, Separated, Handlers-cleaners, Unmarried, White, Female, United-States, <=50K
46.38892,328754.5,10.562065,-395.6579,-13.968974,40.653942, State-gov, Bachelors, Divorced, Prof-specialty, Not-in-family, White, Female, United-States, <=50K
41.66993,97339.55,9.174816,-369.96613,1924.3726,51.354866, Private, HS-grad, Married-civ-spouse, Prof-specialty, Husband, White, Male, United-States, >50K
53.301308,67748.61,11.149987,-144.63702,5.971158,35.99925, Private, Assoc-voc, Married-civ-spouse, Other-service, Husband, White, Male, United-States, <=50K
43.307735,45254.78,9.109587,502.01593,17.441717,41.126057, ?, HS-grad, Married-civ-spouse, ?, Husband, White, Male, United-States, <=50K
24.395952,164948.92,8.85442,258.17932,-31.48591,42.116207, Private, HS-grad, Divorced, Handlers-cleaners, Other-relative, White, Male, United-States, <=50K
29.8489,478086.62,9.738157,40809.164,40.92153,46.22466, Private, Some-college, Never-married, Sales, Own-child, White, Male, United-States, >50K
31.49483,144969.72,7.306899,70.39037,1495.0359,32.870907, Private, 11th, Never-married, Other-service, Not-in-family, White, Female, United-States, >50K
45.906048,68458.15,9.494365,24.882015,3.8249254,48.016403, Private, HS-grad, Married-civ-spouse, Other-service, Husband, White, Male, United-States, <=50K
42.66495,216135.12,12.920751,132.14911,-14.499995,43.969326, Private, Bachelors, Never-married, Prof-specialty, Not-in-family, White, Female, United-States, <=50K
73.83945,87463.39,8.941036,164.2547,0.44680512,34.674076, Private, HS-grad, Married-civ-spouse, Exec-managerial, Husband, White, Male, United-States, <=50K
42.069954,99335.31,9.934885,261.6595,26.14247,37.7157, Private, Some-college, Married-civ-spouse, Adm-clerical, Husband, White, Male, United-States, >50K
30.430336,171968.62,6.6136823,186.2091,-25.953875,34.789345, Private, HS-grad, Divorced, Machine-op-inspct, Unmarried, White, Female, United-States, <=50K
32.091145,285684.94,6.3033056,-98.98127,-9.414409,35.83316, Private, 10th, Never-married, Other-service, Own-child, White, Female, United-States, <=50K
36.58125,165965.42,13.595082,87746.58,79.07084,62.84896, State-gov, Masters, Married-civ-spouse, Prof-specialty, Husband, White, Male, United-States, >50K
31.423931,486989.53,11.996988,-220.4505,19.638533,47.81713, Private, Assoc-acdm, Never-married, Adm-clerical, Not-in-family, White, Female, United-States, <=50K
59.62675,57180.67,9.110933,-616.31976,-13.652308,44.38966, Private, HS-grad, Widowed, Other-service, Not-in-family, White, Female, United-States, <=50K
45.18949,175162.6,13.025114,49.2431,-4.796031,39.156433, Private, Bachelors, Married-civ-spouse, Prof-specialty, Husband, White, Male, United-States, <=50K
32.457863,130523.11,9.033482,-322.5822,-3.5187178,40.212566, Private, HS-grad, Married-civ-spouse, Prof-specialty, Husband, White, Male, United-States, <=50K
27.71022,84521.984,13.7070675,-278.83795,23.857885,26.933931, Private, Masters, Married-civ-spouse, Sales, Wife, White, Female, United-States, <=50K
43.22255,190778.27,9.8106165,774.2133,40.145126,79.68008, Self-emp-not-inc, HS-grad, Married-civ-spouse, Sales, Husband, White, Male, United-States, >50K
39.576256,134312.72,12.962953,161.97137,3.1235628,44.607162, Private, Bachelors, Married-civ-spouse, Exec-managerial, Husband, White, Male, United-States, >50K
33.93915,162394.25,8.8595915,70.314995,-1.2198361,42.73478, Private, HS-grad, Married-civ-spouse, Exec-managerial, Husband, White, Male, United-States, <=50K
25.227686,150863.6,9.079375,-550.86993,-17.105227,38.72515, Private, HS-grad, Married-civ-spouse, Handlers-cleaners, Husband, White, Male, United-States, <=50K
30.52924,210410.58,9.013064,-406.01056,-15.025531,40.219654, Local-gov, HS-grad, Divorced, Other-service, Own-child, White, Female, United-States, <=50K
52.89574,152077.19,10.669919,37989.793,7.2806597,47.120026, Self-emp-not-inc, Bachelors, Married-civ-spouse, Exec-managerial, Husband, White, Male, United-States, >50K
32.91572,182256.94,10.172889,1606.0042,15.623952,49.80135, Private, Some-college, Married-civ-spouse, Craft-repair, Husband, White, Male, United-States, >50K
69.89945,173349.2,8.171552,-151.357,-1.0018948,30.572577, Private, 12th, Divorced, Sales, Not-in-family, White, Male, United-States, <=50K
28.405739,55017.266,12.9933195,-272.07916,13.992261,38.181488, Self-emp-not-inc, Bachelors, Never-married, Other-service, Own-child, White, Male, United-States, <=50K
20.93649,260140.42,8.965094,-53.268253,-14.975566,37.668926, Private, HS-grad, Never-married, Other-service, Not-in-family, White, Male, United-States, <=50K
54.51991,77637.0,9.064478,-201.2005,-12.467311,36.76233, Private, Some-college, Married-civ-spouse, Other-service, Husband, White, Male, United-States, <=50K
54.04394,105328.516,9.038226,58.869137,11.621007,48.078823, Private, HS-grad, Married-civ-spouse, Exec-managerial, Husband, White, Male, United-States, >50K
45.167328,144306.39,12.804158,1258.4294,-7.296237,-13.309286, State-gov, Bachelors, Divorced, ?, Not-in-family, White, Female, United-States, <=50K
42.67625,259083.08,10.209096,198.90656,32.2722,43.908627, Private, Assoc-voc, Married-civ-spouse, Craft-repair, Husband, White, Male, United-States, >50K
70.24143,23652.375,9.095721,-109.32978,10.260015,55.02747, Self-emp-not-inc, HS-grad, Divorced, Adm-clerical, Not-in-family, White, Male, United-States, <=50K
23.506582,106597.21,9.07878,1543.5742,-19.253405,38.104786, Private, HS-grad, Never-married, Machine-op-inspct, Not-in-family, White, Male, United-States, <=50K
49.844826,211547.38,12.873564,7439.3965,39.034603,56.125774, Self-emp-not-inc, Bachelors, Married-civ-spouse, Craft-repair, Husband, White, Male, United-States, >50K
65.86329,60888.594,9.066235,83.05962,-1.9861706,49.56224, Private, HS-grad, Married-spouse-absent, Adm-clerical, Not-in-family, White, Female, United-States, <=50K
26.998737,179453.77,13.6612425,-136.73712,8.177945,35.775833, Private, Masters, Never-married, Prof-specialty, Not-in-family, White, Male, United-States, <=50K
52.681858,190950.4,14.201683,510.0199,37.849953,51.101784, Self-emp-not-inc, Masters, Divorced, Prof-specialty, Not-in-family, White, Female, United-States, >50K
57.152782,29392.469,12.974272,-501.29437,3.5584536,35.98596, Self-emp-not-inc, Bachelors, Married-civ-spouse, Exec-managerial, Husband, White, Male, United-States, <=50K
62.430775,107891.086,8.930528,117.84002,-18.555857,30.940561, Local-gov, HS-grad, Separated, Other-service, Unmarried, White, Female, United-States, <=50K
38.539227,249058.72,10.138672,384.5453,-5.909137,47.641434, Private, Some-college, Married-civ-spouse, Adm-clerical, Husband, White, Male, United-States, <=50K
35.077976,299546.34,8.871982,-319.6137,-7.333194,43.54275, Private, HS-grad, Divorced, Craft-repair, Not-in-family, White, Male, United-States, <=50K
22.434914,26646.094,12.954501,-52.152164,0.7815219,44.124245, Private, Bachelors, Divorced, Adm-clerical, Not-in-family, White, Female, United-States, <=50K
31.585941,212837.72,9.008676,-213.61261,-10.052417,47.248783, Private, HS-grad, Married-civ-spouse, Other-service, Husband, White, Male, United-States, <=50K
15.422362,237273.38,8.923702,-241.32574,-26.933367,25.695919, Private, HS-grad, Never-married, Other-service, Other-relative, White, Male, United-States, <=50K
31.614399,276241.9,5.1452036,151.39697,2.4043245,25.230156, ?, 12th, Never-married, ?, Unmarried, White, Female, United-States, <=50K
42.13212,154179.56,12.842776,1641.1627,28.381136,82.6375, Self-emp-not-inc, Bachelors, Married-civ-spouse, Transport-moving, Husband, White, Male, United-States, >50K
62.66599,623339.25,8.848663,-641.7928,13.927602,-4.721861, Self-emp-not-inc, HS-grad, Divorced, Other-service, Not-in-family, White, Female, United-States, <=50K
34.190742,149181.45,9.093562,1503.9674,-1.6585187,43.61671, Private, HS-grad, Never-married, Sales, Not-in-family, White, Female, United-States, <=50K
30.48636,228275.4,8.9503,-321.9544,-9.687495,59.222622, Private, HS-grad, Married-civ-spouse, Protective-serv, Husband, White, Male, United-States, <=50K
17.776937,438261.06,8.994632,81.51556,-4.821414,30.035685, Self-emp-not-inc, HS-grad, Never-married, Craft-repair, Own-child, White, Male, United-States, <=50K
21.871304,41916.984,9.475129,344.48328,-66.75625,33.96057, Private, HS-grad, Never-married, Other-service, Own-child, White, Female, United-States, <=50K
28.18123,148749.88,13.093621,1470.3905,-2.7324324,37.61186, Private, Bachelors, Married-civ-spouse, Handlers-cleaners, Husband, White, Male, United-States, <=50K
31.833944,298894.53,13.437354,-221.96307,7.1738024,82.7407, Private, Bachelors, Divorced, Craft-repair, Own-child, White, Male, United-States, <=50K
41.896523,85190.66,13.7783375,11009.316,21.431692,42.571407, Private, Masters, Married-civ-spouse, Exec-managerial, Husband, White, Male, United-States, >50K
42.277817,135096.66,10.624541,-113.76362,2.7523317,37.234055, Self-emp-not-inc, HS-grad, Never-married, Prof-specialty, Not-in-family, White, Female, United-States, <=50K
27.422087,314278.03,13.123374,7477.298,19.671934,44.01054, Private, Bachelors, Married-civ-spouse, Exec-managerial, Husband, White, Male, United-States, >50K
55.653755,339096.0,9.931145,1693.1136,14.448453,47.98784, Self-emp-not-inc, Some-college, Married-civ-spouse, Transport-moving, Husband, White, Male, United-States, >50K
26.027739,157529.52,8.972987,460.55066,-33.17629,32.832497, Private, HS-grad, Never-married, Other-service, Own-child, White, Female, United-States, <=50K
57.680565,67565.1,5.021921,295.57703,-20.323854,41.25045, Private, Some-college, Divorced, Other-service, Unmarried, White, Male, United-States, <=50K
39.917385,182486.47,11.001048,-358.6407,29.589746,47.77988, Private, Assoc-voc, Married-civ-spouse, Transport-moving, Husband, White, Male, United-States, >50K
58.504395,227509.66,14.280962,619.19666,26.561518,37.76934, Self-emp-inc, Bachelors, Married-civ-spouse, Exec-managerial, Husband, White, Male, United-States, >50K
41.741093,246383.64,15.665311,-746.7159,-14.051799,46.6636, Private, Assoc-acdm, Widowed, Sales, Not-in-family, White, Male, United-States, >50K
42.96823,81399.984,9.950483,-381.11163,3.2138796,44.26742, Private, Some-college, Married-civ-spouse, Craft-repair, Husband, White, Male, United-States, <=50K
52.20152,214807.3,9.901223,-1069.2959,-6.1289167,28.616024, Private, Some-college, Widowed, Exec-managerial, Unmarried, White, Female, United-States, <=50K
40.086422,-12.749348,10.993239,-475.7951,7.5739336,37.251007, Private, Assoc-voc, Married-civ-spouse, Protective-serv, Husband, White, Male, United-States, <=50K
49.26515,41697.297,13.033095,196.70026,32.61869,38.47314, ?, Bachelors, Married-civ-spouse, ?, Husband, White, Male, United-States, >50K
27.135342,164851.62,9.052441,-158.33185,-8.927867,40.586567, Private, HS-grad, Married-civ-spouse, Machine-op-inspct, Husband, White, Male, United-States, <=50K
23.196995,194605.44,8.981156,-77.035225,-11.390857,39.039288, Private, HS-grad, Never-married, Other-service, Not-in-family, White, Male, United-States, <=50K
34.73422,54938.625,9.309291,5091.523,13.248342,46.821526, Self-emp-not-inc, HS-grad, Married-civ-spouse, Farming-fishing, Husband, White, Male, United-States, <=50K
36.7738,304383.94,6.0106497,-18.298038,-1.8839978,44.457207, Private, HS-grad, Married-civ-spouse, Craft-repair, Husband, White, Male, United-States, <=50K
42.015118,241395.8,8.898581,85.167534,-24.373583,28.775005, Private, HS-grad, Separated, Other-service, Not-in-family, White, Male, United-States, <=50K
71.66418,295544.97,8.95749,283.7107,20.82347,39.84283, ?, HS-grad, Divorced, ?, Unmarried, White, Female, United-States, <=50K
35.402653,103099.26,13.238491,-475.69147,-2.8380308,46.358154, Self-emp-not-inc, Bachelors, Married-civ-spouse, Exec-managerial, Husband, White, Male, United-States, <=50K
27.063372,179753.55,9.964987,-55.454655,-25.114351,38.006184, Local-gov, Some-college, Never-married, Tech-support, Unmarried, White, Female, United-States, <=50K
37.144108,222533.39,13.918526,170.44562,18.492529,37.9018, Private, Masters, Married-civ-spouse, Prof-specialty, Husband, White, Male, United-States, <=50K
41.21112,181596.92,12.257936,1390.9117,-1.3994931,42.25044, Private, Assoc-acdm, Divorced, Craft-repair, Not-in-family, White, Male, United-States, <=50K
31.677475,276470.6,14.253418,74.15606,17.926413,62.674618, Federal-gov, Masters, Married-civ-spouse, Exec-managerial, Husband, White, Male, United-States, >50K
19.486368,335350.03,9.947012,878.7457,2.8319979,39.79139, Private, Some-college, Never-married, Adm-clerical, Not-in-family, White, Male, United-States, <=50K
29.860048,78811.945,13.00077,168.3982,5.080579,44.66804, Private, Bachelors, Never-married, Adm-clerical, Not-in-family, White, Female, United-States, <=50K
28.370836,179436.52,7.514048,-155.55267,-22.735056,54.715866, Private, Some-college, Never-married, Prof-specialty, Unmarried, White, Female, United-States, <=50K
25.001392,159872.58,9.8726635,46.220333,1.3740054,37.066425, Private, Some-college, Divorced, Sales, Own-child, White, Female, United-States, <=50K
40.423473,102642.86,9.010499,-10.214176,-3.4726667,42.32889, Private, HS-grad, Married-civ-spouse, Exec-managerial, Husband, White, Male, United-States, <=50K
14.96853,429673.6,10.371787,720.9084,-6.1706877,7.5221767, Private, Assoc-voc, Never-married, Handlers-cleaners, Own-child, White, Male, United-States, <=50K
27.138723,156047.12,6.4930887,-67.28632,-10.347163,39.720333, Private, Some-college, Married-civ-spouse, Exec-managerial, Husband, White, Male, United-States, <=50K
46.17062,119870.62,9.986025,4264.09,19.411596,52.387585, Local-gov, Some-college, Married-civ-spouse, Protective-serv, Husband, White, Male, United-States, >50K
18.495441,98630.55,7.8427634,494.43567,2.2425966,22.58975, Private, 11th, Never-married, Sales, Own-child, White, Male, United-States, <=50K
53.00334,203035.12,9.054809,119.352165,11.502263,38.065933, Private, HS-grad, Married-civ-spouse, Tech-support, Husband, White, Male, United-States, <=50K
53.910023,65749.125,9.058594,-134.0705,-0.26228607,55.38632, Private, HS-grad, Married-civ-spouse, Craft-repair, Husband, White, Male, United-States, <=50K
32.616093,178044.81,10.988163,38.41363,-27.65365,10.909567, Private, Assoc-voc, Married-civ-spouse, Transport-moving, Husband, White, Male, United-States, <=50K
69.409485,258830.1,6.02639,-184.83466,-3.4918242,35.30182, Private, 10th, Divorced, Sales, Not-in-family, White, Female, United-States, <=50K
26.11152,83611.86,12.961938,347.3756,-20.529757,34.50783, Private, Bachelors, Never-married, Prof-specialty, Not-in-family, White, Male, United-States, <=50K
36.903004,217911.67,9.8785,768.05536,-10.233325,36.043327, Private, Some-college, Married-civ-spouse, Adm-clerical, Husband, White, Male, United-States, <=50K
31.294287,159831.2,9.976127,113.08111,30.863619,55.058216, Self-emp-not-inc, Some-college, Married-civ-spouse, Exec-managerial, Husband, White, Male, United-States, >50K
21.664213,272488.12,6.7925553,-253.7735,-22.434336,39.722824, Private, 11th, Never-married, Other-service, Unmarried, White, Female, United-States, <=50K
19.938538,92877.55,7.09159,19.932186,-15.109019,23.775267, Private, 11th, Never-married, Transport-moving, Own-child, White, Female, United-States, <=50K
41.313347,149085.44,7.312995,661.6034,3.5138597,41.70398, Self-emp-not-inc, Some-college, Married-civ-spouse, Transport-moving, Husband, White, Male, United-States, >50K
30.687866,104683.12,8.96796,3424.442,-1.0184582,46.355114, Private, HS-grad, Married-civ-spouse, Tech-support, Husband, White, Male, United-States, >50K
22.722101,340283.8,13.093397,-555.56256,7.176297,46.501217, State-gov, Bachelors, Never-married, Prof-specialty, Not-in-family, White, Male, United-States, <=50K
32.698925,56583.188,5.875473,502.58502,-41.770123,50.955544, Local-gov, Some-college, Never-married, Other-service, Own-child, White, Male, United-States, <=50K
40.21608,71728.2,13.291711,267.75543,-3.2732573,44.769077, Private, Bachelors, Married-civ-spouse, Prof-specialty, Husband, White, Male, United-States, <=50K
27.355799,323703.62,12.791342,-201.96942,8.078404,44.008747, Private, Bachelors, Married-civ-spouse, Prof-specialty, Husband, White, Male, United-States, <=50K
39.91288,137291.6,11.127034,1007.7648,18.216856,92.089836, Private, Assoc-acdm, Married-civ-spouse, Transport-moving, Husband, White, Male, United-States, >50K
29.275167,175605.6,12.9764805,-31.49567,-15.551707,54.080704, Private, Bachelors, Never-married, Exec-managerial, Own-child, White, Male, United-States, <=50K
58.85449,218823.22,12.982299,423.0705,20.386885,40.968254, Private, Bachelors, Married-civ-spouse, Adm-clerical, Husband, White, Male, United-States, <=50K
60.61143,233523.86,7.0179048,-809.69196,7.8121843,31.203312, Self-emp-not-inc, Some-college, Married-civ-spouse, Other-service, Wife, White, Female, United-States, <=50K
24.748278,52158.22,14.0751,22.466122,9.036023,50.738945, Local-gov, Masters, Never-married, Prof-specialty, Not-in-family, White, Female, United-States, <=50K
43.883015,190643.02,9.907882,-234.3216,9.246343,43.798954, Private, Some-college, Married-civ-spouse, Exec-managerial, Husband, White, Male, United-States, >50K
37.86399,178776.6,7.649147,-455.48187,-13.008006,30.241566, Private, 11th, Married-civ-spouse, Prof-specialty, Husband, White, Male, United-States, >50K
47.24742,87428.5,9.996688,-284.36737,-4.577365,33.87727, Private, Some-college, Married-civ-spouse, Exec-managerial, Husband, White, Male, United-States, <=50K
50.564133,158526.23,9.908189,265.21222,5.774144,43.584816, Private, Some-college, Never-married, Adm-clerical, Own-child, White, Female, United-States, <=50K
72.262665,186018.25,12.72722,217.1352,10.554433,34.092865, State-gov, Bachelors, Married-civ-spouse, Exec-managerial, Husband, White, Male, United-States, <=50K
30.316626,127228.625,14.147761,59.76147,-7.498645,38.65189, Private, Masters, Married-civ-spouse, Prof-specialty, Husband, White, Male, United-States, <=50K
44.325542,114489.18,12.901828,945.02966,2139.5598,39.925762, Private, Bachelors, Married-civ-spouse, Other-service, Husband, White, Male, United-States, >50K
37.13073,279422.8,11.040082,-607.0865,6.7637453,40.405407, Private, Assoc-voc, Divorced, Other-service, Not-in-family, White, Female, United-States, <=50K
32.226505,150270.67,4.846214,276.53583,-5.1524687,44.35305, ?, 10th, Married-civ-spouse, ?, Husband, White, Male, United-States, <=50K
17.298378,631432.44,9.852192,-161.55402,-29.684908,23.133251, Private, Some-college, Never-married, Other-service, Own-child, White, Female, United-States, <=50K
79.53754,55857.312,13.934901,1117.8416,26.998701,44.406918, Private, Masters, Divorced, Prof-specialty, Not-in-family, White, Male, United-States, >50K
38.689877,153670.17,11.80535,884.7045,160.03476,26.89179, Self-emp-not-inc, Assoc-acdm, Married-civ-spouse, Sales, Other-relative, White, Female, United-States, <=50K
50.803535,272578.6,13.995193,303.25854,6.528966,35.472626, Private, Assoc-acdm, Married-civ-spouse, Prof-specialty, Husband, White, Male, United-States, <=50K
35.1681,101399.27,9.397998,249.23407,1639.2144,35.23161, Private, HS-grad, Never-married, Craft-repair, Unmarried, White, Female, United-States, <=50K
33.36116,229402.9,7.0606823,-17.844425,18.80403,38.92323, Private, 11th, Married-civ-spouse, Adm-clerical, Husband, White, Male, United-States, <=50K
29.410843,173456.83,9.075361,-316.16205,-31.641138,41.172733, Private, HS-grad, Never-married, Machine-op-inspct, Not-in-family, White, Female, United-States, <=50K
33.58147,140165.84,9.053513,-395.37518,9.456616,61.846878, Private, HS-grad, Married-civ-spouse, Craft-repair, Husband, White, Male, United-States, >50K
44.52857,109488.74,8.819061,574.9197,1.8909732,38.44191, Local-gov, 12th, Never-married, Other-service, Not-in-family, White, Female, United-States, <=50K
44.272015,127764.31,8.978922,199.28278,-12.81055,40.355976, Self-emp-not-inc, HS-grad, Divorced, Other-service, Not-in-family, White, Male, United-States, <=50K
56.084038,164061.11,12.855604,-349.16547,38.649433,42.06302, Self-emp-inc, Bachelors, Married-civ-spouse, Exec-managerial, Husband, White, Male, United-States, >50K
53.41305,175184.77,9.639871,25365.406,34.963352,45.481644, Private, Some-college, Married-civ-spouse, Sales, Husband, White, Male, United-States, >50K
25.498121,101404.06,10.026064,840.2324,3.8430147,47.60084, Local-gov, Some-college, Never-married, Adm-clerical, Own-child, White, Female, United-States, >50K
22.830873,132329.72,9.163364,470.5868,4.525304,20.90393, Private, HS-grad, Married-civ-spouse, Adm-clerical, Own-child, White, Female, United-States, <=50K
58.950874,131439.47,9.034578,52.2774,-7.67496,42.610466, Private, HS-grad, Divorced, Other-service, Not-in-family, White, Female, United-States, <=50K
48.401814,95532.055,8.989805,2289.9841,15.256841,45.791107, Private, HS-grad, Married-civ-spouse, Transport-moving, Husband, White, Male, United-States, >50K
55.71945,33648.42,9.989053,468.39978,15.092038,41.43203, State-gov, Some-college, Married-civ-spouse, Other-service, Husband, White, Male, United-States, <=50K
39.017097,172117.06,9.015729,61.580746,-2.5995588,44.58222, Private, HS-grad, Never-married, Craft-repair, Not-in-family, White, Male, United-States, <=50K
65.78888,102728.28,10.198145,10406.512,8.59892,31.216515, ?, Some-college, Married-civ-spouse, ?, Husband, White, Male, United-States, >50K
41.0328,22887.984,10.067696,-233.99567,-26.838816,43.71341, Local-gov, Some-college, Never-married, Machine-op-inspct, Not-in-family, White, Female, United-States, <=50K
24.409266,241629.78,10.595272,57.75793,17.690214,30.54759, Self-emp-not-inc, HS-grad, Never-married, Other-service, Own-child, White, Female, United-States, <=50K
25.872143,160719.5,10.041595,-203.2796,4.4658556,43.392673, Private, Some-college, Married-civ-spouse, Adm-clerical, Husband, White, Male, United-States, <=50K
36.990856,121057.63,3.8093858,758.97656,-34.491116,44.990814, Private, Some-college, Divorced, Exec-managerial, Unmarried, White, Male, United-States, >50K
32.359535,73431.25,12.083681,-93.129585,6.584775,39.882484, Private, Bachelors, Divorced, Other-service, Unmarried, White, Female, United-States, <=50K
26.84894,108418.6,14.018881,667.56415,-5.3552275,43.94416, State-gov, Masters, Divorced, Prof-specialty, Not-in-family, White, Male, United-States, <=50K
50.03328,71596.33,9.178696,-201.45538,-26.80762,28.098532, Local-gov, HS-grad, Widowed, Handlers-cleaners, Not-in-family, White, Female, United-States, <=50K
29.02864,330185.34,9.827369,19.23248,7.986806,39.241093, Private, Some-college, Separated, Other-service, Unmarried, White, Female, United-States, <=50K
61.00226,378796.0,13.059468,-28.104801,26.076807,41.452435, Private, Bachelors, Married-civ-spouse, Prof-specialty, Husband, White, Male, United-States, >50K
41.938675,193546.33,9.088931,165.68335,6.0660753,46.164036, Private, HS-grad, Married-civ-spouse, Machine-op-inspct, Husband, White, Male, United-States, >50K
27.17272,434338.8,9.108106,-604.9559,-7.013774,41.649784, Private, HS-grad, Married-civ-spouse, Other-service, Wife, White, Female, United-States, <=50K
47.242416,137573.92,9.03983,-539.60443,-3.2287855,32.135406, Private, HS-grad, Married-civ-spouse, Tech-support, Husband, White, Male, United-States, <=50K
28.80676,61828.016,9.023279,16.922054,11.129621,76.2862, Private, HS-grad, Married-civ-spouse, Craft-repair, Husband, White, Male, United-States, <=50K
50.187958,225163.03,9.14995,0.9382894,-5.634303,44.094677, Private, HS-grad, Never-married, Adm-clerical, Own-child, White, Female, United-States, <=50K
28.787384,294689.2,9.935969,-174.9693,-16.776987,49.92026, Private, Some-college, Never-married, Exec-managerial, Own-child, White, Male, United-States, <=50K
24.8672,143685.55,9.205952,-1009.88715,0.22518645,43.07513, Private, HS-grad, Divorced, Protective-serv, Not-in-family, White, Female, United-States, <=50K
42.54916,43888.156,12.919962,-150.0307,32.883884,48.829674, Private, Bachelors, Married-civ-spouse, Adm-clerical, Husband, White, Male, United-States, >50K
35.534187,361023.5,9.906839,-410.2038,2.8368425,55.18671, ?, Some-college, Divorced, ?, Not-in-family, White, Male, United-States, <=50K
44.275326,106388.51,11.010517,-224.44781,-15.094409,39.12264, Private, Assoc-voc, Separated, Adm-clerical, Not-in-family, White, Female, United-States, <=50K
24.317425,167315.28,12.906206,221.54175,0.9198581,50.739773, Private, Bachelors, Never-married, Machine-op-inspct, Not-in-family, White, Male, United-States, <=50K
29.700172,152954.27,10.866632,1650.2472,15.014028,42.76589, Private, Some-college, Married-civ-spouse, Adm-clerical, Husband, White, Male, United-States, >50K
53.251835,155219.78,9.002962,1584.3745,-1.7999142,45.625957, Private, HS-grad, Married-civ-spouse, Sales, Husband, White, Male, United-States, <=50K
38.517372,145874.39,9.078525,-104.03266,18.378798,50.879715, Self-emp-not-inc, HS-grad, Married-civ-spouse, Prof-specialty, Husband, White, Male, United-States, >50K
22.522854,154004.16,9.826017,577.2964,-5.3868513,33.458603, Private, Some-college, Never-married, Adm-clerical, Not-in-family, White, Female, United-States, <=50K
19.784355,160716.83,6.2132044,331.5393,-16.936823,44.828854, Private, 10th, Never-married, Other-service, Own-child, White, Male, United-States, <=50K
45.985,312691.84,5.0520883,-327.3382,-2.5212736,36.74977, Private, 12th, Married-civ-spouse, Transport-moving, Husband, White, Male, United-States, <=50K
33.378696,128846.52,5.160779,-718.1839,1.0042316,45.145683, Federal-gov, HS-grad, Married-civ-spouse, Craft-repair, Own-child, White, Male, United-States, <=50K
41.40705,84113.27,9.015579,-240.99506,2.4806032,42.966686, Private, HS-grad, Married-civ-spouse, Craft-repair, Husband, White, Male, United-States, <=50K
19.014559,38845.234,10.059914,460.94513,-4.2889967,33.674862, Private, Some-college, Never-married, Other-service, Own-child, White, Male, United-States, <=50K
33.63279,291174.84,8.943449,197.21722,-9.406421,36.512753, Self-emp-not-inc, HS-grad, Married-civ-spouse, Transport-moving, Husband, White, Male, United-States, <=50K
18.999926,89686.87,9.05081,-66.59028,-7.6391783,13.829309, Private, HS-grad, Never-married, Adm-clerical, Own-child, White, Female, United-States, <=50K
28.623844,207053.86,6.2286205,-57.638615,7.880002,60.408695, Private, 10th, Married-civ-spouse, Craft-repair, Husband, White, Male, United-States, >50K
22.329496,232082.94,9.013751,970.8367,1.9349643,42.477802, Private, HS-grad, Married-civ-spouse, Sales, Husband, White, Male, United-States, <=50K
53.80296,225308.67,4.489347,-373.51923,67.54999,41.964207, ?, Some-college, Divorced, ?, Unmarried, White, Female, United-States, >50K
44.57752,201754.34,8.89974,336.75006,-22.719172,71.206566, Private, HS-grad, Never-married, Transport-moving, Not-in-family, White, Male, United-States, <=50K
33.65219,496821.75,7.887429,-221.72504,5.8825197,36.531635, Private, 11th, Married-civ-spouse, Machine-op-inspct, Husband, White, Male, United-States, >50K
52.657024,373642.94,9.009965,-144.13092,8.700833,38.317623, State-gov, HS-grad, Married-civ-spouse, Other-service, Husband, White, Male, United-States, <=50K
42.85608,49244.656,11.992458,426.5426,2029.9135,60.659523, Self-emp-inc, Assoc-acdm, Married-civ-spouse, Exec-managerial, Husband, White, Male, United-States, >50K
34.063152,179980.55,8.981177,81.89013,-27.882257,45.744347, Private, HS-grad, Never-married, Adm-clerical, Other-relative, White, Male, United-States, <=50K
35.97897,181002.94,12.915295,140.04419,-2.9779692,41.27492, Private, Bachelors, Divorced, Exec-managerial, Unmarried, White, Female, United-States, <=50K
37.54896,121634.12,4.931643,162.51501,-8.722003,24.922392, Private, Some-college, Divorced, Other-service, Unmarried, White, Female, United-States, <=50K
70.15436,158922.03,13.440543,-1284.3171,6.0886354,42.412514, Local-gov, Masters, Married-civ-spouse, Other-service, Husband, White, Male, United-States, <=50K
61.143715,239113.06,10.537112,-35.87885,8.390576,42.57688, Private, Some-college, Married-civ-spouse, Prof-specialty, Husband, White, Male, United-States, <=50K
16.849892,128064.766,7.1118026,258.1598,-16.862368,34.597473, Private, 11th, Never-married, Other-service, Own-child, White, Male, United-States, <=50K
67.000786,199015.56,9.978314,330.36176,23.261465,43.009834, Private, Some-college, Married-civ-spouse, Sales, Husband, White, Female, United-States, >50K
38.931755,179372.64,12.903193,288.44934,32.0154,60.633842, Private, Bachelors, Separated, Machine-op-inspct, Not-in-family, White, Male, United-States, <=50K
35.790733,118896.97,9.040815,-357.83527,-31.466814,25.642084, Private, HS-grad, Never-married, Machine-op-inspct, Unmarried, White, Female, United-States, <=50K
30.943464,100599.8,11.093902,-252.71259,20.431028,53.293716, Private, Assoc-voc, Never-married, Exec-managerial, Own-child, White, Male, United-States, >50K
16.008358,97009.61,7.534026,66.88897,-27.86072,21.83842, Private, 12th, Never-married, Handlers-cleaners, Own-child, White, Male, United-States, <=50K
35.321854,199608.5,9.058302,2117.4346,22.681479,64.23095, ?, HS-grad, Married-civ-spouse, ?, Husband, White, Male, United-States, >50K
39.69979,177841.39,13.099711,64.63836,-20.092913,44.846653, Private, Bachelors, Never-married, Other-service, Not-in-family, White, Female, United-States, <=50K
31.196856,231887.84,10.028439,223.47845,0.70659363,37.389084, Private, Some-college, Married-civ-spouse, Machine-op-inspct, Husband, White, Male, United-States, >50K
64.795975,373991.0,13.975652,11329.581,57.29131,63.67397, Local-gov, Masters, Divorced, Exec-managerial, Unmarried, White, Female, United-States, >50K
36.09855,231954.97,9.1908865,139.00525,-15.584239,36.220177, State-gov, HS-grad, Married-civ-spouse, Prof-specialty, Husband, White, Male, United-States, <=50K
40.780533,336810.97,8.902673,128.66016,51.157543,74.372246, Self-emp-not-inc, HS-grad, Married-civ-spouse, Exec-managerial, Husband, White, Male, United-States, >50K
32.01172,58101.86,13.958584,-49.497135,42.130836,38.335674, Self-emp-not-inc, Masters, Married-civ-spouse, Prof-specialty, Wife, White, Female, United-States, >50K
40.271328,135891.19,11.84877,829.9823,12.906362,24.053707, Private, Assoc-acdm, Married-civ-spouse, Craft-repair, Wife, White, Female, United-States, <=50K
34.39199,89471.46,9.028651,-662.33685,8.891538,40.947758, Private, HS-grad, Divorced, Protective-serv, Not-in-family, White, Female, United-States, <=50K
22.090372,490339.75,8.864849,-30.054996,12.348821,41.91839, Private, HS-grad, Never-married, Handlers-cleaners, Not-in-family, White, Female, United-States, <=50K
35.95333,179595.61,9.1828375,-440.8227,-28.824053,39.186863, State-gov, HS-grad, Never-married, Prof-specialty, Unmarried, White, Female, United-States, <=50K
18.842367,118867.984,9.877249,-338.98407,8.925824,34.531265, Private, Some-college, Never-married, Prof-specialty, Own-child, White, Female, United-States, <=50K
55.942364,100734.06,13.884407,-462.77545,19.308767,61.905315, Private, Masters, Never-married, Prof-specialty, Not-in-family, White, Male, United-States, >50K
49.00753,125232.5,4.8406935,205.03735,-3.2475538,51.94593, Private, HS-grad, Divorced, Machine-op-inspct, Not-in-family, White, Male, United-States, <=50K
26.690054,176042.34,9.950042,1379.6241,22.785635,39.928127, Private, Some-college, Married-civ-spouse, Machine-op-inspct, Husband, White, Male, United-States, >50K
19.246044,159599.1,9.949577,-174.35492,-7.681987,45.72978, ?, Some-college, Never-married, ?, Own-child, White, Female, United-States, <=50K
35.285816,-3889.265,15.08749,28324.7,13.684522,57.084118, Private, Masters, Separated, Prof-specialty, Not-in-family, White, Female, United-States, >50K
37.54754,103666.53,8.997604,-386.4936,-8.831988,41.21443, Self-emp-not-inc, HS-grad, Divorced, Transport-moving, Not-in-family, White, Female, United-States, <=50K
46.519867,461397.03,8.964068,235.2143,31.695883,46.416153, Private, HS-grad, Married-civ-spouse, Adm-clerical, Husband, White, Male, United-States, >50K
20.91541,103076.48,9.925731,745.9298,38.817726,74.2373, Self-emp-not-inc, Some-college, Never-married, Handlers-cleaners, Own-child, White, Male, United-States, <=50K
41.98837,134262.61,9.061354,-256.6469,-3.310893,41.96911, State-gov, HS-grad, Divorced, Adm-clerical, Not-in-family, White, Female, United-States, <=50K
17.823687,274027.3,9.0389385,131.16309,-19.270739,39.126778, Private, HS-grad, Never-married, Craft-repair, Not-in-family, White, Male, United-States, <=50K
18.838943,89629.24,9.067265,-210.79437,-10.505176,47.420544, Private, HS-grad, Never-married, Machine-op-inspct, Not-in-family, White, Female, United-States, <=50K
31.901258,326888.6,8.980861,156.219,-0.55713165,54.652416, Private, HS-grad, Married-civ-spouse, Handlers-cleaners, Husband, White, Male, United-States, <=50K
53.965645,422918.8,13.831626,80.95287,38.593235,50.829365, Self-emp-not-inc, Masters, Married-civ-spouse, Prof-specialty, Husband, White, Male, United-States, <=50K
43.46348,79179.49,7.5112906,-328.79047,27.403051,60.85671, Private, 12th, Never-married, Craft-repair, Not-in-family, White, Male, United-States, >50K
28.663477,310502.75,9.863519,82.25109,4.939023,43.37951, Self-emp-not-inc, Some-college, Never-married, Exec-managerial, Not-in-family, White, Male, United-States, <=50K
26.928179,194678.77,9.929177,1004.01544,8.518193,49.56873, Private, Some-college, Married-civ-spouse, Transport-moving, Husband, White, Male, United-States, >50K
23.285627,165867.98,9.898601,484.01306,-20.78036,43.72123, Private, Some-college, Never-married, Other-service, Other-relative, White, Male, United-States, <=50K
22.80779,176857.9,9.0784235,-234.4433,-0.898631,36.977985, Private, HS-grad, Married-civ-spouse, Adm-clerical, Husband, White, Male, United-States, <=50K
37.527016,144546.95,13.052441,271.92773,6.383931,43.053455, Private, Bachelors, Married-civ-spouse, Sales, Husband, White, Male, United-States, <=50K
37.027496,62247.727,4.400075,-160.91327,25.324762,46.590252, Private, Some-college, Married-civ-spouse, Other-service, Husband, White, Male, United-States, <=50K
31.86328,109064.02,12.880364,1490.7413,20.604162,40.633972, Private, Bachelors, Married-civ-spouse, Handlers-cleaners, Husband, White, Male, United-States, >50K
28.146385,39553.17,13.02525,52.11688,12.828053,34.988403, Private, Bachelors, Married-civ-spouse, Sales, Husband, White, Male, United-States, >50K
28.07277,290239.6,9.49253,545.1009,-0.0688733,50.31892, Private, HS-grad, Never-married, Other-service, Not-in-family, White, Female, United-States, <=50K
55.26233,457338.2,12.900123,2832.2798,49.14747,42.159298, Private, Bachelors, Married-civ-spouse, Prof-specialty, Wife, White, Female, United-States, >50K
33.33871,283143.56,8.978958,243.69293,0.4485675,41.41354, Private, HS-grad, Divorced, Sales, Unmarried, White, Male, United-States, <=50K
29.801825,102213.61,12.136896,-555.4544,-7.6928434,33.12533, Private, Assoc-acdm, Married-civ-spouse, Craft-repair, Husband, White, Male, United-States, <=50K
23.282356,246485.89,8.97947,-203.48334,-10.344707,32.023064, Private, HS-grad, Never-married, Craft-repair, Own-child, White, Female, United-States, <=50K
69.79866,81723.81,14.717846,-647.7481,5.012517,30.929455, Local-gov, Bachelors, Widowed, Prof-specialty, Not-in-family, White, Female, United-States, <=50K
60.3294,261574.39,12.918016,-467.83942,12.471753,49.490685, Private, Bachelors, Married-civ-spouse, Exec-managerial, Husband, White, Male, United-States, <=50K
51.627346,191468.14,10.023846,-131.37299,-5.866557,36.469456, Private, Some-college, Married-civ-spouse, Craft-repair, Husband, White, Male, United-States, <=50K
32.77609,251206.19,8.88899,-45.2486,-31.581186,53.1798, Private, HS-grad, Divorced, Craft-repair, Own-child, White, Male, United-States, <=50K
22.64147,11336.392,12.927647,147.02887,-2.7964506,49.474274, Private, Bachelors, Never-married, Prof-specialty, Not-in-family, White, Male, United-States, <=50K
37.373234,216807.53,8.919915,-440.25336,-21.968325,47.77921, Private, HS-grad, Divorced, Other-service, Unmarried, White, Female, United-States, >50K
35.762394,215658.19,4.186442,227.27106,-1.3247479,45.34137, Private, Some-college, Married-civ-spouse, Transport-moving, Husband, White, Male, United-States, >50K
19.35339,195997.9,10.0020075,160.46942,-12.421405,17.595713, Private, Some-college, Never-married, Adm-clerical, Own-child, White, Female, United-States, <=50K
62.981297,162737.27,10.930255,-71.32978,9.201039,41.588867, State-gov, Assoc-voc, Married-civ-spouse, Other-service, Husband, White, Male, United-States, <=50K
36.91664,114949.7,10.048886,984.8802,1823.7672,41.163094, ?, Some-college, Married-civ-spouse, ?, Husband, White, Male, United-States, >50K
26.829227,103344.41,8.918702,-469.75116,-5.735179,39.33667, Self-emp-not-inc, HS-grad, Never-married, Exec-managerial, Not-in-family, White, Female, United-States, <=50K
69.24435,241472.31,9.893359,-5.087345,-14.051547,20.521954, ?, Some-college, Never-married, ?, Not-in-family, White, Male, United-States, <=50K
42.763958,206384.02,12.812958,190.43225,12.493878,68.07579, Self-emp-not-inc, Assoc-acdm, Married-civ-spouse, Farming-fishing, Husband, White, Male, United-States, <=50K
45.240692,16130.829,10.001232,4706.9873,10.956861,36.378204, Self-emp-not-inc, Some-college, Married-civ-spouse, Sales, Wife, White, Female, United-States, <=50K
29.689236,208402.28,9.865836,276.789,5.2149706,44.272625, Private, Some-college, Married-civ-spouse, Other-service, Husband, White, Male, United-States, <=50K
49.33006,257662.06,11.661121,179.1369,-3.7135038,57.28957, Private, Masters, Never-married, Exec-managerial, Not-in-family, White, Male, United-States, <=50K
66.28517,227634.86,3.9912977,-4.8849525,-12.050914,38.30352, Local-gov, HS-grad, Married-civ-spouse, Machine-op-inspct, Husband, White, Male, United-States, <=50K
37.84574,218616.66,13.060377,-278.91693,-5.0267515,42.406605, Private, Bachelors, Married-civ-spouse, Other-service, Husband, White, Male, United-States, <=50K
41.551968,146746.19,13.012809,137.185,26.981283,44.608368, Self-emp-not-inc, Bachelors, Married-civ-spouse, Tech-support, Husband, White, Male, United-States, >50K
26.04708,132555.31,8.95725,-386.62152,-8.537295,33.21517, Self-emp-not-inc, HS-grad, Never-married, Other-service, Own-child, White, Male, United-States, <=50K
47.419785,149310.94,9.362803,12.124691,29.546606,25.143032, Local-gov, HS-grad, Widowed, Prof-specialty, Not-in-family, White, Female, United-States, <=50K
46.46447,298669.97,12.990922,4060.8723,23.628504,67.771454, Private, Bachelors, Married-civ-spouse, Prof-specialty, Husband, White, Male, United-States, >50K
40.372696,380033.72,9.955214,-267.95502,21.192427,52.141945, Private, Some-college, Married-civ-spouse, Other-service, Husband, White, Male, United-States, >50K
77.8352,424998.34,13.071684,-275.5517,20.824347,7.7469997, Private, Bachelors, Married-civ-spouse, Exec-managerial, Husband, White, Male, United-States, >50K
56.06862,149056.97,4.4561796,229.42218,-10.307277,38.006134, Private, HS-grad, Married-civ-spouse, Handlers-cleaners, Husband, White, Male, United-States, <=50K
31.040524,133048.08,13.107728,-58.88837,-3.0747938,32.47291, Private, Bachelors, Married-civ-spouse, Sales, Wife, White, Female, United-States, >50K
35.498184,87303.414,9.941824,708.78204,-3.458377,40.995758, Private, Some-college, Divorced, Craft-repair, Unmarried, White, Male, United-States, >50K
44.154205,118708.516,9.783715,81.82537,21.243246,44.86243, Private, Some-college, Divorced, Transport-moving, Not-in-family, White, Male, United-States, >50K
41.62056,234611.14,8.977052,-361.66827,-5.4528,44.761597, Private, HS-grad, Married-civ-spouse, Transport-moving, Husband, White, Male, United-States, <=50K
22.939114,260957.89,9.967327,-363.11774,17.89588,26.258547, Private, Some-college, Never-married, Craft-repair, Own-child, White, Female, United-States, >50K
39.21326,97826.37,8.938978,-404.99908,-2.8114119,46.66274, Private, HS-grad, Divorced, Handlers-cleaners, Not-in-family, White, Male, United-States, <=50K
38.06265,256752.58,10.99137,-297.5761,-4.8158064,48.945732, Private, Assoc-voc, Divorced, Other-service, Not-in-family, White, Male, United-States, <=50K
23.498907,227176.14,9.973919,-198.95917,-3.8826323,36.056484, Private, Some-college, Never-married, Adm-clerical, Own-child, White, Male, United-States, <=50K
63.015263,215035.92,4.611802,-86.57612,-32.393536,7.0827312, Local-gov, Some-college, Married-civ-spouse, Other-service, Husband, White, Male, United-States, <=50K
45.128468,135195.77,8.95901,264.1618,-7.4816847,41.74105, Private, HS-grad, Never-married, Sales, Not-in-family, White, Female, United-States, <=50K
28.171005,120333.74,12.349651,3176.8123,30.63185,42.27465, Private, Bachelors, Separated, Other-service, Not-in-family, White, Male, United-States, <=50K
21.23068,173967.39,12.871423,-134.31,-6.477771,35.151066, Private, Bachelors, Never-married, Transport-moving, Not-in-family, White, Male, United-States, <=50K
33.184963,208552.3,12.099748,486.32703,6.43707,40.397053, Private, Assoc-voc, Divorced, Handlers-cleaners, Not-in-family, White, Male, United-States, <=50K
29.150578,238030.22,4.0664697,-51.416935,3.7863665,44.36131, ?, HS-grad, Never-married, ?, Not-in-family, White, Female, United-States, <=50K
24.72983,156650.02,9.100275,-665.53705,2.4734697,27.239397, State-gov, HS-grad, Never-married, Sales, Not-in-family, White, Male, United-States, <=50K
32.960888,157374.75,9.069932,155.30933,1.3527194,39.113716, Private, HS-grad, Married-civ-spouse, Prof-specialty, Husband, White, Male, United-States, <=50K
19.40798,70558.43,9.07825,-4.6605873,-28.039873,44.518204, Private, HS-grad, Never-married, Sales, Own-child, White, Male, United-States, <=50K
28.979475,166788.58,9.001891,-107.46674,2.037549,51.611935, Private, HS-grad, Married-civ-spouse, Sales, Husband, White, Male, United-States, <=50K
51.76997,652790.94,3.488513,182.69904,-5.9707975,36.668064, Private, Some-college, Married-civ-spouse, Other-service, Husband, White, Male, United-States, <=50K
55.804466,192286.28,13.2191725,-247.2857,-1.8639249,37.966206, Private, Bachelors, Divorced, Prof-specialty, Unmarried, White, Male, United-States, >50K
21.31285,83237.06,12.932687,1363.5669,-13.79024,43.5203, Private, Bachelors, Never-married, Prof-specialty, Not-in-family, White, Male, United-States, <=50K
42.450813,157071.39,9.919357,321.3772,-2.141406,38.12018, Private, Some-college, Divorced, Craft-repair, Unmarried, White, Male, United-States, <=50K
51.357544,125640.56,8.843873,31.26678,-5.6475477,37.61175, Private, HS-grad, Divorced, Sales, Unmarried, White, Female, United-States, <=50K
53.236507,99939.76,13.554244,-87.19929,-8.771426,40.529655, Self-emp-inc, Bachelors, Never-married, Prof-specialty, Unmarried, White, Female, United-States, <=50K
47.75619,177119.12,6.113181,4873.7,17.379004,42.909393, Private, 10th, Married-civ-spouse, Craft-repair, Husband, White, Male, United-States, >50K
27.148722,172541.42,8.829055,206.30957,2.9399538,45.35251, Self-emp-not-inc, HS-grad, Never-married, Handlers-cleaners, Own-child, White, Male, United-States, <=50K
18.063503,220816.33,9.935107,667.2509,1973.653,23.650417, Private, Some-college, Never-married, Other-service, Own-child, White, Female, United-States, <=50K
46.11047,136382.42,9.956732,4465.6724,7.058072,35.240154, Private, Some-college, Married-civ-spouse, Craft-repair, Husband, White, Male, United-States, <=50K
76.35813,122107.234,9.000756,669.2259,-4.2649794,53.393284, State-gov, HS-grad, Divorced, ?, Other-relative, White, Male, United-States, <=50K
40.1031,115073.664,13.019462,13031.146,15.459241,43.464214, Private, Bachelors, Married-civ-spouse, Other-service, Husband, White, Male, United-States, >50K
46.280113,476287.7,8.929487,541.72845,-4.83475,36.735325, Private, HS-grad, Married-civ-spouse, Prof-specialty, Husband, White, Male, United-States, <=50K
55.402103,191460.64,9.935716,-47.19501,23.465082,52.139675, Self-emp-not-inc, Some-college, Married-civ-spouse, Transport-moving, Husband, White, Male, United-States, >50K
36.255127,233764.22,12.936906,336.78363,9.409619,35.336662, Self-emp-not-inc, Bachelors, Never-married, Exec-managerial, Not-in-family, White, Female, United-States, <=50K
57.678543,100241.75,8.680587,53.440426,-3.0279875,30.694443, Private, Some-college, Divorced, Exec-managerial, Not-in-family, White, Male, United-States, <=50K
65.70941,134534.08,14.089586,257.1233,39.159187,53.84821, Self-emp-not-inc, Masters, Married-civ-spouse, Sales, Husband, White, Male, United-States, >50K
40.099094,303264.97,9.149823,-162.61603,19.861197,100.52527, Private, HS-grad, Married-civ-spouse, Sales, Wife, White, Female, United-States, >50K
29.740532,294962.4,9.929141,-40.79572,15.263753,57.09806, Private, Some-college, Married-civ-spouse, Craft-repair, Husband, White, Male, United-States, >50K
55.15565,285414.03,12.958469,439.9466,-3.9693632,49.34508, Private, Bachelors, Never-married, Exec-managerial, Not-in-family, White, Male, United-States, <=50K
17.307558,123007.77,8.953061,-450.3703,-48.604137,56.37274, Private, HS-grad, Never-married, Other-service, Other-relative, White, Male, United-States, <=50K
35.893295,90139.63,9.972974,442.19196,433.3726,39.960354, Private, Some-college, Never-married, Machine-op-inspct, Own-child, White, Male, United-States, <=50K
24.938076,202920.81,9.003517,-87.525826,-8.071452,43.951958, Private, HS-grad, Never-married, Craft-repair, Not-in-family, White, Female, United-States, <=50K
42.095665,133685.73,9.072751,3385.4497,19.196432,45.869316, Private, HS-grad, Married-civ-spouse, Prof-specialty, Husband, White, Male, United-States, >50K
22.37561,228604.55,4.1361814,484.31903,-3.2904234,39.563206, Local-gov, 12th, Never-married, Other-service, Not-in-family, White, Male, United-States, <=50K
61.43625,169363.61,9.973016,-382.9389,23.27773,43.500385, Private, Some-college, Married-civ-spouse, Machine-op-inspct, Wife, White, Female, United-States, <=50K
26.957695,102973.695,9.041609,-76.09162,2.210805,44.405, Private, HS-grad, Married-civ-spouse, Craft-repair, Husband, White, Male, United-States, <=50K
35.93741,22035.89,12.769792,-337.7569,0.30006135,46.004356, Private, Bachelors, Married-civ-spouse, Transport-moving, Husband, White, Male, United-States, <=50K
36.432114,332250.22,10.905509,134.62408,-30.450846,21.914984, Private, Assoc-voc, Married-civ-spouse, Handlers-cleaners, Husband, White, Male, United-States, <=50K
45.149784,103538.164,15.248636,-322.15558,16.90071,51.974506, Private, Assoc-acdm, Never-married, Prof-specialty, Not-in-family, White, Male, United-States, >50K
32.652218,94058.41,9.038649,-186.85956,82.15849,56.341183, Private, HS-grad, Married-civ-spouse, Transport-moving, Husband, White, Male, United-States, >50K
56.195503,118035.13,13.030278,-252.31256,2.7435045,41.70616, Local-gov, Bachelors, Married-civ-spouse, Adm-clerical, Husband, White, Male, United-States, <=50K
23.259499,104357.52,12.962885,1178.0641,0.80709565,29.123655, Private, Bachelors, Never-married, Exec-managerial, Not-in-family, White, Male, United-States, <=50K
42.155476,168063.33,9.128387,-190.63922,5.633916,40.891666, Private, HS-grad, Married-civ-spouse, Craft-repair, Husband, White, Male, United-States, <=50K
47.51353,218618.11,10.784386,-41.965885,27.266867,43.037045, Self-emp-not-inc, Assoc-voc, Married-civ-spouse, Exec-managerial, Husband, White, Male, United-States, >50K
73.685814,234877.97,13.942875,-1107.6426,15.661122,17.73318, ?, Masters, Widowed, ?, Not-in-family, White, Female, United-States, <=50K
54.54345,293641.3,9.057776,67.81548,19.652029,45.980602, Private, HS-grad, Married-civ-spouse, Craft-repair, Husband, White, Male, United-States, <=50K
38.17955,317774.56,9.016522,173.05359,-8.44572,41.57883, Private, HS-grad, Married-civ-spouse, Machine-op-inspct, Husband, White, Male, United-States, <=50K
46.96549,357918.44,8.962743,-36.92011,1.9758044,51.404648, Federal-gov, HS-grad, Married-civ-spouse, Transport-moving, Husband, White, Male, United-States, <=50K
27.704441,147854.39,13.0143795,103.27288,-11.106273,44.32935, Private, Bachelors, Never-married, Prof-specialty, Not-in-family, White, Male, United-States, <=50K
36.23466,162465.55,8.0070305,-1436.5049,1895.054,37.054195, Self-emp-not-inc, 11th, Never-married, Prof-specialty, Not-in-family, White, Male, United-States, <=50K
29.511787,262658.38,9.948952,805.5974,14.6763735,43.710526, Self-emp-inc, Some-college, Married-civ-spouse, Sales, Husband, White, Male, United-States, >50K
29.788958,243185.28,8.986416,-139.1623,-0.97376525,56.8557, Private, HS-grad, Married-civ-spouse, Handlers-cleaners, Husband, White, Male, United-States, <=50K
58.761227,185551.84,9.670621,-880.4333,-28.996027,29.677746, Private, Some-college, Widowed, Other-service, Unmarried, White, Female, United-States, <=50K
24.28236,47100.266,13.023304,137.7052,27.40619,36.501637, Private, Bachelors, Married-civ-spouse, Prof-specialty, Wife, White, Female, United-States, >50K
61.47131,181804.83,9.073809,220.77972,-7.2366896,41.792027, Private, HS-grad, Married-civ-spouse, Machine-op-inspct, Husband, White, Male, United-States, >50K
65.05805,294671.62,9.118459,-106.42695,3.9900255,29.821571, Private, HS-grad, Married-civ-spouse, Adm-clerical, Husband, White, Male, United-States, <=50K
33.030518,166621.0,12.861315,1085.3099,-9.765964,19.689598, Private, Bachelors, Divorced, Prof-specialty, Not-in-family, White, Female, United-States, <=50K
37.709545,250389.19,11.15454,-738.31085,2.5844545,27.321249, State-gov, Assoc-voc, Divorced, Prof-specialty, Not-in-family, White, Female, United-States, <=50K
21.939188,163948.08,9.840553,52060.605,59.760063,41.62914, Private, Some-college, Married-civ-spouse, Exec-managerial, Wife, White, Female, United-States, >50K
52.039833,323991.03,8.994476,454.0608,-15.407748,48.81838, Local-gov, HS-grad, Married-civ-spouse, Protective-serv, Husband, White, Male, United-States, <=50K
28.742533,187952.8,8.960332,244.89703,6.820874,49.83081, Self-emp-not-inc, HS-grad, Married-civ-spouse, Exec-managerial, Husband, White, Male, United-States, <=50K
24.887516,128850.09,10.882598,-121.229195,1148.8733,36.690414, Private, HS-grad, Never-married, Exec-managerial, Own-child, White, Female, United-States, <=50K
45.842674,258520.52,8.994036,173.22675,8.418736,40.16132, ?, HS-grad, Married-civ-spouse, ?, Husband, White, Male, United-States, <=50K
44.086353,179376.94,13.976368,1473.3257,6.946233,39.92114, Private, Masters, Separated, Prof-specialty, Unmarried, White, Male, United-States, <=50K
46.347404,105311.81,8.96427,-438.27618,4.2221575,16.31742, Private, HS-grad, Widowed, Other-service, Unmarried, White, Female, United-States, <=50K
64.743774,161668.53,9.866733,640.3191,-6.438388,38.94282, Private, Some-college, Never-married, Exec-managerial, Own-child, White, Male, United-States, <=50K
66.84858,103769.21,9.0092125,27.763851,3.1563997,42.14384, Private, HS-grad, Divorced, Other-service, Not-in-family, White, Female, United-States, <=50K
21.090393,215595.28,9.950638,31.91888,0.40067017,39.07987, Private, Some-college, Never-married, Adm-clerical, Unmarried, White, Female, United-States, <=50K
21.545704,273655.94,9.935232,62.041622,-15.1962385,38.718475, Private, Some-college, Never-married, Exec-managerial, Own-child, White, Male, United-States, <=50K
52.587906,26908.281,9.256016,-388.6485,-5.0128508,40.19863, Private, HS-grad, Divorced, Adm-clerical, Not-in-family, White, Female, United-States, <=50K
22.086866,69835.74,9.082197,-227.28851,-6.053729,36.284325, ?, HS-grad, Never-married, ?, Unmarried, White, Female, United-States, <=50K
37.71406,177770.28,6.846189,-153.82013,3.986577,-18.096125, Self-emp-not-inc, 10th, Separated, Prof-specialty, Own-child, White, Male, United-States, <=50K
44.815655,210326.4,10.491606,-345.79047,21.349371,42.81209, Private, HS-grad, Married-civ-spouse, Craft-repair, Husband, White, Male, United-States, >50K
49.242016,518722.3,9.798173,-149.94867,49.72756,33.783974, Private, Some-college, Married-civ-spouse, Exec-managerial, Wife, White, Female, United-States, <=50K
19.630316,76906.945,9.878875,201.258,-17.853304,56.297478, Private, Some-college, Never-married, Other-service, Own-child, White, Male, United-States, <=50K
52.32822,344330.88,8.894447,-446.492,-7.072665,16.844496, Private, HS-grad, Married-civ-spouse, Other-service, Husband, White, Male, United-States, <=50K
30.470608,106556.13,8.913112,157.41168,-18.558687,40.27232, Private, HS-grad, Never-married, Adm-clerical, Unmarried, White, Female, United-States, <=50K
53.73323,219355.55,12.977163,178.0238,38.22222,65.54759, Local-gov, Bachelors, Married-civ-spouse, Adm-clerical, Husband, White, Male, United-States, >50K
33.3534,141594.38,9.013552,173.94928,13.283269,48.545998, Private, HS-grad, Married-civ-spouse, Craft-repair, Husband, White, Male, United-States, >50K
27.466606,266675.7,2.9763002,542.44135,-6.1760435,67.86766, Private, Some-college, Never-married, Machine-op-inspct, Own-child, White, Male, United-States, <=50K
20.110952,220019.16,6.6041856,112.247246,-9.43513,25.769415, Local-gov, 11th, Never-married, Adm-clerical, Own-child, White, Male, United-States, <=50K
20.348463,119578.96,9.95794,27.096493,2.9358416,36.043285, Private, Some-college, Never-married, Sales, Own-child, White, Male, United-States, <=50K
49.62432,296331.12,12.870476,11.880795,27.324583,45.01845, Private, Bachelors, Married-civ-spouse, Exec-managerial, Husband, White, Male, United-States, >50K
43.48677,124663.4,9.975811,285.29175,-1.3020886,49.947163, Private, Some-college, Married-civ-spouse, Other-service, Husband, White, Male, United-States, >50K
52.13179,69909.875,9.0281725,435.59607,19.841497,40.81494, Private, HS-grad, Married-civ-spouse, Adm-clerical, Husband, White, Male, United-States, >50K
57.06547,491954.1,8.919595,203.92328,-17.68561,36.095028, Private, HS-grad, Never-married, Other-service, Unmarried, White, Female, United-States, <=50K
25.174417,213233.02,9.02777,1134.8467,-20.42579,40.972763, Private, HS-grad, Married-civ-spouse, Machine-op-inspct, Husband, White, Male, United-States, <=50K
30.442339,311539.7,9.749506,183.92285,11.463048,39.308952, Private, Some-college, Married-civ-spouse, Handlers-cleaners, Husband, White, Male, United-States, >50K
36.57789,78132.7,8.978099,-28.983097,-15.923945,35.74527, Private, HS-grad, Divorced, Other-service, Not-in-family, White, Female, United-States, <=50K
22.319677,326253.53,8.971423,28.53143,-22.566965,40.773174, Private, HS-grad, Never-married, Transport-moving, Unmarried, White, Female, United-States, <=50K
33.780262,140098.27,9.973703,454.437,4.503316,56.94087, Self-emp-not-inc, Some-college, Married-civ-spouse, Transport-moving, Husband, White, Male, United-States, <=50K
48.799534,282432.66,9.0942135,-244.87067,-3.6041746,36.481525, Private, HS-grad, Widowed, Other-service, Own-child, White, Female, United-States, <=50K
41.393574,143214.89,15.791021,-170.75409,32.448395,45.588654, Private, Masters, Married-civ-spouse, Prof-specialty, Husband, White, Male, United-States, >50K
28.719406,167011.23,9.083781,-144.32135,-23.751734,32.948284, Private, HS-grad, Divorced, Machine-op-inspct, Not-in-family, White, Female, United-States, <=50K
49.09786,279571.06,3.3204951,556.1764,21.186056,44.72788, Private, Some-college, Married-civ-spouse, Transport-moving, Husband, White, Male, United-States, >50K
20.215965,241309.38,9.933327,409.84467,-8.103969,31.189064, Private, Some-college, Never-married, Other-service, Own-child, White, Male, United-States, <=50K
31.945066,217831.17,12.826127,872.9972,9.783498,40.923805, Private, Bachelors, Never-married, Machine-op-inspct, Not-in-family, White, Male, United-States, >50K
42.078445,126417.445,12.890696,1146.6202,18.237051,54.428265, Self-emp-not-inc, Bachelors, Married-civ-spouse, Prof-specialty, Husband, White, Male, United-States, >50K
46.35694,200402.36,13.96394,327.17694,1774.7992,61.633713, Private, Masters, Married-civ-spouse, Exec-managerial, Husband, White, Male, United-States, >50K
38.123547,112303.875,12.921383,146.969,36.50072,46.942307, Private, Masters, Married-civ-spouse, Craft-repair, Husband, White, Male, United-States, >50K
46.75548,148078.75,8.97068,938.6422,4.2286425,40.718143, Private, HS-grad, Married-civ-spouse, Sales, Husband, White, Male, United-States, <=50K
34.852245,80137.86,13.115053,177.6405,-16.813654,34.55114, State-gov, Bachelors, Never-married, Machine-op-inspct, Not-in-family, White, Female, United-States, <=50K
28.698267,135867.7,8.950153,159.47272,-11.901042,40.150574, Private, HS-grad, Never-married, Other-service, Unmarried, White, Female, United-States, <=50K
25.09141,327235.06,9.049891,140.70935,-6.0834303,39.045998, Private, HS-grad, Never-married, Handlers-cleaners, Not-in-family, White, Male, United-States, <=50K
44.257717,407146.75,8.991812,92.55395,21.92481,36.589626, Self-emp-not-inc, HS-grad, Married-civ-spouse, Prof-specialty, Husband, White, Male, United-States, <=50K
39.98551,117391.59,12.928842,-646.0058,8.100148,76.23537, Self-emp-inc, Bachelors, Divorced, Sales, Not-in-family, White, Female, United-States, <=50K
46.99178,143474.39,13.017612,724.80383,6.4771852,44.403973, Local-gov, Bachelors, Never-married, Prof-specialty, Not-in-family, White, Female, United-States, <=50K
44.93919,175834.44,9.979599,147.55048,5.184148,39.68748, Private, Some-college, Married-civ-spouse, Craft-repair, Husband, White, Male, United-States, <=50K
39.611645,172608.36,9.01261,1199.0919,18.53337,46.064907, Private, HS-grad, Married-civ-spouse, Craft-repair, Husband, White, Male, United-States, >50K
37.605274,595928.4,11.269306,262.1034,4.800046,42.15853, Private, Assoc-voc, Married-civ-spouse, Machine-op-inspct, Husband, White, Male, United-States, <=50K
50.69237,74579.12,15.416658,-127.69038,15.35278,44.400284, Local-gov, Masters, Married-civ-spouse, Prof-specialty, Husband, White, Male, United-States, >50K
53.03327,143133.33,9.927253,232.23578,31.47103,43.87149, Private, Some-college, Married-civ-spouse, Exec-managerial, Husband, White, Male, United-States, >50K
45.459476,235765.58,9.0355215,-539.4721,23.981684,42.051716, State-gov, HS-grad, Married-civ-spouse, Other-service, Husband, White, Male, United-States, <=50K
48.26272,62741.92,13.4145975,22099.594,27.959097,43.47745, Private, Bachelors, Married-civ-spouse, Exec-managerial, Husband, White, Male, United-States, >50K
19.335047,51445.78,13.802602,1918.0228,4.3236437,58.53787, Self-emp-not-inc, Assoc-acdm, Never-married, Prof-specialty, Not-in-family, White, Male, United-States, <=50K
18.911152,179910.16,9.945458,57.154476,10.074971,40.601307, Self-emp-not-inc, Some-college, Never-married, Craft-repair, Not-in-family, White, Male, United-States, <=50K
27.546568,151750.58,11.285756,11916.329,27.786787,38.508865, Private, HS-grad, Married-civ-spouse, Prof-specialty, Wife, White, Female, United-States, >50K
27.72335,93919.055,13.309878,1393.6359,38.517174,36.785427, Private, Masters, Never-married, Tech-support, Not-in-family, White, Female, United-States, >50K
22.758438,151274.77,9.036835,-156.84894,7.5636415,41.636993, Private, HS-grad, Married-civ-spouse, Craft-repair, Husband, White, Male, United-States, <=50K
42.194256,28288.547,9.110001,-408.67145,21.606855,50.90539, Private, HS-grad, Married-civ-spouse, Other-service, Wife, White, Female, United-States, <=50K
64.09546,281579.12,15.240605,15.372128,-25.131708,36.315666, Self-emp-inc, Masters, Separated, Prof-specialty, Unmarried, White, Female, United-States, <=50K
31.57152,301702.97,9.925057,447.10907,19.45687,64.653305, Private, Some-college, Married-civ-spouse, Transport-moving, Husband, White, Male, United-States, >50K
49.63321,339744.9,14.08332,471.90167,1716.5314,83.61403, Private, Masters, Never-married, Exec-managerial, Not-in-family, White, Male, United-States, >50K
30.323603,276113.88,9.65554,-114.70478,3.4186983,39.769276, Private, Some-college, Married-civ-spouse, Exec-managerial, Husband, White, Male, United-States, <=50K
53.29418,82784.664,9.004824,-442.98077,6.8919954,36.054497, Self-emp-not-inc, HS-grad, Married-civ-spouse, Craft-repair, Husband, White, Male, United-States, <=50K
28.390688,148761.34,9.023591,169.30054,14.876035,46.88967, Private, HS-grad, Married-civ-spouse, Craft-repair, Husband, White, Male, United-States, >50K
34.265804,130095.49,10.923402,5926.9136,23.228048,52.95541, Private, Assoc-voc, Married-civ-spouse, Craft-repair, Husband, White, Male, United-States, <=50K
46.77568,258423.77,12.935341,-531.88434,9.590978,51.716606, Private, Bachelors, Married-civ-spouse, Farming-fishing, Husband, White, Male, United-States, <=50K
48.824112,96902.55,9.950977,218.73022,5.324399,18.834597, Private, Some-college, Married-civ-spouse, Sales, Husband, White, Male, United-States, <=50K
55.21794,153278.53,13.922492,-82.16291,21.751364,39.97303, Local-gov, Masters, Never-married, Exec-managerial, Own-child, White, Male, United-States, <=50K
35.61362,108123.67,7.438274,-367.34406,48.115776,31.864538, ?, 11th, Married-civ-spouse, ?, Husband, White, Male, United-States, >50K
48.31287,28847.688,12.863712,-249.11053,63.209377,37.65373, Private, Assoc-voc, Divorced, Machine-op-inspct, Not-in-family, White, Female, United-States, <=50K
22.836271,427284.03,9.098193,59.984066,-2.8004026,43.849136, Private, HS-grad, Never-married, Adm-clerical, Unmarried, White, Female, United-States, <=50K
54.76656,95813.516,9.837594,9678.164,44.04184,78.555695, Private, Some-college, Married-civ-spouse, Prof-specialty, Husband, White, Male, United-States, >50K
57.67588,106502.98,8.947091,206.03864,-2.0748243,37.37419, Private, HS-grad, Married-civ-spouse, Other-service, Husband, White, Male, United-States, <=50K
31.547554,212099.45,13.933328,130.05402,27.686098,64.797386, State-gov, Bachelors, Married-civ-spouse, Prof-specialty, Husband, White, Male, United-States, >50K
35.10101,202979.52,12.786673,42414.29,28.439074,50.052307, Private, Assoc-acdm, Married-civ-spouse, Prof-specialty, Husband, White, Male, United-States, <=50K
26.93162,181797.8,9.01769,405.8139,9.464971,33.023594, Federal-gov, HS-grad, Married-civ-spouse, Adm-clerical, Husband, White, Male, United-States, <=50K
49.115227,133363.06,8.954822,1383.4114,6.3779955,43.47146, Private, HS-grad, Married-civ-spouse, Sales, Husband, White, Male, United-States, <=50K
51.66568,71611.42,10.207275,779.8851,-17.25908,45.411724, Local-gov, Some-college, Separated, Adm-clerical, Not-in-family, White, Female, United-States, <=50K
24.106186,321904.5,5.0702558,1464.7925,-13.66331,36.93878, Private, 10th, Never-married, Prof-specialty, Unmarried, White, Female, United-States, <=50K
21.70334,280709.03,9.976923,173.48926,-20.51098,34.994076, Private, Some-college, Never-married, Handlers-cleaners, Own-child, White, Male, United-States, <=50K
55.79193,166257.12,9.755387,47.055294,3.8524752,69.72599, Federal-gov, Some-college, Divorced, Other-service, Not-in-family, White, Male, United-States, <=50K
60.944206,90419.64,8.938806,2431.4038,-3.4611158,36.718548, Private, HS-grad, Married-civ-spouse, Other-service, Husband, White, Male, United-States, <=50K
46.589485,301466.7,9.05058,-175.30939,-3.8155699,41.656395, State-gov, HS-grad, Married-civ-spouse, Other-service, Husband, White, Male, United-States, <=50K
49.75539,220746.7,9.910944,-321.8255,8.175878,39.989025, Private, Some-college, Divorced, Craft-repair, Unmarried, White, Female, United-States, <=50K
54.961285,273417.22,8.876022,-1003.946,0.84896576,42.262424, Federal-gov, HS-grad, Married-spouse-absent, Exec-managerial, Not-in-family, White, Female, United-States, <=50K
24.237019,172814.75,6.9484887,492.32776,-23.526827,42.18446, Private, 10th, Never-married, Craft-repair, Not-in-family, White, Male, United-States, <=50K
71.54306,134131.69,8.9205265,137.357,-9.869281,13.162687, Private, HS-grad, Divorced, Sales, Not-in-family, White, Female, United-States, <=50K
24.952951,61099.58,9.035368,813.41486,8.974652,44.75516, Private, HS-grad, Married-civ-spouse, Farming-fishing, Husband, White, Male, United-States, <=50K
39.113464,196405.05,12.868262,4525.7603,32.968887,47.828136, Private, Bachelors, Married-civ-spouse, Sales, Husband, White, Male, United-States, >50K
32.51549,155101.5,12.916615,-213.41534,-4.1274443,42.268147, Self-emp-inc, Bachelors, Never-married, Sales, Not-in-family, White, Male, United-States, <=50K
46.81292,91315.59,8.896975,83.8059,1.6673099,34.739395, Private, HS-grad, Divorced, Machine-op-inspct, Unmarried, White, Female, United-States, <=50K
47.70647,144287.86,8.988335,-44.242252,-17.209131,38.052452, Private, HS-grad, Divorced, Sales, Unmarried, White, Male, United-States, >50K
29.865948,123299.914,12.862132,147.41595,-5.1008024,53.400734, Private, Bachelors, Never-married, Adm-clerical, Not-in-family, White, Male, United-States, <=50K
57.888725,72068.555,11.911572,345.58502,53.296963,63.439133, Self-emp-not-inc, Assoc-acdm, Married-civ-spouse, Craft-repair, Husband, White, Male, United-States, >50K
32.650597,117797.695,9.956456,-58.741276,16.64517,61.97379, Private, Some-college, Married-civ-spouse, Transport-moving, Husband, White, Male, United-States, >50K
38.81969,259773.31,9.946968,-169.8703,-18.317522,54.932987, Private, Some-college, Married-civ-spouse, Craft-repair, Husband, White, Male, United-States, <=50K
25.915545,69125.8,9.955594,-193.4992,-4.7251234,35.70127, Private, Some-college, Never-married, Exec-managerial, Not-in-family, White, Female, United-States, <=50K
45.04621,275422.38,9.924679,3163.8252,20.781027,40.394833, State-gov, Some-college, Married-civ-spouse, Craft-repair, Husband, White, Male, United-States, >50K
28.978493,140635.81,9.104379,-148.56342,-11.253856,36.060696, Private, HS-grad, Widowed, Machine-op-inspct, Not-in-family, White, Male, United-States, <=50K
39.699863,126578.67,12.975471,-208.64813,7.664281,42.43426, Private, Bachelors, Married-civ-spouse, Prof-specialty, Husband, White, Male, United-States, >50K
53.528503,116513.266,12.96016,-471.79523,4.5988054,36.402378, Private, Bachelors, Married-spouse-absent, Adm-clerical, Not-in-family, White, Male, United-States, <=50K
19.155142,312478.25,8.957082,219.0531,-16.1233,32.02169, Private, HS-grad, Never-married, Handlers-cleaners, Own-child, White, Male, United-States, <=50K
28.632168,49562.453,15.266647,96.5089,-9.596988,33.620197, Private, Assoc-acdm, Never-married, Prof-specialty, Not-in-family, White, Male, United-States, <=50K
29.577429,78615.625,9.728675,-110.27729,-20.294718,41.500828, Private, HS-grad, Never-married, Other-service, Not-in-family, White, Male, United-States, <=50K
21.65434,73533.25,9.11424,-244.21259,-1.8273114,43.006138, Private, HS-grad, Never-married, Adm-clerical, Own-child, White, Male, United-States, <=50K
74.05751,155905.78,9.0911665,208.64917,14.549237,40.05304, Private, HS-grad, Widowed, Priv-house-serv, Not-in-family, White, Female, United-States, <=50K
48.71437,127049.125,16.017385,1272.1527,16.045614,44.706882, Private, Assoc-acdm, Married-civ-spouse, Prof-specialty, Husband, White, Male, United-States, >50K
59.638382,200182.42,9.961173,-47.850773,-24.772684,32.865818, ?, Some-college, Never-married, ?, Not-in-family, White, Female, United-States, <=50K
29.831375,384472.5,12.489464,120.91491,6.446103,46.701057, Private, Assoc-acdm, Never-married, Adm-clerical, Not-in-family, White, Male, United-States, <=50K
33.48194,145480.95,9.112318,-115.99653,-4.9632444,41.00142, Private, HS-grad, Married-civ-spouse, Other-service, Husband, White, Male, United-States, <=50K
18.706429,123527.04,10.678153,-26.75568,-24.88856,13.816278, Private, Assoc-voc, Never-married, Other-service, Own-child, White, Female, United-States, <=50K
28.407299,260668.61,6.0233703,-107.66645,-2.2792768,34.954704, Private, 10th, Never-married, Other-service, Not-in-family, White, Female, United-States, <=50K
25.552277,119469.516,12.828666,-513.87384,-22.95299,39.039238, State-gov, Bachelors, Never-married, Adm-clerical, Other-relative, White, Female, United-States, <=50K
55.865738,96727.664,9.776234,286.23108,37.41178,47.016674, Private, Some-college, Married-civ-spouse, Exec-managerial, Wife, White, Female, United-States, >50K
36.020912,325580.9,12.149611,405.02808,14.618527,32.765347, Private, Assoc-acdm, Married-civ-spouse, Handlers-cleaners, Husband, White, Male, United-States, >50K
41.320908,175402.58,9.958131,390.98926,-7.7637434,33.933662, Private, Some-college, Divorced, Other-service, Unmarried, White, Male, United-States, <=50K
24.293663,142245.52,9.008602,74.18975,-27.933687,37.273323, Private, HS-grad, Never-married, Sales, Unmarried, White, Female, United-States, <=50K
28.071507,245548.89,9.960899,127.20837,-13.713016,43.86544, Local-gov, Some-college, Never-married, Other-service, Own-child, White, Female, United-States, <=50K
36.828796,90421.78,9.003998,-13.243717,-2.907199,53.223145, Private, HS-grad, Married-civ-spouse, Other-service, Husband, White, Male, United-States, <=50K
44.283573,135329.03,9.967749,-412.88385,-0.13003053,36.42449, Private, Some-college, Divorced, Handlers-cleaners, Not-in-family, White, Female, United-States, <=50K
46.445404,177652.69,9.94633,398.57666,-10.29243,38.276535, Private, HS-grad, Married-civ-spouse, Prof-specialty, Husband, White, Male, United-States, <=50K
33.02935,84229.64,11.061744,312.80804,6.137952,38.910217, Private, Assoc-voc, Married-civ-spouse, Prof-specialty, Husband, White, Male, United-States, <=50K
48.238235,242820.2,9.987946,-591.5184,17.571814,40.987297, Federal-gov, Some-college, Married-civ-spouse, Adm-clerical, Husband, White, Male, United-States, >50K
24.728102,311708.16,9.886774,-441.67767,16.149282,41.487366, Private, Some-college, Married-civ-spouse, Craft-repair, Husband, White, Male, United-States, <=50K
22.630684,162371.27,8.906628,51.36999,1.7947284,47.042034, Private, HS-grad, Never-married, Transport-moving, Not-in-family, White, Male, United-States, <=50K
29.151926,121413.31,8.141753,-167.04242,4.2614565,53.82319, Private, Some-college, Married-civ-spouse, Adm-clerical, Husband, White, Male, United-States, <=50K
30.711205,131232.67,9.024508,86.31365,-5.936618,53.86182, Private, HS-grad, Divorced, Machine-op-inspct, Not-in-family, White, Male, United-States, <=50K
55.18744,313991.28,9.141626,89.24883,3.047124,52.107483, Private, HS-grad, Divorced, Adm-clerical, Unmarried, White, Male, United-States, >50K
51.682148,216618.0,8.975426,-387.92035,3.5202608,50.265007, Self-emp-not-inc, HS-grad, Married-civ-spouse, Other-service, Husband, White, Male, United-States, <=50K
27.919617,-11703.655,10.098462,1896.907,-5.7542143,23.478968, Private, Some-college, Divorced, Sales, Not-in-family, White, Female, United-States, <=50K
35.452793,111938.68,12.840578,-505.336,4.707982,43.822445, Private, Bachelors, Never-married, Prof-specialty, Not-in-family, White, Female, United-States, >50K
18.687355,110207.82,9.031419,-503.378,-11.700679,37.87832, Private, HS-grad, Never-married, Prof-specialty, Not-in-family, White, Female, United-States, <=50K
46.03024,108899.664,12.103285,1904.0604,63.80198,58.086544, Self-emp-not-inc, Assoc-acdm, Married-civ-spouse, Sales, Husband, White, Male, United-States, >50K
21.601542,384293.8,12.835931,-154.90363,24.994375,29.701267, Private, Bachelors, Married-civ-spouse, Prof-specialty, Husband, White, Male, United-States, >50K
28.498652,153416.8,9.977756,582.89764,23.658224,30.798363, ?, Some-college, Married-civ-spouse, Adm-clerical, Wife, White, Female, United-States, >50K
32.596115,478672.56,9.803633,-361.4544,17.159132,29.893133, Self-emp-not-inc, Some-college, Divorced, Exec-managerial, Not-in-family, White, Male, United-States, <=50K
51.428856,242306.73,9.862134,252.10297,10.660016,35.19733, State-gov, Some-college, Married-civ-spouse, Other-service, Husband, White, Male, United-States, <=50K
32.09314,123358.64,13.033751,838.9301,17.213179,42.650337, Private, Assoc-acdm, Married-civ-spouse, Prof-specialty, Husband, White, Male, United-States, >50K
67.60578,86665.86,9.045749,-478.15143,12.819211,27.878609, ?, HS-grad, Married-civ-spouse, ?, Husband, White, Male, United-States, <=50K
21.691652,302686.44,9.755396,10365.346,9.283269,42.745052, Private, Some-college, Never-married, Sales, Not-in-family, White, Male, United-States, >50K
42.39783,215731.44,9.854884,572.06946,-9.126445,44.376373, Local-gov, Some-college, Never-married, Other-service, Not-in-family, White, Female, United-States, <=50K
36.445072,207101.95,12.98446,352.34497,18.964727,57.37686, Private, Bachelors, Married-civ-spouse, Exec-managerial, Husband, White, Male, United-States, >50K
50.926533,183791.28,12.949783,275.07855,-18.874582,70.49073, State-gov, Bachelors, Never-married, Adm-clerical, Not-in-family, White, Male, United-States, <=50K
26.534067,9454.392,9.945018,-212.77167,-4.765712,44.663055, Private, Some-college, Married-civ-spouse, Other-service, Husband, White, Male, United-States, <=50K
25.380972,396784.22,12.466565,415.03925,25.719156,80.11046, Self-emp-not-inc, Bachelors, Married-civ-spouse, Sales, Own-child, White, Male, United-States, <=50K
31.835968,206543.31,5.9325075,-430.3459,-22.061121,31.855024, Private, 10th, Never-married, Machine-op-inspct, Other-relative, White, Female, United-States, <=50K
56.150234,181234.42,9.030132,393.43414,2.6030092,45.177845, Private, HS-grad, Married-civ-spouse, Craft-repair, Husband, White, Male, United-States, <=50K
44.38538,222151.31,9.030492,311.8687,15.497914,66.26643, Private, HS-grad, Married-civ-spouse, Adm-clerical, Husband, White, Male, United-States, <=50K
67.078064,183046.23,9.048554,363.54736,-0.7109479,30.72322, Private, HS-grad, Married-civ-spouse, Tech-support, Husband, White, Male, United-States, >50K
43.83482,383682.38,9.030357,79.52624,-1.0282468,41.081097, Self-emp-not-inc, HS-grad, Married-civ-spouse, Craft-repair, Husband, White, Male, United-States, <=50K
26.00963,254306.4,9.934407,183.80206,1170.5769,68.913574, Private, Some-college, Married-civ-spouse, Prof-specialty, Husband, White, Male, United-States, <=50K
24.49035,204732.19,12.79499,-57.624943,0.14382659,37.047676, Private, Bachelors, Never-married, Machine-op-inspct, Own-child, White, Female, United-States, <=50K
38.540554,237587.19,13.110065,-285.51703,12.342587,56.040474, Self-emp-inc, Bachelors, Never-married, Sales, Own-child, White, Male, United-States, <=50K
46.905376,217004.0,9.938283,534.6521,18.887388,49.98718, Private, Some-college, Married-civ-spouse, Craft-repair, Husband, White, Male, United-States, >50K
47.481705,130765.555,9.072934,-104.822334,11.48454,41.095654, Private, HS-grad, Married-civ-spouse, Craft-repair, Husband, White, Male, United-States, >50K
17.84858,151047.55,8.767302,-111.67231,-6.541751,56.796818, Private, HS-grad, Married-civ-spouse, Handlers-cleaners, Other-relative, White, Male, United-States, <=50K
36.302414,243973.14,8.857746,-501.02606,-21.125849,48.675423, Local-gov, HS-grad, Never-married, Exec-managerial, Other-relative, White, Female, United-States, <=50K
39.326546,649563.44,9.93011,11342.792,30.28816,43.453407, Private, Some-college, Married-civ-spouse, Craft-repair, Husband, White, Male, United-States, >50K
53.651875,97973.61,8.952776,10830.563,9.331105,76.67278, Private, HS-grad, Divorced, Transport-moving, Not-in-family, White, Male, United-States, <=50K
44.010834,202071.62,9.894747,-60.217228,26.740263,51.27188, Private, Some-college, Married-civ-spouse, Prof-specialty, Husband, White, Male, United-States, >50K
33.295284,141630.16,10.018649,-122.381294,7.992322,39.2832, State-gov, Some-college, Divorced, Adm-clerical, Not-in-family, White, Female, United-States, <=50K
24.833227,242752.33,5.257292,524.31696,-9.513896,36.095486, Local-gov, 12th, Never-married, Craft-repair, Not-in-family, White, Male, United-States, <=50K
31.1633,247029.89,12.927957,62.456173,42.965385,46.36571, Local-gov, Bachelors, Married-civ-spouse, Prof-specialty, Wife, White, Female, United-States, >50K
52.270035,156163.0,13.74665,-649.33563,19.77809,49.955154, Local-gov, Masters, Separated, Prof-specialty, Wife, White, Female, United-States, <=50K
21.946407,298110.0,9.95575,-154.8255,-1.8284405,68.24548, Private, Some-college, Married-civ-spouse, Handlers-cleaners, Husband, White, Male, United-States, <=50K
32.119183,282803.03,10.842877,-67.55634,33.86523,84.2835, Private, Assoc-voc, Married-civ-spouse, Prof-specialty, Husband, White, Male, United-States, >50K
38.978878,154250.81,12.959305,-189.36969,2.613515,44.589787, Private, Masters, Divorced, Other-service, Own-child, White, Male, United-States, <=50K
44.327858,265824.8,9.866145,168.71765,23.198332,43.991207, Private, Some-college, Divorced, Exec-managerial, Not-in-family, White, Female, United-States, <=50K
24.79626,175366.86,9.110723,-336.40912,4.7204485,45.572426, State-gov, HS-grad, Married-civ-spouse, Sales, Husband, White, Male, United-States, <=50K
46.590885,316404.3,9.060887,31.1712,6.5831575,36.611404, Private, HS-grad, Married-civ-spouse, Craft-repair, Husband, White, Male, United-States, <=50K
34.59082,272370.38,9.917994,-203.19171,-14.862025,44.854095, Private, Some-college, Never-married, Other-service, Not-in-family, White, Female, United-States, <=50K
34.101994,135786.44,8.987255,385.24103,-8.398402,40.804638, Private, HS-grad, Never-married, Handlers-cleaners, Own-child, White, Male, United-States, <=50K
46.796135,102502.89,12.928881,6.29681,41.23028,82.753174, Private, Bachelors, Married-civ-spouse, Exec-managerial, Husband, White, Male, United-States, >50K
32.27747,238753.94,9.869758,-163.07074,-0.45617187,44.98633, Private, Some-college, Divorced, Exec-managerial, Not-in-family, White, Male, United-States, <=50K
35.221767,611941.44,8.877287,585.0687,1.6719638,43.61128, Private, HS-grad, Married-civ-spouse, Farming-fishing, Husband, White, Male, United-States, <=50K
23.440561,138834.23,9.939643,540.8456,-19.963015,38.064148, Private, Some-college, Never-married, Other-service, Own-child, White, Male, United-States, <=50K
29.063652,27534.0,14.257168,-374.25262,7.3512545,27.908878, Self-emp-not-inc, Masters, Never-married, Prof-specialty, Not-in-family, White, Male, United-States, <=50K
38.729057,157369.36,14.348292,-71.29182,11.313436,50.942783, Private, Masters, Married-civ-spouse, Exec-managerial, Husband, White, Male, United-States, >50K
40.212116,240765.89,13.143414,13674.854,20.169859,43.98663, Private, Bachelors, Married-civ-spouse, Exec-managerial, Husband, White, Male, United-States, >50K
37.879757,88103.625,13.038868,537.49774,1673.0262,34.1201, Private, Bachelors, Married-civ-spouse, Exec-managerial, Husband, White, Male, United-States, >50K
37.53933,229478.5,9.0083885,262.19025,-28.329561,31.471516, Self-emp-not-inc, HS-grad, Never-married, Craft-repair, Unmarried, White, Male, United-States, <=50K
17.427794,260512.27,10.754303,125.819756,-11.342036,43.631065, Private, Assoc-voc, Divorced, Sales, Own-child, White, Female, United-States, <=50K
48.403187,117531.1,9.087206,3372.367,12.378652,65.649536, Private, HS-grad, Never-married, Prof-specialty, Unmarried, White, Male, United-States, >50K
30.435173,122718.43,9.041661,1014.7304,6.307927,50.13664, Private, HS-grad, Married-civ-spouse, Craft-repair, Husband, White, Male, United-States, <=50K
51.53751,59853.875,8.994048,-243.75616,-9.668124,41.00103, Private, HS-grad, Divorced, Other-service, Not-in-family, White, Female, United-States, <=50K
24.084993,115025.37,9.039885,-256.41656,-15.064204,35.98309, ?, HS-grad, Divorced, ?, Own-child, White, Female, United-States, <=50K
42.241848,236510.72,10.099613,-40.15314,17.11775,44.911816, Private, Some-college, Married-civ-spouse, Exec-managerial, Husband, White, Male, United-States, >50K
39.586647,94669.35,13.877494,68.30895,6.93398,37.661266, Private, Masters, Divorced, Sales, Own-child, White, Female, United-States, <=50K
42.200775,206034.6,12.855851,-66.4549,22.899412,61.876305, Private, Bachelors, Married-civ-spouse, Exec-managerial, Husband, White, Male, United-States, >50K
50.73847,180835.44,13.901265,308.74036,1.0885135,39.367706, Private, Masters, Separated, Prof-specialty, Not-in-family, White, Female, United-States, <=50K
44.934654,15589.345,9.134394,-323.8294,-28.69977,38.79766, Private, HS-grad, Never-married, Machine-op-inspct, Own-child, White, Female, United-States, <=50K
36.345627,137226.16,12.787488,-73.943184,-1.3347882,40.037636, Private, Bachelors, Married-civ-spouse, Craft-repair, Husband, White, Male, United-States, <=50K
30.70774,257038.75,13.53542,720.28046,16.31111,45.94314, Private, Masters, Divorced, Craft-repair, Not-in-family, White, Male, United-States, <=50K
17.782698,308417.94,9.020163,-352.06342,14.35275,27.004395, Self-emp-not-inc, HS-grad, Never-married, Sales, Own-child, White, Male, United-States, <=50K
19.649775,311451.2,8.936058,196.72351,-20.172777,29.219059, Private, HS-grad, Never-married, Machine-op-inspct, Other-relative, White, Male, United-States, <=50K
33.68267,256008.16,9.067879,-24.239567,11.272344,31.864765, Private, HS-grad, Married-civ-spouse, Craft-repair, Husband, White, Male, United-States, <=50K
30.255041,127297.92,9.917826,-189.07684,-18.764322,61.871258, Private, Some-college, Never-married, Transport-moving, Own-child, White, Male, United-States, <=50K
42.358646,92632.164,9.009472,163.66339,2.3286638,36.4757, Private, HS-grad, Married-civ-spouse, Sales, Husband, White, Male, United-States, >50K
21.882,145130.98,12.827541,523.5585,1.9738132,40.40509, Private, Bachelors, Separated, Prof-specialty, Not-in-family, White, Female, United-States, <=50K
60.375053,58640.117,12.238292,5964.4854,19.035734,51.953976, Private, Bachelors, Married-civ-spouse, Adm-clerical, Husband, White, Male, United-States, <=50K
36.928795,124223.91,10.022098,-232.6435,-11.759616,45.34408, Local-gov, Some-college, Never-married, Adm-clerical, Unmarried, White, Male, United-States, <=50K
21.653694,500337.88,9.844557,572.72217,24.256659,37.042927, ?, Some-college, Married-civ-spouse, ?, Husband, White, Male, United-States, <=50K
49.67969,96368.97,15.565507,-981.2994,-8.708102,19.990932, Local-gov, Masters, Married-civ-spouse, Prof-specialty, Unmarried, White, Male, United-States, <=50K
38.928734,281844.7,14.108222,-59.36701,32.728878,53.83906, Private, Masters, Married-civ-spouse, Prof-specialty, Husband, White, Male, United-States, >50K
34.83978,383803.97,13.0079975,40.360653,12.319104,52.064495, Private, Bachelors, Married-civ-spouse, Prof-specialty, Husband, White, Male, United-States, >50K
23.146536,330345.12,9.029599,61.65234,0.686391,36.80578, Private, HS-grad, Never-married, Machine-op-inspct, Not-in-family, White, Male, United-States, <=50K
32.7506,55966.11,10.844612,59.378475,13.925305,43.47655, Self-emp-not-inc, Assoc-voc, Married-civ-spouse, Machine-op-inspct, Husband, White, Male, United-States, <=50K
50.771626,112158.97,10.041893,277.8388,10.022717,40.439854, Private, Some-college, Married-civ-spouse, Craft-repair, Husband, White, Male, United-States, <=50K
28.137623,274719.97,11.736658,-510.476,33.874065,62.219196, Self-emp-not-inc, Bachelors, Never-married, Sales, Not-in-family, White, Female, United-States, >50K
35.31392,235269.92,4.5459466,416.9292,-30.327906,42.023064, Local-gov, 10th, Divorced, Craft-repair, Other-relative, White, Male, United-States, <=50K
37.3907,117107.68,9.952971,1411.6578,-12.480861,53.23388, Self-emp-not-inc, Some-college, Married-civ-spouse, Transport-moving, Husband, White, Male, United-States, >50K
29.999048,50979.64,10.011791,-117.33515,4.015706,37.22786, Private, Some-college, Married-civ-spouse, Craft-repair, Husband, White, Male, United-States, >50K
22.74359,126756.93,13.889319,-289.6363,26.822783,37.04644, Federal-gov, Masters, Never-married, Prof-specialty, Not-in-family, White, Male, United-States, <=50K
46.47039,127003.15,14.961973,291.62994,-18.990793,40.475147, Private, Bachelors, Divorced, Prof-specialty, Not-in-family, White, Female, United-States, <=50K
37.919994,404745.78,9.923392,-250.83038,2.5305758,37.924335, Self-emp-not-inc, Some-college, Married-civ-spouse, Other-service, Husband, White, Male, United-States, <=50K
28.853725,234928.31,9.8767185,4.450863,2.3394594,40.490463, Private, Some-college, Never-married, Machine-op-inspct, Own-child, White, Male, United-States, <=50K
60.74032,273380.5,8.873813,-742.8515,7.9525423,50.47716, Federal-gov, HS-grad, Married-civ-spouse, Craft-repair, Husband, White, Male, United-States, <=50K
23.533073,291525.88,8.925462,282.0971,-18.9143,44.64879, Private, HS-grad, Never-married, Other-service, Not-in-family, White, Male, United-States, <=50K
25.834484,519835.75,9.37933,269.36804,-5.9732313,48.791275, Private, HS-grad, Never-married, Craft-repair, Other-relative, White, Male, United-States, <=50K
22.793835,73510.82,14.004546,823.3615,10.412679,39.793613, Private, Bachelors, Never-married, Adm-clerical, Not-in-family, White, Female, United-States, >50K
39.04026,129320.61,9.171667,-260.27814,13.418881,35.651073, Local-gov, HS-grad, Married-civ-spouse, Adm-clerical, Wife, White, Female, United-States, <=50K
30.180632,71557.63,15.802458,-485.3277,-32.84553,51.88034, State-gov, Assoc-acdm, Divorced, Protective-serv, Not-in-family, White, Male, United-States, <=50K
39.391384,171983.45,6.6413383,94.01635,22.458838,50.57541, Private, 11th, Married-civ-spouse, Sales, Husband, White, Male, United-States, >50K
27.836285,334264.38,10.532283,146.82593,12.019513,35.15138, Self-emp-not-inc, Bachelors, Never-married, Exec-managerial, Own-child, White, Male, United-States, <=50K
15.676225,386686.8,9.855469,197.29706,-12.007007,27.0567, Private, Some-college, Never-married, Other-service, Own-child, White, Female, United-States, <=50K
40.321774,81679.37,12.941713,1075.8845,-28.269678,52.11403, Private, Bachelors, Never-married, Craft-repair, Own-child, White, Female, United-States, <=50K
19.141724,183014.38,9.519795,953.6236,2.4053926,35.416195, Private, 12th, Never-married, Transport-moving, Other-relative, White, Male, United-States, <=50K
40.437042,294447.78,11.363225,103.43151,-12.629237,39.829624, Private, Bachelors, Never-married, Prof-specialty, Unmarried, White, Male, United-States, <=50K
28.995333,261531.6,9.98558,479.65375,26.82926,39.47367, Private, Some-college, Married-civ-spouse, Machine-op-inspct, Husband, White, Male, United-States, >50K
50.78367,132678.27,9.945651,-243.42072,4.828534,46.84409, Private, Some-college, Divorced, Craft-repair, Not-in-family, White, Female, United-States, <=50K
28.304552,427643.66,12.7456,-420.65082,3.4929018,18.28306, Private, Bachelors, Never-married, Adm-clerical, Not-in-family, White, Female, United-States, <=50K
38.030678,93445.1,9.581369,536.7018,-4.250369,43.960438, Private, HS-grad, Divorced, Tech-support, Not-in-family, White, Male, United-States, <=50K
54.39447,155983.08,8.986143,363.35626,-9.411136,43.512814, Private, HS-grad, Married-civ-spouse, Handlers-cleaners, Husband, White, Male, United-States, <=50K
31.031582,399544.88,14.063475,4.494442,-7.0003386,47.225105, Self-emp-not-inc, Assoc-acdm, Married-civ-spouse, Sales, Husband, White, Male, United-States, <=50K
19.776442,302437.8,12.425414,109.58868,6.6951647,37.247135, Private, Bachelors, Never-married, Sales, Own-child, White, Female, United-States, <=50K
42.698063,290081.75,11.001926,701.9908,34.556828,46.59915, Private, Assoc-voc, Divorced, Adm-clerical, Unmarried, White, Male, United-States, >50K
38.31038,249068.52,8.987451,36632.645,21.96247,35.131245, ?, HS-grad, Divorced, ?, Not-in-family, White, Female, United-States, >50K
23.121864,291211.56,9.766229,55.267757,-1.8031338,47.693634, Private, Some-college, Separated, Adm-clerical, Unmarried, White, Male, United-States, <=50K
67.577835,165940.61,9.025329,548.32733,14.228414,44.91635, ?, HS-grad, Married-civ-spouse, ?, Own-child, White, Male, United-States, <=50K
34.822994,151169.02,9.05797,208.33887,-1.7100781,47.47275, Private, HS-grad, Never-married, Craft-repair, Own-child, White, Male, United-States, <=50K
35.659256,171084.64,9.080223,181.55457,-36.22968,34.182755, Private, HS-grad, Never-married, Machine-op-inspct, Not-in-family, White, Female, United-States, <=50K
50.115017,158816.78,9.981554,105.86529,-17.087267,51.962357, Private, Some-college, Never-married, Machine-op-inspct, Unmarried, White, Female, United-States, <=50K
30.214754,329977.8,8.717265,-234.97467,-16.765062,27.809267, ?, HS-grad, Separated, ?, Unmarried, White, Female, United-States, <=50K
21.683363,170458.27,9.0475025,48.570797,-30.705927,27.121494, Private, HS-grad, Never-married, Tech-support, Other-relative, White, Male, United-States, <=50K
33.85525,186024.03,9.933749,1179.2859,4.121228,51.815872, Self-emp-not-inc, Some-college, Married-civ-spouse, Sales, Husband, White, Male, United-States, <=50K
19.29646,135874.9,12.880752,-303.4643,-16.824007,37.34375, Private, Bachelors, Never-married, Other-service, Own-child, White, Male, United-States, <=50K
18.880814,200621.98,9.597078,-343.52655,10.686994,27.939295, Private, Some-college, Never-married, Transport-moving, Other-relative, White, Male, United-States, >50K
24.752752,258709.36,10.95874,597.12756,-4.9210615,33.957417, Private, Assoc-voc, Never-married, Other-service, Unmarried, White, Female, United-States, <=50K
19.51992,168117.97,12.985623,223.87592,-3.509982,37.26765, Private, Bachelors, Never-married, Sales, Not-in-family, White, Female, United-States, <=50K
57.472485,263473.2,10.041935,-947.9561,0.16973601,44.378166, Private, Some-college, Married-civ-spouse, Exec-managerial, Wife, White, Female, United-States, <=50K
29.58016,156172.17,9.056252,82.74029,-4.4783125,34.49244, Private, HS-grad, Married-civ-spouse, Handlers-cleaners, Husband, White, Male, United-States, <=50K
60.59686,114577.63,8.9491825,396.86517,-19.378496,25.136494, Private, HS-grad, Separated, Other-service, Unmarried, White, Female, United-States, <=50K
47.361237,174572.22,9.978131,966.6906,-1.0303525,44.186703, Private, Some-college, Married-civ-spouse, Transport-moving, Husband, White, Male, United-States, <=50K
32.655693,181600.92,13.868853,-442.21942,41.775585,41.97037, Private, Masters, Married-civ-spouse, Craft-repair, Wife, White, Female, United-States, <=50K
29.727337,139032.42,9.01002,148.34485,-2.8505507,40.926277, Private, HS-grad, Never-married, Adm-clerical, Unmarried, White, Female, United-States, <=50K
32.051163,222593.88,9.0772295,-232.36676,-5.171443,37.49693, Private, HS-grad, Married-civ-spouse, Craft-repair, Husband, White, Male, United-States, <=50K
68.76352,114384.24,9.689903,475.9663,16.348394,41.152855, Private, Some-college, Married-civ-spouse, Exec-managerial, Husband, White, Male, United-States, >50K
56.58365,206622.02,8.965417,499.7021,-7.854106,50.51032, Private, HS-grad, Married-civ-spouse, Other-service, Husband, White, Male, United-States, <=50K
34.194363,170926.64,10.432141,-234.38922,13.861165,44.413715, Private, Assoc-voc, Never-married, Prof-specialty, Not-in-family, White, Male, United-States, <=50K
19.852684,144179.9,9.935112,-299.2563,-15.3337965,29.651808, Private, Some-college, Never-married, Tech-support, Not-in-family, White, Female, United-States, <=50K
40.818314,153204.5,10.363986,-340.08636,2.1368837,45.73837, Self-emp-not-inc, HS-grad, Married-civ-spouse, Exec-managerial, Husband, White, Male, United-States, <=50K
30.257307,140194.2,11.008871,-242.10529,13.072942,47.028797, ?, Assoc-voc, Never-married, ?, Not-in-family, White, Female, United-States, <=50K
45.23378,164752.81,9.921455,111.95727,18.723318,44.25657, Private, Some-college, Married-civ-spouse, Other-service, Husband, White, Male, United-States, >50K
26.602732,186560.12,10.013249,-73.78901,29.674997,37.833683, Private, Some-college, Married-civ-spouse, Prof-specialty, Wife, White, Female, United-States, <=50K
47.595936,192664.67,10.973503,-49.41608,20.43807,49.68276, Private, Assoc-voc, Divorced, Adm-clerical, Unmarried, White, Female, United-States, <=50K
42.34881,521227.38,11.861221,435.3805,17.361586,53.026775, Private, Assoc-acdm, Divorced, Craft-repair, Not-in-family, White, Male, United-States, >50K
41.577732,147067.3,13.004271,4047.626,7.2007723,38.066437, Private, Bachelors, Married-civ-spouse, Prof-specialty, Wife, White, Female, United-States, >50K
45.8045,160595.89,13.073491,382.1568,18.414335,51.877476, Private, Bachelors, Married-civ-spouse, Prof-specialty, Husband, White, Male, United-States, >50K
29.316822,104410.5,12.724905,121.57665,8.588666,43.58975, Private, Bachelors, Married-civ-spouse, Exec-managerial, Husband, White, Male, United-States, <=50K
32.420216,109003.695,10.812203,0.8049886,8.665044,48.540985, State-gov, Assoc-voc, Divorced, Prof-specialty, Not-in-family, White, Female, United-States, <=50K
71.00406,247193.03,14.11468,230.19342,30.02719,25.898222, Self-emp-inc, Masters, Married-civ-spouse, Exec-managerial, Husband, White, Male, United-States, >50K
26.900242,370057.7,6.4497595,544.45166,-0.45122802,46.276653, Private, 11th, Never-married, Handlers-cleaners, Not-in-family, White, Female, United-States, <=50K
28.847605,114960.05,9.999549,364.44446,26.08521,70.634254, Private, Some-college, Married-civ-spouse, Prof-specialty, Husband, White, Male, United-States, >50K
35.449017,144234.38,13.079893,302.91522,10.698178,42.57053, Private, Bachelors, Married-civ-spouse, Exec-managerial, Husband, White, Male, United-States, >50K
22.24152,407856.9,9.80902,132.48126,-2.556346,43.131336, Private, Some-college, Never-married, Sales, Not-in-family, White, Male, United-States, <=50K
32.683243,145077.06,9.011131,320.27313,-9.560786,35.748997, Self-emp-not-inc, HS-grad, Married-civ-spouse, Craft-repair, Husband, White, Male, United-States, <=50K
41.34084,8546.688,9.913997,1349.3193,27.140413,37.325645, Private, Some-college, Married-civ-spouse, Exec-managerial, Husband, White, Male, United-States, >50K
32.512703,434774.3,9.015522,392.50934,-6.9431257,36.28909, Private, HS-grad, Never-married, Adm-clerical, Unmarried, White, Female, United-States, <=50K
49.379463,191935.2,4.696145,125.913506,-2.9815397,40.342304, Private, 12th, Married-civ-spouse, Adm-clerical, Husband, White, Male, United-States, <=50K
24.752422,198526.7,8.137684,25.565731,-4.570445,30.294859, Private, 11th, Never-married, Craft-repair, Own-child, White, Male, United-States, <=50K
30.658272,146404.98,9.082767,-217.0462,-4.695079,37.788094, Private, HS-grad, Never-married, Adm-clerical, Not-in-family, White, Female, United-States, <=50K
36.711433,119054.734,9.974757,495.312,-9.826999,37.364986, Private, Some-college, Never-married, Other-service, Not-in-family, White, Female, United-States, <=50K
55.786453,359889.84,9.971511,347.54956,37.796146,40.512318, Private, Some-college, Married-civ-spouse, Exec-managerial, Husband, White, Male, United-States, >50K
23.940676,215110.78,9.871476,558.31714,17.679243,50.58205, Private, Some-college, Married-civ-spouse, Other-service, Husband, White, Male, United-States, <=50K
35.598255,247128.33,8.986161,377.77588,-23.926767,35.00668, Private, HS-grad, Separated, Other-service, Unmarried, White, Female, United-States, <=50K
45.416134,148056.64,8.983046,500.5343,4.1190996,61.50133, Private, HS-grad, Married-civ-spouse, Tech-support, Husband, White, Male, United-States, <=50K
43.36258,250261.52,3.1951332,207.43567,-27.412317,41.979572, Private, Some-college, Divorced, Handlers-cleaners, Unmarried, White, Male, United-States, <=50K
38.465015,200581.58,13.050655,118.032524,23.858973,45.271076, Private, Bachelors, Married-civ-spouse, Craft-repair, Husband, White, Male, United-States, <=50K
14.412538,139115.97,9.921006,785.98303,-1.396365,42.921185, Private, Some-college, Never-married, Other-service, Own-child, White, Male, United-States, <=50K
42.165333,44886.438,11.262146,1577.1866,26.460718,46.527992, Private, Assoc-voc, Never-married, Exec-managerial, Not-in-family, White, Male, United-States, >50K
37.228657,204194.44,8.869253,338.07642,-30.826311,51.184658, Private, HS-grad, Divorced, Protective-serv, Other-relative, White, Male, United-States, <=50K
26.242334,427044.53,7.817877,244.11444,2.661481,43.97858, Private, 12th, Never-married, Craft-repair, Not-in-family, White, Male, United-States, <=50K
46.67411,181953.8,5.062901,113.52764,-1.6875027,39.575314, Private, 10th, Divorced, Adm-clerical, Unmarried, White, Female, United-States, <=50K
49.08358,194597.05,9.986522,78.86346,9.104901,44.80468, Private, Some-college, Married-civ-spouse, Craft-repair, Husband, White, Male, United-States, >50K
43.394577,236819.48,13.899679,-199.33173,42.885826,60.253853, Private, Masters, Married-civ-spouse, Prof-specialty, Husband, White, Male, United-States, >50K
18.424492,215456.42,10.633556,226.02924,0.24660216,29.711916, State-gov, Assoc-voc, Never-married, Adm-clerical, Other-relative, White, Female, United-States, <=50K
36.235638,163020.5,9.057196,167.96277,-1.4417065,37.9682, Private, HS-grad, Never-married, Machine-op-inspct, Not-in-family, White, Male, United-States, <=50K
59.947548,101587.984,9.065912,-154.9212,-5.7442045,59.477024, Self-emp-not-inc, HS-grad, Married-civ-spouse, Craft-repair, Husband, White, Male, United-States, <=50K
31.5446,246010.95,12.022389,1729.0587,9.774648,43.580334, Private, Assoc-acdm, Married-civ-spouse, Craft-repair, Husband, White, Male, United-States, <=50K
24.896084,175428.36,6.9258943,-638.61664,-12.017795,14.459406, Private, 11th, Widowed, Other-service, Other-relative, White, Female, United-States, <=50K
19.601753,189345.1,7.7924895,228.63153,2729.2844,44.930492, Private, 11th, Never-married, Exec-managerial, Own-child, White, Female, United-States, >50K
50.41052,76709.15,9.938528,465.55096,10.35056,52.572582, Private, Some-college, Married-civ-spouse, Exec-managerial, Husband, White, Male, United-States, <=50K
31.981894,146312.11,11.025124,8475.003,23.451605,43.602276, Private, Assoc-voc, Married-civ-spouse, Tech-support, Husband, White, Male, United-States, >50K
26.480398,165257.81,6.8670974,-644.4843,4.0426607,39.579983, Private, 11th, Married-civ-spouse, Adm-clerical, Husband, White, Male, United-States, <=50K
34.231182,357050.44,9.067936,-379.55914,18.893057,27.034813, Private, HS-grad, Married-civ-spouse, Other-service, Wife, White, Female, United-States, <=50K
72.37863,137530.08,9.998457,-952.4913,22.179289,46.820995, Self-emp-not-inc, Some-college, Widowed, Exec-managerial, Unmarried, White, Female, United-States, <=50K
26.87879,219235.47,9.9063,307.6604,14.643285,27.938543, ?, Some-college, Married-civ-spouse, ?, Husband, White, Male, United-States, <=50K
33.191116,45699.297,10.076065,-34.87665,20.065344,45.018253, ?, Some-college, Married-civ-spouse, ?, Husband, White, Male, United-States, <=50K
24.327518,77174.516,12.918999,-325.43634,-15.636477,40.971626, Self-emp-inc, Bachelors, Never-married, Exec-managerial, Own-child, White, Female, United-States, <=50K
28.64628,216089.92,12.304741,8005.71,8.318822,33.835636, Private, Bachelors, Married-civ-spouse, Sales, Husband, White, Male, United-States, >50K
62.25522,216710.62,9.024,2.2479818,20.980581,52.559372, Private, HS-grad, Married-civ-spouse, Craft-repair, Husband, White, Male, United-States, >50K
42.868355,77664.695,9.009852,-307.76007,-4.6947813,41.245487, Private, HS-grad, Married-civ-spouse, Exec-managerial, Husband, White, Male, United-States, <=50K
37.60514,303489.47,9.8813505,414.7657,-2.4958448,39.445118, Private, Some-college, Married-civ-spouse, Craft-repair, Husband, White, Male, United-States, <=50K
32.529514,215514.83,10.072532,3234.04,13.843762,35.08344, Private, Some-college, Divorced, Sales, Not-in-family, White, Female, United-States, <=50K
51.91903,245082.33,10.008869,295.9646,22.531446,42.68089, Private, Some-college, Married-civ-spouse, Craft-repair, Husband, White, Male, United-States, <=50K
57.926224,100654.26,9.070272,6327.272,14.188718,48.671116, Private, HS-grad, Married-civ-spouse, Sales, Husband, White, Male, United-States, >50K
55.072933,91821.84,10.010268,617.29016,22.65296,39.171017, Private, Some-college, Married-civ-spouse, Craft-repair, Husband, White, Male, United-States, >50K
26.40869,136790.02,10.954591,273.43475,13.088933,43.842274, Private, Assoc-voc, Never-married, Adm-clerical, Unmarried, White, Female, United-States, <=50K
38.59601,74475.68,3.182035,367.98853,-26.404985,37.463127, Private, HS-grad, Never-married, Other-service, Not-in-family, White, Male, United-States, <=50K
60.123486,41409.516,12.099219,4476.96,36.4255,59.383743, Self-emp-not-inc, Assoc-acdm, Married-civ-spouse, Adm-clerical, Husband, White, Male, United-States, >50K
29.948948,276127.0,12.968241,948.8232,5.398656,45.037395, Private, Bachelors, Married-civ-spouse, Exec-managerial, Husband, White, Male, United-States, <=50K
40.18123,171141.2,9.126408,753.2665,-6.4142714,45.228138, Self-emp-not-inc, HS-grad, Divorced, Machine-op-inspct, Not-in-family, White, Female, United-States, <=50K
18.675875,182796.2,8.897871,167.99481,-11.435985,31.507402, Private, HS-grad, Never-married, Other-service, Not-in-family, White, Male, United-States, <=50K
48.97787,177739.03,9.964337,-254.23749,1.0882007,40.51923, Private, Some-college, Married-civ-spouse, Craft-repair, Husband, White, Male, United-States, <=50K
46.16946,179027.58,9.719207,407.6256,10.005483,17.77074, Self-emp-not-inc, Some-college, Never-married, Sales, Not-in-family, White, Female, United-States, <=50K
72.29494,301229.5,9.763079,-882.4202,3.6216402,11.599346, Private, Some-college, Divorced, Prof-specialty, Wife, White, Female, United-States, <=50K
36.087162,46112.344,8.986777,1155.3806,13.195973,38.119038, Private, HS-grad, Married-civ-spouse, Adm-clerical, Husband, White, Male, United-States, >50K
59.48081,197571.52,8.982227,-311.03632,13.609799,35.83271, Private, HS-grad, Married-civ-spouse, Prof-specialty, Wife, White, Female, United-States, <=50K
28.708294,109639.62,9.982987,519.04034,-22.88627,5.030363, State-gov, Some-college, Never-married, ?, Not-in-family, White, Male, United-States, <=50K
35.754433,432913.47,15.424079,233.54388,1823.1005,53.794605, Private, Bachelors, Married-civ-spouse, Prof-specialty, Husband, White, Male, United-States, <=50K
27.513191,89054.47,9.914774,-291.82245,2.6683779,39.384464, Private, Some-college, Separated, Handlers-cleaners, Unmarried, White, Female, United-States, <=50K
51.621277,57605.83,8.995258,-252.7873,-1.4421719,45.314674, Private, HS-grad, Married-civ-spouse, Craft-repair, Husband, White, Male, United-States, <=50K
32.453922,301371.88,13.269956,755.8596,1817.5132,28.500444, Private, Bachelors, Married-civ-spouse, Prof-specialty, Husband, White, Male, United-States, <=50K
36.91353,234520.16,4.8184314,-60.510685,-17.183954,27.268476, Private, HS-grad, Never-married, Sales, Not-in-family, White, Female, United-States, <=50K
40.15451,238571.9,6.181679,8.788143,72.61461,47.40354, Self-emp-not-inc, 11th, Divorced, Other-service, Unmarried, White, Female, United-States, <=50K
17.205986,293576.25,9.860077,1815.5968,-7.345866,41.043762, Private, Some-college, Never-married, Handlers-cleaners, Not-in-family, White, Male, United-States, <=50K
30.88958,498194.25,4.6312737,620.91425,-11.427066,30.4877, Private, HS-grad, Divorced, Tech-support, Unmarried, White, Female, United-States, <=50K
26.602758,185893.33,11.800466,-611.9455,-5.2266035,32.57076, Private, Assoc-acdm, Never-married, Tech-support, Not-in-family, White, Female, United-States, <=50K
28.337276,66003.03,13.019984,429.64337,13.26061,63.664406, ?, Bachelors, Married-civ-spouse, ?, Husband, White, Male, United-States, <=50K
44.750126,219524.88,13.031629,-304.8459,38.476616,29.287579, Private, Bachelors, Married-civ-spouse, Exec-managerial, Wife, White, Female, United-States, >50K
31.974771,317454.2,9.907718,440.7929,0.81802857,42.04566, Private, Some-college, Married-civ-spouse, Craft-repair, Husband, White, Male, United-States, <=50K
39.74508,215331.03,9.916397,279.44495,15.996488,53.997543, Private, Some-college, Married-civ-spouse, Sales, Husband, White, Male, United-States, <=50K
28.520475,281104.1,9.09496,343.4721,-6.241641,38.8207, State-gov, HS-grad, Married-civ-spouse, Adm-clerical, Husband, White, Male, United-States, <=50K
33.299587,55524.72,9.965037,-102.878,-3.4604902,40.886993, Private, Some-college, Married-civ-spouse, Transport-moving, Husband, White, Male, United-States, <=50K
52.553944,117705.85,12.148248,1098.8506,27.666395,50.132545, Self-emp-not-inc, Assoc-acdm, Married-civ-spouse, Craft-repair, Husband, White, Male, United-States, >50K
53.626884,244617.12,9.055658,10.006771,-6.402339,32.47709, Private, HS-grad, Married-civ-spouse, Other-service, Husband, White, Male, United-States, >50K
25.317463,219736.17,11.165735,330.30408,7.8268023,39.482475, Private, Some-college, Married-civ-spouse, Sales, Husband, White, Male, United-States, <=50K
30.818247,433114.56,9.009936,-74.07014,8.204663,40.904697, Private, HS-grad, Divorced, Sales, Not-in-family, White, Male, United-States, >50K
29.284698,110227.01,12.84117,-62.896915,-2.0671186,35.477474, Private, Bachelors, Never-married, Machine-op-inspct, Other-relative, White, Female, United-States, <=50K
45.317684,342134.3,13.50163,5760.593,16.028341,20.225124, ?, Assoc-acdm, Never-married, ?, Not-in-family, White, Female, United-States, >50K
18.800352,219676.47,9.968922,1393.2034,-6.9526243,42.85735, Private, Some-college, Never-married, Machine-op-inspct, Own-child, White, Female, United-States, <=50K
32.687088,219885.98,13.6223,-219.67926,1762.071,40.734795, Private, Bachelors, Never-married, Other-service, Not-in-family, White, Male, United-States, <=50K
57.290882,125685.47,14.189108,10646.58,33.85687,52.387432, Local-gov, Masters, Married-civ-spouse, Prof-specialty, Husband, White, Male, United-States, >50K
49.55121,312037.1,12.80138,506.4626,-11.308536,30.722694, Self-emp-not-inc, Bachelors, Divorced, Prof-specialty, Not-in-family, White, Female, United-States, <=50K
37.68313,216320.7,8.6114855,7.1134605,37.80883,89.58788, Private, HS-grad, Married-civ-spouse, Craft-repair, Husband, White, Male, United-States, >50K
34.06511,187952.12,5.555165,63.7644,-7.482745,34.40755, Local-gov, 10th, Never-married, ?, Own-child, White, Female, United-States, <=50K
29.889639,431458.03,9.567386,-720.3127,0.972684,42.243805, Private, HS-grad, Divorced, Prof-specialty, Not-in-family, White, Male, United-States, <=50K
55.169228,156259.22,9.912137,-85.13874,-11.567119,37.002087, Private, Some-college, Divorced, Other-service, Unmarried, White, Female, United-States, <=50K
64.77213,202684.25,3.1189685,559.2704,-6.388316,36.272533, Private, 12th, Widowed, Other-service, Not-in-family, White, Female, United-States, <=50K
30.219904,289906.7,8.981795,83.43902,17.028753,57.605614, Self-emp-inc, HS-grad, Married-civ-spouse, Farming-fishing, Husband, White, Male, United-States, <=50K
26.273754,227691.56,10.0720005,952.2288,39.200882,58.819496, Local-gov, Some-college, Never-married, Craft-repair, Own-child, White, Male, United-States, >50K
67.94143,168068.84,9.051451,4575.108,14.268521,46.231678, Self-emp-inc, HS-grad, Married-civ-spouse, Exec-managerial, Husband, White, Male, United-States, >50K
29.333237,363008.88,9.023733,-198.99542,-3.1354475,40.89778, Private, HS-grad, Married-civ-spouse, Craft-repair, Husband, White, Male, United-States, <=50K
29.438778,212614.53,9.859936,6375.481,-5.4131193,36.694843, Private, Some-college, Never-married, Adm-clerical, Not-in-family, White, Male, United-States, <=50K
31.522684,106160.99,9.883484,15.199276,-0.8147,26.229681, Private, Some-college, Divorced, Sales, Unmarried, White, Female, United-States, <=50K
47.500725,156016.95,9.033802,-120.84431,7.105565,36.026817, Private, HS-grad, Married-civ-spouse, Craft-repair, Husband, White, Male, United-States, <=50K
58.229813,44543.188,15.685244,1417.6619,14.713872,39.771297, Private, Masters, Separated, Prof-specialty, Not-in-family, White, Male, United-States, >50K
30.905107,361304.06,10.407028,538.9603,1738.3387,41.385723, Federal-gov, Some-college, Never-married, Craft-repair, Not-in-family, White, Male, United-States, <=50K
27.929619,38921.39,12.896704,155.51825,-12.921527,39.79649, Private, Bachelors, Never-married, Prof-specialty, Not-in-family, White, Male, United-States, <=50K
22.778511,38330.984,8.928201,273.6612,-9.005298,31.174381, Private, HS-grad, Never-married, Machine-op-inspct, Not-in-family, White, Female, United-States, <=50K
38.518497,406417.06,15.638516,-108.0539,-1.8933057,46.094513, Private, Assoc-acdm, Married-civ-spouse, Exec-managerial, Husband, White, Male, United-States, <=50K
46.222397,146331.34,8.969171,128.22516,-26.422808,31.467443, Private, HS-grad, Never-married, Other-service, Not-in-family, White, Male, United-States, <=50K
68.97334,39872.188,9.976264,-736.7459,-3.0839033,41.585976, Federal-gov, Some-college, Married-civ-spouse, Adm-clerical, Husband, White, Male, United-States, <=50K
33.356033,100577.48,10.556997,-459.74384,-2.230441,40.54782, Private, Assoc-voc, Married-civ-spouse, Transport-moving, Husband, White, Male, United-States, <=50K
32.471935,196050.89,13.021451,3433.4246,1.184064,21.708065, Private, Bachelors, Married-civ-spouse, Sales, Husband, White, Male, United-States, >50K
21.874561,294273.72,9.913294,-135.27618,1.365842,38.645546, Private, Some-college, Never-married, Adm-clerical, Own-child, White, Female, United-States, <=50K
34.58546,411381.88,9.844712,2403.564,3.703496,52.103348, Private, Some-college, Married-civ-spouse, Handlers-cleaners, Husband, White, Male, United-States, <=50K
67.762985,153022.23,5.427482,-464.35553,-21.879923,33.621273, Local-gov, Some-college, Divorced, Other-service, Unmarried, White, Female, United-States, <=50K
38.155224,107810.84,9.855614,1427.382,-6.803035,39.04969, Private, HS-grad, Separated, Handlers-cleaners, Not-in-family, White, Male, United-States, <=50K
34.845276,396864.3,9.024134,-11.30817,-32.643215,25.478745, Private, HS-grad, Never-married, Other-service, Not-in-family, White, Female, United-States, <=50K
18.272455,509662.78,8.978975,182.60529,1.7693454,39.59753, Private, HS-grad, Never-married, Sales, Own-child, White, Female, United-States, <=50K
43.86446,106508.414,6.3819747,-667.757,-10.869807,15.632051, Private, 11th, Widowed, Sales, Not-in-family, White, Female, United-States, <=50K
44.880135,93721.7,14.558861,656.259,3.6738634,-3.4729826, Private, Masters, Never-married, Handlers-cleaners, Not-in-family, White, Male, United-States, <=50K
41.64228,254391.78,8.987586,363.54333,-3.5458632,36.473145, Self-emp-not-inc, HS-grad, Never-married, Adm-clerical, Unmarried, White, Female, United-States, <=50K
31.288992,150315.3,6.8642154,-270.8791,38.88215,39.908405, Private, 11th, Married-civ-spouse, Craft-repair, Wife, White, Female, United-States, <=50K
33.272503,271854.28,9.967508,202.69995,23.165266,48.20418, ?, Some-college, Married-civ-spouse, ?, Husband, White, Male, United-States, >50K
26.937593,296720.72,9.053595,-135.48773,9.068028,47.353672, Private, HS-grad, Married-civ-spouse, Craft-repair, Husband, White, Male, United-States, <=50K
32.479897,89097.836,7.353412,188.4284,5.2519045,87.94412, Private, HS-grad, Married-civ-spouse, Sales, Husband, White, Male, United-States, <=50K
35.55563,138362.33,9.993353,440.6306,0.39139283,47.64722, Private, Some-college, Divorced, Adm-clerical, Unmarried, White, Female, United-States, <=50K
46.587605,430927.94,9.816152,354.02142,20.17272,47.866028, Private, Some-college, Married-civ-spouse, Adm-clerical, Husband, White, Male, United-States, <=50K
38.411358,169019.86,8.993897,240.79565,-25.997393,66.93319, Private, HS-grad, Never-married, Transport-moving, Not-in-family, White, Male, United-States, <=50K
24.844822,95210.055,9.090588,-276.66315,-6.6924314,32.589954, Private, HS-grad, Never-married, Adm-clerical, Not-in-family, White, Female, United-States, <=50K
28.097439,385913.75,12.997952,149.45282,1.7475787,40.566483, Private, Bachelors, Never-married, Sales, Not-in-family, White, Female, United-States, <=50K
50.29745,200563.97,3.3344665,441.25348,-12.952579,36.147038, Private, HS-grad, Married-civ-spouse, Transport-moving, Husband, White, Male, United-States, <=50K
52.93712,181741.75,9.079897,195.80804,6.1119204,34.51103, Private, HS-grad, Married-civ-spouse, Craft-repair, Wife, White, Female, United-States, <=50K
38.406395,100611.25,9.144295,266.47552,-38.376698,41.601566, Private, HS-grad, Divorced, Machine-op-inspct, Unmarried, White, Female, United-States, <=50K
37.86403,118981.14,11.927561,-239.37665,-20.546007,44.083385, Private, Assoc-acdm, Married-civ-spouse, Exec-managerial, Husband, White, Male, United-States, <=50K
54.635475,142860.17,7.253994,-584.8327,-29.986277,28.671722, Private, 12th, Married-civ-spouse, Craft-repair, Husband, White, Male, United-States, <=50K
75.543724,88832.984,13.142164,814.5715,10.290776,22.728878, Private, Bachelors, Married-civ-spouse, Prof-specialty, Husband, White, Male, United-States, >50K
51.95949,180940.36,9.04196,186.69775,12.889218,42.26782, Self-emp-not-inc, HS-grad, Married-civ-spouse, Craft-repair, Husband, White, Male, United-States, <=50K
23.339073,544182.8,3.8138556,266.98108,-15.882113,36.90964, Private, 10th, Never-married, Craft-repair, Not-in-family, White, Male, United-States, <=50K
35.406754,189785.1,10.6449995,124.949394,32.480488,47.247875, Private, Assoc-voc, Never-married, Adm-clerical, Not-in-family, White, Male, United-States, <=50K
39.79682,266558.16,8.155761,-719.15155,-1.6249951,41.502243, Local-gov, 12th, Never-married, Machine-op-inspct, Own-child, White, Female, United-States, <=50K
64.2105,117607.44,9.093951,270.0525,30.506254,36.76858, ?, HS-grad, Married-civ-spouse, Prof-specialty, Husband, White, Male, United-States, >50K
64.29545,260692.05,8.883281,622.174,-31.490236,41.954185, Self-emp-not-inc, Bachelors, Never-married, Craft-repair, Unmarried, White, Male, United-States, <=50K
36.691265,137744.58,3.9222488,1216.4865,-0.04873933,40.343994, Private, Some-college, Married-civ-spouse, Craft-repair, Husband, White, Male, United-States, <=50K
22.000687,117170.47,6.850406,596.9774,-4.2543364,46.350418, Private, 11th, Never-married, Craft-repair, Not-in-family, White, Male, United-States, <=50K
30.755907,66382.02,10.657755,291.53595,-14.4913435,63.4721, Private, Some-college, Never-married, Prof-specialty, Not-in-family, White, Male, United-States, >50K
42.928303,341005.88,7.7508035,-345.4732,10.842084,27.066942, Local-gov, 11th, Married-civ-spouse, Other-service, Husband, White, Male, United-States, <=50K
39.70272,129885.375,13.586568,1811.6135,-2.3837996,36.84593, Self-emp-not-inc, Masters, Married-civ-spouse, Transport-moving, Husband, White, Male, United-States, <=50K
36.51979,31058.578,10.859255,534.73584,21.20265,45.64829, Private, Assoc-voc, Never-married, Adm-clerical, Not-in-family, White, Male, United-States, >50K
27.816063,129869.6,9.06962,392.6532,-3.448924,41.65791, ?, HS-grad, Married-civ-spouse, ?, Husband, White, Male, United-States, <=50K
50.240295,223769.05,8.946779,-12.978214,-5.827983,29.020624, Private, HS-grad, Married-civ-spouse, Transport-moving, Husband, White, Male, United-States, <=50K
59.74453,177543.45,9.085726,178.88068,0.30305207,25.658136, Private, HS-grad, Married-civ-spouse, Exec-managerial, Husband, White, Male, United-States, >50K
34.37766,373567.88,13.034844,365.42468,15.743009,41.65891, Private, Bachelors, Married-civ-spouse, Prof-specialty, Husband, White, Male, United-States, >50K
35.210896,207745.69,9.958144,-164.57,6.655278,37.493847, Private, Some-college, Never-married, Prof-specialty, Unmarried, White, Female, United-States, <=50K
25.628557,138704.39,14.554661,479.1277,10.469556,46.13721, Self-emp-not-inc, Masters, Never-married, Sales, Not-in-family, White, Female, United-States, <=50K
31.50496,49575.406,11.170569,-628.9008,-7.96371,28.984869, ?, Assoc-voc, Separated, ?, Not-in-family, White, Female, United-States, <=50K
32.14023,106740.234,9.199497,-445.35236,10.816945,43.88002, Private, HS-grad, Divorced, Prof-specialty, Not-in-family, White, Female, United-States, <=50K
36.97046,174733.8,9.0213375,-119.05927,56.0084,89.02838, Self-emp-not-inc, HS-grad, Married-civ-spouse, Farming-fishing, Husband, White, Male, United-States, >50K
42.974583,185883.36,9.0473175,5.632015,2.157689,45.223866, Private, HS-grad, Married-civ-spouse, Craft-repair, Husband, White, Male, United-States, <=50K
51.189934,186897.67,9.01007,-201.14423,-10.546672,30.799284, Private, HS-grad, Divorced, Other-service, Not-in-family, White, Female, United-States, <=50K
17.334658,433839.7,9.00986,275.1894,-19.07313,35.009674, ?, HS-grad, Never-married, ?, Not-in-family, White, Male, United-States, <=50K
29.193441,250682.88,4.6997046,366.5359,6.172658,42.559177, Self-emp-not-inc, Some-college, Married-civ-spouse, Sales, Husband, White, Male, United-States, <=50K
29.231222,207275.3,12.994525,35.228024,4.6522264,39.004166, Private, Bachelors, Never-married, Prof-specialty, Not-in-family, White, Male, United-States, <=50K
52.494164,123461.04,9.040687,513.80774,14.227025,52.581566, Private, HS-grad, Married-civ-spouse, Craft-repair, Husband, White, Male, United-States, <=50K
64.814964,272318.34,9.055571,351.48798,-28.602167,37.907402, State-gov, HS-grad, Divorced, Sales, Unmarried, White, Male, United-States, <=50K
24.205713,136513.14,9.064725,5879.744,-3.8658247,42.007923, Private, HS-grad, Married-civ-spouse, Sales, Wife, White, Female, United-States, >50K
51.971905,177824.08,14.877757,1468.1316,4.474698,42.510513, Private, Masters, Divorced, Craft-repair, Unmarried, White, Female, United-States, <=50K
65.24718,232351.05,11.793037,-88.89033,13.678731,42.483437, Private, Assoc-acdm, Divorced, Sales, Not-in-family, White, Male, United-States, <=50K
33.76704,133726.81,14.07955,196.55298,-12.91653,42.768307, Private, Masters, Divorced, Exec-managerial, Unmarried, White, Male, United-States, <=50K
35.431244,432733.2,8.902881,191.48102,-22.120142,56.17124, Private, HS-grad, Never-married, Transport-moving, Not-in-family, White, Male, United-States, <=50K
31.567686,8317.798,13.056483,49.10461,33.957336,37.453335, Private, Bachelors, Married-civ-spouse, Sales, Wife, White, Female, United-States, <=50K
45.37522,44733.47,9.067036,-113.488106,-0.6874722,38.23157, Federal-gov, HS-grad, Married-civ-spouse, Adm-clerical, Husband, White, Male, United-States, <=50K
30.470263,430492.8,10.031529,131.62372,17.516615,50.820545, Self-emp-not-inc, Some-college, Married-civ-spouse, Transport-moving, Husband, White, Male, United-States, <=50K
39.109596,239082.88,13.249919,235.86444,22.61685,45.632492, Private, Masters, Married-civ-spouse, Sales, Wife, White, Female, United-States, <=50K
44.321106,273034.7,14.22533,-138.74152,-14.905673,24.464197, ?, Bachelors, Married-civ-spouse, ?, Husband, White, Male, United-States, <=50K
21.92049,382475.28,9.82159,-257.6601,0.8404666,40.603867, Private, Some-college, Married-civ-spouse, Handlers-cleaners, Husband, White, Male, United-States, <=50K
26.201176,369602.7,3.162887,14.760067,-17.212343,28.839428, Private, Some-college, Never-married, Machine-op-inspct, Not-in-family, White, Female, United-States, <=50K
28.621008,455623.3,9.875801,879.1665,4.5333376,37.913197, Private, Some-college, Separated, Sales, Unmarried, White, Female, United-States, <=50K
18.425858,275596.88,9.939675,152.71973,-12.275508,29.19192, Private, Some-college, Never-married, Other-service, Own-child, White, Female, United-States, <=50K
34.953735,193152.28,9.076105,-111.95576,11.267056,50.068768, Private, HS-grad, Married-civ-spouse, Craft-repair, Husband, White, Male, United-States, >50K
32.2478,159551.39,9.078607,8330.58,-17.30646,51.656155, Private, HS-grad, Married-civ-spouse, Transport-moving, Husband, White, Male, United-States, <=50K
33.95594,227264.8,5.965373,366.2116,-1.2065991,48.36767, Private, 11th, Married-civ-spouse, Exec-managerial, Husband, White, Male, United-States, <=50K
19.697601,169297.03,9.018077,264.53253,-13.9024,45.47193, ?, HS-grad, Never-married, ?, Own-child, White, Female, United-States, <=50K
37.675457,547369.75,9.793157,13458.459,12.127423,33.17713, State-gov, Some-college, Married-civ-spouse, Sales, Husband, White, Male, United-States, <=50K
36.325104,242700.0,10.760748,1877.0709,-6.5374784,42.49977, Private, Assoc-acdm, Married-civ-spouse, Handlers-cleaners, Husband, White, Male, United-States, <=50K
39.797867,101287.14,8.959153,2505.9495,8.916905,42.394867, Private, HS-grad, Married-civ-spouse, Craft-repair, Husband, White, Male, United-States, >50K
48.379974,104806.09,11.741794,-1601.8853,-4.59888,36.615948, Federal-gov, Bachelors, Married-civ-spouse, Exec-managerial, Husband, White, Male, United-States, >50K
28.80353,516607.38,6.379038,-132.74799,-5.133067,26.65014, Private, 10th, Separated, Transport-moving, Not-in-family, White, Male, United-States, <=50K
27.612593,287655.97,9.082577,41.52557,-5.6352034,39.728825, Private, HS-grad, Married-civ-spouse, Machine-op-inspct, Husband, White, Male, United-States, <=50K
39.665787,323111.47,9.078409,15.943295,2.936513,37.46319, ?, HS-grad, Divorced, ?, Unmarried, White, Male, United-States, <=50K
37.88292,103299.766,12.241729,431.33423,0.54349244,34.492783, Private, Bachelors, Married-civ-spouse, Craft-repair, Husband, White, Male, United-States, >50K
43.70597,176944.83,9.637898,-230.00983,-0.1475171,16.275787, Self-emp-not-inc, HS-grad, Divorced, Prof-specialty, Not-in-family, White, Female, United-States, <=50K
51.345127,28033.797,13.747139,17366.256,37.871616,43.20861, ?, Bachelors, Married-civ-spouse, ?, Husband, White, Male, United-States, >50K
30.302788,354863.2,10.166083,7598.1543,-13.650577,30.702913, Self-emp-not-inc, HS-grad, Married-civ-spouse, Prof-specialty, Husband, White, Male, United-States, <=50K
35.542465,182928.72,11.958665,310.43066,9.521283,32.89055, Self-emp-not-inc, Assoc-acdm, Divorced, Sales, Not-in-family, White, Female, United-States, >50K
36.99082,101122.164,8.947861,6462.549,18.008963,61.512123, Private, HS-grad, Married-civ-spouse, Craft-repair, Husband, White, Male, United-States, >50K
25.421518,227509.33,13.967283,-57.373844,21.954626,41.790066, Private, Masters, Never-married, Adm-clerical, Not-in-family, White, Female, United-States, <=50K
17.040916,131915.34,8.940114,-153.97528,-24.89882,22.637688, Private, HS-grad, Never-married, Other-service, Own-child, White, Female, United-States, <=50K
45.12385,102752.25,9.072866,37.61407,10.357999,45.78534, Self-emp-not-inc, HS-grad, Married-civ-spouse, Adm-clerical, Husband, White, Male, United-States, >50K
23.12386,182514.11,9.050668,62.389828,-17.544336,36.53435, Private, HS-grad, Never-married, Craft-repair, Own-child, White, Male, United-States, <=50K
40.040623,73598.125,9.917437,-96.80073,-12.609996,34.81891, Private, Some-college, Separated, Other-service, Unmarried, White, Female, United-States, <=50K
20.220102,177767.5,8.021221,382.45276,1703.8004,48.382812, Private, 11th, Never-married, Other-service, Own-child, White, Male, United-States, <=50K
61.306503,160722.7,8.915596,7073.031,11.645703,35.821617, Local-gov, HS-grad, Married-civ-spouse, Prof-specialty, Husband, White, Male, United-States, >50K
59.981472,171342.19,9.901472,-34.48737,2.8088503,43.09285, Private, Some-college, Married-civ-spouse, Transport-moving, Husband, White, Male, United-States, <=50K
28.18853,186584.84,9.045143,-7.923527,-17.78103,35.938908, Private, HS-grad, Never-married, Adm-clerical, Own-child, White, Female, United-States, <=50K
48.42075,104557.125,13.426542,27.967342,-17.49132,24.944874, Self-emp-not-inc, Assoc-acdm, Separated, Prof-specialty, Not-in-family, White, Female, United-States, <=50K
39.481026,210133.27,9.018881,307.17596,5.495038,54.02485, Private, HS-grad, Married-civ-spouse, Other-service, Husband, White, Male, United-States, >50K
37.58367,280402.78,9.125305,820.22815,-5.8378477,45.809883, Self-emp-inc, HS-grad, Married-civ-spouse, Craft-repair, Husband, White, Male, United-States, >50K
48.647156,64535.523,9.017029,818.58966,-2.0083952,38.306656, Private, HS-grad, Married-civ-spouse, Craft-repair, Husband, White, Male, United-States, <=50K
29.45954,327902.8,12.975219,192.69427,4.126218,44.338554, Private, Bachelors, Married-civ-spouse, Prof-specialty, Husband, White, Male, United-States, <=50K
34.370544,232496.89,12.987113,9001.413,26.376322,58.825863, Private, Bachelors, Married-civ-spouse, Exec-managerial, Husband, White, Male, United-States, >50K
32.337437,277379.47,9.028467,62.79681,-5.275798,40.016186, Private, HS-grad, Divorced, Adm-clerical, Unmarried, White, Female, United-States, <=50K
40.699726,177771.72,9.00298,409.40802,-5.7976637,40.459763, Private, HS-grad, Never-married, Craft-repair, Unmarried, White, Male, United-States, <=50K
33.85503,89389.12,10.423468,-320.22736,-45.0648,40.008175, ?, Assoc-voc, Divorced, Machine-op-inspct, Own-child, White, Female, United-States, <=50K
31.616219,73970.945,9.069177,-434.6579,21.792074,56.300823, Local-gov, HS-grad, Married-civ-spouse, Other-service, Wife, White, Female, United-States, <=50K
41.95627,41915.97,11.859611,70659.92,44.868767,49.173653, Private, Assoc-acdm, Divorced, Craft-repair, Unmarried, White, Female, United-States, >50K
33.17389,110728.51,9.938863,-119.71284,1.6854755,36.677258, Self-emp-not-inc, Some-college, Divorced, Craft-repair, Unmarried, White, Male, United-States, <=50K
38.490784,235176.48,8.929506,-17.92023,-10.892024,32.290554, Private, HS-grad, Never-married, Other-service, Not-in-family, White, Male, United-States, <=50K
65.72016,143528.62,10.449775,200.66486,-10.135646,49.64141, Private, Assoc-voc, Married-civ-spouse, Prof-specialty, Husband, White, Male, United-States, <=50K
49.374664,112637.055,10.081136,24.771297,2276.5562,41.39066, Self-emp-not-inc, Some-college, Divorced, Machine-op-inspct, Unmarried, White, Male, United-States, <=50K
35.063065,133682.16,12.88082,-225.72345,17.289602,61.627888, Private, Bachelors, Divorced, Sales, Not-in-family, White, Male, United-States, <=50K
25.419836,183827.11,10.9849615,-366.83588,16.843237,37.683308, Private, Assoc-voc, Never-married, Adm-clerical, Own-child, White, Female, United-States, <=50K
26.726847,268695.2,3.5077863,130.35602,-22.1858,34.853367, Private, Some-college, Never-married, Sales, Other-relative, White, Male, United-States, <=50K
55.1642,155175.86,13.302078,-176.41022,3.1190767,46.597633, Self-emp-inc, Bachelors, Married-civ-spouse, Prof-specialty, Husband, White, Male, United-States, >50K
37.461075,49904.406,8.864214,-146.03094,-13.253497,46.714973, Private, HS-grad, Divorced, Other-service, Not-in-family, White, Female, United-States, <=50K
23.56444,191737.92,6.934975,582.7605,56.85824,47.136665, Self-emp-not-inc, 11th, Never-married, Tech-support, Not-in-family, White, Male, United-States, <=50K
26.839031,389984.66,9.922567,-804.4545,-1.6063489,24.042604, Private, Some-college, Separated, Exec-managerial, Own-child, White, Female, United-States, <=50K
40.25605,320313.3,13.054219,96.44457,16.733618,31.45704, Private, Bachelors, Married-civ-spouse, Other-service, Husband, White, Male, United-States, >50K
35.570206,217431.47,9.084271,-21.105167,-9.453845,43.89667, Private, HS-grad, Never-married, Craft-repair, Own-child, White, Male, United-States, <=50K
46.985714,253971.7,15.052879,1083.9036,10.1347475,44.05366, Private, Masters, Divorced, Prof-specialty, Not-in-family, White, Female, United-States, >50K
49.033295,274041.6,10.033178,278.5938,4.181424,45.82629, Self-emp-not-inc, Some-college, Married-civ-spouse, Machine-op-inspct, Husband, White, Male, United-States, <=50K
19.51336,71333.88,9.980947,-61.16962,-18.565088,35.15373, Private, Some-college, Never-married, Other-service, Own-child, White, Female, United-States, <=50K
58.841072,144191.69,9.992842,51.18591,2205.1714,46.179863, Private, Some-college, Married-civ-spouse, Exec-managerial, Husband, White, Male, United-States, >50K
32.530376,198428.78,9.423545,28473.008,30.218325,38.666897, Private, HS-grad, Never-married, Sales, Not-in-family, White, Male, United-States, <=50K
63.498493,345459.06,9.229506,-590.9443,8.335469,40.762554, Local-gov, HS-grad, Married-civ-spouse, Craft-repair, Husband, White, Male, United-States, <=50K
44.601387,284704.72,13.018065,-483.8128,30.409845,52.86678, Federal-gov, Bachelors, Divorced, Tech-support, Not-in-family, White, Male, United-States, <=50K
41.267666,138014.78,9.00228,476.14246,11.504857,40.819214, Private, HS-grad, Never-married, Exec-managerial, Unmarried, White, Female, United-States, <=50K
21.455622,439985.22,9.872593,-660.8349,8.08463,35.201515, Private, Some-college, Never-married, Other-service, Own-child, White, Female, United-States, >50K
53.881256,25480.172,8.339135,1904.8103,17.444365,55.429943, Self-emp-not-inc, 10th, Married-civ-spouse, Farming-fishing, Husband, White, Male, United-States, >50K
18.510351,356673.94,9.857701,160.1322,-4.489688,34.436184, Private, Some-college, Never-married, Adm-clerical, Not-in-family, White, Female, United-States, <=50K
37.640068,352857.1,9.066192,-183.96466,-6.8428984,42.563446, Private, HS-grad, Married-civ-spouse, Craft-repair, Not-in-family, White, Male, United-States, <=50K
25.034187,498217.03,9.862113,5965.108,-10.69675,35.30037, Private, Some-college, Never-married, Craft-repair, Own-child, White, Male, United-States, <=50K
22.019392,235811.47,9.937198,-178.05878,-12.212192,39.677853, Private, Some-college, Never-married, Prof-specialty, Own-child, White, Male, United-States, <=50K
24.514254,281526.66,9.85104,1443.7438,19.376501,23.861233, Private, Some-college, Married-civ-spouse, Transport-moving, Wife, White, Female, United-States, <=50K
31.354542,195806.34,9.984827,50.392574,-9.797519,46.33561, Self-emp-not-inc, Some-college, Never-married, Craft-repair, Unmarried, White, Female, United-States, <=50K
38.98071,172528.83,6.801088,7.693905,-7.7561903,45.62912, Self-emp-not-inc, 11th, Married-civ-spouse, Other-service, Husband, White, Male, United-States, <=50K
58.06944,122628.5,8.978696,-120.96357,-14.102771,48.408104, Private, HS-grad, Divorced, Prof-specialty, Not-in-family, White, Female, United-States, <=50K
36.810707,186491.64,9.937019,56.8139,13.175107,48.417393, Private, Some-college, Married-civ-spouse, Machine-op-inspct, Husband, White, Male, United-States, >50K
50.331215,315367.38,6.497863,527.2675,-15.472735,37.4226, Private, 12th, Never-married, Craft-repair, Not-in-family, White, Male, United-States, <=50K
28.472633,248220.6,13.014088,655.24634,10.483899,46.445812, Private, Bachelors, Married-civ-spouse, Exec-managerial, Husband, White, Male, United-States, <=50K
46.574272,272697.56,9.054697,-503.35553,30.618536,42.821373, Federal-gov, HS-grad, Widowed, Craft-repair, Not-in-family, White, Female, United-States, <=50K
44.171844,184525.36,8.932273,-645.6949,4.262067,41.348557, Private, HS-grad, Divorced, Prof-specialty, Not-in-family, White, Female, United-States, >50K
50.919724,92777.28,12.863754,354.74072,19.645544,48.879944, Private, Bachelors, Married-civ-spouse, Adm-clerical, Husband, White, Male, United-States, >50K
39.726707,184688.19,9.984961,-66.252754,-4.278117,33.929756, Private, Some-college, Never-married, Machine-op-inspct, Own-child, White, Female, United-States, <=50K
41.80591,306442.9,9.023082,-116.31989,16.170141,43.125748, Local-gov, HS-grad, Married-civ-spouse, Craft-repair, Husband, White, Male, United-States, <=50K
32.08619,152402.0,10.069854,30213.281,34.253242,41.039425, Private, Some-college, Married-civ-spouse, Craft-repair, Husband, White, Male, United-States, >50K
36.50056,220721.19,13.060737,-185.44196,4.125737,48.90063, Private, Bachelors, Married-civ-spouse, Transport-moving, Husband, White, Male, United-States, <=50K
17.674194,135781.95,12.956174,701.2486,-23.744638,34.533173, Private, Bachelors, Never-married, Other-service, Other-relative, White, Female, United-States, <=50K
24.514486,214245.31,13.256212,-604.61017,25.080812,38.468906, State-gov, Bachelors, Married-civ-spouse, Sales, Wife, White, Female, United-States, <=50K
36.923737,235845.08,12.868185,59.455624,25.017878,49.04182, Self-emp-inc, Bachelors, Married-civ-spouse, Exec-managerial, Husband, White, Male, United-States, >50K
57.34844,398060.62,5.4886007,210.5711,7.533643,36.380974, Private, 12th, Married-civ-spouse, Prof-specialty, Husband, White, Male, United-States, <=50K
31.881021,171583.97,10.060877,486.88678,11.570279,49.68454, State-gov, Some-college, Married-civ-spouse, Protective-serv, Husband, White, Male, United-States, <=50K
24.646118,106856.19,8.9483185,40.79437,-8.372706,37.322277, Private, HS-grad, Never-married, Other-service, Not-in-family, White, Male, United-States, <=50K
51.831898,190079.94,10.862411,440.61853,16.55274,41.481472, Self-emp-not-inc, Assoc-voc, Married-civ-spouse, Craft-repair, Husband, White, Male, United-States, <=50K
44.008465,320585.38,9.056474,-321.49628,4.970151,42.011425, Private, HS-grad, Married-civ-spouse, Transport-moving, Husband, White, Male, United-States, >50K
51.71677,177391.66,13.164559,9937.963,2.3046541,48.474003, Private, Bachelors, Married-civ-spouse, Sales, Own-child, White, Male, United-States, >50K
28.298944,468546.06,12.913893,-6.851261,11.660687,37.846024, Private, Bachelors, Never-married, Adm-clerical, Not-in-family, White, Male, United-States, <=50K
36.2759,86690.234,9.951083,-284.278,15.119901,40.817703, State-gov, Some-college, Married-civ-spouse, Sales, Husband, White, Male, United-States, <=50K
79.382904,176655.25,12.873668,551.85706,7.1846666,29.077312, Private, Bachelors, Divorced, Prof-specialty, Not-in-family, White, Female, United-States, <=50K
66.01464,272552.34,9.137547,-1019.90643,264.5953,49.538513, Private, HS-grad, Widowed, Other-service, Other-relative, White, Male, United-States, <=50K
44.41617,135757.95,12.213851,-1043.971,18.60681,48.99119, Private, Assoc-acdm, Widowed, Transport-moving, Not-in-family, White, Male, United-States, >50K
42.55976,103047.47,9.6384535,80.26873,4.521718,39.940487, Private, Some-college, Never-married, Farming-fishing, Not-in-family, White, Male, United-States, <=50K
45.94753,60315.055,10.111501,81.28802,2075.5544,57.30434, Private, Some-college, Married-civ-spouse, Sales, Husband, White, Male, United-States, >50K
34.1961,350063.72,3.8560348,240.36273,5.252507,37.19721, ?, 10th, Married-civ-spouse, ?, Husband, White, Male, United-States, <=50K
36.478897,347353.16,12.885069,4499.0435,0.48314393,44.484024, Private, Bachelors, Married-civ-spouse, Prof-specialty, Husband, White, Male, United-States, <=50K
40.808548,260525.2,12.976367,-406.44928,-12.576274,40.50199, State-gov, Bachelors, Divorced, ?, Unmarried, White, Female, United-States, <=50K
49.844746,92471.945,8.923485,521.12933,-3.481227,29.162668, Self-emp-not-inc, 10th, Married-civ-spouse, Sales, Husband, White, Male, United-States, <=50K
51.645805,184166.95,9.067511,233.60559,-0.3732785,39.40871, Private, HS-grad, Married-civ-spouse, Craft-repair, Husband, White, Male, United-States, <=50K
29.001787,123330.83,13.003799,325.5089,-4.6453733,39.021034, Private, Bachelors, Married-civ-spouse, Transport-moving, Husband, White, Male, United-States, <=50K
42.99885,57589.0,12.940098,1168.3455,17.420736,68.868416, Self-emp-not-inc, Bachelors, Married-civ-spouse, Prof-specialty, Husband, White, Male, United-States, >50K
50.84468,97710.48,8.439213,-169.40009,-0.53748596,44.082832, Private, HS-grad, Married-civ-spouse, Adm-clerical, Husband, White, Male, United-States, <=50K
33.730988,272026.56,13.07618,-527.4411,436.78412,47.173492, Private, Bachelors, Never-married, Sales, Not-in-family, White, Female, United-States, <=50K
29.88512,186830.39,8.982926,486.44263,-36.03693,44.070442, Private, HS-grad, Divorced, Other-service, Unmarried, White, Male, United-States, <=50K
43.350452,246041.23,9.894931,-134.27374,-6.1967344,18.286097, Private, Some-college, Separated, Other-service, Not-in-family, White, Female, United-States, <=50K
54.936325,322861.8,3.4418879,475.36682,12.429906,43.442383, Private, 12th, Married-civ-spouse, Adm-clerical, Husband, White, Male, United-States, <=50K
29.332127,230595.98,12.9405775,89.21612,21.288336,72.14716, Private, Bachelors, Married-civ-spouse, Sales, Husband, White, Male, United-States, <=50K
48.032806,291553.47,13.039936,246.79303,15.162885,54.47643, Private, Bachelors, Married-civ-spouse, Sales, Husband, White, Male, United-States, <=50K
35.2315,37976.812,12.935865,-428.04767,-1.0340451,36.83419, State-gov, Bachelors, Married-civ-spouse, Sales, Husband, White, Male, United-States, <=50K
46.475746,141535.78,13.899824,-278.79803,29.550173,54.18531, Private, Masters, Married-civ-spouse, Exec-managerial, Husband, White, Male, United-States, >50K
22.43374,238596.17,9.100165,244.26721,345.89478,40.788265, Private, HS-grad, Never-married, Other-service, Own-child, White, Male, United-States, <=50K
42.93995,254996.05,10.584747,-514.63763,23.258917,58.52255, Federal-gov, Bachelors, Divorced, Adm-clerical, Not-in-family, White, Female, United-States, <=50K
38.95648,123037.62,13.01573,196.08673,-1.6710385,54.30252, State-gov, Bachelors, Never-married, Exec-managerial, Not-in-family, White, Male, United-States, <=50K
29.412125,183083.12,12.000538,-268.01715,-11.902263,30.976803, Private, Assoc-acdm, Never-married, Craft-repair, Own-child, White, Male, United-States, <=50K
17.585272,331889.72,9.982556,148.74207,-7.075755,30.867805, Private, Some-college, Never-married, Adm-clerical, Own-child, White, Male, United-States, <=50K
66.56301,197422.42,12.302691,-86.137276,-13.263568,29.77038, Private, Assoc-acdm, Married-civ-spouse, Prof-specialty, Husband, White, Male, United-States, <=50K
35.487553,166480.19,12.202869,219.39935,31.321718,30.176397, Local-gov, Assoc-acdm, Married-civ-spouse, Adm-clerical, Husband, White, Male, United-States, >50K
47.51876,100719.086,6.9384074,-847.8864,-23.050234,49.21019, Private, 12th, Married-spouse-absent, Craft-repair, Other-relative, White, Male, United-States, <=50K
30.375757,332582.9,10.29846,-378.0905,5.7850924,43.843227, Private, HS-grad, Married-civ-spouse, Other-service, Wife, White, Female, United-States, <=50K
32.001656,201623.72,9.298306,4318.948,-25.134295,48.681515, Private, HS-grad, Never-married, Exec-managerial, Not-in-family, White, Male, United-States, <=50K
22.03665,81918.28,8.880853,4.3585777,-8.175578,34.475464, Private, HS-grad, Never-married, Other-service, Own-child, White, Male, United-States, <=50K
48.291965,114772.51,9.999873,1024.6857,17.116377,41.13484, Self-emp-not-inc, Some-college, Married-civ-spouse, Craft-repair, Husband, White, Male, United-States, <=50K
27.14642,195041.12,9.011004,212.43286,-17.614283,28.077374, Private, HS-grad, Divorced, Other-service, Unmarried, White, Female, United-States, <=50K
40.90119,75377.78,10.00345,10.1967125,11.847608,37.933002, ?, Some-college, Married-civ-spouse, ?, Husband, White, Male, United-States, <=50K
29.694975,50560.156,13.177543,-0.9248698,15.075101,45.888786, Private, Bachelors, Married-civ-spouse, Exec-managerial, Husband, White, Male, United-States, >50K
37.36186,57064.42,9.853253,75.94915,31.814505,37.105602, Private, Some-college, Separated, Tech-support, Not-in-family, White, Female, United-States, >50K
31.532028,187423.92,9.961277,-145.39374,5.0660753,38.22599, ?, Some-college, Married-civ-spouse, ?, Husband, White, Male, United-States, <=50K
53.3741,199467.33,14.325395,665.6491,28.10332,43.336098, Self-emp-inc, Masters, Married-civ-spouse, Exec-managerial, Husband, White, Male, United-States, >50K
33.711018,191857.14,14.382247,-270.34515,-28.323969,69.271736, Private, Bachelors, Never-married, Prof-specialty, Other-relative, White, Male, United-States, <=50K
52.49029,277961.1,9.936095,556.0476,-0.29777038,38.185406, Private, Some-college, Never-married, Craft-repair, Not-in-family, White, Male, United-States, <=50K
49.945126,75960.2,12.13778,370.7428,87.15691,58.876957, Self-emp-not-inc, Assoc-acdm, Married-civ-spouse, Sales, Husband, White, Male, United-States, >50K
30.704775,64905.25,9.985061,-287.90387,-3.5417662,46.10074, Private, Some-college, Never-married, Exec-managerial, Not-in-family, White, Female, United-States, >50K
39.722164,198663.67,12.988411,-842.4528,15.031064,39.797935, Federal-gov, Bachelors, Divorced, Adm-clerical, Not-in-family, White, Male, United-States, <=50K
35.91686,372475.66,10.1617155,21.4389,12.827695,56.015987, Private, HS-grad, Married-civ-spouse, Sales, Husband, White, Male, United-States, <=50K
29.862823,133410.62,9.892388,16.000912,7.649602,43.270912, Private, 12th, Married-civ-spouse, Transport-moving, Husband, White, Male, United-States, <=50K
45.050236,68256.15,13.736038,266.80713,43.177067,39.775105, Private, Masters, Married-civ-spouse, Exec-managerial, Husband, White, Male, United-States, >50K
41.84911,219494.42,11.048221,465.3412,18.485167,42.982864, Private, Assoc-voc, Married-civ-spouse, Craft-repair, Husband, White, Male, United-States, <=50K
50.596928,138705.14,10.0549555,-247.33063,8.808873,38.786636, Private, Some-college, Never-married, Adm-clerical, Not-in-family, White, Female, United-States, <=50K
34.676567,94419.086,10.71265,25.722713,-8.753535,33.53046, Private, HS-grad, Never-married, Handlers-cleaners, Own-child, White, Male, United-States, <=50K
34.823395,162835.42,12.093975,-228.6131,13.581349,22.373205, Private, Assoc-acdm, Never-married, Machine-op-inspct, Not-in-family, White, Female, United-States, <=50K
33.869152,137310.2,9.973625,-321.8216,-9.792529,38.498722, Private, Some-college, Never-married, Other-service, Not-in-family, White, Female, United-States, <=50K
29.350801,186156.64,13.059091,-58.402897,26.284075,91.60237, Private, Bachelors, Married-spouse-absent, Exec-managerial, Not-in-family, White, Male, United-States, >50K
37.269554,284323.0,5.8417854,-594.65424,-15.478915,40.968525, Private, 10th, Divorced, Sales, Not-in-family, White, Female, United-States, <=50K
35.944946,132492.69,9.943629,1482.0704,29.628576,55.861298, Self-emp-not-inc, Some-college, Married-civ-spouse, Farming-fishing, Husband, White, Male, United-States, >50K
72.24603,251321.19,9.901643,45.19537,34.495087,53.45351, ?, Some-college, Married-civ-spouse, ?, Husband, White, Male, United-States, <=50K
36.85695,184008.88,12.865479,1542.5192,10.924123,38.351406, Self-emp-not-inc, Bachelors, Never-married, Prof-specialty, Not-in-family, White, Male, United-States, >50K
35.36971,110412.734,13.132719,379.12158,22.985708,39.841656, Private, Bachelors, Married-civ-spouse, Craft-repair, Wife, White, Female, United-States, <=50K
71.584145,155994.77,14.044578,-66.477,17.444166,38.399487, Federal-gov, Masters, Never-married, Prof-specialty, Not-in-family, White, Female, United-States, <=50K
66.32659,87451.56,9.042802,8.245052,9.917768,58.013466, Private, HS-grad, Married-civ-spouse, Craft-repair, Husband, White, Male, United-States, <=50K
39.150913,114461.43,3.3277683,-291.44562,-40.560596,19.173512, Private, Some-college, Divorced, Handlers-cleaners, Own-child, White, Male, United-States, <=50K
19.089397,93694.91,9.854725,573.19196,-10.648082,40.203407, Private, Some-college, Never-married, Handlers-cleaners, Not-in-family, White, Male, United-States, <=50K
26.595274,136018.88,9.000327,4954.6187,-7.44147,37.11087, Private, HS-grad, Married-civ-spouse, Machine-op-inspct, Husband, White, Male, United-States, <=50K
52.482845,164549.14,9.0429945,26.543758,30.942041,78.93817, Private, HS-grad, Married-civ-spouse, Craft-repair, Husband, White, Male, United-States, >50K
37.02781,132779.66,10.0205555,5922.544,27.165556,65.93547, Self-emp-not-inc, Some-college, Married-civ-spouse, Sales, Husband, White, Male, United-States, >50K
18.292864,118918.25,9.837053,211.09589,-4.395282,30.514015, Self-emp-not-inc, Some-college, Never-married, Farming-fishing, Own-child, White, Male, United-States, <=50K
28.087982,144091.89,8.946335,7367.917,2.5174685,45.22637, Private, HS-grad, Married-civ-spouse, Craft-repair, Husband, White, Male, United-States, <=50K
31.638563,276783.9,9.043767,-261.5667,-9.848247,37.426067, Private, HS-grad, Divorced, Machine-op-inspct, Not-in-family, White, Male, United-States, <=50K
26.626875,125183.09,5.691778,-1.7142985,-4.6034956,27.008383, Private, Some-college, Never-married, Other-service, Own-child, White, Male, United-States, <=50K
51.513817,84293.79,9.180648,-48.140446,10.690732,40.70792, Self-emp-not-inc, HS-grad, Married-civ-spouse, Craft-repair, Husband, White, Male, United-States, <=50K
51.114326,373424.44,9.0498085,-16.820988,19.373617,55.21644, Self-emp-not-inc, HS-grad, Married-civ-spouse, Sales, Husband, White, Male, United-States, >50K
33.7719,83809.8,10.224594,933.4108,8.243489,41.40226, Self-emp-not-inc, Some-college, Married-civ-spouse, Craft-repair, Husband, White, Male, United-States, <=50K
31.743965,190851.7,15.084941,161.9729,-1.7104367,40.879692, Private, Assoc-acdm, Never-married, Prof-specialty, Not-in-family, White, Male, United-States, <=50K
24.04973,270786.53,2.5459104,45.999508,19.644827,62.823135, Private, HS-grad, Married-civ-spouse, Transport-moving, Husband, White, Male, United-States, <=50K
43.104755,112118.234,9.983374,1095.3092,19.182821,36.809986, Self-emp-not-inc, Some-college, Married-civ-spouse, Craft-repair, Husband, White, Male, United-States, >50K
37.002254,313977.88,8.948584,554.824,-10.132998,14.956619, Private, HS-grad, Married-civ-spouse, Prof-specialty, Husband, White, Male, United-States, <=50K
33.31882,118420.58,10.8726015,-26.094791,-6.7235823,21.86996, Private, Assoc-voc, Never-married, Craft-repair, Not-in-family, White, Female, United-States, <=50K
44.997627,165311.77,3.7020001,300.201,-9.5405,38.41953, Private, 12th, Never-married, Craft-repair, Not-in-family, White, Male, United-States, <=50K
22.35266,208050.14,9.066796,1582.0765,-2.7696714,41.85414, Private, HS-grad, Divorced, Machine-op-inspct, Own-child, White, Male, United-States, <=50K
26.934862,287578.84,8.958857,-453.0091,-1.5843686,38.203377, Private, HS-grad, Married-civ-spouse, Other-service, Husband, White, Male, United-States, <=50K
27.886486,205457.83,9.426386,-170.06525,-20.048075,42.43214, Private, HS-grad, Never-married, Other-service, Not-in-family, White, Male, United-States, <=50K
47.085564,247635.48,9.829772,643.2316,7.845845,38.45801, Self-emp-not-inc, Some-college, Married-civ-spouse, Prof-specialty, Husband, White, Male, United-States, <=50K
51.832405,429277.56,9.819935,681.3277,10.145726,36.676228, Private, Some-college, Divorced, Craft-repair, Not-in-family, White, Female, United-States, <=50K
23.958115,215726.17,12.789278,648.5494,-17.395006,48.827473, Private, Bachelors, Never-married, Machine-op-inspct, Own-child, White, Male, United-States, <=50K
32.643024,115638.88,9.8291645,-297.59137,-2.8417768,39.448463, Private, HS-grad, Married-civ-spouse, Adm-clerical, Husband, White, Male, United-States, <=50K
23.287739,177909.36,9.7332735,-137.76251,-33.87115,15.710817, Private, Some-college, Never-married, Machine-op-inspct, Own-child, White, Female, United-States, <=50K
20.754622,101531.23,10.917642,-245.38715,4.3545885,44.671257, Private, Assoc-voc, Married-civ-spouse, Other-service, Husband, White, Male, United-States, <=50K
27.472624,155495.84,12.950435,-468.0185,7.7526827,39.195457, Private, Bachelors, Never-married, Prof-specialty, Not-in-family, White, Male, United-States, >50K
35.434937,158295.98,9.820695,-175.20929,-14.507022,7.66107, Private, Some-college, Never-married, Other-service, Not-in-family, White, Male, United-States, <=50K
49.97387,132986.75,9.092941,-116.20112,13.257588,42.69459, Private, HS-grad, Married-civ-spouse, Other-service, Husband, White, Male, United-States, >50K
51.722878,85289.336,9.022794,120.14764,-3.741397,43.68098, Private, HS-grad, Married-civ-spouse, Other-service, Husband, White, Male, United-States, >50K
58.02345,407620.06,12.897885,4941.9824,33.056454,43.331703, ?, Bachelors, Married-civ-spouse, ?, Husband, White, Male, United-States, >50K
34.047623,324980.66,9.996839,-450.75873,8.073918,49.434345, Self-emp-not-inc, Some-college, Married-civ-spouse, Machine-op-inspct, Husband, White, Male, United-States, <=50K
20.935064,-5531.9214,7.0795264,-231.67609,23.983332,-1.5087758, ?, 11th, Never-married, ?, Own-child, White, Female, United-States, <=50K
35.8923,439635.3,9.046952,-80.42634,13.3933,45.8839, Private, HS-grad, Married-civ-spouse, Craft-repair, Husband, White, Male, United-States, <=50K
50.683186,115032.766,10.608448,87.44219,12.121793,46.207123, Private, Some-college, Married-civ-spouse, Machine-op-inspct, Husband, White, Male, United-States, >50K
43.948517,398462.84,8.999053,-16.115543,35.2415,45.867676, ?, HS-grad, Married-civ-spouse, ?, Husband, White, Male, United-States, >50K
36.38138,125217.414,9.992566,-370.64716,-13.426906,37.323055, Self-emp-not-inc, Some-college, Separated, Exec-managerial, Unmarried, White, Female, United-States, <=50K
35.23245,108706.945,12.88565,28.471127,-19.919413,33.945766, Private, Bachelors, Never-married, Other-service, Not-in-family, White, Male, United-States, <=50K
35.24405,44739.53,12.878678,-267.97162,13.544713,50.483658, Private, Bachelors, Married-civ-spouse, Other-service, Husband, White, Male, United-States, <=50K
39.029953,226455.53,9.096397,-85.10175,-11.796123,40.707726, Private, HS-grad, Married-civ-spouse, Machine-op-inspct, Husband, White, Male, United-States, <=50K
18.39718,86167.03,9.963122,136.3924,5.604665,34.769615, Private, Some-college, Never-married, Other-service, Own-child, White, Female, United-States, <=50K
24.08344,204201.4,9.036347,-129.07855,-13.905093,41.773994, Private, HS-grad, Never-married, Adm-clerical, Own-child, White, Male, United-States, <=50K
32.515144,81738.76,9.90076,-32.060856,-7.8904676,38.126846, Private, Some-college, Married-civ-spouse, Handlers-cleaners, Husband, White, Male, United-States, <=50K
24.02101,235168.27,6.884712,12.096737,-5.173999,43.86078, Private, 11th, Never-married, Other-service, Unmarried, White, Female, United-States, <=50K
34.633846,124186.15,10.83073,-309.1667,3.5717669,36.348152, Private, Assoc-voc, Married-civ-spouse, Handlers-cleaners, Husband, White, Male, United-States, <=50K
24.978794,128858.516,9.964386,171.92944,12.80296,27.343306, Private, Some-college, Married-civ-spouse, Handlers-cleaners, Husband, White, Male, United-States, <=50K
18.25439,159790.03,10.053033,383.622,14.631108,53.94931, Self-emp-not-inc, Some-college, Never-married, Craft-repair, Own-child, White, Male, United-States, <=50K
20.942251,84502.914,6.3709946,-16.320011,-28.448381,26.799212, Private, 10th, Never-married, Handlers-cleaners, Own-child, White, Male, United-States, <=50K
59.09788,172262.67,9.098404,243.48584,-17.748873,34.964508, Private, HS-grad, Married-civ-spouse, Machine-op-inspct, Husband, White, Male, United-States, <=50K
39.026787,171322.34,9.03013,178.69373,-1.6875256,42.090237, Private, HS-grad, Never-married, Craft-repair, Not-in-family, White, Female, United-States, <=50K
23.868042,109676.58,9.990852,2515.0403,-2.7317991,39.89379, Private, Some-college, Never-married, Tech-support, Not-in-family, White, Female, United-States, <=50K
25.47442,14695.345,9.883631,-550.15265,1385.8207,23.134432, Private, Some-college, Never-married, Other-service, Own-child, White, Female, United-States, <=50K
30.475422,76644.16,9.166383,197.94513,2160.4646,54.36046, Private, HS-grad, Never-married, Craft-repair, Unmarried, White, Male, United-States, >50K
57.257862,121041.91,11.73607,4578.941,27.474627,42.599937, Private, Assoc-acdm, Married-civ-spouse, Exec-managerial, Husband, White, Male, United-States, >50K
40.690746,136855.83,12.913708,1092.6643,-3.3988066,48.270607, Local-gov, Bachelors, Never-married, Prof-specialty, Not-in-family, White, Female, United-States, <=50K
24.645134,174792.31,12.797683,22.101864,-11.588397,36.029644, Private, Bachelors, Never-married, Other-service, Not-in-family, White, Female, United-States, <=50K
42.71882,308542.97,12.879668,2062.9727,22.249144,47.713818, Self-emp-not-inc, Bachelors, Married-civ-spouse, Prof-specialty, Husband, White, Male, United-States, >50K
23.49883,53682.28,9.107695,381.11316,7.331044,39.269436, Private, HS-grad, Divorced, Adm-clerical, Own-child, White, Female, United-States, <=50K
43.121044,359373.78,12.95745,-430.95477,2.6410875,33.745514, Federal-gov, Bachelors, Married-civ-spouse, Adm-clerical, Husband, White, Male, United-States, <=50K
43.82272,141917.45,11.214458,1195.1572,-13.675448,54.70954, ?, Assoc-voc, Married-civ-spouse, ?, Wife, White, Female, United-States, <=50K
31.270992,80138.68,9.948079,-487.1491,6.9254503,52.060844, Private, Some-college, Divorced, Prof-specialty, Not-in-family, White, Female, United-States, >50K
18.559778,188495.67,5.5451374,-24.44489,-15.2947645,26.065777, Private, 12th, Never-married, Adm-clerical, Not-in-family, White, Female, United-States, <=50K
40.55043,76575.45,9.04987,86.830925,-1.397395,43.08223, Private, HS-grad, Never-married, Craft-repair, Not-in-family, White, Male, United-States, <=50K
38.92882,127511.32,12.044897,-260.00677,-5.604556,53.601097, Private, Assoc-acdm, Divorced, Protective-serv, Not-in-family, White, Male, United-States, <=50K
24.578808,101073.53,9.931583,47.741207,11.650319,40.232903, Private, Some-college, Never-married, Sales, Not-in-family, White, Female, United-States, <=50K
24.571333,338785.16,9.913202,1370.6359,8.387265,40.773678, Private, Some-college, Never-married, Adm-clerical, Not-in-family, White, Male, United-States, <=50K
39.73711,23900.375,13.067682,-310.20258,-0.78779876,46.093185, Private, Bachelors, Married-civ-spouse, Sales, Husband, White, Male, United-States, <=50K
46.76346,116979.21,10.005761,-98.08784,18.74034,44.711086, Self-emp-not-inc, Some-college, Married-civ-spouse, Prof-specialty, Husband, White, Male, United-States, <=50K
19.997932,218097.88,9.025392,263.5921,-2.4349394,46.616154, Self-emp-inc, HS-grad, Never-married, Craft-repair, Own-child, White, Male, United-States, <=50K
43.76501,304751.88,9.818849,26.437435,-7.936824,30.02972, Private, Some-college, Divorced, Sales, Unmarried, White, Male, United-States, <=50K
41.995728,130548.89,9.994322,-92.74262,13.486661,52.57155, Private, Some-college, Never-married, Sales, Unmarried, White, Female, United-States, <=50K
59.17359,180549.6,13.970928,162.94159,35.95617,60.211205, Private, Masters, Divorced, Sales, Not-in-family, White, Male, United-States, >50K
32.121166,220338.77,9.905666,-174.72992,14.576123,40.418484, Private, Some-college, Divorced, Craft-repair, Not-in-family, White, Female, United-States, <=50K
52.994835,14899.642,12.184769,8363.263,37.052822,53.94397, Self-emp-inc, Assoc-acdm, Married-civ-spouse, Adm-clerical, Wife, White, Female, United-States, >50K
30.63971,223287.1,9.954115,-329.4146,-11.927402,39.95235, Private, Some-college, Never-married, Other-service, Unmarried, White, Female, United-States, <=50K
56.2368,218944.5,10.754886,-7.253605,24.52144,52.026188, Private, Assoc-voc, Married-civ-spouse, Transport-moving, Husband, White, Male, United-States, >50K
39.363766,358944.9,10.949258,-62.50629,9.898854,44.840088, Self-emp-not-inc, Assoc-voc, Married-civ-spouse, Craft-repair, Husband, White, Male, United-States, <=50K
35.664825,316772.4,14.040542,5950.9263,9.076978,49.659904, State-gov, Masters, Never-married, Prof-specialty, Not-in-family, White, Male, United-States, >50K
20.393782,145196.48,9.077472,-387.15485,-8.741031,26.714092, Private, HS-grad, Never-married, Adm-clerical, Own-child, White, Female, United-States, <=50K
19.953035,199204.17,2.6364856,193.53522,-39.128307,28.969913, Private, 12th, Never-married, Handlers-cleaners, Other-relative, White, Male, United-States, <=50K
50.656483,183815.67,9.682849,439.64325,20.155935,61.667114, Private, Some-college, Divorced, Exec-managerial, Unmarried, White, Male, United-States, <=50K
34.24941,290910.75,9.0799675,-55.75519,22.495642,55.937683, Self-emp-not-inc, HS-grad, Married-civ-spouse, Sales, Husband, White, Male, United-States, <=50K
33.092182,237094.9,9.981375,3307.7253,-6.5774717,40.587738, Private, Some-college, Never-married, Adm-clerical, Not-in-family, White, Female, United-States, <=50K
33.22274,125728.64,9.96067,451.0301,-2.6436262,48.87994, Private, Some-college, Divorced, Other-service, Unmarried, White, Female, United-States, <=50K
24.39429,233082.84,9.896961,922.9059,-11.74615,46.791077, Self-emp-inc, Some-college, Never-married, Other-service, Own-child, White, Male, United-States, <=50K
32.38342,139692.2,5.3149543,-40.41547,6.4406786,46.89965, Private, 12th, Married-civ-spouse, Craft-repair, Husband, White, Male, United-States, <=50K
37.982384,83290.734,9.957231,-195.00531,6.7025805,30.082811, Private, Some-college, Married-civ-spouse, Craft-repair, Husband, White, Male, United-States, <=50K
36.340843,66003.305,12.071495,-145.54681,5.677045,41.957687, Private, Assoc-acdm, Married-civ-spouse, Sales, Husband, White, Male, United-States, <=50K
55.62813,8075.6255,7.3113422,-123.79328,18.874907,33.85843, Private, 11th, Married-civ-spouse, Transport-moving, Husband, White, Male, United-States, >50K
32.671925,111903.586,9.030031,4.1449547,-3.8456297,35.560215, Private, HS-grad, Divorced, Craft-repair, Not-in-family, White, Male, United-States, <=50K
63.866726,147280.64,9.126964,-1027.2058,42.45639,48.12316, Self-emp-inc, HS-grad, Widowed, Craft-repair, Not-in-family, White, Male, United-States, <=50K
49.107113,121683.93,12.377404,100.63897,20.589933,62.65724, ?, Assoc-acdm, Married-civ-spouse, ?, Husband, White, Male, United-States, <=50K
55.02456,108675.0,9.014932,171.1289,-24.5356,16.012, Self-emp-not-inc, HS-grad, Never-married, Other-service, Unmarried, White, Female, United-States, <=50K
37.861797,52046.188,12.977397,-134.5307,-5.3689833,58.760063, Private, Bachelors, Married-civ-spouse, Exec-managerial, Husband, White, Male, United-States, <=50K
19.263126,95582.984,13.747968,899.28503,-2.9961424,28.152578, Private, Masters, Never-married, Prof-specialty, Not-in-family, White, Female, United-States, <=50K
28.938332,234152.33,13.058523,-930.2686,-14.064097,42.732376, Private, Bachelors, Never-married, Adm-clerical, Other-relative, White, Female, United-States, <=50K
23.805193,158850.77,10.878801,335.8623,21.765493,34.631443, Private, Assoc-voc, Married-civ-spouse, Other-service, Husband, White, Male, United-States, >50K
22.75419,227875.6,11.804032,574.5672,7.911092,30.334852, Self-emp-not-inc, Assoc-acdm, Never-married, Craft-repair, Not-in-family, White, Male, United-States, <=50K
31.693758,110489.83,11.567802,574.1473,17.005125,38.883545, Private, Assoc-acdm, Married-civ-spouse, Prof-specialty, Husband, White, Male, United-States, <=50K
45.60338,172550.2,9.481121,454.26843,-10.766788,35.89441, Private, Some-college, Married-civ-spouse, Prof-specialty, Husband, White, Male, United-States, <=50K
56.568584,189550.58,9.991496,343.6394,20.677153,41.731197, Private, Some-college, Married-civ-spouse, Craft-repair, Husband, White, Male, United-States, >50K
36.072792,116711.25,12.401674,129.32184,-9.716655,44.698994, Private, Bachelors, Never-married, Machine-op-inspct, Not-in-family, White, Female, United-States, <=50K
32.294712,185622.92,9.021509,4101.707,6.4219866,40.48199, Private, HS-grad, Married-civ-spouse, Sales, Husband, White, Male, United-States, >50K
37.133095,111381.65,13.026919,7132.079,10.931584,44.387817, Private, Bachelors, Married-civ-spouse, Exec-managerial, Husband, White, Male, United-States, <=50K
36.520706,201499.03,9.863264,-456.6109,-17.798601,37.359577, Private, Assoc-voc, Never-married, Other-service, Not-in-family, White, Male, United-States, <=50K
45.685394,146560.94,10.570409,-678.2569,-0.7837399,42.465508, Private, Some-college, Married-civ-spouse, Exec-managerial, Husband, White, Male, United-States, <=50K
47.468025,154160.84,6.2928147,-395.5031,-22.813913,27.858135, Private, 10th, Separated, Other-service, Not-in-family, White, Male, United-States, <=50K
53.80617,138707.58,12.98012,1635.3198,15.380788,45.68602, Private, Bachelors, Married-civ-spouse, Machine-op-inspct, Husband, White, Male, United-States, >50K
61.15363,44914.42,13.120425,5465.983,32.980717,45.825157, Local-gov, Bachelors, Married-civ-spouse, Adm-clerical, Husband, White, Male, United-States, >50K
57.17151,69420.43,9.08839,74.67901,13.382634,56.558937, Self-emp-not-inc, HS-grad, Married-civ-spouse, Farming-fishing, Husband, White, Male, United-States, <=50K
20.907328,108204.875,6.874348,302.77698,7.5748568,40.238556, Self-emp-not-inc, 11th, Never-married, Handlers-cleaners, Own-child, White, Male, United-States, <=50K
36.784527,109369.44,3.6409993,-135.88202,-5.1880445,30.765774, Private, 12th, Married-civ-spouse, Transport-moving, Husband, White, Male, United-States, <=50K
20.24923,95900.91,9.058498,410.09174,-13.177508,46.83713, Private, HS-grad, Never-married, Machine-op-inspct, Not-in-family, White, Male, United-States, <=50K
44.52726,210632.8,6.4687915,-486.82355,-5.582156,39.4924, Private, 10th, Divorced, Adm-clerical, Not-in-family, White, Female, United-States, <=50K
22.826601,237358.12,13.224394,860.3786,96.537094,38.424023, Private, Bachelors, Never-married, Transport-moving, Not-in-family, White, Male, United-States, <=50K
24.167921,446626.6,8.995729,88.31591,-10.816417,20.013136, Private, HS-grad, Never-married, Protective-serv, Own-child, White, Male, United-States, <=50K
21.69624,172253.9,9.035531,257.33234,-8.100085,29.655203, Private, HS-grad, Never-married, Handlers-cleaners, Own-child, White, Female, United-States, <=50K
15.859677,334010.47,12.843813,-354.15448,-0.76160705,29.830856, Private, Bachelors, Never-married, Prof-specialty, Own-child, White, Female, United-States, <=50K
47.038235,149949.03,7.0262794,-379.92206,4.674718,44.175293, Private, 11th, Widowed, Prof-specialty, Not-in-family, White, Female, United-States, <=50K
48.26354,92870.28,13.079054,27.67303,18.663824,47.575733, Private, Bachelors, Married-civ-spouse, Exec-managerial, Husband, White, Male, United-States, >50K
30.175707,188973.66,9.004589,88.04278,42.007675,35.7684, Private, HS-grad, Married-civ-spouse, Craft-repair, Husband, White, Male, United-States, <=50K
23.48962,114708.61,9.101009,-207.28802,-14.279002,39.473846, Private, HS-grad, Never-married, Adm-clerical, Not-in-family, White, Female, United-States, <=50K
42.167046,159693.95,12.80333,-197.76544,4.2473803,39.096405, Private, Bachelors, Never-married, Machine-op-inspct, Unmarried, White, Male, United-States, <=50K
32.261745,194394.64,9.929522,88.72613,5.5314913,39.633377, Private, Some-college, Never-married, Machine-op-inspct, Not-in-family, White, Female, United-States, <=50K
38.44696,293767.78,14.106388,-112.690254,1922.1658,117.23531, Local-gov, Bachelors, Married-civ-spouse, Prof-specialty, Husband, White, Male, United-States, >50K
28.572756,101569.35,10.060843,631.21875,-2.4531202,31.8611, Self-emp-not-inc, Some-college, Divorced, Sales, Unmarried, White, Female, United-States, <=50K
32.34907,305933.5,11.049677,287.039,9.079129,43.749928, Private, Assoc-voc, Never-married, Exec-managerial, Not-in-family, White, Female, United-States, <=50K
41.132847,141016.8,9.805735,311.49695,11.046025,61.34187, Private, Some-college, Separated, Exec-managerial, Not-in-family, White, Male, United-States, <=50K
36.758213,206937.47,8.940374,-522.8337,4.9976015,30.272663, Private, HS-grad, Married-civ-spouse, Craft-repair, Husband, White, Male, United-States, <=50K
35.112015,315388.72,12.868593,1021.2105,-11.483493,43.66389, Private, Bachelors, Divorced, Sales, Unmarried, White, Female, United-States, <=50K
21.761364,157275.8,5.4868712,274.00122,-35.709263,23.62948, Private, 10th, Never-married, Prof-specialty, Unmarried, White, Female, United-States, <=50K
32.137352,245526.58,9.087493,-581.8415,23.218359,43.89212, Private, HS-grad, Married-civ-spouse, Transport-moving, Husband, White, Male, United-States, >50K
43.73481,189927.19,9.048123,173.60571,-0.32783782,41.037304, Private, HS-grad, Divorced, Adm-clerical, Unmarried, White, Male, United-States, <=50K
42.359505,111742.44,11.025611,179.43146,32.536015,47.1647, Self-emp-not-inc, Assoc-voc, Married-civ-spouse, ?, Husband, White, Male, United-States, >50K
25.243275,473477.75,9.068367,69.73882,1.4061023,36.207607, Private, HS-grad, Never-married, Machine-op-inspct, Own-child, White, Female, United-States, <=50K
18.586002,346435.25,8.653937,153.00885,-21.484118,41.71874, Private, HS-grad, Never-married, Machine-op-inspct, Own-child, White, Male, United-States, <=50K
65.16208,173891.7,9.084426,240.28381,6.604001,39.68946, Private, HS-grad, Married-civ-spouse, Craft-repair, Husband, White, Male, United-States, <=50K
50.67881,265671.94,6.2736278,-214.11261,-40.953,31.29341, Private, 10th, Divorced, Prof-specialty, Unmarried, White, Female, United-States, <=50K
24.701834,12628.142,14.682748,-702.51154,17.346365,44.79342, State-gov, Bachelors, Married-civ-spouse, Sales, Husband, White, Male, United-States, <=50K
47.179955,182572.5,13.059071,167.75415,23.729528,45.240074, Private, Bachelors, Married-civ-spouse, Farming-fishing, Husband, White, Male, United-States, >50K
29.841589,118377.77,9.065848,-96.38447,-15.432193,38.851246, Private, HS-grad, Never-married, Sales, Not-in-family, White, Female, United-States, <=50K
33.26429,119811.875,9.984857,-367.60065,-4.14503,45.91518, Private, Some-college, Divorced, Adm-clerical, Not-in-family, White, Female, United-States, <=50K
33.122086,370456.53,9.6615305,466.0503,13.908399,53.657482, Private, Some-college, Married-civ-spouse, Exec-managerial, Husband, White, Male, United-States, <=50K
35.845848,299629.3,12.858767,53883.94,32.57822,34.92551, Private, Bachelors, Married-civ-spouse, Exec-managerial, Wife, White, Female, United-States, >50K
25.170586,456372.53,9.888526,296.89124,24.482973,28.190008, State-gov, Some-college, Married-civ-spouse, Tech-support, Husband, White, Male, United-States, >50K
38.410122,556807.4,9.642123,281.90924,19.873945,55.535694, Private, HS-grad, Married-civ-spouse, Handlers-cleaners, Husband, White, Male, United-States, <=50K
44.61256,170861.81,9.018725,117.22863,-8.650241,29.026054, Self-emp-not-inc, HS-grad, Married-civ-spouse, Craft-repair, Husband, White, Male, United-States, <=50K
29.907463,28647.031,9.849007,694.9148,12.4325,53.12711, ?, Some-college, Never-married, ?, Unmarried, White, Female, United-States, <=50K
28.452423,207783.78,10.923469,-131.65155,-1.5368603,48.54051, Self-emp-not-inc, Assoc-voc, Married-civ-spouse, Machine-op-inspct, Husband, White, Male, United-States, <=50K
37.694523,207176.14,12.943383,8720.844,-33.002773,9.797588, Private, Bachelors, Never-married, Adm-clerical, Own-child, White, Female, United-States, >50K
23.93182,39078.016,13.126613,-83.40571,-11.217387,23.27985, Private, Bachelors, Never-married, Other-service, Not-in-family, White, Male, United-States, <=50K
40.067085,306452.16,7.1571584,381.71387,3.7884035,80.34688, Private, 12th, Married-civ-spouse, Transport-moving, Husband, White, Male, United-States, >50K
51.121433,48424.375,8.986481,-223.75714,-11.935405,39.21611, Private, HS-grad, Divorced, Other-service, Not-in-family, White, Female, United-States, <=50K
30.16913,83470.016,9.03489,125.89178,-0.9053296,40.436913, Private, HS-grad, Married-civ-spouse, Craft-repair, Husband, White, Male, United-States, <=50K
27.292004,158596.77,11.51046,799.333,36.22517,43.852993, Self-emp-not-inc, Assoc-voc, Married-civ-spouse, Sales, Wife, White, Female, United-States, >50K
49.629955,202448.3,9.96895,978.5683,30.406214,43.507435, Private, Some-college, Widowed, Adm-clerical, Not-in-family, White, Male, United-States, >50K
44.661945,99876.52,6.9919224,-307.97565,34.369556,42.416897, Local-gov, 11th, Married-civ-spouse, ?, Wife, White, Female, United-States, <=50K
33.337505,432169.97,9.005618,-170.35345,1.0270358,54.107483, Self-emp-inc, HS-grad, Never-married, Craft-repair, Unmarried, White, Male, United-States, >50K
59.225044,68365.27,10.109741,-429.73187,50.751007,57.907528, ?, Some-college, Married-civ-spouse, ?, Wife, White, Female, United-States, >50K
53.924362,150077.48,8.924073,376.41553,2.8596697,41.46443, Local-gov, HS-grad, Married-civ-spouse, Protective-serv, Husband, White, Male, United-States, >50K
36.126038,80046.37,9.045299,1845.4249,-5.6190596,37.96529, Self-emp-not-inc, HS-grad, Married-civ-spouse, Craft-repair, Husband, White, Male, United-States, <=50K
37.398926,244282.03,12.97686,-561.7685,-1.3993558,38.871315, Private, Bachelors, Never-married, Adm-clerical, Not-in-family, White, Male, United-States, <=50K
47.492477,154218.66,9.040705,-136.64288,20.734694,47.192554, Self-emp-not-inc, HS-grad, Married-civ-spouse, Craft-repair, Husband, White, Male, United-States, <=50K
24.094358,119233.61,10.001488,10641.465,6.760709,59.071423, Private, Some-college, Never-married, Prof-specialty, Not-in-family, White, Male, United-States, >50K
75.095406,296239.44,9.042639,-130.74786,7.8703814,21.86412, ?, HS-grad, Married-civ-spouse, ?, Husband, White, Male, United-States, <=50K
37.55235,119688.17,13.002959,-106.9134,0.62244904,37.802795, Private, Bachelors, Never-married, Exec-managerial, Not-in-family, White, Male, United-States, <=50K
45.955784,128931.086,12.765006,-36.911808,-4.230563,34.488934, Private, Bachelors, Married-civ-spouse, Other-service, Husband, White, Male, United-States, <=50K
23.987446,131388.64,8.968591,-18.166203,-14.160701,43.302643, Private, HS-grad, Never-married, Exec-managerial, Own-child, White, Female, United-States, <=50K
47.853428,236336.97,12.912529,47.4107,5.0522814,47.200703, Private, Bachelors, Divorced, Sales, Not-in-family, White, Male, United-States, >50K
38.494568,42831.83,9.192842,26.817318,8.207814,28.029783, State-gov, HS-grad, Never-married, Adm-clerical, Not-in-family, White, Male, United-States, <=50K
24.805504,71734.0,13.047681,-155.22418,2.905591,28.09078, Private, Bachelors, Married-civ-spouse, Exec-managerial, Husband, White, Male, United-States, <=50K
24.995398,324673.28,6.8925266,-179.55597,2.640973,19.464643, Self-emp-not-inc, HS-grad, Never-married, Craft-repair, Own-child, White, Male, United-States, <=50K
23.229757,252634.8,10.512909,174.24011,26.34582,33.13699, Private, Assoc-voc, Married-civ-spouse, Adm-clerical, Husband, White, Male, United-States, <=50K
51.93081,154242.0,9.007653,440.00317,-23.559916,49.96723, Self-emp-not-inc, HS-grad, Never-married, Craft-repair, Unmarried, White, Male, United-States, <=50K
39.400257,147910.1,12.891079,-337.73358,-0.52849853,38.161507, Private, Bachelors, Divorced, Exec-managerial, Not-in-family, White, Male, United-States, <=50K
35.075047,302098.12,5.3263893,-140.25787,-19.36941,30.674911, Private, 10th, Never-married, Sales, Not-in-family, White, Female, United-States, <=50K
47.740448,124658.6,9.960066,966.82404,-2.4269056,42.356586, Private, Some-college, Never-married, Exec-managerial, Not-in-family, White, Male, United-States, <=50K
29.435278,155323.5,9.002205,315.83167,-24.591639,36.805344, Private, HS-grad, Never-married, Other-service, Not-in-family, White, Female, United-States, <=50K
26.449955,45165.33,9.071723,-301.63495,7.2979937,39.956676, Private, HS-grad, Married-civ-spouse, Adm-clerical, Husband, White, Male, United-States, <=50K
53.372948,110647.55,12.9365635,-397.33075,8.355039,40.28616, Local-gov, Bachelors, Married-civ-spouse, Other-service, Husband, White, Male, United-States, <=50K
26.02242,226460.69,9.921253,861.61273,18.535078,56.99893, Private, Some-college, Married-civ-spouse, Transport-moving, Husband, White, Male, United-States, <=50K
46.14312,240417.8,8.991366,391.6621,-9.574908,17.645758, Private, HS-grad, Divorced, Handlers-cleaners, Unmarried, White, Female, United-States, <=50K
31.54696,235926.88,4.8255353,139.71155,2.6328478,66.1837, Private, Some-college, Married-civ-spouse, Handlers-cleaners, Husband, White, Male, United-States, <=50K
39.26274,164876.55,9.038127,304.09033,-4.3785048,41.37783, Private, HS-grad, Never-married, Adm-clerical, Not-in-family, White, Male, United-States, <=50K
36.976402,218725.66,8.9893,-99.1269,6.947652,68.074745, Private, HS-grad, Married-civ-spouse, Craft-repair, Husband, White, Male, United-States, <=50K
54.441795,186042.81,9.21759,-267.23114,6.6258974,42.541874, Private, HS-grad, Married-civ-spouse, Craft-repair, Husband, White, Male, United-States, <=50K
53.696358,306342.84,14.450349,25725.492,-23.612764,83.06144, Private, Masters, Never-married, Prof-specialty, Unmarried, White, Male, United-States, >50K
36.164528,226271.05,9.850617,609.1852,37.576344,56.802383, Private, Some-college, Divorced, Sales, Unmarried, White, Male, United-States, >50K
28.472893,28854.61,13.0401325,554.7768,-10.377536,46.700253, Private, Bachelors, Married-civ-spouse, Exec-managerial, Husband, White, Male, United-States, <=50K
51.522945,128930.91,9.630825,21.313656,1947.9858,50.163784, Local-gov, HS-grad, Married-civ-spouse, Craft-repair, Husband, White, Male, United-States, >50K
50.213253,105001.88,12.7418,521.446,10.144284,47.036297, Private, Bachelors, Married-civ-spouse, Adm-clerical, Husband, White, Male, United-States, <=50K
49.86303,119237.26,13.275052,890.12085,2060.9956,37.06612, Private, Bachelors, Married-civ-spouse, Prof-specialty, Husband, White, Male, United-States, >50K
18.443275,88399.555,9.099922,-546.0784,1676.6793,40.209496, Local-gov, HS-grad, Never-married, Prof-specialty, Own-child, White, Male, United-States, <=50K
48.51744,216220.53,3.8117056,215.30273,-6.735835,45.169434, Private, Some-college, Never-married, Other-service, Not-in-family, White, Male, United-States, <=50K
27.485403,382835.66,9.038696,-517.2188,0.9732028,42.14345, Self-emp-not-inc, HS-grad, Married-civ-spouse, Sales, Wife, White, Female, United-States, <=50K
24.84575,247017.05,3.2532196,304.3235,-33.935337,51.95468, Private, HS-grad, Never-married, Transport-moving, Unmarried, White, Male, United-States, <=50K
34.62262,47925.11,9.005102,-77.08955,-17.93088,37.245884, Private, HS-grad, Never-married, Craft-repair, Not-in-family, White, Female, United-States, <=50K
38.99038,248457.58,9.796613,-419.98712,37.825096,38.65347, Private, Some-college, Married-civ-spouse, Exec-managerial, Wife, White, Female, United-States, <=50K
50.07804,50026.58,9.705537,74.198845,-9.520518,25.703304, Private, Some-college, Married-civ-spouse, Other-service, Husband, White, Male, United-States, <=50K
29.634535,178415.64,9.869481,-121.592964,9.022153,34.85263, Private, Some-college, Married-civ-spouse, Prof-specialty, Husband, White, Male, United-States, <=50K
43.478985,368791.66,11.419142,485.4469,22.339384,30.983479, Local-gov, Assoc-acdm, Married-civ-spouse, Craft-repair, Husband, White, Male, United-States, >50K
24.500704,98302.73,12.858251,-64.10114,-14.046741,23.515743, Private, Bachelors, Never-married, Prof-specialty, Own-child, White, Female, United-States, <=50K
24.869787,280694.7,9.919196,134.96307,3.7111712,33.253357, Local-gov, Some-college, Never-married, Adm-clerical, Own-child, White, Female, United-States, <=50K
56.395832,146118.23,3.9688401,1111.0651,-10.261546,40.381695, Private, 10th, Divorced, Adm-clerical, Not-in-family, White, Female, United-States, <=50K
58.47518,42252.64,8.993155,19.400692,18.246214,44.888874, Private, HS-grad, Married-civ-spouse, Craft-repair, Husband, White, Male, United-States, >50K
43.95273,260091.88,8.974597,86.6762,-1.9121197,39.810028, Private, HS-grad, Married-civ-spouse, Adm-clerical, Husband, White, Male, United-States, <=50K
25.998589,177563.16,4.5495834,454.87726,-25.331118,33.533302, Private, HS-grad, Never-married, Handlers-cleaners, Not-in-family, White, Male, United-States, <=50K
20.012281,243540.05,3.9591184,131.70435,-14.039912,27.484858, Private, 12th, Never-married, Handlers-cleaners, Not-in-family, White, Male, United-States, <=50K
40.563793,66893.4,9.999938,838.1962,7.877446,33.123325, Self-emp-not-inc, Some-college, Married-civ-spouse, Machine-op-inspct, Other-relative, White, Female, United-States, <=50K
39.49252,321276.53,8.961477,-345.94305,-4.4723387,37.287388, Private, HS-grad, Married-civ-spouse, Other-service, Husband, White, Male, United-States, <=50K
22.417433,111961.89,4.868848,-79.00324,-20.799746,34.24372, Private, Some-college, Never-married, Other-service, Own-child, White, Male, United-States, <=50K
26.508514,228876.6,10.031693,188.47101,35.053986,43.83762, Self-emp-not-inc, Some-college, Divorced, ?, Own-child, White, Male, United-States, <=50K
52.615135,84751.41,8.988265,313.792,6.5984087,32.181847, Private, HS-grad, Married-civ-spouse, Sales, Husband, White, Male, United-States, <=50K
59.07295,327474.5,10.949728,-15.428165,29.507074,17.142315, Local-gov, Some-college, Married-civ-spouse, Adm-clerical, Wife, White, Female, United-States, <=50K
81.55352,83848.98,8.860233,435.422,-16.206163,-22.644712, ?, HS-grad, Widowed, ?, Not-in-family, White, Female, United-States, <=50K
40.6289,63539.523,10.11026,-235.83783,1569.8271,64.32508, Private, Some-college, Married-civ-spouse, Prof-specialty, Husband, White, Male, United-States, >50K
49.211258,298882.9,9.058203,93.04339,11.203725,39.463448, Private, HS-grad, Married-civ-spouse, Adm-clerical, Husband, White, Male, United-States, <=50K
42.21591,169542.06,13.189928,20058.691,12.684484,66.93009, Private, Bachelors, Never-married, Prof-specialty, Not-in-family, White, Female, United-States, >50K
46.642597,468372.7,12.827997,444.2483,10.12544,47.234047, Local-gov, Bachelors, Married-civ-spouse, Prof-specialty, Husband, White, Male, United-States, <=50K
42.60908,538019.1,8.961992,-98.24714,4.481557,32.708138, ?, HS-grad, Married-civ-spouse, ?, Husband, White, Male, United-States, <=50K
47.070507,45251.484,9.113529,155.10681,14.973386,40.087234, Private, HS-grad, Married-civ-spouse, Craft-repair, Wife, White, Female, United-States, <=50K
38.50261,299069.0,9.035957,-1145.1453,-8.770854,54.357014, Private, HS-grad, Widowed, Machine-op-inspct, Not-in-family, White, Female, United-States, <=50K
69.411835,183601.05,11.012431,-526.69684,31.719824,43.0907, Self-emp-not-inc, Assoc-voc, Widowed, Craft-repair, Not-in-family, White, Male, United-States, <=50K
22.465063,60319.11,8.986185,-298.47626,-13.477946,41.03702, Private, HS-grad, Never-married, Other-service, Own-child, White, Female, United-States, <=50K
38.212498,88324.836,9.617635,597.81885,1834.2942,40.03455, Private, HS-grad, Married-civ-spouse, Tech-support, Husband, White, Male, United-States, >50K
27.888025,280430.56,11.915376,1824.7639,16.544851,48.38115, Private, Assoc-acdm, Never-married, Tech-support, Not-in-family, White, Female, United-States, >50K
27.88693,339746.16,13.834739,475.90588,54.168324,27.928267, State-gov, Masters, Never-married, Farming-fishing, Not-in-family, White, Male, United-States, >50K
27.763647,399892.94,12.104696,188.7287,21.28224,66.59949, Private, Masters, Married-civ-spouse, Exec-managerial, Husband, White, Male, United-States, <=50K
46.211357,54561.938,9.937226,125.24389,1.5933734,59.561287, Private, Some-college, Separated, Exec-managerial, Not-in-family, White, Female, United-States, <=50K
26.169863,277233.22,12.939944,93.420525,22.565954,44.22827, Private, Bachelors, Married-civ-spouse, Exec-managerial, Wife, White, Female, United-States, >50K
41.661884,405829.03,9.863115,436.11157,16.36424,44.905846, Private, Some-college, Married-civ-spouse, Craft-repair, Husband, White, Male, United-States, <=50K
19.855099,298443.38,9.94797,513.7938,-16.6412,21.058, Private, Some-college, Never-married, Adm-clerical, Own-child, White, Female, United-States, <=50K
26.627554,409119.5,9.833585,-477.73383,7.874303,34.741066, Private, Some-college, Married-civ-spouse, Protective-serv, Husband, White, Male, United-States, <=50K
34.180428,123440.6,9.547851,-327.76886,-9.942653,40.280804, Private, HS-grad, Married-civ-spouse, Adm-clerical, Husband, White, Male, United-States, <=50K
19.456892,-3212.1086,9.837578,-69.71906,-27.562342,47.979702, Private, Some-college, Never-married, Tech-support, Not-in-family, White, Female, United-States, <=50K
60.621067,269167.88,8.969513,-248.08575,10.983113,40.82944, Private, HS-grad, Married-civ-spouse, Craft-repair, Husband, White, Male, United-States, <=50K
27.007671,74296.98,10.0913,1012.4141,-13.027408,46.147583, Local-gov, Some-college, Married-civ-spouse, Machine-op-inspct, Husband, White, Male, United-States, <=50K
38.45896,112204.945,9.964117,10174.999,34.879883,84.73906, Private, Some-college, Married-civ-spouse, Craft-repair, Husband, White, Male, United-States, >50K
29.086365,85900.336,6.672857,-18.216862,-2.3174086,40.760525, Private, 10th, Never-married, Prof-specialty, Unmarried, White, Female, United-States, <=50K
32.665676,98322.24,8.91671,-89.10102,-12.892329,40.768642, Private, HS-grad, Divorced, Exec-managerial, Unmarried, White, Female, United-States, <=50K
34.663048,203444.38,9.144092,402.83716,13.808232,47.94559, Private, 12th, Married-civ-spouse, Tech-support, Husband, White, Male, United-States, >50K
65.07203,323630.7,9.30905,-656.8066,1469.9441,38.433205, Private, HS-grad, Married-civ-spouse, Craft-repair, Husband, White, Male, United-States, >50K
24.74097,403432.4,12.899441,330.49017,-6.5590544,60.55288, Private, Bachelors, Never-married, Prof-specialty, Own-child, White, Male, United-States, <=50K
28.96539,228586.84,6.829905,-113.1999,5.453038,43.11426, Private, 11th, Divorced, Craft-repair, Own-child, White, Male, United-States, <=50K
32.143803,82014.33,10.061406,52.32812,-5.940631,59.34037, Private, Some-college, Never-married, Sales, Unmarried, White, Female, United-States, <=50K
54.255795,201822.77,10.000731,62.14929,6.8147097,36.979195, Without-pay, Some-college, Married-civ-spouse, Adm-clerical, Husband, White, Male, United-States, <=50K
33.82575,246419.6,12.655335,351.07904,1833.6736,73.243355, Private, Bachelors, Married-civ-spouse, Prof-specialty, Husband, White, Male, United-States, <=50K
17.588085,134184.53,12.999228,-78.62556,-4.2119474,28.023775, Private, Bachelors, Never-married, Adm-clerical, Not-in-family, White, Female, United-States, <=50K
33.649323,184235.22,8.979371,302.93848,10.165639,51.105885, Private, 12th, Married-civ-spouse, Craft-repair, Husband, White, Male, United-States, <=50K
23.56159,306680.8,13.022127,-412.38458,-4.576213,37.372364, Private, Bachelors, Never-married, Other-service, Not-in-family, White, Female, United-States, <=50K
64.570816,192289.45,9.063568,637.58356,11.268712,45.19388, State-gov, HS-grad, Married-civ-spouse, Exec-managerial, Husband, White, Male, United-States, <=50K
26.625607,137763.22,9.041298,171.9502,-17.254366,33.806187, Private, HS-grad, Never-married, Tech-support, Not-in-family, White, Female, United-States, <=50K
40.381172,109272.36,9.007835,1396.393,33.23598,92.18745, Private, HS-grad, Married-civ-spouse, Craft-repair, Husband, White, Male, United-States, >50K
21.256168,22088.25,9.03604,-236.7602,3.3683825,39.58321, Private, HS-grad, Married-civ-spouse, Adm-clerical, Husband, White, Male, United-States, <=50K
18.097263,198386.2,12.714619,87.24944,-14.256137,35.301697, Private, Bachelors, Never-married, Handlers-cleaners, Own-child, White, Male, United-States, <=50K
41.11225,143256.23,9.224683,437.73663,-5.858981,48.60424, Local-gov, HS-grad, Married-civ-spouse, Protective-serv, Husband, White, Male, United-States, >50K
56.92424,165156.6,9.928371,1827.1458,-31.41833,33.342075, Private, HS-grad, Widowed, Machine-op-inspct, Not-in-family, White, Female, United-States, <=50K
51.584435,285424.78,12.8499775,226.28381,27.338072,53.16539, Private, Bachelors, Divorced, Adm-clerical, Not-in-family, White, Male, United-States, <=50K
24.24018,231552.75,9.05526,139.58038,2.8763094,44.014194, Private, HS-grad, Married-civ-spouse, Adm-clerical, Husband, White, Male, United-States, <=50K
35.31835,134697.8,8.984811,57.10351,-12.751918,48.151627, Private, HS-grad, Married-civ-spouse, Transport-moving, Husband, White, Male, United-States, <=50K
72.252464,186773.06,8.8749,498.4997,10.6247225,44.907772, Private, HS-grad, Divorced, Prof-specialty, Not-in-family, White, Male, United-States, <=50K
24.918247,186919.64,6.832093,1354.4146,-41.994045,38.25926, Self-emp-not-inc, 10th, Never-married, Craft-repair, Unmarried, White, Female, United-States, <=50K
22.365763,42403.89,12.827147,-637.6833,-7.4535017,48.084095, Federal-gov, Bachelors, Never-married, Craft-repair, Not-in-family, White, Female, United-States, <=50K
30.844347,166892.1,10.979069,440.17987,-1.0212964,39.190163, Private, Assoc-voc, Never-married, Other-service, Unmarried, White, Male, United-States, <=50K
34.875957,168205.67,9.064527,-144.40814,-2.0078306,39.601746, Private, HS-grad, Married-civ-spouse, Craft-repair, Husband, White, Male, United-States, <=50K
33.0889,266792.78,9.000399,-15.361759,-13.2287245,40.244007, Private, HS-grad, Never-married, Machine-op-inspct, Unmarried, White, Female, United-States, <=50K
27.110254,170527.67,9.90269,6957.7246,22.14614,69.74693, Private, Some-college, Married-civ-spouse, Protective-serv, Husband, White, Male, United-States, >50K
35.10628,351048.25,9.865001,290.03857,24.907354,47.337048, Private, Some-college, Married-civ-spouse, Handlers-cleaners, Husband, White, Male, United-States, >50K
19.946228,327276.28,9.927365,213.71204,-5.121356,35.38285, Private, Some-college, Never-married, Machine-op-inspct, Own-child, White, Male, United-States, <=50K
45.304058,125531.64,3.6616306,1025.2102,-3.5596876,34.880604, Private, Some-college, Married-civ-spouse, Other-service, Husband, White, Male, United-States, <=50K
42.422504,65832.3,9.826357,756.5939,-5.653613,36.45002, ?, Some-college, Never-married, ?, Unmarried, White, Male, United-States, >50K
36.982357,138985.72,8.882048,848.3461,17.464888,36.84975, Local-gov, HS-grad, Married-civ-spouse, Other-service, Wife, White, Female, United-States, >50K
57.5897,150185.81,10.006207,418.57062,9.5472765,40.731697, Private, Some-college, Married-civ-spouse, Exec-managerial, Husband, White, Male, United-States, <=50K
34.150517,118785.53,9.54545,-224.59552,-12.590655,26.451834, Private, HS-grad, Never-married, Adm-clerical, Not-in-family, White, Female, United-States, <=50K
50.41928,126865.555,6.3326263,367.8908,18.613462,43.93019, Private, 10th, Married-civ-spouse, Exec-managerial, Wife, White, Female, United-States, <=50K
35.395485,67221.305,8.841439,325.68292,152.48936,41.25425, Private, HS-grad, Divorced, Other-service, Unmarried, White, Male, United-States, <=50K
27.32057,144030.12,12.586228,-14.229557,-8.300014,44.736843, Private, Bachelors, Never-married, Adm-clerical, Not-in-family, White, Male, United-States, <=50K
16.785221,155260.08,9.085816,-74.5362,-4.7681913,39.908592, Private, HS-grad, Never-married, Sales, Not-in-family, White, Male, United-States, <=50K
51.94627,134692.69,9.396543,489.61737,7.729535,39.804386, Private, HS-grad, Divorced, Sales, Unmarried, White, Male, United-States, <=50K
25.481321,32024.312,9.049567,42.321285,-0.033945933,33.30979, Self-emp-not-inc, HS-grad, Never-married, Sales, Own-child, White, Female, United-States, <=50K
22.559725,103771.63,9.036165,103.877495,-7.077197,40.04532, Private, HS-grad, Never-married, Craft-repair, Not-in-family, White, Male, United-States, <=50K
48.342644,530206.8,5.479265,-254.46527,15.777783,34.60667, Self-emp-not-inc, 10th, Married-civ-spouse, Craft-repair, Husband, White, Male, United-States, <=50K
55.133297,109829.3,9.928721,342.30048,24.27431,50.642155, Private, Some-college, Married-civ-spouse, Exec-managerial, Husband, White, Male, United-States, >50K
39.690277,229328.56,8.976739,-674.49677,-17.04098,21.084896, Private, HS-grad, Divorced, Other-service, Unmarried, White, Female, United-States, <=50K
54.644413,268809.16,12.860606,87.01391,1811.2377,51.78505, Private, Bachelors, Married-civ-spouse, Exec-managerial, Husband, White, Male, United-States, <=50K
69.86955,290213.94,9.013023,444.9807,9.649442,40.665665, Local-gov, HS-grad, Married-civ-spouse, Craft-repair, Husband, White, Male, United-States, >50K
42.480522,381790.2,12.899186,-636.2309,-0.3238858,45.538784, Private, Bachelors, Widowed, Prof-specialty, Unmarried, White, Male, United-States, <=50K
27.892044,72086.84,11.897126,-97.702095,-17.251917,38.254276, Private, Assoc-acdm, Divorced, Craft-repair, Not-in-family, White, Male, United-States, <=50K
37.817215,87826.21,13.021588,19147.512,26.779589,57.818794, Private, Bachelors, Married-civ-spouse, Sales, Husband, White, Male, United-States, >50K
42.400406,338170.5,9.778326,1070.3773,21.111372,35.98868, Self-emp-not-inc, Some-college, Never-married, Adm-clerical, Not-in-family, White, Female, United-States, <=50K
18.617985,134312.88,9.958546,-21.492496,-16.51172,29.66413, ?, Some-college, Never-married, ?, Other-relative, White, Female, United-States, <=50K
58.70614,246183.12,10.5473385,-181.89545,18.76319,44.618553, Self-emp-not-inc, Assoc-voc, Married-civ-spouse, Farming-fishing, Husband, White, Male, United-States, <=50K
86.85699,90630.68,6.655781,-446.57587,3.8299227,19.50912, ?, 10th, Widowed, ?, Unmarried, White, Male, United-States, <=50K
68.59862,213655.33,13.002124,240.56427,6.7821703,35.103127, Private, Bachelors, Married-civ-spouse, Sales, Husband, White, Male, United-States, <=50K
30.368399,-25637.531,9.603646,594.8214,2273.7854,55.848503, Private, Some-college, Never-married, Transport-moving, Not-in-family, White, Male, United-States, >50K
35.15855,202202.45,9.14456,82.27996,-25.786432,32.590034, Private, HS-grad, Separated, Other-service, Not-in-family, White, Female, United-States, <=50K
21.12079,298073.38,8.912058,-128.56903,-13.913386,45.83802, Private, HS-grad, Never-married, Transport-moving, Not-in-family, White, Male, United-States, <=50K
37.730957,25633.11,9.357601,130.24176,1817.4856,41.155216, Private, HS-grad, Never-married, Protective-serv, Not-in-family, White, Male, United-States, <=50K
56.57269,186136.03,9.054481,207.27216,2.757886,38.09527, Private, HS-grad, Married-civ-spouse, Machine-op-inspct, Wife, White, Female, United-States, <=50K
54.663086,201003.69,9.065065,-9.912418,-4.968669,39.252163, Private, HS-grad, Married-civ-spouse, Machine-op-inspct, Husband, White, Male, United-States, <=50K
28.780422,240456.23,8.936528,549.1461,-19.451525,43.94216, Local-gov, HS-grad, Never-married, Protective-serv, Own-child, White, Male, United-States, <=50K
35.04046,97350.82,12.002392,373.61487,-15.938518,46.572956, Private, Assoc-acdm, Never-married, Other-service, Not-in-family, White, Male, United-States, <=50K
23.852797,190071.92,12.944211,445.39563,-4.540065,46.121014, Self-emp-not-inc, Bachelors, Never-married, Exec-managerial, Own-child, White, Male, United-States, <=50K
15.308978,98807.74,7.1089993,50.219845,-28.51983,37.409332, Private, 11th, Never-married, Craft-repair, Other-relative, White, Male, United-States, <=50K
29.129417,347691.78,9.003445,-59.181705,-4.6147184,23.604403, Private, HS-grad, Never-married, Sales, Own-child, White, Male, United-States, <=50K
35.181217,167183.97,9.85341,-359.4875,-9.063846,64.72329, Federal-gov, Some-college, Divorced, Adm-clerical, Not-in-family, White, Male, United-States, <=50K
52.20334,83147.266,8.943295,386.42194,-10.736003,37.957584, Private, HS-grad, Divorced, Exec-managerial, Unmarried, White, Female, United-States, <=50K
19.182829,96288.89,9.926782,335.386,-9.403201,28.464485, Private, Some-college, Never-married, Sales, Own-child, White, Female, United-States, <=50K
57.551952,122373.695,12.973696,-371.326,7.1796846,40.71995, State-gov, Bachelors, Divorced, Exec-managerial, Not-in-family, White, Female, United-States, <=50K
27.046595,255786.88,12.923562,-167.32074,-8.615901,39.169365, Private, Bachelors, Never-married, Exec-managerial, Not-in-family, White, Male, United-States, <=50K
34.606503,474454.3,12.869386,3759.5356,15.004048,49.367073, Private, Bachelors, Married-civ-spouse, Exec-managerial, Husband, White, Male, United-States, >50K
27.151035,323687.2,9.8811455,161.25757,2.4622545,41.23591, Private, HS-grad, Married-civ-spouse, Sales, Husband, White, Male, United-States, <=50K
45.166286,119623.36,14.077556,185.92303,13.035596,40.5096, Private, Masters, Divorced, Prof-specialty, Unmarried, White, Female, United-States, <=50K
19.016111,594540.56,8.889506,-128.24493,-4.744853,39.7545, Private, HS-grad, Never-married, Other-service, Own-child, White, Female, United-States, <=50K
23.428816,191625.6,8.448043,-898.9881,-12.43246,38.570374, Private, Bachelors, Separated, Other-service, Own-child, White, Male, United-States, <=50K
26.666407,158337.83,13.769663,-465.46906,25.602793,39.828003, Local-gov, Masters, Never-married, Prof-specialty, Own-child, White, Female, United-States, <=50K
57.140575,198173.02,6.6448045,257.48334,-1.4839658,39.178516, Local-gov, 11th, Married-civ-spouse, Craft-repair, Wife, White, Female, United-States, <=50K
23.611185,194112.48,9.092976,-94.30341,-18.231646,35.09166, Private, HS-grad, Never-married, Adm-clerical, Own-child, White, Female, United-States, <=50K
29.84649,243964.48,9.824926,-153.74933,8.254201,40.075417, Private, Some-college, Separated, Exec-managerial, Not-in-family, White, Female, United-States, <=50K
28.887367,268119.34,14.126367,-98.44746,22.668592,28.36308, Self-emp-not-inc, Masters, Never-married, Prof-specialty, Own-child, White, Male, United-States, >50K
20.948107,285167.62,3.4464517,66.65838,-17.923006,40.739964, Private, 10th, Never-married, Handlers-cleaners, Not-in-family, White, Male, United-States, <=50K
39.459026,173882.22,9.090942,2310.6191,6.286786,45.73306, Private, HS-grad, Married-civ-spouse, Adm-clerical, Husband, White, Male, United-States, <=50K
29.331686,335877.66,12.513189,474.3604,30.713144,62.85867, Self-emp-inc, Bachelors, Married-civ-spouse, Exec-managerial, Husband, White, Male, United-States, <=50K
20.822067,89573.305,9.990619,71.247856,44.819397,51.847614, Local-gov, Some-college, Never-married, Prof-specialty, Own-child, White, Female, United-States, <=50K
28.372807,76518.26,9.91254,1015.33167,-0.54418457,49.60541, Private, Assoc-voc, Never-married, Transport-moving, Not-in-family, White, Male, United-States, <=50K
50.17343,205720.58,10.950789,188.75458,16.049665,48.6974, Private, Assoc-voc, Married-civ-spouse, Other-service, Husband, White, Male, United-States, >50K
27.884098,235755.39,9.010332,-325.4969,-5.016864,45.27614, Federal-gov, HS-grad, Never-married, Adm-clerical, Own-child, White, Male, United-States, <=50K
57.816544,277093.0,4.668953,61.97717,6.6598024,39.79096, Private, Some-college, Married-civ-spouse, Sales, Husband, White, Male, United-States, <=50K
20.73814,375166.84,4.1996303,-276.42303,-11.755229,9.180275, Private, 10th, Never-married, Other-service, Own-child, White, Female, United-States, <=50K
36.62778,150714.05,12.995286,-234.19867,2.7560625,54.50037, Private, Bachelors, Married-civ-spouse, Sales, Husband, White, Male, United-States, <=50K
48.097565,88348.875,8.949666,-403.37323,-8.831553,43.08737, Private, HS-grad, Divorced, Other-service, Not-in-family, White, Female, United-States, <=50K
41.381004,171638.66,9.069282,-73.269356,-11.690608,38.540684, Private, HS-grad, Never-married, Adm-clerical, Not-in-family, White, Female, United-States, <=50K
35.91514,191126.55,7.0472026,2705.845,-0.60397613,35.873783, Private, 11th, Divorced, Sales, Unmarried, White, Female, United-States, <=50K
48.721493,244968.89,9.0195465,-1103.5867,-4.12131,38.834724, Federal-gov, HS-grad, Married-civ-spouse, Adm-clerical, Husband, White, Male, United-States, <=50K
65.76506,129721.25,9.950901,-13.735416,11.506368,37.13474, Private, Some-college, Married-civ-spouse, Adm-clerical, Husband, White, Male, United-States, <=50K
52.64245,148068.86,13.025231,-2.329899,14.917317,38.936146, Private, Bachelors, Married-civ-spouse, Exec-managerial, Husband, White, Male, United-States, >50K
25.78963,267684.38,12.771885,249.96918,9.517194,22.778936, Private, Masters, Never-married, Adm-clerical, Not-in-family, White, Female, United-States, <=50K
25.225876,158728.31,12.760396,359.47345,-26.013292,38.184513, Private, Bachelors, Never-married, Other-service, Own-child, White, Male, United-States, <=50K
52.187138,117394.71,6.6640105,202.5542,-7.139163,34.213997, State-gov, 11th, Divorced, Other-service, Unmarried, White, Female, United-States, <=50K
33.388344,490925.34,14.116823,55507.62,0.47610962,60.1763, Private, Masters, Never-married, Prof-specialty, Not-in-family, White, Male, United-States, >50K
26.352959,123410.41,9.165032,171.61731,15.7798815,54.936623, Private, HS-grad, Married-civ-spouse, Craft-repair, Husband, White, Male, United-States, <=50K
27.226755,151177.12,7.7296686,598.8119,-15.439357,24.76099, Private, Some-college, Married-civ-spouse, Handlers-cleaners, Husband, White, Male, United-States, <=50K
44.959686,218606.2,13.054424,66.85247,17.232374,43.86149, Private, Bachelors, Married-civ-spouse, Sales, Husband, White, Male, United-States, >50K
16.795816,183946.61,10.038099,31.534725,-6.9129515,27.217093, ?, Some-college, Never-married, ?, Own-child, White, Female, United-States, <=50K
20.997318,167353.73,9.08791,233.33179,-20.37192,37.717216, Private, HS-grad, Never-married, Machine-op-inspct, Own-child, White, Male, United-States, <=50K
47.7101,122621.27,15.164667,-777.7038,-4.1953306,44.809525, Federal-gov, Masters, Never-married, Other-service, Not-in-family, White, Female, United-States, >50K
46.5327,113636.125,10.652712,-161.01654,11.48055,46.255672, Self-emp-not-inc, Assoc-voc, Married-civ-spouse, Craft-repair, Husband, White, Male, United-States, >50K
19.840437,368779.75,9.515446,-355.21368,-15.603053,41.60966, Private, HS-grad, Never-married, Tech-support, Other-relative, White, Male, United-States, <=50K
40.23091,136779.7,9.065777,-103.51081,-13.951396,45.246468, Private, HS-grad, Never-married, Adm-clerical, Not-in-family, White, Female, United-States, <=50K
45.996353,165672.56,8.930273,-104.49531,-18.234667,46.362446, Private, HS-grad, Married-civ-spouse, Other-service, Husband, White, Male, United-States, <=50K
25.83761,321751.78,12.968728,5.4620934,7.9238024,40.742943, Private, Bachelors, Never-married, Prof-specialty, Own-child, White, Female, United-States, <=50K
36.651215,210172.02,12.03965,766.808,33.007217,43.7983, Local-gov, Assoc-acdm, Married-civ-spouse, Handlers-cleaners, Husband, White, Male, United-States, >50K
21.905668,213515.77,9.00691,-253.92462,-1.382121,41.575405, Private, HS-grad, Never-married, Craft-repair, Own-child, White, Male, United-States, <=50K
34.90584,11004.032,10.0085945,148.19867,-22.412104,40.82299, Private, Some-college, Never-married, Craft-repair, Not-in-family, White, Male, United-States, <=50K
29.101456,256411.2,9.0468445,-129.73602,-2.475459,58.811275, Private, HS-grad, Never-married, Craft-repair, Not-in-family, White, Male, United-States, <=50K
29.096096,192063.77,9.033613,269.38153,-5.389621,35.49771, Private, HS-grad, Never-married, Handlers-cleaners, Own-child, White, Female, United-States, <=50K
47.782314,101375.35,12.847915,1048.1484,-10.800357,39.528423, Private, Bachelors, Divorced, Prof-specialty, Not-in-family, White, Female, United-States, <=50K
22.306372,97431.94,9.868621,230.1084,4.0780306,26.094526, Private, Some-college, Never-married, Sales, Own-child, White, Female, United-States, <=50K
29.115694,266121.28,9.9973135,-382.0938,1.2092334,41.441658, Private, Some-college, Married-civ-spouse, Machine-op-inspct, Husband, White, Male, United-States, <=50K
16.804659,258638.6,7.0056815,335.3999,-7.3376493,36.55932, Private, 11th, Never-married, Sales, Own-child, White, Male, United-States, <=50K
47.840584,326963.72,9.568942,277.36316,52.08189,86.533424, Self-emp-not-inc, 12th, Never-married, Craft-repair, Not-in-family, White, Male, United-States, <=50K
46.416977,257324.55,8.977533,-130.90826,-29.754984,42.93174, Private, HS-grad, Married-civ-spouse, Transport-moving, Other-relative, White, Male, United-States, <=50K
55.97176,137751.56,10.950799,1687.3783,24.393297,30.028446, Self-emp-not-inc, Assoc-voc, Married-civ-spouse, Craft-repair, Husband, White, Male, United-States, >50K
39.7342,252728.55,9.036435,125.817986,17.360907,43.911144, Private, HS-grad, Married-civ-spouse, Sales, Husband, White, Male, United-States, >50K
17.046541,269740.5,5.987821,244.70398,-29.381044,32.880733, Private, 10th, Never-married, Other-service, Not-in-family, White, Male, United-States, <=50K
44.19239,155261.34,8.897609,308.65912,17.857016,69.19134, Private, HS-grad, Married-civ-spouse, Exec-managerial, Husband, White, Male, United-States, <=50K
28.799665,328425.72,12.769144,632.0106,20.528967,44.457653, Private, Bachelors, Never-married, Craft-repair, Own-child, White, Male, United-States, <=50K
32.440887,270535.56,9.549039,203.04529,-6.0582304,32.473885, Private, Some-college, Married-civ-spouse, Sales, Husband, White, Male, United-States, <=50K
30.758615,259835.42,9.721485,2319.1091,-9.999293,35.934914, Local-gov, Some-college, Never-married, Prof-specialty, Own-child, White, Female, United-States, <=50K
53.615974,171634.6,3.2848911,751.52203,-6.094737,43.028004, Private, 10th, Married-civ-spouse, Machine-op-inspct, Husband, White, Male, United-States, <=50K
46.78744,228929.97,13.031582,-528.56146,14.137509,41.4123, Private, Bachelors, Married-civ-spouse, Prof-specialty, Husband, White, Male, United-States, >50K
59.41388,334682.0,8.99854,1226.6595,23.339872,40.871254, State-gov, HS-grad, Married-civ-spouse, Handlers-cleaners, Husband, White, Male, United-States, <=50K
55.614594,275046.7,8.047021,-8.476383,-23.207926,29.199383, Private, HS-grad, Separated, Adm-clerical, Unmarried, White, Female, United-States, <=50K
27.384377,127672.695,13.155762,-302.54022,15.430425,39.142155, Private, Bachelors, Married-civ-spouse, Exec-managerial, Husband, White, Male, United-States, <=50K
19.965109,234657.66,6.7691174,364.82623,814.27216,54.666218, Private, 11th, Divorced, Other-service, Own-child, White, Male, United-States, <=50K
30.634779,121132.13,12.763798,-397.70404,13.273358,46.786346, Private, Bachelors, Married-civ-spouse, Adm-clerical, Husband, White, Male, United-States, >50K
32.186417,217084.19,9.891904,-111.269356,-28.389643,15.06192, Private, Some-college, Never-married, Other-service, Own-child, White, Female, United-States, <=50K
35.675083,111542.81,9.033509,50.860104,-12.878146,39.844757, Private, HS-grad, Never-married, Handlers-cleaners, Own-child, White, Male, United-States, <=50K
26.994272,282136.47,9.9216175,346.9054,11.863286,43.026737, Self-emp-not-inc, Some-college, Never-married, Sales, Not-in-family, White, Female, United-States, <=50K
29.451307,213806.02,10.036215,-688.6707,29.923342,37.680046, State-gov, Some-college, Divorced, Sales, Unmarried, White, Female, United-States, <=50K
26.962645,147540.52,10.808654,-96.8968,13.500318,33.769558, Private, Assoc-acdm, Divorced, Adm-clerical, Unmarried, White, Female, United-States, <=50K
28.237732,206824.31,13.047319,767.10187,-12.117373,52.284267, Self-emp-not-inc, Bachelors, Never-married, Exec-managerial, Not-in-family, White, Female, United-States, <=50K
27.180391,145098.19,9.977781,340.11462,8.493855,57.52169, Private, Some-college, Never-married, Sales, Not-in-family, White, Male, United-States, <=50K
50.73177,89959.81,12.004869,96.36675,15.154981,64.64727, Self-emp-inc, Assoc-acdm, Married-civ-spouse, Exec-managerial, Husband, White, Male, United-States, <=50K
33.904236,235403.97,8.985179,30.235043,19.026022,53.077374, Self-emp-not-inc, HS-grad, Married-civ-spouse, Farming-fishing, Husband, White, Male, United-States, <=50K
64.78824,108104.32,13.077186,87.03191,4.2400255,45.669483, Private, Bachelors, Married-civ-spouse, Exec-managerial, Husband, White, Male, United-States, >50K
51.349117,122501.74,4.106893,-274.16254,-25.120218,19.2488, Private, Some-college, Divorced, Other-service, Unmarried, White, Female, United-States, <=50K
32.564808,122607.38,9.507309,-103.21369,-11.722545,47.097324, Private, HS-grad, Divorced, Other-service, Own-child, White, Male, United-States, <=50K
29.553034,204326.22,12.994431,-234.55634,-31.197206,52.456726, Private, Bachelors, Never-married, Prof-specialty, Unmarried, White, Female, United-States, <=50K
22.555967,243662.97,9.89729,170.06769,3.358838,39.31462, Private, Some-college, Never-married, Craft-repair, Not-in-family, White, Male, United-States, <=50K
45.568512,64442.664,10.031583,156.76202,15.833867,40.76309, Private, Some-college, Married-civ-spouse, Craft-repair, Husband, White, Male, United-States, >50K
18.533049,165298.14,9.946156,737.45184,-11.785518,24.375853, Private, Some-college, Never-married, Adm-clerical, Own-child, White, Male, United-States, <=50K
52.793667,32910.11,10.86116,1205.6859,8.315785,40.963734, Private, Assoc-voc, Married-civ-spouse, Adm-clerical, Husband, White, Male, United-States, >50K
54.254333,452497.62,3.882319,-898.2221,-3.3147917,16.00707, ?, 12th, Widowed, ?, Unmarried, White, Female, United-States, <=50K
41.72324,188260.94,3.8757758,257.9425,-32.84184,37.01768, ?, 10th, Never-married, ?, Unmarried, White, Male, United-States, <=50K
39.83799,217779.34,10.471889,361.88367,-21.287897,62.00814, Private, Assoc-voc, Divorced, Prof-specialty, Unmarried, White, Male, United-States, <=50K
49.967987,325945.72,8.906854,189.59833,-0.926463,40.471855, ?, HS-grad, Divorced, ?, Unmarried, White, Female, United-States, <=50K
43.010662,17846.562,10.187784,1895.2811,24.487398,63.08273, Private, Some-college, Divorced, Prof-specialty, Not-in-family, White, Female, United-States, <=50K
33.256798,360392.28,9.263786,427.94586,-2.2206907,46.333447, Private, HS-grad, Never-married, Handlers-cleaners, Not-in-family, White, Male, United-States, <=50K
39.92307,77276.7,9.9771385,370.13977,5.640622,42.097027, Private, Some-college, Married-civ-spouse, Adm-clerical, Husband, White, Male, United-States, <=50K
59.614456,193227.25,9.959903,297.69757,35.42723,50.83998, Local-gov, Some-college, Married-civ-spouse, Exec-managerial, Husband, White, Male, United-States, >50K
23.17001,212033.2,9.914508,272.66382,3.8581285,31.859022, Private, Some-college, Separated, Handlers-cleaners, Unmarried, White, Male, United-States, <=50K
33.540913,136969.08,10.049126,-156.4201,11.427182,84.84567, Private, Some-college, Married-civ-spouse, Craft-repair, Husband, White, Male, United-States, >50K
52.03902,113438.305,8.905011,351.18628,4.8558016,44.922096, Local-gov, HS-grad, Married-civ-spouse, Other-service, Husband, White, Male, United-States, <=50K
46.1074,251056.11,2.9181776,-335.1042,-13.030536,22.059618, Private, 12th, Married-spouse-absent, Other-service, Unmarried, White, Female, United-States, <=50K
45.837376,171082.47,9.444659,-72.41364,1907.9644,52.802387, Private, Some-college, Married-civ-spouse, Exec-managerial, Husband, White, Male, United-States, >50K
18.217308,218752.08,4.7691965,-133.85052,-20.113398,37.250126, Private, 12th, Never-married, Other-service, Own-child, White, Male, United-States, <=50K
56.982697,379366.44,12.221242,1715.3743,41.91405,33.122704, Self-emp-not-inc, Bachelors, Married-civ-spouse, Prof-specialty, Husband, White, Male, United-States, >50K
32.932938,230926.55,12.986048,1123.4192,-0.788905,49.77426, Local-gov, Bachelors, Married-civ-spouse, Protective-serv, Husband, White, Male, United-States, <=50K
36.252796,127742.83,13.076871,-8.170353,-8.358851,38.62037, Private, Bachelors, Married-civ-spouse, Machine-op-inspct, Husband, White, Male, United-States, <=50K
34.531467,181239.53,10.877913,-66.37873,26.80224,46.017654, Self-emp-not-inc, Assoc-voc, Married-civ-spouse, Craft-repair, Husband, White, Male, United-States, <=50K
51.212925,66193.88,8.937571,122.158806,0.83315,50.73492, Private, HS-grad, Divorced, Other-service, Not-in-family, White, Female, United-States, <=50K
48.383457,230267.77,11.117995,-654.84454,6.309453,39.96366, Private, Assoc-voc, Divorced, Exec-managerial, Not-in-family, White, Female, United-States, <=50K
36.872692,355972.78,12.781745,-19.66254,2.6082964,-6.1907673, Private, Bachelors, Never-married, Exec-managerial, Own-child, White, Female, United-States, <=50K
64.657234,236710.33,2.4825191,-895.28656,1.6684848,22.982325, Private, 12th, Widowed, Other-service, Husband, White, Male, United-States, <=50K
50.81402,133326.45,9.073364,84.2019,5.435338,35.395874, Private, HS-grad, Never-married, Adm-clerical, Own-child, White, Male, United-States, <=50K
35.476986,238979.94,10.929608,1381.0222,11.498952,43.470875, Private, Some-college, Married-civ-spouse, Farming-fishing, Husband, White, Male, United-States, >50K
26.298027,132654.2,10.11094,-448.14435,-34.089657,49.64468, ?, Some-college, Separated, ?, Own-child, White, Female, United-States, <=50K
26.49076,16504.281,9.995748,-290.3907,19.708746,42.219032, Private, Some-college, Married-civ-spouse, Other-service, Wife, White, Female, United-States, >50K
32.77255,103120.93,5.3808355,13.520565,-2.1395597,41.180107, Private, Some-college, Married-civ-spouse, Other-service, Husband, White, Male, United-States, <=50K
32.524994,235657.03,9.107625,-462.98663,-10.753718,44.124287, Local-gov, HS-grad, Never-married, Adm-clerical, Unmarried, White, Female, United-States, <=50K
20.164816,237174.33,9.646681,-245.9549,-16.937723,39.11052, Private, HS-grad, Never-married, Prof-specialty, Own-child, White, Male, United-States, <=50K
53.414356,115300.83,13.791936,343.60486,39.52597,35.96853, Self-emp-inc, Assoc-acdm, Separated, Prof-specialty, Not-in-family, White, Male, United-States, >50K
63.340214,154183.72,9.908109,211.65454,-10.996562,42.958477, Local-gov, HS-grad, Married-civ-spouse, Machine-op-inspct, Husband, White, Male, United-States, <=50K
42.477375,127538.96,9.993459,-56.985294,3.7385988,40.42529, Private, Some-college, Married-civ-spouse, Craft-repair, Husband, White, Male, United-States, <=50K
45.80244,259940.3,12.858422,171.58618,-4.8007765,33.31122, Private, Bachelors, Never-married, Other-service, Not-in-family, White, Female, United-States, <=50K
32.042988,243987.81,12.526531,487.66132,0.41091645,36.14926, Private, Bachelors, Married-civ-spouse, Exec-managerial, Husband, White, Male, United-States, <=50K
29.214464,201010.77,12.031771,821.4088,3.4066057,39.319897, Self-emp-not-inc, Assoc-acdm, Married-civ-spouse, Exec-managerial, Husband, White, Male, United-States, <=50K
22.187561,259321.77,11.950629,-347.00018,20.61289,17.504393, ?, Assoc-acdm, Never-married, ?, Own-child, White, Male, United-States, <=50K
24.952541,142209.22,10.053123,652.5711,-8.721972,39.064045, Local-gov, Some-college, Never-married, Craft-repair, Own-child, White, Male, United-States, <=50K
59.85127,105681.2,9.987762,-208.4372,7.456708,37.263454, Private, Some-college, Married-civ-spouse, Adm-clerical, Husband, White, Male, United-States, <=50K
54.531113,188699.73,9.025886,-62.243473,19.857367,41.617268, Private, HS-grad, Married-civ-spouse, Craft-repair, Husband, White, Male, United-States, >50K
25.3025,49512.58,6.1831107,956.4014,-9.098544,60.915714, Self-emp-not-inc, Some-college, Never-married, Transport-moving, Not-in-family, White, Male, United-States, <=50K
40.976555,158787.52,10.018724,175.74097,30.470297,53.926098, State-gov, Some-college, Married-civ-spouse, Prof-specialty, Husband, White, Male, United-States, >50K
40.392006,379693.12,8.989656,427.73236,24.286749,50.55057, Private, HS-grad, Married-civ-spouse, Adm-clerical, Husband, White, Male, United-States, >50K
37.51494,222028.81,9.269444,34172.227,-30.692728,45.146023, Private, HS-grad, Divorced, Machine-op-inspct, Not-in-family, White, Male, United-States, >50K
19.864792,155735.28,10.740719,-229.25702,18.548124,39.371235, Local-gov, Assoc-voc, Never-married, Adm-clerical, Own-child, White, Female, United-States, <=50K
23.80122,33097.58,6.69727,367.7827,-2.1159163,34.58518, Local-gov, 11th, Never-married, Adm-clerical, Other-relative, White, Male, United-States, <=50K
40.081535,108304.77,9.954154,196.3338,13.089833,24.008677, Private, Some-college, Married-civ-spouse, Sales, Husband, White, Male, United-States, >50K
38.21766,231631.19,9.043707,94.490654,-11.991046,42.398933, Private, HS-grad, Divorced, Craft-repair, Not-in-family, White, Female, United-States, <=50K
45.680378,160168.5,13.255205,12.120541,1523.961,48.738903, State-gov, Bachelors, Never-married, Other-service, Not-in-family, White, Female, United-States, >50K
47.47502,225169.12,9.018077,-135.07562,-7.2975264,42.992695, Private, HS-grad, Divorced, Adm-clerical, Not-in-family, White, Female, United-States, <=50K
44.85088,218070.95,12.942503,-85.40339,-0.4817456,38.86346, Private, Bachelors, Never-married, Adm-clerical, Not-in-family, White, Male, United-States, >50K
62.7488,246059.1,9.050439,834.3025,-4.458598,37.04278, Private, HS-grad, Divorced, Craft-repair, Not-in-family, White, Male, United-States, >50K
46.982807,105136.17,9.396583,19.031796,-6.2536726,41.47296, Private, Some-college, Married-civ-spouse, Protective-serv, Husband, White, Male, United-States, <=50K
41.25542,56464.0,12.720988,11623.714,27.617575,55.06042, Self-emp-not-inc, Masters, Married-civ-spouse, Craft-repair, Husband, White, Male, United-States, >50K
38.700203,94896.74,9.218828,362.4217,-8.717311,51.02819, Local-gov, HS-grad, Divorced, Craft-repair, Not-in-family, White, Male, United-States, <=50K
54.052357,420674.16,13.032008,-782.965,-5.1596327,65.52779, Federal-gov, Bachelors, Married-spouse-absent, Prof-specialty, Not-in-family, White, Male, United-States, <=50K
60.9374,176121.42,8.953394,264.65997,-17.848589,35.492325, Private, HS-grad, Separated, Transport-moving, Unmarried, White, Male, United-States, <=50K
61.73047,290727.6,1.2427864,1231.656,21.731176,40.571453, Private, 12th, Married-civ-spouse, Sales, Husband, White, Male, United-States, >50K
58.3101,107790.7,9.024006,-521.0169,0.960683,40.371796, Self-emp-not-inc, HS-grad, Widowed, Farming-fishing, Unmarried, White, Female, United-States, <=50K
56.962288,127684.41,6.04954,2882.5479,3.4628267,41.62744, Private, 10th, Never-married, Adm-clerical, Own-child, White, Female, United-States, <=50K
44.313957,97890.5,12.24626,146.60992,-10.563045,32.799465, Private, Assoc-acdm, Separated, Prof-specialty, Not-in-family, White, Male, United-States, <=50K
29.471558,106746.35,8.947939,-207.11713,-8.674083,34.031578, Private, HS-grad, Separated, Handlers-cleaners, Own-child, White, Female, United-States, <=50K
42.352394,306741.75,13.643914,209.94464,10.816472,34.912643, Private, Assoc-acdm, Divorced, Prof-specialty, Not-in-family, White, Male, United-States, >50K
38.05773,222468.83,3.5285993,-112.49909,-24.990343,31.850079, Private, 12th, Divorced, Handlers-cleaners, Unmarried, White, Male, United-States, <=50K
37.867516,133238.56,8.931548,-355.17828,-1.6015729,46.101864, Private, HS-grad, Married-spouse-absent, Other-service, Unmarried, White, Male, United-States, <=50K
29.302181,197626.84,9.714227,-187.99799,-13.196628,28.299961, Private, Some-college, Never-married, Other-service, Unmarried, White, Female, United-States, <=50K
65.86572,210179.81,9.056304,723.1641,-16.165636,27.804989, Private, HS-grad, Divorced, Handlers-cleaners, Not-in-family, White, Female, United-States, <=50K
43.64165,233645.95,13.058597,267.87164,15.090634,34.626625, Private, Bachelors, Married-civ-spouse, Adm-clerical, Husband, White, Male, United-States, <=50K
34.33806,216144.28,13.059732,245.09924,1424.7522,52.46174, Private, Bachelors, Married-civ-spouse, Exec-managerial, Husband, White, Male, United-States, >50K
22.873499,239739.1,9.17539,155.83612,-20.265284,14.915422, Private, HS-grad, Never-married, Other-service, Own-child, White, Female, United-States, <=50K
53.858658,215859.22,13.866519,682.14734,20.289328,37.077232, Local-gov, Masters, Married-civ-spouse, Prof-specialty, Husband, White, Male, United-States, <=50K
20.245571,735584.06,8.910205,-179.28217,7.205518,35.53799, ?, HS-grad, Never-married, ?, Own-child, White, Female, United-States, <=50K
46.956974,87974.414,13.009734,47.8103,0.6489917,36.47866, Private, Bachelors, Married-civ-spouse, Prof-specialty, Husband, White, Male, United-States, <=50K
26.265547,239397.2,9.922645,1011.8727,0.882413,41.025215, Private, Some-college, Married-civ-spouse, Machine-op-inspct, Husband, White, Male, United-States, <=50K
46.591408,381733.84,11.781054,6166.5435,23.532572,40.923153, Self-emp-inc, Assoc-acdm, Married-civ-spouse, Sales, Husband, White, Male, United-States, >50K
26.894392,73789.88,12.92571,-70.758125,-7.428935,31.735746, Private, Bachelors, Divorced, Exec-managerial, Unmarried, White, Female, United-States, <=50K
31.369177,74985.28,8.967323,151.31732,24.53256,71.0, Private, HS-grad, Married-civ-spouse, Handlers-cleaners, Husband, White, Male, United-States, <=50K
47.299957,225921.66,9.995512,334.46002,24.254282,43.60654, Private, Some-college, Married-civ-spouse, Adm-clerical, Husband, White, Male, United-States, >50K
34.6249,273345.38,9.904673,-518.0197,-12.628619,36.446106, Private, Some-college, Married-civ-spouse, Craft-repair, Other-relative, White, Female, United-States, <=50K
50.91418,68301.02,10.06387,2033.0216,7.902974,41.812344, Private, Some-college, Never-married, Machine-op-inspct, Not-in-family, White, Male, United-States, <=50K
30.825392,25012.281,8.991699,-663.7238,-27.537386,32.814934, Private, HS-grad, Widowed, Other-service, Not-in-family, White, Female, United-States, <=50K
29.304081,249000.8,3.7475934,-250.30951,-13.498813,38.283348, Private, HS-grad, Divorced, Machine-op-inspct, Other-relative, White, Female, United-States, <=50K
41.228638,117255.44,13.016786,-82.126045,8.59538,33.928776, Private, Bachelors, Married-civ-spouse, Adm-clerical, Husband, White, Male, United-States, <=50K
43.104836,137470.34,9.015058,21.476254,1.8385059,35.71064, Self-emp-not-inc, HS-grad, Married-civ-spouse, Other-service, Husband, White, Male, United-States, <=50K
18.666079,82584.34,9.168139,865.2454,-1.1910046,36.94936, Private, HS-grad, Never-married, Handlers-cleaners, Unmarried, White, Female, United-States, <=50K
36.87427,79520.69,9.80165,111.85522,20.04547,50.802296, Self-emp-inc, Some-college, Married-civ-spouse, Farming-fishing, Husband, White, Male, United-States, <=50K
30.535755,272225.53,9.782023,6582.7095,-8.061191,41.510284, Private, Some-college, Never-married, Prof-specialty, Not-in-family, White, Female, United-States, <=50K
45.78459,266481.44,8.751515,-310.98102,-15.303416,32.08656, Private, HS-grad, Divorced, Other-service, Unmarried, White, Female, United-States, <=50K
35.54582,157639.48,4.363589,202.25446,-25.86342,32.88126, Private, Some-college, Never-married, Other-service, Own-child, White, Male, United-States, <=50K
22.637383,443277.88,8.871528,-576.1097,-11.722064,21.89268, Private, HS-grad, Never-married, Prof-specialty, Not-in-family, White, Male, United-States, <=50K
41.528313,143018.0,8.075716,7440.565,19.444067,47.048443, Self-emp-inc, 10th, Married-civ-spouse, Exec-managerial, Husband, White, Male, United-States, >50K
74.41441,138902.17,13.072617,3263.8518,516.9761,4.311285, Self-emp-not-inc, Bachelors, Married-civ-spouse, Prof-specialty, Husband, White, Male, United-States, >50K
26.516418,322221.34,8.981876,306.6031,-11.397304,37.04534, Private, HS-grad, Never-married, Other-service, Own-child, White, Male, United-States, <=50K
31.576994,166104.72,9.898063,140.69531,21.371283,57.736576, ?, Some-college, Married-civ-spouse, ?, Husband, White, Male, United-States, <=50K
26.917734,269633.4,9.754273,24.801937,9.530835,34.229538, Private, Some-college, Married-civ-spouse, Other-service, Husband, White, Male, United-States, <=50K
48.97096,120763.914,6.524207,-261.42072,1.4643985,32.89434, Private, 11th, Divorced, Other-service, Unmarried, White, Female, United-States, <=50K
41.851463,220803.17,2.9349113,-738.4294,7.339246,70.27176, Private, 10th, Widowed, Machine-op-inspct, Unmarried, White, Female, United-States, <=50K
55.507862,124594.27,10.012466,135.2691,20.224318,43.174725, Private, Some-college, Married-civ-spouse, Adm-clerical, Husband, White, Male, United-States, <=50K
24.374262,161974.72,9.011473,318.22192,-22.465006,31.579025, Private, HS-grad, Never-married, Other-service, Not-in-family, White, Female, United-States, <=50K
34.673824,307651.88,8.594339,7.5717125,16.162191,21.329514, Private, HS-grad, Married-civ-spouse, Craft-repair, Husband, White, Male, United-States, >50K
56.94518,101218.61,7.972279,6161.885,7.330716,38.16005, Private, 10th, Separated, Prof-specialty, Not-in-family, White, Female, United-States, <=50K
44.675316,99590.49,8.996274,-7.081852,-14.898417,34.205822, Private, HS-grad, Never-married, Exec-managerial, Unmarried, White, Female, United-States, <=50K
39.761425,388731.2,8.944424,321.88184,-0.3355664,39.986423, Private, HS-grad, Married-civ-spouse, Sales, Husband, White, Male, United-States, <=50K
42.350525,139449.1,10.029028,1304.4133,4.796216,46.886726, State-gov, Some-college, Divorced, Adm-clerical, Not-in-family, White, Female, United-States, <=50K
38.286724,293373.25,13.600996,34088.06,20.505919,46.888996, Private, Masters, Married-civ-spouse, Craft-repair, Husband, White, Male, United-States, >50K
57.965385,214951.84,10.906895,266.83258,2.4882555,47.702145, Private, HS-grad, Married-civ-spouse, Protective-serv, Husband, White, Male, United-States, >50K
36.16379,215564.36,9.806871,-50.31989,25.13738,45.006718, Private, Some-college, Married-civ-spouse, Other-service, Husband, White, Male, United-States, <=50K
22.816322,118984.195,9.926471,-288.7104,-11.594516,44.6377, Private, Some-college, Never-married, Prof-specialty, Own-child, White, Male, United-States, <=50K
29.512726,146552.38,12.196125,586.10724,15.018132,48.84681, Private, Assoc-acdm, Never-married, Craft-repair, Not-in-family, White, Male, United-States, <=50K
30.391277,118910.664,9.996389,62.763424,4.6469545,40.239742, Private, Some-college, Married-civ-spouse, Craft-repair, Husband, White, Male, United-States, >50K
25.486824,207135.45,7.161429,-139.00543,13.007352,44.478653, State-gov, 11th, Never-married, Adm-clerical, Not-in-family, White, Female, United-States, <=50K
35.70681,285932.1,9.03923,340.1137,6.8504915,40.761395, Private, HS-grad, Married-civ-spouse, Adm-clerical, Husband, White, Male, United-States, >50K
29.264896,215365.62,13.938896,-454.01532,18.70014,36.34756, Private, Masters, Never-married, Prof-specialty, Not-in-family, White, Male, United-States, >50K
19.672834,242818.62,12.011664,840.9775,-2.5010328,41.460052, Private, Bachelors, Never-married, Handlers-cleaners, Own-child, White, Female, United-States, <=50K
30.910162,215590.42,8.965221,54.332394,-3.8967314,53.169548, Self-emp-inc, HS-grad, Married-civ-spouse, Sales, Husband, White, Male, United-States, <=50K
46.368767,238294.66,6.8026156,-253.08453,2090.8052,44.856777, Private, 10th, Married-civ-spouse, Craft-repair, Husband, White, Male, United-States, >50K
48.806164,123277.875,14.204546,53.06799,27.316942,48.962803, Private, Masters, Married-civ-spouse, Prof-specialty, Husband, White, Male, United-States, >50K
38.249905,164081.64,9.924364,-58.827335,-1.8410062,35.38112, Private, Some-college, Never-married, Prof-specialty, Not-in-family, White, Male, United-States, <=50K
40.427383,234577.48,11.054441,106.88134,-0.5818051,51.473476, Private, Assoc-voc, Divorced, Prof-specialty, Not-in-family, White, Female, United-States, <=50K
19.622475,127719.2,7.302821,-192.02643,-15.95206,35.607227, Private, 11th, Never-married, Priv-house-serv, Not-in-family, White, Female, United-States, <=50K
17.933783,104883.59,9.932157,2705.721,-9.186908,40.778683, Private, Some-college, Never-married, Prof-specialty, Not-in-family, White, Female, United-States, <=50K
38.461407,-19086.094,15.631714,813.1401,-39.937252,35.564213, Self-emp-not-inc, Masters, Divorced, Prof-specialty, Not-in-family, White, Male, United-States, <=50K
59.17209,68623.56,13.010713,299.07,1.8324252,45.69632, Private, Bachelors, Divorced, Sales, Not-in-family, White, Male, United-States, >50K
35.76149,410099.28,9.010091,9204.6,3.6944017,45.106827, Private, HS-grad, Married-civ-spouse, Exec-managerial, Husband, White, Male, United-States, >50K
22.90024,252228.67,9.017498,74.7185,-13.821864,37.003983, Private, HS-grad, Never-married, Craft-repair, Own-child, White, Male, United-States, <=50K
43.829235,25435.734,9.016298,-764.1414,-7.9893446,33.05402, Federal-gov, HS-grad, Married-civ-spouse, Craft-repair, Husband, White, Male, United-States, >50K
23.88176,320958.94,8.964977,-123.53376,1.991994,55.745426, Private, HS-grad, Never-married, Other-service, Own-child, White, Male, United-States, <=50K
22.065662,129900.68,10.521985,-799.0114,6.795842,37.68457, Private, Assoc-voc, Never-married, Sales, Not-in-family, White, Male, United-States, >50K
48.511135,267514.38,9.032206,-256.45746,2.9423876,52.792835, State-gov, HS-grad, Divorced, Adm-clerical, Unmarried, White, Female, United-States, <=50K
32.195484,189740.38,9.027783,785.4045,3.3543825,41.64926, Private, HS-grad, Married-civ-spouse, Craft-repair, Husband, White, Male, United-States, >50K
25.052681,159223.16,7.333501,-512.1153,-2.206668,39.397076, Private, 11th, Never-married, Machine-op-inspct, Not-in-family, White, Female, United-States, >50K
40.70057,138166.73,12.9620905,460.0338,10.435872,44.278126, Private, Bachelors, Never-married, Exec-managerial, Unmarried, White, Male, United-States, <=50K
33.697136,382650.84,9.912777,2161.5376,14.692052,51.845, Self-emp-not-inc, Some-college, Married-civ-spouse, Handlers-cleaners, Husband, White, Male, United-States, <=50K
42.94137,122854.11,10.047345,-125.05634,-7.3977003,31.436249, Private, Some-college, Married-civ-spouse, Exec-managerial, Husband, White, Male, United-States, <=50K
17.24592,-4718.6245,9.569021,873.3542,7.538602,52.859833, Self-emp-inc, HS-grad, Never-married, Sales, Own-child, White, Male, United-States, <=50K
41.845444,111303.734,13.008498,291.03302,-13.348262,55.52479, Private, Bachelors, Never-married, Prof-specialty, Not-in-family, White, Male, United-States, <=50K
18.418377,66441.34,12.847353,777.1062,-14.043017,55.162483, Private, Bachelors, Never-married, Sales, Own-child, White, Male, United-States, <=50K
51.348904,124795.44,8.680948,-242.78473,1468.4296,35.004356, Private, HS-grad, Divorced, Prof-specialty, Unmarried, White, Female, United-States, <=50K
16.9803,286483.25,12.866022,-581.1728,20.89266,36.135555, Private, Bachelors, Never-married, Other-service, Own-child, White, Female, United-States, >50K
40.844925,23676.172,9.936561,6079.3496,8.120267,50.509136, Private, Some-college, Never-married, Sales, Not-in-family, White, Male, United-States, >50K
50.41554,233464.28,12.897011,-302.30988,-9.751788,37.475006, Private, Bachelors, Divorced, Prof-specialty, Unmarried, White, Female, United-States, <=50K
39.231915,96182.94,12.830927,428.6864,-11.677463,42.301125, Self-emp-not-inc, Bachelors, Divorced, Exec-managerial, Other-relative, White, Female, United-States, <=50K
46.50894,97531.516,13.784487,1646.1174,32.737698,82.24212, Self-emp-not-inc, Bachelors, Married-civ-spouse, Prof-specialty, Husband, White, Male, United-States, >50K
19.10331,88821.88,9.967056,264.6136,-1.8071774,39.388977, Private, Some-college, Never-married, Craft-repair, Own-child, White, Male, United-States, <=50K
58.561092,136867.19,8.834605,8373.667,-33.28998,20.924486, Private, HS-grad, Divorced, Transport-moving, Not-in-family, White, Male, United-States, >50K
26.356506,124626.82,9.188158,-325.0291,-43.103115,38.26633, State-gov, HS-grad, Divorced, Adm-clerical, Other-relative, White, Male, United-States, <=50K
57.34535,13223.407,9.058384,11.884579,-22.513765,37.23317, Local-gov, HS-grad, Widowed, Other-service, Not-in-family, White, Male, United-States, <=50K
20.175133,264171.88,8.961141,1114.9406,-7.113635,35.017975, Federal-gov, HS-grad, Never-married, Adm-clerical, Own-child, White, Male, United-States, <=50K
24.61019,113421.78,9.963768,-47.08173,-1.364787,45.876186, Private, Some-college, Never-married, Craft-repair, Own-child, White, Male, United-States, <=50K
27.143673,67273.33,12.957935,-96.63337,4.738698,47.57115, Private, Bachelors, Married-civ-spouse, Craft-repair, Husband, White, Male, United-States, <=50K
61.503857,270783.56,15.116054,205.76593,14.161824,40.896297, Private, Bachelors, Married-civ-spouse, Exec-managerial, Husband, White, Male, United-States, >50K
65.15107,363457.0,9.858692,364.31647,17.5576,16.564762, Private, Some-college, Separated, Adm-clerical, Unmarried, White, Female, United-States, <=50K
23.553402,244008.28,13.476969,-63.09992,-6.2823668,19.67696, Private, Masters, Never-married, Prof-specialty, Own-child, White, Male, United-States, <=50K
47.303062,112432.055,9.04727,31.186703,1.8743182,45.99055, Private, HS-grad, Married-civ-spouse, Craft-repair, Husband, White, Male, United-States, <=50K
21.760183,137796.5,10.94543,6.926815,6.3901796,40.640514, Private, Assoc-voc, Never-married, Craft-repair, Not-in-family, White, Male, United-States, <=50K
45.90867,154746.27,9.9986,131.92426,-0.056857005,49.72356, Private, Some-college, Married-civ-spouse, Exec-managerial, Husband, White, Male, United-States, <=50K
67.46732,458682.75,12.964269,900.932,39.48171,35.176006, Private, Bachelors, Divorced, Adm-clerical, Not-in-family, White, Female, United-States, >50K
28.615541,231920.33,6.0047226,1020.7555,-36.95769,57.555798, Private, 10th, Never-married, Prof-specialty, Not-in-family, White, Male, United-States, <=50K
39.311737,252186.66,6.3954225,-532.76996,17.731878,61.176228, Private, 11th, Divorced, Handlers-cleaners, Not-in-family, White, Female, United-States, <=50K
20.609621,39209.938,13.003153,1982.1311,-10.350917,32.93894, Private, Bachelors, Never-married, Sales, Own-child, White, Male, United-States, >50K
42.565243,62617.812,7.2883515,9792.359,18.919104,42.052727, Private, 11th, Married-civ-spouse, Exec-managerial, Husband, White, Male, United-States, >50K
35.9504,159269.19,13.80167,-206.7409,1721.1245,42.4687, Self-emp-not-inc, Masters, Married-civ-spouse, Prof-specialty, Husband, White, Male, United-States, >50K
31.865213,388088.97,12.902347,291.24054,8.307851,62.326756, Private, Bachelors, Never-married, Prof-specialty, Not-in-family, White, Male, United-States, >50K
23.431572,287936.56,10.98926,-1724.3904,-13.9590025,2.3989275, ?, Assoc-voc, Married-spouse-absent, ?, Not-in-family, White, Female, United-States, <=50K
32.903286,240506.16,10.582735,3.1259115,9.801679,49.720596, Private, Some-college, Married-civ-spouse, Craft-repair, Husband, White, Male, United-States, <=50K
33.281963,251072.22,12.063556,1834.3429,113.03112,46.061527, Self-emp-not-inc, Assoc-acdm, Never-married, Craft-repair, Own-child, White, Male, United-States, >50K
74.62188,99244.83,3.8089538,1813.3156,2527.7058,8.560249, ?, HS-grad, Widowed, ?, Unmarried, White, Female, United-States, <=50K
60.26093,153152.45,13.180989,346.46246,7.5705996,14.7154045, Self-emp-not-inc, Bachelors, Married-civ-spouse, Farming-fishing, Husband, White, Male, United-States, <=50K
28.803844,240138.5,9.028513,-2.2247965,-16.41913,38.146336, Private, HS-grad, Divorced, Other-service, Not-in-family, White, Female, United-States, <=50K
54.056812,123791.87,7.937687,-51.453556,10.155141,40.856625, Private, 11th, Married-civ-spouse, Craft-repair, Husband, White, Male, United-States, <=50K
25.71407,195234.45,9.066639,-973.3106,-0.01545228,47.505478, Private, HS-grad, Widowed, Craft-repair, Unmarried, White, Female, United-States, <=50K
42.606716,180662.48,13.638289,1327.8915,22.606962,51.027187, Federal-gov, Masters, Never-married, Adm-clerical, Not-in-family, White, Male, United-States, >50K
40.803764,147410.53,9.077276,217.03076,-4.7466,41.23942, Private, HS-grad, Married-civ-spouse, Machine-op-inspct, Husband, White, Male, United-States, <=50K
27.004503,10002.97,9.820394,847.17993,-30.15172,26.829355, State-gov, Some-college, Never-married, Prof-specialty, Own-child, White, Male, United-States, <=50K
21.115929,126499.17,8.996505,-732.5689,-28.519709,29.241997, Private, HS-grad, Never-married, Other-service, Own-child, White, Female, United-States, <=50K
38.79512,72517.16,10.12389,-70.73896,-11.12646,22.839218, Private, Some-college, Separated, Adm-clerical, Not-in-family, White, Female, United-States, <=50K
32.872616,98424.22,14.031503,5451.3286,20.547087,47.31482, Local-gov, Masters, Married-civ-spouse, Prof-specialty, Husband, White, Male, United-States, >50K
53.01352,85427.64,9.902637,417.2132,8.134435,42.056694, Self-emp-not-inc, Some-college, Divorced, Craft-repair, Not-in-family, White, Male, United-States, <=50K
30.4746,170682.06,13.020264,1440.4865,27.527956,44.580566, ?, Bachelors, Never-married, ?, Not-in-family, White, Male, United-States, >50K
20.864344,127313.65,13.067415,326.93073,-8.949237,38.85731, Self-emp-not-inc, Bachelors, Never-married, Adm-clerical, Other-relative, White, Female, United-States, <=50K
35.838665,195461.27,12.949333,-619.53986,7.068021,39.71477, Private, Bachelors, Married-civ-spouse, Transport-moving, Husband, White, Male, United-States, <=50K
44.46314,374634.34,4.976756,128.59521,-21.02498,24.655287, Private, 10th, Separated, Machine-op-inspct, Unmarried, White, Female, United-States, <=50K
44.16134,461941.0,9.003929,182.6239,-11.191012,37.742638, Federal-gov, HS-grad, Divorced, Other-service, Not-in-family, White, Female, United-States, <=50K
37.71518,153462.33,9.048801,-233.50177,-11.796344,31.286531, ?, HS-grad, Divorced, ?, Not-in-family, White, Male, United-States, <=50K
56.416893,282411.03,7.5020676,-202.74176,19.777266,34.0778, Private, 11th, Married-civ-spouse, Sales, Husband, White, Male, United-States, <=50K
59.94847,43839.125,9.050888,151.71082,-6.750705,40.201286, Local-gov, HS-grad, Married-civ-spouse, ?, Husband, White, Male, United-States, <=50K
50.51774,193730.86,9.958576,-269.44208,11.078229,40.063225, Private, Some-college, Married-civ-spouse, Farming-fishing, Husband, White, Male, United-States, <=50K
38.36652,50070.453,9.487222,-589.04987,-12.360339,50.527733, Local-gov, HS-grad, Divorced, Protective-serv, Not-in-family, White, Female, United-States, <=50K
36.524597,171591.55,9.93467,-136.39716,-4.6776533,40.055855, Private, Some-college, Married-civ-spouse, Machine-op-inspct, Husband, White, Male, United-States, <=50K
29.543846,117261.59,12.839654,225.46472,23.083097,52.47258, Private, Assoc-voc, Never-married, Adm-clerical, Own-child, White, Female, United-States, <=50K
63.183723,341490.4,8.929345,134.41962,-1.9617337,38.926502, Private, HS-grad, Divorced, Protective-serv, Not-in-family, White, Male, United-States, <=50K
34.278168,145889.3,9.738493,1082.8533,6.0747194,42.39571, Private, HS-grad, Married-civ-spouse, Exec-managerial, Husband, White, Male, United-States, >50K
48.325596,62191.883,10.013213,327.98883,19.824514,52.51831, Self-emp-not-inc, Some-college, Married-civ-spouse, Prof-specialty, Husband, White, Male, United-States, <=50K
32.354202,115463.6,10.857523,14.810604,11.015981,45.18842, Private, Assoc-voc, Never-married, Adm-clerical, Not-in-family, White, Male, United-States, <=50K
49.800785,187953.05,13.725994,-457.4494,23.196249,30.073128, Local-gov, Masters, Married-civ-spouse, Prof-specialty, Wife, White, Female, United-States, <=50K
17.185062,253440.08,9.911928,300.27643,-13.60435,32.73503, Private, Some-college, Never-married, Handlers-cleaners, Own-child, White, Male, United-States, <=50K
38.584686,68312.51,9.029448,135.86224,1.8054477,60.34159, Private, HS-grad, Never-married, Handlers-cleaners, Own-child, White, Male, United-States, <=50K
37.525913,228350.52,10.50305,-116.60468,-12.187671,34.14441, Private, HS-grad, Divorced, Prof-specialty, Unmarried, White, Female, United-States, <=50K
55.11403,187396.53,8.954074,-201.40741,17.176733,35.403713, Private, HS-grad, Married-civ-spouse, Other-service, Wife, White, Female, United-States, <=50K
35.227932,165580.16,14.507593,731.0586,18.019224,35.1766, ?, Assoc-acdm, Married-civ-spouse, ?, Husband, White, Male, United-States, >50K
42.9767,204462.0,12.898832,-355.4666,9.183415,43.462284, Self-emp-not-inc, Bachelors, Divorced, Sales, Not-in-family, White, Female, United-States, <=50K
25.74956,145220.83,10.031881,-227.99701,-16.73102,56.56055, Private, Some-college, Never-married, Prof-specialty, Not-in-family, White, Male, United-States, <=50K
59.455555,105224.5,12.456323,103520.766,42.879105,40.931503, Private, Assoc-voc, Married-civ-spouse, Exec-managerial, Husband, White, Male, United-States, >50K
27.41082,292191.5,12.968118,141.82318,-15.155406,49.7238, Private, Bachelors, Never-married, Prof-specialty, Not-in-family, White, Female, United-States, <=50K
28.023472,222739.31,9.200224,-190.34235,-18.907885,37.574883, Private, HS-grad, Never-married, Adm-clerical, Own-child, White, Male, United-States, <=50K
46.600693,230390.11,10.796811,-592.7869,40.638943,37.319763, Private, Assoc-voc, Divorced, Adm-clerical, Not-in-family, White, Female, United-States, >50K
52.790565,95459.734,9.862951,126.69097,7.775296,24.40341, Private, Some-college, Never-married, Sales, Not-in-family, White, Female, United-States, >50K
30.47531,151958.06,3.7193518,153.36139,2.621068,50.598465, Private, 10th, Married-civ-spouse, Other-service, Husband, White, Male, United-States, <=50K
39.04225,174016.33,9.076903,149.81604,-9.2358885,46.111744, Private, HS-grad, Married-civ-spouse, Machine-op-inspct, Husband, White, Male, United-States, <=50K
36.193657,159220.92,8.9665365,302.21533,6.0986147,37.93192, Private, HS-grad, Married-civ-spouse, Craft-repair, Other-relative, White, Male, United-States, <=50K
19.834467,350925.72,9.036705,232.75116,-14.247523,33.965954, Private, HS-grad, Never-married, Adm-clerical, Own-child, White, Male, United-States, <=50K
59.704556,154013.8,8.982071,192.68103,1.2142307,46.12741, Self-emp-not-inc, HS-grad, Divorced, Exec-managerial, Not-in-family, White, Male, United-States, <=50K
23.023829,361831.0,12.880648,626.66815,-11.073421,43.593132, Private, Bachelors, Never-married, Exec-managerial, Own-child, White, Male, United-States, <=50K
25.746286,171512.58,9.96357,162.32489,-4.030925,39.358162, Private, Some-college, Never-married, Machine-op-inspct, Not-in-family, White, Female, United-States, <=50K
52.572002,202954.36,9.944429,232.69531,11.349889,46.968872, Private, Some-college, Married-civ-spouse, Exec-managerial, Husband, White, Male, United-States, <=50K
33.53716,82645.234,8.950351,-184.06549,-18.657106,38.8085, Private, HS-grad, Divorced, Handlers-cleaners, Not-in-family, White, Female, United-States, <=50K
21.988638,75443.79,7.033801,-144.09369,-32.808994,40.02614, Private, HS-grad, Never-married, Machine-op-inspct, Not-in-family, White, Male, United-States, <=50K
37.11512,95740.19,9.103886,1255.3936,1502.8495,13.679405, Private, HS-grad, Never-married, Tech-support, Unmarried, White, Female, United-States, <=50K
15.143697,172742.1,8.974784,345.91034,-33.665844,22.160679, Private, HS-grad, Never-married, Handlers-cleaners, Own-child, White, Male, United-States, <=50K
22.512203,453068.88,9.924613,-480.98322,11.246106,42.09454, State-gov, Some-college, Divorced, Protective-serv, Not-in-family, White, Female, United-States, <=50K
23.109331,161633.0,9.791578,402.38525,9.076161,46.538654, Private, Some-college, Married-civ-spouse, Tech-support, Other-relative, White, Male, United-States, >50K
25.048681,142601.05,9.971438,-35.718815,-7.1543226,42.32993, Private, Some-college, Never-married, Exec-managerial, Not-in-family, White, Female, United-States, <=50K
26.47026,330571.06,5.0161695,-104.04243,-8.803615,37.825203, Private, 10th, Never-married, Other-service, Unmarried, White, Female, United-States, <=50K
25.179245,321264.9,12.904304,1071.0121,5.2487,52.396, Private, Bachelors, Never-married, Sales, Own-child, White, Male, United-States, >50K
23.033062,316216.16,9.003057,-5.4907875,-6.180629,36.463497, Private, HS-grad, Never-married, Craft-repair, Not-in-family, White, Male, United-States, <=50K
40.336254,171741.88,13.00707,383.99554,-0.7997235,53.832397, Private, Bachelors, Married-civ-spouse, Exec-managerial, Husband, White, Male, United-States, <=50K
26.038986,246138.02,10.235903,135.02283,-24.403353,42.134663, Private, Some-college, Divorced, Other-service, Own-child, White, Female, United-States, <=50K
30.271923,53376.062,9.008081,45.557186,4.114064,39.432896, Private, HS-grad, Married-civ-spouse, Craft-repair, Husband, White, Male, United-States, <=50K
22.540062,327299.1,10.19312,133.33405,-10.295207,41.328514, Private, HS-grad, Never-married, Adm-clerical, Not-in-family, White, Female, United-States, <=50K
39.149086,390331.7,3.9923415,-632.58,-9.699672,28.79049, Private, 10th, Never-married, Machine-op-inspct, Not-in-family, White, Female, United-States, <=50K
79.755424,171331.28,9.099893,-492.52032,0.0714923,33.581814, ?, HS-grad, Widowed, ?, Not-in-family, White, Male, United-States, <=50K
49.363556,141957.06,9.827274,-13.8172035,38.293842,82.86785, Private, Some-college, Divorced, Sales, Not-in-family, White, Male, United-States, >50K
36.64218,228926.17,8.998486,-155.25812,-14.677691,39.44856, Private, HS-grad, Divorced, Other-service, Not-in-family, White, Female, United-States, <=50K
31.005228,311416.12,9.074459,57.728024,11.32861,40.675083, Private, HS-grad, Married-civ-spouse, Adm-clerical, Husband, White, Male, United-States, <=50K
44.162323,234322.81,5.9736595,-262.28986,1.3271762,41.87283, Private, Some-college, Married-civ-spouse, Other-service, Husband, White, Male, United-States, >50K
57.27216,55576.47,9.9521,73.87469,-8.993022,34.16674, Private, Some-college, Married-civ-spouse, Machine-op-inspct, Husband, White, Male, United-States, <=50K
32.892147,221945.8,9.904698,183.5982,-7.48524,43.373276, Private, Some-college, Never-married, Craft-repair, Not-in-family, White, Male, United-States, <=50K
33.166824,251876.12,8.955045,181.34729,-9.98566,35.63927, Private, HS-grad, Married-civ-spouse, Other-service, Husband, White, Male, United-States, >50K
24.547195,329708.7,11.908302,-298.20477,-14.667575,39.390213, Private, Assoc-acdm, Never-married, Prof-specialty, Own-child, White, Male, United-States, <=50K
35.852253,162467.7,8.460979,9234.124,-5.0693464,46.556732, Private, HS-grad, Never-married, Adm-clerical, Not-in-family, White, Male, United-States, >50K
52.40083,140183.56,12.580376,221.66766,15.221509,82.402794, ?, Bachelors, Married-civ-spouse, ?, Husband, White, Male, United-States, <=50K
37.004017,150949.84,9.002224,98.10314,10.45049,47.600086, Private, HS-grad, Married-civ-spouse, Sales, Husband, White, Male, United-States, >50K
24.927477,207065.72,11.12225,-52.536686,-0.8217343,46.11472, Private, Assoc-voc, Never-married, Adm-clerical, Own-child, White, Male, United-States, <=50K
26.484045,67799.586,12.975359,-692.25946,12.49928,36.635284, State-gov, Bachelors, Married-civ-spouse, Prof-specialty, Husband, White, Male, United-States, <=50K
41.354164,88505.06,9.975721,737.05304,0.7640735,43.134243, Private, Some-college, Divorced, Machine-op-inspct, Not-in-family, White, Female, United-States, <=50K
19.505056,300837.28,7.172053,-880.94183,-5.449008,18.55078, Private, 11th, Never-married, Exec-managerial, Own-child, White, Male, United-States, >50K
45.409657,116417.31,9.942212,53457.703,30.447062,44.010002, Private, Some-college, Married-civ-spouse, Protective-serv, Husband, White, Male, United-States, >50K
30.317368,169879.97,7.520218,9994.16,8.725469,41.396008, Private, 11th, Married-civ-spouse, Prof-specialty, Husband, White, Male, United-States, >50K
35.196903,211593.58,9.089669,75.26977,-5.924243,42.489002, Local-gov, HS-grad, Married-civ-spouse, Adm-clerical, Husband, White, Male, United-States, <=50K
30.829685,31045.312,9.986632,-570.029,4.5041475,38.7158, Private, Some-college, Married-civ-spouse, Craft-repair, Husband, White, Male, United-States, <=50K
26.35427,90940.94,9.064477,-266.88824,-25.291628,28.210854, Private, HS-grad, Never-married, Machine-op-inspct, Own-child, White, Female, United-States, <=50K
42.751423,201305.02,9.916374,29.788143,4.7305193,42.622116, Private, Some-college, Separated, Other-service, Not-in-family, White, Male, United-States, <=50K
21.39721,241834.69,8.986095,-197.78302,-13.470431,44.980427, Private, HS-grad, Never-married, Farming-fishing, Own-child, White, Male, United-States, <=50K
17.881207,124357.055,9.141975,-115.22553,-39.919926,15.911505, Private, HS-grad, Never-married, Other-service, Own-child, White, Female, United-States, <=50K
25.6805,35086.047,9.995178,-335.43976,-11.381854,36.23642, Private, Some-college, Married-civ-spouse, Adm-clerical, Not-in-family, White, Female, United-States, <=50K
56.50549,98375.82,8.868488,23.825985,-19.212984,42.741207, Self-emp-not-inc, HS-grad, Never-married, Other-service, Not-in-family, White, Female, United-States, <=50K
19.838648,511973.8,8.990907,-133.24591,-0.8377942,42.304737, Private, HS-grad, Never-married, Craft-repair, Other-relative, White, Male, United-States, <=50K
30.423618,-10792.858,9.060012,398.901,16.051954,43.85911, State-gov, HS-grad, Married-civ-spouse, Tech-support, Husband, White, Male, United-States, <=50K
33.646484,239964.52,9.11812,-214.63055,1941.856,46.45306, Private, HS-grad, Married-civ-spouse, Craft-repair, Husband, White, Male, United-States, >50K
35.709282,389348.9,9.844003,885.49927,27.793695,33.99545, ?, Some-college, Married-civ-spouse, ?, Husband, White, Male, United-States, >50K
42.3511,-9143.218,9.990483,1611.2153,5.7338457,36.28683, Private, Some-college, Married-civ-spouse, Prof-specialty, Husband, White, Male, United-States, <=50K
38.241486,142018.7,9.306581,-8.76923,-0.11825837,43.60605, Private, Assoc-acdm, Divorced, Prof-specialty, Not-in-family, White, Male, United-States, <=50K
40.180244,102510.59,9.056777,74.53625,16.258474,70.587875, Private, HS-grad, Married-civ-spouse, Craft-repair, Husband, White, Male, United-States, >50K
35.4622,130908.266,12.967476,-356.68158,4.9404345,40.33737, Private, Bachelors, Married-civ-spouse, Craft-repair, Husband, White, Male, United-States, <=50K
47.84329,139549.28,10.980918,64.39684,2.3599749,38.67404, Private, Assoc-voc, Married-civ-spouse, Other-service, Husband, White, Male, United-States, <=50K
32.125847,229971.03,7.1451993,88.630424,1.207471,40.615673, Private, 11th, Married-civ-spouse, Prof-specialty, Husband, White, Male, United-States, <=50K
26.637968,95401.234,11.618488,2001.3436,14.243901,54.27383, Private, Masters, Married-civ-spouse, Prof-specialty, Husband, White, Male, United-States, <=50K
26.89521,356755.56,12.755284,-135.55109,-13.635913,42.041145, Private, Bachelors, Never-married, Prof-specialty, Unmarried, White, Male, United-States, <=50K
26.539274,242191.56,9.204527,66.07256,1744.3062,40.835472, Self-emp-not-inc, HS-grad, Never-married, Adm-clerical, Other-relative, White, Female, United-States, <=50K
50.158623,267297.53,8.958091,-39.37836,-2.8536482,41.909466, Private, HS-grad, Married-civ-spouse, Prof-specialty, Husband, White, Male, United-States, <=50K
73.80979,79905.73,9.490719,132.45966,25.841951,53.322224, Private, HS-grad, Married-civ-spouse, Craft-repair, Husband, White, Male, United-States, >50K
49.85129,97480.58,8.976222,125.95098,-11.821681,45.50729, Private, HS-grad, Married-civ-spouse, Other-service, Husband, White, Male, United-States, <=50K
41.116276,283595.53,9.902528,1015.65497,18.748327,40.069675, Self-emp-not-inc, Some-college, Married-civ-spouse, Prof-specialty, Husband, White, Male, United-States, <=50K
23.975906,129981.48,7.1765122,438.23322,267.6254,34.549187, Private, 11th, Never-married, Machine-op-inspct, Own-child, White, Male, United-States, <=50K
39.82611,130374.914,9.097807,409.3988,2.8764162,55.135246, Private, HS-grad, Never-married, Machine-op-inspct, Not-in-family, White, Male, United-States, <=50K
44.33737,141459.05,9.065751,-359.68488,-2.319003,31.705841, ?, HS-grad, Divorced, ?, Not-in-family, White, Male, United-States, <=50K
21.401976,325296.16,7.9370904,-293.50397,-17.448069,30.650532, Private, HS-grad, Never-married, Transport-moving, Own-child, White, Male, United-States, <=50K
37.16652,95670.28,10.93592,698.0209,5.6283007,56.74224, Private, Assoc-voc, Married-civ-spouse, Machine-op-inspct, Husband, White, Male, United-States, <=50K
57.51406,82746.39,10.037488,-642.2764,17.410078,18.361145, Local-gov, Some-college, Married-civ-spouse, Adm-clerical, Wife, White, Female, United-States, <=50K
59.307377,107623.97,5.7247314,967.3218,-5.702533,41.229744, Private, 10th, Married-civ-spouse, Craft-repair, Husband, White, Male, United-States, <=50K
39.26267,75143.35,13.062771,566.3508,27.06309,38.98123, Local-gov, Bachelors, Married-civ-spouse, Prof-specialty, Husband, White, Male, United-States, >50K
30.421494,141433.5,9.128872,-10.313419,2.9500933,39.3402, State-gov, HS-grad, Married-civ-spouse, Adm-clerical, Husband, White, Male, United-States, <=50K
39.281166,204218.27,9.1288595,5217.075,-13.902347,37.0586, Private, HS-grad, Never-married, Craft-repair, Not-in-family, White, Female, United-States, <=50K
35.87424,61909.773,6.862663,165.14166,-12.128848,20.253462, Self-emp-not-inc, 11th, Never-married, Other-service, Own-child, White, Male, United-States, <=50K
41.384228,277537.62,13.76771,411.81543,5.5334215,39.892696, Private, Masters, Divorced, Adm-clerical, Not-in-family, White, Male, United-States, <=50K
41.719803,45936.39,12.852897,-776.90265,12.128148,43.213158, Federal-gov, Bachelors, Married-civ-spouse, Prof-specialty, Husband, White, Male, United-States, <=50K
45.420834,230742.02,7.952303,-463.2265,6.669751,39.635704, Private, 12th, Divorced, Prof-specialty, Not-in-family, White, Male, United-States, <=50K
43.743694,79497.03,8.955106,-19.347233,-3.6148634,33.99633, Private, HS-grad, Married-civ-spouse, Other-service, Husband, White, Male, United-States, >50K
30.69152,28284.156,9.937695,954.3878,1748.8204,58.562737, Local-gov, Some-college, Married-civ-spouse, Other-service, Husband, White, Male, United-States, >50K
27.23807,333959.38,9.920555,-78.38911,1.68913,42.208424, Private, Some-college, Married-civ-spouse, Craft-repair, Husband, White, Male, United-States, <=50K
31.005419,244235.61,10.042297,1602.2083,3.6657152,43.508068, Private, Some-college, Married-civ-spouse, Machine-op-inspct, Husband, White, Male, United-States, >50K
27.83879,548660.94,9.904004,-215.37445,21.442854,45.723988, Private, Some-college, Married-civ-spouse, Machine-op-inspct, Husband, White, Male, United-States, <=50K
54.9377,192598.84,3.9656339,289.72632,-3.8427916,33.31479, Private, 12th, Married-civ-spouse, Craft-repair, Husband, White, Male, United-States, <=50K
27.230446,66022.0,8.939948,-35.213444,-10.6997175,37.177326, Private, HS-grad, Never-married, Handlers-cleaners, Own-child, White, Male, United-States, <=50K
37.12627,145899.05,13.054629,361.39716,38.32629,58.18348, State-gov, Bachelors, Married-civ-spouse, Prof-specialty, Husband, White, Male, United-States, >50K
41.3972,148596.7,12.008484,492.03918,5.2228746,37.44258, Self-emp-not-inc, Assoc-acdm, Divorced, Craft-repair, Not-in-family, White, Male, United-States, <=50K
60.94005,55344.562,9.064384,147.84772,0.12160979,48.590107, Private, HS-grad, Married-civ-spouse, Adm-clerical, Husband, White, Male, United-States, <=50K
28.40461,88587.02,3.8849306,56.315975,-22.168192,36.10212, Private, 12th, Never-married, Handlers-cleaners, Own-child, White, Male, United-States, <=50K
53.00565,37070.016,10.077802,68.946465,23.97915,27.469028, Private, Some-college, Divorced, Prof-specialty, Not-in-family, White, Female, United-States, <=50K
49.36702,61397.086,12.475721,-247.09857,-1.3730878,42.636303, Private, Bachelors, Never-married, Machine-op-inspct, Not-in-family, White, Male, United-States, >50K
22.915728,317361.56,12.918365,1099.8733,-1.6440305,44.773838, Private, Bachelors, Never-married, Exec-managerial, Not-in-family, White, Male, United-States, >50K
40.689175,156641.28,9.008912,355.28906,-12.251636,44.027683, Private, HS-grad, Never-married, Exec-managerial, Not-in-family, White, Male, United-States, <=50K
37.411037,42990.953,9.984909,114.59911,10.2871065,41.86981, Private, Some-college, Married-civ-spouse, Craft-repair, Husband, White, Male, United-States, <=50K
42.89176,254859.64,9.005756,140.66064,22.419363,45.984154, Private, HS-grad, Married-civ-spouse, Craft-repair, Husband, White, Male, United-States, >50K
55.32668,181142.27,1.59974,176.72333,29.004183,44.997425, Private, Some-college, Married-civ-spouse, Craft-repair, Husband, White, Male, United-States, >50K
23.985228,246217.58,9.064124,15.368099,-15.364352,35.305233, Private, HS-grad, Never-married, Adm-clerical, Own-child, White, Male, United-States, <=50K
23.104149,114981.68,9.0942545,533.2618,69.46417,40.84435, Private, HS-grad, Married-civ-spouse, Craft-repair, Husband, White, Male, United-States, <=50K
22.055626,273718.72,13.019474,451.2323,-6.1013975,36.09401, Private, Bachelors, Married-civ-spouse, Sales, Husband, White, Male, United-States, <=50K
21.56071,214556.97,6.7419553,294.04065,-15.334735,28.32281, Private, 10th, Never-married, Craft-repair, Own-child, White, Male, United-States, <=50K
18.172583,305748.56,9.944915,358.6305,8.759152,41.405983, Private, Some-college, Never-married, Sales, Own-child, White, Female, United-States, <=50K
35.542885,167759.1,8.883282,-169.10602,-18.59723,37.942307, Private, HS-grad, Separated, Other-service, Not-in-family, White, Male, United-States, <=50K
49.3021,104425.02,14.420216,-162.85468,2026.1079,87.966354, Private, Masters, Married-civ-spouse, Prof-specialty, Husband, White, Male, United-States, >50K
42.544975,106017.62,8.963174,36.3775,4.072736,42.047924, Private, HS-grad, Married-civ-spouse, Transport-moving, Husband, White, Male, United-States, <=50K
40.776062,99283.086,8.918674,-626.97076,-31.29091,42.657284, Private, HS-grad, Divorced, Other-service, Own-child, White, Female, United-States, <=50K
31.574068,221043.62,12.892537,-20.653141,-35.166576,34.297882, Local-gov, Bachelors, Divorced, Other-service, Not-in-family, White, Female, United-States, <=50K
26.465242,380216.56,8.9755745,61.46185,-7.9204435,44.701122, Private, HS-grad, Married-civ-spouse, Farming-fishing, Husband, White, Male, United-States, <=50K
53.724087,128136.77,9.90481,112.60955,23.04273,66.780304, Private, Some-college, Married-civ-spouse, Exec-managerial, Husband, White, Male, United-States, >50K
29.041409,203967.27,6.7472434,-223.72565,5.6336946,44.902832, Private, 11th, Married-civ-spouse, Craft-repair, Husband, White, Male, United-States, <=50K
67.24291,-15377.812,3.9244056,71.66674,0.99953187,44.137608, ?, Some-college, Married-civ-spouse, ?, Husband, White, Male, United-States, >50K
59.194996,222887.64,3.8047762,27.087582,-19.81264,44.020687, Private, HS-grad, Widowed, Other-service, Other-relative, White, Female, United-States, <=50K
39.483837,73416.89,10.003722,187.99774,-17.285723,42.104008, Private, Some-college, Never-married, Handlers-cleaners, Own-child, White, Male, United-States, <=50K
33.29988,181735.06,9.088818,422.4649,0.6879703,44.5924, Private, HS-grad, Never-married, Adm-clerical, Unmarried, White, Female, United-States, <=50K
30.58935,73822.51,9.057626,1210.9359,-3.0253096,40.442146, Private, HS-grad, Married-civ-spouse, Machine-op-inspct, Husband, White, Male, United-States, <=50K
15.585046,240461.14,8.889022,-215.34882,-1.5288647,70.928856, Private, HS-grad, Never-married, Transport-moving, Own-child, White, Male, United-States, <=50K
38.378635,281950.34,8.645304,388.57465,-10.73154,33.01237, Private, HS-grad, Married-civ-spouse, Exec-managerial, Husband, White, Male, United-States, <=50K
17.021824,482205.8,10.914973,-249.65118,-0.08352937,28.40889, Private, Assoc-voc, Never-married, Craft-repair, Own-child, White, Male, United-States, <=50K
42.412132,368896.3,12.724531,147.93713,-13.209582,24.393194, State-gov, Assoc-acdm, Never-married, Adm-clerical, Not-in-family, White, Female, United-States, <=50K
41.0315,300546.25,13.011848,367.94604,11.198384,44.028275, Private, Bachelors, Married-civ-spouse, Adm-clerical, Husband, White, Male, United-States, <=50K
46.433376,229708.39,12.899505,240.74298,24.2203,81.2164, Private, Bachelors, Married-civ-spouse, Exec-managerial, Husband, White, Male, United-States, >50K
53.85302,-10023.437,10.212723,-127.18012,27.80723,58.715134, Self-emp-not-inc, Some-college, Divorced, Machine-op-inspct, Not-in-family, White, Male, United-States, <=50K
16.432228,321801.5,7.2153473,-103.86335,26.527548,28.973354, Local-gov, 11th, Never-married, Protective-serv, Own-child, White, Female, United-States, <=50K
23.327023,418506.34,11.922615,-74.343575,8.138356,30.959528, Private, Assoc-acdm, Never-married, Adm-clerical, Own-child, White, Female, United-States, <=50K
28.196886,55466.25,10.250807,-80.00849,-37.420063,16.035719, Private, Assoc-voc, Divorced, Protective-serv, Own-child, White, Female, United-States, <=50K
44.932625,375509.53,9.006655,553.50366,18.629293,50.06546, Private, HS-grad, Divorced, Handlers-cleaners, Not-in-family, White, Male, United-States, <=50K
41.446938,127194.49,13.623553,125.123405,14.843282,40.75463, Private, Masters, Married-civ-spouse, Prof-specialty, Husband, White, Female, United-States, >50K
50.865913,149772.45,13.074772,10612.104,8.628148,41.37771, Private, Bachelors, Divorced, Exec-managerial, Not-in-family, White, Female, United-States, >50K
25.517105,121384.43,7.158391,-1.7842448,5.5819826,53.62745, Private, 11th, Never-married, Prof-specialty, Own-child, White, Male, United-States, >50K
21.840668,59027.367,9.889199,1540.1877,18.699202,42.118546, Private, Some-college, Never-married, Sales, Not-in-family, White, Female, United-States, <=50K
15.926192,261050.44,9.8740015,184.3883,-2.8359632,24.81574, Private, Some-college, Never-married, Sales, Own-child, White, Female, United-States, <=50K
25.021326,239610.25,9.809087,2385.9202,4.9822206,47.540573, Private, Some-college, Divorced, Sales, Not-in-family, White, Male, United-States, <=50K
27.953205,204933.84,8.973144,-140.08649,-31.394938,35.057667, Private, HS-grad, Never-married, Adm-clerical, Other-relative, White, Male, United-States, <=50K
31.0276,137575.78,9.320751,-347.9466,35.532303,38.003746, State-gov, 11th, Married-civ-spouse, Adm-clerical, Husband, White, Male, United-States, >50K
41.983986,294991.4,12.056087,8427.334,39.79575,47.235386, Local-gov, Assoc-acdm, Married-civ-spouse, Craft-repair, Husband, White, Male, United-States, >50K
60.622612,147546.88,9.904738,8.408749,25.93144,45.73336, Private, Some-college, Divorced, Other-service, Not-in-family, White, Male, United-States, >50K
24.911264,139845.16,9.098907,57.43652,-22.962343,36.448204, Private, HS-grad, Never-married, Craft-repair, Not-in-family, White, Female, United-States, <=50K
35.784897,239819.77,9.962622,896.4672,16.00566,41.723293, Private, Some-college, Married-civ-spouse, Machine-op-inspct, Husband, White, Male, United-States, >50K
30.437517,75893.02,9.063647,359.88635,-7.431201,41.415714, Private, HS-grad, Married-civ-spouse, Other-service, Husband, White, Male, United-States, <=50K
33.84676,280040.62,8.996959,-293.93463,-6.783168,44.40123, Private, HS-grad, Married-civ-spouse, Prof-specialty, Husband, White, Male, United-States, <=50K
55.974136,129238.516,9.0105915,117.635735,2554.0105,49.705482, Private, HS-grad, Married-civ-spouse, Exec-managerial, Husband, White, Male, United-States, >50K
46.60509,140282.31,12.836607,-593.27423,5.7932863,1.9005984, Local-gov, Bachelors, Married-civ-spouse, Prof-specialty, Wife, White, Female, United-States, <=50K
56.12642,154041.75,5.864795,-372.86957,-17.828043,40.581543, Private, 10th, Never-married, Machine-op-inspct, Not-in-family, White, Female, United-States, <=50K
37.353394,156983.98,10.2134495,2092.1223,51.292942,38.29206, Private, Some-college, Separated, Prof-specialty, Not-in-family, White, Female, United-States, >50K
63.62095,215383.34,9.074119,171.00745,5.9450884,39.361015, Private, HS-grad, Married-civ-spouse, Adm-clerical, Husband, White, Male, United-States, >50K
51.129135,126078.94,14.069793,24.079891,10.818349,27.026678, Local-gov, Masters, Married-civ-spouse, Prof-specialty, Husband, White, Male, United-States, <=50K
46.574497,177040.16,9.876736,-275.57172,-0.9015225,36.211456, Private, Some-college, Divorced, Other-service, Not-in-family, White, Female, United-States, <=50K
57.745266,113823.164,12.709387,-462.24957,9.236531,61.876205, Private, Assoc-acdm, Married-civ-spouse, Sales, Husband, White, Male, United-States, <=50K
24.894657,321459.62,6.627379,-477.47064,6.0253954,45.18993, Private, 11th, Divorced, Adm-clerical, Own-child, White, Female, United-States, <=50K
69.755684,308467.8,9.0033,108.07098,-6.761409,42.290535, Private, HS-grad, Widowed, Adm-clerical, Own-child, White, Female, United-States, <=50K
28.06994,122011.76,9.93644,76.28149,-15.499347,51.11749, Private, Some-college, Never-married, Sales, Own-child, White, Male, United-States, <=50K
62.03407,62603.445,8.9870405,-185.25336,-12.111667,50.589405, Private, HS-grad, Married-civ-spouse, Sales, Husband, White, Male, United-States, <=50K
30.37782,543609.2,8.907123,120.06054,-8.380702,31.92165, Private, HS-grad, Never-married, Other-service, Not-in-family, White, Female, United-States, <=50K
62.82519,99386.34,9.053636,-156.65717,2.6086016,26.74369, Private, HS-grad, Married-civ-spouse, Craft-repair, Husband, White, Male, United-States, <=50K
23.909187,181434.17,13.49114,-342.80316,8.731793,46.810097, Private, Bachelors, Never-married, Adm-clerical, Own-child, White, Female, United-States, <=50K
30.285204,170583.72,9.966111,152.54077,18.78906,41.063778, Private, Some-college, Married-civ-spouse, Craft-repair, Husband, White, Male, United-States, <=50K
25.50366,138192.38,9.440026,2534.6807,-25.260561,43.08517, ?, HS-grad, Never-married, Prof-specialty, Unmarried, White, Female, United-States, <=50K
34.08341,127103.35,13.207659,89.514885,-6.095729,42.811317, Private, Bachelors, Married-civ-spouse, Other-service, Husband, White, Male, United-States, <=50K
42.034428,233179.36,9.760543,49.581844,-1.3240079,41.909412, Private, HS-grad, Married-civ-spouse, Sales, Husband, White, Male, United-States, <=50K
23.624268,141576.02,9.010426,644.4093,-18.218065,43.95972, Self-emp-inc, HS-grad, Never-married, Adm-clerical, Own-child, White, Male, United-States, <=50K
37.304455,387689.9,10.858217,193.84332,2.1476488,38.867676, Private, Assoc-voc, Married-civ-spouse, Machine-op-inspct, Husband, White, Male, United-States, <=50K
41.53832,351609.88,15.022887,364.88885,37.175533,54.54121, Private, Assoc-acdm, Married-civ-spouse, Adm-clerical, Husband, White, Male, United-States, >50K
20.092484,200710.89,10.034783,201.31189,1.3312274,28.891298, Local-gov, Some-college, Never-married, Adm-clerical, Own-child, White, Male, United-States, <=50K
34.125767,174023.61,8.963668,105.52001,-19.99978,41.279648, Private, HS-grad, Divorced, Machine-op-inspct, Unmarried, White, Female, United-States, <=50K
28.130533,333921.62,8.997733,108.39953,-1.8550748,32.71807, Private, HS-grad, Never-married, Craft-repair, Own-child, White, Male, United-States, <=50K
39.62862,6841.688,9.914305,-250.5202,-1.3818005,49.18374, Private, Some-college, Married-civ-spouse, Transport-moving, Husband, White, Male, United-States, <=50K
47.55113,127936.13,14.234634,6440.24,33.799034,58.744453, Private, Masters, Married-civ-spouse, Prof-specialty, Husband, White, Male, United-States, >50K
27.699038,235335.0,13.061615,352.98645,1519.3857,35.51769, State-gov, Bachelors, Divorced, Prof-specialty, Not-in-family, White, Female, United-States, <=50K
38.822144,352734.22,9.960783,-194.47577,2.6642275,43.942757, Private, Some-college, Married-civ-spouse, Craft-repair, Husband, White, Male, United-States, <=50K
35.762054,143130.16,9.67566,184.63416,1931.7235,76.27712, Private, Some-college, Married-civ-spouse, Exec-managerial, Husband, White, Male, United-States, >50K
42.706,154344.45,12.81052,21.664364,2079.4998,67.16426, Private, Bachelors, Married-civ-spouse, Prof-specialty, Husband, White, Male, United-States, >50K
32.9243,134021.83,8.94866,374.88654,-16.445368,39.431965, Private, HS-grad, Never-married, Transport-moving, Own-child, White, Male, United-States, <=50K
43.088116,164170.56,9.98711,-174.12372,2.4189348,41.706867, Private, Some-college, Married-civ-spouse, Tech-support, Husband, White, Male, United-States, >50K
33.94967,212924.95,9.052356,21.393734,-31.920053,36.23662, Private, HS-grad, Never-married, Machine-op-inspct, Not-in-family, White, Female, United-States, <=50K
36.939987,165327.98,7.719789,-814.36444,-12.207133,48.49904, Private, 12th, Married-civ-spouse, Transport-moving, Husband, White, Male, United-States, <=50K
41.49773,224747.92,9.037547,375.2672,-5.859248,41.543015, Private, HS-grad, Divorced, Craft-repair, Unmarried, White, Male, United-States, <=50K
46.660316,95571.48,8.925664,156.75018,-11.121806,35.801655, Private, HS-grad, Married-civ-spouse, Other-service, Husband, White, Male, United-States, <=50K
36.905144,400496.6,2.8849597,-153.5257,-2.531024,47.00325, Private, HS-grad, Married-civ-spouse, Craft-repair, Other-relative, White, Male, United-States, <=50K
19.494452,202597.86,9.064985,-240.76898,-8.278186,32.801655, Private, HS-grad, Never-married, Machine-op-inspct, Own-child, White, Female, United-States, <=50K
33.074368,152956.52,12.048213,-391.16083,3.3339586,38.07663, Private, Assoc-acdm, Divorced, Sales, Not-in-family, White, Female, United-States, <=50K
17.93238,12234.095,6.8340955,-382.8294,-15.0889845,34.793114, Private, 11th, Never-married, Craft-repair, Own-child, White, Male, United-States, <=50K
29.047571,232716.66,8.974781,175.21594,-15.954852,29.347916, Private, HS-grad, Never-married, Tech-support, Not-in-family, White, Male, United-States, <=50K
53.490692,132415.8,13.379273,73217.125,44.173336,36.21931, Self-emp-not-inc, Assoc-acdm, Married-civ-spouse, Craft-repair, Husband, White, Male, United-States, >50K
43.360847,89713.8,11.179986,-459.98016,1784.1812,40.68916, Private, Bachelors, Never-married, Craft-repair, Not-in-family, White, Male, United-States, <=50K
15.3872385,168118.38,9.004639,-81.26728,-19.3714,25.96975, Private, HS-grad, Never-married, Other-service, Own-child, White, Male, United-States, <=50K
32.09848,329265.1,9.899998,-189.88641,15.514401,32.69383, Private, Some-college, Divorced, Machine-op-inspct, Not-in-family, White, Female, United-States, <=50K
18.102968,164998.83,9.066538,14.494808,-3.9957228,45.617752, Private, HS-grad, Never-married, Adm-clerical, Own-child, White, Female, United-States, <=50K
47.24724,174652.58,9.076632,-146.90765,-12.932551,37.41319, Private, HS-grad, Married-civ-spouse, Machine-op-inspct, Husband, White, Male, United-States, <=50K
43.884853,124428.5,9.583583,-555.8121,2.6812716,50.039787, Private, Some-college, Married-civ-spouse, Transport-moving, Husband, White, Male, United-States, >50K
61.33071,407626.22,9.058172,505.7436,14.3476305,51.89485, Private, HS-grad, Divorced, Adm-clerical, Not-in-family, White, Female, United-States, <=50K
23.072357,118447.164,8.9949465,61.89752,-25.987741,30.186758, Private, HS-grad, Never-married, Other-service, Not-in-family, White, Female, United-States, <=50K
30.789984,125160.44,12.970557,-171.38043,-2.8823118,35.523495, Private, Bachelors, Married-civ-spouse, Prof-specialty, Husband, White, Male, United-States, <=50K
31.181501,164823.55,13.053004,282.50897,-18.398684,55.08358, Private, Bachelors, Never-married, Prof-specialty, Own-child, White, Male, United-States, <=50K
44.663296,215668.94,12.935527,37.77728,29.825617,46.412537, Private, Bachelors, Married-civ-spouse, Craft-repair, Husband, White, Male, United-States, >50K
33.3083,136242.61,5.5669703,88.034294,-17.033228,21.66009, ?, Some-college, Divorced, ?, Unmarried, White, Female, United-States, <=50K
36.664803,159547.7,8.914944,-16.311954,-2.0360746,58.01559, Private, HS-grad, Divorced, Transport-moving, Not-in-family, White, Female, United-States, <=50K
41.606766,130997.625,9.0156,-185.21967,2.2201128,40.27958, Private, HS-grad, Married-civ-spouse, Craft-repair, Husband, White, Male, United-States, <=50K
32.50689,92711.21,11.715839,2647.8254,4.2706194,49.89095, Private, Bachelors, Married-civ-spouse, Transport-moving, Husband, White, Male, United-States, >50K
34.397755,70156.55,8.986479,-1146.8625,1958.3734,12.600479, Private, HS-grad, Married-civ-spouse, Other-service, Wife, White, Female, United-States, <=50K
70.31045,273560.25,6.000793,1851.0013,0.3421222,38.764988, Self-emp-not-inc, 12th, Married-civ-spouse, Craft-repair, Husband, White, Male, United-States, <=50K
42.457718,104375.6,9.055412,-283.721,-20.970812,26.673725, Private, HS-grad, Divorced, Craft-repair, Not-in-family, White, Female, United-States, <=50K
38.1607,297206.62,9.113068,-128.1706,-1.2791928,47.55672, Private, HS-grad, Divorced, Adm-clerical, Unmarried, White, Female, United-States, <=50K
34.5545,107614.21,11.037558,6117.036,19.535765,48.585083, Private, Assoc-voc, Married-civ-spouse, Exec-managerial, Husband, White, Male, United-States, >50K
41.03822,156257.16,13.118101,286.5829,57.277065,31.448055, Private, Bachelors, Married-civ-spouse, Exec-managerial, Husband, White, Male, United-States, >50K
34.887074,438220.97,9.975371,49.3847,27.70659,71.101, Private, HS-grad, Married-civ-spouse, Sales, Husband, White, Male, United-States, >50K
41.57121,164017.9,14.01644,137.70245,-5.9271116,44.01995, Private, Masters, Never-married, Sales, Not-in-family, White, Female, United-States, <=50K
33.91226,181571.88,9.961787,875.6494,16.392569,46.99333, ?, Some-college, Married-civ-spouse, ?, Husband, White, Male, United-States, >50K
27.251701,167328.58,9.277054,3.6135824,-9.234431,38.73668, Private, HS-grad, Never-married, Other-service, Not-in-family, White, Male, United-States, <=50K
31.214546,324505.6,9.139944,2852.423,-8.484927,42.44645, Private, HS-grad, Separated, Sales, Unmarried, White, Male, United-States, <=50K
24.63802,165124.89,8.969939,-196.93109,-27.927187,37.618168, Private, HS-grad, Divorced, Other-service, Not-in-family, White, Male, United-States, <=50K
20.464214,357791.88,8.938769,162.11328,-13.702075,46.655556, Private, HS-grad, Never-married, Other-service, Not-in-family, White, Male, United-States, <=50K
55.73877,75618.87,11.707694,6326.3325,27.115396,44.45733, Private, Bachelors, Married-civ-spouse, Exec-managerial, Husband, White, Male, United-States, >50K
34.33536,135320.23,10.563759,-883.8403,-4.526042,4.957094, Private, Assoc-voc, Divorced, Other-service, Own-child, White, Female, United-States, <=50K
43.344547,159503.7,9.231341,-88.44392,8.47099,40.032055, Private, HS-grad, Married-civ-spouse, Craft-repair, Husband, White, Male, United-States, >50K
32.238186,508748.94,9.847084,722.1182,-14.445987,40.464123, Private, Some-college, Separated, Machine-op-inspct, Unmarried, White, Female, United-States, <=50K
23.13441,245927.5,9.780437,17.51788,-24.997751,34.839165, Private, Some-college, Never-married, Transport-moving, Other-relative, White, Male, United-States, <=50K
18.993145,295394.38,9.919394,382.54236,5.2272387,52.034378, ?, Some-college, Never-married, ?, Own-child, White, Male, United-States, <=50K
38.727974,289392.06,9.912271,178.62048,1499.54,36.349625, Private, Some-college, Separated, Other-service, Unmarried, White, Female, United-States, <=50K
41.52536,145313.48,9.078236,39.99017,-6.70383,33.498917, Private, HS-grad, Married-civ-spouse, Exec-managerial, Husband, White, Male, United-States, <=50K
36.9532,261409.56,9.073385,786.73486,4.2198915,44.854206, Private, HS-grad, Married-civ-spouse, Craft-repair, Husband, White, Male, United-States, >50K
36.767452,131758.98,9.044211,-90.62507,-2.3539686,45.376183, Private, HS-grad, Married-civ-spouse, Machine-op-inspct, Husband, White, Male, United-States, <=50K
44.51077,233118.47,12.8404455,5017.1304,11.809514,50.70895, Private, Bachelors, Divorced, Exec-managerial, Unmarried, White, Female, United-States, >50K
28.202206,138090.67,8.9627,-231.88568,-21.61323,41.51712, Private, HS-grad, Divorced, Exec-managerial, Not-in-family, White, Female, United-States, <=50K
20.098253,146129.97,8.992039,-320.44183,-21.030077,32.012585, Private, HS-grad, Never-married, Other-service, Own-child, White, Female, United-States, <=50K
27.405817,35980.875,9.910337,2011.9896,27.55446,54.944466, Self-emp-not-inc, Some-college, Married-civ-spouse, Transport-moving, Husband, White, Male, United-States, >50K
36.165318,85259.36,13.133521,173.43213,20.642378,38.48758, Self-emp-not-inc, Bachelors, Married-civ-spouse, Machine-op-inspct, Husband, White, Male, United-States, <=50K
22.313972,233532.42,9.150214,337.69452,-11.26282,37.899437, Private, Assoc-voc, Never-married, Craft-repair, Not-in-family, White, Female, United-States, <=50K
55.65889,141615.7,8.805794,116459.75,15.51299,51.9782, Private, HS-grad, Married-civ-spouse, Exec-managerial, Husband, White, Male, United-States, >50K
40.340252,265244.38,12.652322,23803.916,0.2334796,46.083664, Private, Bachelors, Married-civ-spouse, Exec-managerial, Husband, White, Male, United-States, >50K
17.175468,4648.6567,12.996657,-1276.8127,-8.895007,37.744625, State-gov, Bachelors, Never-married, Sales, Not-in-family, White, Male, United-States, <=50K
21.90284,195260.5,12.038173,-168.57294,9.008641,38.406864, Private, Assoc-acdm, Never-married, Machine-op-inspct, Not-in-family, White, Female, United-States, <=50K
42.862583,255510.27,3.8637748,-529.7144,-20.5729,-0.23219883, Private, 10th, Separated, Craft-repair, Unmarried, White, Male, United-States, <=50K
34.390762,215562.28,11.046013,97.00793,11.371785,49.979607, ?, Assoc-voc, Married-civ-spouse, ?, Husband, White, Male, United-States, <=50K
30.024956,190102.27,10.961555,1.2069662,19.512075,61.53182, Self-emp-not-inc, Assoc-voc, Married-civ-spouse, Machine-op-inspct, Husband, White, Male, United-States, >50K
27.394295,243257.05,9.92235,1467.3644,-6.6670485,38.78361, Private, Some-college, Married-civ-spouse, Handlers-cleaners, Husband, White, Male, United-States, <=50K
30.656525,165551.67,11.05318,-100.2447,5.1818132,42.17247, Private, Assoc-voc, Never-married, Machine-op-inspct, Not-in-family, White, Female, United-States, <=50K
44.307426,153827.9,14.079141,-536.1076,1651.3883,40.442383, Self-emp-not-inc, Masters, Never-married, Craft-repair, Not-in-family, White, Male, United-States, <=50K
42.772232,180285.9,10.6433735,-100.64338,-0.7505444,42.93811, Private, Assoc-voc, Separated, Other-service, Unmarried, White, Female, United-States, <=50K
56.612503,141523.72,13.018266,-426.1396,-0.3363217,45.461357, Private, Bachelors, Married-civ-spouse, Sales, Husband, White, Male, United-States, <=50K
43.483154,140892.1,9.02639,14.639095,18.00704,46.96178, Private, HS-grad, Married-civ-spouse, Exec-managerial, Husband, White, Male, United-States, <=50K
29.10206,297568.34,9.019384,-143.25555,-9.316295,38.30397, Private, HS-grad, Divorced, Sales, Unmarried, White, Female, United-States, <=50K
41.17289,107657.71,6.683505,175.3009,-11.534717,43.34514, Private, 11th, Divorced, Craft-repair, Unmarried, White, Male, United-States, <=50K
45.316044,124705.61,8.942535,-114.3299,-8.08578,42.194725, Private, HS-grad, Never-married, Sales, Unmarried, White, Female, United-States, <=50K
31.101128,28740.188,9.002389,861.0821,1947.3204,15.967245, ?, HS-grad, Married-civ-spouse, Other-service, Wife, White, Female, United-States, <=50K
31.135471,247910.6,8.926639,124.93261,-14.456256,48.20947, Self-emp-inc, HS-grad, Never-married, Other-service, Unmarried, White, Male, United-States, <=50K
56.800873,164977.64,9.994358,6549.675,28.867659,36.900784, Self-emp-not-inc, Some-college, Married-civ-spouse, Farming-fishing, Husband, White, Male, United-States, >50K
59.396072,175861.94,8.917641,-250.72284,2457.0857,44.733482, Private, HS-grad, Married-civ-spouse, Machine-op-inspct, Husband, White, Male, United-States, >50K
52.63566,150243.53,11.903422,317.58044,20.814726,48.22185, Private, Assoc-acdm, Married-civ-spouse, Prof-specialty, Husband, White, Male, United-States, >50K
26.735775,174135.48,12.888754,379.90448,-9.749988,36.997166, Private, Bachelors, Divorced, Other-service, Not-in-family, White, Male, United-States, <=50K
31.152805,413889.03,8.93523,-120.25153,0.39489472,31.498535, Private, HS-grad, Married-civ-spouse, Other-service, Husband, White, Male, United-States, <=50K
29.318974,196242.36,9.096138,-564.4146,-18.594568,32.576645, Private, HS-grad, Widowed, Adm-clerical, Not-in-family, White, Female, United-States, <=50K
53.89199,273812.3,9.855087,385.56244,22.717878,43.08012, Self-emp-not-inc, Some-college, Married-civ-spouse, Sales, Husband, White, Male, United-States, <=50K
51.008694,156645.38,9.966405,-209.62286,0.6365787,25.641518, Private, Some-college, Divorced, Exec-managerial, Unmarried, White, Female, United-States, >50K
48.152935,98330.74,10.95197,-169.71979,-10.420558,46.739212, Private, Assoc-voc, Married-civ-spouse, Prof-specialty, Husband, White, Male, United-States, <=50K
33.133427,117450.72,13.267902,-1269.8081,1397.5565,13.853289, State-gov, Bachelors, Married-civ-spouse, Other-service, Wife, White, Female, United-States, >50K
23.092848,167564.02,11.061347,35.255367,7.099347,39.193428, Private, Assoc-voc, Never-married, Adm-clerical, Own-child, White, Female, United-States, <=50K
32.253765,130414.375,9.530121,-83.60078,14.941724,64.36015, Private, HS-grad, Married-civ-spouse, Prof-specialty, Husband, White, Male, United-States, >50K
26.037151,197703.86,5.752894,-351.44867,18.117834,55.701237, Private, 10th, Married-civ-spouse, Craft-repair, Husband, White, Male, United-States, <=50K
31.178377,109457.73,9.935084,2044.797,4.1391344,94.50373, Private, Some-college, Married-civ-spouse, Transport-moving, Husband, White, Male, United-States, >50K
33.591442,151079.0,13.054778,-563.48114,-4.9007673,42.0403, Private, Bachelors, Married-civ-spouse, Protective-serv, Husband, White, Male, United-States, >50K
35.820793,373846.66,9.097918,19.692074,-4.178439,47.04224, Private, HS-grad, Married-civ-spouse, Prof-specialty, Husband, White, Male, United-States, <=50K
20.455387,125222.0,11.457018,-141.20673,-20.441637,29.097353, Local-gov, Assoc-acdm, Never-married, Craft-repair, Own-child, White, Male, United-States, <=50K
21.137495,426968.1,7.341065,385.2708,-9.374103,39.45011, Private, 11th, Never-married, Sales, Own-child, White, Male, United-States, <=50K
35.546444,236197.05,9.942983,60.188107,10.690816,54.992687, Private, Some-college, Married-civ-spouse, Sales, Husband, White, Male, United-States, <=50K
20.971695,56264.22,9.330819,-142.97223,63.156887,-4.711382, State-gov, Assoc-voc, Never-married, Sales, Not-in-family, White, Female, United-States, <=50K
43.327923,84852.15,3.6571102,-23.812199,-17.997355,14.11249, Private, 12th, Never-married, Adm-clerical, Not-in-family, White, Female, United-States, <=50K
43.441357,178070.28,9.957057,945.24927,18.544722,54.204792, Self-emp-not-inc, Some-college, Married-civ-spouse, Sales, Husband, White, Male, United-States, <=50K
47.731335,75508.055,10.7562,-414.72137,2.4675035,37.01214, Private, Assoc-voc, Married-civ-spouse, Prof-specialty, Husband, White, Male, United-States, <=50K
25.275763,130653.15,9.716324,-579.70746,-3.9998121,47.288486, Private, HS-grad, Married-civ-spouse, Other-service, Husband, White, Male, United-States, <=50K
35.13984,219720.67,9.928917,16.742733,15.103986,60.577557, Private, Some-college, Married-civ-spouse, Craft-repair, Husband, White, Male, United-States, >50K
42.38391,44040.78,12.916442,-488.21857,-4.793933,25.133001, Private, Bachelors, Divorced, Exec-managerial, Not-in-family, White, Male, United-States, <=50K
29.29071,208585.33,9.064089,-65.45527,-4.367152,44.72356, Local-gov, HS-grad, Married-civ-spouse, Protective-serv, Husband, White, Male, United-States, <=50K
33.83289,124088.59,10.74831,-385.2619,9.969968,41.501827, Private, Some-college, Divorced, Machine-op-inspct, Not-in-family, White, Female, United-States, <=50K
30.396301,138252.39,8.985725,2821.918,-7.806979,40.399105, Private, HS-grad, Never-married, Craft-repair, Not-in-family, White, Female, United-States, >50K
24.266802,143806.86,7.15479,376.88837,10.732312,56.642784, Private, 10th, Never-married, Farming-fishing, Other-relative, White, Male, United-States, <=50K
28.36011,145407.19,12.901468,95.39568,-10.192538,21.83761, Private, Bachelors, Never-married, Other-service, Not-in-family, White, Male, United-States, <=50K
28.634233,64717.28,11.022388,-1215.074,-2.2817564,33.401127, Federal-gov, Assoc-voc, Married-civ-spouse, Other-service, Not-in-family, White, Female, United-States, <=50K
66.17937,92566.08,9.903084,39.7207,35.756706,46.389305, Private, Some-college, Married-civ-spouse, Transport-moving, Husband, White, Male, United-States, >50K
62.559868,168310.17,9.923382,269.85522,9.292226,52.02785, State-gov, HS-grad, Married-civ-spouse, Prof-specialty, Husband, White, Male, United-States, <=50K
65.61465,292812.9,12.99227,168.98718,8.384099,43.979458, Private, Bachelors, Married-civ-spouse, Sales, Husband, White, Male, United-States, <=50K
33.85902,267435.88,10.500329,1111.3551,14.355298,49.560978, Private, Assoc-voc, Separated, Exec-managerial, Unmarried, White, Male, United-States, <=50K
73.02594,96688.164,14.131405,179.74585,53.35459,41.90458, Self-emp-not-inc, Masters, Married-civ-spouse, Prof-specialty, Husband, White, Male, United-States, >50K
37.56974,88280.68,7.8461776,610.16656,12.584325,39.55896, Self-emp-not-inc, Some-college, Married-civ-spouse, Craft-repair, Husband, White, Male, United-States, >50K
36.459652,231939.81,8.910662,-484.96027,6.610257,30.659101, Private, HS-grad, Never-married, Farming-fishing, Own-child, White, Female, United-States, <=50K
31.663588,88479.805,9.072568,-5.302189,6.787999,45.666912, Private, HS-grad, Married-civ-spouse, Other-service, Wife, White, Female, United-States, <=50K
19.53066,84795.695,9.733423,226.17395,-8.35184,38.31253, Private, Some-college, Never-married, Machine-op-inspct, Unmarried, White, Female, United-States, <=50K
29.126888,114312.875,9.241324,-308.4156,2083.8274,42.830738, Private, HS-grad, Married-civ-spouse, Craft-repair, Husband, White, Male, United-States, <=50K
59.52026,81657.91,9.049656,-1170.1174,5.5660067,32.944363, Federal-gov, HS-grad, Married-civ-spouse, Adm-clerical, Husband, White, Male, United-States, <=50K
37.065517,130052.32,9.980506,-50.990177,11.016553,45.050404, Private, Some-college, Married-civ-spouse, Craft-repair, Husband, White, Male, United-States, >50K
30.643656,193079.3,9.913509,346.80426,-6.4435453,31.417519, Self-emp-not-inc, Some-college, Never-married, Machine-op-inspct, Own-child, White, Female, United-States, <=50K
21.065523,137901.75,8.586368,28.26263,-19.433275,32.42897, Self-emp-not-inc, HS-grad, Never-married, Craft-repair, Unmarried, White, Female, United-States, <=50K
51.24239,258548.1,8.927138,906.3666,12.199361,39.955246, Private, HS-grad, Married-civ-spouse, Adm-clerical, Husband, White, Male, United-States, >50K
48.814266,231596.19,6.8608193,-1121.0647,1830.7814,-2.1552641, Private, 11th, Widowed, Exec-managerial, Not-in-family, White, Male, United-States, <=50K
38.80186,159795.4,9.028789,98.783195,-11.248553,43.2848, Private, HS-grad, Never-married, Transport-moving, Own-child, White, Male, United-States, <=50K
38.42072,258128.98,9.022118,-1195.011,-34.006283,48.9963, Private, HS-grad, Married-civ-spouse, Other-service, Other-relative, White, Female, United-States, <=50K
45.030865,340482.78,11.003006,-174.05829,13.157231,51.91851, ?, Assoc-voc, Married-civ-spouse, ?, Husband, White, Male, United-States, <=50K
31.305956,320727.16,7.4665112,-183.65045,31.335669,53.590206, Private, 11th, Married-civ-spouse, Prof-specialty, Husband, White, Male, United-States, >50K
36.12497,194177.22,9.877289,2183.8638,7.050046,33.410202, Private, Some-college, Never-married, Other-service, Not-in-family, White, Female, United-States, <=50K
62.281506,259191.75,9.922732,1.2399251,19.946592,45.158318, Private, Some-college, Divorced, Exec-managerial, Not-in-family, White, Female, United-States, <=50K
19.735416,167242.44,7.1104884,80.61852,-8.037417,39.640827, Private, 11th, Never-married, Sales, Own-child, White, Female, United-States, <=50K
26.197046,436461.84,12.23143,620.8428,-27.48202,67.88122, Private, Bachelors, Never-married, Transport-moving, Other-relative, White, Male, United-States, <=50K
47.61304,67429.36,9.036946,-527.9122,-11.552531,56.529236, Private, HS-grad, Widowed, Other-service, Not-in-family, White, Female, United-States, <=50K
39.287025,235327.56,9.012834,-30.853703,7.1879625,42.502773, Private, HS-grad, Married-civ-spouse, Craft-repair, Husband, White, Male, United-States, <=50K
31.273005,188468.97,12.531175,-338.64813,17.921286,40.05353, State-gov, Bachelors, Divorced, Exec-managerial, Not-in-family, White, Female, United-States, <=50K
39.8673,198238.56,8.951017,-136.63947,9.5761385,44.465393, Private, HS-grad, Married-civ-spouse, Prof-specialty, Husband, White, Male, United-States, <=50K
26.545172,267606.84,9.804636,405.14227,4.4073763,64.598785, Private, Some-college, Never-married, Other-service, Not-in-family, White, Male, United-States, >50K
35.306427,89004.195,9.089639,105.60754,-22.864267,48.605972, Private, HS-grad, Divorced, Machine-op-inspct, Not-in-family, White, Male, United-States, <=50K
48.481014,70184.414,9.005718,259.55945,-1.9104565,34.547672, Private, HS-grad, Married-civ-spouse, Other-service, Husband, White, Male, United-States, <=50K
30.353642,101777.805,9.888288,82.56829,3.2659273,52.794033, Private, Some-college, Married-civ-spouse, Transport-moving, Husband, White, Male, United-States, <=50K
27.889183,161031.19,12.942884,-87.0655,-0.44536102,43.17052, Self-emp-not-inc, Bachelors, Never-married, Exec-managerial, Not-in-family, White, Male, United-States, <=50K
16.3963,159393.7,9.051322,-43.483585,-8.58118,32.158535, Private, HS-grad, Never-married, Handlers-cleaners, Own-child, White, Female, United-States, <=50K
22.79437,230620.97,12.883334,312.88605,-5.0522337,39.26696, Private, Bachelors, Never-married, Machine-op-inspct, Not-in-family, White, Female, United-States, <=50K
39.140842,156908.89,9.023512,-177.2027,-11.478091,37.671524, Private, HS-grad, Divorced, Sales, Own-child, White, Female, United-States, <=50K
21.982002,182219.58,8.752889,387.85168,-6.285754,36.044434, Private, HS-grad, Never-married, Other-service, Not-in-family, White, Male, United-States, <=50K
32.831795,217259.47,11.128375,639.4918,51.33676,44.33231, Private, Assoc-voc, Married-civ-spouse, Prof-specialty, Wife, White, Female, United-States, >50K
35.43392,111993.05,12.368092,-423.06183,40.235115,101.27601, Self-emp-not-inc, Masters, Divorced, Farming-fishing, Not-in-family, White, Female, United-States, <=50K
27.698307,112571.53,9.97166,45.55499,4.219022,42.190372, Private, Some-college, Divorced, Prof-specialty, Not-in-family, White, Male, United-States, <=50K
56.024586,254814.97,9.034836,286.19373,20.296545,57.847805, Private, HS-grad, Married-civ-spouse, Exec-managerial, Husband, White, Male, United-States, >50K
38.808235,180516.25,13.944193,8048.5405,16.762465,44.985027, Private, Masters, Married-civ-spouse, Prof-specialty, Husband, White, Male, United-States, >50K
30.0475,278385.9,6.8716865,-209.0816,-20.978594,43.25771, Private, 10th, Never-married, Sales, Unmarried, White, Female, United-States, <=50K
49.196346,281692.3,6.5933685,382.18658,-14.150676,36.715797, Private, 11th, Divorced, Tech-support, Unmarried, White, Female, United-States, <=50K
20.078154,266010.22,9.888412,247.72247,-17.363497,5.424326, Self-emp-not-inc, Some-college, Never-married, Other-service, Own-child, White, Female, United-States, <=50K
29.516987,245725.7,9.047717,147.7807,2.6848192,45.735466, Private, HS-grad, Married-civ-spouse, Adm-clerical, Husband, White, Male, United-States, <=50K
31.951002,37641.97,8.951601,-112.33503,-16.664652,41.647114, Private, HS-grad, Never-married, Exec-managerial, Unmarried, White, Female, United-States, <=50K
30.752096,256949.58,9.067298,6.126766,36.434998,31.85601, State-gov, HS-grad, Married-civ-spouse, Adm-clerical, Husband, White, Male, United-States, >50K
25.149767,422282.16,8.898332,-358.70563,-10.706386,37.912636, Private, HS-grad, Never-married, Other-service, Unmarried, White, Male, United-States, <=50K
49.30296,153814.2,10.264547,19585.982,27.751173,40.817894, Private, Some-college, Married-civ-spouse, Machine-op-inspct, Husband, White, Male, United-States, <=50K
28.098057,143627.95,9.091538,119.268486,-26.764925,38.601547, Private, HS-grad, Never-married, Machine-op-inspct, Own-child, White, Male, United-States, <=50K
23.451824,566590.0,10.337075,680.51355,-6.8160963,55.576508, Federal-gov, Assoc-voc, Never-married, Transport-moving, Own-child, White, Female, United-States, <=50K
31.620028,137656.92,9.918664,202.64276,-8.519198,34.086403, Private, Some-college, Never-married, Exec-managerial, Not-in-family, White, Male, United-States, <=50K
42.279526,254400.45,9.023155,-83.197945,5.30898,38.792797, Private, HS-grad, Married-civ-spouse, Craft-repair, Husband, White, Male, United-States, <=50K
45.416676,88596.39,13.124369,-7.7318764,-8.20959,38.74941, Private, Bachelors, Married-civ-spouse, Exec-managerial, Husband, White, Male, United-States, <=50K
27.061813,301256.34,10.044098,155.41241,23.620893,44.720314, Private, Some-college, Never-married, Craft-repair, Unmarried, White, Male, United-States, >50K
51.891945,163861.64,13.032156,4155.7075,23.231314,47.84038, Self-emp-inc, Bachelors, Married-civ-spouse, Exec-managerial, Husband, White, Male, United-States, >50K
34.36788,54889.797,9.914403,-118.19965,2.8543978,42.694946, Private, Some-college, Married-civ-spouse, Exec-managerial, Husband, White, Male, United-States, <=50K
35.673435,263469.4,6.6045327,-656.4039,3.0998354,58.236332, Private, 11th, Never-married, Prof-specialty, Unmarried, White, Female, United-States, <=50K
54.345802,121131.984,9.933235,-236.95697,-4.9045362,43.850655, Private, Some-college, Separated, Sales, Not-in-family, White, Male, United-States, <=50K
26.910055,238952.64,9.903678,293.63007,-8.049029,46.42846, Self-emp-not-inc, Some-college, Never-married, Craft-repair, Not-in-family, White, Male, United-States, <=50K
35.850555,164723.75,13.766304,7110.921,24.544024,87.383545, Private, Masters, Married-civ-spouse, Prof-specialty, Husband, White, Male, United-States, >50K
64.08408,170220.22,8.939857,-274.32025,8.398381,43.95255, Private, HS-grad, Married-civ-spouse, Transport-moving, Husband, White, Male, United-States, <=50K
36.112976,196935.53,12.921781,114.01678,8.345616,45.293457, Private, Bachelors, Divorced, Craft-repair, Not-in-family, White, Male, United-States, <=50K
48.688053,78298.21,9.919448,156.33435,27.99867,45.449974, Private, Some-college, Married-civ-spouse, Exec-managerial, Husband, White, Male, United-States, >50K
14.810929,610894.6,7.2208343,855.03125,-15.663249,45.348465, Private, 12th, Never-married, Adm-clerical, Own-child, White, Female, United-States, <=50K
56.887978,143243.7,5.3453975,-298.2575,-19.298464,23.866621, Private, 10th, Divorced, Machine-op-inspct, Not-in-family, White, Female, United-States, <=50K
52.26413,351357.97,9.000884,75.73156,-5.870509,33.455704, Private, HS-grad, Married-civ-spouse, Handlers-cleaners, Husband, White, Male, United-States, <=50K
36.494095,69722.734,9.894357,331.32202,36.27163,40.878338, Self-emp-not-inc, Some-college, Married-civ-spouse, Prof-specialty, Husband, White, Male, United-States, <=50K
26.447105,239212.33,9.064812,1463.9043,-0.04508485,38.95037, Private, HS-grad, Married-civ-spouse, Craft-repair, Husband, White, Male, United-States, <=50K
62.553207,408919.53,8.984399,-493.4101,834.47986,38.370705, Private, HS-grad, Widowed, Other-service, Unmarried, White, Female, United-States, <=50K
57.63438,90802.375,11.159532,550.71106,-21.818361,24.396753, Local-gov, Assoc-voc, Married-civ-spouse, Adm-clerical, Husband, White, Male, United-States, <=50K
58.434883,145668.53,9.743618,-85.98432,14.624608,38.12359, Private, Some-college, Married-civ-spouse, Other-service, Husband, White, Male, United-States, <=50K
40.041073,52168.547,8.962489,646.0353,-11.40684,37.40679, Private, HS-grad, Divorced, Other-service, Unmarried, White, Female, United-States, >50K
27.31149,171052.67,9.0509815,-150.98431,4.8757296,40.589035, State-gov, HS-grad, Never-married, Craft-repair, Unmarried, White, Female, United-States, <=50K
31.001673,319112.34,9.820555,-117.158394,-19.577631,46.59869, Private, Some-college, Never-married, Adm-clerical, Other-relative, White, Female, United-States, <=50K
35.780457,153865.88,6.971362,-820.9268,-11.265094,19.231087, Private, 11th, Never-married, Transport-moving, Own-child, White, Male, United-States, <=50K
41.228123,19630.594,9.031696,-41.06696,-5.1518736,28.526983, Private, HS-grad, Never-married, Adm-clerical, Not-in-family, White, Female, United-States, <=50K
36.24621,206570.8,15.217407,573.9654,6.7071276,37.852093, Private, Bachelors, Married-civ-spouse, Prof-specialty, Husband, White, Male, United-States, >50K
32.01886,214264.88,9.019803,141.94397,-4.593829,51.292046, Private, HS-grad, Divorced, Exec-managerial, Not-in-family, White, Female, United-States, <=50K
48.56948,124922.836,9.0642605,-196.81476,-1.8826779,43.47002, Private, HS-grad, Divorced, Adm-clerical, Unmarried, White, Female, United-States, <=50K
34.431866,248271.25,12.928902,33.730404,-26.056978,38.011253, Private, Bachelors, Divorced, Sales, Other-relative, White, Male, United-States, <=50K
32.064125,538464.94,10.3710575,3244.4734,-3.7465315,44.9812, Private, Some-college, Married-civ-spouse, Craft-repair, Husband, White, Male, United-States, <=50K
29.996523,166623.89,9.908556,461.67493,-9.340968,48.43012, Private, Some-college, Never-married, Other-service, Not-in-family, White, Male, United-States, <=50K
38.17804,215256.19,9.194977,34.941586,39.139767,75.17976, Private, HS-grad, Married-civ-spouse, Farming-fishing, Husband, White, Male, United-States, >50K
37.155758,200160.78,11.105876,-479.91547,32.931557,62.289135, State-gov, Assoc-voc, Married-civ-spouse, Prof-specialty, Husband, White, Male, United-States, >50K
40.534092,156224.81,13.096407,10034.632,-0.28369415,43.56014, Private, Bachelors, Never-married, Prof-specialty, Not-in-family, White, Female, United-States, >50K
24.263908,237514.86,9.939255,346.30035,-17.942896,20.334501, Private, Some-college, Never-married, Other-service, Own-child, White, Male, United-States, <=50K
27.42606,165800.0,5.697036,621.40076,-24.369272,44.165234, Private, 10th, Never-married, Other-service, Not-in-family, White, Male, United-States, <=50K
37.380665,389237.25,13.243983,-452.79218,19.424932,41.021454, Federal-gov, Bachelors, Married-civ-spouse, Adm-clerical, Husband, White, Male, United-States, <=50K
38.42614,171013.45,3.0740032,-13.485661,-12.360942,46.53238, Private, 12th, Married-civ-spouse, Transport-moving, Husband, White, Male, United-States, <=50K
32.02864,76284.17,9.050841,920.8274,1183.8158,37.509468, Private, HS-grad, Never-married, Sales, Not-in-family, White, Female, United-States, <=50K
32.35142,311521.72,13.328177,371.26398,55.446785,49.54414, Private, Masters, Never-married, Adm-clerical, Own-child, White, Male, United-States, <=50K
19.48434,35426.97,8.774422,-461.21588,-44.652493,13.843481, Private, HS-grad, Never-married, Other-service, Own-child, White, Male, United-States, <=50K
53.531185,82799.94,12.796565,2219.2659,20.52844,49.145855, Self-emp-inc, Bachelors, Married-civ-spouse, Other-service, Husband, White, Male, United-States, <=50K
57.476913,177067.88,10.960973,-210.67242,9.015927,39.938408, Private, Assoc-voc, Divorced, Other-service, Not-in-family, White, Female, United-States, <=50K
26.821342,132631.83,12.950143,9387.477,9.733434,39.617264, Private, Bachelors, Never-married, Sales, Not-in-family, White, Male, United-States, >50K
21.702663,99042.86,9.799392,272.19043,1722.1465,56.9424, Private, Some-college, Never-married, Sales, Own-child, White, Male, United-States, <=50K
30.231007,1692.6881,12.488723,125.18621,7.23763,40.079514, Private, Masters, Never-married, Adm-clerical, Not-in-family, White, Male, United-States, >50K
33.24798,249629.03,7.2038455,156.95801,23.360033,40.91321, Private, 11th, Married-civ-spouse, Adm-clerical, Wife, White, Female, United-States, >50K
19.943678,178130.33,4.5115514,982.82196,-16.999857,45.654144, Private, Some-college, Never-married, Other-service, Own-child, White, Male, United-States, <=50K
21.621426,139803.64,8.350232,-267.99994,-11.359111,43.70249, Private, 12th, Never-married, Transport-moving, Own-child, White, Male, United-States, <=50K
40.39642,238646.92,9.851674,351.12427,-6.2162046,41.20107, Private, Some-college, Never-married, Exec-managerial, Not-in-family, White, Male, United-States, <=50K
48.780342,146183.48,7.348561,699.82996,-0.61184967,43.33558, Private, 12th, Divorced, Craft-repair, Husband, White, Male, United-States, >50K
35.264225,-6350.984,10.888607,434.22107,-1.8926343,46.372482, State-gov, Assoc-voc, Divorced, Other-service, Unmarried, White, Female, United-States, <=50K
40.36566,255995.44,6.854064,3.9854085,-5.014079,35.210255, Private, 11th, Married-civ-spouse, Other-service, Husband, White, Male, United-States, <=50K
32.516865,81518.63,11.911322,-177.45245,-6.8192472,31.99351, Private, Assoc-acdm, Separated, Exec-managerial, Not-in-family, White, Male, United-States, <=50K
46.45678,117128.2,9.0456085,154.29388,10.298528,53.286705, Private, HS-grad, Married-civ-spouse, Craft-repair, Husband, White, Male, United-States, <=50K
51.879883,196536.66,9.011544,-105.18745,12.794309,46.814484, Private, HS-grad, Married-civ-spouse, Craft-repair, Husband, White, Male, United-States, <=50K
23.220085,220411.97,10.353115,-368.3432,-25.588785,37.50995, Private, Some-college, Never-married, Adm-clerical, Other-relative, White, Female, United-States, <=50K
43.763443,79620.266,13.001389,481.57288,18.60642,36.483524, Private, Bachelors, Married-civ-spouse, Tech-support, Husband, White, Male, United-States, >50K
49.43556,237811.75,10.262432,592.3652,10.315595,47.417957, Self-emp-not-inc, Some-college, Married-civ-spouse, Craft-repair, Husband, White, Male, United-States, >50K
59.145256,144667.97,13.212694,-360.33685,29.879248,30.737112, Self-emp-inc, Bachelors, Married-civ-spouse, Sales, Wife, White, Female, United-States, <=50K
40.08354,356599.25,14.169388,196.69855,12.86131,47.35019, Federal-gov, Masters, Married-civ-spouse, Exec-managerial, Husband, White, Male, United-States, >50K
39.74627,34608.703,12.86746,3929.6145,24.6416,50.087784, Private, Bachelors, Married-civ-spouse, Exec-managerial, Husband, White, Male, United-States, >50K
47.59355,98833.266,10.686869,283.00323,46.25775,42.29248, State-gov, Assoc-voc, Married-civ-spouse, Other-service, Husband, White, Male, United-States, >50K
63.65211,113125.24,15.481829,484.83966,32.278553,38.938198, ?, Masters, Married-civ-spouse, ?, Husband, White, Male, United-States, <=50K
42.5968,139699.75,9.951766,428.0453,7.63564,43.239155, Local-gov, Some-college, Married-civ-spouse, Prof-specialty, Husband, White, Male, United-States, <=50K
83.253654,66766.945,3.2499638,275.93665,-41.842464,34.46418, ?, Some-college, Divorced, ?, Unmarried, White, Female, United-States, <=50K
36.001606,85485.445,9.990308,489.2044,-8.540736,32.84963, Private, Some-college, Divorced, Handlers-cleaners, Not-in-family, White, Male, United-States, <=50K
23.220675,143443.44,9.777422,-146.64996,-29.467287,31.753391, Private, Some-college, Never-married, Adm-clerical, Other-relative, White, Male, United-States, <=50K
43.096096,116326.86,9.023882,190.70215,-28.697214,40.91541, Private, HS-grad, Divorced, Other-service, Not-in-family, White, Male, United-States, <=50K
26.211164,136007.38,9.003702,-63.482365,-10.691989,30.924143, Private, HS-grad, Never-married, Farming-fishing, Own-child, White, Female, United-States, <=50K
36.08968,158076.92,9.063473,-120.952705,-4.2026777,43.864586, Private, HS-grad, Married-civ-spouse, Machine-op-inspct, Husband, White, Male, United-States, <=50K
22.611822,291194.7,12.016094,-248.30804,-6.399768,16.915516, Private, Assoc-acdm, Never-married, Prof-specialty, Own-child, White, Female, United-States, <=50K
25.70766,404360.8,12.604101,-73.77326,4.8082323,41.853977, Private, Assoc-acdm, Never-married, Adm-clerical, Not-in-family, White, Female, United-States, <=50K
50.85796,282706.47,8.0839,-403.0866,-18.854586,30.309715, Private, 10th, Married-civ-spouse, Other-service, Husband, White, Male, United-States, <=50K
37.63309,155731.16,13.031202,7666.2437,18.433584,50.9383, Private, Bachelors, Married-civ-spouse, Handlers-cleaners, Husband, White, Male, United-States, >50K
22.998503,146424.83,13.016803,298.9002,-14.334659,34.4101, Private, Bachelors, Never-married, Sales, Not-in-family, White, Female, United-States, <=50K
64.18301,355615.72,9.892623,-892.889,21.52735,47.062527, Private, Some-college, Separated, Adm-clerical, Unmarried, White, Female, United-States, <=50K
20.056637,125775.65,8.973367,-63.581486,-21.170534,36.61909, Private, HS-grad, Never-married, Other-service, Unmarried, White, Male, United-States, <=50K
20.046967,372944.1,9.02789,212.80573,-14.328387,46.744064, Private, HS-grad, Never-married, Machine-op-inspct, Not-in-family, White, Male, United-States, <=50K
51.634792,56487.266,9.958066,73.03014,9.973737,47.530224, Private, Some-college, Divorced, Exec-managerial, Unmarried, White, Female, United-States, <=50K
25.912193,387440.22,12.137183,-314.42743,33.461494,28.826818, ?, Bachelors, Separated, ?, Own-child, White, Female, United-States, <=50K
52.322998,323276.4,9.965242,-856.0715,-5.109721,39.9233, Private, Some-college, Widowed, Exec-managerial, Unmarried, White, Female, United-States, <=50K
42.003876,112672.766,9.95825,75.00262,14.597882,46.582966, Private, Some-college, Married-civ-spouse, Craft-repair, Husband, White, Male, United-States, <=50K
53.981205,235199.61,7.177768,-165.37006,75.947174,28.774788, Private, 10th, Divorced, Other-service, Unmarried, White, Male, United-States, <=50K
38.977516,23009.984,5.189861,3.114803,30.395193,43.53908, Self-emp-not-inc, Some-college, Married-civ-spouse, Handlers-cleaners, Husband, White, Male, United-States, >50K
38.000423,314977.34,10.002096,229.20496,-9.730365,44.05038, Private, Some-college, Divorced, Adm-clerical, Unmarried, White, Female, United-States, >50K
38.09053,162753.16,9.014947,-234.89825,9.922399,41.961918, Private, HS-grad, Married-civ-spouse, Craft-repair, Husband, White, Male, United-States, <=50K
43.521957,173478.12,10.833336,27930.494,37.255463,58.16895, Private, HS-grad, Married-civ-spouse, Sales, Husband, White, Male, United-States, <=50K
16.36921,257549.27,9.948243,790.15674,10.757581,44.79633, ?, Some-college, Never-married, ?, Not-in-family, White, Male, United-States, <=50K
35.845215,239455.67,12.883187,262.92487,15.991071,41.98137, Private, Bachelors, Divorced, Craft-repair, Not-in-family, White, Male, United-States, <=50K
34.81429,413174.78,9.953233,191.83563,3.2134676,69.90952, Private, Some-college, Never-married, Exec-managerial, Own-child, White, Male, United-States, <=50K
80.28206,139768.52,15.102521,282.12555,48.596596,50.517487, Private, Masters, Married-civ-spouse, Exec-managerial, Husband, White, Male, United-States, >50K
15.276156,212059.67,9.986692,-24.349308,-5.608775,46.113766, Local-gov, Some-college, Never-married, Machine-op-inspct, Own-child, White, Female, United-States, <=50K
25.786718,125003.484,9.939052,372.21655,-9.193622,45.802864, Private, Some-college, Married-civ-spouse, Transport-moving, Husband, White, Male, United-States, <=50K
25.688553,226827.36,10.950276,-200.41681,22.474913,40.2341, Private, Assoc-voc, Never-married, Craft-repair, Not-in-family, White, Male, United-States, <=50K
35.310074,88080.914,9.075015,245.24615,6.3617983,49.621017, Private, HS-grad, Divorced, Adm-clerical, Not-in-family, White, Male, United-States, <=50K
32.127888,240523.06,9.803699,-8.614445,10.667745,62.07156, Private, HS-grad, Never-married, Sales, Not-in-family, White, Female, United-States, <=50K
51.527035,246095.25,4.068963,1153.887,4.696683,37.358627, Private, 12th, Divorced, Adm-clerical, Unmarried, White, Female, United-States, <=50K
27.950264,113159.0,14.18408,-360.99176,-14.231257,41.756733, Private, Masters, Divorced, Prof-specialty, Not-in-family, White, Female, United-States, <=50K
46.338696,127749.266,9.144425,445.609,1563.3079,39.119755, ?, HS-grad, Married-civ-spouse, ?, Husband, White, Male, United-States, <=50K
58.931026,13234.954,8.980304,-1364.5481,-20.472239,51.906094, Federal-gov, HS-grad, Married-spouse-absent, Exec-managerial, Unmarried, White, Female, United-States, <=50K
66.0702,238156.83,9.24315,393.6772,19.901915,34.198883, Private, HS-grad, Married-civ-spouse, Machine-op-inspct, Husband, White, Male, United-States, >50K
60.823055,164029.2,11.165702,-298.93073,-21.65471,52.096493, Private, Assoc-voc, Widowed, Prof-specialty, Unmarried, White, Male, United-States, <=50K
19.676989,277651.0,9.908888,-309.86517,-9.275493,35.46215, Private, Assoc-voc, Never-married, Machine-op-inspct, Own-child, White, Male, United-States, <=50K
28.017168,306802.1,9.015035,2.4623373,-9.59801,35.795742, Private, HS-grad, Never-married, Adm-clerical, Unmarried, White, Female, United-States, <=50K
31.81047,322541.34,8.947136,-451.0943,-10.395816,34.597103, ?, HS-grad, Married-civ-spouse, ?, Husband, White, Male, United-States, <=50K
46.119164,187973.77,9.919339,-226.79352,3.210042,60.133125, Self-emp-not-inc, Some-college, Separated, Other-service, Unmarried, White, Male, United-States, <=50K
41.54358,266717.34,9.908326,121.06225,30.944368,30.345333, Private, Some-college, Never-married, Transport-moving, Own-child, White, Male, United-States, >50K
34.728546,525254.2,7.0889626,3646.9758,14.398381,45.0498, Private, 11th, Married-civ-spouse, Machine-op-inspct, Husband, White, Male, United-States, <=50K
35.93166,201133.3,12.991256,188.75739,13.940343,49.036358, Private, Bachelors, Married-civ-spouse, Prof-specialty, Husband, White, Male, United-States, >50K
20.128544,164446.42,10.029869,272.61926,7.842099,39.76934, ?, Some-college, Never-married, ?, Not-in-family, White, Female, United-States, >50K
22.818426,300134.47,8.110635,352.72137,-25.42756,45.47802, Private, 12th, Married-civ-spouse, Transport-moving, Husband, White, Male, United-States, <=50K
46.863968,323387.0,9.966643,4275.821,9.066556,39.7651, Private, Some-college, Married-civ-spouse, Exec-managerial, Husband, White, Male, United-States, <=50K
15.928081,212694.06,7.0939546,18.697811,7.0814104,41.288837, Private, 11th, Never-married, Sales, Own-child, White, Female, United-States, <=50K
42.038128,177491.48,9.737551,231.07672,12.531209,68.07559, Private, Some-college, Married-civ-spouse, Craft-repair, Husband, White, Male, United-States, >50K
38.918392,98624.61,9.944228,227.19958,2.8677492,40.685078, Private, Some-college, Married-civ-spouse, Exec-managerial, Husband, White, Male, United-States, <=50K
35.54344,327888.5,3.947785,-392.1695,3.6244707,37.651104, Federal-gov, Some-college, Married-civ-spouse, Exec-managerial, Husband, White, Male, United-States, <=50K
51.124603,114013.62,9.0372095,-258.01385,3.0392199,13.867956, Local-gov, HS-grad, Married-civ-spouse, Adm-clerical, Wife, White, Female, United-States, <=50K
45.682262,102948.8,13.069985,10501.57,4.4565477,44.788395, Private, Bachelors, Married-civ-spouse, Prof-specialty, Husband, White, Male, United-States, >50K
21.966045,99199.65,9.989764,42.842648,-0.65181243,46.59408, Private, Some-college, Married-civ-spouse, Craft-repair, Husband, White, Male, United-States, <=50K
29.51898,168461.12,9.054512,216.8122,-20.747736,42.61876, Private, HS-grad, Never-married, Machine-op-inspct, Not-in-family, White, Male, United-States, <=50K
51.150955,157659.9,13.809121,170.03223,23.59075,58.363255, Local-gov, Masters, Never-married, Adm-clerical, Not-in-family, White, Male, United-States, <=50K
31.70993,343578.97,14.308987,625.3583,28.287367,42.534958, ?, Masters, Never-married, ?, Unmarried, White, Female, United-States, <=50K
34.294376,180491.31,9.067441,-143.78925,3.6072588,43.273735, Private, HS-grad, Married-civ-spouse, Machine-op-inspct, Wife, White, Female, United-States, <=50K
27.5893,115761.6,9.685938,-402.1518,-7.4199324,58.62884, Private, Some-college, Never-married, Transport-moving, Not-in-family, White, Male, United-States, <=50K
59.287697,134580.86,4.3868675,-189.3758,-13.397578,25.704721, ?, Some-college, Married-civ-spouse, ?, Husband, White, Male, United-States, <=50K
26.287235,123511.05,9.9920435,318.51587,25.806097,46.90413, Private, Some-college, Married-civ-spouse, Tech-support, Husband, White, Male, United-States, >50K
30.081553,142235.39,11.890695,-320.1131,1767.116,23.595688, Private, Assoc-acdm, Married-civ-spouse, Craft-repair, Wife, White, Female, United-States, >50K
39.57583,275174.75,9.869828,-1494.6404,16.338346,32.768703, Private, Some-college, Widowed, Other-service, Not-in-family, White, Male, United-States, >50K
30.380177,162413.39,9.103478,-85.606514,-2.9595518,36.640793, Private, HS-grad, Married-civ-spouse, Machine-op-inspct, Husband, White, Male, United-States, <=50K
29.477098,194832.6,8.973617,327.8994,5.1950274,43.19933, Private, HS-grad, Never-married, Adm-clerical, Not-in-family, White, Male, United-States, <=50K
63.501324,128082.52,14.876401,259.6775,3.0560045,24.10999, Self-emp-inc, Masters, Married-civ-spouse, Prof-specialty, Husband, White, Male, United-States, >50K
36.969666,-3038.4055,13.108348,225.82611,-20.343203,46.165226, State-gov, Bachelors, Never-married, Prof-specialty, Not-in-family, White, Male, United-States, <=50K
42.940403,148664.53,6.520265,477.01636,-20.687868,46.991314, Private, 11th, Divorced, Exec-managerial, Unmarried, White, Male, United-States, <=50K
63.366497,136330.28,13.088283,802.83014,-0.54734313,34.887844, Private, Bachelors, Never-married, Exec-managerial, Not-in-family, White, Male, United-States, <=50K
19.951534,107880.9,7.4951415,-186.33624,24.495687,51.329735, State-gov, 11th, Never-married, Other-service, Not-in-family, White, Male, United-States, <=50K
20.248552,309960.22,13.04523,9.361385,-6.008624,64.65302, Private, Bachelors, Never-married, Sales, Not-in-family, White, Male, United-States, <=50K
35.33911,86637.45,13.025551,-368.88055,-10.793063,37.403778, Private, Bachelors, Divorced, Exec-managerial, Unmarried, White, Female, United-States, <=50K
19.251377,186568.89,9.940126,593.5093,-10.8500395,42.247204, Private, Some-college, Never-married, Exec-managerial, Own-child, White, Male, United-States, <=50K
45.500484,190905.73,10.018671,173.9472,12.884107,43.90628, Self-emp-not-inc, Some-college, Divorced, Craft-repair, Not-in-family, White, Female, United-States, >50K
45.045135,271233.8,11.836077,1698.407,-2.2030668,44.02364, Private, Bachelors, Never-married, Adm-clerical, Not-in-family, White, Male, United-States, <=50K
20.808743,298294.84,9.856389,281.48328,56.375404,42.338036, Private, Some-college, Never-married, Other-service, Own-child, White, Male, United-States, <=50K
47.62353,192151.05,10.962055,-717.5059,-11.382037,18.176865, Private, Assoc-voc, Divorced, Other-service, Not-in-family, White, Male, United-States, <=50K
33.673477,445501.44,12.854718,-142.12872,22.888464,53.78146, Self-emp-not-inc, Bachelors, Married-civ-spouse, Prof-specialty, Husband, White, Male, United-States, >50K
32.48545,127105.586,10.61284,1084.5245,43.615734,62.838673, Self-emp-not-inc, Assoc-voc, Married-civ-spouse, Transport-moving, Husband, White, Male, United-States, >50K
60.638103,142893.33,10.95304,63.484615,-3.0113173,21.056234, State-gov, Assoc-voc, Married-civ-spouse, Tech-support, Husband, White, Male, United-States, >50K
33.86728,374641.44,9.896973,19316.078,28.710161,44.514687, Private, Some-college, Married-civ-spouse, Craft-repair, Husband, White, Male, United-States, >50K
21.049772,299200.28,8.989352,25.196102,-16.844294,42.92147, Private, HS-grad, Never-married, Prof-specialty, Not-in-family, White, Male, United-States, <=50K
44.86026,122958.59,8.907374,210.54614,-14.225062,42.612686, Private, HS-grad, Divorced, Other-service, Unmarried, White, Male, United-States, >50K
40.784653,225105.33,8.999246,-620.57465,-24.435862,27.689852, ?, HS-grad, Separated, ?, Unmarried, White, Female, United-States, <=50K
53.423996,116572.836,11.734692,21405.857,11.405087,43.788338, Private, Assoc-voc, Married-civ-spouse, Prof-specialty, Husband, White, Male, United-States, >50K
65.82137,216755.62,11.107065,2615.619,-8.377879,33.865524, Private, Some-college, Divorced, Machine-op-inspct, Not-in-family, White, Female, United-States, <=50K
37.613537,126929.555,13.468951,-267.2176,20.523382,30.779436, Local-gov, Masters, Married-civ-spouse, Tech-support, Husband, White, Male, United-States, <=50K
29.38105,104759.06,11.58442,-229.95099,4.0562334,43.939445, Private, Some-college, Never-married, Sales, Not-in-family, White, Female, United-States, <=50K
22.355097,101270.86,8.996164,-572.387,10.644979,29.101875, Self-emp-not-inc, HS-grad, Never-married, Sales, Own-child, White, Female, United-States, <=50K
27.305092,166833.2,9.964633,-405.23456,0.37763703,24.472284, Private, Some-college, Never-married, Farming-fishing, Not-in-family, White, Female, United-States, <=50K
32.01166,220249.28,8.6140785,404.67096,11.209577,40.53236, Private, 12th, Never-married, Craft-repair, Not-in-family, White, Male, United-States, <=50K
26.85605,186780.05,9.012377,-318.83575,-4.204425,42.459206, Private, HS-grad, Married-civ-spouse, Farming-fishing, Husband, White, Male, United-States, <=50K
45.476,266791.16,9.918133,-42.918034,0.89275086,34.441086, Private, Some-college, Divorced, Craft-repair, Not-in-family, White, Male, United-States, <=50K
43.32406,199439.73,9.020732,223.12506,-0.49571502,39.632248, Private, HS-grad, Divorced, Adm-clerical, Unmarried, White, Female, United-States, <=50K
61.026726,65206.758,13.017498,483.6676,4.4687166,52.13422, Private, Bachelors, Married-civ-spouse, Sales, Husband, White, Male, United-States, <=50K
42.33304,182462.67,8.9358015,670.63074,-2.2974882,36.198135, Local-gov, HS-grad, Married-civ-spouse, Other-service, Husband, White, Male, United-States, <=50K
61.384052,269640.16,13.099154,-548.91473,17.760092,34.746044, Private, Bachelors, Widowed, Protective-serv, Not-in-family, White, Female, United-States, >50K
19.91037,365273.2,8.953819,573.8485,-25.669779,45.2392, Private, HS-grad, Never-married, Exec-managerial, Unmarried, White, Male, United-States, <=50K
48.469227,88617.64,12.934542,-324.30182,2.5019426,49.103146, Federal-gov, Bachelors, Never-married, Exec-managerial, Not-in-family, White, Female, United-States, >50K
24.366796,367375.5,11.221396,320.8772,-2.3610716,3.807432, Private, Assoc-acdm, Never-married, Adm-clerical, Other-relative, White, Female, United-States, <=50K
43.301437,141659.12,9.948478,-323.5937,12.058721,47.93937, Local-gov, Some-college, Never-married, Prof-specialty, Not-in-family, White, Male, United-States, <=50K
27.764236,258446.34,4.544406,-200.09589,2.5477877,49.658604, Private, 12th, Never-married, Other-service, Not-in-family, White, Female, United-States, <=50K
26.625153,172021.12,9.093136,-257.274,-19.100275,42.66698, Private, HS-grad, Never-married, Machine-op-inspct, Own-child, White, Female, United-States, <=50K
23.073153,100311.43,9.938372,41.436337,-6.140834,32.189674, Private, Some-college, Never-married, Other-service, Own-child, White, Male, United-States, <=50K
37.420254,348933.0,9.107484,5.4952965,-20.376116,37.035927, Local-gov, HS-grad, Widowed, Other-service, Unmarried, White, Male, United-States, <=50K
29.692877,123387.484,9.031775,185.97614,22.120321,48.547714, Private, HS-grad, Married-civ-spouse, Adm-clerical, Husband, White, Male, United-States, >50K
35.591213,163202.55,9.911722,10373.873,18.731749,55.820263, Private, Some-college, Married-civ-spouse, Other-service, Husband, White, Male, United-States, <=50K
21.566505,213401.8,9.1099415,-4.6885414,-4.3536863,46.7432, Private, HS-grad, Never-married, Craft-repair, Not-in-family, White, Male, United-States, <=50K
51.237373,135459.27,10.691479,-580.7735,14.222287,38.776894, State-gov, Assoc-voc, Never-married, Prof-specialty, Unmarried, White, Female, United-States, <=50K
54.398773,46796.453,9.980878,180.36761,2.4096346,37.502064, Private, Some-college, Divorced, Exec-managerial, Not-in-family, White, Female, United-States, <=50K
37.89848,180545.84,13.004393,158.22699,0.7852527,38.368557, Private, Bachelors, Married-civ-spouse, Adm-clerical, Husband, White, Male, United-States, <=50K
36.80649,291912.0,12.404526,86181.92,47.89086,55.284306, Private, Bachelors, Married-civ-spouse, Craft-repair, Husband, White, Male, United-States, >50K
50.70753,126938.12,12.948598,50.85217,-4.5403395,42.04136, Private, Bachelors, Divorced, Machine-op-inspct, Not-in-family, White, Male, United-States, <=50K
25.976574,57763.53,13.088664,747.1887,-11.619586,41.725704, Private, Bachelors, Never-married, Prof-specialty, Own-child, White, Female, United-States, <=50K
31.264414,237739.7,8.948422,460.1679,-1.4985913,46.80812, Private, HS-grad, Divorced, Exec-managerial, Not-in-family, White, Male, United-States, <=50K
24.675697,429825.88,9.033303,-56.700993,-12.878543,36.386955, Private, HS-grad, Never-married, Handlers-cleaners, Not-in-family, White, Male, United-States, <=50K
37.261395,210002.5,13.114075,-105.62995,7.567441,25.84611, Private, Bachelors, Married-civ-spouse, Exec-managerial, Wife, White, Female, United-States, <=50K
24.727957,24909.656,9.249445,-273.6313,-16.873346,60.68373, Private, HS-grad, Never-married, Transport-moving, Own-child, White, Male, United-States, <=50K
35.101788,76457.78,9.977522,487.2389,-9.244632,26.806988, Private, Some-college, Never-married, Adm-clerical, Own-child, White, Male, United-States, <=50K
63.32045,136191.28,11.519171,-609.0379,34.865437,23.504608, Private, Assoc-voc, Divorced, Tech-support, Not-in-family, White, Female, United-States, <=50K
35.189552,91387.06,9.013603,83.09167,2.3442812,54.5021, Private, HS-grad, Divorced, Craft-repair, Unmarried, White, Female, United-States, <=50K
59.601467,143747.52,9.076417,331.47595,5.772542,43.391003, Private, HS-grad, Married-civ-spouse, Adm-clerical, Husband, White, Male, United-States, >50K
45.55453,129264.71,14.180685,-28.865055,33.338913,42.634205, Private, Masters, Married-civ-spouse, Exec-managerial, Husband, White, Male, United-States, >50K
24.962158,258934.38,8.972495,-72.00837,4.329091,44.629696, Private, HS-grad, Married-civ-spouse, Sales, Husband, White, Male, United-States, <=50K
46.44197,112200.88,13.039356,-363.73322,5.012952,42.888596, Private, Bachelors, Divorced, Tech-support, Not-in-family, White, Male, United-States, <=50K
46.738243,275678.0,8.642595,6817.548,16.117804,82.730865, Private, HS-grad, Married-civ-spouse, Transport-moving, Husband, White, Male, United-States, >50K
38.7204,254631.47,9.005849,-192.28339,-7.742442,39.412365, Private, HS-grad, Never-married, Farming-fishing, Not-in-family, White, Male, United-States, <=50K
34.954647,168403.4,13.839733,117.5393,4.4795275,40.16339, Private, Masters, Separated, Prof-specialty, Not-in-family, White, Male, United-States, <=50K
11.548007,195787.08,6.629454,28.982723,296.14102,24.294682, Private, 11th, Never-married, Other-service, Own-child, White, Male, United-States, <=50K
38.802036,142468.23,9.153854,18.755795,1665.1162,33.765827, Private, HS-grad, Married-civ-spouse, Other-service, Wife, White, Female, United-States, <=50K
50.91223,101694.35,12.908416,-90.91303,-5.406123,35.789825, Local-gov, Bachelors, Never-married, Other-service, Not-in-family, White, Female, United-States, <=50K
34.403683,260079.9,12.998885,80.79455,27.39179,47.632725, Private, Bachelors, Never-married, Exec-managerial, Not-in-family, White, Female, United-States, >50K
42.175945,214753.62,12.90302,-111.44648,28.69808,35.32013, Private, Bachelors, Married-civ-spouse, Other-service, Wife, White, Female, United-States, >50K
32.51992,212330.17,13.002248,6658.561,5.0730944,48.11304, State-gov, Bachelors, Married-civ-spouse, Prof-specialty, Husband, White, Male, United-States, >50K
29.644157,160898.25,9.969894,1430.3701,2.4531069,45.928123, Private, Some-college, Married-civ-spouse, Craft-repair, Husband, White, Male, United-States, >50K
39.659477,217374.3,5.7620807,-43.448307,-13.088321,40.55222, Private, Some-college, Divorced, Other-service, Not-in-family, White, Male, United-States, <=50K
37.557217,180450.25,12.969978,-163.13092,-3.971675,47.51969, Private, Bachelors, Never-married, Tech-support, Not-in-family, White, Female, United-States, >50K
28.163132,111453.09,10.0884285,123.36724,-29.464602,38.852215, Private, Some-college, Never-married, Other-service, Unmarried, White, Male, United-States, <=50K
23.63537,357726.53,9.00874,-14.451603,1.9392749,41.648422, ?, HS-grad, Never-married, ?, Not-in-family, White, Female, United-States, <=50K
26.089151,242711.12,9.892043,-149.66705,-9.730388,45.510937, Private, Some-college, Never-married, Prof-specialty, Not-in-family, White, Female, United-States, <=50K
43.75551,-17291.36,9.975783,303.70355,12.894101,70.224464, Self-emp-not-inc, Some-college, Married-civ-spouse, Farming-fishing, Husband, White, Male, United-States, <=50K
34.006203,122344.984,12.280837,147.71124,37.181267,53.560837, Self-emp-not-inc, Assoc-acdm, Married-civ-spouse, Craft-repair, Husband, White, Male, United-States, <=50K
39.401627,55898.28,9.973709,-259.8045,-13.65594,36.210987, Private, Some-college, Never-married, Craft-repair, Own-child, White, Female, United-States, <=50K
36.55133,245812.0,9.883134,1852.0858,20.557592,46.61456, Private, Some-college, Divorced, Handlers-cleaners, Unmarried, White, Male, United-States, >50K
19.443245,191491.44,9.803252,-1675.4893,2.1133928,28.84328, Private, Some-college, Never-married, Exec-managerial, Other-relative, White, Male, United-States, >50K
39.60618,197975.34,4.2858796,-186.81598,-26.342737,36.37373, Private, HS-grad, Widowed, Other-service, Own-child, White, Female, United-States, <=50K
27.073359,262518.9,9.018889,-142.9555,20.127607,45.797043, Private, HS-grad, Married-civ-spouse, Farming-fishing, Husband, White, Male, United-States, >50K
35.49933,205925.67,9.889378,1309.1621,-2.2417707,48.891243, Private, Some-college, Divorced, Craft-repair, Own-child, White, Male, United-States, >50K
34.575565,78751.63,13.793989,291.00696,18.735052,37.722317, Private, Masters, Divorced, Prof-specialty, Unmarried, White, Female, United-States, >50K
20.197365,189657.52,10.660414,741.79364,-13.837611,38.78517, Private, 11th, Never-married, Sales, Own-child, White, Male, United-States, >50K
22.637215,105939.95,9.988062,341.55078,0.55073273,37.783455, Private, Some-college, Never-married, Adm-clerical, Own-child, White, Female, United-States, <=50K
20.490744,277352.84,9.010317,289.7603,1784.4589,34.251694, Private, HS-grad, Never-married, Prof-specialty, Own-child, White, Male, United-States, <=50K
30.990002,59353.383,9.893875,-44.357365,-4.27341,58.22707, Private, Some-college, Married-civ-spouse, Other-service, Husband, White, Male, United-States, <=50K
34.999043,131404.48,9.173504,-1226.831,-5.983485,50.6962, ?, Assoc-voc, Divorced, Tech-support, Unmarried, White, Female, United-States, >50K
31.252552,29986.39,10.045274,-574.21576,9.180043,59.038418, Private, Some-college, Never-married, Other-service, Own-child, White, Female, United-States, <=50K
28.139997,222578.97,9.955095,117.153496,-14.942378,38.914413, ?, Some-college, Never-married, ?, Unmarried, White, Female, United-States, <=50K
44.669033,256824.89,13.16954,230.98285,5.6067476,44.262608, Self-emp-inc, Masters, Never-married, Sales, Own-child, White, Female, United-States, <=50K
27.160263,131244.48,7.733299,110.17919,-1.5025586,36.058598, Private, 12th, Never-married, Handlers-cleaners, Own-child, White, Male, United-States, <=50K
74.16702,192610.47,7.048419,-181.39471,50.205547,41.40318, Private, 11th, Widowed, Sales, Unmarried, White, Female, United-States, >50K
50.176895,205564.94,11.276509,-178.89435,-8.921451,28.063452, Local-gov, Assoc-voc, Never-married, Prof-specialty, Not-in-family, White, Female, United-States, <=50K
34.153835,87139.03,9.0149,-277.1408,-8.190661,39.51751, Private, HS-grad, Never-married, Sales, Not-in-family, White, Female, United-States, <=50K
22.631498,311481.38,6.8491898,912.8497,10.004895,41.302505, Private, 11th, Married-civ-spouse, Protective-serv, Husband, White, Male, United-States, <=50K
23.983122,86844.37,7.4188876,-324.94464,13.54205,43.017784, Private, Some-college, Married-civ-spouse, Other-service, Husband, White, Male, United-States, <=50K
23.976433,262947.53,10.05798,217.28497,3.943059,42.971027, Self-emp-not-inc, Some-college, Never-married, Craft-repair, Own-child, White, Male, United-States, <=50K
27.870342,272729.44,11.590118,-146.40704,-39.157063,37.2992, Self-emp-not-inc, Assoc-acdm, Divorced, Sales, Other-relative, White, Male, United-States, <=50K
32.493313,169334.61,8.971115,404.3382,225.4002,46.572224, Self-emp-not-inc, HS-grad, Married-civ-spouse, Sales, Husband, White, Male, United-States, >50K
24.545082,121984.09,9.9590645,36.156063,-8.115855,37.63016, Private, Some-college, Never-married, Craft-repair, Own-child, White, Male, United-States, <=50K
42.41315,123295.55,9.913205,-83.24311,2.836156,36.769558, Private, Some-college, Divorced, Sales, Unmarried, White, Female, United-States, <=50K
28.374853,146160.06,12.474175,463.70496,44.057278,44.220387, ?, Bachelors, Married-civ-spouse, ?, Husband, White, Male, United-States, <=50K
26.194986,236068.0,10.811569,-220.3288,1728.9572,56.63205, Private, Bachelors, Never-married, Handlers-cleaners, Own-child, White, Male, United-States, <=50K
18.71573,187346.8,8.969263,211.11542,-28.607271,26.130726, Private, HS-grad, Never-married, Other-service, Own-child, White, Female, United-States, <=50K
56.25304,175397.55,14.773189,7591.956,40.20003,53.743347, Self-emp-inc, Assoc-acdm, Married-civ-spouse, Sales, Husband, White, Male, United-States, >50K
41.067608,118515.57,9.021293,-85.55756,3.0211306,39.6912, Private, HS-grad, Married-civ-spouse, Craft-repair, Husband, White, Male, United-States, <=50K
52.645687,48567.03,9.027014,2232.7861,-0.8609799,54.666393, Private, HS-grad, Divorced, Prof-specialty, Not-in-family, White, Male, United-States, <=50K
45.056248,274505.25,13.008886,-1905.366,7.6116915,41.40319, Private, Bachelors, Married-civ-spouse, Sales, Husband, White, Male, United-States, <=50K
53.81272,193750.69,12.982527,-1102.6753,37.40876,79.00114, Private, Bachelors, Widowed, Exec-managerial, Not-in-family, White, Female, United-States, <=50K
36.635456,186989.86,13.00781,308.82196,13.7927065,47.05258, Private, Bachelors, Married-civ-spouse, Exec-managerial, Husband, White, Male, United-States, <=50K
38.37224,55422.0,8.920611,271.65582,-22.8612,56.64444, Self-emp-inc, HS-grad, Never-married, Sales, Own-child, White, Female, United-States, <=50K
37.396988,135129.69,9.990403,350.294,24.646708,50.84357, Self-emp-not-inc, Some-college, Married-civ-spouse, Craft-repair, Husband, White, Male, United-States, <=50K
30.66141,277971.72,8.990952,-331.7138,43.539387,41.45431, Self-emp-not-inc, HS-grad, Divorced, Farming-fishing, Own-child, White, Male, United-States, <=50K
66.100914,139665.66,13.024259,-862.6445,15.538465,38.539864, ?, Bachelors, Married-civ-spouse, ?, Husband, White, Male, United-States, <=50K
51.21988,375230.47,9.0433655,505.01086,12.34039,28.196815, Self-emp-not-inc, HS-grad, Married-civ-spouse, Machine-op-inspct, Wife, White, Female, United-States, <=50K
19.105568,101989.83,8.942694,-43.522526,-6.7301893,38.673904, Private, HS-grad, Never-married, Exec-managerial, Own-child, White, Male, United-States, <=50K
42.994267,176031.16,9.977239,-267.14203,-13.479487,49.388477, Private, HS-grad, Married-civ-spouse, Prof-specialty, Husband, White, Male, United-States, <=50K
26.375065,59066.805,9.986641,58.483883,1.8385516,48.13295, Private, Some-college, Married-civ-spouse, Machine-op-inspct, Husband, White, Male, United-States, <=50K
56.212852,294698.6,8.9396715,513.7434,-2.924899,37.78811, Self-emp-not-inc, HS-grad, Divorced, Other-service, Unmarried, White, Female, United-States, <=50K
18.021925,305116.12,9.943497,-155.97137,-17.062258,12.825695, Private, Some-college, Never-married, Other-service, Own-child, White, Female, United-States, <=50K
42.656555,126482.01,11.170567,-204.73065,3.3689775,40.772644, Private, Bachelors, Never-married, Prof-specialty, Not-in-family, White, Female, United-States, <=50K
31.423555,187426.77,12.8970375,-93.75068,2.078145,40.833485, Private, Bachelors, Never-married, Exec-managerial, Own-child, White, Male, United-States, <=50K
41.41333,287188.62,8.937864,-194.22882,-0.57433593,42.25431, Private, HS-grad, Married-civ-spouse, Transport-moving, Husband, White, Male, United-States, <=50K
39.69595,213696.3,9.873453,810.45667,6.4632845,77.941475, Private, Some-college, Married-civ-spouse, Sales, Husband, White, Male, United-States, <=50K
55.09082,218318.16,12.152068,3704.4187,-1.6972913,42.51179, Local-gov, Bachelors, Married-civ-spouse, Machine-op-inspct, Husband, White, Male, United-States, >50K
49.676357,181331.47,13.008412,-32.982487,7.682561,48.131237, Self-emp-not-inc, Bachelors, Married-civ-spouse, Sales, Husband, White, Male, United-States, <=50K
29.755718,56212.656,9.046961,-96.758125,9.874257,52.417545, Private, HS-grad, Married-civ-spouse, Craft-repair, Husband, White, Male, United-States, <=50K
39.87452,112360.33,9.1627035,-901.2425,1567.9535,29.291328, Private, HS-grad, Never-married, Other-service, Own-child, White, Male, United-States, <=50K
30.192312,521672.3,11.939949,441.9148,9.610776,42.52835, Self-emp-not-inc, Assoc-acdm, Never-married, Other-service, Not-in-family, White, Male, United-States, <=50K
23.278252,97261.12,9.920502,-40.542423,-12.77315,34.20384, Private, Some-college, Never-married, Sales, Own-child, White, Male, United-States, <=50K
59.948536,74677.83,8.988888,-434.2885,-12.644168,41.570557, Local-gov, HS-grad, Never-married, Protective-serv, Own-child, White, Female, United-States, <=50K
33.28371,231398.5,14.980405,-314.22186,29.678099,37.71763, Local-gov, Masters, Married-civ-spouse, Protective-serv, Husband, White, Male, United-States, >50K
25.361002,183014.7,12.88019,12.019955,-4.8654966,42.462543, Private, Bachelors, Never-married, Craft-repair, Not-in-family, White, Male, United-States, <=50K
38.48279,177893.34,9.709204,-212.87408,-21.838518,44.172485, Private, Some-college, Divorced, Machine-op-inspct, Own-child, White, Female, United-States, <=50K
31.67419,558487.94,8.871093,-561.1906,-1.8015393,19.794775, Self-emp-not-inc, HS-grad, Never-married, Craft-repair, Not-in-family, White, Male, United-States, <=50K
47.460888,149872.52,12.630806,372.50623,1164.348,48.12291, Private, Bachelors, Never-married, Adm-clerical, Not-in-family, White, Male, United-States, <=50K
43.545593,164150.33,9.886299,2.347347,-1.4362363,34.079735, Private, Some-college, Divorced, Exec-managerial, Unmarried, White, Female, United-States, <=50K
53.955284,215159.83,9.828288,-169.591,40.01058,48.531334, Local-gov, HS-grad, Married-civ-spouse, Other-service, Wife, White, Female, United-States, >50K
26.938847,171083.38,13.038295,2.7305257,-24.589724,22.276466, Private, Bachelors, Never-married, Adm-clerical, Own-child, White, Male, United-States, <=50K
53.16233,179478.14,13.588289,2310.785,30.706621,47.046295, Private, Masters, Divorced, Sales, Not-in-family, White, Female, United-States, <=50K
54.396076,168608.52,11.231312,-402.8537,1863.5492,45.094078, Self-emp-not-inc, Bachelors, Married-civ-spouse, Farming-fishing, Husband, White, Male, United-States, <=50K
47.982094,136701.77,9.112556,-314.74164,-15.197673,34.05954, Private, HS-grad, Married-civ-spouse, Other-service, Husband, White, Male, United-States, <=50K
30.707253,342212.9,12.029907,1416.0896,9.238782,47.32448, Private, Assoc-acdm, Married-civ-spouse, Tech-support, Husband, White, Male, United-States, >50K
27.336351,144692.53,12.838064,-220.75702,9.171094,35.588634, Private, Bachelors, Married-civ-spouse, Other-service, Husband, White, Male, United-States, <=50K
36.850754,380996.88,4.571541,-523.502,1810.299,38.9008, Private, HS-grad, Married-civ-spouse, Handlers-cleaners, Husband, White, Male, United-States, <=50K
67.91354,228550.5,10.17184,1845.2794,0.15059386,42.62276, Private, HS-grad, Married-civ-spouse, Machine-op-inspct, Husband, White, Male, United-States, >50K
30.781956,141763.03,10.969014,-262.73517,23.147573,48.84332, Private, Assoc-voc, Married-civ-spouse, Exec-managerial, Husband, White, Male, United-States, >50K
34.441494,258853.89,9.9187765,-149.2851,-7.7930937,46.341164, Private, Some-college, Married-civ-spouse, Craft-repair, Husband, White, Male, United-States, <=50K
44.287598,107233.664,8.970238,-334.97577,-26.452677,40.50009, Private, Bachelors, Separated, Exec-managerial, Unmarried, White, Male, United-States, <=50K
50.25604,111974.945,12.075633,-214.86945,1832.5254,34.06685, Private, Assoc-acdm, Married-civ-spouse, Craft-repair, Husband, White, Male, United-States, <=50K
32.55891,197680.17,9.09097,665.04626,4.7010164,43.742744, Private, HS-grad, Never-married, Sales, Not-in-family, White, Female, United-States, >50K
25.26605,245831.06,8.990918,84.10888,2.1558962,39.237095, Private, HS-grad, Never-married, Craft-repair, Not-in-family, White, Female, United-States, <=50K
44.290905,187813.48,13.003623,8947.644,9.63548,46.114475, Private, Bachelors, Married-civ-spouse, Exec-managerial, Husband, White, Male, United-States, >50K
50.404934,266973.97,14.221463,4958.995,41.95754,47.638256, State-gov, Masters, Married-civ-spouse, Prof-specialty, Husband, White, Male, United-States, >50K
54.383846,108723.555,9.082282,1233.2253,21.178549,40.142082, Private, HS-grad, Married-civ-spouse, Machine-op-inspct, Husband, White, Male, United-States, <=50K
35.287743,115452.695,9.91122,127.48992,-4.048457,40.433197, Private, Some-college, Married-civ-spouse, Machine-op-inspct, Husband, White, Male, United-States, <=50K
41.047237,151081.23,6.5187373,-270.86993,-2.165019,42.62824, Private, 11th, Never-married, Handlers-cleaners, Not-in-family, White, Male, United-States, <=50K
45.477325,161698.53,12.947005,-106.73823,-11.297572,34.774593, Private, Bachelors, Divorced, Exec-managerial, Unmarried, White, Female, United-States, <=50K
38.047577,88181.26,9.047517,-40.197453,11.518682,43.9797, Federal-gov, HS-grad, Married-civ-spouse, Craft-repair, Husband, White, Male, United-States, >50K
29.48743,55735.47,10.631128,466.8067,3.691533,47.173943, Self-emp-not-inc, Some-college, Married-civ-spouse, Exec-managerial, Husband, White, Male, United-States, >50K
57.03578,75376.766,10.015062,267.8662,-9.723033,42.188515, Private, Some-college, Married-civ-spouse, Sales, Husband, White, Male, United-States, >50K
27.679733,316252.22,8.989323,-356.38556,1.4309894,58.462254, Private, HS-grad, Married-civ-spouse, Handlers-cleaners, Husband, White, Male, United-States, <=50K
31.194605,151223.47,9.0500965,-346.6988,5.4332476,49.244083, Private, HS-grad, Married-civ-spouse, Craft-repair, Husband, White, Male, United-States, <=50K
25.479734,270941.16,13.099068,258.63086,63.262367,42.70484, Local-gov, Masters, Never-married, Tech-support, Not-in-family, White, Male, United-States, >50K
35.496243,133732.4,9.897788,121.14806,2.4902468,40.05951, Private, Some-college, Divorced, Exec-managerial, Unmarried, White, Female, United-States, <=50K
48.74452,135034.19,8.939674,501.9276,-12.046847,89.040726, Private, HS-grad, Never-married, Transport-moving, Not-in-family, White, Male, United-States, >50K
26.41398,172940.69,9.598587,12185.922,4.7972,36.939297, Private, Some-college, Married-civ-spouse, Craft-repair, Husband, White, Male, United-States, >50K
60.662586,165494.44,9.9643345,-552.8204,7.465413,36.494247, Private, Some-college, Married-civ-spouse, Other-service, Husband, White, Male, United-States, >50K
42.663845,209118.2,4.8437614,126.81951,4.842412,43.39992, Private, Some-college, Married-civ-spouse, Craft-repair, Husband, White, Male, United-States, <=50K
24.513134,287854.88,9.00584,17.554623,2.7978716,63.247498, Private, HS-grad, Married-civ-spouse, Transport-moving, Husband, White, Male, United-States, <=50K
43.7564,140860.61,13.088242,369.36115,0.51377594,45.58386, Private, Bachelors, Married-civ-spouse, Adm-clerical, Husband, White, Male, United-States, <=50K
33.312992,300333.3,7.622852,-39.121525,-18.963854,46.176773, State-gov, 12th, Divorced, Handlers-cleaners, Unmarried, White, Female, United-States, <=50K
16.77739,72882.46,9.923498,2047.5774,-2.0606108,32.309048, Local-gov, Some-college, Never-married, Prof-specialty, Own-child, White, Female, United-States, <=50K
43.201305,83886.73,9.2368765,187.19928,1207.1821,43.116943, ?, HS-grad, Married-civ-spouse, ?, Husband, White, Male, United-States, <=50K
33.687626,98725.586,12.945277,-255.52875,-10.537318,50.99583, Local-gov, Assoc-acdm, Married-civ-spouse, Prof-specialty, Husband, White, Male, United-States, <=50K
30.865685,72307.12,9.9301605,-19.743961,28.607992,50.045383, Self-emp-not-inc, Some-college, Never-married, Craft-repair, Not-in-family, White, Male, United-States, >50K
67.394714,106586.414,13.150268,4504.8,-4.1576185,49.777782, Private, Bachelors, Divorced, Prof-specialty, Not-in-family, White, Female, United-States, <=50K
37.205475,142320.34,8.9678955,322.47552,-2.0788832,40.605614, Private, HS-grad, Divorced, Craft-repair, Not-in-family, White, Male, United-States, <=50K
58.719856,222386.73,13.1657915,17169.719,12.811658,51.692905, Private, Bachelors, Married-civ-spouse, Prof-specialty, Husband, White, Male, United-States, >50K
66.44802,62715.062,9.895204,-1563.1904,41.508656,36.0418, Federal-gov, Some-college, Divorced, Prof-specialty, Not-in-family, White, Female, United-States, >50K
42.625027,210222.44,13.949055,27.543514,22.070608,37.967598, State-gov, Masters, Married-civ-spouse, Prof-specialty, Husband, White, Male, United-States, <=50K
17.102766,65880.75,8.985753,-282.9897,-12.436702,31.412916, Private, HS-grad, Never-married, Machine-op-inspct, Own-child, White, Male, United-States, <=50K
56.69253,183785.31,4.407519,475.75165,-13.751567,39.957756, Private, Some-college, Divorced, Other-service, Not-in-family, White, Male, United-States, <=50K
46.113686,40729.766,12.938526,-177.13629,0.4119922,54.79653, Private, Bachelors, Married-civ-spouse, Exec-managerial, Husband, White, Male, United-States, <=50K
29.628141,155320.47,5.5046754,585.359,-11.063838,39.87902, Private, 12th, Never-married, Other-service, Not-in-family, White, Male, United-States, <=50K
33.8737,-3623.2493,14.105984,1399.7039,9.6451235,43.022236, Private, Masters, Never-married, Prof-specialty, Not-in-family, White, Female, United-States, <=50K
33.215214,550812.5,8.926359,253.26288,-1.8372372,42.60686, Private, HS-grad, Divorced, Prof-specialty, Own-child, White, Male, United-States, <=50K
14.177434,93356.36,9.897532,236.98596,-4.0335646,46.245464, Private, Some-college, Never-married, Other-service, Own-child, White, Male, United-States, <=50K
57.98241,75511.59,8.984069,-45.131413,20.493208,50.05175, State-gov, HS-grad, Married-civ-spouse, Prof-specialty, Husband, White, Male, United-States, <=50K
31.073986,176009.67,11.034234,68.72961,-19.255838,43.358353, Private, Assoc-voc, Married-civ-spouse, Exec-managerial, Husband, White, Male, United-States, <=50K
26.188623,92381.74,9.070551,108.20031,-1.6407269,61.7878, Private, HS-grad, Married-civ-spouse, Machine-op-inspct, Husband, White, Male, United-States, <=50K
28.996433,156541.11,8.956703,-136.31256,-37.804317,52.33216, State-gov, HS-grad, Divorced, ?, Own-child, White, Male, United-States, <=50K
22.14188,183462.69,12.675675,232.13464,6.626584,42.714973, Private, Bachelors, Divorced, Craft-repair, Not-in-family, White, Male, United-States, <=50K
21.092928,215873.23,9.068752,-345.71918,-20.955004,38.635185, Private, HS-grad, Married-civ-spouse, Machine-op-inspct, Husband, White, Male, United-States, <=50K
27.486408,259457.42,13.804685,320.36005,2327.0476,73.568855, Private, Masters, Never-married, Exec-managerial, Not-in-family, White, Male, United-States, >50K
29.860376,158071.36,5.140481,340.95367,-16.168467,46.235455, Private, 10th, Divorced, Other-service, Not-in-family, White, Male, United-States, <=50K
25.639654,243627.06,8.949385,482.94684,-17.789736,36.298153, Private, HS-grad, Never-married, Other-service, Not-in-family, White, Male, United-States, <=50K
32.15781,250814.75,10.185806,261.32245,21.600065,47.274666, Self-emp-not-inc, HS-grad, Divorced, Sales, Not-in-family, White, Female, United-States, <=50K
36.553947,315287.88,9.027656,-709.53656,8.19534,48.06425, Federal-gov, HS-grad, Married-civ-spouse, Craft-repair, Husband, White, Male, United-States, <=50K
40.192616,145972.1,9.085207,-997.06903,2.2633562,35.888985, Self-emp-not-inc, HS-grad, Married-civ-spouse, Handlers-cleaners, Husband, White, Male, United-States, <=50K
40.982204,265372.5,12.762124,121.1513,23.524435,46.415245, Private, Bachelors, Married-civ-spouse, Prof-specialty, Husband, White, Male, United-States, >50K
45.12143,219431.69,11.956791,-1685.5708,-1.3680524,42.080925, Federal-gov, Assoc-acdm, Married-civ-spouse, Craft-repair, Husband, White, Male, United-States, <=50K
29.111137,308535.9,11.968428,994.68066,20.597204,44.98604, Self-emp-not-inc, Assoc-acdm, Married-civ-spouse, Craft-repair, Husband, White, Male, United-States, <=50K
18.755306,80810.836,9.897514,519.56824,-5.1708174,40.456165, Private, Some-college, Never-married, Other-service, Not-in-family, White, Female, United-States, <=50K
44.50493,134208.5,11.008701,752.55756,26.067907,41.294163, Private, Assoc-voc, Married-civ-spouse, Craft-repair, Husband, White, Male, United-States, >50K
26.200335,70041.62,12.96098,257.00098,-21.893969,40.360767, Private, Bachelors, Divorced, Adm-clerical, Not-in-family, White, Female, United-States, <=50K
36.697945,310094.28,11.576503,1257.5706,-21.64631,17.288061, Self-emp-not-inc, Bachelors, Separated, Prof-specialty, Unmarried, White, Female, United-States, <=50K
45.061516,289354.25,8.993532,58.194027,8.444074,34.658077, Private, HS-grad, Married-civ-spouse, Farming-fishing, Husband, White, Male, United-States, <=50K
22.53626,266635.0,9.896624,277.90704,-18.276522,43.99553, Private, Some-college, Never-married, Sales, Own-child, White, Female, United-States, <=50K
23.200819,201151.84,8.218567,10.460995,-6.919986,44.434452, Private, 12th, Never-married, Farming-fishing, Own-child, White, Male, United-States, <=50K
51.308964,225008.92,9.918932,125.1997,11.081723,42.46968, Private, Some-college, Never-married, Other-service, Unmarried, White, Male, United-States, <=50K
41.242847,408365.53,8.940331,-139.39691,3.1964998,35.83755, Private, HS-grad, Married-civ-spouse, Other-service, Husband, White, Male, United-States, <=50K
43.070095,93323.38,13.025538,1242.2849,38.090214,50.82277, ?, Bachelors, Married-civ-spouse, ?, Husband, White, Male, United-States, >50K
33.879646,492596.97,12.984919,200.70844,27.164564,43.73744, Private, Bachelors, Married-civ-spouse, Exec-managerial, Husband, White, Male, United-States, >50K
20.173685,158269.45,9.845858,281.04065,-27.032671,22.138098, Private, Some-college, Never-married, Adm-clerical, Own-child, White, Female, United-States, <=50K
34.691998,267665.88,12.751758,294.58246,13.18002,42.649014, Private, Bachelors, Divorced, Adm-clerical, Not-in-family, White, Male, United-States, <=50K
32.875126,172438.83,8.91942,88.07647,-3.8805952,48.215927, Private, HS-grad, Divorced, Protective-serv, Not-in-family, White, Male, United-States, <=50K
54.654213,242031.61,9.56771,-355.93866,11.370664,42.63923, Private, HS-grad, Married-civ-spouse, Craft-repair, Husband, White, Male, United-States, <=50K
46.32907,132920.16,9.794713,99950.68,14.656095,37.889515, Private, HS-grad, Married-civ-spouse, Prof-specialty, Husband, White, Male, United-States, >50K
39.03309,128622.71,9.854189,98.74297,-4.6630583,55.51619, Private, Some-college, Divorced, Craft-repair, Own-child, White, Male, United-States, <=50K
26.4001,178776.06,10.239554,2895.7764,51.888725,42.04931, State-gov, HS-grad, Married-civ-spouse, Sales, Husband, White, Male, United-States, <=50K
55.528316,62768.08,10.204113,878.9996,2.9593935,41.456562, Private, Some-college, Married-civ-spouse, Machine-op-inspct, Husband, White, Male, United-States, <=50K
40.143105,122891.15,9.984799,-227.5213,2.8379793,41.205215, Private, Some-college, Married-civ-spouse, Craft-repair, Husband, White, Male, United-States, <=50K
24.863089,246003.45,9.017361,-323.2525,-10.280696,28.999231, Private, HS-grad, Never-married, Craft-repair, Own-child, White, Female, United-States, <=50K
22.912367,59977.914,7.1694345,-242.85028,-7.151347,42.688126, Private, 11th, Never-married, Transport-moving, Not-in-family, White, Male, United-States, <=50K
26.335453,108191.98,9.2016945,30375.5,7.27435,51.399555, ?, HS-grad, Never-married, ?, Not-in-family, White, Female, United-States, >50K
18.512068,307861.53,9.860054,376.0282,-11.825068,36.09609, Private, Some-college, Never-married, Other-service, Own-child, White, Male, United-States, <=50K
26.110518,240053.02,9.007295,68.62847,24.02902,37.727516, Private, HS-grad, Married-civ-spouse, Sales, Wife, White, Female, United-States, <=50K
39.225395,172539.36,3.0481744,-340.2027,-9.670543,30.244402, Private, 12th, Divorced, Other-service, Unmarried, White, Female, United-States, <=50K
58.182865,152987.25,12.943622,-42.612736,-3.7237806,47.482952, Local-gov, Bachelors, Married-civ-spouse, Prof-specialty, Husband, White, Male, United-States, <=50K
29.229897,187060.06,12.957351,94.52111,18.834837,55.139645, Private, Bachelors, Married-civ-spouse, Craft-repair, Husband, White, Male, United-States, >50K
26.483183,186815.88,13.543579,991.1145,-2.9320402,36.19133, Private, Masters, Never-married, Prof-specialty, Not-in-family, White, Male, United-States, <=50K
54.085632,170708.48,10.020874,272.65314,27.687998,44.777267, Private, Some-college, Married-civ-spouse, Adm-clerical, Husband, White, Male, United-States, >50K
40.347828,107794.88,7.724841,-138.82916,3.047368,37.974255, Private, 10th, Married-civ-spouse, Exec-managerial, Wife, White, Female, United-States, >50K
38.389683,230379.81,13.877597,1798.2362,33.54939,46.071743, Private, Masters, Married-civ-spouse, Exec-managerial, Husband, White, Male, United-States, >50K
29.364325,258470.69,8.991708,-201.40375,1.0601245,24.896141, Private, HS-grad, Married-civ-spouse, Craft-repair, Husband, White, Male, United-States, <=50K
38.55108,50776.11,11.366319,622.40424,-0.077402964,41.658253, Private, Assoc-voc, Married-civ-spouse, Prof-specialty, Wife, White, Female, United-States, <=50K
19.121746,268805.8,9.251915,-1.4489176,4.0773897,18.778765, State-gov, HS-grad, Never-married, Prof-specialty, Not-in-family, White, Male, United-States, <=50K
37.3167,165765.2,9.010946,364.18567,-38.84808,32.145973, Private, HS-grad, Divorced, Machine-op-inspct, Unmarried, White, Female, United-States, <=50K
38.118423,110254.56,13.977779,24905.521,16.812796,30.76717, Private, Masters, Divorced, Prof-specialty, Not-in-family, White, Male, United-States, >50K
15.897874,362914.03,9.189862,-309.97394,857.9335,30.306293, Private, HS-grad, Never-married, Sales, Own-child, White, Female, United-States, <=50K
35.691902,277264.9,10.032595,7.2260094,1894.8447,51.171806, Private, Some-college, Widowed, Adm-clerical, Not-in-family, White, Female, United-States, >50K
42.193943,169080.16,13.2738,-382.13715,20.83093,38.908913, Local-gov, Assoc-acdm, Divorced, Prof-specialty, Not-in-family, White, Female, United-States, <=50K
25.901722,89021.055,10.04515,9081.01,4.640256,56.87265, Private, Some-college, Married-civ-spouse, Sales, Husband, White, Male, United-States, <=50K
56.370514,248285.64,9.173547,192.5636,1586.8757,30.254017, Private, HS-grad, Married-civ-spouse, Prof-specialty, Husband, White, Male, United-States, <=50K
30.153667,64436.312,12.769371,364.59766,0.61285126,44.678967, Private, Bachelors, Never-married, Adm-clerical, Not-in-family, White, Male, United-States, >50K
40.429234,126071.766,10.023191,-80.10444,9.288877,39.018444, ?, Some-college, Married-civ-spouse, ?, Husband, White, Male, United-States, <=50K
34.00452,124066.125,10.082221,209.54047,52.993114,41.74193, Local-gov, Some-college, Married-civ-spouse, Adm-clerical, Wife, White, Female, United-States, >50K
34.447865,173060.33,9.954753,2816.1902,7.400075,42.02089, Private, Some-college, Married-civ-spouse, Craft-repair, Husband, White, Male, United-States, <=50K
28.018202,546509.8,9.99937,-615.5754,13.477925,54.747963, State-gov, Some-college, Married-civ-spouse, Transport-moving, Husband, White, Male, United-States, <=50K
34.884056,172234.56,12.859275,-268.4626,-13.349353,52.83678, Local-gov, Bachelors, Widowed, Prof-specialty, Not-in-family, White, Male, United-States, <=50K
25.83836,277138.28,8.995209,-229.34186,-6.350238,37.068527, Private, HS-grad, Married-civ-spouse, Handlers-cleaners, Husband, White, Male, United-States, <=50K
27.800861,398920.38,9.980849,-693.3874,7.721425,40.530403, Private, Some-college, Separated, Craft-repair, Not-in-family, White, Male, United-States, <=50K
22.981178,104955.77,13.033275,-460.72833,1.0853473,41.51395, Local-gov, Bachelors, Never-married, Prof-specialty, Not-in-family, White, Female, United-States, <=50K
55.73511,209152.81,9.933938,619.80896,26.552263,72.33745, Self-emp-not-inc, Some-college, Never-married, Farming-fishing, Not-in-family, White, Male, United-States, <=50K
34.471043,411146.38,10.891169,-362.07574,-21.80398,35.908405, Local-gov, Assoc-voc, Separated, Tech-support, Unmarried, White, Female, United-States, <=50K
26.936802,277567.8,10.716795,311.13342,-0.49571502,41.059776, Private, Some-college, Never-married, Adm-clerical, Not-in-family, White, Female, United-States, <=50K
44.341644,73508.85,8.952367,340.1712,-5.1208677,48.58944, Local-gov, HS-grad, Married-civ-spouse, Exec-managerial, Husband, White, Male, United-States, <=50K
47.689884,62288.047,9.106587,-70.24091,17.269918,45.017845, Self-emp-not-inc, HS-grad, Married-civ-spouse, Craft-repair, Husband, White, Male, United-States, <=50K
51.899704,191291.86,8.9512005,-101.74348,6.7897005,38.267258, Private, HS-grad, Married-civ-spouse, Transport-moving, Husband, White, Male, United-States, <=50K
74.2205,23679.578,14.410488,-892.8968,26.325846,39.288216, Federal-gov, Masters, Divorced, Prof-specialty, Not-in-family, White, Male, United-States, <=50K
51.56511,272035.16,4.25535,-49.577213,7.7943544,43.67056, Local-gov, Some-college, Married-civ-spouse, Craft-repair, Husband, White, Male, United-States, <=50K
19.313225,263063.22,9.784998,-574.3503,-15.166751,25.895428, Private, Some-college, Never-married, Prof-specialty, Own-child, White, Female, United-States, <=50K
31.024828,255360.14,10.023764,764.7272,12.926549,41.97612, Private, Some-college, Married-civ-spouse, Adm-clerical, Husband, White, Male, United-States, >50K
18.771727,172597.78,6.013023,-284.5268,-31.4153,21.518177, Private, 10th, Never-married, Other-service, Own-child, White, Female, United-States, <=50K
39.298,120412.03,8.732947,-107.86469,-29.964037,33.79813, Private, 12th, Divorced, Transport-moving, Own-child, White, Male, United-States, <=50K
30.021908,334624.34,8.909758,-152.15326,-35.015934,37.99141, Private, 12th, Married-civ-spouse, Exec-managerial, Other-relative, White, Female, United-States, <=50K
29.974207,139511.27,9.002641,-370.57367,-1.1225232,44.98092, Private, HS-grad, Married-civ-spouse, Other-service, Husband, White, Male, United-States, <=50K
32.747295,340666.56,12.903053,-137.8974,-0.12105836,43.764885, Private, Bachelors, Divorced, Prof-specialty, Not-in-family, White, Female, United-States, <=50K
31.081,331010.1,8.973422,357.2871,24.624338,44.287773, Private, HS-grad, Married-civ-spouse, Craft-repair, Husband, White, Male, United-States, <=50K
58.782387,307904.38,9.06098,-80.613106,30.594694,66.787476, Private, HS-grad, Married-civ-spouse, Craft-repair, Husband, White, Male, United-States, <=50K
26.427582,123882.805,9.074902,-2.084904,-32.217693,41.700535, Private, HS-grad, Never-married, Machine-op-inspct, Not-in-family, White, Female, United-States, <=50K
35.628895,111543.984,13.892752,-36.359196,32.672832,63.294556, Private, Masters, Married-civ-spouse, Sales, Husband, White, Male, United-States, >50K
24.069725,265922.22,9.045243,253.26117,-0.2199048,40.607594, Private, HS-grad, Married-civ-spouse, Craft-repair, Husband, White, Male, United-States, <=50K
25.140846,122395.19,10.818908,683.9077,-10.111812,39.43061, Private, Assoc-voc, Never-married, Handlers-cleaners, Own-child, White, Female, United-States, <=50K
56.32632,114182.6,9.912223,111.19677,14.6414385,58.12351, Private, Some-college, Separated, Adm-clerical, Not-in-family, White, Male, United-States, <=50K
42.94937,207052.19,12.960522,69.448235,22.81355,54.089943, Local-gov, Bachelors, Married-civ-spouse, Prof-specialty, Husband, White, Male, United-States, >50K
21.434727,86912.62,9.95783,-46.23688,0.8623935,44.633835, Private, Some-college, Never-married, Craft-repair, Not-in-family, White, Male, United-States, <=50K
46.870743,145633.92,9.96436,-331.9992,-14.343265,41.41605, Private, Some-college, Married-civ-spouse, Machine-op-inspct, Husband, White, Male, United-States, <=50K
58.768494,323167.6,9.001886,-270.05768,4.3808794,41.36144, Private, HS-grad, Married-civ-spouse, Adm-clerical, Husband, White, Male, United-States, <=50K
33.772057,99216.586,10.804071,-452.0866,5.4370775,41.66251, ?, Assoc-voc, Married-civ-spouse, ?, Husband, White, Male, United-States, <=50K
39.870472,256708.28,8.957102,622.95917,15.520642,47.883575, Private, HS-grad, Married-civ-spouse, Craft-repair, Husband, White, Male, United-States, >50K
43.119038,174676.33,13.923436,-77.56867,1956.7197,41.00069, Private, Masters, Married-civ-spouse, Prof-specialty, Husband, White, Male, United-States, >50K
27.603985,304917.94,9.052487,138.6792,-1.1691006,40.400764, Private, HS-grad, Married-civ-spouse, Sales, Husband, White, Male, United-States, <=50K
55.98856,68991.63,9.972093,-159.39264,1.2282993,63.16611, Private, Some-college, Married-civ-spouse, Craft-repair, Husband, White, Male, United-States, <=50K
58.389587,200791.17,9.004139,-125.56489,25.360449,47.347164, Private, HS-grad, Married-civ-spouse, Transport-moving, Husband, White, Male, United-States, >50K
26.300564,347118.28,12.96672,5714.8926,-19.063799,50.415245, Private, Bachelors, Never-married, Prof-specialty, Not-in-family, White, Male, United-States, <=50K
18.552717,293372.66,9.026209,-28.122013,-18.098917,28.210001, Private, HS-grad, Never-married, Machine-op-inspct, Own-child, White, Female, United-States, <=50K
40.597412,69845.03,10.00404,-68.86079,21.51135,55.432568, Self-emp-not-inc, Some-college, Never-married, Exec-managerial, Not-in-family, White, Female, United-States, <=50K
34.09931,233761.7,9.0500145,55.086727,3.0767565,42.54837, Private, HS-grad, Married-civ-spouse, Exec-managerial, Husband, White, Male, United-States, <=50K
30.211397,187873.17,9.895681,399.03668,0.87598145,39.407547, Private, Some-college, Never-married, Other-service, Not-in-family, White, Male, United-States, <=50K
39.670944,89066.7,9.955093,-281.8316,1872.5087,48.503963, Self-emp-not-inc, Some-college, Married-civ-spouse, Craft-repair, Husband, White, Male, United-States, >50K
61.3758,227379.58,9.091487,4140.9185,15.489873,41.065525, Private, HS-grad, Married-civ-spouse, Adm-clerical, Husband, White, Male, United-States, >50K
42.09277,180257.03,4.0556426,121.41424,-27.46039,45.306835, Private, Some-college, Never-married, Handlers-cleaners, Own-child, White, Male, United-States, <=50K
52.360985,38759.125,9.909332,3723.3176,12.971768,35.228474, Private, Some-college, Married-civ-spouse, Sales, Husband, White, Male, United-States, >50K
35.548347,83748.484,9.06667,-161.65851,-10.638843,15.481785, ?, HS-grad, Never-married, ?, Not-in-family, White, Male, United-States, <=50K
35.492622,144614.88,10.029931,-185.50934,15.481648,32.488243, Local-gov, Some-college, Married-civ-spouse, Prof-specialty, Husband, White, Male, United-States, <=50K
53.957264,155615.94,11.709753,153.21582,-10.336322,34.38066, Private, Bachelors, Divorced, Machine-op-inspct, Unmarried, White, Female, United-States, <=50K
26.29762,186386.47,9.399213,-65.37568,1781.1075,45.416542, Private, HS-grad, Never-married, Craft-repair, Not-in-family, White, Male, United-States, <=50K
34.019978,33871.297,8.980322,118.28991,-7.1692457,45.79863, Private, HS-grad, Never-married, Handlers-cleaners, Not-in-family, White, Male, United-States, <=50K
34.017372,393293.78,12.701259,114.970695,18.263067,37.929337, Self-emp-not-inc, Bachelors, Never-married, Exec-managerial, Own-child, White, Male, United-States, >50K
32.73952,55437.453,9.043258,6778.705,16.507872,52.600853, Private, HS-grad, Married-civ-spouse, Craft-repair, Husband, White, Male, United-States, >50K
48.499474,169834.61,8.512592,-246.20709,10.435376,58.470284, ?, 12th, Separated, ?, Not-in-family, White, Female, United-States, <=50K
34.977863,-14956.249,8.896853,-436.03204,17.482298,53.89363, Federal-gov, HS-grad, Married-civ-spouse, Transport-moving, Husband, White, Male, United-States, <=50K
57.020096,398787.06,6.648945,-827.83905,28.259192,38.58224, Private, 11th, Widowed, Sales, Unmarried, White, Female, United-States, <=50K
32.673225,140185.55,9.01515,-393.10248,-13.20531,63.603127, Private, HS-grad, Never-married, Other-service, Own-child, White, Female, United-States, <=50K
33.562572,154690.58,12.82505,-242.76752,6.8252916,40.09625, Private, Bachelors, Married-civ-spouse, Handlers-cleaners, Husband, White, Male, United-States, <=50K
34.00329,46504.14,13.100542,-305.0379,-4.312808,54.452152, Local-gov, Bachelors, Married-civ-spouse, Prof-specialty, Husband, White, Male, United-States, <=50K
47.41884,360153.72,9.006879,258.25342,-7.2385893,40.090107, Private, HS-grad, Married-civ-spouse, Sales, Husband, White, Male, United-States, <=50K
27.30062,264274.9,13.442337,338.34747,-10.322658,31.105713, Private, Masters, Never-married, Other-service, Not-in-family, White, Male, United-States, <=50K
52.376434,185095.28,13.11846,8992.969,19.331717,44.17669, Self-emp-inc, Bachelors, Married-civ-spouse, Sales, Husband, White, Male, United-States, >50K
31.19727,391268.56,13.647376,851.69104,57.061745,53.88961, Private, Masters, Never-married, Prof-specialty, Not-in-family, White, Male, United-States, >50K
50.05683,170251.69,9.034231,-238.76068,6.4062014,51.84071, Private, HS-grad, Married-civ-spouse, Sales, Husband, White, Male, United-States, <=50K
34.44217,142491.7,10.898097,183.15594,30.738405,53.713913, Self-emp-not-inc, Assoc-voc, Married-civ-spouse, Craft-repair, Husband, White, Male, United-States, <=50K
53.082886,250907.5,10.023893,-383.67596,12.768689,38.75918, Private, Some-college, Married-civ-spouse, Exec-managerial, Wife, White, Female, United-States, <=50K
26.48857,404176.44,9.049537,246.5274,8.60864,33.442497, Private, HS-grad, Married-civ-spouse, Craft-repair, Husband, White, Male, United-States, <=50K
29.80215,93549.59,12.896966,210.54425,-12.176372,48.561234, Private, Bachelors, Never-married, Other-service, Other-relative, White, Male, United-States, <=50K
60.953926,107694.305,9.043398,126.22466,-2.6746778,46.077965, Private, HS-grad, Married-civ-spouse, Farming-fishing, Husband, White, Male, United-States, >50K
34.095203,85589.234,9.039825,146.20422,-10.673495,38.659866, Private, HS-grad, Divorced, Adm-clerical, Unmarried, White, Female, United-States, <=50K
58.776917,77595.58,7.353927,-298.85736,12.845044,-17.782122, Private, 10th, Married-civ-spouse, Sales, Wife, White, Female, United-States, <=50K
28.94525,179662.52,9.104776,-58.28803,7.213521,45.540344, Private, HS-grad, Divorced, Sales, Not-in-family, White, Male, United-States, <=50K
22.020247,300948.78,9.912158,-15.230045,-29.629251,27.067268, Private, Some-college, Never-married, Transport-moving, Own-child, White, Male, United-States, <=50K
45.471855,216343.95,9.886185,46.420467,-1.038371,43.152687, Private, Some-college, Married-civ-spouse, Other-service, Husband, White, Male, United-States, <=50K
23.5578,282081.06,9.006253,42.34985,-2.4255934,41.026493, Private, HS-grad, Married-civ-spouse, Sales, Husband, White, Male, United-States, <=50K
26.55649,242101.48,9.951668,117.44323,12.231206,42.4875, Private, Some-college, Married-civ-spouse, Farming-fishing, Husband, White, Male, United-States, <=50K
27.406654,138217.05,7.350593,19.869442,-8.379077,45.795708, Self-emp-not-inc, 12th, Never-married, Other-service, Not-in-family, White, Male, United-States, <=50K
48.398933,227899.69,9.130164,113.76775,14.291402,40.686554, Private, HS-grad, Married-civ-spouse, Adm-clerical, Husband, White, Male, United-States, <=50K
42.175915,303549.47,9.864511,789.4646,3.1933641,46.784992, Private, Some-college, Never-married, Craft-repair, Not-in-family, White, Female, United-States, <=50K
39.243267,283973.12,9.556262,537.12115,5.4784517,42.128887, Private, HS-grad, Married-civ-spouse, Craft-repair, Husband, White, Male, United-States, <=50K
48.76882,207237.66,8.696006,1873.9302,-4.1260023,38.674374, Private, HS-grad, Married-civ-spouse, Adm-clerical, Husband, White, Male, United-States, >50K
46.67409,96298.28,8.910289,-222.91779,8.072309,45.924095, Private, HS-grad, Married-civ-spouse, Transport-moving, Husband, White, Male, United-States, >50K
42.474564,255944.84,9.905276,461.9035,0.9313251,38.7819, Private, Some-college, Divorced, Handlers-cleaners, Not-in-family, White, Female, United-States, <=50K
28.21716,417849.34,9.8702345,549.59784,-19.954966,37.218075, Private, Some-college, Never-married, Other-service, Unmarried, White, Male, United-States, <=50K
42.579685,112682.85,8.80776,-956.61957,-1.5325345,37.877106, Federal-gov, HS-grad, Divorced, Craft-repair, Unmarried, White, Female, United-States, <=50K
51.113804,108851.96,9.94227,-254.29108,-2.2136335,22.83068, Private, Some-college, Never-married, Sales, Own-child, White, Male, United-States, <=50K
43.796707,190060.97,10.359316,293.8952,4.923665,38.805706, Private, Some-college, Never-married, Machine-op-inspct, Not-in-family, White, Female, United-States, <=50K
20.49503,211479.66,9.956595,297.2069,-22.341166,25.590303, Private, Some-college, Never-married, Other-service, Own-child, White, Female, United-States, <=50K
45.22223,69843.48,12.95843,-363.0738,15.403623,46.1217, Private, Bachelors, Married-civ-spouse, Prof-specialty, Husband, White, Male, United-States, >50K
16.438545,435630.66,5.947611,-388.5733,1.9760257,23.671288, Private, 10th, Never-married, Sales, Own-child, White, Female, United-States, <=50K
32.74984,214491.48,12.984397,3043.7876,43.202057,46.463055, Private, Masters, Married-civ-spouse, Craft-repair, Husband, White, Male, United-States, >50K
14.887565,373170.75,6.057387,-113.680855,-13.974528,2.6503541, Private, 11th, Never-married, Priv-house-serv, Own-child, White, Female, United-States, <=50K
28.770613,199106.77,10.052805,369.32812,-15.17142,35.612106, Private, 12th, Divorced, Craft-repair, Unmarried, White, Female, United-States, <=50K
28.452194,286304.47,6.7716637,-304.36505,11.637097,44.99283, State-gov, 11th, Married-civ-spouse, Exec-managerial, Husband, White, Male, United-States, <=50K
30.761744,400676.16,12.983394,-66.42231,15.642255,47.093014, State-gov, Bachelors, Never-married, Exec-managerial, Not-in-family, White, Male, United-States, <=50K
59.901306,142595.06,11.011808,15669.469,22.66059,54.28675, Private, Assoc-voc, Married-civ-spouse, Sales, Husband, White, Male, United-States, >50K
25.078932,169805.1,9.879114,-212.24652,-11.768352,42.915977, Self-emp-not-inc, Some-college, Never-married, Other-service, Not-in-family, White, Female, United-States, <=50K
33.917652,176306.22,11.193788,-312.127,-0.34717834,22.158028, ?, Assoc-voc, Married-civ-spouse, ?, Wife, White, Female, United-States, <=50K
24.90428,174074.5,8.9915285,698.7615,-16.134829,52.553135, Private, HS-grad, Never-married, Machine-op-inspct, Own-child, White, Male, United-States, <=50K
24.32661,154282.64,2.3381934,110.54247,-32.89935,3.536657, ?, 10th, Never-married, ?, Own-child, White, Female, United-States, <=50K
45.791275,182618.11,8.957903,-474.1281,-0.3676175,42.925156, Private, HS-grad, Married-civ-spouse, Prof-specialty, Husband, White, Male, United-States, <=50K
50.85203,285873.03,9.086309,290.55865,2.703824,40.728073, Private, HS-grad, Married-civ-spouse, Craft-repair, Husband, White, Male, United-States, <=50K
41.313313,166067.33,8.929204,215.1753,-36.187588,37.5933, Private, HS-grad, Divorced, Other-service, Own-child, White, Male, United-States, <=50K
36.09489,188273.05,5.766667,-330.84442,-5.6857557,38.11498, Self-emp-not-inc, 10th, Divorced, Craft-repair, Not-in-family, White, Male, United-States, <=50K
36.65537,215353.89,9.983826,-181.14972,12.952947,37.130974, Private, Some-college, Separated, Other-service, Own-child, White, Female, United-States, <=50K
29.170246,376192.53,8.991199,-128.98248,-9.313228,41.18669, Private, HS-grad, Never-married, Craft-repair, Not-in-family, White, Male, United-States, <=50K
39.681034,354393.34,14.003453,94.30163,33.782265,46.813007, Self-emp-not-inc, Masters, Married-civ-spouse, Prof-specialty, Husband, White, Male, United-States, >50K
19.91503,195552.52,9.060419,1.0448568,-11.643565,42.787476, Private, HS-grad, Never-married, Machine-op-inspct, Own-child, White, Male, United-States, <=50K
50.973927,217760.92,7.488221,233.00714,17.186468,38.43925, Private, 11th, Married-civ-spouse, Sales, Husband, White, Male, United-States, <=50K
23.436766,42900.734,8.869861,-53.35712,3.719449,75.77998, Private, HS-grad, Married-civ-spouse, Craft-repair, Husband, White, Male, United-States, <=50K
40.12729,163975.52,15.47537,-154.73895,22.67082,48.912445, Private, Assoc-acdm, Married-civ-spouse, Exec-managerial, Husband, White, Male, United-States, >50K
15.138253,190767.34,9.043167,-31.754704,-6.950595,27.340467, Private, HS-grad, Never-married, Adm-clerical, Own-child, White, Female, United-States, <=50K
22.099072,99889.66,9.963553,335.4826,-6.8393126,37.344448, Self-emp-not-inc, Some-college, Never-married, Sales, Not-in-family, White, Male, United-States, <=50K
25.37514,197187.3,9.908265,910.6013,0.2478839,38.560257, Private, Some-college, Married-civ-spouse, Craft-repair, Husband, White, Male, United-States, <=50K
32.310104,185974.44,12.916898,-70.407906,2298.1685,47.647465, Self-emp-not-inc, Bachelors, Married-civ-spouse, Exec-managerial, Wife, White, Female, United-States, <=50K
21.44546,325780.5,9.851895,526.7005,1.5782748,61.38647, Private, Some-college, Never-married, Handlers-cleaners, Not-in-family, White, Male, United-States, <=50K
24.502768,182880.14,12.591103,-459.6386,10.343373,45.202736, Private, Bachelors, Divorced, Craft-repair, Not-in-family, White, Female, United-States, <=50K
43.325916,105700.14,13.084157,-175.0445,-1.5760297,39.21742, Private, Bachelors, Married-civ-spouse, Sales, Husband, White, Male, United-States, <=50K
68.647606,202340.14,11.210328,137.9552,20.241232,35.232624, Private, Bachelors, Married-civ-spouse, Prof-specialty, Husband, White, Male, United-States, <=50K
69.10076,317061.03,16.122463,-21.730534,40.317505,47.787342, Self-emp-inc, Assoc-acdm, Married-civ-spouse, Prof-specialty, Husband, White, Male, United-States, >50K
27.433132,75803.2,10.959502,844.9141,-0.07339753,40.312912, Private, Assoc-voc, Never-married, Sales, Own-child, White, Male, United-States, <=50K
45.949024,159025.94,10.024704,13697.359,22.09146,47.655582, Private, Some-college, Married-civ-spouse, Exec-managerial, Husband, White, Male, United-States, >50K
29.158886,125034.74,10.034899,281.46716,2215.337,43.78198, Private, Some-college, Married-civ-spouse, Craft-repair, Not-in-family, White, Female, United-States, >50K
21.668121,491860.97,13.020601,92.321465,26.987112,41.80916, Private, Bachelors, Never-married, Handlers-cleaners, Not-in-family, White, Male, United-States, <=50K
52.054176,250193.38,10.696334,-108.986275,9.514913,45.938606, Private, HS-grad, Married-civ-spouse, Adm-clerical, Husband, White, Male, United-States, >50K
27.260077,204866.66,9.03839,1.0021322,18.3627,35.298462, Private, HS-grad, Married-civ-spouse, Exec-managerial, Wife, White, Female, United-States, <=50K
63.36549,131322.92,9.330796,53.423397,24.801508,40.197144, Private, Assoc-voc, Married-civ-spouse, Tech-support, Husband, White, Male, United-States, <=50K
50.045208,167042.08,8.985574,-137.31427,26.578287,44.36104, Self-emp-not-inc, HS-grad, Divorced, Exec-managerial, Unmarried, White, Male, United-States, <=50K
32.758835,104850.78,9.95759,89.72698,-14.68249,30.643917, Private, Some-college, Never-married, Adm-clerical, Unmarried, White, Female, United-States, <=50K
24.577063,171620.0,10.8757715,-231.8659,-5.9876204,42.776245, Private, Assoc-voc, Never-married, Transport-moving, Not-in-family, White, Male, United-States, <=50K
22.266096,58569.266,8.921488,671.74414,-14.212832,34.353317, Self-emp-inc, HS-grad, Never-married, Exec-managerial, Own-child, White, Male, United-States, <=50K
41.86854,81168.85,10.98196,140.318,21.097708,42.197353, Private, Assoc-voc, Married-civ-spouse, Prof-specialty, Husband, White, Male, United-States, >50K
54.320305,316891.62,9.035878,-437.04022,32.36121,63.56031, Self-emp-not-inc, HS-grad, Married-civ-spouse, Adm-clerical, Husband, White, Male, United-States, >50K
16.638344,75918.89,6.8086357,493.40814,-16.29088,22.751307, Local-gov, 11th, Never-married, Adm-clerical, Own-child, White, Male, United-States, <=50K
28.144453,275784.2,8.996516,75.203606,0.35706818,37.57402, Private, HS-grad, Married-civ-spouse, Other-service, Husband, White, Male, United-States, <=50K
43.657692,130136.37,9.052108,383.80542,-7.684016,37.88692, Private, HS-grad, Never-married, Machine-op-inspct, Not-in-family, White, Female, United-States, <=50K
45.084,135874.73,8.99349,-81.133,-1.4691342,40.049488, Private, HS-grad, Married-civ-spouse, Exec-managerial, Husband, White, Male, United-States, <=50K
42.836525,16107.204,9.006822,1100.2642,10.53806,50.86767, Self-emp-inc, HS-grad, Married-civ-spouse, Exec-managerial, Husband, White, Male, United-States, >50K
36.042686,206744.31,2.5243154,336.21954,-24.496492,50.06608, Private, HS-grad, Never-married, Craft-repair, Own-child, White, Male, United-States, <=50K
30.262358,249661.6,12.9977865,643.05707,19.525206,48.200924, Private, Bachelors, Married-civ-spouse, Adm-clerical, Husband, White, Male, United-States, <=50K
21.921194,279960.94,9.091804,-550.1214,1439.5768,47.314587, Private, HS-grad, Never-married, Other-service, Own-child, White, Male, United-States, <=50K
42.78365,60536.9,10.076708,1766.0209,16.318388,50.319237, Private, Some-college, Never-married, Adm-clerical, Not-in-family, White, Male, United-States, <=50K
20.615189,279668.06,6.932193,442.43988,-26.046999,49.81999, Private, 11th, Never-married, Other-service, Not-in-family, White, Male, United-States, <=50K
33.91665,485727.62,9.829517,1270.7473,28.305288,42.660633, Private, Some-college, Married-civ-spouse, Craft-repair, Husband, White, Male, United-States, >50K
49.58021,128778.19,9.094391,529.5195,-7.3204756,44.796368, Private, HS-grad, Separated, Machine-op-inspct, Unmarried, White, Female, United-States, <=50K
27.314299,189118.88,9.035774,314.39832,2.6150103,39.17938, Self-emp-inc, HS-grad, Married-civ-spouse, Craft-repair, Wife, White, Male, United-States, <=50K
22.940878,330243.5,12.598937,67.98278,30.293547,36.49263, Self-emp-not-inc, Bachelors, Married-civ-spouse, Exec-managerial, Wife, White, Female, United-States, >50K
41.482483,178435.19,2.968886,259.06458,-7.0881376,43.334244, Private, Some-college, Married-civ-spouse, Handlers-cleaners, Husband, White, Male, United-States, <=50K
58.8072,142603.02,12.013641,95.5714,12.0514345,41.138157, Private, Masters, Divorced, Sales, Not-in-family, White, Male, United-States, <=50K
21.876028,283870.5,9.936627,276.27045,5.9235735,47.145992, ?, Some-college, Never-married, ?, Not-in-family, White, Male, United-States, <=50K
22.78385,356215.7,3.6124415,-25.227482,-18.618006,22.827991, Private, HS-grad, Never-married, Other-service, Own-child, White, Male, United-States, <=50K
44.195007,288827.3,5.835512,76.855034,-17.687807,36.492516, Private, 10th, Separated, Other-service, Not-in-family, White, Female, United-States, <=50K
55.93488,76848.01,9.135135,-176.07391,19.806227,67.02192, Self-emp-not-inc, HS-grad, Married-civ-spouse, Sales, Husband, White, Male, United-States, <=50K
22.72756,117158.35,12.84653,-728.64764,-28.240816,12.0344925, Private, Bachelors, Never-married, Tech-support, Own-child, White, Female, United-States, <=50K
39.805054,406076.16,12.963162,1100.4198,5.777837,39.038647, Private, Bachelors, Never-married, Exec-managerial, Not-in-family, White, Male, United-States, >50K
61.077274,269400.7,12.488627,-224.12567,-8.450877,48.452198, State-gov, Bachelors, Married-civ-spouse, Protective-serv, Husband, White, Male, United-States, >50K
38.844585,108847.33,14.752862,13.483578,7.6408434,43.12927, Private, Assoc-acdm, Married-civ-spouse, Adm-clerical, Husband, White, Male, United-States, <=50K
24.334635,65094.242,10.964376,-5.3761635,16.80165,43.709976, Private, Assoc-voc, Married-civ-spouse, Prof-specialty, Husband, White, Male, United-States, <=50K
37.040985,279264.06,8.986425,306.32733,-10.4132185,64.44594, Private, HS-grad, Divorced, Farming-fishing, Not-in-family, White, Male, United-States, <=50K
20.510258,131449.02,10.956291,-821.79486,-7.7656813,32.088062, Federal-gov, Assoc-acdm, Never-married, Other-service, Own-child, White, Female, United-States, <=50K
28.667124,150933.11,6.621247,273.72943,2017.1255,41.673992, Private, 11th, Never-married, Transport-moving, Not-in-family, White, Male, United-States, <=50K
43.571346,231259.61,6.915532,749.13824,1.0153934,44.65589, Self-emp-inc, HS-grad, Married-civ-spouse, Craft-repair, Husband, White, Male, United-States, <=50K
36.79696,38158.016,13.453456,-178.54474,16.431051,43.968945, ?, Masters, Married-civ-spouse, ?, Husband, White, Male, United-States, <=50K
42.9786,174321.77,9.944144,783.1353,47.006725,55.954166, Self-emp-inc, Some-college, Married-civ-spouse, Sales, Husband, White, Male, United-States, >50K
22.269583,367948.62,9.051183,437.56927,7.4641848,39.692493, Private, HS-grad, Never-married, Adm-clerical, Own-child, White, Female, United-States, <=50K
23.244255,170272.77,7.600137,-457.8609,-3.2043715,6.689646, Private, 12th, Never-married, Sales, Not-in-family, White, Female, United-States, <=50K
53.377926,218865.69,9.018149,-65.76215,-0.71071136,41.55488, Self-emp-not-inc, HS-grad, Married-civ-spouse, Farming-fishing, Husband, White, Male, United-States, <=50K
41.949455,247145.4,8.997556,-169.62897,-17.137087,43.65374, Self-emp-not-inc, HS-grad, Divorced, Machine-op-inspct, Own-child, White, Male, United-States, <=50K
50.568336,285722.5,3.4789357,183.92938,-6.9302855,41.34893, Private, 10th, Married-civ-spouse, Craft-repair, Husband, White, Male, United-States, <=50K
34.07628,246994.34,9.952103,54.916927,-10.721995,40.001446, Private, Some-college, Never-married, Exec-managerial, Not-in-family, White, Male, United-States, <=50K
32.61796,170903.97,12.906308,-28.874699,24.537142,35.993713, Self-emp-not-inc, Bachelors, Never-married, Farming-fishing, Husband, White, Male, United-States, <=50K
31.918303,24136.734,11.144616,789.2702,-18.18947,35.49883, Private, Some-college, Never-married, Sales, Own-child, White, Male, United-States, >50K
58.193848,206337.78,10.090446,-22.33173,-4.042201,24.90965, Private, Some-college, Married-civ-spouse, Sales, Husband, White, Male, United-States, <=50K
30.642927,125833.805,9.138078,-95.380806,3.566327,32.65442, Private, HS-grad, Married-civ-spouse, Prof-specialty, Own-child, White, Female, United-States, <=50K
20.586737,139969.05,11.014454,790.6296,18.500624,39.666668, Private, Assoc-voc, Never-married, Craft-repair, Own-child, White, Male, United-States, >50K
20.521833,137082.61,9.049914,-113.63508,-12.854457,35.78451, Private, HS-grad, Never-married, Craft-repair, Own-child, White, Female, United-States, <=50K
47.38409,229790.72,9.929284,1197.3539,37.647285,48.740513, Self-emp-not-inc, Some-college, Married-civ-spouse, Exec-managerial, Husband, White, Male, United-States, >50K
18.871202,299463.4,8.2296715,250.3551,-3.8468199,38.58887, Private, 12th, Never-married, Adm-clerical, Own-child, White, Female, United-States, <=50K
35.066196,125871.54,9.85333,-1858.5266,1440.0833,54.65724, Private, Some-college, Married-spouse-absent, Sales, Unmarried, White, Female, United-States, <=50K
68.4301,277949.3,12.067762,696.9915,1687.3918,15.706228, Self-emp-not-inc, Assoc-acdm, Married-civ-spouse, Craft-repair, Husband, White, Male, United-States, <=50K
40.862186,213025.36,10.002016,222.9187,10.171903,54.732983, Private, Some-college, Married-civ-spouse, Craft-repair, Husband, White, Male, United-States, <=50K
52.8716,173658.84,9.133133,228.91327,27.63185,30.563194, Local-gov, HS-grad, Married-civ-spouse, Adm-clerical, Wife, White, Female, United-States, <=50K
32.69903,173874.8,9.84199,488.92493,9.204656,38.34371, Private, Some-college, Never-married, Other-service, Not-in-family, White, Female, United-States, <=50K
30.041483,118369.93,9.076871,146.40155,1.5737506,46.766567, Private, HS-grad, Never-married, Sales, Own-child, White, Female, United-States, >50K
36.05102,74917.71,12.96988,934.3059,5.424878,40.092857, Private, Bachelors, Divorced, Prof-specialty, Not-in-family, White, Female, United-States, >50K
21.904701,86765.37,8.913234,215.67206,-14.960704,39.87131, Private, HS-grad, Never-married, Other-service, Unmarried, White, Male, United-States, <=50K
45.922302,243401.8,4.4652333,-3.1912272,-6.135379,44.305065, Private, 10th, Divorced, Other-service, Not-in-family, White, Female, United-States, <=50K
30.309097,243142.27,9.96636,-202.00226,-18.652597,21.875532, Self-emp-not-inc, Some-college, Separated, Other-service, Not-in-family, White, Female, United-States, <=50K
40.614132,254275.73,9.052459,272.4591,-11.522334,39.6981, State-gov, HS-grad, Never-married, Adm-clerical, Unmarried, White, Male, United-States, <=50K
22.255976,261497.36,9.856281,110.70806,-25.875391,46.652634, Private, Some-college, Widowed, Other-service, Other-relative, White, Female, United-States, <=50K
21.462276,152855.06,9.96512,271.30707,-5.042964,33.130157, Local-gov, Some-college, Never-married, Other-service, Own-child, White, Male, United-States, <=50K
36.970394,257408.42,9.055759,1060.4126,-10.779429,28.18949, Private, HS-grad, Divorced, Adm-clerical, Unmarried, White, Female, United-States, <=50K
42.58996,67909.47,13.708788,15528.499,42.31511,105.052605, Private, Masters, Married-civ-spouse, Exec-managerial, Husband, White, Male, United-States, >50K
47.392082,127819.55,9.850262,37.792904,-2.4862928,40.983418, Private, Some-college, Married-civ-spouse, Other-service, Husband, White, Male, United-States, <=50K
31.105461,191895.48,9.92258,131.62097,18.609762,41.295624, Private, Some-college, Married-civ-spouse, Handlers-cleaners, Husband, White, Male, United-States, >50K
41.18895,203790.42,12.957524,-50.446964,10.350049,58.588757, Private, Bachelors, Married-civ-spouse, Exec-managerial, Husband, White, Male, United-States, >50K
25.086052,99623.234,8.887857,106.886345,75.69648,42.328484, Private, HS-grad, Never-married, Other-service, Own-child, White, Male, United-States, <=50K
22.01494,171303.53,9.977339,498.4406,-39.43162,15.109722, Private, Some-college, Never-married, Tech-support, Other-relative, White, Male, United-States, <=50K
67.62432,225385.03,4.0826554,167.06189,-15.501315,39.796062, ?, 12th, Married-civ-spouse, ?, Husband, White, Male, United-States, <=50K
37.563744,201716.31,12.954896,-346.92596,5.6640673,41.410038, Private, Bachelors, Divorced, Craft-repair, Not-in-family, White, Female, United-States, <=50K
29.275572,458152.1,8.480375,1409.1688,16.507223,47.86548, Private, HS-grad, Married-civ-spouse, Handlers-cleaners, Husband, White, Male, United-States, <=50K
25.400644,82317.92,12.812331,-31.6236,9.082181,44.16408, Private, Bachelors, Never-married, Prof-specialty, Not-in-family, White, Male, United-States, >50K
42.932735,206048.11,9.061465,241.39117,0.04274474,30.987148, Private, HS-grad, Never-married, Adm-clerical, Not-in-family, White, Female, United-States, <=50K
59.13852,208882.0,9.046086,-249.63226,4.9407244,33.259766, Private, HS-grad, Married-civ-spouse, Craft-repair, Husband, White, Male, United-States, <=50K
52.774307,230874.4,9.658031,2256.2603,36.713528,60.884792, Private, Some-college, Married-civ-spouse, Machine-op-inspct, Husband, White, Male, United-States, >50K
21.370686,56613.375,9.894945,-782.472,-9.986125,36.247837, Private, Some-college, Separated, Other-service, Own-child, White, Male, United-States, <=50K
48.934902,102791.234,10.625053,105.42547,12.629628,80.191216, Private, Some-college, Divorced, Exec-managerial, Husband, White, Male, United-States, >50K
30.920027,104341.59,9.019048,162.60077,4.80943,45.08172, Self-emp-not-inc, HS-grad, Married-civ-spouse, Craft-repair, Husband, White, Male, United-States, <=50K
54.043953,200361.45,13.141519,-1187.5764,-5.9591627,64.89823, Private, Bachelors, Married-spouse-absent, Priv-house-serv, Other-relative, White, Female, United-States, <=50K
43.186485,281354.34,9.002359,-143.1994,-23.163744,27.983538, Private, HS-grad, Divorced, Other-service, Not-in-family, White, Female, United-States, <=50K
32.75953,147700.56,9.1066475,-175.06525,5.7902575,52.207577, Private, HS-grad, Married-civ-spouse, Craft-repair, Wife, White, Female, United-States, <=50K
28.689575,149816.55,9.130888,35.449337,-15.577685,9.967424, Self-emp-not-inc, HS-grad, Never-married, Sales, Unmarried, White, Male, United-States, <=50K
17.427387,174924.9,9.049919,-305.21393,-10.478068,13.0839405, ?, HS-grad, Never-married, ?, Own-child, White, Female, United-States, <=50K
38.504993,234651.84,12.517291,392.4184,-7.3492155,55.844513, State-gov, Assoc-acdm, Married-civ-spouse, Adm-clerical, Husband, White, Male, United-States, <=50K
27.489765,140985.7,9.970437,277.25745,14.264035,49.038483, Private, Some-college, Married-civ-spouse, Machine-op-inspct, Husband, White, Male, United-States, <=50K
43.704075,133204.2,3.3212357,-671.3758,-48.036068,55.189438, Private, Some-college, Married-spouse-absent, Other-service, Unmarried, White, Female, United-States, <=50K
55.1719,142073.25,9.089431,303.64008,32.02645,40.853065, Without-pay, HS-grad, Married-civ-spouse, Transport-moving, Husband, White, Male, United-States, <=50K
17.884123,103383.45,7.5306163,152.15344,-12.002086,20.993916, Private, 10th, Never-married, Sales, Own-child, White, Female, United-States, <=50K
18.382917,136462.47,7.0878243,648.2855,3.308591,39.087894, Private, 11th, Never-married, Sales, Own-child, White, Male, United-States, <=50K
24.849627,214945.0,9.045971,-81.82844,-20.228746,15.396919, Private, HS-grad, Never-married, Handlers-cleaners, Own-child, White, Male, United-States, <=50K
42.029217,226865.31,8.966577,-505.1469,-18.603151,39.556206, Private, HS-grad, Divorced, Other-service, Own-child, White, Female, United-States, <=50K
61.370827,111877.19,9.124083,284.31372,-12.247638,-2.545645, ?, HS-grad, Married-civ-spouse, ?, Husband, White, Male, United-States, <=50K
37.426285,187918.1,11.072509,22005.434,28.80593,49.59976, Private, Assoc-voc, Married-civ-spouse, Handlers-cleaners, Husband, White, Male, United-States, >50K
34.848907,318838.66,12.88934,93.118706,29.860697,60.678284, Self-emp-not-inc, Bachelors, Married-civ-spouse, Exec-managerial, Husband, White, Male, United-States, >50K
35.397095,138716.31,9.925671,-63.73859,6.031705,29.296919, Private, Some-college, Divorced, Exec-managerial, Unmarried, White, Female, United-States, <=50K
53.03967,137225.2,9.931218,567.16864,-20.459116,18.868658, Private, Some-college, Never-married, Handlers-cleaners, Not-in-family, White, Female, United-States, <=50K
46.878838,124482.58,9.380914,-254.58002,-16.469515,37.998154, Private, Some-college, Never-married, Adm-clerical, Own-child, White, Female, United-States, <=50K
48.175526,171651.61,5.7931,513.1487,-1.3031415,39.20219, Private, 10th, Divorced, Machine-op-inspct, Not-in-family, White, Female, United-States, <=50K
43.60172,111568.484,12.910154,-343.70685,-5.405505,35.92808, Private, Bachelors, Divorced, Exec-managerial, Unmarried, White, Female, United-States, <=50K
29.153822,164655.47,12.9382,3991.2534,3.194089,44.85566, Local-gov, Bachelors, Married-civ-spouse, Protective-serv, Husband, White, Male, United-States, >50K
38.94292,117447.38,9.959737,1580.2253,16.801138,64.22325, Self-emp-not-inc, Some-college, Married-civ-spouse, Exec-managerial, Husband, White, Male, United-States, >50K
50.741947,250007.69,11.056335,-722.2874,32.827217,60.11058, Private, Assoc-voc, Married-civ-spouse, Prof-specialty, Husband, White, Male, United-States, >50K
27.300993,164274.72,11.965866,424.24506,-12.3007765,28.053839, Private, Assoc-acdm, Never-married, Other-service, Unmarried, White, Male, United-States, <=50K
32.481796,628382.0,9.054486,-540.2718,27.334898,32.47331, Self-emp-not-inc, HS-grad, Married-civ-spouse, Transport-moving, Husband, White, Male, United-States, <=50K
33.021313,355201.72,12.795982,108.29656,0.10097991,24.35948, Private, Bachelors, Divorced, Farming-fishing, Unmarried, White, Female, United-States, <=50K
29.017048,211793.52,9.916085,195.65051,16.17935,52.592762, Private, Some-college, Married-civ-spouse, Exec-managerial, Husband, White, Male, United-States, <=50K
19.936716,91476.66,9.899367,2690.51,17.268766,41.329388, Private, Some-college, Never-married, Machine-op-inspct, Own-child, White, Female, United-States, <=50K
39.611168,407585.8,11.962641,-575.3787,-1.9297284,42.673237, Federal-gov, Assoc-acdm, Divorced, Adm-clerical, Not-in-family, White, Female, United-States, <=50K
35.554752,313316.6,3.5972576,-295.25116,-10.508502,6.678087, Private, 10th, Married-civ-spouse, Other-service, Husband, White, Male, United-States, <=50K
38.9689,28500.875,9.099133,-138.72272,34.144943,39.57249, Private, HS-grad, Married-civ-spouse, Sales, Husband, White, Male, United-States, >50K
24.51549,145657.34,9.033335,102.67974,13.287564,42.569813, Private, HS-grad, Never-married, Adm-clerical, Unmarried, White, Female, United-States, <=50K
49.227127,142662.22,8.997224,-146.35992,3.8120394,43.043175, Private, HS-grad, Married-civ-spouse, Sales, Husband, White, Male, United-States, <=50K
47.675434,174770.86,3.8617582,-716.38824,-15.297931,29.63953, Private, HS-grad, Divorced, Sales, Other-relative, White, Male, United-States, <=50K
42.693382,129281.336,9.941024,8404.5,4.0945024,37.10262, Private, Some-college, Divorced, Exec-managerial, Not-in-family, White, Male, United-States, <=50K
47.976013,128709.734,12.952718,42.606136,5.4872103,47.170788, Private, Bachelors, Married-civ-spouse, Exec-managerial, Husband, White, Male, United-States, <=50K
35.50802,133454.52,10.028279,-61.053654,-10.413409,38.49213, Private, Some-college, Divorced, Adm-clerical, Not-in-family, White, Female, United-States, <=50K
47.456684,362229.6,9.879714,269.5962,2.5901003,30.41131, Private, Some-college, Never-married, Sales, Not-in-family, White, Male, United-States, <=50K
62.598072,155195.64,9.006208,180.02997,12.290441,40.098133, Private, HS-grad, Married-civ-spouse, Craft-repair, Husband, White, Male, United-States, >50K
60.244312,393381.7,9.896141,-26.482975,49.031208,41.184895, Private, Some-college, Married-civ-spouse, Exec-managerial, Husband, White, Male, United-States, >50K
33.78481,106856.05,13.006774,-193.78473,25.993704,56.50357, Private, Bachelors, Married-civ-spouse, Exec-managerial, Husband, White, Male, United-States, >50K
46.533413,170965.97,12.892541,-102.39582,0.8516437,44.429607, Private, Bachelors, Married-civ-spouse, Machine-op-inspct, Husband, White, Male, United-States, <=50K
22.550892,454481.44,9.8710375,56.59747,-10.502772,31.268734, Private, Some-college, Never-married, Other-service, Own-child, White, Female, United-States, <=50K
32.395428,37779.86,9.506082,295.3004,8.801541,43.386864, Private, HS-grad, Married-civ-spouse, Handlers-cleaners, Husband, White, Male, United-States, >50K
57.590557,153274.83,9.080075,-451.56366,16.847769,47.96379, Private, HS-grad, Widowed, Craft-repair, Not-in-family, White, Male, United-States, <=50K
40.0814,267193.47,14.128412,-99.93244,1.9786884,35.4959, Local-gov, Masters, Never-married, Prof-specialty, Unmarried, White, Female, United-States, <=50K
17.216846,461279.12,12.987941,342.9831,-12.985126,45.710217, Private, Bachelors, Never-married, Sales, Other-relative, White, Male, United-States, <=50K
27.72906,155300.86,2.9289536,182.06628,-28.735239,35.872726, Private, Some-college, Married-civ-spouse, Other-service, Husband, White, Male, United-States, <=50K
35.40708,65833.85,13.836394,294.0271,17.633314,52.29328, Private, Masters, Married-civ-spouse, Exec-managerial, Husband, White, Male, United-States, >50K
40.40827,193400.72,11.106869,119.709465,23.805532,47.11083, Private, Assoc-acdm, Divorced, Craft-repair, Not-in-family, White, Female, United-States, <=50K
64.04645,179551.1,10.587446,1181.8905,-4.81145,53.215355, ?, Assoc-voc, Separated, ?, Unmarried, White, Female, United-States, <=50K
62.559437,226288.52,9.0386305,1617.3486,7.5676165,23.86554, Private, HS-grad, Married-civ-spouse, Adm-clerical, Husband, White, Male, United-States, <=50K
44.590065,228354.52,9.916917,326.16742,26.090242,47.95085, Private, Some-college, Married-civ-spouse, Machine-op-inspct, Husband, White, Male, United-States, <=50K
31.80483,213510.02,12.405977,-442.69293,-9.188495,44.555496, ?, Bachelors, Widowed, ?, Not-in-family, White, Male, United-States, <=50K
70.27338,161834.44,9.110671,-88.93757,9.527295,39.722687, ?, HS-grad, Married-civ-spouse, ?, Husband, White, Male, United-States, <=50K
58.723568,145387.34,11.854885,-233.27057,-13.565158,37.279396, Federal-gov, Assoc-acdm, Married-civ-spouse, Craft-repair, Husband, White, Male, United-States, <=50K
41.732666,200906.0,12.999314,15870.957,33.53575,70.51944, ?, Bachelors, Married-civ-spouse, ?, Husband, White, Male, United-States, >50K
22.95394,398094.25,8.981085,143.11627,-5.164607,34.89418, Private, HS-grad, Never-married, Sales, Own-child, White, Male, United-States, <=50K
31.592506,42295.094,9.908854,465.5476,23.48982,40.75734, Private, Some-college, Married-civ-spouse, Exec-managerial, Husband, White, Male, United-States, >50K
25.17089,183185.67,13.347151,-1614.2251,6.0021715,82.39233, Federal-gov, Masters, Never-married, Exec-managerial, Not-in-family, White, Male, United-States, <=50K
39.453205,418246.06,13.973388,41.76196,52.6011,41.91761, Self-emp-not-inc, Masters, Widowed, Sales, Not-in-family, White, Male, United-States, <=50K
28.700182,125154.3,9.283051,1213.3356,-24.09685,28.135181, Self-emp-inc, HS-grad, Married-civ-spouse, Sales, Husband, White, Male, United-States, >50K
42.291523,93254.13,9.092935,40.561214,-17.32931,39.591812, Private, HS-grad, Never-married, Adm-clerical, Own-child, White, Female, United-States, <=50K
33.51305,298015.34,10.06564,191.31177,-3.8084593,44.459343, Private, Some-college, Never-married, Other-service, Not-in-family, White, Male, United-States, <=50K
31.033916,156314.77,13.093895,290.21033,-4.46741,43.355595, Private, Bachelors, Married-civ-spouse, Sales, Husband, White, Male, United-States, <=50K
21.73164,86614.97,13.017355,1082.2728,-0.81455505,34.56256, Private, Bachelors, Married-civ-spouse, Other-service, Husband, White, Male, United-States, <=50K
36.87104,218973.72,11.953524,801.5048,24.77479,68.496666, Self-emp-not-inc, Assoc-acdm, Married-spouse-absent, Machine-op-inspct, Not-in-family, White, Male, United-States, <=50K
26.626488,106285.336,8.986357,1036.9945,0.058323964,39.650146, Private, HS-grad, Married-civ-spouse, Sales, Husband, White, Male, United-States, <=50K
63.741047,29346.469,10.835437,1490.8593,31.630465,32.906723, Private, Some-college, Married-civ-spouse, Sales, Husband, White, Male, United-States, <=50K
52.959805,125597.24,9.039603,433.73376,4.0105944,38.376797, Private, HS-grad, Married-civ-spouse, Craft-repair, Husband, White, Male, United-States, <=50K
43.75453,285714.06,4.0880437,80.0371,7.052327,42.74857, Private, HS-grad, Married-civ-spouse, Sales, Husband, White, Male, United-States, <=50K
29.136068,140585.9,4.471656,-107.21992,-6.2753706,45.13223, Private, 12th, Married-civ-spouse, Craft-repair, Husband, White, Male, United-States, >50K
34.436165,184683.9,9.001946,-740.9731,-28.898325,46.814114, Private, HS-grad, Never-married, Craft-repair, Other-relative, White, Male, United-States, <=50K
32.146847,198770.94,6.8427644,191.22015,10.491216,40.087692, Private, 11th, Married-civ-spouse, Craft-repair, Husband, White, Male, United-States, <=50K
29.927221,316879.06,12.392531,4380.7793,27.19742,43.740883, Self-emp-not-inc, Bachelors, Married-civ-spouse, Exec-managerial, Husband, White, Male, United-States, >50K
43.453457,79028.3,9.425587,-232.40692,-6.071826,76.46874, Private, Bachelors, Married-civ-spouse, Transport-moving, Husband, White, Male, United-States, >50K
49.777657,116145.42,8.99835,166.25061,-12.845172,34.979652, Private, HS-grad, Separated, Adm-clerical, Unmarried, White, Female, United-States, <=50K
53.148666,201549.27,9.589981,-1206.4048,2491.2966,49.928455, Private, Some-college, Divorced, Other-service, Not-in-family, White, Male, United-States, >50K
34.44521,169834.81,8.984034,126.62646,-17.411226,45.28931, Private, HS-grad, Never-married, Other-service, Not-in-family, White, Male, United-States, <=50K
73.9008,86794.58,8.822443,-879.587,-0.14355744,23.00222, ?, HS-grad, Widowed, Other-service, Not-in-family, White, Female, United-States, <=50K
52.90601,223867.88,12.946112,426.21143,24.2935,41.962376, Self-emp-not-inc, Bachelors, Married-civ-spouse, Tech-support, Husband, White, Male, United-States, >50K
48.957424,298653.97,8.923052,4735.967,-13.717547,41.267017, Private, HS-grad, Married-civ-spouse, Other-service, Husband, White, Male, United-States, <=50K
23.955193,202458.1,8.98439,275.578,-7.0356703,37.74024, Private, HS-grad, Married-civ-spouse, Machine-op-inspct, Husband, White, Male, United-States, <=50K
44.33161,192730.39,10.001968,-526.352,0.19295989,41.58914, State-gov, Assoc-voc, Divorced, Protective-serv, Not-in-family, White, Male, United-States, <=50K
21.729897,201604.12,12.986678,91.123955,-12.6178465,34.22601, State-gov, Bachelors, Never-married, Prof-specialty, Not-in-family, White, Male, United-States, <=50K
53.863068,133818.89,13.072968,6.4740562,8.700948,44.95637, Private, Bachelors, Married-civ-spouse, Craft-repair, Husband, White, Male, United-States, <=50K
59.02734,196306.33,13.757055,3398.7153,51.939064,38.222916, Local-gov, Masters, Married-civ-spouse, Exec-managerial, Wife, White, Female, United-States, >50K
53.559456,108305.51,15.560572,149.49481,9.259831,46.70067, Federal-gov, Assoc-acdm, Married-civ-spouse, Prof-specialty, Husband, White, Male, United-States, >50K
47.30648,353651.94,9.938877,-4.3952065,44.549107,48.292843, Private, Some-college, Married-civ-spouse, Exec-managerial, Husband, White, Male, United-States, >50K
26.432768,227165.95,5.0075774,-348.05853,-20.784655,36.046967, Private, HS-grad, Never-married, Craft-repair, Not-in-family, White, Female, United-States, <=50K
43.19764,261740.69,9.573948,5.5739098,15.515096,37.118916, Federal-gov, 12th, Married-civ-spouse, Craft-repair, Husband, White, Male, United-States, >50K
23.48217,112751.44,8.893393,-2.817448,67.76119,88.31026, Private, HS-grad, Married-civ-spouse, Transport-moving, Husband, White, Male, United-States, <=50K
54.952652,209038.0,8.932982,-455.90643,0.034245595,33.362637, Private, HS-grad, Divorced, Other-service, Unmarried, White, Female, United-States, <=50K
49.956863,191710.42,13.577894,-1310.5491,25.957857,42.008537, Federal-gov, Bachelors, Divorced, Adm-clerical, Not-in-family, White, Female, United-States, <=50K
22.61654,182887.17,9.985152,146.27527,18.543104,47.459248, Private, Some-college, Divorced, Other-service, Not-in-family, White, Female, United-States, <=50K
36.488087,181886.19,9.058116,340.51508,23.826612,76.41198, Private, HS-grad, Married-civ-spouse, Sales, Husband, White, Male, United-States, >50K
24.119114,375831.06,9.134487,-617.5317,1964.9661,45.32488, Private, HS-grad, Married-civ-spouse, Craft-repair, Husband, White, Male, United-States, >50K
19.761467,324479.62,9.9564495,392.24927,-3.2469893,30.48407, Private, Some-college, Never-married, Adm-clerical, Not-in-family, White, Female, United-States, <=50K
34.30779,87471.67,9.920337,1568.5619,1.5707828,45.325123, Private, Some-college, Married-civ-spouse, Transport-moving, Husband, White, Male, United-States, <=50K
23.590616,142246.33,9.857194,361.50482,-7.213313,43.677742, Private, Some-college, Never-married, Other-service, Unmarried, White, Female, United-States, <=50K
47.38064,137326.47,8.971646,356.15326,-7.9142714,49.05118, Private, HS-grad, Married-civ-spouse, Other-service, Husband, White, Male, United-States, <=50K
24.570179,169615.7,13.005165,2491.7197,-8.462901,52.763428, Private, Bachelors, Never-married, Craft-repair, Not-in-family, White, Male, United-States, <=50K
20.828583,335986.4,9.38044,1007.1542,-9.774402,42.738304, Self-emp-not-inc, HS-grad, Married-civ-spouse, Sales, Husband, White, Male, United-States, <=50K
30.193127,124231.984,10.325174,152.19519,6.005368,33.223114, Private, Assoc-voc, Married-civ-spouse, Craft-repair, Husband, White, Male, United-States, <=50K
30.544613,381015.47,9.928379,209.591,24.691858,21.71635, ?, Some-college, Married-civ-spouse, ?, Husband, White, Male, United-States, <=50K
35.71444,301499.5,9.787996,552.07587,7.9952517,65.50985, Private, Some-college, Never-married, Exec-managerial, Not-in-family, White, Male, United-States, >50K
21.282045,385624.8,9.918348,-46.825993,7.6765184,43.493465, Private, Some-college, Never-married, Craft-repair, Own-child, White, Male, United-States, <=50K
52.682175,183330.81,9.172246,-181.53864,-7.4163694,27.671032, Self-emp-not-inc, HS-grad, Married-civ-spouse, Adm-clerical, Husband, White, Male, United-States, <=50K
46.32153,119046.52,9.045028,-61.87604,14.651662,39.586514, Self-emp-not-inc, HS-grad, Divorced, Other-service, Unmarried, White, Female, United-States, <=50K
47.758232,174320.33,9.04425,-0.70795083,-21.407366,41.79337, Private, HS-grad, Widowed, Other-service, Unmarried, White, Female, United-States, <=50K
53.597645,131294.27,12.060972,1011.13055,25.155268,35.921154, ?, Assoc-acdm, Married-civ-spouse, Tech-support, Husband, White, Male, United-States, >50K
33.69481,122842.125,11.435074,351.78918,-1.3930997,49.614964, Private, Bachelors, Never-married, Other-service, Not-in-family, White, Male, United-States, <=50K
27.621979,361575.25,9.90799,7990.1934,-4.1846952,49.066883, Private, Some-college, Married-civ-spouse, Machine-op-inspct, Husband, White, Male, United-States, >50K
40.197865,200542.31,10.070921,-164.2868,27.230688,41.709106, Local-gov, Some-college, Married-civ-spouse, Adm-clerical, Wife, White, Female, United-States, <=50K
35.707474,79913.516,12.8415365,-116.65864,8.9374895,45.72826, Private, Bachelors, Divorced, Sales, Not-in-family, White, Male, United-States, <=50K
31.586538,197623.5,10.834974,-298.30804,7.8473635,49.702244, Private, Assoc-voc, Married-civ-spouse, Craft-repair, Husband, White, Male, United-States, <=50K
25.64092,195707.08,11.19157,502.87805,19.09947,37.756165, Private, Assoc-voc, Never-married, Adm-clerical, Not-in-family, White, Female, United-States, <=50K
52.11051,216630.75,10.178128,-751.48737,38.32439,36.322514, Private, Some-college, Widowed, Other-service, Unmarried, White, Female, United-States, <=50K
39.86171,135156.2,11.022196,1312.4396,23.042364,33.032135, State-gov, Assoc-voc, Divorced, ?, Unmarried, White, Female, United-States, >50K
39.706257,324556.25,9.876352,119.58886,-2.222064,35.948673, Private, Some-college, Divorced, Sales, Unmarried, White, Female, United-States, <=50K
57.746964,222964.52,9.016063,517.0097,-12.179576,51.269768, Private, HS-grad, Never-married, Handlers-cleaners, Not-in-family, White, Male, United-States, <=50K
37.444054,123482.66,11.515477,-101.52424,-10.88798,35.611797, Private, Bachelors, Never-married, Other-service, Not-in-family, White, Female, United-States, <=50K
20.648104,144353.42,13.044467,77.89599,5.3563585,17.297424, Private, Bachelors, Never-married, Farming-fishing, Other-relative, White, Male, United-States, <=50K
46.93735,50720.484,13.808307,643.58746,20.115393,63.181973, Private, Bachelors, Divorced, Prof-specialty, Unmarried, White, Female, United-States, >50K
51.300797,349111.97,9.018701,126.03277,16.492422,37.3812, Private, HS-grad, Married-civ-spouse, Prof-specialty, Husband, White, Male, United-States, >50K
30.963423,135847.83,13.670314,-268.41278,31.52992,44.17469, Private, Masters, Widowed, Prof-specialty, Not-in-family, White, Male, United-States, >50K
50.58667,307766.12,9.010828,-17.853458,33.289444,47.217392, Private, HS-grad, Married-civ-spouse, Exec-managerial, Husband, White, Male, United-States, >50K
46.89647,202816.66,9.059063,451.4922,3.9408617,41.94802, Private, HS-grad, Married-civ-spouse, Other-service, Husband, White, Male, United-States, >50K
48.377613,369758.22,13.121726,4050.3228,434.13547,50.602432, Self-emp-inc, Bachelors, Married-civ-spouse, Sales, Husband, White, Male, United-States, >50K
44.610634,120483.41,9.951804,-427.40656,6.1814775,33.338512, Private, Some-college, Married-civ-spouse, Exec-managerial, Wife, White, Female, United-States, <=50K
42.978683,142503.1,12.913456,-352.94415,8.38503,49.40175, Private, Bachelors, Divorced, Exec-managerial, Not-in-family, White, Female, United-States, <=50K
27.40563,186485.05,9.073244,-333.87347,-1.149516,41.33905, Private, HS-grad, Married-civ-spouse, Sales, Husband, White, Male, United-States, <=50K
34.01703,135884.14,9.978022,-7.191471,-1.1451825,39.25027, Private, Some-college, Married-civ-spouse, Craft-repair, Husband, White, Male, United-States, <=50K
35.853218,171493.25,9.077757,-114.146675,1.6451617,38.628708, Private, HS-grad, Married-civ-spouse, Craft-repair, Husband, White, Male, United-States, <=50K
38.86701,295579.9,9.927974,16.70477,4.0816393,41.184597, Private, Some-college, Never-married, Exec-managerial, Not-in-family, White, Female, United-States, <=50K
57.169846,92258.99,8.954514,292.99255,8.1486025,50.220592, Private, HS-grad, Married-civ-spouse, Sales, Husband, White, Male, United-States, >50K
32.060978,87390.06,13.618534,385.2895,1518.0657,53.7801, Self-emp-not-inc, Masters, Never-married, Sales, Own-child, White, Female, United-States, <=50K
44.46318,303620.8,7.2181406,-711.04193,2155.1982,47.73802, Self-emp-not-inc, 11th, Married-civ-spouse, Craft-repair, Husband, White, Male, United-States, >50K
61.196358,462063.47,4.473314,-213.96771,4.062909,33.392063, Private, HS-grad, Married-civ-spouse, Craft-repair, Husband, White, Male, United-States, >50K
33.992786,159919.78,10.807571,573.2266,-10.692149,38.36254, Private, Bachelors, Never-married, Sales, Own-child, White, Female, United-States, <=50K
50.646526,91772.16,13.286724,355.9204,-11.4696,53.53843, Federal-gov, Bachelors, Married-civ-spouse, Prof-specialty, Husband, White, Male, United-States, <=50K
59.627308,130659.46,4.8134193,319.8249,2019.5336,63.612984, Private, Some-college, Married-civ-spouse, Craft-repair, Husband, White, Male, United-States, >50K
30.719517,279931.16,5.540907,-367.42035,-8.531688,27.911509, Private, 10th, Never-married, Other-service, Own-child, White, Female, United-States, <=50K
58.91978,210876.98,13.025752,212.72577,5.8624773,35.13587, Private, Bachelors, Married-civ-spouse, Machine-op-inspct, Husband, White, Male, United-States, <=50K
22.58226,100988.52,3.401842,301.81354,-10.282077,38.33315, Local-gov, Some-college, Never-married, Other-service, Own-child, White, Female, United-States, <=50K
32.848854,127600.945,8.960874,-192.42218,-14.047938,42.516994, Private, HS-grad, Divorced, Transport-moving, Not-in-family, White, Male, United-States, <=50K
38.407604,273746.38,9.862343,793.0218,1869.2308,34.996437, Self-emp-not-inc, Some-college, Married-civ-spouse, Sales, Husband, White, Male, United-States, <=50K
26.983046,166745.34,9.05697,215.30396,-1.7848996,23.465483, Private, HS-grad, Married-civ-spouse, Exec-managerial, Wife, White, Female, United-States, <=50K
68.19523,169891.05,9.932834,269.9096,-21.024431,34.26317, Private, Some-college, Divorced, Other-service, Unmarried, White, Male, United-States, <=50K
38.64439,173947.55,13.085295,147.99774,1685.4752,40.037426, Private, Bachelors, Married-civ-spouse, Prof-specialty, Husband, White, Male, United-States, <=50K
44.676632,188884.7,9.044919,590.2324,5.478841,42.66333, Private, HS-grad, Never-married, Adm-clerical, Not-in-family, White, Male, United-States, <=50K
16.185675,568129.56,10.860483,-351.0688,1216.0374,32.02267, Private, HS-grad, Never-married, Adm-clerical, Own-child, White, Male, United-States, <=50K
56.339718,124757.68,9.012355,151.02594,31.581446,52.241486, Private, HS-grad, Married-civ-spouse, Exec-managerial, Husband, White, Male, United-States, >50K
61.735443,189627.72,9.971097,-408.11517,-2.7738676,17.720587, Private, Some-college, Married-civ-spouse, Prof-specialty, Husband, White, Male, United-States, <=50K
19.460663,141669.38,9.958962,271.90277,-5.3329725,41.21951, Private, Some-college, Never-married, Sales, Own-child, White, Male, United-States, <=50K
29.281992,134521.8,9.903081,567.0184,-24.277819,35.507843, Private, HS-grad, Married-civ-spouse, Handlers-cleaners, Husband, White, Male, United-States, <=50K
38.799652,304077.2,2.9733658,-340.34406,2229.048,59.11212, Private, 12th, Divorced, Tech-support, Not-in-family, White, Male, United-States, >50K
25.107452,169262.39,9.000636,-285.45648,7.093831,41.849865, Private, HS-grad, Divorced, Sales, Own-child, White, Female, United-States, <=50K
53.251762,145465.02,11.059328,6785.1895,23.900614,41.912334, Private, Assoc-voc, Divorced, Sales, Not-in-family, White, Male, United-States, >50K
29.690088,192850.16,13.768182,497.88214,17.874975,61.29236, Private, Masters, Married-civ-spouse, Prof-specialty, Husband, White, Male, United-States, <=50K
37.01223,168302.36,12.989227,-43.311222,-6.0346556,41.898052, Private, Bachelors, Divorced, Other-service, Unmarried, White, Female, United-States, <=50K
24.582235,323519.03,6.5659003,-274.07,-33.77344,45.78111, Private, 11th, Never-married, Machine-op-inspct, Unmarried, White, Female, United-States, <=50K
28.616056,365867.94,5.30702,-1.4021647,13.214688,51.72758, Private, Some-college, Married-civ-spouse, Adm-clerical, Husband, White, Male, United-States, <=50K
64.40661,252704.56,9.841129,-762.4704,28.408743,43.973446, Federal-gov, Some-college, Widowed, Machine-op-inspct, Not-in-family, White, Female, United-States, <=50K
30.862604,166067.64,10.006503,52.13635,1.3201648,48.673393, Private, Some-college, Never-married, Exec-managerial, Not-in-family, White, Male, United-States, >50K
25.567648,226140.08,9.005485,364.46796,-12.118709,38.696857, Private, HS-grad, Never-married, Other-service, Not-in-family, White, Female, United-States, <=50K
27.896408,84047.46,12.884921,-0.8524821,-0.48879516,41.960423, Private, Bachelors, Married-civ-spouse, Sales, Husband, White, Male, United-States, <=50K
48.164043,298402.28,13.621293,-423.19183,19.28169,37.048042, Federal-gov, Masters, Married-civ-spouse, Prof-specialty, Husband, White, Male, United-States, >50K
36.074875,130821.39,9.015004,168.8717,-0.22799195,41.673813, Private, HS-grad, Married-civ-spouse, Craft-repair, Husband, White, Male, United-States, <=50K
