39, 77516, 13, 2174, 0, 40, State-gov, Bachelors, Never-married, Adm-clerical, Not-in-family, White, Male, United-States, <=50K
51.29367,117044.49,5.8624063,-1505.3184,12.523648,36.169888, Local-gov, 10th, Married-civ-spouse, Prof-specialty, Husband, White, Male, United-States, >50K
25.182217,39734.53,13.00824,535.68866,2.7874117,35.70227, Self-emp-not-inc, Bachelors, Married-civ-spouse, Sales, Husband, White, Male, United-States, <=50K
21.895481,311730.3,10.076537,356.32336,18.814077,44.310757, ?, Some-college, Never-married, Tech-support, Own-child, White, Male, United-States, <=50K
50.26335,203003.06,9.1446295,441.77692,0.20561706,40.979504, Private, HS-grad, Never-married, Exec-managerial, Not-in-family, White, Male, United-States, <=50K
19.09425,297428.22,7.152222,511.2577,1.9245044,27.405155, Private, 10th, Never-married, Handlers-cleaners, Own-child, White, Male, United-States, <=50K
30.941198,35181.39,13.084086,-116.92878,-25.94565,41.926247, Private, Bachelors, Never-married, Exec-managerial, Own-child, White, Female, United-States, <=50K
50.639305,177436.77,10.032577,952.26965,-9.639506,49.903744, Private, Some-college, Married-civ-spouse, Farming-fishing, Wife, White, Female, United-States, >50K
45.08337,256376.4,9.060682,597.82996,-7.9640837,40.474934, Local-gov, HS-grad, Divorced, Exec-managerial, Not-in-family, White, Male, United-States, >50K
18.35697,258853.73,13.052586,6109.4033,-25.673151,39.234154, Local-gov, Bachelors, Never-married, Prof-specialty, Not-in-family, White, Female, United-States, >50K
45.06164,195529.8,9.943262,737.03,-5.168048,38.06593, Local-gov, Some-college, Married-civ-spouse, Craft-repair, Husband, White, Male, United-States, >50K
73.46182,258346.11,15.631021,67393.55,-40.80308,57.452873, ?, Masters, Divorced, Prof-specialty, Other-relative, White, Female, United-States, >50K
35.08315,101579.75,10.50944,-612.2636,0.09466277,38.330666, Private, Assoc-voc, Married-civ-spouse, Sales, Husband, White, Male, United-States, >50K
48.371243,197829.84,12.237072,4297.943,-18.704325,43.954144, Self-emp-not-inc, Masters, Divorced, Adm-clerical, Not-in-family, White, Female, United-States, <=50K
31.90595,452463.38,9.066037,456.07214,-17.380823,48.771687, Self-emp-not-inc, HS-grad, Never-married, Transport-moving, Not-in-family, White, Male, United-States, <=50K
58.96466,308549.72,9.151614,-62.89777,3.6582384,56.86407, Private, HS-grad, Married-civ-spouse, Sales, Husband, White, Male, United-States, >50K
49.590664,209334.4,9.144162,-201.01434,-11.088908,36.68285, Private, HS-grad, Married-civ-spouse, Craft-repair, Husband, White, Male, United-States, >50K
30.46593,381166.8,12.956609,53.357113,-10.151683,44.680943, Private, Bachelors, Never-married, Craft-repair, Not-in-family, White, Male, United-States, <=50K
48.01866,293175.75,12.336291,112.03051,1.5129825,33.57524, Private, Bachelors, Never-married, Machine-op-inspct, Own-child, White, Male, United-States, <=50K
28.09513,184197.7,10.081035,513.73615,-24.327166,34.907383, Private, Some-college, Never-married, Craft-repair, Not-in-family, White, Male, United-States, <=50K
46.498833,218457.14,7.7317123,604.44385,-16.367075,12.229099, State-gov, HS-grad, Married-civ-spouse, ?, Husband, White, Male, United-States, <=50K
46.446873,177467.83,2.707481,283.0558,10.3079195,45.300415, Local-gov, 10th, Divorced, ?, Unmarried, White, Male, United-States, <=50K
76.60025,110290.74,9.145433,202.30835,-9.456286,50.809044, Private, HS-grad, Married-civ-spouse, Craft-repair, Husband, White, Male, United-States, >50K
57.952854,77596.336,13.066329,593.98016,-3.7030897,17.32706, Private, Bachelors, Married-civ-spouse, Craft-repair, Husband, White, Male, United-States, <=50K
35.49863,109598.164,8.955177,-40.507145,16.3963,45.11721, Local-gov, HS-grad, Divorced, Exec-managerial, Not-in-family, White, Male, United-States, <=50K
45.863216,228314.89,9.559289,23933.84,8.440129,35.734722, Private, Assoc-voc, Married-civ-spouse, Craft-repair, Not-in-family, White, Female, United-States, >50K
45.82616,324757.28,13.547797,309.40442,-7.5737104,36.11545, Private, Masters, Married-civ-spouse, Adm-clerical, Husband, White, Male, United-States, <=50K
22.154343,160520.05,9.048443,479.69788,6.59982,46.70427, Private, HS-grad, Never-married, Other-service, Own-child, White, Male, United-States, <=50K
51.33176,95526.64,8.978254,-271.3947,-0.2805432,25.886427, Private, HS-grad, Divorced, Transport-moving, Not-in-family, White, Female, United-States, <=50K
36.769043,101467.27,9.046732,518.04645,10.793729,32.339615, ?, HS-grad, Divorced, ?, Unmarried, White, Female, United-States, <=50K
48.544468,151252.0,14.655763,1659.7856,-41.793423,41.967136, Self-emp-not-inc, Masters, Married-civ-spouse, Prof-specialty, Other-relative, White, Female, United-States, <=50K
30.925606,168694.12,4.4673395,-761.4372,992.1995,58.214283, Private, 10th, Divorced, Handlers-cleaners, Unmarried, White, Female, United-States, <=50K
54.133194,126897.02,5.1728306,-772.09955,10.380788,37.52105, Local-gov, 10th, Married-civ-spouse, Adm-clerical, Husband, White, Male, United-States, <=50K
78.398506,44660.58,10.063027,236.4649,-0.6016644,38.44797, Private, Some-college, Divorced, Exec-managerial, Not-in-family, White, Female, United-States, <=50K
33.259636,93330.47,8.9063635,47.43896,-22.077341,47.073116, Private, HS-grad, Married-civ-spouse, Transport-moving, Wife, White, Female, United-States, <=50K
38.835934,84616.79,8.942293,3242.5479,-2.2843275,49.966076, Private, HS-grad, Married-civ-spouse, Machine-op-inspct, Husband, White, Male, United-States, <=50K
28.323412,370777.7,11.060269,822.6313,9.963918,46.3115, Private, Assoc-voc, Never-married, Sales, Unmarried, White, Female, United-States, <=50K
18.109734,288128.7,8.3948555,656.65564,-12.361552,5.1829205, Private, 12th, Never-married, Sales, Own-child, White, Female, United-States, <=50K
39.10431,129179.46,7.2113094,207.1596,-10.304622,45.030853, Self-emp-inc, 10th, Never-married, Exec-managerial, Own-child, White, Male, United-States, <=50K
39.079597,139304.25,13.007398,-249.34589,13.088376,53.125618, Private, Bachelors, Married-civ-spouse, Exec-managerial, Husband, White, Male, United-States, >50K
56.18246,90303.07,11.255819,285.07642,-7.491473,43.13736, Private, HS-grad, Married-civ-spouse, Sales, Husband, White, Male, United-States, <=50K
26.777348,176527.86,11.942332,675.3113,36.192825,37.17556, ?, Bachelors, Never-married, ?, Own-child, White, Female, United-States, <=50K
33.103794,171398.06,10.427658,1000.64557,-1.038081,45.71627, State-gov, Assoc-voc, Divorced, Priv-house-serv, Unmarried, White, Female, United-States, <=50K
30.992764,99673.3,9.017607,-51.059025,11.682553,36.43476, Private, HS-grad, Divorced, Adm-clerical, Not-in-family, White, Female, United-States, <=50K
49.926857,110131.66,9.949551,-7.46381,-0.2909726,43.44422, Private, Some-college, Married-civ-spouse, Prof-specialty, Not-in-family, White, Male, United-States, <=50K
37.114883,239187.4,11.889264,-114.228096,-5.137103,45.202305, Private, Assoc-acdm, Married-civ-spouse, Machine-op-inspct, Husband, White, Male, United-States, <=50K
47.28251,225045.42,12.087516,39.49145,-23.246546,71.90898, Private, Assoc-acdm, Divorced, Exec-managerial, Not-in-family, White, Female, United-States, <=50K
49.107616,-38794.094,9.151638,983.46106,4.6492815,37.671333, Local-gov, HS-grad, Married-civ-spouse, Machine-op-inspct, Husband, White, Male, United-States, >50K
39.00984,67314.695,10.119549,110.229546,-7.419505,26.180916, Private, Some-college, Married-civ-spouse, Farming-fishing, Husband, White, Male, United-States, <=50K
42.530815,41087.14,11.202372,283.3476,-13.266276,32.335964, Federal-gov, Assoc-voc, Never-married, Tech-support, Not-in-family, White, Female, United-States, <=50K
38.20142,39903.86,10.463438,5583.67,-18.879229,48.267513, Private, Assoc-voc, Married-civ-spouse, Craft-repair, Husband, White, Male, United-States, >50K
31.05158,125009.77,9.045788,197.96277,2.4421434,46.21508, Federal-gov, HS-grad, Separated, Adm-clerical, Not-in-family, White, Female, United-States, <=50K
31.895548,178684.88,12.799222,457.84332,7.3367586,45.0383, Private, Bachelors, Never-married, Prof-specialty, Not-in-family, White, Female, United-States, <=50K
40.062595,240731.53,12.977498,493.30328,-1.9135693,54.375565, Private, Bachelors, Married-civ-spouse, Prof-specialty, Husband, White, Male, United-States, >50K
23.93288,177079.84,8.985132,-94.58613,20.486128,45.11516, Private, HS-grad, Never-married, Farming-fishing, Own-child, White, Female, United-States, <=50K
51.6603,229393.4,11.067205,1143.6328,-32.00841,37.555035, Self-emp-not-inc, Assoc-voc, Separated, Other-service, Not-in-family, White, Female, United-States, <=50K
35.6755,194314.4,12.962674,343.58563,-17.709566,48.29425, Private, Bachelors, Married-civ-spouse, Craft-repair, Husband, White, Male, United-States, <=50K
20.197643,106078.46,9.014349,119.944695,21.8448,28.196325, Private, HS-grad, Never-married, Machine-op-inspct, Own-child, White, Male, United-States, <=50K
71.85243,53501.688,12.079128,907.1754,-8.896686,25.883478, Private, Bachelors, Never-married, Sales, Not-in-family, White, Female, United-States, <=50K
21.919287,164264.03,6.9345465,195.89954,16.274557,-2.011923, Private, 11th, Never-married, Sales, Own-child, White, Male, United-States, <=50K
38.624638,122572.195,12.971929,3317.383,6.060231,41.778522, Private, Bachelors, Married-civ-spouse, Craft-repair, Husband, White, Male, United-States, <=50K
41.71122,-62102.03,12.064419,625.92676,43.6721,45.129143, Private, Bachelors, Widowed, Machine-op-inspct, Not-in-family, White, Female, United-States, <=50K
59.06037,130169.35,15.715437,1355.8087,-12.650844,30.312502, Private, Assoc-acdm, Married-civ-spouse, Prof-specialty, Husband, White, Male, United-States, >50K
35.49795,232854.95,9.023804,-522.58,25.406015,30.924421, Federal-gov, HS-grad, Divorced, Prof-specialty, Not-in-family, White, Male, United-States, <=50K
29.823452,53342.42,9.069022,-473.9245,11.320287,51.466793, Private, HS-grad, Married-civ-spouse, Sales, Husband, White, Male, United-States, <=50K
26.464855,248570.94,8.378955,19.931332,-3.3514433,25.974415, Private, Some-college, Divorced, Other-service, Not-in-family, White, Female, United-States, <=50K
73.46446,86563.805,4.5745416,1112.2397,5.3377047,35.27116, Private, 10th, Married-civ-spouse, Machine-op-inspct, Husband, White, Male, United-States, <=50K
71.14917,89083.36,13.093836,110.78326,-10.592975,33.664066, Private, Bachelors, Married-civ-spouse, Exec-managerial, Husband, White, Male, United-States, <=50K
54.122322,139175.4,9.01134,11.361507,203.13194,35.26535, ?, HS-grad, Divorced, ?, Unmarried, White, Female, United-States, <=50K
55.544003,174573.23,9.242522,-209.91412,2088.0393,35.08347, Private, HS-grad, Married-civ-spouse, Adm-clerical, Not-in-family, White, Female, United-States, <=50K
27.441238,74137.95,10.04808,-345.62787,-11.6593275,33.211136, State-gov, Some-college, Never-married, Craft-repair, Own-child, White, Male, United-States, <=50K
46.0654,126741.75,9.069261,-615.73004,-12.273013,39.21573, Self-emp-not-inc, HS-grad, Divorced, Craft-repair, Not-in-family, White, Male, United-States, <=50K
39.558422,184474.78,12.889062,776.9123,7.18134,44.17668, Private, Assoc-acdm, Married-civ-spouse, Prof-specialty, Husband, White, Male, United-States, >50K
29.853888,148826.27,9.080002,65.800835,1679.4642,45.43513, Private, HS-grad, Married-civ-spouse, Craft-repair, Husband, White, Male, United-States, <=50K
39.58252,74844.625,12.698418,363.46185,7.221875,46.513504, Self-emp-not-inc, Bachelors, Married-civ-spouse, Prof-specialty, Husband, White, Male, United-States, <=50K
18.6414,231348.7,12.940904,430.82294,15.082471,38.076973, Private, Bachelors, Never-married, Tech-support, Own-child, White, Male, United-States, <=50K
21.357851,556910.0,5.925764,-101.7768,-7.6774473,15.975718, Private, 10th, Never-married, Sales, Own-child, White, Male, United-States, <=50K
42.811657,117692.6,8.965592,381.713,-25.69761,41.200176, Private, HS-grad, Divorced, Exec-managerial, Not-in-family, White, Female, United-States, <=50K
58.021168,33804.39,10.010602,166.1148,1.2075397,36.10035, Local-gov, Some-college, Married-civ-spouse, ?, Husband, White, Male, United-States, <=50K
24.697737,216091.39,10.0631275,99.31371,9.001821,39.235905, Private, Some-college, Married-civ-spouse, Adm-clerical, Husband, White, Male, United-States, <=50K
41.756058,210214.17,9.404601,-245.56122,3756.244,41.63272, Local-gov, HS-grad, Divorced, ?, Not-in-family, White, Female, United-States, >50K
35.273613,146944.3,13.102806,-188.46979,19.01467,39.842297, Private, Bachelors, Married-civ-spouse, Prof-specialty, Husband, White, Male, United-States, >50K
51.302574,67481.36,10.038867,116.567986,12.488057,42.12724, Private, Some-college, Divorced, Adm-clerical, Not-in-family, White, Female, United-States, <=50K
27.748604,193529.56,10.049494,186.26257,-27.751627,28.199183, Private, Some-college, Never-married, Craft-repair, Not-in-family, White, Male, United-States, <=50K
45.78565,387346.72,13.127623,213.36462,-11.991794,45.01002, Private, Bachelors, Divorced, Exec-managerial, Not-in-family, White, Male, United-States, >50K
26.160358,94796.93,14.828677,-38.375797,-20.826113,65.42558, Private, Assoc-acdm, Never-married, Craft-repair, Not-in-family, White, Male, United-States, >50K
59.184647,212471.86,10.105258,792.07465,-14.6403,25.261303, Self-emp-not-inc, Some-college, Widowed, Transport-moving, Not-in-family, White, Male, United-States, <=50K
24.984879,168377.47,9.1425495,556.9781,16.692205,38.642464, Private, HS-grad, Divorced, Other-service, Unmarried, White, Female, United-States, <=50K
30.213364,42321.734,9.041358,-119.46845,-6.350795,46.56168, Private, HS-grad, Married-civ-spouse, Craft-repair, Husband, White, Male, United-States, <=50K
56.502735,279855.03,10.095924,414.90662,-12.937892,30.271358, Self-emp-not-inc, Some-college, Married-civ-spouse, Craft-repair, Husband, White, Male, United-States, <=50K
35.89349,215680.12,9.072607,103.19451,13.015271,73.89687, Private, HS-grad, Divorced, Sales, Not-in-family, White, Male, United-States, <=50K
65.18665,102908.68,7.238062,385.28113,12.058728,32.388577, ?, 11th, Married-civ-spouse, ?, Husband, White, Male, United-States, <=50K
24.755724,226247.05,9.923196,225.54718,1.3521625,40.74523, State-gov, Some-college, Divorced, Adm-clerical, Own-child, White, Female, United-States, <=50K
45.476078,245198.5,10.16159,5591.9824,-22.923204,52.210636, Private, Some-college, Married-civ-spouse, Craft-repair, Husband, White, Male, United-States, >50K
31.165052,120541.57,9.034967,419.7279,-4.571414,40.29137, Private, HS-grad, Married-civ-spouse, Craft-repair, Husband, White, Male, United-States, <=50K
38.101746,75482.53,13.062071,-321.6054,13.394063,47.083557, Self-emp-inc, Bachelors, Never-married, Farming-fishing, Not-in-family, White, Male, United-States, <=50K
59.56536,188032.33,9.003283,96.40374,-12.753802,46.576237, Self-emp-inc, HS-grad, Married-civ-spouse, Exec-managerial, Husband, White, Male, United-States, <=50K
32.491024,157219.97,9.332679,22.653255,120.58711,36.96879, Private, HS-grad, Married-civ-spouse, Prof-specialty, Wife, White, Female, United-States, >50K
40.490807,236030.95,12.287903,2536.5835,-10.869021,40.886444, State-gov, Assoc-acdm, Divorced, Adm-clerical, Not-in-family, White, Female, United-States, <=50K
58.85946,187742.6,12.577122,721.7001,-16.71702,39.777313, Private, Bachelors, Married-civ-spouse, Prof-specialty, Husband, White, Male, United-States, <=50K
61.103985,103503.83,9.985602,120.282585,-1.6711835,41.95068, ?, Some-college, Never-married, ?, Own-child, White, Male, United-States, <=50K
51.2145,171017.52,11.4025345,928.7853,-28.202555,37.418083, Private, Assoc-voc, Never-married, Other-service, Not-in-family, White, Female, United-States, <=50K
61.92509,104916.62,13.0443,712.9973,-30.576761,46.188545, Private, Masters, Married-civ-spouse, Transport-moving, Husband, White, Male, United-States, <=50K
94.13454,19234.969,12.479726,2072.748,-47.53111,-45.14248, ?, Assoc-voc, Widowed, ?, Not-in-family, White, Female, United-States, <=50K
45.209732,90822.21,10.046036,72.937614,-41.097973,48.075077, Self-emp-not-inc, Some-college, Divorced, Craft-repair, Not-in-family, White, Female, United-States, <=50K
51.016838,195599.67,12.973134,-622.6513,16.834677,40.77269, Federal-gov, Bachelors, Married-civ-spouse, Prof-specialty, Husband, White, Male, United-States, >50K
51.21952,174299.81,6.0747705,790.5713,-30.902452,43.737213, Private, 10th, Divorced, Craft-repair, Not-in-family, White, Female, United-States, <=50K
62.3209,179703.08,13.333009,1289.8152,-11.999988,46.045208, State-gov, Masters, Divorced, Prof-specialty, Unmarried, White, Male, United-States, <=50K
32.750175,299746.1,10.116087,645.8453,-4.211055,35.111145, Private, Some-college, Never-married, Adm-clerical, Not-in-family, White, Female, United-States, <=50K
39.365623,246969.67,13.022619,-529.7751,18.29788,51.471104, Private, Bachelors, Divorced, Exec-managerial, Own-child, White, Male, United-States, >50K
34.043114,147738.23,13.019489,953.8598,10.640805,20.979385, State-gov, Bachelors, Never-married, Protective-serv, Own-child, White, Female, United-States, <=50K
32.968243,128321.53,8.959675,-16.594791,-7.9083204,37.72895, Private, HS-grad, Married-civ-spouse, Craft-repair, Husband, White, Male, United-States, <=50K
32.94778,215948.67,12.99532,408.82648,-0.0018414396,49.275616, Private, Bachelors, Never-married, Tech-support, Not-in-family, White, Female, United-States, <=50K
61.709057,249249.6,8.992766,-63.760197,2003.9185,32.896976, Private, HS-grad, Married-civ-spouse, Exec-managerial, Husband, White, Male, United-States, <=50K
24.83637,136068.86,9.121092,357.72278,-16.64445,37.143097, Private, HS-grad, Married-civ-spouse, Transport-moving, Husband, White, Male, United-States, <=50K
28.670912,331749.94,13.061218,227.42664,-17.980967,38.43757, Private, Bachelors, Never-married, Exec-managerial, Unmarried, White, Female, United-States, <=50K
42.841637,302064.2,10.1509,7807.1953,-26.963678,42.84373, Private, Some-college, Divorced, Exec-managerial, Not-in-family, White, Male, United-States, >50K
29.639528,231545.48,9.083814,1089.4222,-3.5244703,35.735313, Private, HS-grad, Divorced, Other-service, Not-in-family, White, Male, United-States, <=50K
32.68488,296234.3,10.096675,176.46582,-24.487345,53.93951, Federal-gov, Some-college, Separated, Adm-clerical, Not-in-family, White, Female, United-States, >50K
33.364933,165500.56,9.986412,-20.7934,-4.9532423,40.37795, Private, Some-college, Married-civ-spouse, Adm-clerical, Husband, White, Male, United-States, <=50K
26.998507,110210.305,9.127035,-50.172062,18.723394,36.988438, Private, HS-grad, Never-married, Sales, Own-child, White, Male, United-States, <=50K
42.726597,103770.766,13.052348,311.90143,4.2892046,47.05145, Private, Bachelors, Married-civ-spouse, Prof-specialty, Husband, White, Male, United-States, <=50K
47.65294,80515.68,13.05751,1079.2845,-23.54342,20.867039, Local-gov, Bachelors, Married-civ-spouse, Craft-repair, Husband, White, Male, United-States, <=50K
80.130646,134979.08,3.7725163,6588.398,-8.117312,50.361496, Private, 10th, Married-civ-spouse, Priv-house-serv, Husband, White, Male, United-States, <=50K
35.626682,339212.0,13.680089,886.27454,-16.20138,37.767036, Private, Masters, Never-married, Prof-specialty, Unmarried, White, Female, United-States, <=50K
30.417898,208106.05,13.1855545,616.1734,7.299176,40.476604, Private, Bachelors, Married-civ-spouse, Sales, Husband, White, Male, United-States, >50K
32.365032,353357.6,12.878033,783.4218,21.731611,33.358803, ?, Bachelors, Never-married, ?, Not-in-family, White, Male, United-States, <=50K
33.28255,130074.22,12.913845,393.4676,-15.667041,39.35639, Self-emp-not-inc, Bachelors, Married-civ-spouse, Craft-repair, Husband, White, Male, United-States, <=50K
20.4465,235726.4,10.072262,-90.50471,8.444966,33.59411, Private, Some-college, Never-married, Adm-clerical, Own-child, White, Male, United-States, <=50K
21.843788,124607.73,9.028421,79.99212,11.580678,21.309149, Private, HS-grad, Never-married, Adm-clerical, Own-child, White, Female, United-States, <=50K
53.484398,141241.39,10.1351185,-1.9990885,-1.8546857,38.505436, Private, Some-college, Divorced, Prof-specialty, Not-in-family, White, Female, United-States, >50K
24.43615,177776.78,9.865334,225.9541,18.075438,43.56182, Private, Some-college, Never-married, Prof-specialty, Not-in-family, White, Male, United-States, >50K
70.26109,62028.14,14.06538,198.46503,-15.124675,41.881298, Private, Masters, Widowed, Priv-house-serv, Not-in-family, White, Female, United-States, <=50K
45.124794,359835.8,10.083387,97.5534,-16.050913,40.70374, Self-emp-not-inc, Some-college, Married-civ-spouse, Exec-managerial, Husband, White, Male, United-States, <=50K
29.738092,388340.12,12.73428,759.0878,13.708615,37.92531, Private, Masters, Married-civ-spouse, Tech-support, Other-relative, White, Male, United-States, <=50K
29.419485,199054.42,3.773964,199.51813,-17.535028,41.119335, Private, 10th, Never-married, Sales, Own-child, White, Female, United-States, <=50K
58.569313,91339.44,10.105157,65.19671,-8.138629,39.16788, Private, Some-college, Married-civ-spouse, Other-service, Husband, White, Male, United-States, >50K
17.578566,125398.99,6.6968126,154.59528,-5.4419737,22.827135, Self-emp-not-inc, 10th, Never-married, Other-service, Own-child, White, Female, United-States, <=50K
48.699196,59052.79,8.977352,365.4829,-20.631105,44.43626, Local-gov, HS-grad, Married-civ-spouse, Exec-managerial, Husband, White, Male, United-States, <=50K
29.666832,127249.09,9.080182,-1104.3674,5.411145,40.270332, Private, HS-grad, Married-civ-spouse, Sales, Other-relative, White, Male, United-States, <=50K
26.553904,162232.95,13.239738,447.99976,-14.400348,39.88283, Private, Bachelors, Never-married, Craft-repair, Own-child, White, Female, United-States, >50K
45.197784,118498.055,8.98862,509.3239,-18.589403,43.25476, Private, HS-grad, Married-civ-spouse, Transport-moving, Husband, White, Male, United-States, <=50K
58.52922,183400.69,9.093936,-235.1159,-2.5673704,39.416084, Private, HS-grad, Married-civ-spouse, Other-service, Husband, White, Female, United-States, >50K
39.038258,93136.91,9.169871,-477.2503,-7.9512053,45.177845, Private, 11th, Married-civ-spouse, Craft-repair, Husband, White, Male, United-States, >50K
30.840805,73711.82,12.759308,-93.32111,12.07858,38.167778, Self-emp-not-inc, Bachelors, Never-married, Prof-specialty, Not-in-family, White, Male, United-States, <=50K
64.94041,221092.69,6.9863753,-385.67328,-3.8430357,39.883595, Private, 11th, Married-civ-spouse, Craft-repair, Husband, White, Male, United-States, >50K
29.648268,95275.71,9.937587,1178.1975,-11.803126,39.5579, Private, Some-college, Never-married, Craft-repair, Not-in-family, White, Female, United-States, <=50K
56.065125,124211.07,9.768518,329.57452,-19.83761,40.765774, Private, Some-college, Married-civ-spouse, Handlers-cleaners, Husband, White, Male, United-States, <=50K
55.30093,77542.99,9.173781,-23.050724,9.840238,36.0317, ?, HS-grad, Married-civ-spouse, Other-service, Husband, White, Male, United-States, >50K
23.472706,229684.97,4.357116,5.8444176,5.4462023,38.088486, Private, 10th, Never-married, Armed-Forces, Unmarried, White, Male, United-States, <=50K
54.37576,120434.63,12.442606,973.74475,-24.115526,41.87035, Private, Assoc-voc, Divorced, Sales, Not-in-family, White, Female, United-States, <=50K
26.42042,287336.3,10.194935,1520.7206,-16.46795,32.999794, Private, Some-college, Married-civ-spouse, Craft-repair, Husband, White, Male, United-States, >50K
44.086464,-8109.3745,9.621838,-348.38934,13.964795,32.04929, Federal-gov, Some-college, Married-civ-spouse, Adm-clerical, Husband, White, Male, United-States, >50K
43.392635,62687.703,13.935372,-1172.4001,-3.63103,44.095573, State-gov, Masters, Divorced, Sales, Not-in-family, White, Male, United-States, >50K
32.98771,226612.47,9.144742,1617.561,-6.2697325,48.796318, Private, HS-grad, Married-civ-spouse, Exec-managerial, Wife, White, Female, United-States, >50K
36.964813,304090.34,9.059832,287.31763,-3.1683226,28.107616, State-gov, HS-grad, Married-civ-spouse, Farming-fishing, Husband, White, Male, United-States, <=50K
49.656097,215536.52,10.0715475,787.5081,-24.094378,25.62141, Private, Some-college, Divorced, Tech-support, Not-in-family, White, Male, United-States, <=50K
51.963043,163117.94,9.075901,522.493,-10.339931,37.164524, Private, HS-grad, Married-civ-spouse, Exec-managerial, Husband, White, Male, United-States, >50K
33.494766,164783.3,13.741986,13051.454,-26.163683,48.104084, Private, Masters, Married-civ-spouse, Prof-specialty, Husband, White, Male, United-States, <=50K
35.536686,190322.27,9.574555,-229.46576,6.3866167,51.586414, Private, HS-grad, Married-civ-spouse, Transport-moving, Husband, White, Male, United-States, >50K
34.66265,162169.17,9.012672,-258.53876,-7.1049604,56.228363, Private, HS-grad, Divorced, Exec-managerial, Not-in-family, White, Female, United-States, <=50K
45.385674,53117.812,13.0710535,8512.72,-4.6894255,52.584457, Private, Bachelors, Married-civ-spouse, Exec-managerial, Husband, White, Male, United-States, <=50K
31.757381,184323.77,10.058401,393.76617,20.666945,46.449646, Private, Some-college, Never-married, Prof-specialty, Own-child, White, Female, United-States, <=50K
23.450293,109021.48,9.403228,-177.23553,-29.632318,12.388552, Private, Some-college, Never-married, Handlers-cleaners, Own-child, White, Male, United-States, <=50K
26.612795,216923.5,10.036973,-110.26484,11.39919,35.161972, Private, Some-college, Never-married, Adm-clerical, Not-in-family, White, Male, United-States, <=50K
39.72317,123176.15,9.022136,95.70904,3.9127703,51.32596, Private, HS-grad, Married-civ-spouse, Craft-repair, Husband, White, Male, United-States, <=50K
30.127165,94031.94,10.068805,610.94684,-2.880641,38.587795, Private, Some-college, Never-married, Farming-fishing, Not-in-family, White, Male, United-States, <=50K
72.851364,183503.86,9.054988,1633.4307,-9.266414,46.685432, Private, HS-grad, Married-civ-spouse, Sales, Husband, White, Male, United-States, <=50K
25.60722,154030.06,10.194071,515.82404,-11.647037,6.1492634, Self-emp-not-inc, Some-college, Never-married, Other-service, Own-child, White, Female, United-States, <=50K
39.4051,333902.62,10.155077,-130.33759,-24.948648,17.05153, Private, Some-college, Never-married, Craft-repair, Own-child, White, Female, United-States, <=50K
38.272884,40841.234,10.088181,236.25836,-25.158525,16.903822, Private, Some-college, Never-married, Handlers-cleaners, Not-in-family, White, Male, United-States, <=50K
38.875103,75286.555,5.7769065,-203.6369,23.773085,32.635548, ?, 10th, Married-civ-spouse, ?, Husband, White, Male, United-States, <=50K
87.62199,109764.53,10.220663,737.6004,12.658902,21.752813, Local-gov, Some-college, Married-civ-spouse, Exec-managerial, Husband, White, Male, United-States, >50K
49.576103,289072.7,13.023017,306.17175,-3.5889616,46.546482, Private, Bachelors, Divorced, Exec-managerial, Other-relative, White, Male, United-States, <=50K
49.725193,152030.22,12.918538,748.11127,-2.3465986,52.484047, Self-emp-inc, Bachelors, Married-civ-spouse, Craft-repair, Husband, White, Male, United-States, >50K
27.204214,445707.12,10.119447,121.49767,-6.5628157,37.429977, Private, Some-college, Separated, Exec-managerial, Own-child, White, Female, United-States, <=50K
25.276222,129800.11,8.901976,-7.9022865,18.340971,30.623398, Private, HS-grad, Never-married, Other-service, Own-child, White, Male, United-States, <=50K
51.436413,115546.33,13.031655,109.01598,-2.5979338,45.52882, Private, Bachelors, Married-civ-spouse, Exec-managerial, Husband, White, Male, United-States, <=50K
16.418026,19496.672,10.119291,112.11675,5.4116564,13.33234, Private, Some-college, Never-married, Other-service, Own-child, White, Male, United-States, <=50K
38.021107,108951.516,10.933021,718.53796,-21.593462,44.09707, Self-emp-not-inc, Assoc-voc, Married-civ-spouse, Other-service, Wife, White, Female, United-States, >50K
31.270987,205781.3,9.059458,848.8004,33.765137,21.696917, Local-gov, HS-grad, Married-civ-spouse, Adm-clerical, Husband, White, Male, United-States, <=50K
25.01723,67936.03,9.043719,97.67065,12.904988,43.41542, Private, HS-grad, Never-married, Craft-repair, Unmarried, White, Male, United-States, <=50K
21.917934,146961.1,6.250825,155.60364,15.944829,40.57884, Private, 10th, Never-married, Machine-op-inspct, Not-in-family, White, Male, United-States, <=50K
26.01192,86140.664,9.993143,-201.91864,16.392393,38.591423, State-gov, Some-college, Never-married, Adm-clerical, Not-in-family, White, Male, United-States, <=50K
45.538105,118869.52,9.125978,183.27356,16.2096,42.826862, Private, HS-grad, Married-civ-spouse, Adm-clerical, Husband, White, Male, United-States, >50K
20.522242,447577.5,11.013123,744.738,-24.89046,37.727394, Private, Assoc-voc, Never-married, Other-service, Own-child, White, Female, United-States, <=50K
53.98001,106057.266,9.029657,16.095882,17.62615,40.960438, Local-gov, HS-grad, Divorced, Farming-fishing, Not-in-family, White, Male, United-States, <=50K
37.39817,190528.78,9.154766,47.14111,5.736356,65.194916, Self-emp-not-inc, HS-grad, Married-civ-spouse, Sales, Husband, White, Male, United-States, >50K
37.908504,134904.72,13.030539,184.64667,6.200452,36.75939, Private, Bachelors, Divorced, Other-service, Not-in-family, White, Male, United-States, >50K
25.655125,160444.06,10.032379,86.03588,-3.8287535,22.116116, Private, Some-college, Never-married, Sales, Not-in-family, White, Male, United-States, <=50K
21.765802,1790.3756,10.158936,-216.20184,1909.7776,37.415737, Private, Some-college, Never-married, Craft-repair, Own-child, White, Male, United-States, <=50K
29.453756,276404.88,9.288716,-128.69879,20.475523,63.11079, Self-emp-inc, HS-grad, Never-married, Sales, Not-in-family, White, Male, United-States, <=50K
42.64613,56099.312,11.165683,100.640495,-14.653834,45.754745, Private, Assoc-voc, Married-civ-spouse, Exec-managerial, Husband, White, Male, United-States, >50K
35.69831,143461.64,12.892007,243.5368,16.090673,40.373306, Private, Bachelors, Divorced, Tech-support, Not-in-family, White, Female, United-States, <=50K
21.407803,211283.67,9.760008,980.3449,-11.895717,40.350727, State-gov, Some-college, Never-married, Protective-serv, Own-child, White, Female, United-States, <=50K
32.276142,124807.97,12.940277,362.3413,-16.557459,28.862068, Private, Bachelors, Never-married, Other-service, Own-child, White, Female, United-States, <=50K
37.774216,69363.914,9.019452,2181.4094,-13.749072,38.525425, Private, HS-grad, Married-civ-spouse, Machine-op-inspct, Husband, White, Male, United-States, <=50K
55.14524,173570.27,11.109166,-463.03473,-10.310306,38.80931, Local-gov, Assoc-voc, Divorced, Exec-managerial, Own-child, White, Female, United-States, <=50K
39.792526,22835.578,13.080525,601.487,7.9850435,41.688076, Private, Bachelors, Divorced, Exec-managerial, Not-in-family, White, Male, United-States, <=50K
48.203907,173586.33,8.961656,-512.9666,1.4199497,29.676176, ?, HS-grad, Married-civ-spouse, ?, Husband, White, Male, United-States, <=50K
37.239895,318744.84,13.033044,818.62317,-7.388385,42.54257, Private, Bachelors, Married-civ-spouse, Sales, Husband, White, Male, United-States, <=50K
35.2631,128011.84,6.7932496,1175.7487,18.146902,26.15224, Local-gov, 10th, Never-married, Adm-clerical, Other-relative, White, Male, United-States, <=50K
34.445457,292374.06,10.359494,761.8852,4.1551256,36.859386, Self-emp-not-inc, Assoc-voc, Married-civ-spouse, Sales, Husband, White, Male, United-States, >50K
19.52025,69984.76,6.530766,176.84698,0.3922931,11.53606, Private, 10th, Never-married, Handlers-cleaners, Own-child, White, Female, United-States, <=50K
40.464024,216596.81,9.03078,5.6553307,-1.2811917,44.85663, Private, HS-grad, Never-married, Transport-moving, Not-in-family, White, Female, United-States, <=50K
56.26231,95123.91,12.993177,44.17065,-5.1883955,48.96504, Private, Bachelors, Married-civ-spouse, Prof-specialty, Husband, White, Male, United-States, <=50K
24.938183,64431.023,9.7421255,148.2583,-1.0964841,28.150087, Local-gov, HS-grad, Never-married, Handlers-cleaners, Own-child, White, Female, United-States, <=50K
57.164864,80290.53,8.940591,130.68304,17.655294,51.829266, Private, HS-grad, Married-civ-spouse, Tech-support, Husband, White, Male, United-States, <=50K
56.49945,130990.414,10.118848,-30.738834,5.6336794,41.771286, Private, Some-college, Divorced, Adm-clerical, Not-in-family, White, Male, United-States, <=50K
28.159739,185277.73,6.780058,771.09033,-7.054248,35.113243, Private, 10th, Never-married, Machine-op-inspct, Own-child, White, Female, United-States, <=50K
55.22471,436224.3,8.14677,-395.87506,-11.352115,36.8086, Federal-gov, HS-grad, Married-civ-spouse, Exec-managerial, Husband, White, Male, United-States, <=50K
47.56833,10150.751,13.143199,757.0922,2.2226381,41.878956, Private, Bachelors, Married-civ-spouse, Craft-repair, Husband, White, Male, United-States, >50K
37.554012,59280.656,8.971773,-238.42413,17.00157,47.986877, Private, HS-grad, Married-civ-spouse, Handlers-cleaners, Husband, White, Male, United-States, <=50K
25.450369,207169.44,9.902262,832.85297,-1.7284039,49.244507, Private, Some-college, Married-civ-spouse, Machine-op-inspct, Husband, White, Male, United-States, <=50K
44.224766,116802.21,10.699184,-330.96466,-58.87042,53.70941, Private, Bachelors, Married-spouse-absent, Other-service, Own-child, White, Female, United-States, <=50K
22.322117,276763.66,11.843448,-50.442448,4.550725,39.43342, Private, Assoc-voc, Never-married, Adm-clerical, Own-child, White, Female, United-States, <=50K
68.99742,152944.11,12.798266,34820.4,-42.77783,56.87203, Private, Masters, Married-civ-spouse, Exec-managerial, Wife, White, Female, United-States, >50K
46.32125,169316.31,9.273228,250.15692,-17.018442,36.214474, Private, Some-college, Married-civ-spouse, Handlers-cleaners, Own-child, White, Male, United-States, <=50K
42.139492,166767.56,9.271611,419.63562,-26.091486,43.19771, Self-emp-inc, HS-grad, Separated, Prof-specialty, Husband, White, Male, United-States, <=50K
41.550964,274633.06,9.887124,839.035,-35.913914,45.19453, Private, Some-college, Divorced, Craft-repair, Unmarried, White, Female, United-States, <=50K
28.90975,62916.406,10.20815,-361.61798,1703.7603,34.394028, Private, Some-college, Never-married, Handlers-cleaners, Own-child, White, Male, United-States, <=50K
39.281303,94915.9,9.283056,-602.8925,-0.7323941,41.457554, Private, HS-grad, Married-civ-spouse, Sales, Husband, White, Male, United-States, >50K
14.927041,141926.08,10.084125,78.26873,7.0183306,23.843315, Private, Some-college, Never-married, Adm-clerical, Own-child, White, Female, United-States, <=50K
33.265045,158479.53,9.068563,310.04663,17.820585,40.831837, Private, HS-grad, Married-civ-spouse, Farming-fishing, Husband, White, Male, United-States, >50K
22.482237,202479.77,9.1310835,1095.8777,-28.071444,40.606976, Self-emp-not-inc, Some-college, Never-married, Craft-repair, Own-child, White, Female, United-States, <=50K
47.21789,262858.25,12.349569,86.96447,12.596349,36.46325, Private, Assoc-acdm, Divorced, Adm-clerical, Not-in-family, White, Female, United-States, <=50K
69.4826,152147.7,10.448329,412.11182,18.870817,9.823935, Private, 11th, Married-civ-spouse, Sales, Husband, White, Male, United-States, <=50K
36.319874,114038.41,9.074126,43.810177,9.558774,33.098946, Private, HS-grad, Married-civ-spouse, Sales, Husband, White, Male, United-States, <=50K
19.359734,30475.281,9.945963,254.12164,5.580106,53.503304, Private, Some-college, Never-married, Adm-clerical, Own-child, White, Female, United-States, <=50K
20.649832,81868.8,10.022396,354.2738,7.242528,34.745476, Private, Some-college, Never-married, Sales, Not-in-family, White, Male, United-States, <=50K
39.43773,101699.305,9.002888,166.97015,5.5250826,45.53435, Private, HS-grad, Divorced, Exec-managerial, Not-in-family, White, Female, United-States, <=50K
39.41895,618.3288,15.309404,116.73791,15.639066,65.901054, Local-gov, Masters, Married-civ-spouse, Prof-specialty, Husband, White, Male, United-States, >50K
34.20803,216322.69,5.923629,516.7243,-8.066287,32.257137, Private, 10th, Never-married, Craft-repair, Own-child, White, Male, United-States, <=50K
47.683887,150864.66,10.012504,267.74542,-12.099467,38.84418, Private, Some-college, Divorced, Prof-specialty, Not-in-family, White, Male, United-States, <=50K
34.1784,247316.17,12.988241,8565.069,-6.9113646,60.898735, Private, Bachelors, Married-civ-spouse, Prof-specialty, Husband, White, Male, United-States, >50K
34.01768,136330.55,12.264288,387.6319,15.862523,19.010504, Private, Bachelors, Never-married, Adm-clerical, Own-child, White, Female, United-States, <=50K
52.802925,287383.3,14.158997,398.28204,-20.546022,5.447489, State-gov, Masters, Married-civ-spouse, Other-service, Husband, White, Male, United-States, <=50K
34.984333,115452.78,9.079401,755.7827,4.7154894,53.40925, Private, HS-grad, Never-married, Transport-moving, Not-in-family, White, Male, United-States, <=50K
50.672596,213167.89,13.088687,249.29285,1.5794498,44.84693, Private, Bachelors, Divorced, Exec-managerial, Not-in-family, White, Female, United-States, >50K
30.988766,241920.17,9.050373,213.04321,5.9555635,38.528053, Private, HS-grad, Never-married, Adm-clerical, Not-in-family, White, Female, United-States, <=50K
72.46121,26884.078,6.6009355,460.73303,26.248014,54.885845, Private, 10th, Widowed, Prof-specialty, Unmarried, White, Female, United-States, <=50K
28.506186,179191.38,10.013856,909.7696,-15.825892,40.316452, Private, Some-college, Never-married, Other-service, Not-in-family, White, Female, United-States, <=50K
28.362417,63000.29,10.21848,-396.39288,-4.324107,43.19166, Private, Assoc-voc, Divorced, Exec-managerial, Unmarried, White, Female, United-States, <=50K
60.218517,195917.72,2.9960427,-407.4084,22.071959,56.081184, Private, 10th, Divorced, Adm-clerical, Husband, White, Male, United-States, <=50K
52.972145,121518.57,13.493314,547.05634,-44.326183,36.123505, Private, Masters, Married-civ-spouse, Other-service, Unmarried, White, Female, United-States, <=50K
68.438034,165967.6,10.112425,469.49902,-20.09543,9.352411, Self-emp-not-inc, Some-college, Married-civ-spouse, Exec-managerial, Husband, White, Female, United-States, <=50K
21.68244,123866.125,10.831815,170.0282,-31.086946,38.248894, Private, Assoc-voc, Married-civ-spouse, Adm-clerical, Own-child, White, Female, United-States, <=50K
37.967148,155404.48,9.074362,-210.87994,-15.967074,27.380821, Private, HS-grad, Never-married, Other-service, Unmarried, White, Female, United-States, <=50K
48.895103,223898.97,10.08693,399.0099,-5.5165663,38.54828, Private, Some-college, Divorced, Exec-managerial, Not-in-family, White, Female, United-States, <=50K
76.96727,366223.3,13.1901865,393.04596,1575.023,17.571661, Private, Bachelors, Married-civ-spouse, Prof-specialty, Husband, White, Male, United-States, >50K
58.479362,285166.0,9.049725,586.8021,17.438963,45.560688, Private, HS-grad, Married-civ-spouse, Machine-op-inspct, Husband, White, Male, United-States, >50K
50.635254,259845.47,8.966565,77.56115,6.893811,42.623547, ?, HS-grad, Married-civ-spouse, ?, Husband, White, Male, United-States, <=50K
34.6306,103359.22,12.962411,2054.251,-13.502955,36.910248, Private, Bachelors, Never-married, Adm-clerical, Other-relative, White, Female, United-States, <=50K
62.38134,171733.75,9.966494,-13.293644,-13.447299,38.27007, Local-gov, Some-college, Never-married, Protective-serv, Not-in-family, White, Male, United-States, <=50K
60.929867,58316.766,9.096529,-228.25336,15.867856,42.881, Private, Some-college, Married-civ-spouse, Exec-managerial, Husband, White, Male, United-States, >50K
59.644855,186435.5,9.094478,11227.859,-26.64055,56.39531, Private, HS-grad, Married-civ-spouse, Craft-repair, Husband, White, Male, United-States, >50K
38.00654,99102.92,12.875587,890.205,20.590307,42.76932, Private, Bachelors, Married-civ-spouse, Sales, Husband, White, Male, United-States, >50K
18.290052,236362.75,10.072931,-1.0332682,17.71758,35.39367, Private, Some-college, Never-married, Adm-clerical, Own-child, White, Male, United-States, <=50K
29.232944,14664.548,6.0232954,127.64098,304.03088,41.254307, Private, 10th, Married-civ-spouse, Machine-op-inspct, Husband, White, Male, United-States, <=50K
52.3313,52229.984,6.5562305,-144.9798,-7.201976,32.57557, Private, 10th, Married-civ-spouse, Craft-repair, Husband, White, Male, United-States, <=50K
30.707747,127594.64,4.98818,-103.744576,29.178144,39.79114, Private, 10th, Divorced, Machine-op-inspct, Not-in-family, White, Male, United-States, <=50K
26.233154,149486.44,11.703193,491.38733,3.1669207,52.53982, Private, Assoc-acdm, Married-civ-spouse, Transport-moving, Husband, White, Male, United-States, >50K
29.99058,66209.31,9.174539,255.39526,27.776506,44.670025, Private, Some-college, Divorced, Adm-clerical, Husband, White, Male, United-States, <=50K
40.63883,435422.2,10.115859,123.18084,-13.563914,31.828932, Private, Some-college, Never-married, Machine-op-inspct, Not-in-family, White, Female, United-States, <=50K
33.548717,125518.234,4.0204167,-229.66327,-15.122539,37.38712, Private, 10th, Married-civ-spouse, Craft-repair, Husband, White, Male, United-States, <=50K
67.01908,259301.23,9.090256,288.90192,-19.930925,31.084986, Private, HS-grad, Married-civ-spouse, Exec-managerial, Husband, White, Male, United-States, <=50K
26.59841,88015.6,14.031487,47.947628,-36.217724,66.63535, Private, Masters, Never-married, Other-service, Not-in-family, White, Female, United-States, <=50K
57.9768,186542.0,10.975562,-289.30377,2.525342,44.348736, Private, Assoc-voc, Married-civ-spouse, Adm-clerical, Husband, White, Male, United-States, >50K
48.79589,23503.594,13.114603,-666.6292,-4.2311506,33.953377, Private, Bachelors, Never-married, Adm-clerical, Not-in-family, White, Female, United-States, <=50K
53.237633,318600.0,12.569627,-736.41925,7.959096,46.56007, Federal-gov, Bachelors, Married-civ-spouse, Prof-specialty, Husband, White, Male, United-States, >50K
73.621185,128678.47,14.377638,-983.5195,-0.4659375,95.94306, Self-emp-inc, Masters, Divorced, Prof-specialty, Unmarried, White, Male, United-States, <=50K
74.20097,144218.47,13.909487,147.92346,-3.9724226,38.32361, Private, Masters, Married-civ-spouse, Prof-specialty, Husband, White, Male, United-States, <=50K
44.948093,119810.34,10.643677,426.85266,-12.40562,41.83841, Private, Some-college, Married-civ-spouse, Exec-managerial, Husband, White, Male, United-States, >50K
26.809116,276654.38,10.2344475,-280.77216,-22.88267,29.425299, Local-gov, Some-college, Never-married, Protective-serv, Own-child, White, Female, United-States, <=50K
21.131866,65844.19,10.1436205,70.37835,-4.133708,38.151306, Private, Some-college, Never-married, Sales, Own-child, White, Male, United-States, <=50K
72.501,141277.38,12.6495,1852.141,-5.951724,42.463432, Self-emp-not-inc, Bachelors, Married-civ-spouse, Adm-clerical, Husband, White, Male, United-States, <=50K
24.288532,59445.29,9.086913,-142.9173,17.219961,27.023375, Private, HS-grad, Never-married, Farming-fishing, Not-in-family, White, Male, United-States, <=50K
32.962143,437568.8,7.856046,-312.83527,-7.6737165,25.38978, Private, 10th, Married-civ-spouse, Handlers-cleaners, Husband, White, Male, United-States, <=50K
28.729656,332244.38,9.022427,-1137.3813,17.833174,34.018505, ?, HS-grad, Divorced, ?, Own-child, White, Male, United-States, <=50K
25.102657,209626.22,13.18917,107.50909,-12.9232435,40.993214, Private, Masters, Separated, Adm-clerical, Own-child, White, Female, United-States, <=50K
35.211617,135344.81,8.187786,230.21051,17.399672,35.38071, Private, 12th, Never-married, Other-service, Not-in-family, White, Male, United-States, <=50K
63.341103,471331.5,15.68226,29721.863,-76.459404,7.2470074, ?, Masters, Married-civ-spouse, ?, Husband, White, Male, United-States, >50K
55.008724,210512.33,9.133976,410.805,-31.642939,30.669136, Local-gov, HS-grad, Married-civ-spouse, Protective-serv, Husband, White, Male, United-States, <=50K
32.54704,153411.11,8.928292,985.3049,13.546849,31.148947, Self-emp-not-inc, HS-grad, Married-civ-spouse, Farming-fishing, Other-relative, White, Male, United-States, <=50K
36.38836,101619.1,13.959137,1454.0459,-21.317942,44.768154, Private, Masters, Married-civ-spouse, Sales, Husband, White, Male, United-States, <=50K
54.807095,127621.44,8.086763,499.6844,12.720342,34.361347, Private, 12th, Never-married, Machine-op-inspct, Not-in-family, White, Male, United-States, <=50K
65.77761,120353.125,9.090126,346.2558,8.697774,40.79972, Local-gov, HS-grad, Divorced, Craft-repair, Unmarried, White, Male, United-States, <=50K
57.802185,109864.6,9.047522,282.13928,13.868855,28.74153, Private, HS-grad, Married-civ-spouse, Sales, Husband, White, Male, United-States, <=50K
36.695324,156769.77,9.042739,497.39935,-6.7412443,84.62606, Private, HS-grad, Married-civ-spouse, Exec-managerial, Husband, White, Male, United-States, <=50K
45.268852,372860.4,9.389212,387.83032,-9.759906,40.93489, Private, 10th, Married-spouse-absent, Protective-serv, Not-in-family, White, Male, United-States, <=50K
30.421392,87795.82,10.221149,259.638,-14.646609,39.210384, Private, Some-college, Never-married, Machine-op-inspct, Own-child, White, Male, United-States, >50K
21.496092,108102.24,9.313013,-283.3227,18.093603,41.56927, Private, HS-grad, Never-married, Sales, Not-in-family, White, Female, United-States, >50K
21.788649,250712.62,10.137252,2533.2905,-2.511859,35.402996, Private, Some-college, Never-married, Exec-managerial, Unmarried, White, Female, United-States, <=50K
28.862621,176687.84,12.921181,312.74255,-9.879527,42.038788, ?, Bachelors, Married-civ-spouse, ?, Not-in-family, White, Male, United-States, <=50K
34.48016,98588.63,12.965725,-994.8083,-28.279634,46.787613, Private, Bachelors, Married-civ-spouse, Other-service, Husband, White, Male, United-States, <=50K
32.912952,42406.844,12.645146,1002.9895,38.41475,15.282726, Self-emp-not-inc, Bachelors, Married-civ-spouse, Farming-fishing, Husband, White, Male, United-States, <=50K
58.346653,153641.0,9.74815,830.50055,-1.5092648,49.313835, Private, HS-grad, Married-civ-spouse, Sales, Husband, White, Male, United-States, >50K
46.828106,243297.16,10.23175,251.9602,-22.783625,33.958797, Private, Some-college, Married-civ-spouse, Craft-repair, Husband, White, Male, United-States, >50K
31.165602,-5226.484,12.675021,789.9693,11.631604,47.185555, Self-emp-not-inc, Bachelors, Married-civ-spouse, Sales, Husband, White, Male, United-States, >50K
38.865387,235320.19,10.07266,20504.61,-39.476223,60.997448, Self-emp-not-inc, Some-college, Married-civ-spouse, Craft-repair, Husband, White, Male, United-States, <=50K
27.191841,120335.99,15.93295,175.0617,2094.38,30.068525, Private, Masters, Married-civ-spouse, Prof-specialty, Husband, White, Male, United-States, >50K
39.997578,244135.92,10.14133,-137.80316,-20.38495,37.78252, Private, Some-college, Married-civ-spouse, Sales, Husband, White, Male, United-States, <=50K
54.147648,302552.75,9.079728,153.9624,-7.1290693,41.72544, Private, HS-grad, Married-civ-spouse, Craft-repair, Husband, White, Male, United-States, <=50K
30.380365,149016.88,10.062471,-21.345768,1.7724353,38.20598, Private, Some-college, Married-civ-spouse, Adm-clerical, Husband, White, Male, United-States, <=50K
57.872364,5052.0786,10.722132,-421.1347,26.897203,31.643423, Private, Assoc-voc, Never-married, Craft-repair, Not-in-family, White, Female, United-States, <=50K
28.856228,261128.98,12.452575,1593.7798,-5.36378,23.87748, Private, Assoc-acdm, Married-civ-spouse, Prof-specialty, Husband, White, Male, United-States, >50K
46.139343,167101.61,9.950676,-21.762272,-13.350757,44.46577, Private, HS-grad, Married-civ-spouse, Sales, Husband, White, Male, United-States, <=50K
52.129086,296306.66,12.681148,2399.093,-9.596034,47.56605, Private, Bachelors, Married-civ-spouse, Craft-repair, Husband, White, Male, United-States, >50K
36.38764,256540.05,12.390563,190.2804,4.351964,81.93384, Self-emp-not-inc, Masters, Never-married, Farming-fishing, Not-in-family, White, Female, United-States, <=50K
49.627377,128052.37,13.246059,159.71869,-5.6991224,30.72131, Private, Bachelors, Married-civ-spouse, Other-service, Husband, White, Male, United-States, <=50K
27.300024,288974.28,9.201081,530.4046,1112.0166,40.45853, Private, HS-grad, Married-civ-spouse, Machine-op-inspct, Husband, White, Male, United-States, <=50K
25.245625,124033.99,10.093474,-103.35261,1872.7874,54.261818, Private, Some-college, Never-married, Adm-clerical, Not-in-family, White, Female, United-States, <=50K
60.82319,188273.7,14.169229,19844.672,-14.926074,55.81219, Private, Masters, Married-civ-spouse, Prof-specialty, Husband, White, Male, United-States, >50K
63.995213,337809.3,9.116115,-53.40546,1598.1687,29.286587, Private, HS-grad, Married-civ-spouse, Sales, Husband, White, Male, United-States, >50K
39.75367,91015.89,9.07581,-273.74908,8.59419,36.62271, Private, HS-grad, Married-civ-spouse, Handlers-cleaners, Husband, White, Male, United-States, <=50K
15.4220495,130978.74,10.089536,565.83997,-8.231578,15.450045, Private, Some-college, Never-married, Prof-specialty, Own-child, White, Male, United-States, <=50K
14.894925,124679.66,10.058856,483.54065,6.3619127,21.673513, Self-emp-not-inc, Some-college, Never-married, Other-service, Own-child, White, Male, United-States, <=50K
59.508766,198983.55,8.965951,99.96191,0.52021515,47.13725, Private, HS-grad, Married-civ-spouse, Machine-op-inspct, Husband, White, Male, United-States, <=50K
28.044039,134017.16,9.058271,438.3985,27.075483,51.130375, Private, HS-grad, Never-married, Machine-op-inspct, Not-in-family, White, Male, United-States, <=50K
34.679447,147421.47,10.022325,-380.539,-3.2494688,25.386282, ?, Some-college, Divorced, ?, Unmarried, White, Female, United-States, <=50K
44.26311,101575.15,10.108907,767.6936,-6.197665,40.19104, Private, Some-college, Separated, Craft-repair, Not-in-family, White, Male, United-States, <=50K
23.2101,164448.9,10.064434,63.492794,-22.976488,36.949356, Private, Some-college, Never-married, Transport-moving, Own-child, White, Male, United-States, <=50K
32.83462,389775.12,9.07332,326.33405,20.635595,31.779438, Federal-gov, HS-grad, Never-married, Adm-clerical, Not-in-family, White, Female, United-States, <=50K
21.99307,232805.86,11.330622,548.884,-7.2392836,28.463604, Private, Bachelors, Never-married, Prof-specialty, Own-child, White, Female, United-States, <=50K
36.04068,89038.44,9.698229,12.626644,-5.225543,35.00008, Private, HS-grad, Married-civ-spouse, Prof-specialty, Husband, White, Male, United-States, <=50K
19.66394,272938.62,10.072855,153.9079,-2.0645628,38.9913, Private, Some-college, Never-married, Sales, Not-in-family, White, Male, United-States, <=50K
40.43966,265569.8,10.12285,-836.53143,0.08888732,37.501003, Self-emp-inc, Some-college, Married-civ-spouse, Protective-serv, Husband, White, Male, United-States, >50K
32.197674,204577.36,4.95345,114.98327,-14.40639,39.337063, Private, 10th, Married-civ-spouse, Craft-repair, Husband, White, Male, United-States, <=50K
36.676548,281991.5,12.037355,185.58502,10.207913,40.804325, State-gov, Assoc-acdm, Married-civ-spouse, Sales, Husband, White, Male, United-States, <=50K
29.383696,37428.984,8.072965,-123.77839,14.836736,28.47548, Private, 12th, Divorced, Adm-clerical, Unmarried, White, Female, United-States, <=50K
76.014114,70503.0,13.062743,1194.5837,-17.16289,35.82978, Private, Bachelors, Married-civ-spouse, Sales, Husband, White, Male, United-States, <=50K
58.57576,80084.195,10.140966,808.5144,-13.4108305,30.82105, Private, Some-college, Never-married, Sales, Own-child, White, Female, United-States, <=50K
25.34225,200064.52,10.043642,168.53595,-17.310648,28.461985, Private, Some-college, Never-married, Farming-fishing, Other-relative, White, Male, United-States, <=50K
60.563606,59504.258,7.2046423,-778.87177,0.243703,13.702572, Private, 11th, Divorced, Other-service, Not-in-family, White, Female, United-States, <=50K
53.101475,280739.2,13.120103,-281.93292,4.4782,24.960062, Local-gov, Bachelors, Never-married, Prof-specialty, Not-in-family, White, Male, United-States, <=50K
19.15452,95281.4,10.098899,488.24963,0.55961335,29.908415, Private, Some-college, Never-married, Adm-clerical, Not-in-family, White, Female, United-States, <=50K
43.259594,148601.03,13.055969,1341.626,-9.088046,52.25429, Self-emp-not-inc, Bachelors, Widowed, Adm-clerical, Not-in-family, White, Male, United-States, <=50K
26.951006,154617.52,7.4210715,164.66058,5.1395845,18.161852, Private, 10th, Never-married, Transport-moving, Not-in-family, White, Male, United-States, <=50K
32.661587,334641.0,14.549678,312.53906,-27.599672,53.9129, Private, Masters, Never-married, Prof-specialty, Not-in-family, White, Male, United-States, <=50K
31.240107,291104.6,10.026088,448.93542,-6.8564177,48.222984, Self-emp-inc, Some-college, Married-civ-spouse, Sales, Husband, White, Male, United-States, <=50K
56.00479,185661.95,12.718281,334.81714,-6.230586,62.194458, Private, Assoc-acdm, Married-civ-spouse, Prof-specialty, Husband, White, Male, United-States, <=50K
33.892506,140740.95,10.09186,497.73035,-7.154414,40.396465, Private, Some-college, Never-married, Other-service, Not-in-family, White, Female, United-States, <=50K
38.585033,312105.66,10.337718,56548.105,-7.908473,45.39616, Self-emp-inc, HS-grad, Married-civ-spouse, Exec-managerial, Husband, White, Male, United-States, >50K
42.01515,104075.586,8.991821,-175.01959,-6.9925413,33.32289, Self-emp-not-inc, HS-grad, Separated, Other-service, Own-child, White, Male, United-States, <=50K
44.267002,13662.204,8.541051,-675.5506,18.392088,38.762016, Private, 12th, Never-married, Sales, Not-in-family, White, Female, United-States, <=50K
53.499146,152065.58,9.183261,-1227.4407,19.7077,44.13138, Federal-gov, HS-grad, Married-civ-spouse, Adm-clerical, Husband, White, Male, United-States, >50K
62.11069,120572.98,8.756454,-213.07025,-9.008082,42.31524, Private, Some-college, Widowed, Sales, Not-in-family, White, Female, United-States, <=50K
23.706394,290877.0,13.018862,205.10992,-19.087381,54.419155, Private, Bachelors, Never-married, Exec-managerial, Unmarried, White, Female, United-States, >50K
24.96829,78422.85,10.059163,-107.97736,-0.5182141,49.681587, Private, HS-grad, Married-civ-spouse, Machine-op-inspct, Husband, White, Male, United-States, <=50K
58.281693,99333.445,8.93292,210.34784,4.904958,42.296448, Private, HS-grad, Married-civ-spouse, Craft-repair, Husband, White, Male, United-States, <=50K
48.1345,206445.12,9.099333,-496.08026,5.363805,35.163605, Local-gov, HS-grad, Never-married, Craft-repair, Not-in-family, White, Male, United-States, <=50K
30.895853,208673.61,10.164736,2139.5337,-2.771121,44.057407, Private, Some-college, Never-married, Prof-specialty, Not-in-family, White, Male, United-States, >50K
29.720364,189459.2,7.244575,-71.29548,17.428152,31.870981, Local-gov, 11th, Never-married, Adm-clerical, Unmarried, White, Female, United-States, <=50K
53.790855,216785.73,9.038392,43.22247,-10.464396,46.386326, Private, HS-grad, Married-civ-spouse, Craft-repair, Husband, White, Male, United-States, <=50K
20.703758,138206.38,10.1307745,419.9281,-7.4290495,37.537388, Private, Some-college, Never-married, Other-service, Own-child, White, Male, United-States, <=50K
54.84496,9525.595,5.0716968,571.72687,-9.696086,41.928288, Private, 10th, Married-civ-spouse, Craft-repair, Husband, White, Male, United-States, >50K
27.903503,340565.84,9.428449,1048.2913,-6.069728,55.7744, Private, HS-grad, Married-civ-spouse, Machine-op-inspct, Husband, White, Male, United-States, <=50K
29.558926,403905.4,10.118337,687.59174,-32.69652,40.372646, Private, Some-college, Married-civ-spouse, Craft-repair, Husband, White, Male, United-States, <=50K
22.773922,268325.5,11.403644,780.18463,3.2749376,5.402956, Local-gov, Some-college, Never-married, ?, Own-child, White, Female, United-States, <=50K
22.210295,260684.42,12.957831,226.28156,18.988577,46.62191, Private, Bachelors, Never-married, Sales, Not-in-family, White, Female, United-States, <=50K
58.23858,134960.08,9.121373,150.29608,14.712605,4.301462, Self-emp-not-inc, HS-grad, Married-civ-spouse, Prof-specialty, Husband, White, Male, United-States, >50K
39.096874,185267.95,12.615105,-393.66998,-21.773058,51.80305, Private, Bachelors, Married-civ-spouse, Adm-clerical, Husband, White, Male, United-States, >50K
68.96108,286200.47,9.0143385,318.09186,0.47631562,30.532259, Private, HS-grad, Separated, Machine-op-inspct, Not-in-family, White, Female, United-States, <=50K
34.83069,96832.15,12.180889,323.3487,1680.0929,52.784924, Private, Assoc-acdm, Married-civ-spouse, Machine-op-inspct, Husband, White, Male, United-States, >50K
44.41686,115935.78,9.091696,-59.86249,14.662442,24.38493, Private, HS-grad, Married-civ-spouse, Adm-clerical, Husband, White, Male, United-States, <=50K
26.735655,-19854.188,11.063399,357.2614,44.42373,48.876465, ?, Assoc-voc, Never-married, Tech-support, Own-child, White, Male, United-States, <=50K
46.47271,181497.34,10.199918,-769.00885,-43.748272,46.943478, Private, Some-college, Married-civ-spouse, Sales, Wife, White, Female, United-States, >50K
34.15032,212846.77,2.534255,567.5099,-4.973727,29.382822, Private, 10th, Married-civ-spouse, Craft-repair, Husband, White, Male, United-States, >50K
30.310541,60621.92,9.792913,-344.86688,1565.1237,32.495876, Private, Some-college, Married-civ-spouse, Sales, Husband, White, Male, United-States, >50K
41.233944,-8635.921,9.037205,414.31702,-17.464022,63.23976, Self-emp-inc, HS-grad, Married-civ-spouse, Exec-managerial, Husband, White, Male, United-States, >50K
30.79594,230613.14,9.089763,18.97955,23.889414,44.301937, Private, HS-grad, Divorced, Sales, Not-in-family, White, Male, United-States, <=50K
68.02928,197219.92,9.10854,997.20935,15.92397,35.842964, Private, HS-grad, Divorced, Sales, Not-in-family, White, Female, United-States, <=50K
61.809036,204153.75,10.052143,-95.297066,-13.966258,37.78991, Private, Some-college, Married-civ-spouse, Handlers-cleaners, Husband, White, Male, United-States, <=50K
20.857338,247524.14,6.3712363,615.7423,6.3127794,19.109293, Private, 10th, Never-married, Sales, Own-child, White, Male, United-States, <=50K
30.966412,18703.781,10.061507,417.00922,-24.31743,27.66073, Federal-gov, Some-college, Never-married, Transport-moving, Not-in-family, White, Male, United-States, <=50K
38.594322,53091.047,14.406607,3986.0261,-21.58143,48.68035, Private, Masters, Married-civ-spouse, Other-service, Husband, White, Male, United-States, >50K
28.674034,118133.805,13.8332815,-181.08331,-17.72883,35.890903, ?, Masters, Never-married, ?, Not-in-family, White, Female, United-States, <=50K
30.529886,134926.19,11.197591,-406.47504,17.608519,38.6447, Private, Assoc-voc, Married-civ-spouse, Exec-managerial, Wife, White, Female, United-States, >50K
26.950853,396622.84,10.422966,403.64697,0.8113452,43.307945, Private, HS-grad, Never-married, Transport-moving, Own-child, White, Male, United-States, <=50K
28.591469,114012.27,9.048264,571.55756,-10.288119,40.05481, Private, HS-grad, Married-civ-spouse, Other-service, Husband, White, Male, United-States, >50K
45.612946,84627.45,10.069638,-965.2287,-14.4819975,40.582657, Self-emp-inc, Some-college, Never-married, Craft-repair, Own-child, White, Male, United-States, <=50K
51.088833,368164.1,10.214498,797.3563,-10.176173,35.82424, Private, Some-college, Married-civ-spouse, Sales, Husband, White, Male, United-States, <=50K
22.665674,84567.98,9.910894,1274.3757,4.85394,41.007412, Private, Assoc-voc, Never-married, Farming-fishing, Not-in-family, White, Female, United-States, <=50K
25.810371,193057.14,7.307799,709.4333,23.178724,39.50632, Private, 11th, Never-married, Craft-repair, Not-in-family, White, Male, United-States, <=50K
50.74913,219382.52,9.548416,-575.5761,2.5857058,38.15949, Private, Some-college, Never-married, Exec-managerial, Unmarried, White, Female, United-States, <=50K
33.95324,255237.52,10.008466,-781.5883,1526.244,8.1220455, ?, Some-college, Never-married, ?, Own-child, White, Female, United-States, <=50K
30.470482,280358.97,5.634945,117.2091,10.000142,35.50804, Private, 10th, Never-married, Craft-repair, Not-in-family, White, Male, United-States, <=50K
38.400284,271185.72,9.095277,179.50269,-1.2649411,38.121296, Private, HS-grad, Never-married, Machine-op-inspct, Own-child, White, Female, United-States, <=50K
54.827366,-36895.47,13.191262,980.17834,-34.951855,46.47575, Private, Masters, Married-civ-spouse, Exec-managerial, Husband, White, Male, United-States, <=50K
41.937557,126264.38,9.044887,519.5009,15.9948015,22.016018, ?, HS-grad, Married-civ-spouse, ?, Wife, White, Female, United-States, <=50K
43.55165,193600.81,8.979678,-768.3521,7.8239717,52.40145, ?, HS-grad, Married-civ-spouse, ?, Husband, White, Male, United-States, <=50K
31.349216,83115.69,13.146639,231.86725,12.623181,36.64352, Private, Bachelors, Never-married, Exec-managerial, Not-in-family, White, Male, United-States, <=50K
41.66092,144931.4,7.041289,882.4444,-1.5038785,34.603073, Private, 11th, Separated, Other-service, Own-child, White, Female, United-States, <=50K
34.238873,32946.72,9.003591,18.11761,-21.822779,46.362873, Private, HS-grad, Married-civ-spouse, Transport-moving, Husband, White, Male, United-States, <=50K
40.038998,270595.44,8.966644,3186.666,25.819494,40.16974, Private, HS-grad, Married-civ-spouse, Adm-clerical, Husband, White, Male, United-States, <=50K
39.482166,87658.516,8.783904,755.99316,-1.8672818,29.10816, Private, 11th, Married-civ-spouse, Other-service, Wife, White, Female, United-States, <=50K
29.442688,32775.984,10.028838,123.633354,6.487317,42.48014, Private, Some-college, Never-married, Other-service, Not-in-family, White, Female, United-States, <=50K
40.49256,136143.66,13.041151,-179.89886,-6.132159,46.76541, Private, Bachelors, Married-civ-spouse, Craft-repair, Husband, White, Male, United-States, <=50K
26.895035,92803.516,9.970116,162.4331,6.4755526,43.413815, Private, Some-college, Never-married, Adm-clerical, Own-child, White, Female, United-States, <=50K
30.830786,147304.83,10.038117,339.13562,-11.748256,44.29243, Private, Some-college, Married-civ-spouse, Adm-clerical, Husband, White, Male, United-States, <=50K
33.734447,299266.53,12.721834,479.25037,14.365392,38.970592, Private, Bachelors, Married-civ-spouse, Machine-op-inspct, Husband, White, Male, United-States, <=50K
44.627865,143280.08,10.000301,5314.898,-36.49352,53.63505, Private, Some-college, Married-civ-spouse, Machine-op-inspct, Husband, White, Male, United-States, >50K
27.376547,172461.45,9.982436,313.37903,-10.040278,40.120365, ?, Some-college, Divorced, ?, Own-child, White, Male, United-States, <=50K
55.44323,190287.3,9.183208,124.297905,1790.3909,31.078236, Private, HS-grad, Married-civ-spouse, Adm-clerical, Husband, White, Male, United-States, <=50K
86.66014,309953.62,9.67043,6247.477,1.877904,39.88365, Private, 12th, Married-civ-spouse, Prof-specialty, Husband, White, Male, United-States, <=50K
26.27382,190213.02,9.991522,-195.9898,-15.849154,33.860634, Private, Some-college, Divorced, Sales, Other-relative, White, Male, United-States, <=50K
46.131344,45862.25,11.304856,-651.5505,9.574262,42.619175, ?, Bachelors, Married-civ-spouse, ?, Husband, White, Male, United-States, <=50K
45.043606,170104.8,10.024648,337.76416,8.500089,44.84868, Private, Some-college, Never-married, Transport-moving, Not-in-family, White, Female, United-States, <=50K
39.81055,237274.0,10.048447,374.88177,20.277205,30.129318, Private, Some-college, Divorced, Adm-clerical, Not-in-family, White, Female, United-States, <=50K
44.149296,140240.73,5.984963,364.6057,0.9007846,52.086292, Private, 10th, Married-civ-spouse, Other-service, Husband, White, Male, United-States, <=50K
75.72166,34350.64,12.966825,216.18683,-17.247766,20.00173, Self-emp-not-inc, Bachelors, Married-spouse-absent, Other-service, Not-in-family, White, Female, United-States, <=50K
44.199802,16076.47,13.00561,1135.4277,9.5594225,47.319206, Federal-gov, Bachelors, Married-civ-spouse, Sales, Husband, White, Male, United-States, >50K
22.191301,145599.16,9.036235,399.65295,-7.738284,27.133224, Private, HS-grad, Never-married, Transport-moving, Own-child, White, Male, United-States, <=50K
59.443176,17050.469,7.2639785,-461.10077,29.50181,24.9438, ?, 11th, Married-civ-spouse, ?, Wife, White, Female, United-States, >50K
29.869646,468403.03,10.132586,391.98938,6.4771852,16.923767, Private, Some-college, Separated, Sales, Not-in-family, White, Male, United-States, <=50K
44.88335,240081.95,10.003961,949.90985,-23.980997,81.05981, Self-emp-not-inc, Some-college, Married-civ-spouse, Exec-managerial, Husband, White, Male, United-States, <=50K
21.963686,251088.33,6.373393,367.3902,-22.281694,40.974464, Private, 10th, Separated, Transport-moving, Own-child, White, Male, United-States, <=50K
19.730017,81541.875,10.178834,3445.3125,-5.9948225,29.082472, Private, Some-college, Never-married, Craft-repair, Own-child, White, Male, United-States, <=50K
54.80468,281909.4,12.472982,675.1525,9.15698,31.142653, Private, Bachelors, Married-civ-spouse, Machine-op-inspct, Husband, White, Male, United-States, >50K
56.601467,129351.555,8.986049,251.2359,-8.821208,40.9207, Private, HS-grad, Married-civ-spouse, Farming-fishing, Husband, White, Male, United-States, <=50K
73.82493,210045.02,4.053247,239.83673,-6.3897276,41.339058, Private, 10th, Married-civ-spouse, Sales, Husband, White, Male, United-States, >50K
34.65175,198757.83,9.001668,366.11847,-2.9523268,42.10578, Private, HS-grad, Never-married, Other-service, Not-in-family, White, Male, United-States, <=50K
34.671207,101900.06,7.443647,-84.14533,2.211667,28.863766, Private, 10th, Divorced, Adm-clerical, Not-in-family, White, Female, United-States, <=50K
31.835484,107025.33,8.877027,-60.504826,-5.231822,41.07066, Private, HS-grad, Married-civ-spouse, Exec-managerial, Husband, White, Male, United-States, <=50K
42.207214,121844.26,10.053239,233.95898,12.292615,37.86079, Private, Some-college, Divorced, Adm-clerical, Not-in-family, White, Female, United-States, <=50K
14.945077,245210.66,10.1105995,495.35895,-5.3464155,19.293554, ?, Some-college, Never-married, ?, Own-child, White, Male, United-States, <=50K
20.56688,89339.805,9.072328,131.33014,16.158346,25.065311, Private, HS-grad, Never-married, Sales, Own-child, White, Male, United-States, <=50K
22.739452,113806.38,10.0892725,607.94824,-26.852205,38.63671, Private, Some-college, Never-married, Craft-repair, Not-in-family, White, Male, United-States, <=50K
49.548134,268891.7,8.998209,381.08405,5.8270235,38.928143, ?, HS-grad, Never-married, Adm-clerical, Own-child, White, Female, United-States, <=50K
30.75846,85247.305,11.171418,535.0676,21.410902,45.554985, Private, Assoc-voc, Married-civ-spouse, Sales, Husband, White, Male, United-States, <=50K
44.861855,86934.164,9.048708,-175.05634,0.22965728,45.364788, Private, HS-grad, Married-civ-spouse, Sales, Husband, White, Male, United-States, <=50K
51.191456,154024.36,8.212961,2477.7583,-11.383441,41.509205, Private, 10th, Married-civ-spouse, Craft-repair, Husband, White, Male, United-States, >50K
51.632626,157870.14,11.958672,3902.7563,-14.657199,41.554455, Private, Some-college, Married-civ-spouse, Exec-managerial, Husband, White, Male, United-States, >50K
50.747272,168087.4,15.983934,20.127865,-35.4081,49.832256, Private, Bachelors, Divorced, Prof-specialty, Not-in-family, White, Male, United-States, >50K
46.90155,412156.72,10.5370455,-882.6386,-11.353648,48.674007, Federal-gov, Some-college, Married-civ-spouse, Sales, Husband, White, Male, United-States, <=50K
58.86544,241755.5,10.065132,3007.9846,-9.698176,23.588387, Private, Some-college, Married-civ-spouse, Prof-specialty, Husband, White, Male, United-States, <=50K
37.41325,197663.19,13.503249,426.45264,-33.976078,62.23402, Self-emp-not-inc, Masters, Married-civ-spouse, Prof-specialty, Husband, White, Male, United-States, <=50K
54.814228,75386.39,10.031942,-204.79437,5.5050707,21.95818, ?, Some-college, Divorced, ?, Unmarried, White, Female, United-States, <=50K
41.164,62178.15,5.7492595,-342.23102,14.624097,40.6837, Private, 10th, Divorced, Adm-clerical, Unmarried, White, Female, United-States, <=50K
35.183903,200465.83,5.5295405,399.79572,12.087354,46.73691, Private, 10th, Never-married, Other-service, Not-in-family, White, Female, United-States, <=50K
60.57811,313415.47,10.180354,391.76678,-17.03242,39.30501, Private, Some-college, Married-civ-spouse, Sales, Husband, White, Male, United-States, >50K
68.04205,159758.17,12.991596,1000.8348,-1.2601651,34.8307, Private, Bachelors, Married-civ-spouse, Prof-specialty, Husband, White, Male, United-States, >50K
31.728642,184835.36,10.098098,-202.03265,-31.359453,47.410686, Private, Some-college, Never-married, Craft-repair, Not-in-family, White, Female, United-States, <=50K
34.615345,132029.44,9.038341,279.40485,1317.4617,51.419605, ?, HS-grad, Divorced, ?, Not-in-family, White, Male, United-States, <=50K
54.362667,182135.05,9.098868,-0.5153239,9.0052,55.360134, Self-emp-inc, HS-grad, Married-civ-spouse, Exec-managerial, Husband, White, Male, United-States, >50K
39.290077,38085.344,13.017087,188.82281,-4.3715544,41.400345, Private, Bachelors, Never-married, Other-service, Not-in-family, White, Female, United-States, <=50K
20.959576,171650.05,5.508931,144.656,0.033604726,32.565174, Private, 10th, Never-married, Other-service, Own-child, White, Male, United-States, <=50K
34.989143,97983.64,10.117827,-43.815983,17.71604,42.362705, Self-emp-inc, Some-college, Divorced, Sales, Own-child, White, Female, United-States, <=50K
49.962795,130991.63,10.019491,1134.3103,-16.163187,82.02169, Private, Some-college, Never-married, Protective-serv, Not-in-family, White, Female, United-States, <=50K
31.671682,252994.06,9.142536,43.47772,8.04926,45.62786, Private, HS-grad, Never-married, Other-service, Unmarried, White, Male, United-States, >50K
28.548098,109576.5,9.638004,910.1372,-0.7225522,28.380865, Private, Some-college, Married-civ-spouse, Sales, Husband, White, Male, United-States, <=50K
44.332203,357470.9,9.051739,1188.1895,5.808072,34.701565, Private, HS-grad, Divorced, Adm-clerical, Not-in-family, White, Female, United-States, <=50K
33.49482,184777.66,10.178638,-30.946964,-32.410427,29.635, Private, Some-college, Divorced, Craft-repair, Unmarried, White, Male, United-States, <=50K
54.864475,238475.67,9.049661,388.73987,9.51051,39.348072, Private, HS-grad, Married-civ-spouse, Prof-specialty, Husband, White, Male, United-States, >50K
31.081724,164124.94,12.970928,249.99048,11.283795,45.009796, Private, Bachelors, Married-civ-spouse, Sales, Husband, White, Male, United-States, <=50K
34.544445,165107.69,10.0959425,153.11414,3.2558413,40.26768, Private, Some-college, Married-civ-spouse, Sales, Husband, White, Male, United-States, <=50K
56.183903,155380.83,10.202029,271.73828,-35.5985,45.508667, Private, Some-college, Divorced, Other-service, Not-in-family, White, Female, United-States, >50K
19.284313,219946.98,10.024069,181.6278,9.364972,71.54446, Private, Some-college, Never-married, Farming-fishing, Not-in-family, White, Male, United-States, <=50K
24.458412,219888.86,6.274341,68.14379,-6.6347685,33.900715, Private, 10th, Married-civ-spouse, Handlers-cleaners, Husband, White, Male, United-States, <=50K
44.736378,174518.89,10.06358,1107.156,-4.897525,38.282074, State-gov, Some-college, Never-married, Exec-managerial, Not-in-family, White, Male, United-States, <=50K
27.04922,72506.555,10.149011,37.31561,-2.7077818,49.19918, Private, Some-college, Never-married, Other-service, Not-in-family, White, Male, United-States, <=50K
38.060898,164679.48,9.096732,-132.6037,1660.0192,46.8617, Private, HS-grad, Married-civ-spouse, Exec-managerial, Husband, White, Male, United-States, <=50K
51.08212,165621.42,10.09737,153.76532,-14.49319,40.101383, Private, Some-college, Married-civ-spouse, Sales, Husband, White, Male, United-States, <=50K
59.622906,341398.53,10.058831,587.08057,-9.861583,42.57996, Private, Some-college, Never-married, Machine-op-inspct, Not-in-family, White, Male, United-States, <=50K
36.822704,244812.08,8.945285,330.44623,3.8755236,43.860313, Private, HS-grad, Married-civ-spouse, Machine-op-inspct, Husband, White, Male, United-States, <=50K
39.8151,11904.907,9.262161,-39.61408,1348.2928,44.84021, Private, HS-grad, Married-civ-spouse, Exec-managerial, Husband, White, Male, United-States, >50K
24.800648,193834.36,13.921602,48.04559,0.54258454,25.281204, Private, Masters, Never-married, Prof-specialty, Not-in-family, White, Male, United-States, <=50K
59.991432,212207.78,9.121834,-293.92975,21.701445,30.405487, Self-emp-not-inc, HS-grad, Divorced, Adm-clerical, Other-relative, White, Female, United-States, <=50K
75.87411,120726.516,13.001366,144.54822,6396.749,45.48249, Private, Some-college, Divorced, Prof-specialty, Not-in-family, White, Female, United-States, >50K
20.694973,258998.92,9.244811,1397.979,13.425084,35.362682, Private, HS-grad, Divorced, Handlers-cleaners, Own-child, White, Female, United-States, <=50K
83.43645,139192.05,6.648598,145.48163,-5.396716,32.40586, Self-emp-not-inc, 10th, Widowed, Sales, Not-in-family, White, Female, United-States, <=50K
44.633877,587143.2,3.6061492,102.42986,-23.293177,45.57138, Self-emp-not-inc, 10th, Married-civ-spouse, Transport-moving, Husband, White, Male, United-States, <=50K
34.848213,15049.204,13.84993,-382.3189,-10.19324,29.268778, Private, Masters, Never-married, Prof-specialty, Own-child, White, Male, United-States, >50K
47.830654,132694.38,4.0843654,-271.7497,-12.126636,51.29125, Private, 10th, Married-civ-spouse, Sales, Husband, White, Male, United-States, <=50K
44.75536,186756.42,9.980156,-471.17316,-7.3218184,45.21096, Federal-gov, Some-college, Married-civ-spouse, Exec-managerial, Husband, White, Male, United-States, >50K
59.20372,104619.01,9.009106,182.8529,16.814596,52.950565, Private, HS-grad, Never-married, Sales, Not-in-family, White, Male, United-States, <=50K
44.312504,135366.19,9.858995,207.85248,-13.431338,43.781002, Private, Some-college, Divorced, Exec-managerial, Unmarried, White, Female, United-States, <=50K
24.490948,92005.22,11.087864,245.7873,-6.6642103,14.139593, Private, Some-college, Never-married, Adm-clerical, Own-child, White, Female, United-States, <=50K
40.15306,165446.27,10.099875,-238.39825,-12.565524,31.092575, Private, Some-college, Divorced, Prof-specialty, Not-in-family, White, Male, United-States, <=50K
46.64927,242401.95,10.067876,75.42071,5.058934,43.255554, Private, Some-college, Never-married, Machine-op-inspct, Not-in-family, White, Male, United-States, <=50K
68.79101,131758.84,3.4894938,219.70825,15.566274,24.129665, Private, 10th, Widowed, Adm-clerical, Unmarried, White, Female, United-States, <=50K
19.442818,309442.78,9.0228815,741.5213,-0.16536988,42.846405, Private, HS-grad, Never-married, Craft-repair, Not-in-family, White, Female, United-States, <=50K
46.762543,207654.61,12.799118,303.9745,-6.1814833,43.0377, Private, Bachelors, Married-civ-spouse, Craft-repair, Husband, White, Male, United-States, >50K
36.611313,260595.3,9.616854,91946.33,-7.9265547,45.982002, Private, 11th, Married-civ-spouse, Prof-specialty, Husband, White, Male, United-States, >50K
32.75277,87249.836,11.068176,430.1114,28.551054,42.487373, Private, Assoc-voc, Divorced, Handlers-cleaners, Not-in-family, White, Male, United-States, <=50K
32.021225,342029.66,9.976853,426.80225,13.301183,57.406445, ?, Some-college, Never-married, ?, Own-child, White, Female, United-States, <=50K
57.89621,117950.6,11.129257,9612.743,0.32656586,39.460457, Private, Assoc-voc, Married-civ-spouse, Machine-op-inspct, Husband, White, Male, United-States, <=50K
30.162336,-40653.5,9.996194,-476.6895,-7.5438185,33.922176, Private, Some-college, Married-civ-spouse, Prof-specialty, Husband, White, Male, United-States, <=50K
27.703674,223641.34,11.054874,1430.2073,3.0816545,48.741673, Private, Assoc-voc, Married-civ-spouse, Adm-clerical, Husband, White, Male, United-States, <=50K
25.49688,122421.98,10.007507,-275.0208,7.4378786,37.145676, Private, Some-college, Never-married, Adm-clerical, Not-in-family, White, Female, United-States, <=50K
26.088556,160251.27,6.870462,468.8094,-18.797083,37.119602, Private, 11th, Separated, Other-service, Unmarried, White, Female, United-States, <=50K
38.737667,403260.34,10.045909,24838.768,-25.792719,36.546894, Private, Some-college, Married-civ-spouse, Exec-managerial, Wife, White, Male, United-States, >50K
32.344368,330424.2,5.33812,207.682,-56.705944,40.552097, Self-emp-not-inc, 10th, Divorced, Craft-repair, Unmarried, White, Female, United-States, <=50K
29.942053,178727.16,11.096126,189.00879,7.197545,41.848743, Private, Assoc-voc, Married-civ-spouse, Sales, Husband, White, Male, United-States, <=50K
35.68242,73267.375,10.098247,389.68073,-4.082797,41.403217, Private, Some-college, Never-married, Adm-clerical, Not-in-family, White, Male, United-States, <=50K
21.638393,238852.98,9.050968,147.33533,27.821222,41.019867, Private, HS-grad, Never-married, Exec-managerial, Own-child, White, Female, United-States, <=50K
30.471338,213083.7,7.141818,-451.82806,1029.3885,44.73434, Private, 11th, Never-married, Craft-repair, Not-in-family, White, Male, United-States, <=50K
53.43078,42224.875,10.057469,561.1502,-13.965442,63.215866, Private, Some-college, Divorced, Sales, Not-in-family, White, Female, United-States, <=50K
42.424397,75109.016,8.984027,106.20489,-0.7772931,40.558666, Private, HS-grad, Married-civ-spouse, Other-service, Wife, White, Female, United-States, <=50K
26.872257,222269.52,10.007878,22179.844,-7.779849,40.41082, Private, Some-college, Married-civ-spouse, Craft-repair, Husband, White, Male, United-States, <=50K
36.03514,241986.4,9.803644,497.41626,-13.566676,37.228214, Private, Some-college, Divorced, Transport-moving, Own-child, White, Female, United-States, <=50K
52.15536,95664.6,9.002437,305.91602,25.115503,38.200886, Self-emp-not-inc, HS-grad, Married-civ-spouse, Farming-fishing, Wife, White, Female, United-States, <=50K
47.496136,170550.98,9.417815,-47.58576,-13.402675,54.11216, Private, HS-grad, Married-civ-spouse, Transport-moving, Husband, White, Male, United-States, >50K
23.476648,230634.83,10.171259,661.4797,-9.368205,25.095772, Private, Some-college, Never-married, Machine-op-inspct, Own-child, White, Male, United-States, <=50K
37.052834,191133.95,9.979502,-966.0618,2.6840258,44.949814, Private, HS-grad, Separated, Machine-op-inspct, Not-in-family, White, Female, United-States, >50K
50.39204,566503.44,14.486336,87.70159,1106.0114,32.603394, Private, Masters, Married-civ-spouse, Prof-specialty, Husband, White, Male, United-States, <=50K
63.64118,763917.75,9.567872,277.11407,-1.1891965,56.41415, Private, HS-grad, Widowed, Sales, Unmarried, White, Female, United-States, <=50K
26.286423,143115.47,10.080869,276.50226,11.287541,35.36595, Private, Some-college, Never-married, Sales, Unmarried, White, Female, United-States, <=50K
53.808228,151237.8,13.182098,1502.412,-45.529858,40.445534, Self-emp-inc, Masters, Married-civ-spouse, Exec-managerial, Wife, White, Female, United-States, >50K
52.842007,207010.33,13.1303215,24493.293,-17.669199,35.999126, Private, Bachelors, Married-civ-spouse, Exec-managerial, Husband, White, Male, United-States, >50K
28.6871,152699.62,9.032171,84.656364,-5.7896757,35.634125, Private, HS-grad, Divorced, Other-service, Own-child, White, Male, United-States, <=50K
36.986984,146172.97,9.024844,-720.90704,25.60406,38.923275, Private, HS-grad, Married-civ-spouse, Prof-specialty, Husband, White, Male, United-States, <=50K
22.79668,251069.19,10.1201935,1554.6936,-18.966242,35.022415, Self-emp-not-inc, Some-college, Never-married, Other-service, Not-in-family, White, Female, United-States, <=50K
44.83803,130238.375,12.808364,11.424496,-20.600939,43.066944, Private, Bachelors, Never-married, Exec-managerial, Husband, White, Male, United-States, <=50K
56.611023,93388.555,8.956899,-256.86542,14.172475,41.016357, Private, HS-grad, Married-civ-spouse, Adm-clerical, Husband, White, Female, United-States, <=50K
33.587654,166793.25,9.1890745,430.47296,3.3354845,42.17681, Private, HS-grad, Never-married, Sales, Not-in-family, White, Male, United-States, <=50K
49.0187,167896.36,7.641232,448.80103,-3.2589903,39.141373, Self-emp-not-inc, HS-grad, Divorced, Other-service, Own-child, White, Female, United-States, <=50K
57.363842,149409.02,10.803884,583.4686,2.508275,28.634432, Private, 12th, Married-civ-spouse, Other-service, Husband, White, Male, United-States, <=50K
53.773773,238418.61,2.0019941,502.42682,-30.509981,27.188639, Private, 10th, Married-civ-spouse, Handlers-cleaners, Husband, White, Male, United-States, <=50K
24.250021,228349.5,9.067446,158.09467,10.918004,55.59138, Private, HS-grad, Never-married, Transport-moving, Not-in-family, White, Female, United-States, <=50K
56.24377,152714.61,10.171418,378.44263,-0.08235444,44.81022, Private, Some-college, Married-civ-spouse, Adm-clerical, Husband, White, Male, United-States, <=50K
42.577957,219274.11,8.948139,557.48425,-19.984446,27.508612, Private, HS-grad, Married-civ-spouse, Exec-managerial, Husband, White, Male, United-States, <=50K
45.427677,18753.188,4.2652354,-764.1351,51.857994,73.6133, Private, 10th, Married-civ-spouse, Craft-repair, Husband, White, Male, United-States, >50K
54.867085,202657.98,9.063646,-78.89155,10.724011,30.607998, Private, HS-grad, Married-civ-spouse, Sales, Husband, White, Male, United-States, <=50K
25.037466,170158.75,8.842367,-403.22174,41.561954,31.06306, Private, HS-grad, Never-married, Prof-specialty, Not-in-family, White, Female, United-States, <=50K
41.566597,200113.25,9.017718,-164.75092,10.096837,27.99976, Private, HS-grad, Married-civ-spouse, Handlers-cleaners, Husband, White, Male, United-States, <=50K
32.32829,141584.9,8.854349,677.61694,19.952017,39.033443, Private, HS-grad, Divorced, Machine-op-inspct, Unmarried, White, Male, United-States, >50K
25.47004,247137.4,9.045183,135.0946,-6.0906096,41.96667, Private, HS-grad, Married-civ-spouse, Craft-repair, Husband, White, Male, United-States, <=50K
49.977303,113838.67,9.093585,-224.89545,21.494528,43.21896, Private, HS-grad, Married-civ-spouse, Sales, Husband, White, Male, United-States, >50K
54.32398,191053.3,13.937918,463.21454,-41.235867,35.90852, Private, Masters, Separated, Exec-managerial, Unmarried, White, Female, United-States, <=50K
29.112137,179894.44,13.80271,-6.4851723,-30.935946,38.460094, Private, Bachelors, Never-married, Other-service, Not-in-family, White, Male, United-States, <=50K
28.759542,89721.35,9.997859,2915.8772,-13.375957,34.8279, Private, Some-college, Never-married, Prof-specialty, Not-in-family, White, Male, United-States, <=50K
16.576847,229548.89,3.4067965,-62.52216,1764.6477,47.250572, Private, 10th, Never-married, Craft-repair, Own-child, White, Male, United-States, <=50K
54.869003,122517.51,13.092641,2916.6455,6.564641,40.96251, Private, Bachelors, Divorced, Prof-specialty, Not-in-family, White, Female, United-States, <=50K
23.854996,171482.02,10.2385,865.2768,-32.64847,7.824438, Private, Some-college, Divorced, Priv-house-serv, Own-child, White, Female, United-States, <=50K
64.48836,161545.34,12.00671,78.827324,-4.532466,28.991259, Private, Assoc-voc, Married-civ-spouse, Sales, Husband, White, Male, United-States, >50K
39.219036,28121.25,10.108705,63.663265,1413.9207,63.840145, ?, Some-college, Divorced, Farming-fishing, Not-in-family, White, Female, United-States, <=50K
64.74988,160213.28,8.866649,1005.50665,-16.40919,34.820873, Private, HS-grad, Divorced, Exec-managerial, Not-in-family, White, Female, United-States, <=50K
40.897266,113458.26,14.524231,304.48688,-17.543581,41.395016, Private, Masters, Married-civ-spouse, Exec-managerial, Husband, White, Male, United-States, <=50K
8.3625345,105954.69,8.264505,31.107235,-3.919139,14.418715, Private, HS-grad, Never-married, Adm-clerical, Own-child, White, Female, United-States, <=50K
45.982685,111615.664,9.234005,223.37134,9.343251,36.422882, Private, HS-grad, Never-married, Adm-clerical, Not-in-family, White, Female, United-States, <=50K
39.93595,248946.83,9.082852,41586.543,50.36273,48.099495, Private, HS-grad, Married-civ-spouse, Craft-repair, Husband, White, Male, United-States, >50K
52.456913,195188.48,11.021686,1208.3413,18.539198,49.02997, Federal-gov, Assoc-voc, Married-civ-spouse, Tech-support, Husband, White, Male, United-States, >50K
35.912674,78529.18,8.99327,28.317684,-6.719989,39.777042, Private, HS-grad, Married-civ-spouse, Exec-managerial, Husband, White, Male, United-States, <=50K
39.843636,163626.34,12.305692,230.008,-7.979579,21.593382, Private, Assoc-acdm, Divorced, Prof-specialty, Not-in-family, White, Female, United-States, <=50K
22.508083,83108.54,10.288295,483.95416,23.264051,1.5161074, Self-emp-not-inc, Some-college, Separated, Farming-fishing, Own-child, White, Female, United-States, <=50K
39.948574,213953.23,8.973404,4936.412,3.3482485,42.868355, Private, HS-grad, Divorced, Adm-clerical, Not-in-family, White, Female, United-States, <=50K
37.478077,96027.016,10.196041,309.59564,-7.9092817,34.579037, Private, Some-college, Married-civ-spouse, Other-service, Husband, White, Male, United-States, <=50K
38.668804,150409.19,13.028083,148.2923,2.2082033,41.716095, Private, Bachelors, Married-civ-spouse, Other-service, Husband, White, Male, United-States, <=50K
56.928593,134560.22,9.117408,-509.87848,4.3471804,37.597607, Private, HS-grad, Divorced, Sales, Husband, White, Male, United-States, >50K
20.608156,152033.84,9.978712,-66.372505,-16.849352,37.2248, Private, Some-college, Never-married, Prof-specialty, Not-in-family, White, Female, United-States, <=50K
40.790592,223622.55,12.9198265,737.1749,4.3488665,54.08026, Private, Bachelors, Married-civ-spouse, Sales, Husband, White, Male, United-States, >50K
44.750683,224830.88,13.347957,13.456356,0.923627,41.334473, Private, Assoc-acdm, Married-civ-spouse, Prof-specialty, Husband, White, Male, United-States, <=50K
58.717773,287708.56,12.546235,3429.0286,-7.951747,46.86494, Private, Assoc-acdm, Married-civ-spouse, Prof-specialty, Husband, White, Male, United-States, >50K
57.50305,256302.27,13.078246,296.45087,6.072057,56.573254, Private, Bachelors, Married-civ-spouse, Adm-clerical, Husband, White, Male, United-States, >50K
15.888303,139327.33,9.054747,-325.2801,11.302861,23.30397, Private, 12th, Never-married, Adm-clerical, Own-child, White, Female, United-States, <=50K
23.135702,235516.67,4.5579925,536.1803,-4.4825163,13.256805, Private, 10th, Never-married, Handlers-cleaners, Not-in-family, White, Female, United-States, <=50K
55.760555,80605.77,10.019065,-20.533634,-13.210643,55.05341, Private, Some-college, Widowed, Exec-managerial, Not-in-family, White, Female, United-States, >50K
68.95909,67316.44,9.982624,106.31982,10.5327425,36.090645, ?, Some-college, Divorced, ?, Not-in-family, White, Female, United-States, <=50K
29.813253,176330.4,5.054891,-193.00848,-1.8983105,46.16539, Private, 10th, Divorced, Exec-managerial, Unmarried, White, Female, United-States, <=50K
30.113905,56347.625,10.021473,442.50854,20.096663,33.96803, Private, Some-college, Never-married, Adm-clerical, Own-child, White, Female, United-States, <=50K
71.288414,115100.48,9.150494,680.2723,6.026822,79.65869, Self-emp-inc, HS-grad, Widowed, Sales, Not-in-family, White, Female, United-States, <=50K
44.865,95190.84,15.193997,772.4261,0.13805114,48.153034, Private, Masters, Widowed, Prof-specialty, Unmarried, White, Female, United-States, >50K
60.619522,133517.78,9.079821,107.86187,-0.89439666,23.456821, Self-emp-not-inc, HS-grad, Widowed, Adm-clerical, Not-in-family, White, Female, United-States, <=50K
42.990356,158709.97,9.03617,114.218864,4.2051516,40.399334, Private, HS-grad, Married-civ-spouse, Other-service, Husband, White, Male, United-States, <=50K
38.32983,84675.89,9.068539,507.09814,-1.9868954,18.656284, ?, HS-grad, Never-married, ?, Own-child, White, Female, United-States, <=50K
55.475273,161783.64,8.845452,1334.5781,19.588484,35.185726, Private, HS-grad, Divorced, Adm-clerical, Unmarried, White, Female, United-States, <=50K
80.95037,113316.086,9.098961,464.42877,11.895017,29.63832, Local-gov, HS-grad, Married-civ-spouse, Other-service, Husband, White, Male, United-States, <=50K
29.023954,11667.188,10.028656,-163.66583,-3.5613432,39.564857, Private, Some-college, Never-married, Prof-specialty, Not-in-family, White, Male, United-States, <=50K
39.80926,384538.38,13.011379,503.099,-16.68802,44.49152, Private, Bachelors, Married-civ-spouse, Exec-managerial, Husband, White, Male, United-States, <=50K
30.260052,314898.62,11.158874,5100.377,-17.050951,41.75451, Private, Assoc-voc, Married-civ-spouse, Transport-moving, Husband, White, Male, United-States, <=50K
45.744183,131827.2,13.067996,44.222164,2098.5264,51.09134, Private, Bachelors, Married-civ-spouse, Sales, Husband, White, Male, United-States, >50K
42.745037,125730.79,9.00411,-48.34638,-1.892886,49.610775, Private, HS-grad, Married-civ-spouse, Craft-repair, Husband, White, Male, United-States, <=50K
36.515602,381581.7,12.828513,-125.24946,-8.151561,42.19556, Private, Bachelors, Divorced, Adm-clerical, Husband, White, Male, United-States, <=50K
40.422165,81638.91,9.93765,2826.993,-31.564524,51.594616, Private, Some-college, Married-civ-spouse, Machine-op-inspct, Husband, White, Male, United-States, <=50K
46.31136,137824.31,10.071794,157.45276,28.272783,36.31086, Private, Some-college, Divorced, Machine-op-inspct, Not-in-family, White, Male, United-States, <=50K
39.722195,277386.66,13.76302,548.6149,-13.905597,36.949028, Private, Masters, Divorced, Adm-clerical, Not-in-family, White, Female, United-States, >50K
42.148087,252431.55,13.060368,1531.6915,5.596532,60.770737, Private, Bachelors, Married-civ-spouse, Exec-managerial, Husband, White, Male, United-States, >50K
35.261887,41758.984,13.032925,644.0887,1826.8016,40.98051, Private, Bachelors, Married-civ-spouse, Handlers-cleaners, Husband, White, Male, United-States, >50K
26.97056,123381.24,9.04266,102.12176,1589.135,40.998737, ?, HS-grad, Never-married, ?, Not-in-family, White, Female, United-States, <=50K
25.528294,103154.0,10.07629,-97.9195,-33.405315,38.952793, Private, Some-college, Never-married, Handlers-cleaners, Not-in-family, White, Male, United-States, <=50K
44.718807,53936.64,10.1424265,-439.33466,2.1966906,27.28425, Private, Some-college, Divorced, Adm-clerical, Unmarried, White, Female, United-States, <=50K
42.76211,192012.83,10.085209,233.9541,-2.033679,45.111485, Private, Some-college, Never-married, Machine-op-inspct, Not-in-family, White, Male, United-States, <=50K
29.945482,182773.34,10.733738,2538.386,-0.55318725,38.02498, Private, Assoc-voc, Married-civ-spouse, Craft-repair, Husband, White, Male, United-States, <=50K
30.58068,124922.13,9.0810995,-103.6457,28.77088,52.935463, Private, HS-grad, Never-married, Sales, Not-in-family, White, Male, United-States, <=50K
57.596275,101117.336,8.910928,73.962456,-14.249263,41.72645, Self-emp-not-inc, HS-grad, Divorced, Sales, Not-in-family, White, Female, United-States, <=50K
43.792637,83213.45,12.450375,703.73596,112.506516,39.815735, Private, Bachelors, Married-civ-spouse, Adm-clerical, Own-child, White, Female, United-States, >50K
73.295616,26277.297,9.131319,-492.14178,8.666326,45.529465, Private, HS-grad, Married-civ-spouse, Exec-managerial, Husband, White, Male, United-States, >50K
35.010956,368095.25,10.143215,511.64728,1903.855,46.30232, Private, Some-college, Married-civ-spouse, Adm-clerical, Not-in-family, White, Male, United-States, <=50K
41.172504,146055.1,10.11661,3003.8044,-8.062282,42.22283, Private, Some-college, Never-married, Adm-clerical, Not-in-family, White, Female, United-States, >50K
45.333202,240595.75,9.127625,411.40985,-11.689273,38.097557, Private, HS-grad, Never-married, Craft-repair, Own-child, White, Male, United-States, <=50K
45.7567,138353.1,10.0975065,470.65778,-11.942042,69.2376, Private, Some-college, Married-civ-spouse, Craft-repair, Husband, White, Male, United-States, >50K
36.89621,201388.19,9.021302,61.159176,10.6112795,29.661139, Private, HS-grad, Divorced, Sales, Unmarried, White, Female, United-States, <=50K
56.419754,242566.11,7.269475,-469.21014,1.0556079,29.732456, Local-gov, HS-grad, Widowed, Prof-specialty, Not-in-family, White, Female, United-States, <=50K
31.014887,381298.75,9.084734,856.9608,-1.2777356,39.915524, Private, HS-grad, Never-married, Handlers-cleaners, Not-in-family, White, Male, United-States, <=50K
27.588001,218365.12,13.166692,23694.23,-8.452067,56.542038, Private, Bachelors, Never-married, Prof-specialty, Not-in-family, White, Male, United-States, <=50K
23.96935,227064.9,14.089279,701.48975,1630.0469,52.34548, Private, Masters, Never-married, Prof-specialty, Own-child, White, Female, United-States, <=50K
30.628164,277441.75,4.3778424,376.9807,3.7974901,31.534788, Private, 10th, Never-married, Other-service, Not-in-family, White, Male, United-States, <=50K
33.851566,93473.34,10.124907,-1233.0371,1877.2166,35.357735, Self-emp-not-inc, Some-college, Married-civ-spouse, Exec-managerial, Husband, White, Male, United-States, >50K
43.45659,104578.016,10.328376,240.40027,-23.474169,48.596794, Local-gov, HS-grad, Married-civ-spouse, Craft-repair, Husband, White, Male, United-States, <=50K
21.703424,267397.0,10.078404,695.16266,5.1629763,40.903378, Private, Some-college, Never-married, Transport-moving, Own-child, White, Male, United-States, <=50K
32.55896,43785.36,9.997695,-413.36835,-9.237483,43.449745, Private, Some-college, Married-civ-spouse, Prof-specialty, Husband, White, Male, United-States, <=50K
30.30365,87430.39,13.102185,108.758965,1.9935733,33.53169, Private, Bachelors, Never-married, Adm-clerical, Not-in-family, White, Female, United-States, <=50K
36.833706,205905.62,9.042128,6516.303,6.2529955,52.81493, Private, HS-grad, Married-civ-spouse, Sales, Husband, White, Male, United-States, >50K
66.98134,313967.34,10.188183,71.851006,2175.3267,37.11848, Private, Some-college, Married-civ-spouse, Machine-op-inspct, Husband, White, Male, United-States, >50K
67.96353,120856.766,12.653397,248.94812,-5.870288,41.5082, Private, Bachelors, Married-civ-spouse, Adm-clerical, Husband, White, Male, United-States, >50K
36.571144,110928.266,10.039822,-46.435368,-12.024821,42.572773, Private, Some-college, Never-married, Exec-managerial, Own-child, White, Female, United-States, <=50K
28.297398,104449.945,10.067459,256.31293,18.33573,39.190575, Private, Some-college, Never-married, Adm-clerical, Not-in-family, White, Male, United-States, <=50K
65.58051,133468.06,10.216217,-145.86334,2529.5073,28.547323, Private, Some-college, Divorced, Adm-clerical, Wife, White, Female, United-States, >50K
52.570602,71291.81,13.131252,50.366634,-8.652659,36.611767, Private, Bachelors, Never-married, Sales, Own-child, White, Male, United-States, <=50K
49.498962,253359.8,6.9306903,-483.78217,-9.076137,49.10175, Private, 11th, Married-civ-spouse, Machine-op-inspct, Husband, White, Male, United-States, <=50K
35.94476,277855.9,10.304799,901.12805,-11.285533,56.405926, Private, Some-college, Married-civ-spouse, Exec-managerial, Husband, White, Male, United-States, >50K
37.110985,176408.92,10.015991,353.23065,-20.524225,43.789585, Private, Some-college, Divorced, Exec-managerial, Unmarried, White, Female, United-States, <=50K
49.96829,140555.16,4.897536,-432.5794,-12.598392,24.560345, Private, 10th, Divorced, Handlers-cleaners, Other-relative, White, Male, United-States, <=50K
29.767569,198174.92,9.06572,-133.84406,9.7581,45.04188, Private, HS-grad, Married-civ-spouse, Sales, Husband, White, Male, United-States, <=50K
48.55184,200521.78,14.017018,450.34833,-11.958575,41.265945, Private, Assoc-acdm, Married-civ-spouse, Craft-repair, Husband, White, Male, United-States, >50K
45.47428,179836.52,9.028852,91.51855,-4.6141005,36.813717, Private, HS-grad, Divorced, Machine-op-inspct, Other-relative, White, Female, United-States, <=50K
42.23121,121392.84,8.925641,-826.071,2228.2341,41.083195, Private, HS-grad, Divorced, Transport-moving, Not-in-family, White, Male, United-States, >50K
29.716316,114621.17,10.594446,-118.67292,15.599767,36.574142, Private, Assoc-voc, Divorced, Handlers-cleaners, Unmarried, White, Female, United-States, <=50K
36.15849,294383.84,9.879835,3577.9993,-29.198992,48.230637, Private, Some-college, Divorced, Craft-repair, Not-in-family, White, Female, United-States, >50K
26.751492,431928.34,10.170858,-252.03741,-22.09006,32.957687, Private, Some-college, Never-married, Sales, Other-relative, White, Female, United-States, <=50K
54.29444,300100.06,9.965824,-511.11163,-28.20289,23.549389, Federal-gov, Some-college, Never-married, Adm-clerical, Not-in-family, White, Female, United-States, <=50K
47.74714,349999.72,13.330332,307.60565,1.2873279,22.23099, ?, Masters, Never-married, ?, Not-in-family, White, Male, United-States, <=50K
19.121824,117518.9,14.2828,-338.12958,1553.3497,36.58365, Self-emp-not-inc, Masters, Never-married, Craft-repair, Own-child, White, Female, United-States, >50K
52.433895,182741.44,10.066429,165.39435,-8.382922,42.71431, Private, Some-college, Married-civ-spouse, Sales, Husband, White, Male, United-States, <=50K
47.390152,174770.5,11.895555,215.29828,-31.711084,38.884724, Self-emp-inc, Assoc-acdm, Married-civ-spouse, Craft-repair, Husband, White, Male, United-States, <=50K
29.010973,236996.12,9.027451,576.20886,10.66261,26.916246, Private, HS-grad, Never-married, Adm-clerical, Unmarried, White, Female, United-States, <=50K
33.241856,38819.844,11.31276,371.29352,-0.14805116,40.52335, Private, Assoc-voc, Married-civ-spouse, Other-service, Husband, White, Male, United-States, <=50K
29.483824,283869.3,8.879784,1177.557,3.9172258,46.36637, Private, HS-grad, Married-civ-spouse, Craft-repair, Husband, White, Male, United-States, >50K
29.849888,213261.23,10.1326885,286.24567,-15.565761,36.278885, Private, Some-college, Married-civ-spouse, Other-service, Wife, White, Female, United-States, >50K
17.25432,154521.77,10.143373,186.00482,-13.685321,27.441452, Self-emp-not-inc, Some-college, Never-married, Other-service, Own-child, White, Male, United-States, <=50K
31.415773,152114.67,12.711201,252.63208,-10.320239,51.517757, Private, Bachelors, Married-civ-spouse, Other-service, Husband, White, Male, United-States, <=50K
41.236656,85527.26,13.734599,1083.2709,-45.94473,62.455444, Self-emp-not-inc, Masters, Married-civ-spouse, Prof-specialty, Husband, White, Male, United-States, <=50K
51.99447,230243.22,4.29397,251.2373,-29.730768,34.318474, Private, 10th, Married-civ-spouse, Sales, Wife, White, Female, United-States, <=50K
28.478588,187574.98,9.010209,553.3064,32.757927,38.60715, State-gov, HS-grad, Married-civ-spouse, Protective-serv, Husband, White, Male, United-States, <=50K
42.152645,115155.33,10.040971,9.381283,-12.527049,45.69977, Private, Some-college, Divorced, Exec-managerial, Not-in-family, White, Female, United-States, <=50K
51.32667,130769.19,13.937676,38851.695,13.436452,42.20865, Private, Masters, Married-civ-spouse, Prof-specialty, Husband, White, Male, United-States, >50K
51.923405,47580.844,13.159924,-236.9726,16.902388,19.932907, Private, Bachelors, Married-civ-spouse, Handlers-cleaners, Husband, White, Male, United-States, >50K
30.122437,158951.12,13.106675,600.22156,28.42019,17.47574, Private, Bachelors, Married-civ-spouse, Priv-house-serv, Wife, White, Female, United-States, <=50K
44.70808,224293.14,9.052098,249.01453,-12.384929,32.71164, Private, HS-grad, Married-civ-spouse, Craft-repair, Husband, White, Male, United-States, <=50K
69.97847,124143.12,2.6139312,-244.8205,-16.679598,23.3043, Private, 10th, Married-civ-spouse, Sales, Husband, White, Male, United-States, <=50K
26.954618,116983.88,10.040288,-159.71417,-12.956172,46.3649, Private, Some-college, Never-married, Exec-managerial, Not-in-family, White, Female, United-States, <=50K
38.584137,265556.7,14.001387,29984.33,-37.816746,38.83789, Private, Bachelors, Married-civ-spouse, Priv-house-serv, Husband, White, Male, United-States, <=50K
39.35808,117866.914,13.107505,1315.6426,-4.44176,40.85871, Private, Bachelors, Divorced, Exec-managerial, Not-in-family, White, Female, United-States, >50K
21.89836,270299.47,9.019904,119.61248,19.963812,41.908386, Private, HS-grad, Never-married, Adm-clerical, Own-child, White, Male, United-States, <=50K
48.318176,157718.72,10.112847,150.05737,-13.430919,6.3329144, ?, Some-college, Widowed, ?, Wife, White, Female, United-States, <=50K
46.5938,154273.22,7.9416327,-237.15472,-29.244776,41.10249, Self-emp-not-inc, HS-grad, Divorced, Craft-repair, Unmarried, White, Female, United-States, <=50K
45.15202,44482.0,10.080317,-47.850895,-24.086367,45.66675, Self-emp-not-inc, Some-college, Married-civ-spouse, Transport-moving, Husband, White, Male, United-States, >50K
48.56071,266274.84,9.030856,-196.83429,0.8650485,44.615917, Self-emp-not-inc, HS-grad, Married-civ-spouse, Exec-managerial, Husband, White, Male, United-States, <=50K
41.064648,334669.4,13.115146,394.19476,-1.9784726,47.997963, Private, Bachelors, Married-civ-spouse, Exec-managerial, Wife, White, Female, United-States, >50K
38.95967,131205.42,10.063224,-199.71503,-5.281398,41.543053, Private, Some-college, Married-civ-spouse, Adm-clerical, Husband, White, Male, United-States, <=50K
24.530125,68259.336,10.02177,154.7024,-7.6313505,36.524708, Private, Some-college, Never-married, Other-service, Own-child, White, Female, United-States, <=50K
35.141335,90075.16,13.3141165,-723.31683,-21.163584,43.42555, Self-emp-not-inc, Assoc-acdm, Never-married, Farming-fishing, Unmarried, White, Male, United-States, <=50K
26.699015,117595.11,10.184274,366.0973,32.00968,33.229317, Private, Some-college, Never-married, Sales, Own-child, White, Male, United-States, <=50K
55.405857,43532.203,9.115317,-493.612,6.616765,47.89303, Private, HS-grad, Married-civ-spouse, Exec-managerial, Husband, White, Male, United-States, >50K
36.15523,172985.08,9.086512,-214.51129,5.5202913,37.615387, Private, HS-grad, Never-married, Sales, Other-relative, White, Female, United-States, <=50K
22.067617,162436.8,10.080612,-94.87934,-5.5925016,48.28855, Private, Some-college, Never-married, Exec-managerial, Own-child, White, Female, United-States, <=50K
24.28399,300511.38,10.090387,77.39294,-3.5497313,34.132618, Private, Some-college, Never-married, Exec-managerial, Own-child, White, Female, United-States, <=50K
48.345074,116563.01,6.8221116,-58.515934,-5.8813276,35.887524, Private, 10th, Married-civ-spouse, Machine-op-inspct, Husband, White, Male, United-States, <=50K
36.33655,219934.58,4.0047884,477.99384,1.9499255,35.92635, Private, 10th, Never-married, Other-service, Not-in-family, White, Male, United-States, <=50K
41.797882,290882.2,9.068596,301.53845,-1.1315717,42.347973, Private, HS-grad, Married-civ-spouse, Transport-moving, Husband, White, Male, United-States, <=50K
35.727722,144335.7,9.465292,-1159.6421,0.8453189,40.66951, Local-gov, HS-grad, Divorced, Exec-managerial, Other-relative, White, Female, United-States, <=50K
49.931847,122019.516,9.223647,523.84424,-9.112597,36.076263, Private, HS-grad, Married-civ-spouse, Adm-clerical, Husband, White, Male, United-States, <=50K
77.440285,133468.62,12.965296,798.3524,9.208447,14.919542, ?, Bachelors, Married-civ-spouse, ?, Husband, White, Male, United-States, >50K
32.802208,170526.55,11.577697,997.5904,-22.871622,-4.4069576, Private, Bachelors, Never-married, Handlers-cleaners, Own-child, White, Male, United-States, <=50K
38.58532,176178.95,9.940055,138.64648,1.6014377,53.142204, Private, Some-college, Never-married, Sales, Not-in-family, White, Female, United-States, <=50K
27.477903,189848.83,13.005724,193.38416,14.927144,20.2287, Private, Bachelors, Never-married, Adm-clerical, Own-child, White, Female, United-States, <=50K
66.34437,187426.72,9.011938,1646.929,19.39176,11.805122, ?, HS-grad, Widowed, ?, Not-in-family, White, Male, United-States, <=50K
40.564213,594941.06,9.253192,992.10144,2398.6692,52.28228, Private, HS-grad, Married-civ-spouse, Handlers-cleaners, Husband, White, Male, United-States, >50K
50.98637,455790.22,13.952396,817.02,-16.939173,28.90452, Federal-gov, Masters, Married-civ-spouse, Exec-managerial, Husband, White, Male, United-States, >50K
24.054459,365924.66,6.2296815,9229.254,10.396771,37.527958, Private, 10th, Married-civ-spouse, Adm-clerical, Wife, White, Female, United-States, <=50K
32.06631,136495.45,8.933292,29.87994,-11.582889,41.401928, Private, HS-grad, Married-civ-spouse, Exec-managerial, Husband, White, Male, United-States, <=50K
31.003506,145651.05,14.298159,8139.529,-17.67737,37.165997, Private, Masters, Never-married, Exec-managerial, Not-in-family, White, Female, United-States, <=50K
20.740973,91804.24,12.624033,854.005,30.278883,59.410103, Self-emp-not-inc, Bachelors, Never-married, Handlers-cleaners, Own-child, White, Male, United-States, <=50K
22.272507,108910.49,6.9354258,243.06354,13.005391,30.165003, Private, 11th, Never-married, Exec-managerial, Own-child, White, Male, United-States, <=50K
48.973274,206903.62,10.057773,941.64215,3.6899462,40.773323, Private, Some-college, Married-civ-spouse, Adm-clerical, Husband, White, Male, United-States, <=50K
37.342804,183533.97,9.083117,33.314083,8.535024,31.07381, Private, HS-grad, Never-married, Adm-clerical, Own-child, White, Male, United-States, <=50K
28.909246,67068.17,11.989523,412.72858,28.342031,22.387318, Private, Assoc-acdm, Married-civ-spouse, Adm-clerical, Wife, White, Female, United-States, <=50K
41.892914,44638.89,9.912217,20735.732,10.532361,29.46087, Self-emp-not-inc, Some-college, Married-civ-spouse, Prof-specialty, Husband, White, Male, United-States, <=50K
99.330086,149002.17,14.456369,-243.21967,-30.17068,34.27296, Self-emp-inc, Masters, Widowed, Prof-specialty, Not-in-family, White, Female, United-States, <=50K
52.157925,219666.62,10.057113,-482.14655,9.632421,40.76416, Local-gov, Some-college, Divorced, Adm-clerical, Unmarried, White, Female, United-States, <=50K
26.111483,257226.19,9.058914,795.8079,18.615156,39.40042, Private, HS-grad, Never-married, Adm-clerical, Not-in-family, White, Female, United-States, <=50K
48.752605,93767.97,8.96373,113.519585,2.5216112,25.575045, Federal-gov, HS-grad, Married-civ-spouse, Exec-managerial, Husband, White, Male, United-States, <=50K
30.467115,13225.142,8.981575,261.9461,0.32419312,39.735554, Private, HS-grad, Married-civ-spouse, Sales, Husband, White, Male, United-States, <=50K
72.69103,250798.28,9.900794,2131.4263,-3.8529234,22.01544, Private, Some-college, Married-civ-spouse, Craft-repair, Husband, White, Male, United-States, <=50K
20.714092,199372.03,10.016451,361.05426,-10.070582,41.522305, Private, Some-college, Never-married, Other-service, Not-in-family, White, Male, United-States, <=50K
29.559494,109227.29,9.114507,-85.712105,18.592596,56.13558, Private, HS-grad, Married-civ-spouse, Farming-fishing, Husband, White, Male, United-States, >50K
69.820274,144105.92,9.046889,775.2278,-4.258746,47.670746, Private, HS-grad, Married-civ-spouse, Transport-moving, Husband, White, Male, United-States, <=50K
61.32729,111681.22,13.040928,-316.81952,19.863745,60.33479, Private, Bachelors, Never-married, Protective-serv, Not-in-family, White, Male, United-States, <=50K
39.359253,240971.84,10.089287,89.8753,-3.6324873,39.504868, Private, Some-college, Married-civ-spouse, Other-service, Husband, White, Male, United-States, <=50K
49.541225,111367.49,13.006846,1205.7455,9.901036,54.362797, Self-emp-inc, Bachelors, Widowed, Exec-managerial, Not-in-family, White, Male, United-States, >50K
22.006273,19056.422,5.9509416,459.70856,3.8546343,35.404434, Local-gov, 10th, Never-married, ?, Own-child, White, Male, United-States, <=50K
37.729797,23019.922,12.816326,-58.224186,-7.5836897,75.018845, Self-emp-not-inc, Bachelors, Married-civ-spouse, Prof-specialty, Husband, White, Male, United-States, <=50K
59.21572,65835.84,9.228923,31080.969,35.143818,45.438538, Private, HS-grad, Married-civ-spouse, Craft-repair, Husband, White, Male, United-States, >50K
17.091406,351640.4,11.1082735,566.7498,18.72933,33.04743, Private, Assoc-voc, Never-married, Farming-fishing, Own-child, White, Male, United-States, <=50K
72.63071,68801.19,8.868314,-564.633,-32.201427,60.20578, Self-emp-not-inc, HS-grad, Widowed, Farming-fishing, Unmarried, White, Male, United-States, <=50K
25.383324,212577.25,9.855068,-142.45734,-49.69195,11.84767, ?, HS-grad, Never-married, ?, Not-in-family, White, Female, United-States, <=50K
41.47057,248528.58,13.246594,281.8957,30.16746,38.521843, Private, Masters, Married-civ-spouse, Prof-specialty, Husband, White, Male, United-States, <=50K
43.301094,90153.13,9.691383,237.56592,-2.7397718,40.959274, ?, Some-college, Never-married, ?, Not-in-family, White, Male, United-States, <=50K
46.238007,273626.6,7.432767,115.69445,21.450598,60.799007, Private, 11th, Divorced, Other-service, Unmarried, White, Male, United-States, <=50K
27.464983,19844.562,10.10885,496.6031,6.0955324,35.675266, Private, Some-college, Never-married, Adm-clerical, Own-child, White, Male, United-States, <=50K
57.633636,159958.4,13.323459,1418.8323,-17.876657,13.798853, Self-emp-not-inc, Assoc-acdm, Married-civ-spouse, Prof-specialty, Husband, White, Male, United-States, >50K
27.909115,127642.14,10.06746,-41.82465,11.8895235,35.620502, Local-gov, Some-college, Never-married, Adm-clerical, Own-child, White, Male, United-States, <=50K
48.539253,103461.125,9.247112,-919.6574,3292.1526,44.798164, Private, HS-grad, Married-civ-spouse, Machine-op-inspct, Husband, White, Male, United-States, >50K
41.32362,130036.914,10.057756,-304.71246,2.2020464,37.676144, Private, Some-college, Married-civ-spouse, Machine-op-inspct, Husband, White, Male, United-States, <=50K
68.59228,109077.15,9.042868,607.7687,-13.693271,23.791054, Private, HS-grad, Married-civ-spouse, Handlers-cleaners, Husband, White, Male, United-States, <=50K
39.502827,131472.28,10.125111,150.36865,-12.774669,32.22468, Private, Some-college, Married-civ-spouse, Sales, Husband, White, Male, United-States, <=50K
35.13789,213518.45,10.246768,1178.0721,-21.37433,26.172047, Private, Some-college, Married-civ-spouse, Other-service, Wife, White, Female, United-States, <=50K
53.56163,179927.8,10.1111355,-512.3398,2381.5378,46.86231, Self-emp-not-inc, Some-college, Married-civ-spouse, Exec-managerial, Husband, White, Male, United-States, >50K
36.839188,144850.45,6.7242684,1189.833,26.335695,38.728626, Private, 11th, Divorced, Machine-op-inspct, Unmarried, White, Female, United-States, <=50K
42.750595,58168.734,9.034797,-218.60004,10.193173,25.568222, Self-emp-not-inc, HS-grad, Married-civ-spouse, Other-service, Wife, White, Female, United-States, <=50K
30.522388,88140.29,11.1037855,13.499081,-17.631594,45.31013, Private, Some-college, Married-civ-spouse, Farming-fishing, Husband, White, Male, United-States, <=50K
45.43826,96084.35,15.0009985,2944.4224,5.576291,30.498714, Private, Bachelors, Married-civ-spouse, Exec-managerial, Wife, White, Female, United-States, >50K
35.702614,181830.12,11.546611,29782.49,-36.421574,43.341206, Self-emp-not-inc, Bachelors, Never-married, Adm-clerical, Own-child, White, Female, United-States, >50K
54.720146,241621.44,9.987035,-444.7752,-20.23617,44.713238, Private, Some-college, Married-civ-spouse, Prof-specialty, Husband, White, Male, United-States, <=50K
21.816767,277368.72,10.071643,581.8756,884.9898,34.08363, ?, Some-college, Never-married, ?, Not-in-family, White, Female, United-States, <=50K
16.98098,151582.53,8.124894,147.97668,27.567225,40.207157, Local-gov, 12th, Never-married, ?, Own-child, White, Male, United-States, <=50K
28.578365,113414.39,7.1705923,64.8366,10.021398,25.746319, Private, 11th, Never-married, Craft-repair, Own-child, White, Male, United-States, <=50K
19.058752,228814.27,10.12096,68.04516,-0.12159242,43.64042, Private, Some-college, Never-married, Sales, Own-child, White, Female, United-States, <=50K
95.13579,126133.8,11.914598,4751.694,17.449636,29.933052, Private, Assoc-acdm, Widowed, Prof-specialty, Not-in-family, White, Female, United-States, <=50K
26.057098,131270.58,12.72957,-389.52472,32.236492,33.341343, Private, Bachelors, Married-civ-spouse, Sales, Husband, White, Male, United-States, <=50K
47.963146,410494.78,9.100491,698.153,3.5758944,41.82145, Private, HS-grad, Married-civ-spouse, Craft-repair, Husband, White, Male, United-States, <=50K
56.713787,164469.27,10.149721,181.2395,31.215391,30.040495, Private, Some-college, Married-spouse-absent, Adm-clerical, Not-in-family, White, Female, United-States, <=50K
34.416237,236123.56,10.160737,789.49445,5.2945375,43.682617, Private, Some-college, Never-married, Farming-fishing, Not-in-family, White, Male, United-States, <=50K
23.265804,119370.72,13.285075,935.8463,1770.6422,10.072426, Private, Bachelors, Never-married, Sales, Own-child, White, Female, United-States, <=50K
26.949013,145038.83,10.145916,-547.3565,-4.7278547,33.118256, Private, Some-college, Never-married, Machine-op-inspct, Own-child, White, Female, United-States, <=50K
37.2929,214055.77,14.003965,428.2751,-31.877481,54.526115, Private, Masters, Married-civ-spouse, Prof-specialty, Husband, White, Male, United-States, >50K
55.30808,202492.9,8.662553,458.43585,3.593274,24.350817, ?, HS-grad, Divorced, ?, Unmarried, White, Female, United-States, <=50K
38.731663,116470.28,10.129677,26.397152,23.204893,37.113117, Private, Some-college, Divorced, Sales, Not-in-family, White, Male, United-States, <=50K
27.626495,173203.97,9.165388,-150.86163,1573.278,38.322895, Private, HS-grad, Divorced, Handlers-cleaners, Not-in-family, White, Male, United-States, <=50K
36.719704,348366.4,11.674112,282.27173,-5.9433775,53.229885, Private, Assoc-acdm, Married-civ-spouse, Craft-repair, Husband, White, Male, United-States, <=50K
23.555122,196290.62,13.040656,220.81195,15.298024,34.038326, Private, Bachelors, Never-married, Sales, Own-child, White, Female, United-States, <=50K
64.31531,60037.344,10.031705,69.4945,-49.944653,31.835434, Self-emp-not-inc, Some-college, Widowed, Exec-managerial, Not-in-family, White, Female, United-States, <=50K
48.136482,76108.19,8.894127,33445.453,18.89765,53.389774, Private, HS-grad, Married-civ-spouse, Exec-managerial, Husband, White, Male, United-States, <=50K
59.546894,321517.62,14.381348,649.6054,13.054669,46.87754, Private, Assoc-acdm, Married-civ-spouse, Other-service, Husband, White, Male, United-States, <=50K
30.262932,229770.48,9.779715,381.29437,-4.0317106,38.17113, Private, Some-college, Married-civ-spouse, Other-service, Husband, White, Male, United-States, <=50K
49.134953,231686.2,9.053111,1157.4161,17.707151,44.27318, Private, HS-grad, Divorced, Sales, Not-in-family, White, Male, United-States, <=50K
57.79,238882.16,12.120866,701.43463,-8.949664,54.468056, State-gov, Assoc-acdm, Divorced, Exec-managerial, Own-child, White, Male, United-States, <=50K
40.534508,199965.28,12.969278,465.00787,-1.4071606,28.1639, Private, Bachelors, Never-married, Craft-repair, Not-in-family, White, Male, United-States, <=50K
35.31383,128759.445,10.087072,-173.83551,-14.912616,42.9332, Private, Some-college, Never-married, Handlers-cleaners, Not-in-family, White, Male, United-States, <=50K
31.428312,110899.62,10.08849,-326.17596,-1.3407544,55.40874, Private, Some-college, Never-married, Adm-clerical, Not-in-family, White, Male, United-States, >50K
47.676437,102416.04,12.129923,9269.383,-21.308298,42.784264, Private, Bachelors, Married-civ-spouse, Craft-repair, Husband, White, Male, United-States, >50K
66.03149,223358.98,10.040096,248.70074,-2.513095,46.387363, Private, Some-college, Divorced, Adm-clerical, Own-child, White, Female, United-States, <=50K
41.3981,98551.234,9.086792,838.47766,-6.756976,42.21233, Private, HS-grad, Married-civ-spouse, Handlers-cleaners, Husband, White, Male, United-States, >50K
46.682304,168630.42,12.830067,197.71027,-16.553576,46.36331, Private, Bachelors, Married-civ-spouse, Exec-managerial, Husband, White, Male, United-States, <=50K
37.986053,190752.06,9.050803,435.9068,-5.2910643,42.41452, Private, HS-grad, Never-married, Exec-managerial, Not-in-family, White, Female, United-States, <=50K
53.281277,98917.02,9.282876,910.8875,2.1079226,42.867355, Private, HS-grad, Married-civ-spouse, Sales, Husband, White, Male, United-States, <=50K
44.04497,248720.28,16.028238,-342.20355,4.5300493,59.56664, State-gov, Bachelors, Divorced, Prof-specialty, Unmarried, White, Female, United-States, <=50K
57.754875,246589.95,10.066391,1406.509,9.257215,55.596817, Private, Some-college, Married-civ-spouse, Adm-clerical, Husband, White, Male, United-States, <=50K
43.971153,146953.95,9.090227,83.25341,1523.0691,45.26127, Private, HS-grad, Married-civ-spouse, Adm-clerical, Husband, White, Male, United-States, <=50K
49.303604,361345.9,9.10059,348.09064,-11.413478,26.27914, Private, HS-grad, Never-married, Other-service, Unmarried, White, Female, United-States, <=50K
35.006565,166522.39,5.1790733,-96.35615,-3.2989836,33.401638, Private, 10th, Married-civ-spouse, Adm-clerical, Husband, White, Male, United-States, <=50K
36.93465,91678.09,10.162523,-361.40338,-0.86500823,50.704304, Federal-gov, Some-college, Married-civ-spouse, Craft-repair, Not-in-family, White, Male, United-States, <=50K
37.360775,81918.086,12.530678,381.4621,-1.5842999,45.494503, Private, Bachelors, Married-civ-spouse, Prof-specialty, Husband, White, Male, United-States, <=50K
56.58881,210882.92,11.232537,5075.1553,-5.7617598,41.851135, Private, Assoc-voc, Married-civ-spouse, Sales, Other-relative, White, Male, United-States, >50K
65.223206,141795.92,9.04265,-76.97175,-8.094592,16.225883, Self-emp-not-inc, HS-grad, Married-civ-spouse, Exec-managerial, Husband, White, Male, United-States, <=50K
33.012566,298070.1,9.03521,1643.3918,-1.5068234,38.79418, Private, HS-grad, Married-civ-spouse, Prof-specialty, Husband, White, Male, United-States, <=50K
25.357193,274898.25,9.470552,-138.74677,1493.1312,48.718113, Private, HS-grad, Never-married, Sales, Own-child, White, Male, United-States, >50K
31.024677,1776.235,13.040899,-373.13092,10.880696,43.208817, Private, Bachelors, Never-married, Exec-managerial, Unmarried, White, Female, United-States, <=50K
48.545944,30386.266,5.7525315,-603.6652,-34.375774,42.527885, Local-gov, 10th, Never-married, Craft-repair, Unmarried, White, Female, United-States, <=50K
42.024635,249846.88,10.156731,206.78674,-3.564807,38.204845, Private, Some-college, Never-married, Sales, Not-in-family, White, Male, United-States, <=50K
37.759407,129633.24,10.795721,275.9947,6.1341677,52.56713, Private, Assoc-voc, Married-civ-spouse, Sales, Husband, White, Male, United-States, <=50K
33.016705,128744.31,8.966551,59.937984,25.329607,32.709343, Local-gov, HS-grad, Married-civ-spouse, Protective-serv, Husband, White, Male, United-States, <=50K
29.682245,148902.12,10.213468,934.2261,-12.747119,32.043255, Local-gov, Some-college, Never-married, Prof-specialty, Not-in-family, White, Female, United-States, <=50K
40.90915,173272.17,9.015183,371.00604,-25.147394,37.90303, Private, HS-grad, Widowed, Handlers-cleaners, Unmarried, White, Female, United-States, <=50K
28.66941,441209.9,13.132138,178.76587,6.805318,41.767506, Private, Bachelors, Never-married, Exec-managerial, Not-in-family, White, Male, United-States, <=50K
27.67218,86790.414,9.018502,-85.50495,-3.7043333,47.388226, Private, HS-grad, Married-civ-spouse, Exec-managerial, Husband, White, Male, United-States, <=50K
46.457684,160269.45,2.1974316,590.66595,13.973447,72.16311, Private, 10th, Never-married, Priv-house-serv, Unmarried, White, Female, United-States, <=50K
79.51038,137578.8,9.058648,13293.366,-10.313617,39.585846, Private, HS-grad, Married-civ-spouse, Exec-managerial, Husband, White, Male, United-States, >50K
18.377087,106680.8,9.0806055,408.75116,-10.230205,22.910336, Private, HS-grad, Never-married, Other-service, Own-child, White, Female, United-States, <=50K
51.578842,133352.83,9.218785,411.34326,1657.8896,46.61489, Local-gov, HS-grad, Married-civ-spouse, Machine-op-inspct, Husband, White, Male, United-States, >50K
67.50075,-11080.218,4.881853,213.63385,-4.9724913,39.19772, Private, 10th, Widowed, Priv-house-serv, Not-in-family, White, Female, United-States, <=50K
53.86286,246327.81,10.139347,-128.18231,-27.538782,27.115637, Private, Some-college, Married-civ-spouse, Craft-repair, Husband, White, Male, United-States, >50K
51.081512,201958.78,7.215092,-63.747013,-16.02878,25.600452, Private, 11th, Married-civ-spouse, Adm-clerical, Not-in-family, White, Female, United-States, <=50K
25.290901,329478.88,9.091354,383.36865,5.176854,38.291378, Private, HS-grad, Never-married, Craft-repair, Own-child, White, Male, United-States, <=50K
31.16283,138821.62,6.8164268,87.845146,-5.4945555,31.884188, Private, 11th, Never-married, Other-service, Not-in-family, White, Male, United-States, <=50K
33.988987,183971.33,14.767025,14.99371,49.50162,39.74113, Private, Masters, Married-civ-spouse, Prof-specialty, Husband, White, Male, United-States, <=50K
21.159403,215018.78,4.2802286,582.2804,4.878194,38.19702, Private, 10th, Never-married, Other-service, Own-child, White, Male, United-States, <=50K
46.38757,35505.22,13.11412,353.14093,-0.37060058,65.013695, Private, Bachelors, Married-civ-spouse, Exec-managerial, Husband, White, Male, United-States, >50K
38.360966,58589.523,11.282786,368.38397,3.8009462,43.821625, Private, Assoc-voc, Married-civ-spouse, Craft-repair, Husband, White, Male, United-States, <=50K
20.15053,341859.44,10.161527,-195.52032,1774.2754,42.61826, Private, Some-college, Never-married, Prof-specialty, Not-in-family, White, Male, United-States, <=50K
28.070126,180971.95,11.160373,338.63824,-24.69736,20.412218, Private, Assoc-voc, Married-civ-spouse, Other-service, Husband, White, Female, United-States, <=50K
44.84274,139028.61,14.091168,-422.8504,-58.332165,44.466522, Self-emp-inc, Masters, Divorced, Craft-repair, Own-child, White, Female, United-States, <=50K
38.402122,100480.29,9.994894,862.0161,-20.52881,39.367622, Self-emp-not-inc, Some-college, Married-civ-spouse, Transport-moving, Husband, White, Male, United-States, <=50K
37.676785,110963.375,9.071742,121.76086,2.9383516,47.236244, Private, HS-grad, Married-civ-spouse, Farming-fishing, Wife, White, Female, United-States, <=50K
68.28055,206506.5,9.140842,510.76556,4.6739626,14.348539, Self-emp-not-inc, HS-grad, Widowed, Adm-clerical, Not-in-family, White, Female, United-States, <=50K
25.964764,150280.22,8.979499,451.62122,-13.296252,29.670143, Private, HS-grad, Never-married, Exec-managerial, Not-in-family, White, Female, United-States, <=50K
37.768047,261432.17,3.4326696,-211.82233,28.24214,48.21513, Private, 10th, Never-married, Craft-repair, Not-in-family, White, Male, United-States, <=50K
34.965797,211165.75,10.14673,194.97931,-4.053172,33.898632, Private, Some-college, Married-civ-spouse, Sales, Husband, White, Male, United-States, <=50K
25.947426,129842.39,7.0406427,110.699455,18.886091,41.698578, Private, 11th, Never-married, Handlers-cleaners, Not-in-family, White, Male, United-States, <=50K
27.232317,52435.906,5.169546,393.45905,-19.474657,26.20294, Private, 10th, Married-civ-spouse, Handlers-cleaners, Husband, White, Male, United-States, <=50K
26.67343,165984.61,8.963677,-16.614445,-5.5400114,25.803509, Private, HS-grad, Never-married, Other-service, Own-child, White, Female, United-States, <=50K
60.82825,216791.02,9.158409,113.08935,-1.6686734,36.809784, Private, HS-grad, Married-civ-spouse, Adm-clerical, Wife, White, Female, United-States, >50K
73.25071,102671.92,13.75333,539.21893,-15.79732,28.276834, Private, Masters, Married-civ-spouse, Other-service, Husband, White, Male, United-States, <=50K
68.6438,35162.47,8.969834,1315.0516,-12.643451,45.49942, Private, HS-grad, Married-civ-spouse, Sales, Husband, White, Male, United-States, <=50K
36.251747,365698.94,12.9045725,-732.269,10.200688,27.281153, Self-emp-not-inc, Bachelors, Divorced, Exec-managerial, Other-relative, White, Female, United-States, <=50K
35.253212,137708.98,13.985199,770.5036,-23.880358,43.776974, Self-emp-inc, Assoc-acdm, Never-married, Prof-specialty, Not-in-family, White, Male, United-States, >50K
45.260128,177364.22,13.159614,2513.2144,-4.151622,50.586918, Private, Bachelors, Divorced, Exec-managerial, Not-in-family, White, Female, United-States, >50K
31.65673,124879.555,10.0626335,151.83167,-6.909396,47.21067, Private, Some-college, Never-married, Exec-managerial, Not-in-family, White, Male, United-States, <=50K
39.33156,174567.7,9.019094,-93.30195,16.620573,31.77545, Self-emp-not-inc, HS-grad, Never-married, Exec-managerial, Not-in-family, White, Male, United-States, <=50K
38.484,114393.44,9.0621,-784.8924,-6.0537825,57.921646, Self-emp-inc, HS-grad, Divorced, Exec-managerial, Own-child, White, Male, United-States, <=50K
72.25172,210693.12,12.252759,613.07745,-1.1010846,15.230625, ?, Assoc-acdm, Widowed, ?, Unmarried, White, Male, United-States, <=50K
49.463024,59599.312,8.946153,213.70728,-11.854861,41.781536, Private, HS-grad, Divorced, Transport-moving, Not-in-family, White, Male, United-States, <=50K
27.563858,179773.88,6.302687,346.87518,-11.268298,48.813393, Self-emp-not-inc, 10th, Married-civ-spouse, Exec-managerial, Husband, White, Male, United-States, <=50K
53.42556,84460.945,10.3573,319.73413,-4.6448774,30.521273, Private, HS-grad, Divorced, Other-service, Not-in-family, White, Male, United-States, <=50K
53.207928,199314.58,13.387538,2289.0977,-11.653651,44.52083, Private, Masters, Married-civ-spouse, Prof-specialty, Husband, White, Male, United-States, >50K
30.411427,10274.954,9.343522,523.9242,-17.137232,26.483412, Self-emp-not-inc, HS-grad, Never-married, Craft-repair, Not-in-family, White, Male, United-States, <=50K
54.816708,148440.27,9.009266,367.41504,-2.2110167,46.44761, Private, HS-grad, Married-civ-spouse, Machine-op-inspct, Husband, White, Male, United-States, >50K
36.668926,67087.23,9.023365,-94.77497,0.42397797,35.545704, Private, HS-grad, Married-civ-spouse, Handlers-cleaners, Husband, White, Male, United-States, <=50K
41.723225,239400.44,9.01779,-234.51825,5.800145,34.33673, Private, HS-grad, Never-married, Machine-op-inspct, Not-in-family, White, Female, United-States, <=50K
34.193085,161368.05,8.992235,84.9735,1.4845554,42.860554, Private, HS-grad, Divorced, Transport-moving, Not-in-family, White, Male, United-States, <=50K
38.65398,265579.22,8.84617,169.85828,5.884221,52.614773, Private, HS-grad, Married-civ-spouse, Craft-repair, Husband, White, Male, United-States, >50K
71.24085,97555.76,13.207551,883.75574,1693.327,49.94054, Private, Masters, Divorced, Machine-op-inspct, Not-in-family, White, Male, United-States, <=50K
35.591644,131626.62,9.1676,643.8622,-3.0754576,37.673523, Private, HS-grad, Married-civ-spouse, Other-service, Husband, White, Male, United-States, <=50K
20.65915,67956.66,10.156419,6364.2217,8.928365,42.880383, Private, Some-college, Never-married, Exec-managerial, Own-child, White, Male, United-States, >50K
18.116535,284009.8,9.169901,-30.746403,1913.8397,50.548405, Private, HS-grad, Never-married, Machine-op-inspct, Not-in-family, White, Male, United-States, <=50K
41.988445,154544.19,8.980073,48.002254,-0.080683604,40.69228, Private, HS-grad, Divorced, Priv-house-serv, Not-in-family, White, Female, United-States, <=50K
21.759394,110912.89,9.981511,134.8985,14.317876,29.939209, Local-gov, Some-college, Married-civ-spouse, Sales, Husband, White, Male, United-States, <=50K
53.231014,80711.29,13.0269785,-99.270454,9.122075,43.52823, Private, Bachelors, Married-civ-spouse, Sales, Husband, White, Male, United-States, <=50K
34.780396,92177.96,10.050996,29.52972,-1.3493603,44.792816, Private, Some-college, Married-civ-spouse, Sales, Husband, White, Male, United-States, <=50K
20.56102,153364.23,12.069467,-263.90204,-2.8570127,37.579887, Private, Assoc-acdm, Never-married, Other-service, Not-in-family, White, Female, United-States, <=50K
28.639002,86387.81,9.435383,-1239.1748,-6.1326933,34.19656, Private, 10th, Never-married, Exec-managerial, Own-child, White, Female, United-States, >50K
34.002098,200073.19,9.049628,304.79065,16.399939,41.916695, Self-emp-not-inc, HS-grad, Never-married, Other-service, Not-in-family, White, Male, United-States, <=50K
33.633934,68830.445,10.108885,-261.88043,3.4241838,39.709282, Private, Some-college, Never-married, Sales, Own-child, White, Female, United-States, <=50K
30.835938,164091.17,7.179469,-184.59088,-2.3039198,49.924778, Private, 11th, Married-civ-spouse, Machine-op-inspct, Husband, White, Male, United-States, <=50K
34.075066,107065.11,15.242929,189.00854,-3.9755354,42.319824, Local-gov, Masters, Married-civ-spouse, Prof-specialty, Husband, White, Male, United-States, >50K
35.74203,277259.66,9.057834,695.58527,23.313475,29.385403, Private, HS-grad, Married-civ-spouse, Adm-clerical, Husband, White, Male, United-States, <=50K
46.331635,-13647.593,3.5871172,458.5432,7.072789,62.160496, Private, 10th, Never-married, Handlers-cleaners, Not-in-family, White, Male, United-States, <=50K
43.147007,168493.14,9.080443,173.8808,-8.967395,46.666954, Private, HS-grad, Married-civ-spouse, Other-service, Husband, White, Male, United-States, <=50K
60.988132,179473.0,10.010931,1743.5996,-38.824375,52.485886, Private, Some-college, Divorced, Exec-managerial, Not-in-family, White, Male, United-States, >50K
41.773407,151388.58,13.026512,1025.9963,-17.607798,45.30324, Private, Bachelors, Divorced, Exec-managerial, Not-in-family, White, Female, United-States, <=50K
32.02946,94387.516,8.957359,254.44043,-3.8391066,33.32088, Private, HS-grad, Never-married, Adm-clerical, Unmarried, White, Female, United-States, <=50K
20.54097,275208.66,9.117085,1137.9647,-20.941408,22.365234, ?, HS-grad, Never-married, Other-service, Own-child, White, Female, United-States, <=50K
59.022076,269936.53,6.2223735,861.9616,1281.8411,21.94047, Private, 10th, Divorced, Adm-clerical, Not-in-family, White, Male, United-States, <=50K
20.151802,101286.77,6.3793187,292.11688,16.635527,26.483295, Private, 10th, Never-married, Sales, Own-child, White, Female, United-States, <=50K
27.273912,187119.58,13.06195,9066.594,10.087979,41.060055, Private, Bachelors, Divorced, Adm-clerical, Not-in-family, White, Female, United-States, <=50K
26.598001,101223.84,9.704154,-183.73907,13.903874,62.539326, Private, HS-grad, Never-married, Sales, Not-in-family, White, Male, United-States, <=50K
30.009459,145428.23,13.088201,251.17438,8.976537,35.679726, Private, Bachelors, Never-married, Adm-clerical, Own-child, White, Male, United-States, <=50K
36.385704,98900.484,11.384381,4217.386,-4.3047056,44.976234, Self-emp-not-inc, HS-grad, Married-civ-spouse, Adm-clerical, Husband, White, Male, United-States, >50K
26.316317,188757.11,10.054519,-29.181461,-17.430964,44.080616, Private, Some-college, Married-civ-spouse, Sales, Husband, White, Male, United-States, <=50K
28.489107,75028.37,9.071353,644.5721,13.341542,33.865116, Private, HS-grad, Married-civ-spouse, Farming-fishing, Wife, White, Female, United-States, <=50K
34.801113,135329.55,13.060314,128.30652,129.58476,37.213455, Private, Bachelors, Married-civ-spouse, Adm-clerical, Wife, White, Female, United-States, >50K
62.507072,136988.3,13.182873,-127.32209,-2.2686033,17.538904, Self-emp-not-inc, Bachelors, Never-married, Other-service, Not-in-family, White, Male, United-States, <=50K
35.49003,228524.08,9.80198,326.3636,-11.548427,71.95199, Private, Some-college, Married-civ-spouse, Transport-moving, Husband, White, Male, United-States, <=50K
81.26577,164857.62,9.023466,261.74097,35.990303,24.902426, ?, HS-grad, Divorced, ?, Unmarried, White, Female, United-States, <=50K
31.101482,237919.11,10.047719,-448.88312,-18.512613,49.557316, Local-gov, Some-college, Never-married, Prof-specialty, Not-in-family, White, Female, United-States, <=50K
55.04413,197477.5,12.533846,76699.24,28.133547,56.826344, Private, Bachelors, Married-civ-spouse, Prof-specialty, Husband, White, Male, United-States, >50K
32.924076,75367.586,9.727774,-519.5656,1460.3851,44.392742, Private, Some-college, Married-civ-spouse, Farming-fishing, Wife, White, Female, United-States, <=50K
54.67616,77802.62,12.443174,711.8675,9.017285,44.573822, Private, Bachelors, Divorced, Sales, Not-in-family, White, Female, United-States, <=50K
18.226534,337619.5,10.282083,548.5958,10.469129,20.339937, Private, Assoc-voc, Never-married, Tech-support, Own-child, White, Female, United-States, <=50K
22.372082,95894.56,9.09885,426.86224,2.7644625,44.793316, Private, HS-grad, Never-married, Adm-clerical, Not-in-family, White, Male, United-States, <=50K
38.020405,86517.87,12.903144,136.9878,19.228666,53.397137, Private, Bachelors, Married-civ-spouse, Prof-specialty, Husband, White, Male, United-States, >50K
21.425318,183750.64,10.129487,399.263,-5.6540556,32.442818, Private, Some-college, Never-married, Other-service, Own-child, White, Female, United-States, <=50K
49.82765,150878.75,10.085845,5874.6104,-19.58114,61.982727, Private, Some-college, Widowed, Machine-op-inspct, Not-in-family, White, Female, United-States, <=50K
47.624508,191052.11,10.115193,3832.6394,2.0437288,29.965408, Private, Some-college, Divorced, Adm-clerical, Not-in-family, White, Female, United-States, <=50K
66.69073,146698.25,8.975804,-158.23578,33.522243,28.187536, State-gov, HS-grad, Divorced, Adm-clerical, Unmarried, White, Male, United-States, <=50K
70.841965,157591.2,10.232765,229.56165,-0.21135224,45.445744, Self-emp-not-inc, Some-college, Never-married, Farming-fishing, Not-in-family, White, Male, United-States, >50K
55.427704,133337.22,9.013826,21.480526,0.1441928,39.73434, Private, HS-grad, Married-civ-spouse, Transport-moving, Husband, White, Male, United-States, <=50K
33.2484,114648.125,13.046781,99.14953,9.680486,13.095394, Private, Bachelors, Never-married, Other-service, Own-child, White, Male, United-States, <=50K
47.12329,266519.66,9.106421,630.0562,-15.046626,32.54159, Self-emp-not-inc, HS-grad, Divorced, Other-service, Other-relative, White, Female, United-States, <=50K
25.314756,166857.97,9.051925,-36.84345,17.36569,41.396877, Private, HS-grad, Never-married, Machine-op-inspct, Other-relative, White, Male, United-States, <=50K
48.14547,116951.98,9.070366,14.085751,5.7927904,22.862537, Private, HS-grad, Married-civ-spouse, Other-service, Husband, White, Male, United-States, <=50K
45.56308,97675.336,8.997702,-119.804146,-13.813922,43.990917, Local-gov, HS-grad, Divorced, Craft-repair, Not-in-family, White, Female, United-States, <=50K
26.822437,162812.94,10.40864,521.14264,-24.841272,30.873884, Private, Some-college, Married-civ-spouse, Transport-moving, Husband, White, Male, United-States, <=50K
33.349716,281194.75,10.035888,-185.86176,-3.4543562,42.73466, Self-emp-inc, Some-college, Married-civ-spouse, Exec-managerial, Husband, White, Male, United-States, <=50K
49.809643,48043.42,9.771463,34.755306,-13.974513,36.500534, Private, Assoc-voc, Married-civ-spouse, Craft-repair, Husband, White, Male, United-States, >50K
66.41632,79232.18,9.129812,1129.0533,-7.9819593,42.313606, Private, HS-grad, Married-civ-spouse, Adm-clerical, Wife, White, Female, United-States, >50K
62.466846,165090.64,12.931566,673.7555,12.388234,46.811497, Federal-gov, Bachelors, Married-civ-spouse, Prof-specialty, Husband, White, Male, United-States, <=50K
37.44274,194095.0,8.994552,-182.01544,-35.3567,45.75654, Private, HS-grad, Never-married, Craft-repair, Other-relative, White, Female, United-States, <=50K
51.805367,131801.27,8.967927,-173.43854,12.973546,35.183365, State-gov, HS-grad, Divorced, Adm-clerical, Not-in-family, White, Female, United-States, <=50K
30.259243,169674.66,10.133708,322.52612,-11.2131605,10.649939, Private, Some-college, Never-married, Adm-clerical, Own-child, White, Male, United-States, <=50K
37.880474,189626.44,9.017072,135.4674,-9.036967,36.048847, Private, HS-grad, Divorced, Transport-moving, Not-in-family, White, Male, United-States, <=50K
49.985035,205829.88,13.01453,-571.80023,-1.685603,37.645016, Local-gov, Bachelors, Divorced, Exec-managerial, Unmarried, White, Female, United-States, <=50K
81.08156,250167.2,9.036781,159.85938,16.366232,30.558731, Private, HS-grad, Never-married, Adm-clerical, Not-in-family, White, Female, United-States, <=50K
46.083412,95183.91,12.936278,352.56097,50.280224,14.518923, State-gov, Bachelors, Divorced, Farming-fishing, Not-in-family, White, Male, United-States, <=50K
56.380882,157304.69,13.092302,228.00934,21.799795,31.48807, Private, Bachelors, Married-civ-spouse, Sales, Husband, White, Male, United-States, <=50K
48.26592,46770.92,13.006606,145.29419,28.206152,57.48294, Local-gov, Bachelors, Married-civ-spouse, Exec-managerial, Husband, White, Male, United-States, >50K
19.450233,76418.16,5.836034,256.84106,11.412435,35.783966, Private, 10th, Never-married, Adm-clerical, Not-in-family, White, Female, United-States, <=50K
36.981426,182414.47,9.972446,-578.837,-26.157541,33.913982, Private, Some-college, Never-married, Other-service, Not-in-family, White, Female, United-States, <=50K
35.585556,321334.16,9.977368,587.0265,-35.046223,38.090374, Local-gov, Some-college, Married-civ-spouse, Protective-serv, Husband, White, Male, United-States, >50K
58.94817,96904.766,4.9719825,159.82385,18.97183,23.926538, Private, 10th, Married-civ-spouse, Adm-clerical, Husband, White, Male, United-States, <=50K
25.313063,-3897.64,8.856744,234.63098,75.43834,35.64463, Private, HS-grad, Married-civ-spouse, Handlers-cleaners, Husband, White, Male, United-States, <=50K
61.36225,272243.84,14.224736,1065.1226,-33.241077,30.876228, Self-emp-not-inc, Masters, Married-civ-spouse, Craft-repair, Husband, White, Male, United-States, <=50K
37.480705,185591.4,6.1703205,266.72034,-13.4231825,33.104324, Private, 10th, Separated, Craft-repair, Not-in-family, White, Male, United-States, <=50K
45.202633,236505.5,14.167277,155.00922,0.37265503,50.820824, Private, Masters, Married-civ-spouse, Sales, Husband, White, Male, United-States, <=50K
30.429686,125453.484,8.939831,-706.9666,6.0721407,50.443886, Self-emp-not-inc, HS-grad, Married-civ-spouse, Sales, Husband, White, Male, United-States, <=50K
68.34458,257058.66,8.99277,541.5173,14.801503,37.78543, Local-gov, HS-grad, Divorced, Protective-serv, Unmarried, White, Male, United-States, <=50K
28.887482,201386.94,9.998367,503.48285,-5.039424,32.352345, ?, Some-college, Divorced, Prof-specialty, Own-child, White, Female, United-States, <=50K
23.87202,118570.32,10.054908,-128.83978,-11.832164,47.50373, Private, Some-college, Married-civ-spouse, Craft-repair, Husband, White, Male, United-States, <=50K
40.883293,253021.53,9.029481,494.67773,9.677556,45.087536, Private, HS-grad, Married-civ-spouse, Adm-clerical, Husband, White, Male, United-States, <=50K
23.941292,266909.9,9.120295,208.64764,13.086865,13.636042, Private, HS-grad, Never-married, Sales, Own-child, White, Male, United-States, <=50K
49.925507,241899.81,9.994732,29084.855,4.147298,44.61955, Private, Some-college, Married-civ-spouse, Adm-clerical, Wife, White, Female, United-States, >50K
75.77692,266015.03,10.626323,248.50574,-4.48318,26.80679, Self-emp-not-inc, HS-grad, Married-civ-spouse, Prof-specialty, Husband, White, Male, United-States, <=50K
40.319412,344682.03,5.975029,722.5349,0.60448945,46.036552, Private, 10th, Never-married, Craft-repair, Own-child, White, Male, United-States, <=50K
54.325436,120979.09,10.188152,-133.91168,-30.725336,18.93528, Private, HS-grad, Divorced, Other-service, Own-child, White, Female, United-States, <=50K
45.324596,193081.8,10.898828,560.5862,-2.0310163,51.451355, Private, Assoc-voc, Married-civ-spouse, Sales, Wife, White, Female, United-States, >50K
53.523518,215306.9,9.101311,5719.4873,-8.243838,55.135323, Private, HS-grad, Married-civ-spouse, Sales, Wife, White, Female, United-States, >50K
41.474117,118237.375,8.905533,261.62408,14.076856,42.35028, Private, HS-grad, Divorced, Priv-house-serv, Unmarried, White, Female, United-States, <=50K
60.96501,63603.65,3.197845,3182.2861,19.35015,44.08284, Private, 10th, Married-civ-spouse, Adm-clerical, Wife, White, Female, United-States, <=50K
60.415913,154866.97,8.974574,1138.0935,-2.8649702,39.932587, State-gov, HS-grad, Married-civ-spouse, Exec-managerial, Husband, White, Male, United-States, <=50K
62.822285,118086.21,13.692007,680.6156,38.66769,36.795666, Private, Bachelors, Married-civ-spouse, Other-service, Wife, White, Female, United-States, >50K
34.5411,136641.69,12.969645,37.274044,1133.4127,74.26071, Federal-gov, Bachelors, Married-civ-spouse, Prof-specialty, Husband, White, Male, United-States, >50K
32.28461,36386.08,10.166693,-314.6541,-8.97124,33.614124, Private, Some-college, Married-civ-spouse, Other-service, Own-child, White, Female, United-States, >50K
38.06326,58138.688,9.009396,334.98035,-13.408046,38.625454, Private, HS-grad, Never-married, Transport-moving, Unmarried, White, Male, United-States, <=50K
63.38367,160903.27,13.909167,57540.953,-22.59878,39.942, Private, Masters, Divorced, Adm-clerical, Not-in-family, White, Female, United-States, >50K
32.895267,26719.812,10.130013,105.599174,4.459691,41.672737, Private, Some-college, Divorced, Farming-fishing, Unmarried, White, Male, United-States, <=50K
25.107538,70772.03,10.144059,304.3313,5.6250277,29.144192, Self-emp-not-inc, Some-college, Never-married, Farming-fishing, Own-child, White, Male, United-States, <=50K
38.624237,119729.266,4.775596,-540.78864,-3.8155928,40.127796, Private, 10th, Divorced, Other-service, Own-child, White, Female, United-States, <=50K
15.151277,88265.25,9.039487,474.93268,-8.944591,36.068512, Private, HS-grad, Never-married, Priv-house-serv, Own-child, White, Female, United-States, <=50K
45.665813,93209.97,11.606137,46.12518,-7.4629164,45.97203, Private, Assoc-voc, Never-married, Prof-specialty, Not-in-family, White, Male, United-States, <=50K
44.79316,94471.25,10.026618,54.278316,-15.246043,16.516806, Private, Some-college, Never-married, Other-service, Unmarried, White, Female, United-States, <=50K
34.077732,178557.89,8.997156,103.68395,9.619969,42.41808, Private, HS-grad, Divorced, Craft-repair, Not-in-family, White, Male, United-States, <=50K
39.28385,51586.094,10.154588,-174.03876,-3.3058424,31.196995, Private, Some-college, Married-civ-spouse, Prof-specialty, Husband, White, Male, United-States, >50K
28.00387,158546.81,13.033457,353.59375,-20.992365,49.906975, Private, Bachelors, Married-civ-spouse, Exec-managerial, Husband, White, Male, United-States, <=50K
26.614689,221444.48,10.222138,-611.5717,-30.08745,50.52435, Self-emp-inc, 10th, Never-married, Craft-repair, Own-child, White, Male, United-States, <=50K
36.110703,140084.77,9.096758,48.597347,2.7922716,37.194157, Private, HS-grad, Married-civ-spouse, Adm-clerical, Wife, White, Female, United-States, <=50K
62.990486,178936.64,15.260094,-198.52509,-26.339426,41.549343, Federal-gov, Bachelors, Married-civ-spouse, Prof-specialty, Husband, White, Male, United-States, >50K
45.583908,110873.83,9.09801,4170.601,-2.5862455,32.616947, Private, HS-grad, Never-married, Sales, Own-child, White, Female, United-States, <=50K
47.947987,159087.8,13.530935,99.01794,-7.9556913,55.12949, Private, Masters, Divorced, Craft-repair, Not-in-family, White, Male, United-States, <=50K
44.69429,575936.4,15.414491,389.6762,-19.147486,58.844025, Private, Bachelors, Married-spouse-absent, Prof-specialty, Not-in-family, White, Male, United-States, <=50K
23.933247,139538.48,12.946181,-88.3664,8.772061,64.326416, Private, Bachelors, Married-civ-spouse, Sales, Husband, White, Male, United-States, <=50K
42.13559,276610.12,10.110489,392.7937,4.762433,38.660946, Private, Some-college, Never-married, Adm-clerical, Not-in-family, White, Female, United-States, <=50K
68.249535,64311.695,6.1666827,380.30676,-7.591449,30.298418, Private, 10th, Married-civ-spouse, Other-service, Husband, White, Male, United-States, <=50K
30.73655,452611.0,4.645063,-591.2465,-2.9316435,31.718222, Private, 10th, Never-married, Other-service, Own-child, White, Female, United-States, <=50K
36.974087,244720.92,9.180375,197.805,2121.3372,36.847065, Private, HS-grad, Married-civ-spouse, Craft-repair, Husband, White, Male, United-States, <=50K
21.668938,197107.98,12.953917,587.97986,-9.060229,61.775608, Private, Bachelors, Never-married, Prof-specialty, Own-child, White, Male, United-States, <=50K
57.405033,182624.28,11.139385,45.635006,1677.3699,37.306274, Private, Assoc-voc, Married-civ-spouse, Prof-specialty, Husband, White, Male, United-States, >50K
41.700886,92468.73,13.020896,-523.14105,27.33624,42.759563, Local-gov, Bachelors, Married-civ-spouse, Prof-specialty, Husband, White, Male, United-States, >50K
57.752796,197846.58,12.642873,-521.36847,-25.116846,38.441257, Self-emp-not-inc, Masters, Married-civ-spouse, Exec-managerial, Husband, White, Male, United-States, >50K
28.340776,87458.516,13.83927,51.555965,-10.06441,45.23339, Private, Masters, Married-civ-spouse, Exec-managerial, Wife, White, Female, United-States, <=50K
47.835884,45171.64,12.864544,8.584286,11.017362,41.852005, Private, Bachelors, Married-civ-spouse, Sales, Husband, White, Male, United-States, <=50K
26.182608,112546.79,9.05232,1031.7627,2.084157,34.007645, Private, HS-grad, Married-civ-spouse, Other-service, Own-child, White, Male, United-States, <=50K
25.676922,90104.945,7.1619763,157.71918,-1.4238309,31.727676, Private, 10th, Never-married, Other-service, Not-in-family, White, Male, United-States, <=50K
84.53474,280094.88,12.78138,326.01898,46.144875,32.945316, ?, Bachelors, Divorced, ?, Unmarried, White, Male, United-States, <=50K
47.058296,209003.62,10.08002,697.258,-25.52598,39.78241, Private, Some-college, Married-civ-spouse, Exec-managerial, Husband, White, Male, United-States, >50K
25.733278,179101.69,12.896397,-47.10773,35.431522,18.314754, State-gov, Bachelors, Never-married, Adm-clerical, Not-in-family, White, Female, United-States, <=50K
11.700076,259103.62,10.122764,618.5414,-14.138583,29.153358, Private, Some-college, Never-married, Transport-moving, Own-child, White, Male, United-States, <=50K
36.04896,163161.0,9.18183,-209.518,-16.531313,66.482185, Self-emp-not-inc, HS-grad, Never-married, Craft-repair, Not-in-family, White, Male, United-States, <=50K
32.830982,158148.6,12.976785,-282.42072,8.516271,46.41354, Private, Bachelors, Married-civ-spouse, Prof-specialty, Husband, White, Male, United-States, >50K
28.798721,252695.89,9.003484,392.87006,-0.896304,35.15975, Self-emp-not-inc, HS-grad, Never-married, Adm-clerical, Own-child, White, Female, United-States, <=50K
29.837322,116967.51,11.656675,269.10425,-25.285135,47.469074, Private, Assoc-acdm, Married-civ-spouse, Transport-moving, Husband, White, Male, United-States, >50K
21.973082,202112.61,10.056158,93.20855,-16.486063,44.490944, Self-emp-not-inc, Some-college, Never-married, Exec-managerial, Own-child, White, Male, United-States, <=50K
43.781685,602019.44,4.500811,570.4167,-24.24956,46.53427, Private, 10th, Never-married, Craft-repair, Other-relative, White, Male, United-States, <=50K
28.51193,58675.414,10.094978,-48.62714,5.3910418,45.780426, Private, Some-college, Never-married, Sales, Not-in-family, White, Male, United-States, <=50K
34.711216,113516.96,9.076719,704.4438,2.5263338,38.70102, Private, HS-grad, Divorced, Sales, Other-relative, White, Male, United-States, <=50K
33.500797,286100.0,10.009723,-187.79327,711.16833,34.5653, ?, Some-college, Divorced, ?, Own-child, White, Male, United-States, <=50K
29.811346,44945.78,9.034148,629.06836,16.91876,40.898697, Private, HS-grad, Never-married, Adm-clerical, Unmarried, White, Female, United-States, <=50K
29.407417,76412.46,10.2237015,348.4273,42.17731,24.468702, Private, Some-college, Separated, Other-service, Own-child, White, Female, United-States, <=50K
14.784289,181166.1,9.052321,2.5807455,24.281027,43.83272, Private, HS-grad, Never-married, Prof-specialty, Not-in-family, White, Male, United-States, <=50K
43.10097,331265.44,8.873828,986.0493,-13.643489,-0.30174458, State-gov, HS-grad, Divorced, Adm-clerical, Own-child, White, Female, United-States, <=50K
56.704582,156801.61,4.0774536,-16.610905,-28.779467,37.621426, Private, 10th, Married-civ-spouse, Craft-repair, Husband, White, Male, United-States, <=50K
39.39881,67623.7,10.033427,33.641537,-13.693461,39.060253, Private, Some-college, Married-civ-spouse, Exec-managerial, Husband, White, Male, United-States, <=50K
44.21042,392639.62,9.191234,671.34235,-21.666887,30.8602, Private, HS-grad, Never-married, Craft-repair, Own-child, White, Male, United-States, <=50K
63.62712,179695.52,9.145255,-291.8697,-9.297854,42.206436, Private, HS-grad, Never-married, Craft-repair, Not-in-family, White, Female, United-States, <=50K
72.29222,114728.195,14.868381,166.13513,3.6318026,45.100975, Self-emp-not-inc, Bachelors, Married-civ-spouse, Prof-specialty, Husband, White, Male, United-States, >50K
26.353266,164414.81,7.118459,-232.1037,-17.74473,43.35555, Private, 11th, Married-civ-spouse, Machine-op-inspct, Husband, White, Male, United-States, <=50K
46.349255,100142.89,9.04654,159.01459,1.8106052,-0.599928, Private, HS-grad, Never-married, Other-service, Not-in-family, White, Male, United-States, <=50K
32.41503,279107.94,9.004819,168.48218,3.6031466,40.188526, Private, HS-grad, Never-married, Machine-op-inspct, Not-in-family, White, Female, United-States, <=50K
37.823723,147416.4,10.117849,-225.74335,-13.795535,31.489035, Private, Some-college, Married-civ-spouse, Other-service, Wife, White, Female, United-States, <=50K
71.653206,243311.92,10.14738,-314.37286,-1.493411,37.150463, Private, Some-college, Married-civ-spouse, Farming-fishing, Wife, White, Female, United-States, <=50K
43.392345,122322.305,8.989088,-96.059395,-4.6261854,81.47059, Private, HS-grad, Married-civ-spouse, Other-service, Husband, White, Male, United-States, <=50K
35.299545,144056.77,10.102592,-137.26385,16.091528,37.50184, Private, Some-college, Never-married, Prof-specialty, Own-child, White, Female, United-States, <=50K
27.773155,126536.61,9.066141,-289.46405,-13.380626,37.301407, Private, HS-grad, Married-civ-spouse, Craft-repair, Husband, White, Male, United-States, <=50K
58.168476,134830.98,10.165015,182.16321,-5.479266,47.793964, Private, Some-college, Divorced, Adm-clerical, Not-in-family, White, Female, United-States, <=50K
43.643204,148253.92,10.014202,-416.26654,27.93376,45.522026, Local-gov, Some-college, Never-married, Adm-clerical, Not-in-family, White, Female, United-States, <=50K
38.02967,66992.35,13.728651,-1042.9497,-5.992564,37.292522, Private, Masters, Never-married, Adm-clerical, Own-child, White, Female, United-States, >50K
34.958733,91124.78,14.698747,894.7791,1.3570682,37.941048, Private, Bachelors, Never-married, Prof-specialty, Other-relative, White, Male, United-States, <=50K
25.25624,247762.22,10.160795,-410.33197,-15.825686,57.827374, Private, Some-college, Never-married, Sales, Other-relative, White, Male, United-States, <=50K
46.41202,-7315.906,9.109652,-131.9367,0.5935031,43.89069, Private, HS-grad, Married-civ-spouse, Craft-repair, Husband, White, Male, United-States, >50K
44.788998,116134.555,10.141145,-644.226,-10.066455,41.849785, Private, Some-college, Married-civ-spouse, Adm-clerical, Wife, White, Female, United-States, >50K
55.599842,204101.53,12.665722,683.0638,7.579076,70.95924, Private, Bachelors, Married-civ-spouse, Other-service, Husband, White, Male, United-States, >50K
10.007678,189837.47,7.435638,-38.417057,-13.182231,36.291306, Private, 11th, Never-married, Handlers-cleaners, Own-child, White, Male, United-States, <=50K
39.328987,58588.15,10.051929,-64.36176,-27.49663,58.87239, Self-emp-not-inc, Some-college, Divorced, Craft-repair, Not-in-family, White, Male, United-States, <=50K
52.06147,149993.58,9.165002,-247.7049,-1.950015,34.69478, Private, HS-grad, Married-civ-spouse, Sales, Husband, White, Male, United-States, >50K
26.09126,134520.25,13.011297,6402.1567,14.196401,14.453268, ?, Bachelors, Never-married, ?, Own-child, White, Female, United-States, <=50K
32.067734,446825.5,7.7106853,184.65015,-16.271845,55.549366, Private, 10th, Married-civ-spouse, Transport-moving, Husband, White, Male, United-States, <=50K
28.282957,155704.81,13.75911,649.97955,-19.236712,52.766148, Private, Masters, Never-married, Prof-specialty, Not-in-family, White, Male, United-States, >50K
37.183353,102062.7,12.92661,-123.02375,36.948788,42.446537, Private, Bachelors, Married-civ-spouse, Sales, Husband, White, Male, United-States, <=50K
32.591713,161427.3,10.093291,1269.8993,0.9626056,39.92312, Private, Some-college, Never-married, Adm-clerical, Other-relative, White, Female, United-States, <=50K
19.132254,224042.53,9.04607,204.8888,16.812368,35.525726, Private, HS-grad, Never-married, Sales, Own-child, White, Male, United-States, <=50K
41.345158,90108.36,8.898498,-936.1276,-3.892871,37.57031, Private, HS-grad, Never-married, Exec-managerial, Own-child, White, Male, United-States, <=50K
26.826231,156614.52,7.2435136,234.94733,2.8188753,41.969193, Private, 11th, Married-civ-spouse, Machine-op-inspct, Husband, White, Male, United-States, <=50K
30.971466,145475.12,10.040023,2238.9827,-12.9210005,36.982838, Private, Some-college, Never-married, Machine-op-inspct, Own-child, White, Female, United-States, >50K
48.21888,167050.38,10.082266,452.79352,13.6907015,41.481, Private, Some-college, Divorced, Adm-clerical, Unmarried, White, Male, United-States, <=50K
44.140778,147244.02,10.1312475,-101.188545,6.640424,36.21858, Private, Some-college, Divorced, Adm-clerical, Unmarried, White, Female, United-States, <=50K
47.87548,255204.98,10.241675,-1003.9135,1673.7808,55.87597, Federal-gov, Some-college, Divorced, Exec-managerial, Not-in-family, White, Male, United-States, >50K
23.753332,242137.83,11.00089,135.64252,7.708539,37.76007, Private, Assoc-voc, Never-married, Craft-repair, Own-child, White, Male, United-States, <=50K
33.47489,174991.58,10.056719,63.952267,-5.8276396,39.651566, Private, Some-college, Never-married, Adm-clerical, Not-in-family, White, Female, United-States, <=50K
30.408173,229784.11,10.154772,-676.71,-10.98804,18.365828, State-gov, Some-college, Never-married, Adm-clerical, Own-child, White, Female, United-States, <=50K
42.317364,79426.21,5.441048,337.25037,-20.543802,39.71347, ?, 10th, Never-married, ?, Unmarried, White, Male, United-States, <=50K
63.528015,184448.1,12.709262,1518.4569,1.6855594,32.729874, Private, Masters, Married-civ-spouse, Sales, Husband, White, Male, United-States, <=50K
57.298725,172206.69,10.086419,269.48993,-22.017641,52.638557, Local-gov, Some-college, Never-married, Other-service, Unmarried, White, Female, United-States, <=50K
38.49474,124713.836,9.036091,-139.03912,17.359587,37.448498, Private, HS-grad, Divorced, Machine-op-inspct, Unmarried, White, Male, United-States, <=50K
50.75427,86712.94,12.760817,1494.2377,33.534267,37.815872, Private, Bachelors, Divorced, Tech-support, Other-relative, White, Male, United-States, <=50K
25.13917,109733.89,8.981629,-12.699894,23.637064,42.626656, Private, HS-grad, Never-married, Adm-clerical, Own-child, White, Female, United-States, <=50K
25.571552,236214.08,13.963654,6.327938,-4.210864,47.802628, Private, Masters, Never-married, Sales, Not-in-family, White, Male, United-States, <=50K
33.63386,122877.734,12.813924,233.38892,5.1124926,43.655586, Private, Bachelors, Never-married, Adm-clerical, Own-child, White, Female, United-States, <=50K
32.79744,183915.9,9.07367,-263.5739,1.1646549,41.346947, Private, HS-grad, Never-married, Craft-repair, Other-relative, White, Female, United-States, <=50K
39.205364,326801.7,12.539139,694.839,-8.791377,50.384136, Private, Assoc-acdm, Married-civ-spouse, Tech-support, Husband, White, Male, United-States, >50K
28.694502,168386.6,9.093246,578.19226,16.717382,30.922735, Private, HS-grad, Never-married, Other-service, Own-child, White, Female, United-States, <=50K
37.382202,35185.734,10.118295,1091.3345,-8.095599,34.533836, Private, Some-college, Never-married, Exec-managerial, Own-child, White, Female, United-States, <=50K
32.539345,160159.58,9.222011,-404.29327,40.072796,44.685905, Local-gov, HS-grad, Never-married, Machine-op-inspct, Own-child, White, Male, United-States, >50K
23.034004,271208.44,9.118619,188.2251,-24.326471,45.05096, Private, HS-grad, Divorced, Craft-repair, Unmarried, White, Female, United-States, <=50K
57.88158,108006.63,2.7918777,-314.64484,143.99095,28.258476, Private, 10th, Never-married, Craft-repair, Not-in-family, White, Male, United-States, <=50K
24.136793,193157.8,5.3342204,679.9398,6.154439,28.94122, ?, 10th, Never-married, ?, Own-child, White, Female, United-States, <=50K
62.355663,126219.86,8.982927,-160.27203,1.2360278,31.337692, ?, HS-grad, Divorced, ?, Not-in-family, White, Male, United-States, <=50K
49.29496,118505.21,9.075049,113.79406,-1.4735211,42.079464, Private, HS-grad, Divorced, Sales, Not-in-family, White, Female, United-States, <=50K
27.311096,462496.8,10.115593,186.67029,9.496831,58.44338, Private, Some-college, Never-married, Exec-managerial, Not-in-family, White, Male, United-States, <=50K
23.609705,179248.34,9.338853,-50.200993,13.59892,38.00671, Private, Some-college, Married-civ-spouse, Exec-managerial, Husband, White, Male, United-States, <=50K
41.130806,42741.39,8.977943,-34.835026,0.8575336,51.52225, Private, HS-grad, Divorced, Other-service, Own-child, White, Male, United-States, <=50K
43.917,200250.4,13.591179,10751.23,-30.941996,43.047302, Private, Masters, Married-civ-spouse, Craft-repair, Husband, White, Male, United-States, >50K
54.076656,63799.945,13.0169935,-653.3162,2241.097,41.97538, Self-emp-not-inc, Bachelors, Married-civ-spouse, Adm-clerical, Husband, White, Male, United-States, >50K
67.94057,59021.6,9.114238,537.8172,11.386731,42.117706, Private, HS-grad, Divorced, Exec-managerial, Not-in-family, White, Female, United-States, <=50K
41.050793,122812.79,10.026072,-268.05707,2.026616,37.683083, Private, Some-college, Married-civ-spouse, Other-service, Husband, White, Male, United-States, <=50K
28.38126,86845.24,13.572449,-213.60492,-10.147349,41.229855, Private, Bachelors, Married-civ-spouse, Sales, Husband, White, Male, United-States, >50K
29.368284,151291.56,9.15028,-292.90094,1896.8632,49.760838, Private, HS-grad, Separated, Exec-managerial, Own-child, White, Male, United-States, <=50K
36.85516,92628.664,14.315821,5672.22,-4.557925,24.876417, Private, Bachelors, Married-civ-spouse, Exec-managerial, Husband, White, Male, United-States, >50K
59.629536,191068.39,10.087133,81.476006,-12.873645,38.36024, Private, Some-college, Married-civ-spouse, Sales, Husband, White, Male, United-States, <=50K
25.84714,148588.52,10.069586,47.810055,-17.142954,35.641903, Private, Some-college, Divorced, Other-service, Not-in-family, White, Female, United-States, <=50K
71.18754,255949.73,8.805985,9664.106,-3.4551725,36.93652, Private, HS-grad, Divorced, Adm-clerical, Unmarried, White, Female, United-States, <=50K
19.281366,90341.87,10.58797,244.10675,23.465788,39.638973, Private, Assoc-voc, Never-married, Sales, Own-child, White, Female, United-States, <=50K
58.18541,70481.49,5.0564356,154.27197,-21.703257,27.423933, Private, 10th, Divorced, Transport-moving, Not-in-family, White, Female, United-States, <=50K
49.11498,97918.375,9.996366,5507.8027,-21.136827,44.714535, Private, Some-college, Married-civ-spouse, Craft-repair, Husband, White, Male, United-States, <=50K
25.269306,165601.05,9.052671,456.484,-4.067073,33.250126, Private, HS-grad, Never-married, Craft-repair, Own-child, White, Female, United-States, <=50K
33.07581,342056.12,9.075458,79.70721,-11.534839,45.59166, Local-gov, HS-grad, Never-married, Craft-repair, Not-in-family, White, Male, United-States, <=50K
52.219517,244106.14,14.467424,-831.8957,-47.526836,35.590355, Self-emp-inc, Bachelors, Separated, Prof-specialty, Own-child, White, Male, United-States, <=50K
38.723553,276429.47,8.96945,-312.49567,18.15695,61.84469, Self-emp-not-inc, HS-grad, Married-civ-spouse, Sales, Husband, White, Male, United-States, <=50K
36.36367,382106.1,14.639613,3298.4978,-35.731075,44.542095, Private, Masters, Married-civ-spouse, Prof-specialty, Husband, White, Male, United-States, >50K
40.513542,444130.25,13.248181,-13.264591,11.715367,46.359047, Local-gov, Masters, Never-married, Prof-specialty, Not-in-family, White, Female, United-States, >50K
43.667076,124731.055,6.110963,170.6048,0.72855103,39.989033, Private, 10th, Married-civ-spouse, Farming-fishing, Husband, White, Male, United-States, <=50K
51.06567,4349.1255,14.263568,347.1302,-16.771387,40.268543, Private, Masters, Never-married, Prof-specialty, Not-in-family, White, Male, United-States, >50K
41.086113,131686.56,7.189599,-600.82587,-14.592227,25.723524, Private, 11th, Divorced, Craft-repair, Unmarried, White, Male, United-States, <=50K
64.01207,253842.64,9.001928,801.80475,13.099141,44.76527, State-gov, HS-grad, Never-married, ?, Not-in-family, White, Male, United-States, <=50K
48.677273,193566.48,11.955029,9204.272,-19.97999,45.49352, Local-gov, Bachelors, Married-civ-spouse, Prof-specialty, Husband, White, Male, United-States, >50K
46.20711,233203.88,9.012596,-54.8819,-2.1711454,49.136147, Private, HS-grad, Married-civ-spouse, Machine-op-inspct, Husband, White, Male, United-States, <=50K
33.98477,203347.61,12.868365,-17.62653,11.728223,39.512417, Local-gov, Bachelors, Married-civ-spouse, Prof-specialty, Husband, White, Male, United-States, >50K
57.30382,150030.03,13.448021,-961.2436,-8.625361,1.4126757, Local-gov, Masters, Married-civ-spouse, Prof-specialty, Husband, White, Male, United-States, >50K
43.303825,158553.34,10.118506,-110.049995,-5.912753,33.560326, Private, Some-college, Married-civ-spouse, Prof-specialty, Husband, White, Male, United-States, >50K
29.547098,186123.84,10.142451,-76.1717,-8.679904,35.250004, Private, Some-college, Married-civ-spouse, Handlers-cleaners, Husband, White, Male, United-States, <=50K
35.149124,159798.38,9.09241,451.1645,2.1158953,40.622578, Private, HS-grad, Divorced, Craft-repair, Unmarried, White, Male, United-States, <=50K
40.807934,62496.75,13.632529,324.8908,-9.656795,43.23797, Private, Masters, Married-civ-spouse, Exec-managerial, Husband, White, Male, United-States, <=50K
35.622868,111972.6,13.168223,-209.52863,-18.234179,55.587013, Private, Bachelors, Married-civ-spouse, Exec-managerial, Husband, White, Male, United-States, >50K
31.815472,40292.97,9.030863,46.02557,19.807592,37.8999, Local-gov, HS-grad, Married-civ-spouse, Protective-serv, Husband, White, Male, United-States, <=50K
39.72946,406653.56,10.088255,409.6665,-17.639849,51.992085, Private, Some-college, Married-civ-spouse, Machine-op-inspct, Husband, White, Male, United-States, >50K
30.491566,163585.03,9.140727,-13.329533,17.389936,43.48254, Private, HS-grad, Never-married, Sales, Not-in-family, White, Female, United-States, <=50K
20.589727,139059.58,9.016887,-129.06781,6.9838533,40.08933, Private, HS-grad, Never-married, Exec-managerial, Not-in-family, White, Male, United-States, <=50K
51.019115,327650.75,8.931108,-206.71771,17.118315,37.55258, State-gov, HS-grad, Divorced, Transport-moving, Unmarried, White, Male, United-States, <=50K
31.976837,181665.55,9.068715,-100.62336,13.071279,40.754177, Private, HS-grad, Married-civ-spouse, Sales, Husband, White, Male, United-States, <=50K
23.513378,2599.4539,10.599156,-394.55096,5.149495,40.27798, ?, 11th, Never-married, ?, Own-child, White, Male, United-States, <=50K
26.573517,264807.2,9.007765,420.23883,7.2093554,38.39207, Private, Some-college, Never-married, Adm-clerical, Unmarried, White, Female, United-States, <=50K
29.195747,97882.45,10.978933,392.83954,-4.135806,52.607162, Self-emp-not-inc, Assoc-voc, Never-married, ?, Own-child, White, Female, United-States, <=50K
64.45359,34637.297,12.911109,380.8767,13.756154,50.244915, Private, Bachelors, Divorced, Exec-managerial, Not-in-family, White, Female, United-States, >50K
44.192093,100779.15,4.785264,302.48834,0.09307586,47.815594, Private, 10th, Never-married, Other-service, Not-in-family, White, Female, United-States, <=50K
23.941772,222972.58,7.969989,-133.93268,1.8363696,26.624422, Private, 11th, Never-married, Adm-clerical, Own-child, White, Female, United-States, <=50K
60.74275,63585.14,10.389887,32391.06,-5.699313,43.49293, Private, Some-college, Married-civ-spouse, Machine-op-inspct, Husband, White, Male, United-States, >50K
33.428825,193479.4,9.08721,-247.18036,19.563742,39.722515, Private, HS-grad, Divorced, Sales, Not-in-family, White, Male, United-States, <=50K
33.759872,111071.664,8.864947,-541.2978,3.1083345,53.526733, ?, HS-grad, Married-civ-spouse, ?, Husband, White, Male, United-States, <=50K
27.947147,302474.12,9.904685,133.23071,-24.955904,55.642174, Private, Some-college, Separated, Sales, Own-child, White, Male, United-States, <=50K
41.916405,135041.8,15.576876,-314.95758,1434.7429,40.85163, Private, Masters, Never-married, Prof-specialty, Not-in-family, White, Male, United-States, >50K
25.286934,106614.375,11.374138,227.95752,-3.2614317,13.6253395, Private, Bachelors, Never-married, Sales, Own-child, White, Female, United-States, <=50K
25.795713,180669.5,14.995655,-502.54205,10.405271,51.41808, Private, Masters, Never-married, Adm-clerical, Not-in-family, White, Female, United-States, <=50K
8.2935,215656.12,7.752415,105.89233,17.710371,31.159754, Private, 10th, Never-married, Handlers-cleaners, Own-child, White, Male, United-States, <=50K
23.795492,62640.836,8.964402,-271.70428,16.939344,36.35576, Private, HS-grad, Never-married, Tech-support, Own-child, White, Female, United-States, <=50K
35.61412,-9501.687,12.496965,629.07587,5.440564,57.49548, Private, Bachelors, Never-married, Other-service, Not-in-family, White, Male, United-States, <=50K
48.364517,133290.27,8.970952,-581.58856,11.161717,32.504345, Private, HS-grad, Married-civ-spouse, Handlers-cleaners, Wife, White, Female, United-States, <=50K
13.245933,370348.97,6.1192174,320.83356,-1.3105572,15.685837, Private, 10th, Never-married, Handlers-cleaners, Own-child, White, Male, United-States, <=50K
41.119125,317504.03,9.053134,-606.94586,-19.82802,34.26022, Private, HS-grad, Never-married, Exec-managerial, Not-in-family, White, Male, United-States, <=50K
23.922487,86331.195,10.004559,6.697933,-11.106036,38.65632, Private, Some-college, Never-married, Prof-specialty, Not-in-family, White, Female, United-States, <=50K
37.87019,180226.81,8.965817,168.48218,1.9068881,43.15671, Private, HS-grad, Married-civ-spouse, Machine-op-inspct, Husband, White, Male, United-States, <=50K
41.741276,144540.2,9.031015,51.094418,16.347776,36.802677, Private, HS-grad, Married-civ-spouse, Adm-clerical, Husband, White, Male, United-States, >50K
27.024197,60804.633,9.06066,-290.48248,16.413313,38.77242, Private, HS-grad, Never-married, Craft-repair, Not-in-family, White, Male, United-States, <=50K
34.459675,250060.98,10.1023655,43.89227,-10.479396,49.131943, Private, Some-college, Divorced, Exec-managerial, Own-child, White, Male, United-States, <=50K
50.26455,210043.17,10.173897,199.01965,-4.08974,31.5339, Self-emp-not-inc, Some-college, Married-civ-spouse, Farming-fishing, Husband, White, Male, United-States, <=50K
27.630226,148830.56,10.15961,1576.5316,-14.571353,47.61156, Private, Some-college, Married-civ-spouse, Exec-managerial, Husband, White, Male, United-States, >50K
39.36525,207944.47,12.93773,148.43744,1528.1261,43.008026, Self-emp-not-inc, Bachelors, Married-civ-spouse, Prof-specialty, Husband, White, Male, United-States, <=50K
42.128296,66466.31,9.001427,-219.42255,26.219545,41.489902, Private, HS-grad, Divorced, Exec-managerial, Not-in-family, White, Male, United-States, <=50K
44.184265,212865.36,10.130639,-296.59625,-16.48224,41.766624, Private, Some-college, Married-civ-spouse, Sales, Husband, White, Male, United-States, >50K
33.134903,60948.42,15.090862,186.17865,-18.972887,48.650936, Private, Masters, Divorced, Craft-repair, Not-in-family, White, Male, United-States, <=50K
24.029264,166991.77,5.556352,-417.0865,-8.973086,31.119984, Private, 10th, Married-civ-spouse, Craft-repair, Husband, White, Male, United-States, <=50K
38.99484,220574.47,12.913963,-213.90143,3.293538,38.553123, ?, Bachelors, Married-civ-spouse, ?, Husband, White, Male, United-States, <=50K
21.638727,256660.67,3.7756314,-22.8913,5.5716524,37.249634, Private, 10th, Married-civ-spouse, Adm-clerical, Wife, White, Female, United-States, <=50K
66.74386,104231.55,13.902948,352.82806,-50.918575,44.929565, Local-gov, Masters, Divorced, Craft-repair, Unmarried, White, Female, United-States, <=50K
41.22222,328593.94,12.535405,580.2495,-0.65788543,32.7182, Self-emp-not-inc, Bachelors, Never-married, Other-service, Own-child, White, Male, United-States, <=50K
28.687819,210129.94,9.869011,547.1657,-12.179599,42.361076, Private, Some-college, Never-married, Farming-fishing, Not-in-family, White, Male, United-States, <=50K
46.208076,154113.42,10.00974,-396.351,2107.4253,52.20583, ?, Some-college, Married-civ-spouse, ?, Husband, White, Male, United-States, <=50K
21.367928,157730.16,4.7135134,294.60706,-9.907229,28.752256, Private, 10th, Divorced, Other-service, Own-child, White, Female, United-States, <=50K
29.061932,269857.38,10.069475,474.9458,-8.996776,37.476997, Private, Some-college, Never-married, Adm-clerical, Not-in-family, White, Female, United-States, <=50K
39.64148,204325.7,13.019575,575.79956,8.992696,44.216038, Private, Bachelors, Never-married, Sales, Not-in-family, White, Male, United-States, <=50K
69.91903,168859.7,13.21639,-255.54034,50.16057,29.307703, State-gov, Bachelors, Never-married, Exec-managerial, Unmarried, White, Male, United-States, <=50K
64.037605,57357.22,9.035057,-202.59076,1973.6125,45.28465, Private, HS-grad, Married-civ-spouse, Exec-managerial, Husband, White, Male, United-States, >50K
70.33097,304517.84,12.321447,2921.9387,-34.4015,43.266743, Local-gov, Bachelors, Married-civ-spouse, Transport-moving, Husband, White, Male, United-States, >50K
31.347744,62466.516,6.2192144,36583.414,22.628965,27.088839, Self-emp-inc, 10th, Never-married, Adm-clerical, Not-in-family, White, Female, United-States, >50K
33.855747,120631.19,9.098364,-104.80256,-27.848284,54.264606, Private, HS-grad, Divorced, Exec-managerial, Unmarried, White, Male, United-States, >50K
36.306133,128505.49,7.9338284,-1161.904,75.78087,33.991802, Local-gov, 12th, Married-civ-spouse, ?, Wife, White, Female, United-States, >50K
37.246197,222121.77,13.951993,837.3442,-2.4843779,37.32762, Private, Masters, Separated, Adm-clerical, Not-in-family, White, Female, United-States, <=50K
31.668282,164309.25,12.83028,602.1497,5.6031923,99.23963, Private, Bachelors, Never-married, Farming-fishing, Other-relative, White, Male, United-States, <=50K
49.59017,255586.02,9.224678,140.263,1342.7782,40.652657, Private, HS-grad, Married-civ-spouse, Craft-repair, Husband, White, Male, United-States, <=50K
60.04302,56475.125,9.981774,2613.689,-24.099176,56.559258, Private, Some-college, Married-civ-spouse, Exec-managerial, Husband, White, Male, United-States, >50K
22.749117,297654.94,13.655995,977.7187,-16.32274,49.450516, Private, Masters, Never-married, Prof-specialty, Not-in-family, White, Male, United-States, <=50K
43.257298,175158.86,9.14099,159.09814,-8.651347,40.74225, Private, HS-grad, Never-married, Sales, Own-child, White, Male, United-States, <=50K
31.745293,333260.16,11.127141,-949.70795,-12.62382,49.54358, Private, Assoc-voc, Divorced, Craft-repair, Unmarried, White, Female, United-States, >50K
48.87839,223258.66,7.0864606,-34.967716,-13.906787,40.082413, Private, 11th, Married-civ-spouse, Craft-repair, Husband, White, Male, United-States, <=50K
53.170834,104628.555,8.940786,-12.011784,-12.936954,49.376522, Private, HS-grad, Married-civ-spouse, Exec-managerial, Husband, White, Male, United-States, <=50K
67.519554,133093.25,8.949167,174.29181,-34.674152,37.91519, Private, HS-grad, Married-civ-spouse, Exec-managerial, Husband, White, Male, United-States, <=50K
29.311115,224448.14,13.892512,-326.9428,-17.339365,41.247707, Private, Masters, Never-married, Sales, Not-in-family, White, Male, United-States, <=50K
23.66501,149718.6,13.219855,707.22974,-2.001193,38.265224, Private, Bachelors, Married-civ-spouse, Exec-managerial, Wife, White, Female, United-States, >50K
61.760925,141276.44,5.672727,-505.4273,6.0434847,39.521847, Self-emp-not-inc, 10th, Separated, Sales, Not-in-family, White, Male, United-States, <=50K
37.321114,180792.6,10.113124,182.5058,-15.916324,42.652794, Private, Some-college, Divorced, Craft-repair, Not-in-family, White, Male, United-States, <=50K
35.084625,-34510.375,13.248093,-5.2283363,34.675556,65.71857, Private, Bachelors, Never-married, Tech-support, Not-in-family, White, Male, United-States, <=50K
55.221996,93758.414,11.081084,297.20728,11.594815,58.033253, Self-emp-inc, Assoc-voc, Divorced, Prof-specialty, Not-in-family, White, Male, United-States, <=50K
27.557281,46682.953,8.991741,456.59906,-1.4072598,41.631172, Private, HS-grad, Married-civ-spouse, Adm-clerical, Wife, White, Female, United-States, <=50K
23.214132,132955.7,12.189565,66.73345,24.808905,55.699146, Private, Masters, Never-married, Tech-support, Unmarried, White, Male, United-States, <=50K
27.097038,87592.05,7.339362,452.18414,1.93073,40.05193, Private, 11th, Married-civ-spouse, Machine-op-inspct, Husband, White, Male, United-States, >50K
27.738483,100090.31,10.123804,238.31189,-5.1747313,34.3383, Private, Some-college, Married-civ-spouse, Adm-clerical, Husband, White, Male, United-States, <=50K
59.54559,114518.71,9.009566,1067.5099,-10.157161,37.582684, Private, HS-grad, Married-civ-spouse, Machine-op-inspct, Husband, White, Male, United-States, >50K
22.511152,120081.984,8.385387,240.38348,-6.0656004,28.788118, Private, 10th, Never-married, Other-service, Own-child, White, Female, United-States, <=50K
35.26096,213019.77,9.532455,-200.1695,-11.480067,43.488197, Private, Some-college, Married-civ-spouse, Exec-managerial, Wife, White, Female, United-States, >50K
21.595097,162806.02,5.368735,-202.26996,-14.534343,30.527702, Private, 10th, Never-married, Handlers-cleaners, Own-child, White, Male, United-States, <=50K
41.620316,220787.58,9.8702,-17.29987,-24.649042,49.258133, Private, HS-grad, Widowed, Other-service, Unmarried, White, Female, United-States, <=50K
75.98931,287091.56,9.106341,244.34698,1815.5297,22.776182, Federal-gov, HS-grad, Married-civ-spouse, Sales, Husband, White, Male, United-States, >50K
55.95485,209305.9,9.945732,69.89391,-10.530322,47.471214, Private, Some-college, Married-civ-spouse, Protective-serv, Husband, White, Male, United-States, <=50K
65.195885,49369.375,12.659637,1410.0258,-28.250078,40.68043, Private, Bachelors, Widowed, Craft-repair, Unmarried, White, Female, United-States, <=50K
26.547606,87589.984,10.571349,187.23267,-18.062273,44.015453, Private, Some-college, Married-civ-spouse, Sales, Husband, White, Male, United-States, <=50K
35.022446,130155.445,10.055149,379.39502,-9.963786,62.31926, Private, Some-college, Never-married, Exec-managerial, Not-in-family, White, Female, United-States, <=50K
21.071995,235146.73,9.055915,313.42004,-2.6724272,35.192287, Private, HS-grad, Married-civ-spouse, Handlers-cleaners, Husband, White, Male, United-States, <=50K
36.23741,124437.93,3.2841215,357.87836,-6.5480757,21.384686, Private, 10th, Divorced, Craft-repair, Not-in-family, White, Female, United-States, <=50K
53.69429,178746.1,9.14797,-524.3908,12.720258,41.960598, State-gov, HS-grad, Divorced, Priv-house-serv, Not-in-family, White, Female, United-States, <=50K
23.099028,236961.4,9.994734,-52.80158,-18.37617,36.571743, Private, Some-college, Never-married, Prof-specialty, Own-child, White, Male, United-States, <=50K
42.241337,370657.94,7.554356,473.7951,-2.7466764,51.895866, Private, 11th, Divorced, Other-service, Unmarried, White, Female, United-States, <=50K
21.827019,17444.562,11.094136,932.927,-4.750781,42.595997, Federal-gov, Assoc-voc, Never-married, Craft-repair, Not-in-family, White, Female, United-States, <=50K
39.646458,162072.48,13.139112,284.42322,-4.086261,54.951138, Private, Bachelors, Married-civ-spouse, Sales, Husband, White, Male, United-States, >50K
68.646454,217806.6,3.6682978,180.02008,3.1719027,47.074112, Private, 10th, Married-civ-spouse, Other-service, Husband, White, Male, United-States, <=50K
19.932802,477470.7,5.999153,-226.53925,10.880261,29.739227, State-gov, 10th, Married-civ-spouse, Adm-clerical, Wife, White, Female, United-States, <=50K
20.490326,175932.3,10.13865,1238.6002,2.1899004,32.313446, Private, Some-college, Never-married, Sales, Own-child, White, Male, United-States, <=50K
43.660988,106796.664,12.784506,847.2166,15.902631,38.473255, State-gov, Bachelors, Divorced, Adm-clerical, Not-in-family, White, Female, United-States, <=50K
45.054707,117116.64,13.704613,-217.89276,-1.6915768,47.323017, Private, Assoc-acdm, Married-civ-spouse, Exec-managerial, Wife, White, Female, United-States, >50K
32.986732,248130.36,10.058271,416.3742,-19.428179,46.976463, Private, Some-college, Divorced, Exec-managerial, Not-in-family, White, Male, United-States, <=50K
42.890347,130861.89,7.1928954,135.64667,6.2226686,53.475746, Private, 11th, Never-married, Craft-repair, Own-child, White, Male, United-States, <=50K
59.32968,175048.23,9.190512,-468.07416,-5.7584944,26.87919, Local-gov, HS-grad, Married-civ-spouse, Prof-specialty, Husband, White, Male, United-States, >50K
40.90021,519482.9,14.028008,220.42877,-14.547862,33.878162, Private, Masters, Married-civ-spouse, Exec-managerial, Husband, White, Male, United-States, <=50K
25.394619,317844.25,10.106319,-4.088688,-1.4066342,37.18435, Private, Some-college, Never-married, Machine-op-inspct, Not-in-family, White, Male, United-States, <=50K
25.626379,128789.99,9.032775,-512.5181,4.731061,41.096115, Private, HS-grad, Never-married, Priv-house-serv, Other-relative, White, Male, United-States, <=50K
28.611769,180355.5,13.170693,-30.451115,-2.0122938,24.725182, Private, Bachelors, Married-civ-spouse, Prof-specialty, Husband, White, Male, United-States, <=50K
21.678864,96257.43,12.955198,906.5697,2.1015596,31.376398, Private, Bachelors, Never-married, Adm-clerical, Own-child, White, Male, United-States, <=50K
41.556667,153937.27,9.9828205,177.75739,-22.749224,41.084274, Private, Some-college, Married-civ-spouse, Craft-repair, Husband, White, Male, United-States, <=50K
30.273626,222819.55,8.32242,-212.01056,17.284376,46.536118, Private, 12th, Married-civ-spouse, Sales, Husband, White, Male, United-States, <=50K
26.63491,307061.84,12.998103,12.389217,2.998601,43.582806, Private, Bachelors, Married-civ-spouse, Exec-managerial, Husband, White, Male, United-States, <=50K
36.574524,416854.3,11.483347,306.4027,-23.94604,35.718967, Private, Bachelors, Divorced, Exec-managerial, Not-in-family, White, Female, United-States, <=50K
16.134783,182785.69,7.7314296,837.50354,-6.8787184,-1.5167371, Private, 12th, Never-married, Other-service, Own-child, White, Female, United-States, <=50K
23.270388,173655.48,10.135532,144.08868,-1.9955243,45.89769, Private, 11th, Never-married, Transport-moving, Unmarried, White, Male, United-States, <=50K
24.275309,293658.66,9.086412,124.21581,-4.1726713,43.448784, Private, HS-grad, Married-civ-spouse, Exec-managerial, Wife, White, Female, United-States, <=50K
43.668144,347666.25,10.074801,103.87585,-5.312564,49.136467, Private, Some-college, Married-civ-spouse, Craft-repair, Husband, White, Male, United-States, >50K
48.796974,122001.8,9.117346,306.77917,-27.728365,35.646896, Private, HS-grad, Married-civ-spouse, Prof-specialty, Wife, White, Female, United-States, >50K
51.6165,108216.02,10.198008,-416.1253,-11.981746,43.90598, Private, Some-college, Married-civ-spouse, Craft-repair, Husband, White, Male, United-States, >50K
18.667156,228300.94,9.114201,250.00397,16.724554,29.780384, Private, HS-grad, Never-married, Machine-op-inspct, Own-child, White, Male, United-States, <=50K
25.498375,554058.2,3.3278933,158.2685,4.9079866,42.48655, Private, 10th, Never-married, Machine-op-inspct, Not-in-family, White, Male, United-States, <=50K
33.05143,111092.85,13.140881,238.93268,54.303883,36.675045, Private, Bachelors, Married-spouse-absent, Machine-op-inspct, Unmarried, White, Female, United-States, <=50K
58.90893,197221.11,9.062132,-462.6562,-11.45045,34.03266, Private, Some-college, Divorced, Exec-managerial, Not-in-family, White, Female, United-States, <=50K
89.87708,266323.6,5.4338818,-658.3232,19.393187,48.419903, Private, 10th, Never-married, Sales, Not-in-family, White, Female, United-States, <=50K
37.65019,29820.297,9.055202,137.45648,19.84226,33.126034, Private, HS-grad, Never-married, Tech-support, Not-in-family, White, Female, United-States, <=50K
31.594032,168014.55,9.179732,280.74927,-11.414485,47.94993, Self-emp-inc, HS-grad, Never-married, Exec-managerial, Own-child, White, Male, United-States, <=50K
36.79996,45831.42,10.041217,18236.457,-67.33416,48.09397, Self-emp-not-inc, Some-college, Married-spouse-absent, Exec-managerial, Unmarried, White, Female, United-States, <=50K
39.929832,238175.34,13.0586815,-9.019718,16.77683,43.04539, Private, Bachelors, Married-civ-spouse, Prof-specialty, Husband, White, Male, United-States, >50K
32.201233,38644.438,12.171278,9766.898,-26.836466,38.894173, Private, Bachelors, Never-married, Adm-clerical, Own-child, White, Female, United-States, <=50K
50.231693,201766.17,13.638521,718.9635,-24.156824,39.671894, Private, Masters, Married-civ-spouse, Craft-repair, Husband, White, Male, United-States, <=50K
37.26678,269486.47,9.000312,348.99,-10.834193,39.976875, Private, HS-grad, Married-civ-spouse, Sales, Husband, White, Male, United-States, <=50K
32.916668,105378.016,9.135161,383.0146,19.414831,37.984207, Private, HS-grad, Married-civ-spouse, Adm-clerical, Wife, White, Female, United-States, >50K
34.473175,128659.61,6.588377,1298.2274,-28.068903,46.49734, Private, 10th, Married-civ-spouse, Machine-op-inspct, Husband, White, Male, United-States, <=50K
37.365364,53701.656,6.8655334,242.64685,-2.0573683,33.18767, Private, 11th, Married-civ-spouse, Transport-moving, Husband, White, Male, United-States, <=50K
42.946003,175792.84,10.213345,179.63165,-10.693065,43.19973, Private, Some-college, Married-civ-spouse, Tech-support, Husband, White, Male, United-States, >50K
37.4178,315114.28,14.0926285,557.52966,-11.561732,44.25928, Private, Masters, Married-civ-spouse, Exec-managerial, Husband, White, Male, United-States, >50K
33.627785,159419.44,12.970107,22699.635,-51.508556,50.753532, ?, Bachelors, Married-civ-spouse, ?, Husband, White, Male, United-States, >50K
61.109337,179967.62,9.137307,-165.37775,-8.302806,30.89735, Private, HS-grad, Married-civ-spouse, Craft-repair, Husband, White, Male, United-States, <=50K
32.768932,172994.08,7.102429,145.9234,9.69328,49.81648, ?, 11th, Divorced, ?, Not-in-family, White, Female, United-States, <=50K
41.87079,162639.92,9.0903015,418.30194,31.138983,37.30766, Private, HS-grad, Never-married, Sales, Not-in-family, White, Female, United-States, <=50K
75.424095,286313.22,10.01236,13.408138,-5.5284224,40.75032, Private, Some-college, Married-civ-spouse, Prof-specialty, Husband, White, Male, United-States, <=50K
42.333477,156064.2,9.060252,-376.6789,-9.244365,38.617043, Private, HS-grad, Married-civ-spouse, Craft-repair, Husband, White, Male, United-States, <=50K
21.20781,215840.12,9.924872,2810.0393,10.779653,37.548088, Private, Some-college, Never-married, Adm-clerical, Other-relative, White, Female, United-States, <=50K
81.44911,267495.78,10.343229,1289.1858,1.3132144,51.08386, Private, Assoc-voc, Married-civ-spouse, Adm-clerical, Husband, White, Male, United-States, >50K
41.941113,213314.42,9.966629,423.88043,13.305043,40.176582, State-gov, Some-college, Never-married, Adm-clerical, Own-child, White, Female, United-States, <=50K
44.209885,124774.92,10.0019045,-6.86005,-15.553111,61.412937, Private, Some-college, Married-civ-spouse, Machine-op-inspct, Husband, White, Male, United-States, <=50K
25.577423,234714.34,10.073072,-36.603092,-13.07458,34.808468, Private, Some-college, Married-civ-spouse, Other-service, Husband, White, Male, United-States, >50K
39.599735,146406.08,11.852251,-895.6309,1866.4056,44.900593, Private, Assoc-acdm, Never-married, Prof-specialty, Other-relative, White, Female, United-States, <=50K
32.254593,153130.83,10.787613,949.8899,-52.619473,55.808365, Self-emp-not-inc, Assoc-voc, Married-spouse-absent, Tech-support, Not-in-family, White, Female, United-States, >50K
53.97988,164460.31,9.106725,-137.2547,-6.057948,56.38343, Local-gov, HS-grad, Married-civ-spouse, Protective-serv, Husband, White, Male, United-States, >50K
30.250471,209949.4,12.804311,618.203,-8.832042,44.14492, Private, Bachelors, Never-married, Handlers-cleaners, Own-child, White, Male, United-States, <=50K
44.380535,95035.35,9.080741,-453.67657,11.578832,36.594162, Private, HS-grad, Married-civ-spouse, Adm-clerical, Husband, White, Male, United-States, <=50K
25.387062,79867.04,10.07281,125.41375,-18.129915,38.131615, Self-emp-not-inc, Some-college, Never-married, Craft-repair, Own-child, White, Female, United-States, <=50K
35.231647,101262.836,8.966594,-198.9549,-3.2626219,38.8074, ?, HS-grad, Divorced, ?, Not-in-family, White, Male, United-States, <=50K
53.678993,288721.94,10.17154,616.80005,-4.6126738,48.71, Private, Some-college, Married-civ-spouse, Other-service, Husband, White, Male, United-States, >50K
49.74037,301754.56,9.109328,764.4754,0.16713439,38.091774, Private, HS-grad, Married-civ-spouse, Machine-op-inspct, Husband, White, Male, United-States, >50K
43.42065,249431.58,12.97212,-79.0445,8.0381365,52.1101, Private, Bachelors, Divorced, Craft-repair, Not-in-family, White, Male, United-States, <=50K
44.41908,212093.39,10.059377,319.88123,-13.07146,20.129023, State-gov, Some-college, Never-married, Tech-support, Not-in-family, White, Female, United-States, <=50K
40.749496,104090.15,7.538221,231.35107,-3.8535185,45.504036, Private, 11th, Divorced, Craft-repair, Not-in-family, White, Female, United-States, <=50K
32.186756,51989.39,13.080037,99.5512,-18.867899,52.588676, Private, Bachelors, Married-civ-spouse, Exec-managerial, Husband, White, Male, United-States, <=50K
33.0656,124254.83,13.072469,240.89789,-5.181117,51.679398, Private, Bachelors, Married-civ-spouse, Exec-managerial, Husband, White, Male, United-States, <=50K
43.54459,168614.69,9.106171,404.62958,1849.6523,91.047424, Private, HS-grad, Separated, Craft-repair, Not-in-family, White, Male, United-States, >50K
29.71094,93604.02,9.135808,-189.35199,30.557787,53.462894, Local-gov, HS-grad, Never-married, Protective-serv, Not-in-family, White, Male, United-States, <=50K
26.017046,203313.08,11.897259,6160.324,-13.508182,39.692818, Private, Assoc-voc, Never-married, Exec-managerial, Unmarried, White, Female, United-States, <=50K
49.040253,263699.6,12.798648,59.133602,4.84982,47.85867, Self-emp-not-inc, Bachelors, Married-civ-spouse, Sales, Husband, White, Male, United-States, >50K
29.702019,474431.78,12.633962,321.0667,-22.649736,41.02721, Private, Bachelors, Never-married, Craft-repair, Unmarried, White, Female, United-States, <=50K
35.239487,249152.31,10.019425,-153.6153,-9.001208,40.462048, Private, Some-college, Married-civ-spouse, Handlers-cleaners, Husband, White, Male, United-States, <=50K
42.912155,219221.83,9.100187,13.660946,-0.79352844,26.23674, Private, HS-grad, Never-married, Other-service, Own-child, White, Male, United-States, <=50K
36.766098,123700.56,9.1444025,281.89783,24.401957,31.004782, Self-emp-inc, HS-grad, Married-civ-spouse, Sales, Husband, White, Male, United-States, >50K
47.27148,39592.656,10.112627,771.2213,3.5703783,46.264492, Private, HS-grad, Married-civ-spouse, Adm-clerical, Husband, White, Male, United-States, <=50K
52.127586,126532.19,9.084016,-113.06208,14.201222,26.428255, Private, HS-grad, Married-civ-spouse, Farming-fishing, Wife, White, Female, United-States, >50K
44.313442,106288.484,6.7532487,-79.00715,-15.272769,77.50871, Federal-gov, 10th, Married-civ-spouse, Transport-moving, Husband, White, Male, United-States, >50K
51.597088,78737.55,13.155879,185.97906,8.305379,44.868675, Private, Bachelors, Divorced, Sales, Not-in-family, White, Male, United-States, >50K
44.18212,51775.22,10.122843,129.00427,2.2614489,43.92104, Private, Some-college, Married-civ-spouse, Tech-support, Husband, White, Male, United-States, >50K
33.151592,188370.75,9.037662,32.78265,1.9670001,34.03599, Private, HS-grad, Married-civ-spouse, Craft-repair, Husband, White, Male, United-States, <=50K
49.981274,245862.22,5.2508216,583.02277,-2.8966703,38.342724, Private, 10th, Married-civ-spouse, Other-service, Husband, White, Male, United-States, <=50K
43.697464,214363.69,9.997498,-423.95148,-8.389476,43.64736, Federal-gov, Some-college, Divorced, Adm-clerical, Unmarried, White, Female, United-States, <=50K
35.12702,198739.33,10.775269,1729.6248,-22.502863,51.61246, Private, Assoc-voc, Divorced, Craft-repair, Not-in-family, White, Female, United-States, <=50K
18.153915,-1397.8588,8.3980255,-544.1497,2.6492815,32.421204, Private, 12th, Never-married, Adm-clerical, Own-child, White, Female, United-States, <=50K
54.78755,65590.36,9.0064,820.34125,0.28110993,37.9354, Private, HS-grad, Married-civ-spouse, Machine-op-inspct, Husband, White, Male, United-States, <=50K
41.90044,54735.72,9.052465,-187.5711,35.304672,36.404552, Private, HS-grad, Divorced, Sales, Not-in-family, White, Female, United-States, <=50K
39.433197,105150.6,10.032963,259.99463,-11.671245,44.8625, Private, Some-college, Married-civ-spouse, Exec-managerial, Husband, White, Male, United-States, <=50K
45.880505,194373.16,9.1018095,-103.478584,19.28124,40.41596, Private, HS-grad, Never-married, Farming-fishing, Not-in-family, White, Male, United-States, <=50K
39.2674,310254.97,10.139704,480.54443,-9.64014,43.168655, Private, Some-college, Divorced, Other-service, Not-in-family, White, Female, United-States, <=50K
42.946068,212930.56,9.109706,7555.4663,1.8343402,52.9184, Private, HS-grad, Married-civ-spouse, Prof-specialty, Husband, White, Male, United-States, >50K
33.60522,104489.305,10.103343,19.283138,7.020177,29.319183, Private, Some-college, Never-married, Adm-clerical, Not-in-family, White, Male, United-States, <=50K
45.403572,238093.1,9.029848,115.08703,-6.476413,39.95798, Private, HS-grad, Married-civ-spouse, Other-service, Husband, White, Male, United-States, <=50K
50.34077,119846.22,10.138238,174.3006,-7.3714476,39.377445, Self-emp-not-inc, Some-college, Married-civ-spouse, Craft-repair, Husband, White, Male, United-States, <=50K
29.67286,12157.72,8.890304,-49.39826,3.1262102,56.51139, ?, HS-grad, Married-civ-spouse, Other-service, Husband, White, Male, United-States, <=50K
45.33457,99672.62,13.92905,16.101742,-15.850123,59.189518, Self-emp-not-inc, Masters, Married-civ-spouse, Craft-repair, Husband, White, Male, United-States, >50K
34.49468,375118.25,7.5195947,1024.6322,-4.970462,40.707794, Private, 11th, Divorced, Craft-repair, Unmarried, White, Male, United-States, <=50K
20.36092,134383.42,10.183001,378.29053,1991.3169,27.105684, Private, Some-college, Never-married, Machine-op-inspct, Own-child, White, Male, United-States, <=50K
45.90107,253130.88,12.57196,605.10504,8.266492,41.1886, Private, Bachelors, Married-civ-spouse, Other-service, Husband, White, Male, United-States, >50K
21.960325,241521.75,10.123393,383.7276,7.6288195,33.41991, Private, Some-college, Never-married, Sales, Own-child, White, Male, United-States, <=50K
30.944204,185226.39,10.072107,348.02197,-4.502261,27.60575, Private, Some-college, Never-married, Adm-clerical, Not-in-family, White, Female, United-States, <=50K
35.717564,75521.516,9.0931635,-119.294624,1.3864948,47.494015, Private, HS-grad, Married-civ-spouse, Exec-managerial, Husband, White, Male, United-States, >50K
33.741196,160745.86,9.03144,-60.147648,3.8181276,45.769012, Private, HS-grad, Divorced, Exec-managerial, Unmarried, White, Female, United-States, <=50K
34.463696,202410.98,13.031553,295.14648,23.975409,35.15167, Private, Bachelors, Never-married, Prof-specialty, Own-child, White, Male, United-States, <=50K
49.46527,205711.48,13.00101,295.36682,-22.310472,44.44525, Private, Bachelors, Married-civ-spouse, Craft-repair, Husband, White, Male, United-States, <=50K
46.48106,93894.76,13.007317,-427.5103,10.068868,53.07204, Private, Bachelors, Divorced, Adm-clerical, Own-child, White, Female, United-States, <=50K
38.97263,53784.53,9.179623,-362.08893,4.3019075,35.579052, Private, HS-grad, Married-civ-spouse, Other-service, Husband, White, Male, United-States, >50K
50.54087,232731.9,12.853672,182.77856,3.3334932,53.224804, Private, Bachelors, Married-civ-spouse, Exec-managerial, Husband, White, Male, United-States, <=50K
58.68896,125781.516,13.504776,332.71747,-39.25342,48.762035, Self-emp-not-inc, Masters, Married-civ-spouse, Transport-moving, Husband, White, Male, United-States, <=50K
37.76776,199821.17,10.08384,4029.8257,-35.434574,31.077799, ?, Some-college, Never-married, ?, Own-child, White, Female, United-States, <=50K
44.208744,233234.39,8.986425,-344.55707,-7.773982,44.1419, Federal-gov, HS-grad, Married-civ-spouse, Exec-managerial, Husband, White, Male, United-States, >50K
24.674875,168737.55,9.071414,-115.556465,2.989606,37.73159, Private, HS-grad, Never-married, Craft-repair, Not-in-family, White, Male, United-States, <=50K
25.185396,118741.37,9.106402,660.91895,27.41612,100.75594, Private, HS-grad, Never-married, Sales, Unmarried, White, Male, United-States, <=50K
35.524853,112353.01,10.02534,466.3343,0.83289826,40.01658, Private, Some-college, Never-married, Machine-op-inspct, Own-child, White, Female, United-States, <=50K
54.585697,183292.39,9.957557,89.296745,1.0764209,40.91077, Private, Some-college, Married-civ-spouse, Exec-managerial, Husband, White, Male, United-States, <=50K
51.267895,184980.77,9.038246,190.45312,15.874585,37.375935, State-gov, HS-grad, Never-married, Handlers-cleaners, Not-in-family, White, Male, United-States, <=50K
31.638315,238692.83,10.013542,1561.436,1.0821048,36.591354, State-gov, Some-college, Married-civ-spouse, Machine-op-inspct, Husband, White, Male, United-States, <=50K
27.39893,127078.51,10.068421,272.74506,-18.070894,36.369995, Private, Some-college, Married-civ-spouse, Craft-repair, Husband, White, Male, United-States, <=50K
60.266956,312252.22,9.134729,1679.0632,-3.3927412,45.005783, Private, HS-grad, Married-civ-spouse, Exec-managerial, Husband, White, Male, United-States, >50K
33.590862,167477.69,9.0241375,17.184017,-18.226824,44.690075, Private, HS-grad, Divorced, Exec-managerial, Unmarried, White, Female, United-States, <=50K
31.448729,169580.31,8.997377,599.40875,8.652547,55.712376, Private, HS-grad, Never-married, Machine-op-inspct, Own-child, White, Male, United-States, <=50K
52.0491,314765.44,9.134542,252.77917,-8.55067,44.271595, Private, HS-grad, Married-civ-spouse, Craft-repair, Husband, White, Male, United-States, >50K
46.927822,178410.1,9.076125,472.12805,-1.9705609,37.624184, Self-emp-not-inc, HS-grad, Never-married, Other-service, Unmarried, White, Female, United-States, <=50K
46.358562,149263.11,12.683357,264.0338,-21.26478,45.22168, Federal-gov, Bachelors, Widowed, Tech-support, Not-in-family, White, Female, United-States, <=50K
32.1101,202962.39,11.7225685,-452.1574,-15.212909,45.496826, Private, Assoc-voc, Married-civ-spouse, Prof-specialty, Husband, White, Male, United-States, >50K
49.382496,194599.11,10.062573,103.02343,1.0991031,48.136707, Self-emp-not-inc, Some-college, Married-civ-spouse, Farming-fishing, Husband, White, Male, United-States, <=50K
36.65023,159158.94,13.016895,287.8012,-2.8850126,66.80721, Private, Bachelors, Divorced, Sales, Not-in-family, White, Female, United-States, <=50K
26.525455,132899.22,9.280978,-341.88788,11.473065,40.006535, Local-gov, HS-grad, Married-civ-spouse, Protective-serv, Husband, White, Male, United-States, <=50K
60.48906,227107.72,9.052101,-252.59418,36.16738,39.045708, Federal-gov, HS-grad, Married-civ-spouse, Adm-clerical, Husband, White, Male, United-States, <=50K
28.749035,180191.03,10.087364,-180.06036,-19.966791,28.240576, Private, Some-college, Never-married, Other-service, Not-in-family, White, Female, United-States, <=50K
27.097292,222434.44,9.938623,229.909,1663.6118,35.56756, State-gov, Some-college, Never-married, Handlers-cleaners, Not-in-family, White, Male, United-States, <=50K
42.23982,110436.24,13.094761,222.96936,-15.296397,50.52661, Private, Bachelors, Never-married, Exec-managerial, Not-in-family, White, Female, United-States, <=50K
26.130491,197523.92,11.693984,135.16534,4.584203,44.67172, Private, Bachelors, Never-married, Machine-op-inspct, Own-child, White, Male, United-States, <=50K
61.823887,117968.01,13.121187,-68.066475,-9.482654,31.769041, Self-emp-inc, Bachelors, Married-civ-spouse, Exec-managerial, Husband, White, Male, United-States, >50K
47.588036,177955.39,10.086839,78.15948,-22.622034,35.437893, Private, Some-college, Married-civ-spouse, Exec-managerial, Husband, White, Male, United-States, <=50K
32.846992,115149.31,11.271335,776.49347,-6.875331,25.410759, State-gov, Assoc-voc, Never-married, Other-service, Own-child, White, Female, United-States, <=50K
29.183218,171399.77,10.150517,320.97736,-19.096819,25.690351, Private, Some-college, Married-civ-spouse, Craft-repair, Husband, White, Male, United-States, <=50K
37.27951,232328.72,9.059753,-675.1921,7.2122927,44.897114, Self-emp-not-inc, HS-grad, Married-civ-spouse, Prof-specialty, Husband, White, Male, United-States, <=50K
24.302172,127598.914,7.337018,310.25714,4.503606,51.703186, Private, 11th, Never-married, Craft-repair, Own-child, White, Male, United-States, <=50K
27.891758,244950.53,13.433994,96.1007,-13.395343,31.974209, Private, Bachelors, Never-married, Prof-specialty, Not-in-family, White, Male, United-States, <=50K
46.496487,132681.58,9.112825,152.68951,11.607686,38.308838, Private, HS-grad, Never-married, Adm-clerical, Not-in-family, White, Female, United-States, <=50K
29.899467,71216.68,12.963358,780.7752,12.0301485,25.840456, Local-gov, Bachelors, Never-married, Adm-clerical, Husband, White, Male, United-States, <=50K
23.412222,144839.08,13.036322,135.19666,0.7083179,42.008785, Private, Bachelors, Never-married, Sales, Own-child, White, Male, United-States, <=50K
46.971695,318896.16,7.2650747,-9.215153,-8.558902,37.388393, Private, 11th, Married-civ-spouse, Machine-op-inspct, Husband, White, Male, United-States, <=50K
25.953823,230227.97,11.063387,73.25585,-17.52109,18.283598, Private, Assoc-voc, Divorced, Tech-support, Own-child, White, Female, United-States, <=50K
36.581223,258274.06,9.000485,-43.59406,0.8431598,45.800343, Private, HS-grad, Married-civ-spouse, Machine-op-inspct, Husband, White, Male, United-States, <=50K
61.55073,584694.06,13.183,627.5446,-8.643916,58.01115, Self-emp-inc, Bachelors, Never-married, Exec-managerial, Not-in-family, White, Male, United-States, >50K
37.040653,278554.62,9.1361685,532.40814,-25.937265,23.941921, State-gov, HS-grad, Married-civ-spouse, Protective-serv, Husband, White, Male, United-States, <=50K
17.011301,202431.6,13.09413,501.06635,1440.3053,50.150063, Private, Bachelors, Never-married, Exec-managerial, Own-child, White, Female, United-States, <=50K
45.35327,78068.984,10.165109,-364.84613,10.849896,37.729126, Private, Some-college, Married-civ-spouse, Adm-clerical, Wife, White, Female, United-States, <=50K
31.997498,147894.06,13.033381,547.0334,-0.6753491,45.615158, Private, Bachelors, Never-married, Prof-specialty, Own-child, White, Female, United-States, <=50K
59.556072,24189.766,9.167099,14203.524,-0.048518077,43.199173, Private, HS-grad, Married-civ-spouse, Transport-moving, Husband, White, Male, United-States, >50K
46.121197,47830.86,8.9136305,-168.36823,-0.4344815,43.957626, ?, HS-grad, Married-civ-spouse, ?, Husband, White, Male, United-States, <=50K
36.086857,398760.4,10.139323,169.20978,-18.999979,40.25683, Private, Some-college, Never-married, Craft-repair, Not-in-family, White, Male, United-States, <=50K
28.201708,165958.77,10.081325,-220.74896,-26.04677,21.253584, ?, Some-college, Never-married, ?, Not-in-family, White, Female, United-States, <=50K
70.624565,122632.31,9.052914,-126.65888,13.613835,32.98199, Private, HS-grad, Widowed, Machine-op-inspct, Not-in-family, White, Female, United-States, <=50K
51.727226,280894.5,5.9876366,-174.83673,2000.262,33.657047, Private, 10th, Married-civ-spouse, Craft-repair, Husband, White, Male, United-States, <=50K
33.97965,185991.14,10.17476,-882.14716,-24.430414,41.6327, Self-emp-inc, Some-college, Never-married, Craft-repair, Own-child, White, Male, United-States, <=50K
34.37213,463665.0,9.747447,-93.87275,-13.714519,44.032078, Private, HS-grad, Married-spouse-absent, Tech-support, Unmarried, White, Male, United-States, <=50K
58.416946,160231.77,9.9519,1014.6089,-13.07899,33.65597, Private, Some-college, Divorced, Exec-managerial, Unmarried, White, Male, United-States, >50K
24.588703,141807.33,9.055026,-115.22297,24.816916,38.439243, Private, HS-grad, Never-married, Sales, Own-child, White, Female, United-States, <=50K
40.770107,109529.2,12.7939625,389.15466,2461.8213,47.97505, Self-emp-inc, Bachelors, Married-civ-spouse, Sales, Husband, White, Male, United-States, >50K
53.88681,85175.79,6.945973,103.21941,-2.206828,16.513142, Private, 11th, Never-married, Other-service, Own-child, White, Female, United-States, <=50K
40.567657,139753.81,9.080156,388.8435,11.977925,62.41771, Private, HS-grad, Never-married, Craft-repair, Not-in-family, White, Male, United-States, <=50K
46.871655,70805.695,9.965787,427.35516,-39.413776,68.00975, Private, Some-college, Married-civ-spouse, Exec-managerial, Husband, White, Male, United-States, <=50K
90.682076,107144.555,8.937857,265.69275,-9.607448,35.932022, Private, HS-grad, Married-civ-spouse, Craft-repair, Husband, White, Male, United-States, <=50K
34.633526,275911.47,9.041313,118.90606,-14.502162,43.48343, Private, HS-grad, Married-civ-spouse, Transport-moving, Husband, White, Male, United-States, <=50K
42.636963,203444.95,9.063698,113.050224,1896.9912,54.49928, Private, HS-grad, Married-civ-spouse, Craft-repair, Husband, White, Male, United-States, <=50K
20.024729,251740.06,9.173723,-52.020817,26.041403,35.272694, Private, HS-grad, Married-civ-spouse, Adm-clerical, Husband, White, Female, United-States, <=50K
47.457397,46590.33,10.076283,-168.11774,-17.24338,39.87649, Private, Some-college, Never-married, Craft-repair, Unmarried, White, Female, United-States, <=50K
37.20069,234572.84,10.296979,356.61566,1154.0016,19.452147, Private, Some-college, Never-married, Handlers-cleaners, Not-in-family, White, Female, United-States, <=50K
32.0131,77195.484,5.869546,552.48315,11.213826,21.090542, ?, 10th, Never-married, ?, Own-child, White, Female, United-States, <=50K
52.06756,135275.16,9.07563,-33.853703,44.99738,36.534203, Private, HS-grad, Married-civ-spouse, Other-service, Husband, White, Male, United-States, >50K
42.72633,204083.23,8.620806,-685.88544,15.408566,49.96654, Private, HS-grad, Never-married, Machine-op-inspct, Not-in-family, White, Male, United-States, >50K
52.670513,58591.9,13.062709,1437.0493,1.2833835,42.515797, Private, Bachelors, Never-married, Exec-managerial, Not-in-family, White, Female, United-States, >50K
23.700863,156634.84,10.111431,373.93024,1972.1395,35.71041, Private, Some-college, Never-married, Craft-repair, Not-in-family, White, Male, United-States, <=50K
29.735216,240012.06,13.981477,650.6373,-17.789797,15.1009445, Private, Masters, Never-married, Prof-specialty, Own-child, White, Male, United-States, <=50K
37.755768,178326.12,9.072657,-313.83234,30.201231,43.041172, Private, HS-grad, Divorced, Sales, Husband, White, Male, United-States, <=50K
61.365543,264028.25,8.268321,243.42358,-2.5811567,30.316278, Private, 12th, Married-civ-spouse, Other-service, Husband, White, Male, United-States, <=50K
32.53099,140547.42,11.237983,16033.123,-16.48681,16.44804, Private, Some-college, Never-married, Machine-op-inspct, Own-child, White, Male, United-States, >50K
31.176363,104746.81,10.133753,1083.4945,-10.5499525,49.278522, Private, Some-college, Separated, Farming-fishing, Own-child, White, Male, United-States, <=50K
32.34585,53261.844,13.093177,0.65569663,1545.3712,25.39753, Private, Bachelors, Never-married, Exec-managerial, Not-in-family, White, Male, United-States, <=50K
53.478275,176030.25,13.010525,-1.6463053,-6.041934,35.43266, Private, Bachelors, Married-civ-spouse, Prof-specialty, Husband, White, Male, United-States, >50K
31.439625,106001.69,8.014374,-203.42096,-9.922442,58.92301, Self-emp-inc, 12th, Married-civ-spouse, Other-service, Husband, White, Male, United-States, <=50K
69.18619,93369.82,7.7494335,365.6137,8.33595,58.015762, Private, 11th, Married-civ-spouse, Protective-serv, Husband, White, Female, United-States, <=50K
20.431091,54626.0,9.029502,-105.06501,11.641652,45.732464, Private, HS-grad, Never-married, Transport-moving, Own-child, White, Male, United-States, <=50K
77.05257,83663.734,10.068024,-84.0799,-11.663753,31.774117, Local-gov, Some-college, Divorced, Prof-specialty, Not-in-family, White, Female, United-States, <=50K
37.92367,185339.62,11.297708,-107.831856,-4.3730955,46.79528, Private, Assoc-voc, Never-married, Prof-specialty, Not-in-family, White, Male, United-States, <=50K
32.303905,256731.19,10.102573,485.19733,2.299718,37.14586, Private, Some-college, Never-married, Craft-repair, Not-in-family, White, Male, United-States, <=50K
75.10077,245139.23,12.595657,1192.9482,1.403493,19.047348, Federal-gov, Bachelors, Married-civ-spouse, Adm-clerical, Husband, White, Male, United-States, <=50K
55.896664,114930.516,12.345987,638.3197,11.550939,54.300262, Self-emp-not-inc, Bachelors, Married-civ-spouse, Farming-fishing, Husband, White, Male, United-States, >50K
17.071644,158128.98,10.106374,644.28644,-10.94768,28.141827, Private, Some-college, Never-married, Other-service, Own-child, White, Female, United-States, <=50K
37.96076,227559.92,7.2826147,-246.99213,-5.640338,39.648907, Private, 11th, Married-civ-spouse, Machine-op-inspct, Husband, White, Male, United-States, <=50K
43.63009,230122.77,9.989936,243.58252,-8.107097,54.00723, Self-emp-not-inc, Some-college, Married-civ-spouse, Farming-fishing, Husband, White, Male, United-States, >50K
46.140556,47731.844,9.17294,-100.66071,-3.8879728,40.480663, Private, HS-grad, Married-civ-spouse, Craft-repair, Husband, White, Male, United-States, >50K
48.226765,139663.23,9.09294,-172.59418,-7.4564085,36.74082, Private, HS-grad, Married-civ-spouse, Craft-repair, Husband, White, Male, United-States, >50K
67.795876,114521.18,12.884684,984.91223,18.327131,17.843021, Self-emp-not-inc, Bachelors, Married-civ-spouse, Sales, Husband, White, Male, United-States, >50K
25.17806,188952.48,9.08022,42.186764,9.656842,32.370834, Private, HS-grad, Never-married, Other-service, Not-in-family, White, Male, United-States, <=50K
25.599663,140601.33,6.2687387,587.1284,-19.665949,46.10644, Private, 10th, Never-married, Handlers-cleaners, Own-child, White, Male, United-States, <=50K
30.933474,124029.9,12.256238,260.50244,-6.6017942,42.926727, Private, Masters, Never-married, Protective-serv, Not-in-family, White, Female, United-States, <=50K
28.459806,126485.34,9.079801,-226.90472,5.8132753,37.98213, Private, HS-grad, Never-married, Sales, Not-in-family, White, Female, United-States, <=50K
43.015797,168378.9,9.9963045,-47.805973,-12.111049,45.23569, Private, Some-college, Married-civ-spouse, Machine-op-inspct, Husband, White, Male, United-States, <=50K
37.237675,112151.27,11.014387,-463.41473,-34.23895,22.013468, Private, Assoc-acdm, Never-married, Sales, Other-relative, White, Male, United-States, <=50K
46.035995,256199.44,10.118172,409.88934,-2.4551954,41.251854, Private, Some-college, Married-civ-spouse, Other-service, Husband, White, Male, United-States, <=50K
26.871363,65502.64,12.958439,290.79108,-23.521349,32.76372, Private, Bachelors, Never-married, Adm-clerical, Own-child, White, Female, United-States, <=50K
31.475245,182323.78,10.049152,444.17474,19.70127,51.77663, Private, Some-college, Divorced, Adm-clerical, Not-in-family, White, Male, United-States, <=50K
76.42689,92297.77,4.3463626,8920.671,-16.897745,41.15557, Self-emp-not-inc, 10th, Married-civ-spouse, Farming-fishing, Husband, White, Male, United-States, <=50K
44.93165,31708.562,13.093549,22.19183,10.79366,38.700848, Private, Bachelors, Divorced, Sales, Not-in-family, White, Male, United-States, <=50K
67.58678,86631.54,9.175091,-285.2397,1578.1251,25.995296, Private, HS-grad, Married-civ-spouse, Handlers-cleaners, Husband, White, Male, United-States, >50K
34.065224,96844.82,10.184837,73.90508,-10.853961,52.540367, Federal-gov, Some-college, Married-civ-spouse, Transport-moving, Husband, White, Male, United-States, >50K
39.369728,109040.32,9.045798,-628.45294,42.701435,42.791344, Local-gov, HS-grad, Never-married, Farming-fishing, Not-in-family, White, Male, United-States, <=50K
18.29739,108643.55,12.410515,-292.79156,-15.982806,35.725216, Private, Masters, Never-married, Transport-moving, Own-child, White, Female, United-States, <=50K
47.665928,158571.8,11.732764,70.633354,-18.617777,34.280804, Private, Assoc-acdm, Never-married, Adm-clerical, Own-child, White, Female, United-States, <=50K
33.068623,148839.77,9.104581,-515.4201,3.9497347,40.996975, Private, HS-grad, Never-married, Machine-op-inspct, Not-in-family, White, Female, United-States, <=50K
43.528694,-12910.312,8.946523,150.02551,43.807365,41.466583, State-gov, HS-grad, Divorced, Machine-op-inspct, Not-in-family, White, Female, United-States, <=50K
73.06081,189543.16,9.047309,-21.125553,2067.2063,32.249535, Private, HS-grad, Married-civ-spouse, Sales, Husband, White, Male, United-States, >50K
37.676754,135157.55,7.2801585,51.897762,7.4986544,44.02053, Private, 11th, Married-civ-spouse, Machine-op-inspct, Husband, White, Male, United-States, <=50K
52.736412,437785.9,13.178398,-180.1131,-5.784343,43.180836, Private, Bachelors, Married-civ-spouse, Sales, Wife, White, Female, United-States, >50K
53.774628,278667.9,10.044446,-171.79901,8.583882,47.584457, State-gov, HS-grad, Divorced, Protective-serv, Not-in-family, White, Female, United-States, <=50K
23.210733,158537.89,9.081462,169.62775,2.159627,33.42824, Private, HS-grad, Never-married, Handlers-cleaners, Own-child, White, Male, United-States, <=50K
50.390427,198120.97,10.043196,52639.477,-8.122806,45.953342, Private, Some-college, Married-civ-spouse, Exec-managerial, Husband, White, Male, United-States, >50K
45.08901,94522.4,5.8130507,449.0122,7.114133,37.972515, Local-gov, 10th, Never-married, Other-service, Not-in-family, White, Female, United-States, <=50K
42.186104,176806.02,8.873458,-254.18756,6.534238,36.187874, Private, HS-grad, Divorced, Craft-repair, Not-in-family, White, Male, United-States, <=50K
34.874596,180562.14,9.47514,163.39288,-7.1754637,41.026802, Private, HS-grad, Never-married, Craft-repair, Own-child, White, Male, United-States, <=50K
39.20944,136794.69,9.02248,178.67938,20.919355,43.20336, Private, HS-grad, Never-married, Machine-op-inspct, Not-in-family, White, Male, United-States, <=50K
47.32373,319732.62,9.246817,-118.92182,2049.276,28.989225, Private, HS-grad, Never-married, Craft-repair, Not-in-family, White, Female, United-States, <=50K
56.345432,162284.66,9.111733,671.79443,-4.6632338,48.02188, Private, HS-grad, Married-civ-spouse, Sales, Husband, White, Male, United-States, >50K
29.545586,254776.58,3.4468102,-163.16779,-4.7347364,43.615707, Private, 10th, Married-spouse-absent, Sales, Not-in-family, White, Female, United-States, <=50K
54.02979,270052.6,12.793221,447.51172,11.951543,-1.9525357, Self-emp-not-inc, Bachelors, Married-civ-spouse, Sales, Husband, White, Male, United-States, <=50K
38.370056,148609.42,10.028527,100.38659,2.6610308,28.419857, Private, Some-college, Divorced, Adm-clerical, Own-child, White, Male, United-States, <=50K
41.823654,152376.61,8.998419,-513.50287,167.46234,38.63713, Private, HS-grad, Married-civ-spouse, Adm-clerical, Husband, White, Male, United-States, <=50K
39.247135,167637.6,9.158863,506.1192,-40.55367,37.19868, Self-emp-not-inc, HS-grad, Separated, Craft-repair, Unmarried, White, Female, United-States, <=50K
43.497444,205428.17,6.7815614,1066.0934,-10.4464445,46.317516, Self-emp-inc, 11th, Divorced, Protective-serv, Own-child, White, Female, United-States, <=50K
40.773975,192314.31,13.0832815,541.8637,-7.762477,49.933205, Private, Bachelors, Never-married, Sales, Not-in-family, White, Female, United-States, <=50K
48.352432,95976.04,8.962531,-83.84931,-11.959544,52.10451, Self-emp-not-inc, HS-grad, Married-civ-spouse, Craft-repair, Husband, White, Male, United-States, <=50K
29.013453,202245.23,9.183601,140.46436,7.83286,30.247244, Private, HS-grad, Never-married, Sales, Not-in-family, White, Female, United-States, <=50K
44.42508,103386.9,9.013822,-406.35992,-3.6532316,34.496956, Private, HS-grad, Married-civ-spouse, Other-service, Husband, White, Male, United-States, <=50K
30.623001,70264.96,10.006561,217.14441,-19.891397,45.19684, Private, Some-college, Never-married, Exec-managerial, Not-in-family, White, Male, United-States, <=50K
41.674835,43525.25,9.007946,78.43511,4.756322,44.29586, Private, HS-grad, Married-civ-spouse, Machine-op-inspct, Husband, White, Male, United-States, <=50K
56.66085,108567.82,7.4182386,-112.71064,29.47468,41.177395, ?, 10th, Never-married, ?, Not-in-family, White, Male, United-States, <=50K
36.9761,130254.74,10.122727,3805.539,-9.1757,41.60096, Private, Some-college, Married-civ-spouse, Prof-specialty, Husband, White, Male, United-States, >50K
36.39129,274052.97,10.124471,930.34796,-10.315936,50.26976, Private, Some-college, Married-civ-spouse, Exec-managerial, Husband, White, Male, United-States, >50K
25.450562,167484.53,9.042545,422.10266,-14.944888,50.166096, Private, HS-grad, Never-married, Adm-clerical, Not-in-family, White, Male, United-States, <=50K
47.749104,138733.17,8.961037,-517.9328,-8.627795,49.51313, Local-gov, HS-grad, Married-civ-spouse, Prof-specialty, Husband, White, Male, United-States, <=50K
39.2745,453382.8,14.917358,563.10614,-13.855456,27.3473, Private, Assoc-acdm, Never-married, Prof-specialty, Not-in-family, White, Male, United-States, <=50K
62.75396,70912.33,7.627942,65.964165,-2.644206,34.416588, Federal-gov, 11th, Never-married, Machine-op-inspct, Not-in-family, White, Female, United-States, <=50K
55.24755,225130.2,7.1741743,-170.83661,9.936284,25.639206, Private, 11th, Never-married, Sales, Own-child, White, Female, United-States, <=50K
32.786182,223258.81,10.050834,262.9817,-2.9062986,45.33158, Private, Some-college, Never-married, Adm-clerical, Own-child, White, Female, United-States, <=50K
40.732414,98404.14,13.769705,-368.34894,-14.321391,45.591396, Local-gov, Masters, Married-civ-spouse, Prof-specialty, Husband, White, Male, United-States, >50K
39.090908,195063.25,14.937871,-7.481632,41.222008,48.41937, State-gov, Bachelors, Divorced, Adm-clerical, Husband, White, Male, United-States, >50K
41.661892,174402.33,10.102767,-166.87018,-20.449,44.381233, Private, Some-college, Never-married, Prof-specialty, Not-in-family, White, Female, United-States, <=50K
82.954216,130603.75,6.4080415,273.79895,16.075483,35.319775, Private, 10th, Widowed, Prof-specialty, Not-in-family, White, Female, United-States, <=50K
36.292934,131662.61,9.0591755,-590.034,17.732489,30.23008, Local-gov, HS-grad, Married-civ-spouse, Handlers-cleaners, Husband, White, Male, United-States, <=50K
35.46728,155598.6,13.042531,391.91626,-11.583499,41.017357, Private, Bachelors, Divorced, Other-service, Not-in-family, White, Female, United-States, <=50K
69.5009,332874.44,9.124381,910.7417,-3.8769865,35.65728, Private, HS-grad, Married-civ-spouse, Craft-repair, Husband, White, Male, United-States, <=50K
57.932106,248234.88,8.74257,-247.42181,-15.478198,39.06315, Private, HS-grad, Married-civ-spouse, Sales, Husband, White, Female, United-States, <=50K
34.000378,116464.08,14.138262,410.586,-11.042422,51.86792, Private, Masters, Married-civ-spouse, Prof-specialty, Husband, White, Male, United-States, <=50K
24.006418,299349.06,10.156157,479.75903,-21.001581,14.4183655, Private, Some-college, Never-married, Other-service, Own-child, White, Female, United-States, <=50K
42.671738,119332.42,10.067706,264.70453,-5.77798,53.676376, Private, Some-college, Married-civ-spouse, Sales, Husband, White, Male, United-States, >50K
30.985266,197398.19,10.058031,662.5469,-0.3174466,44.454937, Private, Some-college, Married-civ-spouse, Tech-support, Husband, White, Male, United-States, <=50K
50.30777,124594.29,9.367248,1288.0199,-28.327135,24.466623, Local-gov, HS-grad, Married-civ-spouse, Craft-repair, Husband, White, Male, United-States, >50K
19.712896,119121.47,6.3144326,-103.4593,6.7883043,35.60879, Private, 10th, Never-married, Craft-repair, Own-child, White, Male, United-States, <=50K
30.472208,44764.125,13.068861,489.89215,38.548992,43.566452, Private, Bachelors, Married-civ-spouse, Tech-support, Wife, White, Female, United-States, <=50K
33.4561,190249.2,9.078927,91.96856,17.69982,41.656113, Private, HS-grad, Married-civ-spouse, Other-service, Husband, White, Male, United-States, <=50K
23.28468,165479.6,10.018229,-183.97186,0.17838775,24.256649, ?, Some-college, Married-civ-spouse, Prof-specialty, Husband, White, Male, United-States, <=50K
24.938457,177942.95,9.827651,41487.176,-22.038462,34.38485, Private, Some-college, Married-civ-spouse, Sales, Husband, White, Male, United-States, >50K
32.72921,34059.344,5.518711,-154.29218,13.9470415,50.23742, Private, 10th, Married-civ-spouse, Sales, Husband, White, Male, United-States, <=50K
32.66891,110176.96,10.066808,2821.667,-1.1128644,39.269455, Private, Some-college, Married-civ-spouse, Sales, Husband, White, Male, United-States, <=50K
76.28351,237063.8,13.562071,-247.52094,9.191419,33.10349, Private, Masters, Married-civ-spouse, Prof-specialty, Husband, White, Male, United-States, <=50K
45.87928,147996.4,10.119858,-373.5926,-18.456057,46.629757, Private, Some-college, Married-civ-spouse, Exec-managerial, Husband, White, Male, United-States, >50K
82.203125,216038.97,13.018909,309.52795,-31.146822,25.49295, Private, Bachelors, Divorced, Prof-specialty, Other-relative, White, Female, United-States, <=50K
37.534985,141348.42,9.884682,459.76044,2580.1611,66.07843, Self-emp-not-inc, Assoc-voc, Married-civ-spouse, Farming-fishing, Husband, White, Male, United-States, >50K
35.85673,262317.0,3.8282633,309.74622,27.208323,-4.55142, Private, 10th, Never-married, Other-service, Other-relative, White, Male, United-States, <=50K
58.814873,195121.1,13.459365,535.7124,32.31717,39.119816, Self-emp-not-inc, Assoc-acdm, Widowed, Sales, Unmarried, White, Male, United-States, <=50K
46.297775,283230.75,13.004485,-581.49225,27.224516,34.937134, Federal-gov, Bachelors, Married-civ-spouse, Adm-clerical, Husband, White, Male, United-States, <=50K
27.307224,248730.28,11.042798,150.78168,-2.7961226,29.380371, Private, Assoc-voc, Divorced, Exec-managerial, Unmarried, White, Female, United-States, <=50K
29.643639,196423.94,9.818281,49.203976,-5.8665037,28.65067, Self-emp-not-inc, Some-college, Married-civ-spouse, Other-service, Husband, White, Male, United-States, <=50K
39.19168,99792.4,10.070338,443.01355,-18.501299,45.347343, Private, Some-college, Widowed, Sales, Unmarried, White, Female, United-States, <=50K
41.04817,340238.97,10.15967,157.49615,-6.950145,41.144173, Private, Some-college, Never-married, Exec-managerial, Own-child, White, Male, United-States, <=50K
48.69279,169436.45,10.059662,-286.3565,-16.115137,56.318493, Private, Some-college, Married-civ-spouse, Machine-op-inspct, Husband, White, Male, United-States, >50K
34.549595,95050.29,10.450242,54.52203,15.651792,39.57951, Private, Some-college, Married-civ-spouse, Other-service, Husband, White, Male, United-States, <=50K
40.33837,198832.98,14.796323,453.72455,-0.1590146,38.226078, Private, Masters, Married-civ-spouse, Adm-clerical, Wife, White, Female, United-States, <=50K
41.51384,169842.33,14.145227,-360.59723,-47.622448,41.586205, Private, Masters, Married-civ-spouse, Exec-managerial, Wife, White, Female, United-States, >50K
18.940632,183007.69,10.042532,534.75397,-6.058284,39.627514, Private, Some-college, Never-married, Sales, Own-child, White, Female, United-States, <=50K
50.461014,140412.06,9.018937,71.27892,10.300084,37.843933, Private, HS-grad, Never-married, Adm-clerical, Not-in-family, White, Female, United-States, <=50K
29.022552,216000.27,5.4867573,-217.80353,-8.2402525,42.488655, ?, 10th, Divorced, ?, Own-child, White, Female, United-States, <=50K
24.642672,194878.61,10.665393,851.7697,4.122327,24.567877, Private, Assoc-voc, Separated, Craft-repair, Own-child, White, Male, United-States, <=50K
32.996387,114892.92,10.093591,169.6344,-8.206874,44.09813, Private, Some-college, Never-married, Other-service, Own-child, White, Female, United-States, <=50K
43.36644,166258.8,9.050079,-176.36359,-5.807109,28.674217, Private, HS-grad, Married-civ-spouse, Adm-clerical, Husband, White, Male, United-States, <=50K
51.240505,174691.69,7.169219,-11.790104,-2.6149702,39.706276, Private, 11th, Married-civ-spouse, Other-service, Husband, White, Male, United-States, <=50K
20.091766,283496.16,7.812121,397.04193,21.481405,33.694515, Private, 11th, Never-married, Handlers-cleaners, Own-child, White, Male, United-States, <=50K
31.22853,526504.94,9.188641,4530.4985,9.81915,41.843887, Private, HS-grad, Married-civ-spouse, Craft-repair, Husband, White, Male, United-States, <=50K
41.74051,127306.75,5.1981125,188.71088,1.6367389,42.89195, Private, 10th, Never-married, Craft-repair, Own-child, White, Male, United-States, <=50K
45.41198,126387.25,13.485179,-267.08722,-34.797504,47.615845, Self-emp-inc, Masters, Married-civ-spouse, Exec-managerial, Husband, White, Male, United-States, <=50K
32.49196,250692.44,11.03331,-335.98773,7.8644304,40.458546, Private, Assoc-voc, Never-married, Adm-clerical, Not-in-family, White, Male, United-States, <=50K
24.094408,104049.38,10.000636,-83.191475,-12.404017,42.600384, Private, Some-college, Never-married, Sales, Not-in-family, White, Female, United-States, <=50K
51.343037,78110.03,12.094582,22.684872,3081.8838,34.884148, Local-gov, Bachelors, Married-civ-spouse, Exec-managerial, Husband, White, Male, United-States, >50K
38.35392,94866.125,11.094762,1005.54987,12.804273,41.45398, State-gov, Assoc-voc, Married-civ-spouse, ?, Husband, White, Male, United-States, >50K
31.739834,51460.5,13.1005335,-291.86725,-14.32178,35.335464, Private, Bachelors, Never-married, Craft-repair, Own-child, White, Female, United-States, <=50K
63.09303,151166.73,14.407469,827.5584,-14.950496,41.172318, Self-emp-not-inc, Assoc-acdm, Married-civ-spouse, Exec-managerial, Husband, White, Male, United-States, <=50K
49.32796,147838.77,10.046603,370.00104,0.748006,37.709305, Private, Some-college, Divorced, Adm-clerical, Not-in-family, White, Female, United-States, <=50K
37.01936,142815.98,8.98276,-363.16986,-5.875926,51.56742, Private, HS-grad, Never-married, Sales, Not-in-family, White, Female, United-States, >50K
33.046906,214368.7,11.065501,567.14044,-13.357715,45.074738, Private, Assoc-voc, Divorced, Craft-repair, Not-in-family, White, Female, United-States, <=50K
24.475956,179407.23,9.108343,-146.45319,74.22643,40.40893, Private, HS-grad, Never-married, Craft-repair, Own-child, White, Male, United-States, <=50K
36.136074,89625.445,9.0082855,477.3861,13.355535,49.9611, Private, HS-grad, Married-civ-spouse, Sales, Husband, White, Male, United-States, >50K
56.42575,215377.45,8.949427,19.461605,-7.4469175,43.463295, Private, HS-grad, Married-civ-spouse, Exec-managerial, Husband, White, Male, United-States, >50K
31.671478,407124.72,12.9586315,517.7891,2.755437,39.14199, Private, Bachelors, Never-married, Exec-managerial, Not-in-family, White, Male, United-States, <=50K
16.964645,279399.7,9.29232,325.5277,2395.3176,68.097206, Private, HS-grad, Never-married, Sales, Not-in-family, White, Male, United-States, <=50K
36.25553,165109.48,11.027242,-930.472,1651.2432,23.811121, Local-gov, Some-college, Married-civ-spouse, Prof-specialty, Husband, White, Male, United-States, >50K
24.891085,20745.984,12.850785,1483.1296,10.672589,60.418827, Private, Bachelors, Married-spouse-absent, Farming-fishing, Own-child, White, Male, United-States, <=50K
67.70925,125213.53,13.013099,882.73145,-9.416385,42.576057, Private, Bachelors, Married-civ-spouse, Exec-managerial, Husband, White, Male, United-States, <=50K
58.459846,70816.39,10.178832,-372.7685,-21.36468,38.702744, Private, Some-college, Divorced, Sales, Not-in-family, White, Male, United-States, >50K
39.141144,15625.563,12.999212,399.28723,3.72009,46.02658, Private, Bachelors, Married-civ-spouse, Sales, Husband, White, Male, United-States, <=50K
33.035862,156289.03,12.747318,-95.56086,23.61152,35.774525, Private, Bachelors, Married-civ-spouse, Prof-specialty, Husband, White, Male, United-States, <=50K
36.171093,28126.578,9.069631,234.31244,14.485784,22.745117, Private, HS-grad, Divorced, Adm-clerical, Not-in-family, White, Female, United-States, <=50K
67.89864,230954.33,10.081986,498.9732,-37.27194,41.57656, Federal-gov, Some-college, Married-civ-spouse, Prof-specialty, Husband, White, Male, United-States, >50K
44.013195,145086.86,9.038206,-238.55878,12.14919,34.679024, Private, HS-grad, Divorced, Adm-clerical, Not-in-family, White, Female, United-States, <=50K
49.227837,173597.25,12.999551,242.59192,9.1449175,43.58043, Private, Bachelors, Divorced, Adm-clerical, Not-in-family, White, Male, United-States, <=50K
45.457115,268721.25,9.015533,-91.235664,7.478986,35.06023, Private, HS-grad, Never-married, Transport-moving, Other-relative, White, Female, United-States, <=50K
54.20938,281731.56,10.156484,2110.5178,-16.795412,41.116592, Private, Some-college, Married-civ-spouse, Craft-repair, Husband, White, Male, United-States, >50K
26.096376,114624.41,12.822962,324.34583,20.241858,36.731995, ?, Bachelors, Never-married, ?, Own-child, White, Female, United-States, <=50K
57.051514,94627.664,12.080431,1584.9567,-25.006815,46.80484, Private, Assoc-acdm, Divorced, Exec-managerial, Not-in-family, White, Male, United-States, <=50K
26.049318,228957.08,9.15094,366.03156,-5.1677275,28.5773, Private, HS-grad, Never-married, Other-service, Own-child, White, Female, United-States, <=50K
47.653374,94363.87,14.916527,152.76263,1693.3022,41.98033, Private, Masters, Married-civ-spouse, Prof-specialty, Husband, White, Male, United-States, >50K
23.63925,241038.12,10.133438,-64.266304,-6.695346,36.825764, Private, Some-college, Never-married, Sales, Not-in-family, White, Female, United-States, <=50K
24.01636,143667.45,12.762705,1128.5615,38.438232,39.7623, Private, Bachelors, Never-married, Adm-clerical, Unmarried, White, Female, United-States, <=50K
55.295948,93091.04,15.105193,791.8184,-22.138887,43.929478, Self-emp-inc, Masters, Married-civ-spouse, Prof-specialty, Husband, White, Male, United-States, >50K
34.136173,153705.06,5.8731194,491.3449,-13.424624,43.26978, Private, 10th, Married-civ-spouse, Craft-repair, Husband, White, Male, United-States, >50K
65.6989,131993.9,13.007209,723.034,-37.367794,65.06695, Private, Bachelors, Married-civ-spouse, Exec-managerial, Husband, White, Male, United-States, <=50K
37.152557,237797.53,13.090311,-63.23395,4.1040087,39.567444, Private, Bachelors, Married-civ-spouse, Sales, Husband, White, Male, United-States, <=50K
31.458979,124038.53,9.12218,353.4411,22.466589,37.57325, Private, HS-grad, Divorced, Machine-op-inspct, Not-in-family, White, Female, United-States, <=50K
32.040962,333218.62,12.56683,549.14575,1658.3196,33.762062, Private, Bachelors, Married-civ-spouse, Prof-specialty, Husband, White, Male, United-States, >50K
56.151344,146503.58,8.970064,540.3271,-8.1074095,44.22411, Self-emp-not-inc, HS-grad, Married-civ-spouse, Machine-op-inspct, Husband, White, Male, United-States, <=50K
20.106176,147742.19,9.610139,115.546684,1.3735934,11.92111, Private, HS-grad, Never-married, Other-service, Own-child, White, Male, United-States, <=50K
30.538353,279608.34,5.861469,87.55883,-7.4070616,41.309082, Private, 10th, Divorced, Craft-repair, Own-child, White, Female, United-States, <=50K
53.387184,97021.125,10.484483,2955.1765,-17.53473,28.277489, Private, Assoc-voc, Married-civ-spouse, Craft-repair, Husband, White, Male, United-States, <=50K
17.98208,85636.87,4.7825127,-167.02032,-0.33550537,35.300472, Private, 10th, Never-married, Transport-moving, Own-child, White, Male, United-States, <=50K
30.786903,156339.2,13.379648,1617.3214,-14.51591,56.684334, State-gov, Masters, Married-civ-spouse, Exec-managerial, Husband, White, Male, United-States, <=50K
34.270615,254341.62,12.786507,-193.39398,15.728818,41.004204, Self-emp-inc, Bachelors, Married-civ-spouse, Sales, Husband, White, Male, United-States, >50K
33.390842,122501.67,9.115092,5431.1533,2.1339312,47.0833, Private, HS-grad, Never-married, Exec-managerial, Not-in-family, White, Male, United-States, >50K
37.856876,38223.67,10.039824,-78.693184,13.025434,48.30838, Private, Some-college, Married-civ-spouse, Sales, Husband, White, Male, United-States, <=50K
37.07522,153782.02,13.1632805,507.12183,19.378103,46.993504, Private, Bachelors, Never-married, Sales, Not-in-family, White, Male, United-States, <=50K
47.358757,88997.9,9.01402,-136.2193,43.026093,60.21165, Local-gov, HS-grad, Married-civ-spouse, Prof-specialty, Husband, White, Male, United-States, <=50K
53.769054,392181.7,7.0868964,-72.44929,-12.925609,35.53711, Private, 10th, Widowed, Handlers-cleaners, Unmarried, White, Female, United-States, <=50K
40.329567,184733.17,10.154387,106.478264,-12.464488,40.039288, Private, Some-college, Separated, Sales, Not-in-family, White, Female, United-States, <=50K
29.698076,370347.03,10.238981,2557.5881,-13.1845045,42.413883, Private, Some-college, Never-married, Adm-clerical, Unmarried, White, Male, United-States, >50K
36.354572,247250.8,10.0570135,1798.6619,-9.2485075,46.644848, Private, Some-college, Married-civ-spouse, Craft-repair, Husband, White, Male, United-States, <=50K
46.663986,265448.7,12.493425,25.075619,3.6629686,44.415314, Private, Assoc-acdm, Married-civ-spouse, Sales, Husband, White, Male, United-States, <=50K
55.258907,97683.81,12.50321,173.99542,-14.783336,13.346628, Self-emp-not-inc, Bachelors, Married-civ-spouse, Other-service, Wife, White, Female, United-States, <=50K
23.574507,76798.4,9.016207,317.1361,7.178426,47.286766, Private, HS-grad, Never-married, Machine-op-inspct, Not-in-family, White, Male, United-States, <=50K
36.75483,183851.73,10.033558,317.9001,-15.624347,51.42407, Private, Some-college, Married-civ-spouse, Handlers-cleaners, Husband, White, Male, United-States, <=50K
46.174526,193238.77,12.003109,57218.473,22.189512,44.382294, Private, Assoc-acdm, Married-civ-spouse, Exec-managerial, Husband, White, Female, United-States, >50K
26.835098,54517.64,9.046588,223.54822,-3.4886427,30.039381, Private, HS-grad, Married-civ-spouse, Craft-repair, Husband, White, Male, United-States, <=50K
57.373703,150213.05,10.857974,-397.35614,10.695416,33.814667, Private, Assoc-voc, Never-married, Machine-op-inspct, Husband, White, Male, United-States, <=50K
26.854145,226255.53,9.245431,324.6159,22.283415,44.183754, Private, HS-grad, Never-married, Exec-managerial, Own-child, White, Male, United-States, >50K
35.000217,179836.97,8.878426,688.26935,13.521871,36.755054, Local-gov, HS-grad, Married-civ-spouse, Craft-repair, Husband, White, Male, United-States, >50K
44.53107,71528.48,10.151455,47.929134,-12.246089,64.31542, Private, Some-college, Married-civ-spouse, Sales, Husband, White, Male, United-States, >50K
28.385754,192331.08,10.013421,331.33917,-53.05183,37.83769, Private, Some-college, Widowed, Transport-moving, Unmarried, White, Male, United-States, <=50K
50.67116,373419.28,10.215053,35.38293,-2.4027052,53.2024, Private, Some-college, Married-civ-spouse, Sales, Husband, White, Male, United-States, <=50K
28.541264,83980.01,10.03785,142.9151,-17.338762,37.93923, Private, Some-college, Never-married, Exec-managerial, Not-in-family, White, Female, United-States, <=50K
68.79902,174468.1,10.166772,1228.323,3.8419466,19.992867, Self-emp-not-inc, Some-college, Widowed, Adm-clerical, Unmarried, White, Female, United-States, <=50K
42.55723,189336.73,8.857614,22.205502,-6.5234404,40.967087, Private, HS-grad, Married-civ-spouse, Craft-repair, Husband, White, Male, United-States, >50K
37.677006,233687.02,9.088876,-133.31415,-11.180827,27.768438, Private, HS-grad, Married-civ-spouse, Craft-repair, Husband, White, Male, United-States, >50K
56.977936,58170.28,13.981628,296.8404,-4.846637,42.241848, Federal-gov, Masters, Never-married, Adm-clerical, Not-in-family, White, Female, United-States, >50K
36.936047,251403.97,3.33673,6917.7515,3.8935823,37.84852, Self-emp-not-inc, 10th, Married-civ-spouse, Sales, Husband, White, Male, United-States, >50K
23.632204,107674.47,9.012269,357.6051,12.484677,49.340122, Private, HS-grad, Never-married, Adm-clerical, Own-child, White, Female, United-States, <=50K
57.025043,55480.28,9.134121,13757.803,-11.6922865,40.484432, Private, HS-grad, Divorced, Craft-repair, Unmarried, White, Male, United-States, >50K
22.810047,121217.07,10.129432,636.8384,-11.166041,30.690216, Private, Some-college, Never-married, Craft-repair, Not-in-family, White, Male, United-States, <=50K
47.762806,133443.84,8.751901,-234.21625,4.3011675,36.686188, ?, HS-grad, Divorced, ?, Unmarried, White, Female, United-States, <=50K
45.47169,144803.9,10.076937,112.05114,-1.6973675,37.118725, Private, Some-college, Divorced, Exec-managerial, Not-in-family, White, Male, United-States, <=50K
53.98749,84547.59,9.795198,2419.2595,-2.7521162,20.800762, Private, Some-college, Never-married, Exec-managerial, Not-in-family, White, Male, United-States, <=50K
38.653122,198222.78,9.004061,1104.8542,6.150525,40.20175, Self-emp-inc, HS-grad, Married-civ-spouse, Craft-repair, Husband, White, Male, United-States, >50K
35.693626,157239.48,8.9847555,-169.87885,-2.2925444,39.026695, Local-gov, HS-grad, Married-civ-spouse, Other-service, Husband, White, Male, United-States, <=50K
55.66401,268665.16,9.08108,131.73682,-30.713411,41.368923, Private, HS-grad, Never-married, Tech-support, Unmarried, White, Female, United-States, <=50K
58.017933,170604.7,11.314004,3918.481,2.931264,62.05054, Private, Bachelors, Divorced, Machine-op-inspct, Not-in-family, White, Male, United-States, >50K
46.05218,227667.69,11.963236,-300.3438,-7.7031736,52.744778, Private, Assoc-acdm, Never-married, Prof-specialty, Own-child, White, Male, United-States, <=50K
33.741795,73012.51,9.107251,-228.5119,5.6668444,40.562416, Private, HS-grad, Married-civ-spouse, Sales, Husband, White, Male, United-States, <=50K
40.662792,85394.87,14.593304,-536.6628,-8.699298,41.34009, Local-gov, Masters, Married-civ-spouse, Prof-specialty, Husband, White, Male, United-States, >50K
46.265274,152647.86,12.696902,644.9069,-0.24272431,80.62222, Private, Masters, Married-civ-spouse, Tech-support, Husband, White, Male, United-States, <=50K
44.03126,135933.6,9.064437,27.859188,21.120779,46.087036, Private, HS-grad, Married-civ-spouse, Adm-clerical, Husband, White, Male, United-States, >50K
36.53509,131249.69,9.116965,126.69854,-2.282817,22.283075, Private, HS-grad, Married-civ-spouse, Craft-repair, Husband, White, Male, United-States, <=50K
44.24542,188844.66,13.955587,1820.2767,-19.37456,39.772198, Local-gov, Masters, Married-civ-spouse, Prof-specialty, Wife, White, Female, United-States, >50K
32.84275,117347.06,13.1928005,-33.94965,-5.236308,20.907179, Private, Bachelors, Married-civ-spouse, Sales, Wife, White, Female, United-States, <=50K
28.14546,132919.97,13.294576,-25.337345,0.591756,38.170906, Private, Bachelors, Never-married, Prof-specialty, Not-in-family, White, Female, United-States, <=50K
16.684866,286587.12,10.142684,202.22449,-14.661601,26.83965, Private, Some-college, Never-married, Handlers-cleaners, Own-child, White, Male, United-States, <=50K
40.156452,68071.88,11.713049,54.21081,-11.799777,28.706137, Private, Masters, Never-married, Craft-repair, Not-in-family, White, Female, United-States, <=50K
35.36998,244798.31,8.972421,166.42834,-12.204654,36.201855, Self-emp-not-inc, HS-grad, Married-civ-spouse, Craft-repair, Wife, White, Female, United-States, >50K
53.353134,53919.688,8.971465,810.7449,11.179616,39.916557, Self-emp-not-inc, HS-grad, Married-civ-spouse, Exec-managerial, Husband, White, Male, United-States, >50K
35.08356,242545.25,9.104101,115.194695,16.85945,39.80065, Private, HS-grad, Divorced, Handlers-cleaners, Not-in-family, White, Male, United-States, <=50K
14.056762,269177.16,6.9093294,151.25409,12.434705,13.375668, Private, 10th, Never-married, Prof-specialty, Own-child, White, Male, United-States, <=50K
21.233746,20631.969,10.80512,743.05945,17.644308,31.300035, ?, Some-college, Never-married, ?, Own-child, White, Female, United-States, <=50K
35.408066,117120.266,9.074049,-180.17743,4.975423,55.9079, Private, HS-grad, Married-civ-spouse, Sales, Husband, White, Male, United-States, <=50K
68.36519,221738.67,3.631063,-628.6424,-44.563915,37.324123, Private, 10th, Married-civ-spouse, Craft-repair, Husband, White, Male, United-States, <=50K
32.002773,296978.78,12.849733,481.60114,2.0247927,37.73245, Private, Bachelors, Married-civ-spouse, Machine-op-inspct, Husband, White, Male, United-States, <=50K
31.886412,79662.11,8.998294,20648.816,24.775969,42.139664, Private, HS-grad, Married-civ-spouse, Craft-repair, Husband, White, Male, United-States, >50K
37.24084,246072.62,9.796755,-258.00775,-16.317469,48.87518, Private, Some-college, Divorced, Protective-serv, Unmarried, White, Female, United-States, <=50K
34.891685,158201.19,10.107754,257.52216,4.3826723,30.850965, Private, Some-college, Never-married, Other-service, Not-in-family, White, Male, United-States, <=50K
30.732998,277249.4,14.032084,1254.0524,-10.413058,40.594975, Private, Masters, Never-married, Adm-clerical, Own-child, White, Female, United-States, <=50K
32.55663,365177.78,14.310854,358.12146,-31.07049,38.894848, State-gov, Masters, Never-married, Prof-specialty, Not-in-family, White, Male, United-States, <=50K
20.481932,234039.14,11.56484,189.21674,-1.0574368,47.2226, Private, Assoc-voc, Never-married, Sales, Not-in-family, White, Female, United-States, <=50K
47.045475,155735.14,9.042781,-199.30829,-20.087679,52.558605, Self-emp-not-inc, HS-grad, Married-civ-spouse, Transport-moving, Husband, White, Male, United-States, >50K
52.905807,147450.12,9.024203,-874.8322,-6.8791,47.03992, Private, HS-grad, Divorced, Exec-managerial, Husband, White, Male, United-States, >50K
22.786655,218256.31,10.070103,501.9088,-4.356761,40.65491, Private, Some-college, Never-married, Adm-clerical, Own-child, White, Male, United-States, <=50K
30.270573,160010.17,10.416965,103.548515,-13.565463,43.84742, Self-emp-not-inc, Some-college, Married-civ-spouse, Craft-repair, Husband, White, Male, United-States, >50K
30.847946,393136.7,13.033009,1251.9805,-12.447162,50.74062, Private, Bachelors, Divorced, Exec-managerial, Own-child, White, Female, United-States, <=50K
27.084778,135157.83,7.0076365,-359.73358,12.59715,43.40812, Private, 11th, Never-married, Sales, Own-child, White, Female, United-States, <=50K
39.566288,-17113.344,7.861319,-722.6152,7.2294054,43.73345, Private, 12th, Divorced, Transport-moving, Not-in-family, White, Male, United-States, >50K
41.582684,170852.67,9.012743,384.9701,6.8914156,37.14063, Self-emp-not-inc, HS-grad, Married-civ-spouse, Craft-repair, Husband, White, Male, United-States, <=50K
27.345083,294982.28,11.333323,984.9915,1245.9531,47.431843, Private, Assoc-voc, Married-civ-spouse, Adm-clerical, Wife, White, Female, United-States, >50K
33.640022,454719.2,11.029214,125.08477,0.6594821,42.239082, Local-gov, Assoc-voc, Divorced, Prof-specialty, Unmarried, White, Male, United-States, >50K
36.42354,57537.08,13.058094,216.51111,-5.6608076,55.145924, Private, Bachelors, Never-married, Exec-managerial, Not-in-family, White, Female, United-States, <=50K
33.511684,98369.48,9.109718,-793.86273,4.145383,39.3895, Private, HS-grad, Married-civ-spouse, Craft-repair, Husband, White, Male, United-States, <=50K
85.274765,98054.766,12.806929,372.38287,-29.487513,32.322666, ?, Bachelors, Married-civ-spouse, ?, Husband, White, Male, United-States, <=50K
46.48786,122526.945,10.086167,-374.54877,0.24425231,21.65756, Private, Some-college, Married-civ-spouse, Craft-repair, Husband, White, Male, United-States, <=50K
39.873478,75128.16,9.011458,6249.967,-23.152864,38.68528, Private, 12th, Married-civ-spouse, Prof-specialty, Husband, White, Male, United-States, >50K
24.955622,129428.95,10.150941,-212.04669,-23.491976,32.331257, Private, Some-college, Never-married, Craft-repair, Not-in-family, White, Female, United-States, <=50K
41.757565,195864.3,11.723217,-843.52264,-21.94813,-7.100149, Private, Some-college, Married-civ-spouse, Adm-clerical, Other-relative, White, Female, United-States, >50K
67.647606,94933.59,9.075076,390.27386,-11.364444,65.187874, Private, HS-grad, Widowed, Other-service, Not-in-family, White, Female, United-States, <=50K
60.42104,113994.914,9.069225,-678.75494,18.635252,38.063984, Local-gov, HS-grad, Married-civ-spouse, Adm-clerical, Husband, White, Male, United-States, <=50K
65.76107,122595.336,10.118026,1281.7775,-13.384715,37.864826, Private, Some-college, Married-civ-spouse, Adm-clerical, Husband, White, Male, United-States, <=50K
36.143085,108107.78,13.116914,55.881588,11.822148,42.27616, Private, Bachelors, Widowed, Sales, Not-in-family, White, Female, United-States, <=50K
43.100994,211235.7,9.057124,-86.71064,-9.660808,23.008064, Local-gov, HS-grad, Married-civ-spouse, Handlers-cleaners, Husband, White, Male, United-States, <=50K
23.417837,278735.8,10.220811,-342.18036,-4.143016,31.017963, Local-gov, Some-college, Never-married, Sales, Not-in-family, White, Female, United-States, <=50K
41.05569,147957.38,9.014867,93.026115,-7.2948103,42.67088, Federal-gov, HS-grad, Married-civ-spouse, Exec-managerial, Husband, White, Male, United-States, <=50K
24.511066,229453.95,8.999141,-292.69562,4.07565,52.531208, Private, HS-grad, Divorced, Craft-repair, Not-in-family, White, Male, United-States, <=50K
66.225006,116532.6,10.132132,119.562675,-16.012133,9.594053, Private, Some-college, Widowed, Sales, Not-in-family, White, Female, United-States, <=50K
57.561398,445013.03,10.326264,821.69055,2187.4065,40.403378, Private, Some-college, Divorced, Exec-managerial, Not-in-family, White, Female, United-States, <=50K
28.621384,144555.7,10.124308,-242.56537,4.2036867,30.49556, Private, Some-college, Never-married, Other-service, Other-relative, White, Male, United-States, <=50K
35.417953,99922.25,13.59609,799.11725,12.274251,68.20656, Private, Masters, Divorced, Prof-specialty, Unmarried, White, Female, United-States, <=50K
34.40317,220980.55,10.033919,423.35297,-9.445422,43.10249, Private, Some-college, Married-civ-spouse, Exec-managerial, Husband, White, Male, United-States, <=50K
22.006308,255645.7,10.002628,706.223,8.411862,32.295567, ?, Some-college, Never-married, ?, Own-child, White, Female, United-States, <=50K
28.132833,117642.63,9.147849,453.29407,15.121205,21.545128, Private, HS-grad, Never-married, Adm-clerical, Own-child, White, Female, United-States, <=50K
43.806297,176648.31,10.188627,-282.96405,-28.282282,50.449287, Private, Some-college, Married-civ-spouse, Sales, Husband, White, Male, United-States, >50K
59.425922,143653.23,9.004604,293.66486,-6.044795,45.343338, Private, HS-grad, Divorced, Adm-clerical, Not-in-family, White, Female, United-States, <=50K
66.77067,285688.03,9.278972,2383.8875,-2.293254,23.308962, Local-gov, HS-grad, Married-civ-spouse, Exec-managerial, Husband, White, Male, United-States, >50K
34.622223,177517.58,10.07217,-300.6386,-21.35959,77.76532, Private, Some-college, Married-civ-spouse, Sales, Other-relative, White, Male, United-States, <=50K
31.898829,238521.12,6.1744576,-17.509342,6.5318346,32.251537, Private, 10th, Never-married, Prof-specialty, Own-child, White, Female, United-States, <=50K
66.26451,165562.4,4.998748,-93.85822,-0.103365794,37.48018, Private, 10th, Married-civ-spouse, Adm-clerical, Husband, White, Male, United-States, <=50K
17.827272,57429.61,10.008115,526.5795,-4.806018,30.506231, Private, Some-college, Never-married, Other-service, Not-in-family, White, Female, United-States, <=50K
49.09221,182976.23,8.992691,-114.293526,-13.94337,44.620083, Private, HS-grad, Married-civ-spouse, Other-service, Husband, White, Male, United-States, <=50K
34.186413,101856.555,9.066101,-361.6584,38.8854,46.596313, Private, HS-grad, Never-married, Adm-clerical, Not-in-family, White, Female, United-States, >50K
47.303764,481959.88,12.919978,1356.3501,-1.6223782,45.389996, Private, Bachelors, Married-civ-spouse, Adm-clerical, Husband, White, Male, United-States, <=50K
48.914135,229669.48,10.008007,545.7268,-0.45398986,43.24563, Local-gov, Some-college, Married-civ-spouse, Protective-serv, Husband, White, Male, United-States, <=50K
36.979534,445930.56,10.119586,-182.66461,0.34904206,37.89674, Private, Some-college, Married-civ-spouse, Prof-specialty, Husband, White, Male, United-States, <=50K
27.575407,223906.78,12.925978,383.9843,13.597829,49.065212, Private, Bachelors, Never-married, Exec-managerial, Own-child, White, Male, United-States, <=50K
62.450108,270894.78,9.086997,2119.7144,-40.40124,32.498596, Self-emp-inc, HS-grad, Divorced, Exec-managerial, Unmarried, White, Male, United-States, >50K
37.114155,127373.195,13.0650625,3154.3687,-7.4329023,57.79078, Private, Bachelors, Married-civ-spouse, Exec-managerial, Husband, White, Male, United-States, >50K
53.033947,134491.64,12.647699,319.12323,-7.801776,41.102913, Private, Bachelors, Married-civ-spouse, Exec-managerial, Husband, White, Male, United-States, <=50K
46.223713,114178.836,4.5462213,-30.123112,8.495,31.979918, Private, 10th, Never-married, Other-service, Not-in-family, White, Male, United-States, <=50K
24.933031,172395.31,9.172695,327.6729,-1.504649,50.20598, Private, HS-grad, Never-married, Sales, Unmarried, White, Female, United-States, <=50K
28.112099,369138.38,12.087914,229.78687,1728.5704,55.146816, Local-gov, Bachelors, Never-married, Farming-fishing, Not-in-family, White, Male, United-States, <=50K
39.75966,156914.8,10.052603,288.44574,8.601682,36.836468, Private, Some-college, Never-married, Adm-clerical, Own-child, White, Male, United-States, <=50K
59.46152,236225.25,13.62749,648.9207,-11.568095,42.961185, Local-gov, Bachelors, Married-civ-spouse, Prof-specialty, Husband, White, Male, United-States, >50K
39.05483,332185.3,9.083475,-745.26996,1.9543277,22.540386, Self-emp-not-inc, HS-grad, Married-civ-spouse, Exec-managerial, Husband, White, Male, United-States, <=50K
35.219574,140665.69,10.170819,-60.487614,-17.905207,32.7858, Private, Some-college, Married-civ-spouse, Sales, Husband, White, Male, United-States, >50K
43.692516,181833.56,10.621573,-985.0961,-7.930827,24.745335, Self-emp-not-inc, Some-college, Married-spouse-absent, Sales, Unmarried, White, Male, United-States, >50K
31.766062,209718.11,10.136507,356.64392,-0.35959136,30.57692, Private, Some-college, Divorced, Exec-managerial, Not-in-family, White, Female, United-States, <=50K
32.352592,177903.22,9.0157,272.61774,-1.3672589,60.927235, Private, HS-grad, Married-civ-spouse, Craft-repair, Husband, White, Male, United-States, >50K
41.06425,113656.29,9.994897,-85.571724,-0.87905395,42.03532, ?, Some-college, Never-married, Prof-specialty, Own-child, White, Male, United-States, <=50K
72.090836,160128.62,9.117483,279.63043,-23.9117,22.715208, Private, HS-grad, Divorced, Sales, Not-in-family, White, Female, United-States, <=50K
35.07469,196375.78,10.223442,237.13763,-10.71178,41.785698, Private, Some-college, Married-civ-spouse, Sales, Husband, White, Male, United-States, >50K
61.883316,194020.73,10.114971,458.4065,-9.087588,58.551105, Private, Some-college, Never-married, Other-service, Not-in-family, White, Male, United-States, <=50K
44.317375,65049.1,10.091368,-213.34015,-4.0654783,40.07736, Private, Some-college, Married-civ-spouse, Prof-specialty, Husband, White, Male, United-States, >50K
34.68104,129439.68,9.021306,972.7766,5.54865,40.31598, Private, HS-grad, Divorced, Craft-repair, Not-in-family, White, Male, United-States, <=50K
24.597336,64777.89,10.075918,-60.771427,-30.993837,20.811367, Private, Some-college, Married-civ-spouse, Other-service, Wife, White, Female, United-States, <=50K
42.604485,648731.0,9.470901,866.0662,-20.605074,50.49822, Private, Some-college, Married-civ-spouse, Protective-serv, Husband, White, Male, United-States, <=50K
29.940035,185808.94,9.26229,418.70532,-2.7452269,74.69244, Private, HS-grad, Never-married, Other-service, Not-in-family, White, Male, United-States, <=50K
39.393806,185614.95,9.142061,87.09112,1.3085605,52.454445, Private, HS-grad, Married-civ-spouse, Sales, Husband, White, Male, United-States, >50K
27.555866,363313.7,12.023333,634.60126,-11.467593,49.19386, Self-emp-not-inc, Assoc-acdm, Never-married, Prof-specialty, Not-in-family, White, Female, United-States, <=50K
21.168606,232438.5,6.8969283,-666.5269,-5.3191175,52.83222, Private, 10th, Never-married, Protective-serv, Not-in-family, White, Male, United-States, >50K
40.2648,107390.19,10.028695,790.3318,-2.8207273,40.567745, ?, Some-college, Never-married, Sales, Own-child, White, Male, United-States, <=50K
27.843641,143243.23,14.378763,816.83026,-27.940454,62.579292, Private, Masters, Never-married, Prof-specialty, Not-in-family, White, Male, United-States, >50K
36.996178,198305.78,13.895852,-312.5152,-7.0340986,38.999657, State-gov, Masters, Married-civ-spouse, Prof-specialty, Husband, White, Male, United-States, <=50K
19.432682,427503.84,9.05504,254.47418,14.799626,37.714348, ?, HS-grad, Never-married, ?, Own-child, White, Male, United-States, <=50K
54.83627,129818.305,8.746156,-48.3725,-31.580454,43.089725, Private, HS-grad, Married-civ-spouse, Machine-op-inspct, Husband, White, Male, United-States, <=50K
54.56436,279225.5,12.534957,254.0221,-4.5359373,35.346996, Private, Bachelors, Married-civ-spouse, Protective-serv, Husband, White, Male, United-States, <=50K
22.53779,85118.44,9.994762,-294.89044,-8.106479,41.00559, Local-gov, Some-college, Married-civ-spouse, Prof-specialty, Husband, White, Male, United-States, <=50K
63.16277,132099.56,12.117972,141.63,1.0351764,40.277798, Private, Assoc-acdm, Married-civ-spouse, Other-service, Husband, White, Male, United-States, <=50K
18.31888,196232.36,8.976053,496.59668,19.35304,20.64236, ?, HS-grad, Never-married, ?, Own-child, White, Female, United-States, <=50K
33.06685,253528.19,4.8979063,-109.33149,-14.179942,27.616549, Private, 10th, Divorced, Transport-moving, Own-child, White, Female, United-States, <=50K
26.086731,217743.44,10.016922,138.62598,4.661931,38.571053, Private, Some-college, Never-married, Machine-op-inspct, Unmarried, White, Female, United-States, <=50K
45.932766,45173.33,10.975053,388.1104,-2.2182798,38.560688, Private, Assoc-voc, Married-civ-spouse, Adm-clerical, Husband, White, Male, United-States, <=50K
28.44852,258818.89,6.7444167,165.65704,-4.128421,45.601902, Private, 10th, Married-civ-spouse, Craft-repair, Husband, White, Male, United-States, <=50K
47.52086,58485.703,5.4563265,309.49634,1.4463016,37.423965, Private, 10th, Married-civ-spouse, Adm-clerical, Own-child, White, Female, United-States, <=50K
23.126938,147922.19,13.008556,181.43921,3.7421312,15.138418, Private, Bachelors, Never-married, Tech-support, Own-child, White, Female, United-States, <=50K
29.215822,262705.66,9.01344,15.243221,8.27361,41.54406, Private, HS-grad, Divorced, Craft-repair, Not-in-family, White, Male, United-States, <=50K
58.65205,145404.38,8.942746,-305.1308,-18.528292,41.463936, Self-emp-inc, HS-grad, Never-married, Exec-managerial, Not-in-family, White, Female, United-States, <=50K
46.544697,140513.5,8.616911,202.24512,677.9848,37.839725, Private, HS-grad, Married-civ-spouse, Handlers-cleaners, Husband, White, Male, United-States, >50K
20.75527,143929.53,9.9939165,852.0969,-2.9742079,37.456127, Private, Some-college, Never-married, Adm-clerical, Own-child, White, Male, United-States, <=50K
58.524086,224355.86,13.032369,1987.4861,-26.241526,44.3205, State-gov, Bachelors, Divorced, Adm-clerical, Not-in-family, White, Male, United-States, <=50K
34.325474,101620.125,9.116767,-189.73346,1.4104282,38.404263, Private, HS-grad, Widowed, Handlers-cleaners, Not-in-family, White, Female, United-States, <=50K
33.526882,294536.1,12.382313,1549.6935,-7.6729765,63.87757, Self-emp-not-inc, Masters, Never-married, Prof-specialty, Own-child, White, Male, United-States, <=50K
28.166597,265718.66,8.966641,2206.8906,1.7170612,33.267628, ?, HS-grad, Married-civ-spouse, ?, Husband, White, Male, United-States, <=50K
42.60904,75075.67,3.2617564,-124.90766,33.27905,27.248737, Local-gov, 10th, Never-married, Other-service, Own-child, White, Male, United-States, <=50K
45.969284,220053.81,9.022214,-146.61444,15.584844,53.914383, Private, HS-grad, Never-married, Tech-support, Own-child, White, Male, United-States, <=50K
33.01607,211472.69,9.053917,-754.18414,5.039098,37.851562, Local-gov, HS-grad, Married-civ-spouse, Machine-op-inspct, Husband, White, Male, United-States, <=50K
48.417755,473750.34,4.0656724,59.97778,-19.435259,38.08389, Private, 10th, Never-married, Craft-repair, Not-in-family, White, Male, United-States, <=50K
53.606186,139829.11,10.054391,1639.8514,-12.065211,38.775036, Private, Some-college, Married-civ-spouse, Machine-op-inspct, Husband, White, Male, United-States, <=50K
28.156748,83531.16,9.896401,470.78235,35.1826,39.03799, Federal-gov, Some-college, Never-married, Adm-clerical, Not-in-family, White, Male, United-States, <=50K
41.777744,150618.98,10.2088785,234.31207,-15.157901,23.933674, Private, Some-college, Never-married, Farming-fishing, Own-child, White, Male, United-States, <=50K
31.305313,65488.195,11.630111,-87.06269,59.90656,70.281845, Private, Assoc-voc, Divorced, Tech-support, Not-in-family, White, Male, United-States, <=50K
41.231094,8367.907,10.352638,190.25433,-16.210535,35.79251, Private, HS-grad, Married-civ-spouse, Other-service, Husband, White, Male, United-States, <=50K
56.224113,159091.16,5.090919,-59.38117,-17.840242,46.14964, Local-gov, 10th, Married-civ-spouse, Adm-clerical, Husband, White, Male, United-States, <=50K
33.730152,171197.77,10.000724,-15.964054,-2.9334974,37.00823, Federal-gov, Some-college, Never-married, Exec-managerial, Not-in-family, White, Female, United-States, <=50K
40.467625,88667.93,9.894913,503.59534,2.3553057,44.138054, ?, Some-college, Married-civ-spouse, ?, Husband, White, Male, United-States, <=50K
34.242367,184120.78,9.084296,348.2292,1735.9329,34.949986, Private, HS-grad, Married-civ-spouse, Other-service, Not-in-family, White, Male, United-States, <=50K
46.651794,144861.19,10.007127,-100.24079,-32.90871,39.21389, Self-emp-not-inc, Some-college, Never-married, Exec-managerial, Own-child, White, Female, United-States, <=50K
32.56346,187912.66,10.091088,54.045895,-3.1847792,39.626434, Private, Some-college, Married-civ-spouse, Sales, Husband, White, Male, United-States, <=50K
41.2537,275438.2,10.174825,306.59625,-5.9348783,52.180565, Private, Some-college, Married-civ-spouse, Craft-repair, Husband, White, Male, United-States, >50K
44.731853,155258.69,8.264762,632.119,-30.5553,29.660236, State-gov, 12th, Married-civ-spouse, Craft-repair, Husband, White, Male, United-States, <=50K
24.463627,249006.06,13.005533,-79.93073,0.840726,38.730762, Local-gov, Bachelors, Never-married, Craft-repair, Own-child, White, Male, United-States, <=50K
75.99451,288877.94,11.990303,390.1803,6.337529,32.377632, Private, Bachelors, Married-civ-spouse, Prof-specialty, Husband, White, Male, United-States, >50K
55.56961,141096.8,13.13671,38.259457,-4.9884367,55.126118, Private, Bachelors, Married-civ-spouse, Sales, Husband, White, Male, United-States, >50K
38.774178,99444.89,10.034345,-440.6319,-25.163805,42.166553, Local-gov, Some-college, Separated, Exec-managerial, Unmarried, White, Female, United-States, <=50K
23.120516,106246.125,9.061827,-33.561222,35.19446,39.33029, Private, HS-grad, Never-married, Sales, Not-in-family, White, Male, United-States, <=50K
34.443886,99880.35,13.852337,1369.078,18.01895,43.566948, Private, Masters, Never-married, Sales, Not-in-family, White, Male, United-States, >50K
31.368746,197162.7,9.117969,511.50116,-5.929744,50.239803, Private, HS-grad, Never-married, Exec-managerial, Unmarried, White, Male, United-States, <=50K
19.505281,218186.14,7.244498,195.17035,14.488294,9.061768, Private, 11th, Never-married, Craft-repair, Own-child, White, Female, United-States, <=50K
33.113335,81192.8,9.033686,67.99651,0.94009125,31.502441, Private, HS-grad, Never-married, Other-service, Not-in-family, White, Male, United-States, <=50K
51.394394,112288.71,10.132953,135.11237,1504.5536,30.882671, Private, Some-college, Married-civ-spouse, Other-service, Husband, White, Male, United-States, <=50K
47.652687,129653.016,13.833164,857.8034,-23.132425,53.181145, Private, Masters, Divorced, Prof-specialty, Unmarried, White, Female, United-States, <=50K
42.806904,275917.3,8.954576,9998.815,-10.645358,43.774117, Private, HS-grad, Married-civ-spouse, Transport-moving, Husband, White, Male, United-States, >50K
31.627945,267013.9,11.102314,-21.687565,-19.091852,61.676094, Private, Assoc-voc, Married-civ-spouse, Sales, Husband, White, Male, United-States, >50K
58.656982,118070.04,13.8400545,833.6967,2.5185442,38.36344, Private, Masters, Divorced, Prof-specialty, Not-in-family, White, Male, United-States, >50K
36.05562,109817.68,10.069123,135.1109,-12.678302,37.688435, Private, Some-college, Never-married, Transport-moving, Own-child, White, Male, United-States, <=50K
30.386374,101301.2,7.5469785,-123.84565,-13.9141035,43.85887, Private, 11th, Married-civ-spouse, Craft-repair, Husband, White, Male, United-States, <=50K
49.2375,101199.375,12.883805,-110.60114,16.029898,32.694412, ?, Bachelors, Married-civ-spouse, ?, Wife, White, Female, United-States, <=50K
62.2924,206503.98,4.3156147,84.09716,-36.47021,59.708164, Private, 10th, Married-spouse-absent, Other-service, Not-in-family, White, Male, United-States, <=50K
39.255436,81855.05,10.892827,358.48676,-26.526163,29.883793, Private, Some-college, Married-civ-spouse, Handlers-cleaners, Husband, White, Male, United-States, <=50K
43.602707,253924.31,4.364597,-438.89423,-8.447711,38.315228, Federal-gov, 10th, Married-civ-spouse, Machine-op-inspct, Husband, White, Male, United-States, >50K
57.67426,89203.24,9.126168,-1058.8967,7.5675173,29.58171, Local-gov, HS-grad, Never-married, Exec-managerial, Unmarried, White, Female, United-States, >50K
35.983723,-58933.22,11.858643,685.2426,-49.635067,4.296068, Private, Bachelors, Never-married, Adm-clerical, Own-child, White, Female, United-States, <=50K
68.670654,329443.5,9.154192,487.45044,-19.538393,23.037134, Private, HS-grad, Married-civ-spouse, Handlers-cleaners, Husband, White, Male, United-States, <=50K
38.012302,217606.64,14.128384,281.1042,-9.009906,33.309498, Private, Masters, Never-married, Prof-specialty, Own-child, White, Male, United-States, <=50K
53.13877,178616.83,9.08793,634.70544,-21.196192,48.86383, Private, HS-grad, Never-married, Exec-managerial, Husband, White, Male, United-States, <=50K
33.93307,94731.03,9.003531,6.117855,8.852529,48.168644, Self-emp-not-inc, HS-grad, Never-married, Sales, Unmarried, White, Female, United-States, <=50K
26.561317,251115.19,8.950968,435.60083,26.33444,39.12021, Private, HS-grad, Divorced, Adm-clerical, Unmarried, White, Female, United-States, <=50K
31.190052,411542.25,9.0391655,-625.31244,-0.9371289,50.433716, Self-emp-not-inc, HS-grad, Married-civ-spouse, Sales, Husband, White, Male, United-States, <=50K
82.29875,142066.55,12.474709,10503.095,-42.82858,35.66558, Private, Bachelors, Widowed, Prof-specialty, Not-in-family, White, Female, United-States, >50K
28.715488,143166.88,12.25368,355.44336,48.37241,34.573517, Local-gov, Bachelors, Never-married, Adm-clerical, Own-child, White, Male, United-States, <=50K
30.674273,219737.27,13.058028,57.26794,-11.19453,40.05625, Private, Bachelors, Never-married, Exec-managerial, Not-in-family, White, Male, United-States, <=50K
82.07594,244505.33,11.281342,32810.992,-18.663828,30.136875, Private, Bachelors, Married-civ-spouse, Exec-managerial, Husband, White, Male, United-States, >50K
59.340508,225865.19,13.667152,208.18396,-56.79617,29.436066, Private, Masters, Married-civ-spouse, Prof-specialty, Not-in-family, White, Female, United-States, <=50K
28.781424,166037.12,9.01844,272.3291,20.309378,33.009502, Private, HS-grad, Never-married, Adm-clerical, Own-child, White, Female, United-States, <=50K
48.29716,99147.04,13.479942,19.487362,2070.653,38.32011, Private, Bachelors, Married-civ-spouse, Prof-specialty, Wife, White, Female, United-States, <=50K
34.70077,112297.74,10.103161,-205.4466,-15.18616,30.224012, ?, Some-college, Married-civ-spouse, ?, Husband, White, Male, United-States, <=50K
49.682384,134970.5,11.974238,167.07825,1845.0972,38.417362, Private, Bachelors, Married-civ-spouse, Prof-specialty, Wife, White, Female, United-States, >50K
54.032696,2815.6882,12.720908,-97.59113,5.839032,21.442038, Self-emp-not-inc, Bachelors, Never-married, Sales, Not-in-family, White, Male, United-States, <=50K
34.41246,131347.34,9.971897,48.012386,-4.275943,41.039234, Private, Some-college, Divorced, Sales, Unmarried, White, Female, United-States, <=50K
37.989,81259.06,13.043698,607.40265,1833.926,39.448704, Private, Bachelors, Married-civ-spouse, Prof-specialty, Husband, White, Male, United-States, >50K
66.76651,146352.42,9.256323,-127.32685,1619.9667,14.064461, Private, HS-grad, Married-civ-spouse, Sales, Husband, White, Male, United-States, >50K
29.47781,142270.48,9.066222,306.451,-10.009234,69.0565, Private, HS-grad, Married-civ-spouse, Machine-op-inspct, Husband, White, Male, United-States, <=50K
38.560017,126192.016,11.014357,-89.046455,13.216458,47.8028, Private, Assoc-voc, Divorced, Craft-repair, Not-in-family, White, Male, United-States, <=50K
20.194017,424362.75,9.069137,104.536064,2376.168,40.793995, Private, HS-grad, Never-married, Machine-op-inspct, Not-in-family, White, Male, United-States, <=50K
37.982063,19440.75,8.66546,280.5276,2210.1055,38.720795, Private, 11th, Married-civ-spouse, Handlers-cleaners, Husband, White, Male, United-States, >50K
49.561127,108554.29,5.021729,177.09814,1909.873,44.631004, Private, 10th, Widowed, Machine-op-inspct, Unmarried, White, Male, United-States, >50K
41.862972,23726.906,7.102169,79.7185,13.894589,40.27468, Local-gov, 11th, Never-married, Prof-specialty, Not-in-family, White, Female, United-States, <=50K
37.539177,160876.6,9.028197,-55.86127,2.9010973,58.452576, Private, HS-grad, Married-civ-spouse, Craft-repair, Husband, White, Male, United-States, <=50K
58.70864,127118.3,2.6334743,812.9766,-2.5573072,40.272278, Private, 10th, Married-civ-spouse, Machine-op-inspct, Husband, White, Male, United-States, <=50K
52.408413,238833.45,9.092343,-298.8266,-27.939157,9.658274, ?, HS-grad, Widowed, ?, Not-in-family, White, Male, United-States, <=50K
33.41233,236522.39,10.036792,428.40155,1886.006,41.84553, Private, Some-college, Never-married, Adm-clerical, Not-in-family, White, Male, United-States, <=50K
44.36995,162335.7,9.026497,117.26464,0.5731555,37.161854, Private, HS-grad, Married-civ-spouse, Sales, Husband, White, Male, United-States, <=50K
40.72246,120056.02,9.026272,60.87103,-1.0024976,53.27219, Private, HS-grad, Married-civ-spouse, Craft-repair, Husband, White, Male, United-States, <=50K
67.996864,186428.0,12.153397,1446.3241,-10.937251,43.949753, Private, Bachelors, Married-civ-spouse, Craft-repair, Husband, White, Male, United-States, <=50K
29.932354,151159.16,12.933554,-320.78168,1506.9358,30.794983, ?, Bachelors, Never-married, ?, Not-in-family, White, Female, United-States, <=50K
50.722393,80592.41,9.561343,175.56732,6.0925646,34.535324, Private, Some-college, Married-civ-spouse, Machine-op-inspct, Husband, White, Male, United-States, <=50K
23.132307,14043.188,11.114584,1220.7898,0.18536864,27.65258, Private, Assoc-voc, Never-married, Adm-clerical, Own-child, White, Female, United-States, <=50K
20.37542,98697.125,9.087844,46.107357,1612.8536,52.44734, Private, HS-grad, Married-civ-spouse, Craft-repair, Husband, White, Male, United-States, <=50K
51.668526,155981.08,9.999947,-563.18,-13.985431,45.061325, Private, Some-college, Never-married, Prof-specialty, Unmarried, White, Female, United-States, >50K
57.614323,103707.58,9.183248,251.06543,33.70242,44.88987, Private, HS-grad, Married-civ-spouse, Farming-fishing, Husband, White, Male, United-States, >50K
27.045916,188553.38,9.063507,-87.4809,0.8432666,29.348417, Private, Some-college, Never-married, Exec-managerial, Not-in-family, White, Female, United-States, <=50K
41.019726,230747.55,8.8968525,35.847713,-15.967364,36.823193, Private, HS-grad, Married-civ-spouse, Craft-repair, Husband, White, Male, United-States, <=50K
32.816586,164199.9,15.152607,3749.506,-13.475116,54.38596, Private, Bachelors, Never-married, Prof-specialty, Not-in-family, White, Male, United-States, >50K
51.572594,159233.83,9.182974,-113.66413,-22.327349,44.01482, Private, HS-grad, Married-civ-spouse, Craft-repair, Husband, White, Male, United-States, >50K
73.30287,81136.445,14.881467,-198.49188,768.5898,31.289125, Private, Masters, Married-civ-spouse, Prof-specialty, Husband, White, Male, United-States, >50K
27.370033,139003.61,10.990599,406.32715,3.6812487,34.14965, Private, Assoc-voc, Divorced, Adm-clerical, Unmarried, White, Female, United-States, <=50K
15.716002,145288.95,9.591235,276.02838,1.256879,16.67382, Private, Some-college, Never-married, Adm-clerical, Own-child, White, Female, United-States, <=50K
33.46746,190392.22,13.133473,385.9696,1676.8297,18.827232, Self-emp-not-inc, Masters, Married-civ-spouse, Adm-clerical, Wife, White, Female, United-States, <=50K
72.540215,169566.14,13.114268,66.40386,2155.555,44.260857, Private, Bachelors, Married-civ-spouse, Sales, Husband, White, Male, United-States, >50K
43.472168,205319.67,14.2891245,64.415825,-6.1271925,38.23003, State-gov, Masters, Married-civ-spouse, Prof-specialty, Husband, White, Male, United-States, <=50K
19.893545,122939.195,8.977027,274.75793,28.282408,39.025967, Private, HS-grad, Never-married, Machine-op-inspct, Not-in-family, White, Male, United-States, <=50K
35.01104,72270.22,9.931704,1087.3462,17.633535,56.216957, Local-gov, Some-college, Never-married, Adm-clerical, Not-in-family, White, Male, United-States, <=50K
37.16849,199097.75,9.115781,3031.003,15.047322,38.011574, Private, HS-grad, Never-married, Adm-clerical, Not-in-family, White, Female, United-States, <=50K
55.379242,238832.98,9.032799,441.20935,15.222409,26.378786, Local-gov, HS-grad, Divorced, Sales, Not-in-family, White, Female, United-States, <=50K
29.596441,256445.92,8.937194,315.1178,-13.218013,41.842182, Private, HS-grad, Never-married, Transport-moving, Other-relative, White, Male, United-States, <=50K
53.752144,214266.25,13.400049,650.0513,-40.94116,34.49407, Private, Masters, Married-civ-spouse, Other-service, Husband, White, Male, United-States, <=50K
65.52416,203069.11,8.820389,129.65027,-13.7450285,22.353352, Private, HS-grad, Married-civ-spouse, Craft-repair, Husband, White, Male, United-States, <=50K
34.468212,630610.44,10.1926365,230.11499,669.26715,41.607456, Private, Some-college, Married-civ-spouse, Adm-clerical, Husband, White, Male, United-States, <=50K
29.890371,140978.89,6.033598,-118.36921,29.14327,35.39029, Private, 10th, Divorced, Machine-op-inspct, Not-in-family, White, Male, United-States, <=50K
61.364025,244679.83,13.208903,-56.795597,-14.218944,45.61445, Self-emp-inc, Masters, Married-civ-spouse, Craft-repair, Husband, White, Male, United-States, >50K
58.218338,183385.58,9.100729,-272.87592,-1.0108212,38.969723, Private, HS-grad, Married-civ-spouse, Craft-repair, Husband, White, Male, United-States, <=50K
32.864914,160348.06,13.93356,200.91663,0.3558246,27.120571, Private, Bachelors, Married-civ-spouse, Exec-managerial, Husband, White, Male, United-States, <=50K
42.28298,103393.33,13.123779,-392.57513,8.022435,39.556114, Private, Bachelors, Divorced, Machine-op-inspct, Unmarried, White, Female, United-States, <=50K
28.759106,148808.11,13.049312,5302.03,17.233618,44.065247, Private, Bachelors, Married-civ-spouse, Sales, Husband, White, Male, United-States, >50K
52.064667,205889.42,7.028097,-107.261055,0.9730426,29.85726, Private, 11th, Divorced, Machine-op-inspct, Unmarried, White, Male, United-States, <=50K
28.738297,105144.164,13.263336,556.9436,14.938741,45.540398, Private, Assoc-acdm, Married-civ-spouse, Adm-clerical, Wife, White, Female, United-States, <=50K
44.250793,253731.14,14.823188,614.97266,2.8593493,64.46159, State-gov, Masters, Divorced, Exec-managerial, Not-in-family, White, Male, United-States, <=50K
55.779385,248770.03,10.108781,979.87555,-11.169505,31.962187, Private, Some-college, Divorced, Exec-managerial, Not-in-family, White, Male, United-States, <=50K
17.845041,152457.33,9.082883,274.88354,36.49385,42.61572, Private, HS-grad, Never-married, Sales, Not-in-family, White, Male, United-States, <=50K
42.01685,186634.27,9.041206,-452.18402,16.358297,31.246872, State-gov, HS-grad, Married-civ-spouse, Protective-serv, Husband, White, Male, United-States, <=50K
54.34119,248919.2,12.323175,1500.1558,-12.41196,54.150723, Private, Bachelors, Divorced, Exec-managerial, Unmarried, White, Female, United-States, >50K
29.005142,152415.36,13.02507,258.9806,8.103017,40.363167, Private, Bachelors, Divorced, Prof-specialty, Not-in-family, White, Female, United-States, <=50K
35.28106,212953.02,5.2514224,-343.18927,15.562375,39.254097, Private, 10th, Never-married, Machine-op-inspct, Not-in-family, White, Female, United-States, <=50K
20.27143,165560.56,13.066484,782.3245,1502.2831,42.59523, Local-gov, Bachelors, Never-married, Adm-clerical, Own-child, White, Female, United-States, <=50K
48.027023,223148.6,13.229275,-91.457954,-11.5540495,18.86766, Private, Masters, Married-civ-spouse, Exec-managerial, Wife, White, Male, United-States, >50K
53.185966,240544.95,10.074156,104.47961,-20.122446,31.939459, Private, Some-college, Married-civ-spouse, Exec-managerial, Wife, White, Female, United-States, <=50K
49.27999,236049.11,10.984632,440.64594,23.316618,47.406948, ?, Assoc-voc, Married-civ-spouse, ?, Husband, White, Male, United-States, <=50K
25.71652,107330.27,11.1227255,215.15704,14.93765,40.776485, Private, Assoc-acdm, Never-married, Adm-clerical, Not-in-family, White, Female, United-States, <=50K
41.620697,207705.84,7.864944,1044.4163,-3.0932798,47.12017, Private, 11th, Married-civ-spouse, Machine-op-inspct, Husband, White, Male, United-States, <=50K
57.37487,203192.1,9.182365,508.10425,-0.204646,29.992363, Private, HS-grad, Divorced, Sales, Other-relative, White, Male, United-States, <=50K
36.246513,153127.62,13.05257,455.37988,-19.832254,16.965643, Private, Bachelors, Never-married, Tech-support, Not-in-family, White, Female, United-States, <=50K
52.26165,249467.31,8.9846115,-131.45917,25.297388,49.24373, Private, HS-grad, Married-civ-spouse, Machine-op-inspct, Husband, White, Male, United-States, <=50K
35.81389,138489.31,12.354883,1240.7943,-13.7176695,46.968403, Private, Bachelors, Married-spouse-absent, Machine-op-inspct, Not-in-family, White, Male, United-States, <=50K
34.81638,41279.75,13.029098,1029.5044,3.692029,47.123352, Private, Bachelors, Never-married, Craft-repair, Not-in-family, White, Male, United-States, >50K
26.324295,65535.36,7.576842,7066.6694,2.0802813,40.129807, Local-gov, 11th, Never-married, Adm-clerical, Own-child, White, Male, United-States, >50K
71.919304,136970.84,14.188315,980.3303,23.091208,33.17007, State-gov, Assoc-acdm, Married-civ-spouse, Prof-specialty, Husband, White, Male, United-States, >50K
37.320724,142022.77,9.033953,-0.050480124,9.243131,39.40972, ?, HS-grad, Married-civ-spouse, Farming-fishing, Wife, White, Female, United-States, <=50K
48.608685,246434.25,9.804989,-309.10553,-25.835169,40.70791, Private, Some-college, Married-civ-spouse, Exec-managerial, Husband, White, Male, United-States, >50K
48.38991,103280.43,8.960572,543.6291,-11.824573,38.55571, Self-emp-not-inc, HS-grad, Married-civ-spouse, Craft-repair, Husband, White, Male, United-States, <=50K
71.41142,210399.61,9.087068,-42.94257,2.984334,30.927483, Private, HS-grad, Married-civ-spouse, Craft-repair, Husband, White, Male, United-States, >50K
18.399353,72560.0,7.200026,-99.04194,0.67973816,26.505919, Private, 11th, Never-married, Other-service, Own-child, White, Male, United-States, <=50K
29.486242,173181.89,10.923405,-96.557076,-15.032496,38.770847, Private, Assoc-voc, Never-married, Protective-serv, Not-in-family, White, Female, United-States, <=50K
41.83733,158689.5,10.006812,-45.39826,3.303937,46.968235, Private, Some-college, Divorced, Prof-specialty, Not-in-family, White, Female, United-States, <=50K
54.061417,192495.48,10.129001,29195.992,-33.802814,44.200146, Self-emp-inc, Some-college, Never-married, Exec-managerial, Not-in-family, White, Female, United-States, >50K
20.60143,159547.95,8.903887,408.77075,3.6658068,18.307108, Private, HS-grad, Never-married, Exec-managerial, Own-child, White, Male, United-States, <=50K
14.386531,101665.52,9.265549,-304.79962,-3.5240583,27.10107, Private, Some-college, Never-married, Other-service, Other-relative, White, Female, United-States, <=50K
25.444098,161335.44,8.312115,1293.2627,10.329755,31.557972, Private, 11th, Never-married, Adm-clerical, Not-in-family, White, Female, United-States, <=50K
55.06997,136624.19,12.447281,-504.04816,-2.7914915,38.830376, Federal-gov, Bachelors, Widowed, Adm-clerical, Not-in-family, White, Female, United-States, >50K
22.572987,282183.44,6.479796,1171.3461,-10.783343,23.324553, ?, 10th, Never-married, ?, Own-child, White, Male, United-States, <=50K
17.576317,87826.83,11.888616,-330.4776,-38.899708,36.488605, Private, Assoc-acdm, Married-civ-spouse, Craft-repair, Husband, White, Male, United-States, <=50K
58.83408,-24516.312,10.071358,188.81299,-17.531313,50.855362, Private, Some-college, Never-married, Exec-managerial, Not-in-family, White, Male, United-States, <=50K
33.690178,157431.42,13.121706,-51.108463,17.774366,46.293262, Private, Bachelors, Married-civ-spouse, Prof-specialty, Husband, White, Male, United-States, >50K
52.971344,239712.16,13.213191,-241.69196,-5.8644667,43.74578, Private, Bachelors, Married-civ-spouse, Exec-managerial, Husband, White, Male, United-States, >50K
39.00393,203369.33,13.105576,176.94385,1614.079,32.251793, Private, Bachelors, Married-civ-spouse, Prof-specialty, Husband, White, Male, United-States, <=50K
37.503857,132004.62,9.073825,-289.7802,6.1256075,38.90528, Private, HS-grad, Never-married, Adm-clerical, Not-in-family, White, Male, United-States, <=50K
53.12271,73026.766,10.227763,821.0705,-35.68633,17.119764, Private, Some-college, Married-civ-spouse, Adm-clerical, Wife, White, Female, United-States, <=50K
25.745674,199360.44,10.153834,-744.2474,16.489195,19.903782, Private, Some-college, Never-married, Craft-repair, Own-child, White, Male, United-States, <=50K
53.201622,111004.664,8.977005,741.4034,-11.587871,37.838314, ?, HS-grad, Married-civ-spouse, ?, Husband, White, Male, United-States, <=50K
20.525265,174656.45,7.158896,-4.734562,-7.250392,25.408941, Private, 10th, Never-married, Handlers-cleaners, Own-child, White, Male, United-States, <=50K
32.24966,160011.83,12.962829,-335.95697,21.939962,43.517406, ?, Bachelors, Married-civ-spouse, ?, Husband, White, Male, United-States, <=50K
33.98726,297453.16,7.4758935,3789.33,-9.571269,31.851162, Private, 11th, Married-civ-spouse, Craft-repair, Husband, White, Male, United-States, <=50K
30.716888,314508.53,9.045789,74.22802,-16.93529,45.558975, Private, HS-grad, Married-civ-spouse, Craft-repair, Husband, White, Male, United-States, <=50K
38.78695,158301.94,9.068637,-175.60077,-6.1398115,38.801746, Private, HS-grad, Married-civ-spouse, Machine-op-inspct, Husband, White, Male, United-States, >50K
25.34694,137581.62,9.033422,313.2068,1.4887897,40.954582, Private, HS-grad, Never-married, Craft-repair, Not-in-family, White, Male, United-States, <=50K
41.485977,276800.0,12.825616,-185.63031,-28.403856,25.853884, Self-emp-not-inc, Bachelors, Married-civ-spouse, Craft-repair, Own-child, White, Male, United-States, <=50K
19.112783,250395.08,10.086362,-251.26447,-22.71084,40.06367, Private, Some-college, Never-married, Sales, Other-relative, White, Male, United-States, <=50K
25.700537,178344.5,10.040001,-150.61249,-9.275584,51.61253, Private, Some-college, Married-civ-spouse, Sales, Husband, White, Male, United-States, <=50K
29.560513,99044.34,9.422567,-27.232243,10.656049,37.434296, Private, Some-college, Never-married, Sales, Not-in-family, White, Female, United-States, <=50K
61.177086,50840.453,12.92874,610.5178,-20.127207,36.594955, Federal-gov, Bachelors, Married-civ-spouse, Other-service, Husband, White, Male, United-States, >50K
31.672136,217386.05,9.051068,866.358,4.580098,28.713856, Private, HS-grad, Never-married, Adm-clerical, Own-child, White, Female, United-States, <=50K
51.786423,22399.156,8.95139,-22.006535,26.98123,43.592266, Self-emp-not-inc, HS-grad, Married-civ-spouse, Sales, Husband, White, Male, United-States, <=50K
38.147095,129578.195,15.028636,-984.27386,2480.281,37.342342, Local-gov, Masters, Never-married, Exec-managerial, Own-child, White, Female, United-States, >50K
47.521088,178431.11,11.203269,50.89581,-22.751642,34.211258, Private, Assoc-voc, Married-civ-spouse, Craft-repair, Husband, White, Male, United-States, <=50K
49.204365,157733.17,8.9046545,-118.1103,21.020475,33.25173, Private, HS-grad, Divorced, Priv-house-serv, Not-in-family, White, Female, United-States, <=50K
36.520466,35042.08,13.053235,733.6185,7.1417665,17.295576, Private, Bachelors, Never-married, Adm-clerical, Own-child, White, Female, United-States, <=50K
46.76186,142316.55,9.055335,-17.691105,-16.121225,43.265926, Private, HS-grad, Married-civ-spouse, Craft-repair, Husband, White, Male, United-States, <=50K
40.637768,179957.4,9.044058,1051.4791,9.6825075,51.25061, Private, HS-grad, Divorced, Sales, Unmarried, White, Female, United-States, >50K
74.44916,148197.5,14.239464,321.72723,18.457205,47.466526, State-gov, Masters, Divorced, Prof-specialty, Not-in-family, White, Female, United-States, <=50K
44.02022,260518.78,9.046323,-59.5069,-22.683367,48.768074, Private, HS-grad, Widowed, Other-service, Not-in-family, White, Female, United-States, >50K
53.09727,171159.23,9.015246,564.87,35.864685,54.245674, Private, HS-grad, Married-civ-spouse, Sales, Husband, White, Male, United-States, <=50K
38.120094,266656.34,6.8233194,-227.71942,2135.0251,29.0938, Private, 10th, Never-married, Machine-op-inspct, Own-child, White, Male, United-States, <=50K
49.519005,290006.28,8.989881,-139.94586,-0.24586,38.58798, ?, HS-grad, Divorced, Transport-moving, Not-in-family, White, Male, United-States, <=50K
39.975452,57750.188,14.459007,520.0614,-33.076405,40.95544, Private, Masters, Widowed, Prof-specialty, Unmarried, White, Female, United-States, >50K
63.657127,205511.58,3.9695706,3212.6592,4.465886,45.452515, Private, 10th, Married-civ-spouse, Sales, Husband, White, Male, United-States, <=50K
38.217495,178405.34,10.007589,3631.5925,-8.85506,60.35711, Private, Some-college, Married-civ-spouse, Exec-managerial, Husband, White, Male, United-States, >50K
40.69482,101872.695,13.118664,1918.9492,15.841359,45.499813, Private, Bachelors, Married-civ-spouse, Sales, Husband, White, Male, United-States, >50K
29.611952,180652.25,10.069938,378.03674,-12.253123,18.18156, Private, Some-college, Married-civ-spouse, Handlers-cleaners, Husband, White, Male, United-States, <=50K
54.898483,182173.06,9.022533,219.87482,-7.1551237,51.416317, Private, HS-grad, Married-civ-spouse, Other-service, Husband, White, Male, United-States, <=50K
36.29736,86235.02,10.179145,123.34704,-9.079745,48.841106, Self-emp-inc, Some-college, Never-married, Exec-managerial, Own-child, White, Female, United-States, <=50K
17.092339,217063.66,10.774761,926.25635,-14.394771,29.479391, Self-emp-not-inc, Assoc-voc, Never-married, Craft-repair, Own-child, White, Female, United-States, <=50K
27.111801,288042.8,9.265125,-485.5396,19.308332,39.73713, Private, HS-grad, Married-civ-spouse, Priv-house-serv, Wife, White, Female, United-States, <=50K
39.596848,61553.023,10.179923,51.3941,-18.890306,56.159153, Private, Some-college, Married-civ-spouse, Sales, Husband, White, Male, United-States, <=50K
52.927677,338894.5,9.2496605,466.08734,-3.9549894,70.03119, Private, HS-grad, Married-civ-spouse, Craft-repair, Husband, White, Male, United-States, <=50K
24.08475,77407.766,12.5973425,1053.2578,4.8096437,28.328072, Self-emp-not-inc, Bachelors, Never-married, Exec-managerial, Other-relative, White, Female, United-States, <=50K
67.29153,86873.445,15.08431,231.81824,-2.7189054,39.12668, Local-gov, Bachelors, Divorced, Prof-specialty, Not-in-family, White, Male, United-States, <=50K
23.547169,110490.16,9.975787,-177.09772,-19.921175,36.10395, Private, 10th, Never-married, Machine-op-inspct, Own-child, White, Male, United-States, <=50K
47.812546,220255.89,10.025949,538.6218,2471.2126,43.39038, Private, Some-college, Divorced, Craft-repair, Unmarried, White, Female, United-States, <=50K
32.800716,114973.27,13.296971,570.246,-38.613644,18.46714, State-gov, Masters, Never-married, Prof-specialty, Not-in-family, White, Female, United-States, <=50K
59.320515,82005.055,13.009552,-466.48676,18.693495,27.431648, ?, Bachelors, Married-civ-spouse, ?, Husband, White, Male, United-States, <=50K
44.03606,127057.805,10.119716,301.10645,-20.093775,36.361572, Private, Some-college, Married-spouse-absent, Protective-serv, Not-in-family, White, Female, United-States, <=50K
48.94798,179451.58,14.239809,455.36377,-26.551828,62.41838, Private, Bachelors, Married-civ-spouse, Farming-fishing, Not-in-family, White, Female, United-States, >50K
46.12952,86273.555,10.004619,892.70483,-17.2251,39.639984, ?, Some-college, Married-civ-spouse, ?, Husband, White, Male, United-States, <=50K
45.216934,163906.38,10.168377,404.42834,-5.1589613,37.50018, Private, Some-college, Divorced, Exec-managerial, Unmarried, White, Female, United-States, <=50K
15.487912,163138.64,13.016419,3648.1746,-7.3243055,29.010866, Private, Bachelors, Never-married, Other-service, Own-child, White, Female, United-States, <=50K
40.534748,159655.16,9.752305,-98.665596,-7.7053556,45.56379, Private, Some-college, Married-civ-spouse, Sales, Husband, White, Male, United-States, <=50K
19.292404,191755.1,10.056087,777.28174,16.520384,27.37713, State-gov, Some-college, Divorced, Prof-specialty, Not-in-family, White, Female, United-States, <=50K
27.70908,131006.77,9.412144,1205.6093,-3.761325,37.587032, Local-gov, Some-college, Married-civ-spouse, Machine-op-inspct, Husband, White, Male, United-States, <=50K
51.07266,81345.6,9.003555,208.59222,45.07803,41.780956, Private, HS-grad, Widowed, Machine-op-inspct, Not-in-family, White, Male, United-States, <=50K
61.467773,114050.81,10.110154,613.3624,-15.029017,22.377657, Private, Some-college, Widowed, Other-service, Not-in-family, White, Female, United-States, <=50K
59.36718,87656.51,13.710498,483.1289,-27.45949,41.078968, Private, Masters, Married-civ-spouse, Exec-managerial, Husband, White, Male, United-States, <=50K
42.613693,31044.844,13.35897,-299.9095,1.9746524,50.516403, Private, Masters, Married-civ-spouse, Craft-repair, Husband, White, Male, United-States, >50K
29.67775,196270.27,7.192674,150.46771,-21.131227,51.196037, Private, 11th, Married-civ-spouse, Handlers-cleaners, Husband, White, Male, United-States, <=50K
31.909925,219057.23,9.015744,110.30413,-6.5840635,21.892693, Local-gov, HS-grad, Never-married, Other-service, Not-in-family, White, Male, United-States, <=50K
33.856575,207800.4,9.366877,588.1865,25.580465,36.615913, Private, 11th, Never-married, Other-service, Unmarried, White, Male, United-States, <=50K
49.084713,205748.31,9.966671,584.29626,-28.518747,36.294323, Private, Some-college, Divorced, Craft-repair, Not-in-family, White, Male, United-States, <=50K
32.54916,71103.47,6.3835373,-644.9913,16.497381,32.786076, Private, 10th, Never-married, Craft-repair, Unmarried, White, Male, United-States, <=50K
26.717274,112480.24,11.58055,-220.10968,15.169705,34.17231, Local-gov, Masters, Never-married, ?, Not-in-family, White, Male, United-States, <=50K
45.94006,235875.3,10.135658,57.705135,-16.682306,34.082775, Private, Some-college, Married-civ-spouse, Craft-repair, Husband, White, Male, United-States, <=50K
37.86264,103116.95,12.889681,283.66138,1.3918887,59.650833, Private, Bachelors, Never-married, Tech-support, Not-in-family, White, Female, United-States, <=50K
37.97109,167267.42,8.973757,-1.7392008,6.0469866,39.413918, ?, HS-grad, Never-married, ?, Not-in-family, White, Male, United-States, <=50K
28.261755,163515.92,8.973116,234.33698,-10.773036,37.64574, Local-gov, HS-grad, Married-civ-spouse, Craft-repair, Husband, White, Male, United-States, <=50K
67.1069,135530.02,9.105137,1096.5363,-13.361888,39.188503, Local-gov, HS-grad, Married-civ-spouse, Protective-serv, Husband, White, Male, United-States, >50K
28.297977,227946.97,9.054746,729.984,-20.320604,38.583168, Private, HS-grad, Married-civ-spouse, Machine-op-inspct, Wife, White, Female, United-States, <=50K
45.76516,141166.39,9.099393,26.463192,-11.169276,32.88689, Private, HS-grad, Married-civ-spouse, Craft-repair, Husband, White, Male, United-States, <=50K
29.207306,116603.625,10.08819,520.084,3.7857943,40.528507, Private, Some-college, Never-married, Adm-clerical, Own-child, White, Female, United-States, <=50K
37.57528,211334.11,12.92757,620.9221,-3.6661787,75.64731, Private, Bachelors, Married-civ-spouse, Sales, Husband, White, Male, United-States, <=50K
36.726097,85898.766,9.07536,-70.428535,1570.1672,40.20388, Private, HS-grad, Married-civ-spouse, Exec-managerial, Husband, White, Male, United-States, <=50K
23.433744,217829.06,10.115459,775.6188,-28.330881,22.553707, Federal-gov, Some-college, Never-married, Tech-support, Other-relative, White, Female, United-States, <=50K
35.294643,156873.11,9.001357,1439.0883,7.611966,38.351543, State-gov, HS-grad, Married-civ-spouse, Protective-serv, Husband, White, Male, United-States, <=50K
36.99993,-8222.78,9.904365,-616.48285,1985.8806,33.98334, Private, HS-grad, Married-civ-spouse, Tech-support, Husband, White, Male, United-States, >50K
29.150326,89487.35,9.721153,-521.15155,-7.2541075,40.3123, Private, Some-college, Never-married, Exec-managerial, Unmarried, White, Female, United-States, <=50K
42.226547,13889.767,13.1157465,-430.13495,33.38805,56.44441, Private, Bachelors, Never-married, Exec-managerial, Not-in-family, White, Male, United-States, >50K
25.435196,307572.2,9.99258,808.0562,-22.415606,44.56518, Private, Some-college, Married-civ-spouse, Exec-managerial, Husband, White, Male, United-States, <=50K
30.010088,224698.58,9.065834,-169.06256,-7.4861784,32.46453, Private, HS-grad, Never-married, Exec-managerial, Unmarried, White, Female, United-States, <=50K
40.167583,332828.62,9.041387,-311.33893,-8.177951,47.131817, Private, HS-grad, Married-civ-spouse, Transport-moving, Husband, White, Male, United-States, <=50K
31.652464,248305.6,10.035707,-187.16095,-12.353442,41.12669, Private, Some-college, Married-civ-spouse, Other-service, Husband, White, Male, United-States, <=50K
42.026325,109250.11,9.047381,-152.89862,11.562757,38.666985, Private, HS-grad, Married-civ-spouse, Other-service, Husband, White, Male, United-States, <=50K
23.012545,244580.55,3.369825,685.2214,3.0685244,51.230503, Private, 10th, Divorced, Craft-repair, Unmarried, White, Male, United-States, <=50K
28.132828,180500.39,11.676027,188.61157,6.330106,37.98258, Private, Bachelors, Married-civ-spouse, Sales, Husband, White, Male, United-States, <=50K
29.249136,119406.42,8.973276,-0.2294352,-3.1742887,28.897924, ?, HS-grad, Never-married, ?, Own-child, White, Female, United-States, <=50K
42.959286,158867.62,9.053387,160.36938,1.210126,46.678432, Private, HS-grad, Divorced, Machine-op-inspct, Not-in-family, White, Male, United-States, <=50K
36.06706,245199.6,10.044875,244.86499,-20.136873,43.95721, Private, Some-college, Married-civ-spouse, Exec-managerial, Husband, White, Male, United-States, >50K
61.75075,13278.892,11.770343,1082.7821,-27.463991,36.28253, Private, Bachelors, Married-civ-spouse, Exec-managerial, Husband, White, Male, United-States, <=50K
33.461494,63470.133,11.374502,1112.4829,-7.0207624,75.437744, Self-emp-not-inc, HS-grad, Never-married, Transport-moving, Own-child, White, Female, United-States, <=50K
32.750626,168169.48,10.042028,188.9035,-8.765697,34.253025, Private, Some-college, Never-married, Other-service, Not-in-family, White, Male, United-States, <=50K
33.06844,174621.45,8.998625,380.7431,18.955053,41.181274, Private, HS-grad, Married-civ-spouse, Adm-clerical, Husband, White, Male, United-States, <=50K
28.652836,9279.876,7.918905,336.5583,-13.352664,46.23154, Private, Some-college, Married-civ-spouse, Farming-fishing, Husband, White, Male, United-States, <=50K
30.019775,344019.2,11.115404,762.92316,23.901217,41.9333, Local-gov, Assoc-voc, Never-married, Other-service, Own-child, White, Female, United-States, <=50K
49.011196,58076.156,5.8313317,-347.02118,23.403856,17.618982, Private, 10th, Never-married, Other-service, Not-in-family, White, Female, United-States, <=50K
27.959187,263590.97,9.047643,-401.21576,-9.704524,38.810482, ?, HS-grad, Never-married, Prof-specialty, Own-child, White, Female, United-States, <=50K
23.043842,206149.78,14.361357,21.132504,-21.015322,25.534538, Private, Masters, Never-married, Exec-managerial, Own-child, White, Female, United-States, <=50K
26.462498,348612.56,6.0301967,418.30243,-0.5750226,17.641115, Private, 10th, Never-married, Other-service, Not-in-family, White, Female, United-States, <=50K
25.834475,163306.27,12.746556,672.15204,2036.3624,44.173203, Private, Bachelors, Never-married, Prof-specialty, Own-child, White, Female, United-States, >50K
46.830948,104383.33,10.020931,483.67474,-17.850138,43.53241, Private, Some-college, Never-married, Prof-specialty, Not-in-family, White, Male, United-States, <=50K
40.544388,111711.05,9.033016,180.57928,8.441617,67.51066, Private, HS-grad, Married-civ-spouse, Sales, Husband, White, Male, United-States, >50K
34.0688,58350.83,9.128884,207.23047,-11.27682,45.482536, Private, HS-grad, Married-civ-spouse, Machine-op-inspct, Husband, White, Male, United-States, <=50K
45.166065,155383.38,9.080762,-167.01459,1900.7721,32.11215, Local-gov, HS-grad, Married-civ-spouse, Protective-serv, Husband, White, Male, United-States, <=50K
32.82598,199483.62,12.5295515,-224.74713,-6.854312,49.575333, Private, Assoc-acdm, Married-civ-spouse, Prof-specialty, Husband, White, Male, United-States, >50K
41.30151,171077.17,9.17558,862.4286,12.117978,45.364677, Private, HS-grad, Never-married, Other-service, Not-in-family, White, Male, United-States, <=50K
43.63154,66213.78,9.114106,911.1109,5.05206,3.331457, Private, HS-grad, Widowed, Priv-house-serv, Own-child, White, Female, United-States, <=50K
71.73795,108828.93,9.023547,819.96625,30.144415,31.915827, State-gov, HS-grad, Never-married, Handlers-cleaners, Not-in-family, White, Male, United-States, <=50K
55.199265,222832.16,14.16794,10915.254,-19.666636,37.822845, Private, Masters, Never-married, Adm-clerical, Not-in-family, White, Male, United-States, <=50K
31.346815,146791.16,15.065017,565.4009,-24.996859,43.456078, Federal-gov, Masters, Never-married, Prof-specialty, Not-in-family, White, Female, United-States, <=50K
31.316729,305906.62,10.969618,-200.70856,1723.2911,15.939999, Private, Bachelors, Never-married, Other-service, Other-relative, White, Male, United-States, <=50K
15.187634,80806.234,6.8945045,199.22095,6.442563,3.3072374, Private, 10th, Never-married, Other-service, Own-child, White, Male, United-States, <=50K
31.91143,159689.84,4.6943808,276.62732,3.0856524,46.51689, Private, 10th, Never-married, Other-service, Own-child, White, Female, United-States, <=50K
43.641678,123738.94,13.009553,-1.5249674,-6.9366484,43.82127, Private, Bachelors, Married-civ-spouse, Exec-managerial, Husband, White, Male, United-States, <=50K
26.440754,86511.945,9.032487,-671.2591,14.2465105,47.923756, Private, HS-grad, Never-married, Machine-op-inspct, Unmarried, White, Male, United-States, <=50K
51.62235,51053.03,9.033533,809.1162,27.000807,43.310135, ?, HS-grad, Divorced, ?, Unmarried, White, Female, United-States, <=50K
32.26905,248101.53,5.729332,17.381527,8.749867,45.754303, Private, 10th, Separated, Handlers-cleaners, Own-child, White, Male, United-States, <=50K
55.41225,281824.47,9.994621,-298.5777,-14.265567,39.636967, Self-emp-inc, Some-college, Married-civ-spouse, Prof-specialty, Husband, White, Male, United-States, <=50K
65.827675,133056.38,9.105362,-333.54706,12.004605,41.553036, Federal-gov, HS-grad, Married-civ-spouse, Sales, Husband, White, Male, United-States, >50K
49.32107,118689.42,4.578587,-223.94366,1.6355792,39.086433, Self-emp-not-inc, 10th, Married-civ-spouse, ?, Husband, White, Male, United-States, <=50K
48.41329,22103.25,10.0411625,-140.78131,9.007367,46.300716, Private, Some-college, Never-married, Sales, Not-in-family, White, Female, United-States, <=50K
47.479546,150220.22,9.010396,-368.74884,-6.1518126,31.912722, Private, HS-grad, Divorced, Protective-serv, Not-in-family, White, Male, United-States, <=50K
33.45164,144779.28,13.059435,426.63605,13.663625,35.91364, Self-emp-not-inc, Bachelors, Married-civ-spouse, Sales, Husband, White, Male, United-States, <=50K
39.974213,194653.1,9.050945,5.0977135,-9.531444,45.24432, Private, HS-grad, Married-civ-spouse, Craft-repair, Husband, White, Male, United-States, <=50K
68.0488,87719.96,9.132017,-74.10175,2149.8381,25.434048, Private, HS-grad, Divorced, Adm-clerical, Not-in-family, White, Female, United-States, <=50K
35.238487,180556.98,7.60381,17.872738,1691.2727,45.759533, Private, 11th, Divorced, Machine-op-inspct, Not-in-family, White, Female, United-States, <=50K
20.945795,225884.83,12.562776,220.91113,-1.2832059,41.9806, Private, Bachelors, Never-married, Adm-clerical, Not-in-family, White, Female, United-States, <=50K
39.632717,260429.73,9.021367,552.5402,-8.190471,39.132755, Private, HS-grad, Married-civ-spouse, Machine-op-inspct, Husband, White, Male, United-States, <=50K
35.722794,221125.27,10.259621,-193.77216,-22.390993,35.4365, Private, Some-college, Married-civ-spouse, Exec-managerial, Wife, White, Female, United-States, >50K
37.762814,241770.64,11.086423,428.37848,-4.5011015,27.382477, Private, Assoc-voc, Married-civ-spouse, Craft-repair, Husband, White, Male, United-States, <=50K
26.579985,113518.875,9.202124,97.70196,19.20091,30.359333, Private, HS-grad, Married-civ-spouse, Sales, Wife, White, Female, United-States, <=50K
56.60557,404167.97,12.84819,1047.2634,13.0911455,33.541813, Private, Bachelors, Married-civ-spouse, Sales, Husband, White, Male, United-States, >50K
39.30617,286363.94,9.065699,354.76343,13.951634,47.23418, Private, HS-grad, Separated, Exec-managerial, Not-in-family, White, Female, United-States, <=50K
28.923635,53877.17,9.00819,-3.8648112,1.3682529,33.129536, Private, HS-grad, Divorced, Exec-managerial, Unmarried, White, Female, United-States, <=50K
26.55426,187586.88,10.163804,-176.31525,-5.813792,47.11628, Private, Some-college, Married-civ-spouse, Prof-specialty, Husband, White, Male, United-States, >50K
19.897532,86548.45,10.131476,374.52368,8.469266,23.016928, Private, Some-college, Never-married, Sales, Not-in-family, White, Female, United-States, <=50K
42.619083,148864.8,10.155798,372.57642,-4.8715544,33.46753, Private, Some-college, Never-married, Adm-clerical, Not-in-family, White, Female, United-States, <=50K
36.254253,98217.1,8.238063,251.29578,18.418623,53.084816, ?, Some-college, Divorced, ?, Not-in-family, White, Male, United-States, <=50K
36.745064,195822.73,10.764611,453.24738,-38.152782,36.71824, Private, Assoc-voc, Married-civ-spouse, Craft-repair, Own-child, White, Female, United-States, <=50K
35.27255,228259.23,11.834773,423.10046,-12.821666,55.863876, Private, Some-college, Married-civ-spouse, Craft-repair, Husband, White, Male, United-States, >50K
29.380579,241393.97,15.575387,1729.5651,10.546262,36.831573, Private, Assoc-acdm, Never-married, Prof-specialty, Own-child, White, Male, United-States, >50K
31.720541,231656.38,9.064309,21.345394,-11.315471,37.14394, Private, HS-grad, Married-civ-spouse, Craft-repair, Husband, White, Male, United-States, <=50K
21.989885,162168.12,10.167839,488.85236,-2.4026213,31.16161, Private, Some-college, Never-married, Other-service, Own-child, White, Female, United-States, <=50K
38.957287,61698.9,13.043963,-259.74457,11.637326,34.71264, Private, Bachelors, Married-civ-spouse, Craft-repair, Husband, White, Male, United-States, <=50K
22.404778,133792.02,8.946829,-121.76008,3.5160036,32.17975, ?, HS-grad, Never-married, ?, Unmarried, White, Female, United-States, <=50K
32.39997,94821.52,6.516549,56.600155,-9.332423,35.556835, Private, 10th, Married-civ-spouse, Other-service, Husband, White, Male, United-States, <=50K
29.073067,472426.75,5.8587236,405.55597,-0.76228607,37.041775, Private, 10th, Never-married, Protective-serv, Not-in-family, White, Female, United-States, <=50K
51.28731,114199.72,10.234902,-141.95184,1.9416019,68.04078, Private, Some-college, Married-civ-spouse, Craft-repair, Husband, White, Male, United-States, <=50K
35.33277,37369.656,14.256633,-273.30402,11.833577,48.15198, Local-gov, Bachelors, Married-civ-spouse, Adm-clerical, Husband, White, Male, United-States, >50K
37.191536,306413.53,9.053749,84.67388,-9.005496,43.928394, Private, HS-grad, Never-married, Adm-clerical, Unmarried, White, Female, United-States, <=50K
24.596632,74.23503,10.070072,116.23553,-6.2087507,41.334564, Private, Some-college, Never-married, Farming-fishing, Not-in-family, White, Male, United-States, <=50K
35.842896,38551.703,9.010658,-46.078434,29.298986,38.381542, Private, HS-grad, Divorced, Craft-repair, Unmarried, White, Male, United-States, <=50K
33.700294,147737.92,10.010631,11936.582,-19.806498,44.464058, Private, Some-college, Never-married, Transport-moving, Not-in-family, White, Male, United-States, >50K
61.63561,124948.12,3.3053532,412.91406,-9.828776,29.98834, Private, 10th, Married-civ-spouse, Sales, Husband, White, Male, United-States, <=50K
30.32664,271111.28,10.18825,-323.32672,-22.516779,42.59804, Private, Some-college, Never-married, Craft-repair, Own-child, White, Male, United-States, >50K
14.773686,226953.4,8.902482,1771.8872,17.122847,33.476578, ?, HS-grad, Never-married, ?, Not-in-family, White, Female, United-States, <=50K
29.040958,217606.31,8.286634,-17.152042,-13.84518,34.348434, Private, Some-college, Married-civ-spouse, Sales, Husband, White, Male, United-States, <=50K
34.252094,44043.516,13.028761,560.23016,-9.150203,38.482857, ?, Bachelors, Never-married, ?, Not-in-family, White, Male, United-States, <=50K
40.5792,198384.73,12.995317,18.440487,3.9707384,35.998047, Private, Bachelors, Divorced, Tech-support, Unmarried, White, Female, United-States, <=50K
32.964592,371190.0,9.110803,-89.274605,8.226186,36.541035, Private, HS-grad, Married-civ-spouse, Sales, Husband, White, Male, United-States, <=50K
33.93989,183802.77,9.060833,79.6217,-6.798465,31.947716, Private, HS-grad, Never-married, Other-service, Unmarried, White, Female, United-States, <=50K
44.15797,83271.42,10.082388,31.598202,-23.730501,53.35411, Private, Some-college, Married-civ-spouse, Craft-repair, Husband, White, Male, United-States, >50K
28.12827,171625.61,10.117675,54.28448,-1.1904858,42.30854, Private, Some-college, Married-civ-spouse, Prof-specialty, Husband, White, Male, United-States, <=50K
70.24905,374469.88,3.5993648,-212.7204,-2.6230803,34.744026, Private, 10th, Never-married, Other-service, Unmarried, White, Male, United-States, <=50K
40.95097,383697.5,13.591247,-43.675602,-7.182048,52.280018, Private, Masters, Married-civ-spouse, Machine-op-inspct, Husband, White, Male, United-States, <=50K
72.65909,488322.44,14.5372,5253.9326,-46.946224,26.312538, Self-emp-not-inc, Masters, Married-civ-spouse, Prof-specialty, Husband, White, Male, United-States, >50K
38.30253,565472.9,9.407788,264.82977,-49.01359,48.00618, Private, HS-grad, Never-married, Other-service, Not-in-family, White, Female, United-States, >50K
32.199837,167773.34,9.173301,-41.323673,-3.8286848,17.751259, Self-emp-not-inc, HS-grad, Divorced, Sales, Not-in-family, White, Female, United-States, <=50K
40.706512,189029.61,12.096454,-231.29474,-3.792468,41.503418, Private, Assoc-voc, Married-civ-spouse, Prof-specialty, Husband, White, Male, United-States, >50K
73.91634,147159.06,9.92742,1092.6381,8.936582,31.828531, Private, Assoc-voc, Married-civ-spouse, Machine-op-inspct, Wife, White, Female, United-States, >50K
38.344593,128821.36,9.94047,183.89697,-4.0939894,38.599205, Federal-gov, Some-college, Married-civ-spouse, Adm-clerical, Wife, White, Female, United-States, >50K
54.87448,90194.55,9.083331,-114.46809,11.896527,41.489758, Self-emp-inc, HS-grad, Married-civ-spouse, Craft-repair, Husband, White, Male, United-States, >50K
50.877666,155589.73,9.864829,-249.67719,-11.875743,36.2419, Private, Some-college, Never-married, Craft-repair, Own-child, White, Female, United-States, <=50K
39.65488,170701.47,14.144199,-321.6557,1306.4666,44.784058, Private, Masters, Married-civ-spouse, Exec-managerial, Husband, White, Male, United-States, >50K
68.23117,215946.0,8.719433,-101.871895,-2.4029036,44.076126, Private, HS-grad, Widowed, Sales, Not-in-family, White, Male, United-States, <=50K
48.31734,117683.24,13.639749,118.016106,1834.8219,34.00834, Private, Masters, Never-married, Craft-repair, Not-in-family, White, Male, United-States, >50K
24.83198,91031.82,10.093999,588.5872,2.4766893,28.701263, Private, Some-college, Never-married, Adm-clerical, Own-child, White, Female, United-States, <=50K
82.59026,181429.9,10.147146,971.4872,7.7687883,15.644003, Private, Some-college, Widowed, Sales, Not-in-family, White, Female, United-States, <=50K
25.802187,114329.55,9.076137,591.0969,-7.06277,36.716526, Private, HS-grad, Never-married, Other-service, Unmarried, White, Female, United-States, <=50K
38.243137,124233.7,14.126916,594.032,-51.59643,47.343594, Private, Masters, Never-married, Exec-managerial, Not-in-family, White, Female, United-States, <=50K
21.866909,77380.516,8.903053,-258.7564,3.8076754,40.04661, Self-emp-not-inc, HS-grad, Married-civ-spouse, ?, Husband, White, Male, United-States, <=50K
16.783306,115237.6,8.078726,303.96082,-9.161891,32.398754, Private, 10th, Never-married, Exec-managerial, Own-child, White, Male, United-States, <=50K
31.79583,33765.375,8.130763,143.04651,20.827421,44.491535, Private, 11th, Never-married, Machine-op-inspct, Not-in-family, White, Female, United-States, <=50K
18.321547,119276.484,10.073966,427.33887,-14.734187,36.636944, Private, Some-college, Never-married, Other-service, Not-in-family, White, Female, United-States, <=50K
54.48713,94904.52,10.110549,-49.433903,-6.230792,52.277855, Private, Some-college, Married-civ-spouse, Sales, Husband, White, Male, United-States, >50K
40.007324,125897.06,13.045751,-65.451,718.0567,50.4449, Private, Bachelors, Married-civ-spouse, Sales, Husband, White, Male, United-States, >50K
66.39026,156624.14,9.530801,3014.3542,1.8015796,38.213333, Private, HS-grad, Married-civ-spouse, Adm-clerical, Wife, White, Female, United-States, >50K
30.220078,156105.14,8.9976425,66.14953,-6.8922834,41.41771, Private, HS-grad, Married-civ-spouse, Machine-op-inspct, Husband, White, Male, United-States, <=50K
32.155838,117645.8,10.132468,-102.9062,8.234151,43.48027, Private, Some-college, Married-civ-spouse, Adm-clerical, Husband, White, Male, United-States, >50K
69.4668,7215.9224,9.963852,-176.37543,1.105817,35.572384, Local-gov, Some-college, Married-civ-spouse, ?, Husband, White, Male, United-States, <=50K
36.701668,220533.0,13.084419,-138.90436,-14.327151,46.913494, Private, Bachelors, Married-civ-spouse, Exec-managerial, Husband, White, Male, United-States, >50K
23.956625,60666.1,9.989851,939.34375,2.976018,22.586246, ?, Some-college, Never-married, ?, Unmarried, White, Male, United-States, <=50K
37.46307,77439.04,7.1764016,-153.3797,21.794966,47.42561, Self-emp-not-inc, 11th, Never-married, Adm-clerical, Own-child, White, Male, United-States, <=50K
48.55679,188093.25,4.2420363,31.889462,-8.108386,30.457943, Local-gov, 10th, Married-civ-spouse, Other-service, Husband, White, Male, United-States, <=50K
44.369953,129637.04,5.2465916,354.66522,-16.916971,50.255306, Private, 10th, Never-married, Handlers-cleaners, Not-in-family, White, Male, United-States, <=50K
37.673702,42040.125,3.1094332,-451.33026,7.572713,32.778816, Private, 10th, Married-civ-spouse, Sales, Not-in-family, White, Female, United-States, <=50K
40.41953,151030.89,10.947172,-655.30597,-9.839335,48.4832, Private, Assoc-voc, Married-civ-spouse, Machine-op-inspct, Husband, White, Male, United-States, >50K
19.218084,212159.78,9.858396,754.831,1.4767734,36.008442, Private, HS-grad, Married-civ-spouse, Exec-managerial, Wife, White, Female, United-States, <=50K
34.022007,244566.19,9.0894785,521.73083,12.96745,31.451693, Private, HS-grad, Never-married, Other-service, Own-child, White, Male, United-States, <=50K
59.22964,160199.66,8.445403,-321.6667,-6.534709,23.158663, Self-emp-not-inc, HS-grad, Married-civ-spouse, Other-service, Husband, White, Male, United-States, <=50K
39.861546,276793.53,10.9794855,61.744564,25.66094,48.9574, State-gov, Assoc-voc, Divorced, Prof-specialty, Not-in-family, White, Male, United-States, <=50K
32.926388,162949.44,9.982022,109.66375,-6.3110456,42.00844, Private, Some-college, Never-married, Prof-specialty, Not-in-family, White, Female, United-States, <=50K
25.75628,324300.2,9.057063,-392.01324,90.64393,76.06999, Private, HS-grad, Married-civ-spouse, Sales, Husband, White, Male, United-States, <=50K
58.429123,148880.48,8.993356,251.23749,-13.171214,37.64098, Private, HS-grad, Married-civ-spouse, Exec-managerial, Husband, White, Male, United-States, <=50K
51.9944,56678.297,7.0010486,-27.532902,2.825467,45.80042, Private, 11th, Married-civ-spouse, Other-service, Husband, White, Male, United-States, <=50K
58.930492,79197.984,15.016208,395.042,1783.1846,51.55727, Private, Masters, Married-civ-spouse, Prof-specialty, Husband, White, Male, United-States, <=50K
35.647617,56000.25,10.050926,-167.66022,-8.63634,38.617283, Private, HS-grad, Married-civ-spouse, Sales, Husband, White, Male, United-States, <=50K
21.865965,183870.88,9.06104,0.8643148,-19.824121,38.39048, Private, HS-grad, Never-married, Craft-repair, Not-in-family, White, Female, United-States, <=50K
31.585943,158522.17,7.176353,-522.56354,-34.82461,39.15175, Private, HS-grad, Never-married, Other-service, Other-relative, White, Female, United-States, <=50K
44.554413,270250.97,10.163529,211.93268,21.89942,44.297638, Private, Some-college, Married-civ-spouse, Adm-clerical, Wife, White, Female, United-States, <=50K
45.539852,111778.51,8.47051,53.192074,0.2630664,37.99063, Private, HS-grad, Never-married, Sales, Other-relative, White, Female, United-States, <=50K
39.5731,97260.23,13.003067,-155.70477,-16.964922,43.80974, Private, Bachelors, Never-married, Exec-managerial, Husband, White, Male, United-States, <=50K
25.427792,397843.2,13.094846,-529.3309,39.206184,18.652477, Local-gov, Bachelors, Never-married, Sales, Own-child, White, Male, United-States, >50K
30.428883,266826.97,13.947184,870.43695,12.180776,41.174973, Private, Masters, Never-married, Prof-specialty, Unmarried, White, Female, United-States, <=50K
43.16696,163838.55,9.030303,-317.706,5.2606096,46.73231, Private, HS-grad, Divorced, Sales, Unmarried, White, Female, United-States, <=50K
31.409166,254695.05,9.011087,-126.40046,15.275014,42.477787, Federal-gov, HS-grad, Married-civ-spouse, Exec-managerial, Husband, White, Male, United-States, <=50K
15.406728,105822.33,12.853587,247.05853,10.716878,45.61045, Private, Bachelors, Never-married, Tech-support, Own-child, White, Female, United-States, <=50K
34.427418,100543.04,13.764907,-191.76373,3.3196917,54.101982, Private, Assoc-acdm, Married-civ-spouse, Adm-clerical, Husband, White, Male, United-States, >50K
51.759335,139554.97,10.062044,936.4715,-14.040271,58.076946, Self-emp-inc, Some-college, Widowed, Exec-managerial, Not-in-family, White, Female, United-States, <=50K
25.75478,178347.14,13.044034,375.99133,13.440099,35.91194, Private, Bachelors, Never-married, Adm-clerical, Own-child, White, Male, United-States, <=50K
60.127815,131214.42,10.16226,-146.67645,2.8140306,20.226545, Private, Some-college, Divorced, Adm-clerical, Not-in-family, White, Female, United-States, <=50K
38.332058,159790.16,12.986941,78.07983,3.001073,40.954987, Private, Bachelors, Married-civ-spouse, Machine-op-inspct, Husband, White, Male, United-States, >50K
33.65785,313627.03,12.972004,405.04004,-3.2858076,51.42983, Private, Bachelors, Married-civ-spouse, Prof-specialty, Husband, White, Male, United-States, >50K
40.03055,117378.51,12.780073,-177.09882,-5.288104,43.17433, Private, Bachelors, Married-civ-spouse, Other-service, Wife, White, Male, United-States, <=50K
42.307915,35901.86,14.079171,1.6884115,-24.211405,41.08825, Private, Masters, Never-married, Sales, Not-in-family, White, Female, United-States, <=50K
51.794617,194959.06,13.589259,42.81103,995.16345,32.289818, Private, Masters, Never-married, Prof-specialty, Not-in-family, White, Male, United-States, <=50K
25.408264,257393.31,10.066357,654.44403,-1.345805,83.444954, Private, Some-college, Never-married, Exec-managerial, Not-in-family, White, Male, United-States, <=50K
71.98618,41665.062,13.611645,233.4151,8.335065,38.835247, ?, Masters, Divorced, ?, Not-in-family, White, Male, United-States, <=50K
34.48078,65850.766,10.395146,300.41028,28.814753,37.06762, State-gov, Some-college, Divorced, Tech-support, Unmarried, White, Male, United-States, <=50K
47.808273,91079.33,8.680269,-124.9112,22.386068,24.525747, ?, HS-grad, Never-married, ?, Own-child, White, Female, United-States, <=50K
28.78463,265534.0,12.648925,348.3755,5.50871,37.22383, Private, Bachelors, Never-married, Prof-specialty, Own-child, White, Male, United-States, <=50K
26.762148,131097.39,9.055619,686.6061,-9.787013,40.581696, Private, HS-grad, Married-civ-spouse, Other-service, Husband, White, Male, United-States, <=50K
64.690056,70433.37,6.9056487,250.15619,-1.2318143,61.211624, Private, 10th, Divorced, Adm-clerical, Not-in-family, White, Female, United-States, <=50K
34.025826,103898.07,10.24171,245.11682,2092.098,8.461281, State-gov, Some-college, Married-civ-spouse, Handlers-cleaners, Husband, White, Male, United-States, <=50K
42.5082,166365.77,10.095915,588.3999,-18.698488,49.308903, Private, Some-college, Married-civ-spouse, Transport-moving, Husband, White, Male, United-States, <=50K
83.00812,302241.75,7.848565,1248.9149,0.48576844,24.519514, Federal-gov, HS-grad, Divorced, Adm-clerical, Not-in-family, White, Female, United-States, <=50K
35.88297,133063.27,10.318459,451.47058,27.280615,40.920288, Private, Some-college, Married-civ-spouse, Machine-op-inspct, Other-relative, White, Female, United-States, <=50K
35.700645,164105.47,13.221508,-291.9709,-2.0203733,41.678802, Self-emp-inc, Bachelors, Never-married, Prof-specialty, Not-in-family, White, Male, United-States, <=50K
47.048565,66560.695,8.269225,856.0386,-33.733303,43.15939, Private, 12th, Married-civ-spouse, Farming-fishing, Husband, White, Male, United-States, <=50K
57.866405,579962.9,6.3015995,-335.32977,-16.715776,37.489414, Private, 10th, Widowed, Other-service, Unmarried, White, Female, United-States, >50K
41.522526,303344.56,14.838362,3019.9158,-33.02583,42.765423, Private, Masters, Married-civ-spouse, Adm-clerical, Husband, White, Male, United-States, <=50K
39.95541,137517.72,9.07569,289.5489,-16.639704,26.663925, Self-emp-not-inc, HS-grad, Married-civ-spouse, Craft-repair, Other-relative, White, Female, United-States, <=50K
46.14868,151959.67,7.176966,-0.45087075,-6.4161406,37.80408, ?, 11th, Married-civ-spouse, ?, Husband, White, Male, United-States, <=50K
25.526735,18459.781,10.015998,-278.66595,11.481168,47.886818, Private, Some-college, Never-married, Craft-repair, Not-in-family, White, Male, United-States, <=50K
23.986317,59282.094,9.13427,1812.5648,66.10442,2.5929773, State-gov, HS-grad, Divorced, Tech-support, Unmarried, White, Female, United-States, <=50K
50.408474,159491.34,4.493504,-531.14264,-11.394511,55.853992, Self-emp-not-inc, 10th, Married-civ-spouse, Craft-repair, Husband, White, Male, United-States, >50K
22.906712,46836.297,10.555808,453.16443,-23.99335,48.617462, Self-emp-not-inc, Some-college, Never-married, Sales, Own-child, White, Male, United-States, <=50K
57.627647,85199.63,6.150936,-6.461857,13.579946,15.221588, Private, 10th, Divorced, Craft-repair, Not-in-family, White, Male, United-States, <=50K
29.38054,126347.875,8.921838,1032.1324,-4.022044,39.735287, Private, HS-grad, Married-civ-spouse, Prof-specialty, Other-relative, White, Female, United-States, <=50K
50.18109,97974.19,10.011213,1542.7805,-4.0953627,41.197968, Local-gov, Some-college, Divorced, Exec-managerial, Not-in-family, White, Female, United-States, <=50K
24.342718,104530.92,10.057555,-37.81574,5.2754946,36.929245, State-gov, Some-college, Never-married, Other-service, Own-child, White, Female, United-States, <=50K
53.44597,150990.48,9.0570135,466.14154,-10.335147,15.581305, Private, HS-grad, Married-civ-spouse, Other-service, Husband, White, Male, United-States, <=50K
52.543526,225290.45,10.011864,393.90533,-18.546785,43.93861, Private, Some-college, Married-civ-spouse, Exec-managerial, Husband, White, Male, United-States, <=50K
40.607307,136750.6,11.895733,1173.716,-4.5723143,46.34677, Private, Masters, Married-civ-spouse, Craft-repair, Husband, White, Male, United-States, >50K
35.48388,131836.69,11.076966,-262.62347,-2.2204695,46.08585, Private, Assoc-voc, Never-married, Exec-managerial, Unmarried, White, Female, United-States, <=50K
44.21144,244296.1,8.99202,-99.7508,3.2383547,43.61469, Private, HS-grad, Married-civ-spouse, Exec-managerial, Husband, White, Female, United-States, <=50K
54.713943,65611.95,14.568746,-341.3675,-22.440203,49.68023, Private, Masters, Married-civ-spouse, Prof-specialty, Husband, White, Male, United-States, >50K
30.03274,292285.66,12.968822,-220.72345,-4.97935,31.33193, State-gov, Bachelors, Married-civ-spouse, Prof-specialty, Husband, White, Male, United-States, <=50K
29.660597,167458.62,9.002293,-33.702946,6.634183,50.165737, Private, HS-grad, Married-civ-spouse, Machine-op-inspct, Husband, White, Male, United-States, <=50K
78.73196,139650.62,9.082223,-272.305,68.86248,6.3093853, Self-emp-not-inc, HS-grad, Married-civ-spouse, Farming-fishing, Wife, White, Female, United-States, <=50K
25.541147,106792.47,10.378073,668.6126,28.931833,38.76684, Private, Assoc-voc, Never-married, Sales, Not-in-family, White, Male, United-States, <=50K
31.524326,273927.88,9.594628,793.99536,-17.812845,40.923977, Private, Some-college, Married-civ-spouse, Craft-repair, Husband, White, Male, United-States, >50K
45.379063,206162.27,9.129273,62.54333,37.094902,42.30086, Private, HS-grad, Never-married, Machine-op-inspct, Own-child, White, Female, United-States, <=50K
27.759315,383828.12,9.139933,-26.340763,-5.0440474,39.401997, Private, HS-grad, Married-civ-spouse, Sales, Husband, White, Male, United-States, >50K
34.64677,158493.73,3.6429362,-205.50262,-7.50397,40.34459, Private, 10th, Never-married, Craft-repair, Not-in-family, White, Female, United-States, <=50K
28.18583,295319.25,12.75187,301.90503,-17.30736,42.06213, Private, Bachelors, Married-civ-spouse, Prof-specialty, Unmarried, White, Female, United-States, <=50K
36.977406,103152.33,11.383448,517.2371,-16.540918,20.683321, Private, Assoc-voc, Widowed, Other-service, Unmarried, White, Female, United-States, <=50K
49.149364,246386.45,10.1233015,1273.4932,1.3351794,74.62523, Private, Some-college, Divorced, Exec-managerial, Not-in-family, White, Female, United-States, <=50K
20.1071,535694.06,7.011326,627.56006,9.029035,50.176495, Private, 10th, Never-married, Craft-repair, Not-in-family, White, Male, United-States, <=50K
32.16312,133736.5,14.165193,59.765804,4.4273424,38.80022, Private, Masters, Married-civ-spouse, Sales, Husband, White, Male, United-States, <=50K
49.05225,290287.38,9.0939045,406.85358,17.294348,31.597198, Private, HS-grad, Separated, Craft-repair, Not-in-family, White, Male, United-States, <=50K
43.177692,83092.28,9.060181,-84.5008,-6.5494795,74.35608, Self-emp-not-inc, HS-grad, Married-civ-spouse, Sales, Husband, White, Male, United-States, <=50K
58.708035,155861.8,9.037993,-73.469795,14.631818,40.791126, Private, HS-grad, Married-civ-spouse, Other-service, Husband, White, Male, United-States, >50K
38.742687,135872.22,12.942858,33.43945,3.3773317,42.132202, Self-emp-not-inc, Bachelors, Married-civ-spouse, Exec-managerial, Husband, White, Male, United-States, <=50K
42.28658,249597.67,4.746099,334.0962,-26.076052,44.03521, Private, 10th, Married-civ-spouse, Craft-repair, Husband, White, Male, United-States, <=50K
23.295923,301788.38,12.400086,312.70074,-19.418344,34.242386, Private, Assoc-acdm, Never-married, Transport-moving, Own-child, White, Male, United-States, <=50K
38.36404,237316.16,12.226618,879.8267,34.192566,36.782867, Local-gov, Bachelors, Married-civ-spouse, Craft-repair, Husband, White, Male, United-States, >50K
57.280075,179336.22,8.745223,-48.43378,-11.240687,30.978172, Private, Some-college, Married-civ-spouse, Other-service, Husband, White, Male, United-States, <=50K
31.635721,197380.52,9.036411,314.43884,9.026753,35.63702, Private, HS-grad, Never-married, Handlers-cleaners, Not-in-family, White, Male, United-States, <=50K
80.39768,112611.266,9.147934,354.20044,7.8274813,-0.22569096, Self-emp-not-inc, HS-grad, Married-civ-spouse, Exec-managerial, Husband, White, Male, United-States, >50K
43.826195,130322.26,10.658718,147.70789,8.706243,50.847126, Private, Some-college, Never-married, Adm-clerical, Not-in-family, White, Male, United-States, <=50K
66.652916,39081.797,14.2055025,-375.40997,-28.04088,38.542046, State-gov, Masters, Married-civ-spouse, Prof-specialty, Husband, White, Male, United-States, <=50K
52.013756,186842.88,13.158972,272.11157,-1.0426282,31.811165, Local-gov, Bachelors, Married-civ-spouse, Exec-managerial, Husband, White, Male, United-States, >50K
58.647694,73780.55,10.52699,1078.8307,6.593175,23.911842, State-gov, Assoc-voc, Never-married, Protective-serv, Not-in-family, White, Male, United-States, <=50K
36.597794,178982.9,13.154299,-154.85223,-3.0370283,45.422577, Private, Bachelors, Married-civ-spouse, Craft-repair, Husband, White, Male, United-States, >50K
46.442257,179921.3,9.048298,-447.8985,24.017885,49.038597, Private, HS-grad, Divorced, Sales, Unmarried, White, Female, United-States, >50K
22.73452,232819.0,9.035788,489.58728,9.375798,50.61754, Private, HS-grad, Never-married, Adm-clerical, Not-in-family, White, Female, United-States, <=50K
25.942083,347741.3,7.2982154,443.27008,-9.097461,14.476458, Private, 11th, Divorced, Other-service, Not-in-family, White, Female, United-States, <=50K
32.88883,218168.4,10.015602,2.3829916,-4.1315947,56.71361, Self-emp-not-inc, Some-college, Married-civ-spouse, Sales, Husband, White, Male, United-States, <=50K
53.862007,134057.31,13.021009,418.4793,1.0930148,50.02425, Private, Bachelors, Never-married, Exec-managerial, Not-in-family, White, Female, United-States, >50K
23.968603,171073.28,9.096658,87.69512,5.149007,74.926796, Private, HS-grad, Never-married, Other-service, Unmarried, White, Female, United-States, <=50K
32.308487,32609.39,7.692691,-282.33746,217.83589,37.692696, Private, 11th, Separated, Machine-op-inspct, Not-in-family, White, Female, United-States, <=50K
45.76256,143251.19,6.369764,262.76355,-1.3668317,-17.200136, Private, 10th, Never-married, Exec-managerial, Own-child, White, Male, United-States, <=50K
51.217377,402615.62,8.991105,-239.836,17.150068,44.385433, Private, HS-grad, Married-civ-spouse, Sales, Husband, White, Male, United-States, >50K
38.596973,179704.73,12.928042,-88.41926,-35.708866,38.983814, Private, Bachelors, Married-civ-spouse, Prof-specialty, Wife, White, Female, United-States, <=50K
56.75695,114089.46,3.1234903,-496.86224,-17.47996,46.962822, Private, 10th, Married-civ-spouse, Craft-repair, Husband, White, Male, United-States, >50K
67.95072,229900.38,9.341744,39860.35,-20.40542,38.64377, Self-emp-not-inc, HS-grad, Married-civ-spouse, Craft-repair, Husband, White, Male, United-States, >50K
37.111355,193661.62,9.177665,-154.62091,3.355237,37.605602, Private, HS-grad, Never-married, Craft-repair, Own-child, White, Male, United-States, <=50K
29.994736,153867.14,10.133633,-191.7027,-14.770602,25.163782, Federal-gov, Some-college, Never-married, Protective-serv, Not-in-family, White, Male, United-States, <=50K
33.617657,116578.27,13.009622,-212.4118,1441.14,49.61914, Private, Bachelors, Married-civ-spouse, Sales, Husband, White, Male, United-States, >50K
52.40096,130696.52,13.023793,181.8125,18.518316,61.335575, Federal-gov, Bachelors, Married-civ-spouse, Transport-moving, Husband, White, Male, United-States, >50K
39.290974,366305.34,4.5768743,97.23858,44.386097,38.922215, Local-gov, 10th, Married-civ-spouse, Machine-op-inspct, Husband, White, Male, United-States, <=50K
29.401169,50198.484,8.986658,38.870052,16.17877,42.854706, Self-emp-not-inc, HS-grad, Married-civ-spouse, Farming-fishing, Husband, White, Male, United-States, <=50K
11.603637,434056.8,7.4743347,-137.2962,17.058805,36.514675, Private, 11th, Never-married, Handlers-cleaners, Not-in-family, White, Male, United-States, <=50K
28.623539,152518.0,10.121246,297.68,-13.119861,19.301926, Private, Some-college, Never-married, Other-service, Not-in-family, White, Female, United-States, <=50K
51.534084,157652.69,8.983581,9607.966,-6.995448,44.18927, Private, HS-grad, Married-civ-spouse, Machine-op-inspct, Husband, White, Male, United-States, >50K
34.453808,283586.22,10.024893,292.79785,-9.638797,60.39481, Private, Some-college, Married-civ-spouse, Craft-repair, Husband, White, Male, United-States, <=50K
43.71561,131357.62,11.706945,789.27057,1.491109,48.795788, Local-gov, Masters, Married-civ-spouse, Exec-managerial, Husband, White, Male, United-States, <=50K
36.58987,127241.64,9.34739,-279.57758,6.3806124,33.919025, Private, HS-grad, Divorced, Adm-clerical, Not-in-family, White, Male, United-States, <=50K
29.225327,338255.9,11.750426,210.43835,1660.4417,41.855003, Local-gov, Bachelors, Divorced, Prof-specialty, Not-in-family, White, Female, United-States, <=50K
32.497173,165675.06,9.055362,-98.06599,11.381146,45.564842, Private, HS-grad, Never-married, Other-service, Husband, White, Male, United-States, <=50K
41.21296,182393.11,9.242563,1021.71747,-6.8055525,44.74457, Private, 10th, Married-civ-spouse, Handlers-cleaners, Husband, White, Male, United-States, <=50K
44.24888,167197.62,13.967033,-378.25714,-15.2131605,31.346392, Private, Masters, Divorced, Adm-clerical, Unmarried, White, Female, United-States, >50K
68.070526,251325.83,9.09366,662.4439,-21.578844,24.08449, Private, HS-grad, Married-civ-spouse, Craft-repair, Husband, White, Male, United-States, <=50K
46.758053,236155.5,9.078986,-68.639595,-1.8380917,36.579052, Local-gov, HS-grad, Married-civ-spouse, Exec-managerial, Wife, White, Female, United-States, >50K
54.569344,158802.5,9.080147,300.4635,-1.4255017,42.28629, Private, HS-grad, Married-civ-spouse, Sales, Husband, White, Male, United-States, <=50K
20.190779,426579.44,11.1633215,421.50726,-16.255,27.82699, Private, 12th, Never-married, Prof-specialty, Not-in-family, White, Female, United-States, <=50K
67.761635,177602.12,7.9509196,-125.94697,11.090863,40.275494, State-gov, 12th, Married-civ-spouse, ?, Husband, White, Male, United-States, <=50K
44.614002,61643.773,5.2478266,796.41144,6.6080675,46.6993, Private, 10th, Never-married, Other-service, Not-in-family, White, Female, United-States, <=50K
47.03076,148252.95,12.230249,92315.33,-15.235721,52.52771, Private, Bachelors, Married-civ-spouse, Exec-managerial, Wife, White, Female, United-States, >50K
44.482975,268552.88,10.062932,443.83527,-9.619121,32.831886, ?, Some-college, Never-married, ?, Unmarried, White, Female, United-States, <=50K
27.717827,117798.41,10.052279,465.63757,0.17973052,39.485764, Private, Some-college, Divorced, Adm-clerical, Unmarried, White, Female, United-States, <=50K
45.730797,61082.75,8.718585,106.621635,0.54459107,52.267174, Local-gov, HS-grad, Married-civ-spouse, Prof-specialty, Husband, White, Male, United-States, <=50K
31.812504,191194.9,13.160148,298.6197,0.90476716,46.905357, Private, Bachelors, Married-civ-spouse, Adm-clerical, Wife, White, Female, United-States, >50K
41.874935,217811.55,7.341863,676.38184,4.5567675,24.37573, Private, 11th, Separated, Sales, Not-in-family, White, Male, United-States, <=50K
30.414717,73826.66,9.950785,-155.11676,3.1282701,40.288, Local-gov, Some-college, Married-civ-spouse, Sales, Husband, White, Male, United-States, <=50K
24.175444,310100.7,9.049189,438.50226,12.303617,38.462082, Private, HS-grad, Never-married, Adm-clerical, Unmarried, White, Female, United-States, <=50K
49.90429,215931.27,9.019049,437.4854,-1.5154675,35.689163, Private, HS-grad, Married-civ-spouse, Other-service, Husband, White, Male, United-States, <=50K
36.53981,136930.8,13.336033,4299.7573,-13.918147,65.85432, ?, Masters, Married-civ-spouse, ?, Husband, White, Male, United-States, >50K
39.54842,180400.62,12.99757,727.4427,-12.707492,47.805035, Private, Bachelors, Married-civ-spouse, Tech-support, Husband, White, Male, United-States, <=50K
34.177685,149055.1,13.030851,1083.8163,-3.843707,53.15692, Private, Bachelors, Never-married, Exec-managerial, Own-child, White, Male, United-States, >50K
58.04613,253089.08,12.881765,274.43768,1720.4742,37.85733, Local-gov, Bachelors, Married-civ-spouse, Exec-managerial, Husband, White, Male, United-States, >50K
28.946262,96014.17,13.046821,-14.327213,-0.5238904,53.142666, Private, Bachelors, Never-married, Exec-managerial, Not-in-family, White, Female, United-States, <=50K
32.134716,91595.414,9.977569,-148.00824,-22.330896,52.78087, Private, Some-college, Married-civ-spouse, Exec-managerial, Husband, White, Male, United-States, <=50K
31.871338,72395.766,10.186247,233.15417,-10.7044935,42.352676, Federal-gov, Some-college, Married-civ-spouse, Adm-clerical, Husband, White, Male, United-States, >50K
35.239655,162714.11,10.573381,-623.20514,47.138325,26.450655, Local-gov, Some-college, Separated, Prof-specialty, Not-in-family, White, Female, United-States, <=50K
24.584785,226304.23,9.062471,266.81335,7.4135866,33.041164, Private, HS-grad, Married-civ-spouse, Adm-clerical, Husband, White, Male, United-States, <=50K
78.14144,83276.98,0.94886684,3060.848,44.38866,-10.513903, Private, 10th, Divorced, Adm-clerical, Own-child, White, Female, United-States, <=50K
47.24306,131826.11,8.912754,1963.4811,2.9876146,42.956497, Private, HS-grad, Never-married, Exec-managerial, Not-in-family, White, Male, United-States, <=50K
42.633144,263789.9,4.023578,333.58923,-22.903772,39.718414, Private, 10th, Married-civ-spouse, Farming-fishing, Husband, White, Male, United-States, <=50K
56.02896,509140.66,13.179405,-112.15754,3.8710375,28.680649, Private, Bachelors, Married-civ-spouse, Adm-clerical, Husband, White, Male, United-States, <=50K
41.69328,85444.21,14.132215,-134.2995,-16.26127,66.46249, State-gov, Masters, Married-civ-spouse, Prof-specialty, Husband, White, Male, United-States, <=50K
51.25786,204170.14,10.036455,12278.226,-14.465411,42.369514, Private, Some-college, Married-civ-spouse, Prof-specialty, Husband, White, Male, United-States, >50K
47.791527,106167.32,8.965656,-881.4931,11.1937,46.77285, Private, HS-grad, Divorced, Handlers-cleaners, Unmarried, White, Male, United-States, <=50K
71.08017,55298.438,10.025203,576.031,-5.103549,40.504936, Self-emp-not-inc, Some-college, Married-civ-spouse, Exec-managerial, Husband, White, Male, United-States, <=50K
32.693077,246547.81,12.254718,949.8771,-8.862773,44.096127, Private, Assoc-acdm, Divorced, Other-service, Not-in-family, White, Male, United-States, <=50K
50.765224,120923.7,11.451426,-240.89215,-12.764476,49.589016, Federal-gov, Assoc-voc, Separated, Sales, Not-in-family, White, Female, United-States, <=50K
40.788563,112235.42,11.303242,-366.2326,3.9331255,35.47392, Private, Assoc-voc, Never-married, Craft-repair, Not-in-family, White, Male, United-States, <=50K
33.411358,110238.22,10.02038,570.5292,-6.9735518,40.70815, Private, Some-college, Never-married, Machine-op-inspct, Own-child, White, Male, United-States, <=50K
27.476555,145746.3,8.97314,214.33093,16.978018,53.174667, Private, HS-grad, Never-married, Tech-support, Not-in-family, White, Female, United-States, <=50K
29.684208,235439.94,10.930231,491.60883,-7.4422865,65.96476, Private, Assoc-voc, Married-civ-spouse, Craft-repair, Not-in-family, White, Male, United-States, <=50K
37.02779,124071.695,10.034986,1082.433,-16.437998,38.074852, ?, Some-college, Divorced, ?, Not-in-family, White, Female, United-States, <=50K
44.269356,142442.6,12.597111,199.38666,2.7238665,44.038986, Private, Bachelors, Married-civ-spouse, Sales, Husband, White, Male, United-States, >50K
36.91008,7431.6724,11.9193535,-440.67487,1300.0186,46.49812, Private, Assoc-voc, Never-married, Sales, Not-in-family, White, Male, United-States, <=50K
19.122488,612363.3,8.646826,632.1964,-16.166628,43.3906, Private, 12th, Never-married, Exec-managerial, Own-child, White, Male, United-States, <=50K
44.09132,169224.75,12.947499,725.7106,5.2421236,35.708744, Self-emp-not-inc, Bachelors, Married-civ-spouse, Prof-specialty, Husband, White, Male, United-States, >50K
39.063282,112530.625,13.003652,51.13464,11.452931,37.6504, Private, Bachelors, Never-married, Adm-clerical, Not-in-family, White, Male, United-States, <=50K
46.782085,158173.12,9.1054325,-12.7934,1568.0347,47.040188, Private, HS-grad, Married-civ-spouse, Sales, Husband, White, Male, United-States, <=50K
41.8504,56954.53,9.038468,399.88782,-6.074336,41.856354, Private, HS-grad, Divorced, Adm-clerical, Unmarried, White, Female, United-States, <=50K
49.993526,106435.23,13.658829,2675.0308,-0.37671936,38.923485, Private, Masters, Divorced, Exec-managerial, Unmarried, White, Male, United-States, <=50K
52.75013,120034.41,11.813766,154.55432,1.1581851,29.229984, Private, Bachelors, Never-married, Craft-repair, Not-in-family, White, Male, United-States, <=50K
45.059647,144664.58,11.664556,156.89252,-8.179751,41.580906, ?, Bachelors, Married-civ-spouse, ?, Husband, White, Male, United-States, <=50K
27.07644,227699.36,8.996426,605.114,-5.311702,44.496326, Private, HS-grad, Married-civ-spouse, Machine-op-inspct, Husband, White, Male, United-States, <=50K
56.29536,346287.53,15.325219,348.68707,-15.026309,49.284004, Self-emp-not-inc, Assoc-acdm, Married-civ-spouse, Prof-specialty, Husband, White, Male, United-States, <=50K
46.46924,-15510.655,9.035404,1165.722,8.473226,44.75098, Private, HS-grad, Divorced, Adm-clerical, Not-in-family, White, Male, United-States, <=50K
59.004707,156734.45,14.231007,36941.938,-2.0254164,44.670345, Private, Masters, Married-civ-spouse, Exec-managerial, Husband, White, Male, United-States, >50K
29.496954,193565.31,8.977172,-104.481026,5.0803957,37.21656, Private, HS-grad, Married-civ-spouse, Machine-op-inspct, Husband, White, Male, United-States, <=50K
25.550669,125515.25,6.77679,503.2782,-37.28439,74.35942, Private, 11th, Divorced, Craft-repair, Own-child, White, Male, United-States, <=50K
63.583027,234757.45,9.017089,2040.3553,-7.4229383,51.177143, Private, HS-grad, Married-civ-spouse, Tech-support, Own-child, White, Female, United-States, <=50K
38.89841,170230.47,9.073003,787.30194,-16.798075,37.564674, Private, HS-grad, Married-civ-spouse, Exec-managerial, Husband, White, Male, United-States, <=50K
49.817604,168324.44,7.7341394,-88.550606,-9.498103,25.659065, Private, 11th, Married-civ-spouse, Exec-managerial, Husband, White, Male, United-States, <=50K
37.57656,431300.03,10.135337,-65.87568,-27.722017,56.256493, Private, Some-college, Married-civ-spouse, Handlers-cleaners, Husband, White, Male, United-States, >50K
38.194054,211845.83,10.091379,-571.3936,11.3233385,46.358448, Local-gov, Some-college, Married-civ-spouse, Protective-serv, Husband, White, Male, United-States, >50K
34.155678,213770.28,9.016809,947.66,11.4576235,32.026417, Private, HS-grad, Never-married, Machine-op-inspct, Not-in-family, White, Female, United-States, <=50K
20.437366,109565.83,9.9326935,323.1325,-14.491527,39.43706, Private, Some-college, Never-married, Craft-repair, Not-in-family, White, Male, United-States, <=50K
39.48622,191287.55,11.073439,490.0794,1712.8748,57.950478, Private, Assoc-voc, Married-civ-spouse, Craft-repair, Husband, White, Male, United-States, >50K
32.92819,292589.72,9.0165615,-777.8261,-12.619067,38.30715, Private, HS-grad, Married-civ-spouse, Transport-moving, Husband, White, Male, United-States, <=50K
46.664684,268260.97,9.024274,945.24384,15.1354265,36.42636, Private, HS-grad, Divorced, Machine-op-inspct, Not-in-family, White, Female, United-States, <=50K
39.209927,144155.88,12.962677,361.7735,-2.2419844,39.383957, Private, Bachelors, Married-civ-spouse, Transport-moving, Husband, White, Male, United-States, <=50K
56.68667,197261.17,9.129696,149.82745,4.124379,47.879482, Private, HS-grad, Never-married, Craft-repair, Not-in-family, White, Female, United-States, <=50K
55.046303,102607.05,12.955115,1058.1752,20.833273,48.29228, Self-emp-not-inc, Bachelors, Married-civ-spouse, Farming-fishing, Husband, White, Male, United-States, >50K
41.130367,109855.1,9.215837,263.59058,1966.3918,40.43373, Private, HS-grad, Married-civ-spouse, Machine-op-inspct, Wife, White, Female, United-States, <=50K
25.697893,62631.617,9.159731,59.011715,4.819875,44.514732, Private, HS-grad, Married-civ-spouse, Exec-managerial, Husband, White, Male, United-States, <=50K
26.741777,120492.12,9.999255,585.5435,-4.3437834,39.46465, Private, Some-college, Never-married, Other-service, Not-in-family, White, Female, United-States, <=50K
50.552715,199665.75,10.119504,-160.44818,2239.9763,40.378136, Private, Some-college, Married-civ-spouse, Exec-managerial, Husband, White, Male, United-States, >50K
25.514887,145019.92,13.658829,147.28577,-24.70695,39.29663, Private, Masters, Never-married, Other-service, Not-in-family, White, Male, United-States, <=50K
21.552988,149525.39,8.989293,335.71344,5.7523317,44.801304, Private, HS-grad, Never-married, Other-service, Own-child, White, Male, United-States, <=50K
15.580943,108618.625,12.022408,-62.29096,-1.0791119,32.10444, Private, Bachelors, Never-married, Handlers-cleaners, Own-child, White, Male, United-States, <=50K
35.969692,120315.43,10.085033,13.873714,10.016194,40.858242, Private, Some-college, Divorced, Adm-clerical, Unmarried, White, Female, United-States, <=50K
31.568983,117022.6,13.212242,305.62604,4.5399294,7.528082, Self-emp-not-inc, Bachelors, Never-married, Prof-specialty, Own-child, White, Male, United-States, <=50K
70.43156,316868.38,10.068546,2111.5544,-8.66714,32.195217, Local-gov, Some-college, Widowed, Adm-clerical, Not-in-family, White, Male, United-States, <=50K
34.10975,149120.1,10.041207,-550.1401,1.4516116,35.39921, Federal-gov, Some-college, Never-married, Adm-clerical, Not-in-family, White, Female, United-States, <=50K
30.091608,26317.516,7.9174337,-619.5296,25.58985,47.371326, Private, 11th, Married-civ-spouse, Machine-op-inspct, Husband, White, Male, United-States, <=50K
13.220176,212587.44,10.079145,390.3839,-1.6041974,33.32054, Private, Some-college, Never-married, Prof-specialty, Own-child, White, Male, United-States, <=50K
30.357563,191980.61,9.944662,1492.9905,-9.391276,42.444736, Self-emp-inc, Some-college, Married-civ-spouse, Other-service, Own-child, White, Male, United-States, <=50K
30.308487,122831.734,9.02713,-288.41193,31.212152,31.765865, Federal-gov, HS-grad, Never-married, Protective-serv, Not-in-family, White, Male, United-States, <=50K
31.885914,363571.94,9.989598,1.7339437,-9.203364,27.894806, Private, Some-college, Never-married, Machine-op-inspct, Not-in-family, White, Male, United-States, <=50K
21.947248,174359.25,9.06761,239.7998,1.6760226,39.594944, Private, HS-grad, Never-married, Machine-op-inspct, Not-in-family, White, Female, United-States, <=50K
45.359505,138802.81,10.075636,260.8349,-11.593341,33.621082, Private, Some-college, Married-civ-spouse, Sales, Husband, White, Male, United-States, <=50K
43.28558,28872.219,9.099113,1406.9333,5.0143404,51.28168, Local-gov, HS-grad, Widowed, Protective-serv, Not-in-family, White, Female, United-States, <=50K
38.867714,49527.03,9.137586,-424.08075,48.86584,39.641438, Local-gov, HS-grad, Never-married, Machine-op-inspct, Not-in-family, White, Female, United-States, <=50K
15.306737,53901.14,9.01347,642.8959,19.726477,27.786976, Private, HS-grad, Never-married, Adm-clerical, Own-child, White, Female, United-States, <=50K
32.064827,293957.7,13.034808,624.26294,-12.096591,43.337013, Self-emp-inc, Bachelors, Married-civ-spouse, Exec-managerial, Husband, White, Male, United-States, <=50K
82.25823,197533.19,11.446262,410.20648,15.622289,36.194687, Private, Bachelors, Married-civ-spouse, Sales, Husband, White, Male, United-States, >50K
47.71026,139962.22,13.213294,-195.16644,13.222302,35.195026, Private, Bachelors, Married-civ-spouse, Sales, Husband, White, Male, United-States, <=50K
53.045307,274160.34,9.135062,-534.6828,2050.8457,43.317753, Private, HS-grad, Married-civ-spouse, Farming-fishing, Husband, White, Male, United-States, <=50K
52.30336,150886.45,6.566621,142.30994,9.90585,35.454906, ?, 10th, Divorced, Sales, Own-child, White, Female, United-States, <=50K
50.989407,109136.53,9.041951,1001.6527,10.238538,51.329056, Private, HS-grad, Divorced, Exec-managerial, Not-in-family, White, Male, United-States, <=50K
35.2877,119017.11,8.96969,1031.709,-4.038295,45.92901, Private, HS-grad, Married-civ-spouse, Machine-op-inspct, Husband, White, Male, United-States, <=50K
59.223625,312531.72,9.236022,358.84094,-5.9066954,41.459175, Self-emp-not-inc, HS-grad, Widowed, Other-service, Not-in-family, White, Female, United-States, <=50K
60.727077,202300.14,7.273017,-589.72784,-22.731516,17.55176, Private, 11th, Divorced, Craft-repair, Not-in-family, White, Female, United-States, <=50K
24.676443,289314.22,13.802389,-10.258976,-3.371974,26.38533, Private, Masters, Never-married, Sales, Other-relative, White, Male, United-States, <=50K
39.553204,100014.984,10.089266,-134.58063,-1.0144681,38.80587, Private, Some-college, Divorced, Machine-op-inspct, Unmarried, White, Male, United-States, <=50K
44.470646,57861.516,9.122576,333.34174,3.958066,36.350536, Private, HS-grad, Married-civ-spouse, Farming-fishing, Husband, White, Male, United-States, <=50K
48.806458,273692.7,8.682764,129.38574,15.5950365,36.56091, Private, HS-grad, Divorced, Adm-clerical, Not-in-family, White, Female, United-States, <=50K
36.0397,343032.6,7.1773,1204.2877,21.427687,31.715017, Federal-gov, HS-grad, Separated, Adm-clerical, Other-relative, White, Female, United-States, <=50K
42.999596,-18220.781,12.44564,157.95917,21.808645,68.50706, Self-emp-not-inc, Bachelors, Married-civ-spouse, Sales, Husband, White, Male, United-States, <=50K
31.136477,135544.33,10.005821,117.839165,11.679791,36.381004, Federal-gov, Some-college, Never-married, Adm-clerical, Not-in-family, White, Male, United-States, <=50K
45.96069,18879.172,12.9203205,-179.06793,-11.087253,50.122505, Private, Bachelors, Married-civ-spouse, Exec-managerial, Husband, White, Male, United-States, >50K
22.085846,180003.98,9.027219,-398.7437,24.320692,31.979298, Private, HS-grad, Never-married, Craft-repair, Husband, White, Male, United-States, <=50K
26.56597,174473.97,13.009968,143.86615,9.633306,42.998203, Private, Bachelors, Married-civ-spouse, Sales, Husband, White, Male, United-States, >50K
44.721245,224531.47,11.397118,-39.075382,72.89383,41.64421, Private, Assoc-voc, Married-civ-spouse, Prof-specialty, Husband, White, Male, United-States, <=50K
69.199875,167874.77,10.021244,-611.02313,-48.153362,41.577217, Private, Some-college, Married-spouse-absent, Tech-support, Unmarried, White, Female, United-States, <=50K
41.378735,130277.91,9.080547,-231.18634,-16.192156,44.447124, Private, HS-grad, Married-civ-spouse, Craft-repair, Husband, White, Male, United-States, >50K
60.561237,423551.25,13.1945505,25.212582,1.6141635,52.930225, Private, Bachelors, Married-civ-spouse, Prof-specialty, Husband, White, Male, United-States, >50K
26.46149,256748.58,10.280768,251.79803,-0.030466927,38.512764, ?, Some-college, Never-married, ?, Not-in-family, White, Female, United-States, <=50K
42.999886,133290.23,13.173347,462.06714,-10.242152,46.482468, Self-emp-inc, Bachelors, Married-civ-spouse, Exec-managerial, Husband, White, Male, United-States, <=50K
15.576535,179220.14,10.997656,158.41864,2.12576,28.057503, Private, Assoc-acdm, Never-married, Craft-repair, Own-child, White, Male, United-States, <=50K
32.38102,273979.06,10.083458,390.669,-5.168269,33.17059, Private, Some-college, Married-civ-spouse, Craft-repair, Husband, White, Male, United-States, <=50K
46.312565,176108.02,9.915722,164.55365,-17.897867,58.70611, ?, Some-college, Divorced, ?, Own-child, White, Male, United-States, <=50K
26.929253,123490.54,9.560865,-201.17303,-3.9142332,31.20929, Private, HS-grad, Never-married, Prof-specialty, Own-child, White, Female, United-States, <=50K
32.85812,132220.56,5.566611,-101.926094,29.66496,42.892933, Private, 10th, Divorced, Machine-op-inspct, Not-in-family, White, Male, United-States, <=50K
48.078075,100835.32,3.73351,73.77453,15.657193,34.90208, Private, 10th, Never-married, Other-service, Not-in-family, White, Female, United-States, <=50K
30.947868,232690.02,9.47286,-304.14838,-4.21593,45.963936, Private, Some-college, Married-civ-spouse, Machine-op-inspct, Husband, White, Male, United-States, <=50K
64.3682,69865.734,2.5288439,259.41418,5.1871843,51.057503, Private, 10th, Divorced, Exec-managerial, Unmarried, White, Male, United-States, <=50K
19.856974,91134.484,10.008236,587.6786,0.9818088,38.646805, State-gov, Some-college, Never-married, Protective-serv, Not-in-family, White, Female, United-States, <=50K
49.983475,180932.02,9.143022,-940.267,-7.944125,38.94303, Private, HS-grad, Married-civ-spouse, Exec-managerial, Husband, White, Male, United-States, >50K
37.550255,76458.15,13.908012,-122.52302,14.949941,43.87708, State-gov, Masters, Divorced, Adm-clerical, Not-in-family, White, Female, United-States, <=50K
37.90497,212537.86,10.218492,162.93677,-26.425661,36.10032, Self-emp-not-inc, Some-college, Married-civ-spouse, Sales, Husband, White, Male, United-States, >50K
42.99421,212904.95,13.761202,15151.366,-25.752932,42.80902, State-gov, Masters, Married-civ-spouse, Sales, Husband, White, Male, United-States, >50K
42.808975,139246.53,6.026269,633.4942,-37.041233,41.44999, Private, 10th, Divorced, Craft-repair, Unmarried, White, Female, United-States, <=50K
38.204624,182025.05,9.085896,38.21185,-2.9915495,40.646946, Private, HS-grad, Married-civ-spouse, Craft-repair, Husband, White, Male, United-States, <=50K
59.124794,182920.4,8.978465,-149.28827,-3.9706144,41.870068, Private, HS-grad, Divorced, Machine-op-inspct, Not-in-family, White, Female, United-States, <=50K
43.241756,171720.55,8.993525,104.71636,-2.0184278,45.51051, Private, HS-grad, Married-civ-spouse, Craft-repair, Husband, White, Male, United-States, <=50K
32.856216,380338.03,10.078634,257.64764,-19.056658,45.370975, Private, Some-college, Married-civ-spouse, Craft-repair, Husband, White, Male, United-States, <=50K
29.228539,427528.16,2.757913,301.03564,-21.931147,39.0006, Private, 10th, Married-civ-spouse, Handlers-cleaners, Husband, White, Male, United-States, <=50K
52.688892,110501.5,10.436875,13048.6455,-29.688852,67.5235, Private, HS-grad, Married-civ-spouse, Exec-managerial, Husband, White, Male, United-States, >50K
50.999943,130288.734,8.932066,3550.8816,18.548285,40.5251, ?, HS-grad, Divorced, ?, Not-in-family, White, Female, United-States, <=50K
44.279987,136895.22,8.993555,155.34851,-7.583461,38.187344, Local-gov, HS-grad, Married-civ-spouse, Other-service, Wife, White, Female, United-States, <=50K
17.805145,307935.62,5.763561,98.52837,11.537259,24.578487, Local-gov, 10th, Never-married, Other-service, Own-child, White, Male, United-States, <=50K
42.862907,100217.41,13.722569,542.315,-15.741778,56.710922, Private, Bachelors, Married-civ-spouse, Sales, Husband, White, Male, United-States, <=50K
24.269531,91896.39,9.025285,-196.26361,2.854413,39.66902, Private, HS-grad, Married-civ-spouse, Exec-managerial, Husband, White, Male, United-States, <=50K
55.318077,206286.22,10.337388,36.34106,-15.43957,42.05994, Private, Assoc-voc, Married-civ-spouse, Craft-repair, Husband, White, Male, United-States, <=50K
47.84659,206071.1,9.033351,-262.6634,-34.85677,22.604153, Private, HS-grad, Widowed, Protective-serv, Not-in-family, White, Female, United-States, <=50K
53.07292,310079.16,5.746727,-272.8813,29.459734,11.789402, ?, 10th, Divorced, ?, Unmarried, White, Female, United-States, <=50K
30.19477,83549.33,13.0983715,140.6034,-2.489787,34.669445, Private, Bachelors, Married-civ-spouse, Exec-managerial, Husband, White, Male, United-States, <=50K
24.305893,137632.75,9.28959,135.46393,5.201436,38.022243, Private, HS-grad, Never-married, Other-service, Own-child, White, Female, United-States, <=50K
69.38857,280883.28,14.334638,248.2301,-18.07252,38.412704, Private, Masters, Divorced, Prof-specialty, Other-relative, White, Male, United-States, <=50K
58.416344,12708.267,10.090059,534.15765,-13.348781,37.363873, Private, Some-college, Divorced, Protective-serv, Unmarried, White, Female, United-States, <=50K
20.522026,108193.96,7.441544,-680.68085,-8.3331175,20.507137, Private, 10th, Never-married, Prof-specialty, Own-child, White, Male, United-States, <=50K
27.576538,134305.03,6.1590633,166.05884,-13.224719,49.5943, Private, 10th, Divorced, Other-service, Unmarried, White, Male, United-States, <=50K
68.452774,148471.19,13.072599,150.81885,-8.605258,41.127254, Private, Bachelors, Married-civ-spouse, Exec-managerial, Husband, White, Male, United-States, <=50K
19.848814,535700.1,3.0180588,265.5125,-6.433757,6.3720226, Private, 10th, Never-married, Other-service, Own-child, White, Female, United-States, <=50K
59.24756,178321.38,10.477667,-102.457344,-5.1387587,30.642519, Private, HS-grad, Married-civ-spouse, Prof-specialty, Husband, White, Male, United-States, <=50K
30.861572,167772.7,6.257293,752.25806,-27.845514,34.060936, Local-gov, 10th, Never-married, Craft-repair, Own-child, White, Male, United-States, <=50K
40.185505,114132.88,9.771506,-297.67828,9.003209,46.414745, Federal-gov, HS-grad, Never-married, Transport-moving, Not-in-family, White, Female, United-States, <=50K
46.70872,95431.44,8.966255,376.38208,-11.172755,36.207355, Private, HS-grad, Widowed, Transport-moving, Not-in-family, White, Male, United-States, <=50K
33.726078,167228.64,8.997166,-347.44037,14.013867,38.774464, Private, HS-grad, Divorced, Machine-op-inspct, Unmarried, White, Female, United-States, <=50K
62.327347,9540.282,4.648771,278.76733,-7.0802565,26.900787, Local-gov, 10th, Divorced, Craft-repair, Not-in-family, White, Male, United-States, <=50K
39.017223,303908.56,13.064629,1017.0334,17.02738,39.696766, Private, Bachelors, Divorced, Machine-op-inspct, Not-in-family, White, Female, United-States, <=50K
30.469044,417922.0,9.127403,4107.082,-1.5911893,33.434887, Private, HS-grad, Never-married, Machine-op-inspct, Not-in-family, White, Female, United-States, <=50K
31.699835,144921.55,13.061329,-186.08844,-9.5117445,45.637394, Private, Bachelors, Married-civ-spouse, Exec-managerial, Husband, White, Male, United-States, >50K
40.426823,118846.234,11.248517,376.84985,1622.007,35.252235, Private, Bachelors, Never-married, Handlers-cleaners, Not-in-family, White, Male, United-States, >50K
50.549923,141608.55,12.442395,-107.7436,-3.905902,42.168415, ?, Bachelors, Married-civ-spouse, ?, Husband, White, Male, United-States, <=50K
37.357006,86130.93,9.055303,547.0402,13.547322,50.080925, Self-emp-not-inc, HS-grad, Married-civ-spouse, Craft-repair, Husband, White, Male, United-States, >50K
24.72527,246548.78,10.12121,-30.136784,-12.03374,31.524277, Private, Some-college, Never-married, Machine-op-inspct, Not-in-family, White, Female, United-States, <=50K
65.15328,149074.33,9.0237,569.5956,-21.745455,23.090927, Federal-gov, HS-grad, Married-civ-spouse, Exec-managerial, Other-relative, White, Female, United-States, <=50K
40.370796,205838.88,13.007873,2190.6567,-20.640223,43.932644, Private, Bachelors, Divorced, Exec-managerial, Not-in-family, White, Female, United-States, >50K
40.51368,210856.23,8.436613,120.714775,-10.336337,29.06196, Private, 10th, Divorced, Sales, Unmarried, White, Female, United-States, <=50K
21.423714,44479.047,10.026556,339.37158,18.910055,37.05022, Private, Some-college, Never-married, Adm-clerical, Not-in-family, White, Female, United-States, <=50K
53.4789,113487.02,9.103399,-553.5889,39.44039,42.197235, Local-gov, HS-grad, Divorced, Prof-specialty, Not-in-family, White, Female, United-States, <=50K
38.400944,215080.4,9.087796,38.621883,10.3782625,26.910254, Private, HS-grad, Married-civ-spouse, Adm-clerical, Husband, White, Male, United-States, <=50K
39.70764,167067.34,14.510608,-547.8172,-15.026225,45.37617, Self-emp-inc, Masters, Divorced, Prof-specialty, Not-in-family, White, Male, United-States, <=50K
37.258038,115173.7,13.923838,1755.9609,-0.7815732,27.910097, Private, Masters, Never-married, Exec-managerial, Other-relative, White, Male, United-States, >50K
35.59956,203744.53,13.056049,403.62897,-6.51707,51.078373, Private, Bachelors, Divorced, Exec-managerial, Unmarried, White, Female, United-States, <=50K
61.567204,259746.47,7.918262,1478.0,-1.7672604,44.877987, Private, 10th, Married-civ-spouse, Sales, Husband, White, Male, United-States, <=50K
14.940791,247245.86,7.76836,18197.674,-47.007183,31.821226, Self-emp-inc, 11th, Never-married, Adm-clerical, Own-child, White, Female, United-States, <=50K
29.155014,143133.3,9.049257,309.4674,4.2544985,49.751507, Private, HS-grad, Married-civ-spouse, Handlers-cleaners, Husband, White, Male, United-States, <=50K
26.678978,119569.07,9.911349,937.38715,-9.204471,45.070595, ?, Some-college, Never-married, ?, Own-child, White, Male, United-States, <=50K
50.508648,90676.3,1.6421013,489.77045,-43.808468,36.89383, Private, 10th, Never-married, Other-service, Unmarried, White, Male, United-States, <=50K
59.293873,63078.64,10.088513,206.36584,7.9122286,42.899776, Private, Some-college, Never-married, Exec-managerial, Not-in-family, White, Female, United-States, <=50K
24.58352,147693.14,13.434381,478.4626,-6.32928,35.44312, Private, Masters, Never-married, Other-service, Not-in-family, White, Male, United-States, <=50K
31.300083,207905.89,5.418354,36.773495,-22.263521,-25.985601, ?, 10th, Never-married, ?, Own-child, White, Male, United-States, <=50K
23.619408,136786.7,5.334229,-296.55634,28.160654,41.05544, Private, 10th, Never-married, Tech-support, Unmarried, White, Female, United-States, <=50K
50.119736,86748.945,13.047785,179.1192,6.621358,56.1854, Self-emp-not-inc, Bachelors, Never-married, Prof-specialty, Not-in-family, White, Male, United-States, <=50K
30.896343,58365.39,13.747741,268.1626,5.428281,58.785618, Private, Masters, Never-married, Prof-specialty, Not-in-family, White, Male, United-States, <=50K
68.60438,118191.81,9.086551,91.302666,-7.9944944,40.18222, Local-gov, HS-grad, Married-civ-spouse, Protective-serv, Husband, White, Male, United-States, <=50K
46.25682,280108.8,9.038349,-160.83539,42.674255,45.35461, Private, HS-grad, Divorced, Adm-clerical, Not-in-family, White, Male, United-States, <=50K
62.76784,121684.66,6.934792,1201.8182,17.316694,37.93054, State-gov, 11th, Divorced, ?, Own-child, White, Female, United-States, <=50K
41.884,185610.58,9.084762,37.625362,-7.832431,27.495377, Private, HS-grad, Never-married, Craft-repair, Not-in-family, White, Male, United-States, <=50K
36.56541,193827.69,10.042445,455.19232,-15.789737,42.113613, Private, Some-college, Married-civ-spouse, Exec-managerial, Husband, White, Male, United-States, <=50K
43.232327,62732.14,13.603786,743.2437,-38.623165,33.38916, Private, Masters, Never-married, Other-service, Unmarried, White, Female, United-States, <=50K
26.819805,135290.36,9.054813,318.09076,-1.0333279,42.13687, Private, HS-grad, Never-married, Transport-moving, Own-child, White, Male, United-States, <=50K
32.324318,255952.05,9.151777,306.20282,10.597501,27.755285, State-gov, HS-grad, Never-married, Other-service, Own-child, White, Male, United-States, <=50K
23.59022,99625.945,11.165323,1152.3274,-12.637614,47.61345, Private, Assoc-voc, Never-married, Machine-op-inspct, Own-child, White, Male, United-States, >50K
65.02498,132118.19,10.196093,167.58856,-1.7052487,42.012585, Private, HS-grad, Married-civ-spouse, Sales, Husband, White, Male, United-States, <=50K
26.677889,318648.4,9.052802,267.1833,2.4009523,37.994293, Private, HS-grad, Never-married, Machine-op-inspct, Not-in-family, White, Male, United-States, <=50K
36.5947,330907.47,12.987653,14.101986,-14.085986,35.141773, Private, Bachelors, Married-civ-spouse, Craft-repair, Husband, White, Male, United-States, <=50K
73.720085,158476.78,4.0539637,-132.32977,-8.931865,30.703192, Private, 10th, Married-civ-spouse, Other-service, Other-relative, White, Female, United-States, <=50K
21.210642,258911.16,9.070826,-153.3808,13.92217,21.55523, Private, HS-grad, Never-married, Handlers-cleaners, Not-in-family, White, Female, United-States, <=50K
23.781328,105783.22,9.112996,774.1865,836.10406,38.40513, Private, HS-grad, Separated, Sales, Own-child, White, Female, United-States, <=50K
51.17414,127990.5,6.943619,-326.1833,-18.175722,40.102825, Private, 10th, Married-civ-spouse, Craft-repair, Husband, White, Male, United-States, <=50K
33.155746,205100.45,9.073398,215.06848,8.317288,37.936386, Private, HS-grad, Never-married, Adm-clerical, Own-child, White, Female, United-States, <=50K
33.0911,160458.11,6.679973,1165.069,-1.4293851,43.87311, Private, 10th, Married-civ-spouse, Machine-op-inspct, Husband, White, Male, United-States, <=50K
72.84672,161646.75,13.070522,816.2324,-15.693431,42.993668, Self-emp-inc, Bachelors, Married-civ-spouse, Exec-managerial, Husband, White, Male, United-States, <=50K
81.06342,144846.44,11.872914,17998.21,-13.114619,35.913334, ?, Bachelors, Married-civ-spouse, ?, Husband, White, Male, United-States, >50K
39.40936,100314.74,10.08918,1760.1273,-31.749697,48.274166, Private, Some-college, Married-civ-spouse, Tech-support, Wife, White, Female, United-States, <=50K
49.23824,136438.02,9.035965,-273.79962,-5.995883,52.42573, Federal-gov, HS-grad, Married-civ-spouse, Adm-clerical, Husband, White, Male, United-States, <=50K
44.85245,184303.92,12.225917,1018.2441,-0.4640683,32.694077, Self-emp-not-inc, Bachelors, Married-civ-spouse, Adm-clerical, Husband, White, Male, United-States, <=50K
28.169956,246922.64,10.1395035,-395.73138,-9.882106,34.873516, Private, Some-college, Never-married, Machine-op-inspct, Own-child, White, Male, United-States, <=50K
36.558357,45439.86,10.731489,320.74304,1563.2039,60.17908, Private, Assoc-voc, Married-civ-spouse, Sales, Husband, White, Male, United-States, <=50K
65.2951,133776.67,8.080381,50.64813,-4.6047773,53.090523, ?, 12th, Married-civ-spouse, ?, Husband, White, Male, United-States, <=50K
14.322984,195281.12,10.038081,349.14972,2.0216951,32.877987, Private, Some-college, Never-married, Adm-clerical, Own-child, White, Female, United-States, <=50K
24.604467,218419.75,10.305143,-271.90643,13.999204,48.004677, Private, Some-college, Never-married, Adm-clerical, Not-in-family, White, Male, United-States, <=50K
44.00072,157202.06,13.753526,-665.6069,-14.054088,30.29773, Federal-gov, Masters, Married-civ-spouse, Prof-specialty, Husband, White, Male, United-States, >50K
46.362595,246917.28,10.264244,118.26806,-10.625026,46.315758, Private, Some-college, Divorced, Sales, Not-in-family, White, Female, United-States, <=50K
34.841156,275175.84,13.02173,301.22748,-10.082423,40.38873, Private, Bachelors, Divorced, Adm-clerical, Not-in-family, White, Female, United-States, <=50K
34.2044,62693.477,10.1239805,52.458065,-4.2321577,23.382555, Private, Some-college, Never-married, Sales, Not-in-family, White, Female, United-States, <=50K
30.472761,111045.875,10.0292,-472.1679,1924.1244,53.576378, Private, Some-college, Separated, Machine-op-inspct, Not-in-family, White, Male, United-States, <=50K
52.04492,236700.0,14.821715,-281.83563,11.204801,22.648256, Local-gov, Bachelors, Married-civ-spouse, Prof-specialty, Husband, White, Male, United-States, >50K
34.68668,195293.27,8.750163,-101.70722,14.7330675,36.391453, Private, HS-grad, Divorced, Machine-op-inspct, Unmarried, White, Female, United-States, <=50K
33.788513,235546.08,13.858322,39508.64,13.0450945,64.88117, Private, Masters, Married-civ-spouse, Exec-managerial, Husband, White, Male, United-States, >50K
24.542006,150607.12,9.513624,-186.30597,-10.014255,28.878586, Private, HS-grad, Never-married, Craft-repair, Not-in-family, White, Male, United-States, <=50K
59.501724,292774.38,9.125313,2645.6187,26.497854,46.672386, Private, HS-grad, Divorced, Machine-op-inspct, Not-in-family, White, Male, United-States, >50K
65.22507,230783.39,10.222056,1004.88715,-23.87369,30.05244, Private, Some-college, Married-civ-spouse, Exec-managerial, Wife, White, Female, United-States, >50K
39.121223,295226.1,11.310669,205.11401,10.110333,19.056835, Private, Assoc-voc, Married-civ-spouse, Tech-support, Wife, White, Female, United-States, <=50K
48.898453,151326.0,9.011272,481.1291,7.6883135,46.275112, Private, HS-grad, Married-civ-spouse, Machine-op-inspct, Husband, White, Male, United-States, >50K
33.621162,143092.27,10.046336,74.15716,20.268255,37.688442, Private, Some-college, Never-married, Sales, Not-in-family, White, Female, United-States, <=50K
23.68596,-14377.983,10.070825,-52.65949,-19.1186,38.971428, Private, Some-college, Married-civ-spouse, Craft-repair, Husband, White, Male, United-States, <=50K
44.01534,15849.595,13.064252,107.941826,1367.632,45.180023, Self-emp-not-inc, Bachelors, Married-civ-spouse, Sales, Husband, White, Male, United-States, >50K
59.19154,61031.75,9.95796,535.7275,-0.7014874,38.114677, Private, Some-college, Married-civ-spouse, Prof-specialty, Husband, White, Male, United-States, <=50K
33.312046,127460.72,5.9429026,275.44537,-22.278826,-0.55869496, Self-emp-not-inc, 10th, Separated, Other-service, Own-child, White, Male, United-States, <=50K
45.667133,122004.13,13.024843,1194.4663,5.917653,78.487, Private, Bachelors, Never-married, Prof-specialty, Not-in-family, White, Male, United-States, >50K
27.805265,342180.62,11.447839,1317.433,-18.689241,32.112465, Private, Bachelors, Never-married, Handlers-cleaners, Own-child, White, Male, United-States, <=50K
41.232502,242071.61,12.893516,-44.029606,-58.85696,43.818954, Private, Bachelors, Married-civ-spouse, Tech-support, Own-child, White, Male, United-States, >50K
63.362415,168758.02,14.769742,392.4572,10.951688,35.02581, Self-emp-not-inc, Assoc-acdm, Married-civ-spouse, Prof-specialty, Husband, White, Male, United-States, >50K
49.4641,203608.42,13.054685,509.54468,12.275792,59.22244, Private, Bachelors, Divorced, Adm-clerical, Not-in-family, White, Male, United-States, <=50K
50.714317,92419.46,8.93727,40.034054,0.5445224,39.590347, Self-emp-not-inc, HS-grad, Married-civ-spouse, Other-service, Husband, White, Male, United-States, <=50K
51.556553,221555.67,10.203886,-49.718204,9.531796,38.6952, Private, Some-college, Divorced, Adm-clerical, Not-in-family, White, Male, United-States, <=50K
50.288296,489098.78,7.3899684,329.16296,-19.18722,36.87615, Private, 11th, Married-civ-spouse, Craft-repair, Husband, White, Male, United-States, <=50K
49.78871,182591.53,13.840757,525.1256,8.813115,44.606224, State-gov, Masters, Married-civ-spouse, Prof-specialty, Husband, White, Male, United-States, <=50K
21.785679,226481.94,10.084631,294.81512,-16.32512,37.670773, Private, Some-college, Never-married, Exec-managerial, Not-in-family, White, Male, United-States, <=50K
32.929455,140802.25,11.083277,5265.634,5.3593645,41.993214, Private, Assoc-voc, Married-civ-spouse, Tech-support, Husband, White, Male, United-States, >50K
30.322063,374769.88,9.42651,4889.692,-3.698268,59.67054, Private, Some-college, Never-married, Farming-fishing, Not-in-family, White, Male, United-States, <=50K
34.517754,262905.75,11.185104,244.0321,-10.989734,42.117157, Private, Assoc-voc, Divorced, Adm-clerical, Not-in-family, White, Female, United-States, <=50K
35.41636,118910.39,13.079502,-60.03107,19.458494,47.706463, Self-emp-not-inc, Bachelors, Married-civ-spouse, Craft-repair, Husband, White, Male, United-States, >50K
35.789547,153510.66,9.245164,343.8192,8.183217,28.830051, Private, HS-grad, Married-civ-spouse, Other-service, Wife, White, Female, United-States, <=50K
27.97578,145677.08,13.019544,757.9872,37.92776,45.380817, Self-emp-not-inc, Bachelors, Never-married, Sales, Own-child, White, Female, United-States, <=50K
44.342197,182853.36,9.010738,488.56708,-2.8981886,55.637737, Private, HS-grad, Married-civ-spouse, Machine-op-inspct, Husband, White, Male, United-States, <=50K
48.52095,225341.48,10.075067,-129.53278,-25.30993,38.8225, Private, Some-college, Married-civ-spouse, Exec-managerial, Husband, White, Male, United-States, <=50K
38.82614,-54048.89,14.423057,-441.43304,1048.9469,47.32514, Self-emp-not-inc, Masters, Never-married, Prof-specialty, Not-in-family, White, Female, United-States, >50K
32.16282,145085.8,9.009396,-104.3144,-4.997302,37.737686, Private, HS-grad, Married-civ-spouse, Adm-clerical, Husband, White, Male, United-States, <=50K
31.978868,133859.17,9.058947,35.98028,4.679639,33.866913, Private, HS-grad, Never-married, Other-service, Not-in-family, White, Male, United-States, <=50K
22.322603,142907.08,10.111178,771.00287,-2.166812,15.879263, ?, Some-college, Never-married, ?, Own-child, White, Male, United-States, <=50K
40.80589,180731.61,10.456512,1420.9761,-13.749736,29.901243, Private, Assoc-voc, Married-civ-spouse, Craft-repair, Husband, White, Male, United-States, <=50K
67.43809,221452.39,8.992483,26.134335,-5.3146086,47.882034, Self-emp-not-inc, HS-grad, Married-civ-spouse, Other-service, Husband, White, Male, United-States, >50K
39.749104,147828.86,5.8664117,1615.3375,17.317175,28.32661, Private, 10th, Divorced, Prof-specialty, Unmarried, White, Male, United-States, <=50K
37.042522,298610.66,8.089456,436.5313,-30.780321,46.501797, Private, 12th, Married-civ-spouse, Transport-moving, Husband, White, Male, United-States, <=50K
31.06216,197661.45,10.207586,2783.1372,-12.763705,49.61046, Private, Some-college, Married-civ-spouse, Exec-managerial, Husband, White, Male, United-States, >50K
51.24265,197999.53,11.632812,-331.3598,-15.891078,42.78568, Private, Assoc-acdm, Married-civ-spouse, Other-service, Husband, White, Male, United-States, <=50K
33.739082,231204.77,6.2054796,610.7341,-25.07847,40.48615, Private, 10th, Married-civ-spouse, Transport-moving, Husband, White, Male, United-States, <=50K
40.110428,170460.56,9.022782,132.54547,-8.597568,29.175835, Self-emp-not-inc, HS-grad, Married-civ-spouse, Craft-repair, Husband, White, Male, United-States, <=50K
43.088894,169086.34,4.6963816,-55.790348,3.017354,53.87646, Private, 10th, Divorced, Exec-managerial, Unmarried, White, Female, United-States, <=50K
33.02076,254713.16,12.972831,87.61077,1758.6387,35.972965, Private, Bachelors, Married-civ-spouse, Adm-clerical, Husband, White, Male, United-States, >50K
30.946644,63855.9,14.057492,522.5297,-18.916506,36.99283, Private, Masters, Never-married, Exec-managerial, Own-child, White, Male, United-States, <=50K
32.795544,175157.58,12.264658,149.74304,1.1218158,22.33121, Private, Assoc-acdm, Married-civ-spouse, Exec-managerial, Wife, White, Female, United-States, >50K
18.625145,186105.45,10.410489,272.63446,3.3560534,54.80705, Private, Some-college, Never-married, Sales, Not-in-family, White, Male, United-States, <=50K
25.255508,200257.62,10.080349,117.37652,10.318006,29.3553, Private, Some-college, Never-married, Adm-clerical, Own-child, White, Female, United-States, <=50K
39.11436,314084.38,11.088294,1073.9196,-0.16294374,43.792442, Private, Some-college, Never-married, Adm-clerical, Unmarried, White, Female, United-States, <=50K
38.803616,278053.72,5.804693,2820.1145,-6.674899,39.709435, Self-emp-not-inc, 10th, Married-civ-spouse, Exec-managerial, Husband, White, Male, United-States, <=50K
28.907408,92019.63,5.402292,412.57745,4.1692095,40.792805, Self-emp-not-inc, 10th, Married-civ-spouse, Craft-repair, Husband, White, Male, United-States, <=50K
52.8039,471722.28,9.070746,113.72253,-8.515086,31.116026, Private, HS-grad, Divorced, Adm-clerical, Not-in-family, White, Female, United-States, <=50K
34.371357,286007.66,5.8750677,407.0741,-32.892933,41.827282, ?, 10th, Divorced, Transport-moving, Not-in-family, White, Male, United-States, <=50K
88.03714,272354.2,4.703596,1834.7042,-39.20592,29.187088, Local-gov, 10th, Married-civ-spouse, Craft-repair, Husband, White, Male, United-States, >50K
81.060234,273967.72,8.929973,33369.33,-17.30948,42.64977, ?, HS-grad, Divorced, ?, Unmarried, White, Male, United-States, >50K
54.997395,225998.33,10.229063,701.0685,-10.702167,36.39375, Private, Some-college, Divorced, Prof-specialty, Not-in-family, White, Female, United-States, >50K
34.69072,59641.914,9.074228,-309.71686,12.089055,43.47092, Federal-gov, HS-grad, Divorced, Craft-repair, Not-in-family, White, Male, United-States, <=50K
13.674308,278925.25,7.158707,310.4751,-12.215922,38.93252, Private, 10th, Never-married, Exec-managerial, Own-child, White, Male, United-States, <=50K
56.213234,303850.97,11.166219,1051.2811,3.2310228,31.710571, State-gov, Assoc-voc, Married-civ-spouse, Exec-managerial, Wife, White, Female, United-States, >50K
28.615374,72427.59,10.130996,426.281,0.69831574,38.58376, State-gov, Some-college, Divorced, Tech-support, Own-child, White, Male, United-States, <=50K
25.086973,149803.03,4.4585567,65.64648,0.774953,54.540173, Private, 10th, Never-married, Farming-fishing, Not-in-family, White, Male, United-States, <=50K
48.9335,188127.88,10.001899,251.48871,1713.9943,48.41236, Private, Some-college, Divorced, Adm-clerical, Not-in-family, White, Male, United-States, <=50K
29.494228,198894.23,12.175064,1334.7316,2.0603914,29.543833, Private, Masters, Married-civ-spouse, Prof-specialty, Wife, White, Female, United-States, >50K
26.000124,59740.867,9.044409,-103.21479,20.987875,44.75477, Private, HS-grad, Never-married, Sales, Unmarried, White, Male, United-States, <=50K
55.555794,97429.164,9.144492,122.96856,3.577054,41.904575, Local-gov, HS-grad, Married-civ-spouse, Exec-managerial, Husband, White, Male, United-States, >50K
58.966225,143528.55,5.1852508,86.73138,2.066327,43.90865, Self-emp-not-inc, 10th, Married-civ-spouse, Other-service, Husband, White, Male, United-States, <=50K
66.72158,138310.31,13.032703,617.88696,20.330626,45.24926, Local-gov, Bachelors, Married-civ-spouse, Craft-repair, Husband, White, Male, United-States, >50K
67.4226,101064.46,7.9100676,302.28052,-13.191493,41.875412, Private, 10th, Married-civ-spouse, Machine-op-inspct, Husband, White, Male, United-States, <=50K
30.574306,117802.5,12.977978,333.07794,-7.8320265,45.74943, Private, Bachelors, Never-married, Farming-fishing, Not-in-family, White, Male, United-States, <=50K
34.117336,116044.44,9.015973,-83.20197,2.1535616,45.66604, Private, HS-grad, Married-civ-spouse, Craft-repair, Husband, White, Male, United-States, <=50K
34.559216,72681.95,9.006483,282.70148,29.345484,46.576416, Private, HS-grad, Divorced, Machine-op-inspct, Not-in-family, White, Male, United-States, <=50K
16.550074,82601.56,9.948761,409.263,10.500157,44.60303, Private, Some-college, Never-married, Adm-clerical, Own-child, White, Female, United-States, <=50K
23.952036,236477.4,10.100733,-74.75385,1534.0413,36.874374, State-gov, Some-college, Never-married, Prof-specialty, Own-child, White, Female, United-States, <=50K
67.282394,464202.9,7.0600543,-102.18903,-13.981471,26.606625, Private, 11th, Married-civ-spouse, Adm-clerical, Husband, White, Male, United-States, <=50K
40.568264,155059.84,12.989711,-319.04205,2.0644426,38.437565, State-gov, Bachelors, Never-married, Prof-specialty, Not-in-family, White, Female, United-States, <=50K
41.532787,59635.883,11.916429,-1583.1584,27.34886,41.80668, Private, Assoc-voc, Never-married, Adm-clerical, Not-in-family, White, Female, United-States, >50K
35.514603,39993.625,9.07592,-210.1225,-2.0528975,42.802166, Private, HS-grad, Divorced, Craft-repair, Unmarried, White, Male, United-States, <=50K
38.40384,120789.67,9.967496,-324.69916,-2.9184065,38.68313, State-gov, Some-college, Never-married, Prof-specialty, Not-in-family, White, Female, United-States, <=50K
48.698147,61967.35,5.405164,-471.1353,21.867117,41.82648, Private, 10th, Divorced, Sales, Not-in-family, White, Male, United-States, <=50K
42.089546,117039.84,6.084473,68.40215,7.463834,8.758579, Private, 10th, Never-married, Adm-clerical, Not-in-family, White, Female, United-States, <=50K
37.537754,150826.89,10.079998,408.6471,1.4560901,44.84719, Private, Some-college, Never-married, Sales, Not-in-family, White, Male, United-States, <=50K
38.950222,268709.34,11.132914,114.32336,-6.308902,55.001984, Private, Assoc-voc, Married-civ-spouse, Other-service, Husband, White, Male, United-States, <=50K
48.34722,174755.3,11.72152,-465.18585,-8.664355,46.905453, Private, Assoc-acdm, Widowed, Sales, Not-in-family, White, Female, United-States, >50K
55.6932,309713.06,10.101259,876.5008,-15.010417,28.152292, Self-emp-not-inc, Some-college, Married-civ-spouse, Craft-repair, Husband, White, Male, United-States, <=50K
50.922176,162835.08,9.635595,839.2777,-13.078982,41.455433, Self-emp-inc, Some-college, Married-civ-spouse, Craft-repair, Husband, White, Male, United-States, >50K
34.700672,157245.34,13.130338,-3.1411784,0.52722657,42.634174, Private, Bachelors, Married-civ-spouse, Sales, Husband, White, Male, United-States, >50K
64.982956,161353.11,3.3127441,149.50275,-1.1680249,35.70647, Private, 10th, Married-civ-spouse, Farming-fishing, Husband, White, Male, United-States, <=50K
58.0749,229579.23,8.918416,-130.76239,3.0704088,55.58632, Private, HS-grad, Married-civ-spouse, Exec-managerial, Husband, White, Male, United-States, >50K
49.637817,89725.65,13.08274,172.6344,17.362982,47.461956, Private, Bachelors, Married-civ-spouse, Sales, Husband, White, Male, United-States, >50K
32.468338,-10074.937,10.166035,-127.27509,9.614461,38.536144, Private, Some-college, Never-married, Tech-support, Not-in-family, White, Male, United-States, >50K
57.89299,193156.6,10.171344,-123.78974,-11.218043,44.46551, Private, Some-college, Widowed, Sales, Not-in-family, White, Female, United-States, <=50K
56.89976,107867.23,12.860912,589.41486,30.135435,37.921246, ?, Bachelors, Divorced, ?, Not-in-family, White, Male, United-States, <=50K
36.70208,144057.9,11.1869955,543.41125,-3.654132,37.27694, Private, Some-college, Divorced, Exec-managerial, Not-in-family, White, Female, United-States, <=50K
26.78442,264946.88,10.036124,492.68042,-16.365732,44.32961, Private, Some-college, Married-civ-spouse, Farming-fishing, Wife, White, Male, United-States, <=50K
39.90852,22734.438,9.047882,-72.070015,-3.512805,43.420525, Private, HS-grad, Married-civ-spouse, Sales, Husband, White, Male, United-States, <=50K
60.61939,116969.55,12.03609,485.0869,-65.045265,43.200104, Self-emp-inc, Masters, Divorced, Exec-managerial, Not-in-family, White, Female, United-States, <=50K
44.89821,162758.84,10.170172,716.65735,-20.845278,20.926424, Private, Some-college, Married-civ-spouse, Craft-repair, Husband, White, Male, United-States, >50K
23.840025,153251.4,13.919889,365.89557,-6.5531874,41.6996, Private, Masters, Never-married, Prof-specialty, Own-child, White, Female, United-States, <=50K
55.615097,172619.38,10.013173,-279.54706,5.446439,39.759537, Private, Some-college, Divorced, Adm-clerical, Unmarried, White, Female, United-States, <=50K
29.172512,108128.04,12.845475,378.17255,12.905873,44.246143, Private, Bachelors, Never-married, Machine-op-inspct, Not-in-family, White, Male, United-States, <=50K
59.562626,158900.92,13.837492,313.62115,3.1737185,41.77206, Private, Masters, Divorced, Adm-clerical, Not-in-family, White, Female, United-States, <=50K
25.393095,223820.34,9.050205,-376.88214,14.642919,46.240913, Private, HS-grad, Never-married, Other-service, Other-relative, White, Male, United-States, <=50K
46.58702,87624.87,10.132748,-298.3969,-2.783328,41.474636, Private, Some-college, Married-civ-spouse, Farming-fishing, Wife, White, Female, United-States, <=50K
33.16881,224072.42,13.671694,489.30414,-23.491495,33.724728, Self-emp-inc, Masters, Married-civ-spouse, Prof-specialty, Husband, White, Male, United-States, <=50K
37.888153,186645.17,7.037443,-704.13556,-3.6079054,30.243969, Private, 11th, Married-civ-spouse, Machine-op-inspct, Own-child, White, Male, United-States, <=50K
27.670958,255380.08,13.056536,-177.69159,4.2743883,71.0942, Private, Bachelors, Never-married, Sales, Not-in-family, White, Female, United-States, <=50K
16.28135,168455.58,11.970659,303.17413,15.573667,26.831738, Private, Assoc-acdm, Never-married, Sales, Own-child, White, Male, United-States, <=50K
26.372509,78597.54,9.05599,348.47437,14.172437,40.66692, Private, HS-grad, Never-married, Other-service, Not-in-family, White, Female, United-States, <=50K
34.132072,147903.58,9.001838,-78.783394,47.631397,43.724804, Private, HS-grad, Married-civ-spouse, Exec-managerial, Husband, White, Male, United-States, <=50K
45.03108,299085.66,9.065141,-132.18219,-1.7345303,35.319683, Federal-gov, HS-grad, Never-married, Exec-managerial, Unmarried, White, Female, United-States, <=50K
46.77484,194339.97,12.106861,130.70264,30.265257,48.704453, Self-emp-not-inc, Bachelors, Married-civ-spouse, Sales, Wife, White, Female, United-States, >50K
32.733105,103609.37,13.06229,3695.0835,-3.7484465,36.585686, Private, Bachelors, Married-civ-spouse, Prof-specialty, Wife, White, Female, United-States, >50K
44.549088,145294.86,13.1275425,-46.694035,1.133443,38.098057, Self-emp-not-inc, Bachelors, Married-civ-spouse, Prof-specialty, Husband, White, Male, United-States, >50K
47.58993,131600.55,8.966219,-46.591007,5.141011,44.87548, Private, HS-grad, Married-civ-spouse, Sales, Husband, White, Male, United-States, <=50K
28.837135,180750.56,10.098061,543.0004,-22.026003,36.091385, Private, Some-college, Married-civ-spouse, Transport-moving, Husband, White, Male, United-States, >50K
54.406696,103224.555,8.918774,-363.2032,-8.311091,49.3554, Private, HS-grad, Married-civ-spouse, Exec-managerial, Husband, White, Male, United-States, >50K
47.353535,21248.36,9.019341,94.87005,-14.912951,36.29997, Private, HS-grad, Married-civ-spouse, Exec-managerial, Husband, White, Male, United-States, <=50K
66.27607,1651.5944,8.260013,-510.6197,22.25611,50.72313, Private, 10th, Never-married, Craft-repair, Not-in-family, White, Female, United-States, <=50K
67.6977,199504.84,7.115137,-632.4057,3.906476,16.512032, Private, 11th, Divorced, Adm-clerical, Not-in-family, White, Female, United-States, <=50K
50.454933,80013.14,12.993425,779.443,27.137228,40.90912, Self-emp-not-inc, Bachelors, Married-civ-spouse, Tech-support, Husband, White, Male, United-States, <=50K
26.005573,149896.55,10.0865345,195.61359,-4.1755323,27.398418, Private, Some-college, Never-married, Sales, Own-child, White, Male, United-States, <=50K
61.03241,113462.66,10.013601,331.4148,-2.025279,39.198524, Private, Some-college, Married-civ-spouse, Farming-fishing, Husband, White, Male, United-States, <=50K
28.46377,58206.203,12.96225,678.84424,32.019302,56.273773, ?, Bachelors, Never-married, ?, Own-child, White, Male, United-States, <=50K
40.030617,341229.94,4.863488,194.47235,22.911444,36.447067, Private, 10th, Never-married, Adm-clerical, Unmarried, White, Female, United-States, <=50K
33.980156,150963.48,8.697404,-867.3925,-9.121814,41.703312, Private, HS-grad, Married-spouse-absent, Machine-op-inspct, Unmarried, White, Female, United-States, <=50K
32.47968,138602.77,10.02344,558.8276,-7.1558867,48.134567, Private, Some-college, Married-civ-spouse, Sales, Husband, White, Male, United-States, >50K
38.015163,272941.72,10.132169,985.0057,-21.689508,35.144047, Local-gov, Some-college, Never-married, Other-service, Not-in-family, White, Female, United-States, <=50K
21.987122,122075.21,10.120568,42.8883,-13.7431135,32.234516, Private, Some-college, Never-married, Prof-specialty, Own-child, White, Male, United-States, <=50K
30.51951,71837.445,10.010716,-24.696354,-22.07451,59.024437, Self-emp-not-inc, Some-college, Married-civ-spouse, Exec-managerial, Husband, White, Male, United-States, <=50K
16.43088,198384.67,7.501251,366.53937,1440.7692,38.41493, Private, 11th, Married-civ-spouse, Machine-op-inspct, Husband, White, Male, United-States, <=50K
59.80163,301030.2,9.738486,3768.7222,-14.105311,36.614212, Private, HS-grad, Married-civ-spouse, Exec-managerial, Husband, White, Male, United-States, <=50K
62.3362,83872.88,9.104605,-77.677925,20.821913,38.775925, Private, HS-grad, Separated, Machine-op-inspct, Unmarried, White, Female, United-States, <=50K
48.99088,140209.45,7.211635,-1380.8987,9.20432,41.01144, Private, 11th, Never-married, Craft-repair, Own-child, White, Male, United-States, <=50K
68.64976,478271.03,8.765394,-232.44476,-39.24085,34.98869, Private, HS-grad, Widowed, Machine-op-inspct, Not-in-family, White, Female, United-States, <=50K
37.42796,83681.26,10.036882,177.44427,-12.573077,44.666798, Private, Some-college, Married-civ-spouse, Exec-managerial, Husband, White, Male, United-States, <=50K
56.70371,311111.56,9.104553,348.71948,0.7791797,39.410454, State-gov, HS-grad, Married-civ-spouse, Transport-moving, Husband, White, Male, United-States, >50K
28.176638,391596.28,9.019037,-6.4474525,-33.51501,48.372112, Self-emp-not-inc, HS-grad, Married-civ-spouse, Craft-repair, Husband, White, Male, United-States, <=50K
36.097874,52114.734,11.830319,-284.64813,0.89246094,51.499546, Private, Assoc-acdm, Married-civ-spouse, Machine-op-inspct, Husband, White, Male, United-States, <=50K
14.243342,100891.05,12.706395,1270.4977,30.35996,24.735838, Private, Bachelors, Never-married, Tech-support, Unmarried, White, Female, United-States, <=50K
41.822346,111710.45,10.067023,687.51514,-32.30476,41.568737, Federal-gov, Some-college, Never-married, Transport-moving, Not-in-family, White, Female, United-States, <=50K
21.651768,117913.36,10.13825,0.757015,23.763021,36.99644, Private, Some-college, Never-married, Sales, Own-child, White, Male, United-States, <=50K
46.238754,229395.89,9.896325,1228.2965,-9.518481,19.322536, Private, Some-college, Married-civ-spouse, Sales, Husband, White, Male, United-States, <=50K
78.013985,213092.6,9.225786,-45.500797,2.2602587,41.960087, Private, HS-grad, Divorced, Prof-specialty, Not-in-family, White, Female, United-States, <=50K
44.131165,66832.89,9.877176,-301.89728,-23.974497,22.647396, Private, Some-college, Divorced, Other-service, Unmarried, White, Female, United-States, <=50K
65.50565,168035.55,3.7562318,2163.7024,-13.729953,17.340422, Self-emp-not-inc, 10th, Married-civ-spouse, ?, Other-relative, White, Male, United-States, <=50K
23.414604,450681.6,10.157787,567.31165,8.312589,33.900383, Private, Some-college, Never-married, Adm-clerical, Own-child, White, Male, United-States, <=50K
55.781475,236489.12,11.35632,-154.90558,8.543363,36.37112, Self-emp-not-inc, Assoc-voc, Married-civ-spouse, Craft-repair, Husband, White, Male, United-States, <=50K
57.49146,106829.38,9.017152,-173.48749,-13.018695,45.06049, Private, HS-grad, Married-civ-spouse, Craft-repair, Husband, White, Male, United-States, <=50K
50.93607,180109.12,14.866859,124.221,-7.492259,25.132175, Private, Bachelors, Married-civ-spouse, Prof-specialty, Husband, White, Male, United-States, >50K
58.69948,46164.61,10.151305,701.00885,-40.02261,37.580536, Self-emp-inc, Some-college, Married-civ-spouse, Exec-managerial, Wife, White, Female, United-States, >50K
56.07891,147996.75,10.067884,352.1012,-30.087648,45.191437, Self-emp-not-inc, Some-college, Never-married, Sales, Not-in-family, White, Male, United-States, <=50K
31.633905,299421.62,9.99499,455.82672,-9.939197,50.65878, Self-emp-not-inc, Some-college, Married-civ-spouse, Craft-repair, Husband, White, Male, United-States, <=50K
45.86894,207100.28,9.022618,149.90778,-16.642702,37.086113, Private, HS-grad, Married-civ-spouse, Exec-managerial, Wife, White, Female, United-States, <=50K
45.210217,166446.58,8.959171,265.8719,-7.8334913,46.14942, Private, HS-grad, Married-civ-spouse, Transport-moving, Husband, White, Male, United-States, <=50K
48.86263,136284.67,4.5564227,2049.8386,-14.734988,69.35993, Private, 10th, Divorced, Transport-moving, Other-relative, White, Male, United-States, <=50K
18.124474,90254.45,10.024332,-587.03754,-18.613878,27.663166, Private, Some-college, Never-married, Handlers-cleaners, Own-child, White, Male, United-States, <=50K
23.101215,116282.8,11.952931,-837.4111,-4.5015287,35.837746, Local-gov, Assoc-acdm, Never-married, Protective-serv, Not-in-family, White, Male, United-States, <=50K
41.489525,402968.8,10.228,1259.7809,5.135907,17.742107, Self-emp-not-inc, Some-college, Separated, Craft-repair, Other-relative, White, Male, United-States, <=50K
24.136137,200698.61,9.025899,6.14349,16.810186,41.56489, Private, HS-grad, Never-married, Machine-op-inspct, Not-in-family, White, Male, United-States, <=50K
50.182037,64474.273,9.044158,-123.0749,20.968634,62.941975, Private, HS-grad, Married-civ-spouse, Tech-support, Wife, White, Female, United-States, >50K
27.278673,142827.77,10.810106,-63.325016,-19.519464,50.310432, Private, Some-college, Separated, Handlers-cleaners, Own-child, White, Male, United-States, <=50K
47.721134,101296.36,11.062508,1111.4171,12.721318,40.356266, ?, Assoc-voc, Divorced, ?, Not-in-family, White, Female, United-States, <=50K
40.386467,257742.73,9.120414,157.71582,-19.463121,43.65954, Private, HS-grad, Separated, Exec-managerial, Unmarried, White, Female, United-States, <=50K
42.769188,208753.58,9.020882,909.0992,-2.689845,41.23105, Private, HS-grad, Married-civ-spouse, Handlers-cleaners, Husband, White, Male, United-States, <=50K
54.81619,271174.6,4.1880374,520.77496,-8.918529,42.50924, Private, 10th, Widowed, Handlers-cleaners, Not-in-family, White, Male, United-States, <=50K
54.86863,24535.844,4.8318872,-383.75507,-3.663249,51.27006, Private, 10th, Married-civ-spouse, Sales, Husband, White, Male, United-States, <=50K
50.691998,220170.62,10.206212,384.16156,-5.8698454,30.976677, Private, Some-college, Divorced, Sales, Not-in-family, White, Female, United-States, <=50K
20.066097,70427.7,10.044011,373.10638,-4.2033186,37.074654, Private, Some-college, Never-married, Transport-moving, Not-in-family, White, Female, United-States, <=50K
45.494644,140881.6,7.220527,-917.41705,7.8980227,27.572582, Private, 11th, Married-civ-spouse, Prof-specialty, Husband, White, Male, United-States, >50K
32.793404,228728.19,12.613036,41490.28,-23.757189,41.66195, Self-emp-inc, Bachelors, Married-civ-spouse, Sales, Husband, White, Male, United-States, >50K
32.057426,356193.9,9.038648,190.51312,3.7310152,42.282692, Private, HS-grad, Married-civ-spouse, Adm-clerical, Husband, White, Male, United-States, <=50K
21.075243,159614.27,5.4692016,81.06194,-15.567981,17.391594, Private, 10th, Never-married, Transport-moving, Own-child, White, Male, United-States, <=50K
31.90448,88636.61,10.077737,213.25598,-1.433154,45.27988, Self-emp-not-inc, Some-college, Never-married, Sales, Own-child, White, Male, United-States, <=50K
34.42982,93031.34,14.199229,-343.8553,-0.7209195,38.559235, State-gov, Masters, Never-married, Adm-clerical, Own-child, White, Female, United-States, <=50K
29.402485,50199.453,8.966762,-371.9073,-35.748432,30.568846, State-gov, 12th, Never-married, Other-service, Unmarried, White, Female, United-States, <=50K
32.381702,113374.414,12.59792,121.79839,-1.8662213,39.860054, ?, Bachelors, Divorced, ?, Not-in-family, White, Female, United-States, <=50K
33.26797,286132.5,12.875221,310.92706,5.225606,44.249508, Private, Bachelors, Married-civ-spouse, Prof-specialty, Husband, White, Male, United-States, >50K
24.956171,171385.48,9.003709,1410.7471,10.619031,39.96815, Local-gov, HS-grad, Married-civ-spouse, Craft-repair, Husband, White, Male, United-States, >50K
38.553513,23537.14,13.170568,85.16094,20.450804,26.556412, Private, Bachelors, Never-married, Prof-specialty, Own-child, White, Male, United-States, <=50K
70.97223,296564.62,8.351069,368.71118,-10.290034,36.38091, Self-emp-not-inc, 10th, Married-civ-spouse, Exec-managerial, Husband, White, Male, United-States, <=50K
64.849304,186166.17,13.396001,1240.4166,-27.787752,27.651415, ?, Masters, Married-civ-spouse, ?, Husband, White, Male, United-States, <=50K
40.651447,149454.25,10.043437,501.6615,-5.946513,51.11634, Private, Some-college, Married-civ-spouse, Machine-op-inspct, Husband, White, Male, United-States, >50K
54.86116,117363.64,14.573321,342.73242,-49.610073,27.129725, Private, Masters, Never-married, Prof-specialty, Not-in-family, White, Female, United-States, <=50K
65.70999,187527.61,12.547871,818.9077,-40.162884,32.515976, Self-emp-inc, Assoc-acdm, Married-civ-spouse, Prof-specialty, Not-in-family, White, Male, United-States, <=50K
36.63981,172493.69,12.871549,-577.58624,0.8492023,44.08971, Federal-gov, Bachelors, Married-civ-spouse, Exec-managerial, Not-in-family, White, Male, United-States, <=50K
36.39198,285932.56,11.0715,1832.2277,-19.142344,40.266003, Private, Assoc-voc, Married-civ-spouse, Craft-repair, Husband, White, Male, United-States, <=50K
38.780468,-37290.78,13.647381,147.07568,0.5230228,59.892494, Private, Masters, Married-civ-spouse, Craft-repair, Husband, White, Male, United-States, <=50K
45.140858,141933.6,9.018523,130.43066,11.717557,43.136738, Private, HS-grad, Married-civ-spouse, Other-service, Husband, White, Male, United-States, <=50K
42.656586,149036.02,8.956421,1100.3308,5.650449,52.696724, Private, HS-grad, Married-civ-spouse, Craft-repair, Husband, White, Male, United-States, >50K
25.242634,205096.42,10.130654,1658.7263,-5.902911,31.931871, Private, Some-college, Never-married, Exec-managerial, Own-child, White, Male, United-States, <=50K
34.728672,346949.28,10.162395,777.4213,-6.1620283,8.697697, Private, Some-college, Married-civ-spouse, Other-service, Husband, White, Male, United-States, <=50K
52.323082,131882.06,8.983631,4311.184,-5.9164762,43.234653, Private, HS-grad, Married-civ-spouse, Craft-repair, Husband, White, Male, United-States, >50K
29.024494,221740.22,8.726287,353.14886,-4.927737,41.99872, Private, HS-grad, Married-civ-spouse, Machine-op-inspct, Husband, White, Male, United-States, <=50K
44.749313,236416.16,9.075645,342.22656,-10.160136,39.26952, Private, HS-grad, Married-civ-spouse, Craft-repair, Husband, White, Male, United-States, <=50K
50.339478,185384.81,12.95785,357.30286,0.82687104,43.195038, Private, Bachelors, Married-civ-spouse, Prof-specialty, Husband, White, Male, United-States, >50K
58.34743,171982.48,10.176155,325.69916,0.5818988,18.780836, Self-emp-not-inc, Some-college, Married-civ-spouse, Prof-specialty, Husband, White, Male, United-States, <=50K
34.75444,53116.39,13.119043,-207.1258,-1.571246,27.168468, Private, Bachelors, Married-civ-spouse, Exec-managerial, Husband, White, Male, United-States, <=50K
48.37499,83193.12,12.798435,192.6352,19.877264,61.282616, Private, Bachelors, Married-spouse-absent, Sales, Husband, White, Male, United-States, <=50K
61.85316,63759.08,9.155188,540.5722,1788.1893,47.419075, Private, HS-grad, Married-civ-spouse, Other-service, Husband, White, Male, United-States, <=50K
56.03894,201341.7,10.322578,668.1491,-1.0806378,16.836664, Private, 11th, Married-civ-spouse, Craft-repair, Husband, White, Male, United-States, <=50K
25.923252,98814.32,11.841295,418.96564,-31.411562,29.49597, Private, Assoc-acdm, Never-married, Transport-moving, Own-child, White, Male, United-States, <=50K
61.30862,179600.92,9.083705,84.92419,7.1160326,28.482069, Private, HS-grad, Widowed, Exec-managerial, Unmarried, White, Female, United-States, <=50K
34.48238,214241.7,13.909398,697.36053,-22.437067,32.393917, Private, Masters, Married-civ-spouse, Transport-moving, Husband, White, Male, United-States, <=50K
67.56722,57536.406,10.158776,476.56927,-15.22195,35.762955, Private, Some-college, Married-civ-spouse, Farming-fishing, Husband, White, Male, United-States, <=50K
30.015308,56545.312,8.990199,87.89416,5.634633,46.77944, Private, HS-grad, Never-married, Craft-repair, Not-in-family, White, Male, United-States, <=50K
41.00286,118029.08,11.106288,-289.13617,-0.64595306,43.92899, Private, Assoc-voc, Never-married, Protective-serv, Not-in-family, White, Female, United-States, <=50K
23.356588,86457.25,10.549381,588.44977,-1.7882336,14.414492, Private, Some-college, Never-married, Tech-support, Own-child, White, Male, United-States, <=50K
35.660366,172336.42,9.047992,718.6265,21.650846,39.613327, Local-gov, HS-grad, Married-civ-spouse, Machine-op-inspct, Husband, White, Male, United-States, <=50K
61.473534,200803.08,9.204646,417.3606,2284.9731,34.726204, Private, HS-grad, Married-civ-spouse, Adm-clerical, Wife, White, Female, United-States, <=50K
41.777733,213617.55,9.866897,304.98492,-36.50716,26.432047, Local-gov, Some-college, Divorced, Handlers-cleaners, Unmarried, White, Female, United-States, <=50K
26.506874,317984.84,12.949792,1715.5746,-48.36938,40.582226, Private, Bachelors, Never-married, Craft-repair, Own-child, White, Female, United-States, <=50K
53.075325,211375.4,10.884023,262.08118,-23.53573,29.06238, Self-emp-inc, Some-college, Widowed, Sales, Not-in-family, White, Female, United-States, <=50K
45.36957,129984.85,8.973684,2009.8328,-3.1593885,43.84341, ?, HS-grad, Never-married, ?, Not-in-family, White, Female, United-States, <=50K
49.61743,157317.08,9.107242,4866.017,4.8045473,39.17585, Private, HS-grad, Married-civ-spouse, Exec-managerial, Wife, White, Female, United-States, >50K
18.649168,-35101.266,9.978462,91.580925,3.8831758,47.856, Private, Some-college, Never-married, Tech-support, Not-in-family, White, Male, United-States, <=50K
39.001366,142014.27,13.630819,144.41962,-10.201442,59.95082, Private, Masters, Married-civ-spouse, Exec-managerial, Husband, White, Male, United-States, >50K
43.978836,142067.98,10.125727,159.13568,-2.9793882,40.88509, Private, Some-college, Never-married, Adm-clerical, Not-in-family, White, Male, United-States, <=50K
36.63608,113147.64,9.0283985,-213.88531,-15.09611,50.239563, Private, HS-grad, Married-spouse-absent, Adm-clerical, Unmarried, White, Female, United-States, <=50K
66.28858,165256.39,13.08411,521.73987,11.135861,34.63971, Private, Bachelors, Married-civ-spouse, Sales, Husband, White, Male, United-States, <=50K
41.55261,353296.34,11.761752,177.00708,1636.6268,23.97014, Private, Some-college, Separated, Prof-specialty, Unmarried, White, Female, United-States, <=50K
31.716585,101804.61,11.7252655,-925.5833,18.379812,41.814972, Local-gov, Assoc-voc, Never-married, Protective-serv, Unmarried, White, Female, United-States, <=50K
46.129086,225987.25,9.999373,265.21722,-8.373347,37.8975, Private, Some-college, Never-married, Tech-support, Not-in-family, White, Female, United-States, <=50K
78.698166,243675.62,15.280958,306.47162,1476.9167,51.37341, Private, Masters, Married-civ-spouse, Prof-specialty, Husband, White, Male, United-States, >50K
31.157808,269461.88,10.023825,699.2705,-16.172762,22.98456, Private, Some-college, Never-married, Priv-house-serv, Not-in-family, White, Female, United-States, <=50K
45.306385,95532.16,9.071908,-29.801456,-10.061305,41.818077, Self-emp-not-inc, HS-grad, Never-married, Craft-repair, Own-child, White, Female, United-States, <=50K
47.073048,275176.0,6.60819,-36.00031,9.696286,50.373222, Self-emp-not-inc, 10th, Married-civ-spouse, Farming-fishing, Husband, White, Male, United-States, <=50K
38.873665,236491.58,10.13388,306.5304,-9.292338,39.281673, Self-emp-not-inc, Some-college, Married-civ-spouse, Exec-managerial, Husband, White, Male, United-States, <=50K
28.34069,169008.47,10.069975,1024.9745,-12.6222105,42.76326, Private, Some-college, Never-married, Tech-support, Own-child, White, Male, United-States, <=50K
30.114626,126023.49,13.873915,-116.2187,-7.885249,45.662937, Local-gov, Masters, Never-married, Prof-specialty, Not-in-family, White, Female, United-States, <=50K
42.84067,153000.17,14.122014,587.72595,-69.45808,85.03335, Self-emp-not-inc, Masters, Married-civ-spouse, Transport-moving, Husband, White, Male, United-States, >50K
43.784515,195912.52,10.038449,-455.6485,13.800199,46.747528, Private, Some-college, Married-civ-spouse, Adm-clerical, Husband, White, Male, United-States, <=50K
29.64782,189490.42,9.99445,300.13324,-10.804271,39.876934, Federal-gov, Some-college, Divorced, Prof-specialty, Unmarried, White, Female, United-States, <=50K
25.677322,746879.25,8.753017,7350.259,-9.472346,43.915936, Private, HS-grad, Married-civ-spouse, Craft-repair, Husband, White, Male, United-States, <=50K
41.737465,183330.42,10.325582,63.780148,-10.650012,46.204113, Private, Some-college, Divorced, Sales, Unmarried, White, Female, United-States, >50K
26.756704,80791.83,13.137533,1903.239,-9.551761,42.010048, Private, Bachelors, Never-married, Craft-repair, Own-child, White, Female, United-States, <=50K
53.644867,260931.56,9.289645,-541.99994,-30.437975,43.664032, Private, HS-grad, Married-civ-spouse, Transport-moving, Own-child, White, Male, United-States, >50K
35.822582,317693.25,10.13855,1732.7997,-1.8227795,39.60385, Private, Assoc-voc, Married-civ-spouse, Machine-op-inspct, Husband, White, Male, United-States, <=50K
35.07266,242608.89,10.724351,687.65625,-19.375605,41.80629, Self-emp-not-inc, Assoc-voc, Married-civ-spouse, Transport-moving, Husband, White, Male, United-States, <=50K
42.394997,63329.08,5.655866,1813.6681,-4.934375,37.43253, Private, 10th, Married-civ-spouse, Machine-op-inspct, Husband, White, Male, United-States, <=50K
23.763721,200248.52,10.040582,686.14,-5.058154,34.649906, Private, Some-college, Married-civ-spouse, Machine-op-inspct, Not-in-family, White, Male, United-States, <=50K
26.311493,103401.03,12.508515,488.38422,12.703191,32.769783, Private, Bachelors, Married-spouse-absent, Sales, Own-child, White, Female, United-States, <=50K
25.514135,187130.1,9.060602,-69.83723,1.8588916,41.671383, Private, HS-grad, Never-married, Craft-repair, Own-child, White, Male, United-States, <=50K
47.578384,273546.1,9.906267,1905.9156,-13.1525755,28.48396, ?, Some-college, Married-civ-spouse, ?, Husband, White, Male, United-States, <=50K
45.025013,116879.4,10.037583,288.46613,22.693304,40.19649, Federal-gov, Some-college, Divorced, Adm-clerical, Not-in-family, White, Male, United-States, <=50K
54.36091,23068.25,10.014494,-30.936588,-14.2615,50.17785, Private, Some-college, Married-civ-spouse, Sales, Husband, White, Male, United-States, <=50K
39.50569,175654.9,10.743788,-1662.4597,39.244534,38.825085, Federal-gov, Some-college, Married-civ-spouse, Adm-clerical, Husband, White, Male, United-States, >50K
49.329815,113824.87,8.869826,9.76202,1393.6248,35.848736, Private, HS-grad, Married-civ-spouse, Prof-specialty, Husband, White, Male, United-States, >50K
27.094118,183700.52,14.619817,352.39258,7.550145,12.979782, Private, Bachelors, Never-married, Tech-support, Own-child, White, Male, United-States, <=50K
50.08132,107767.57,9.991886,348.33838,-1.4435834,39.876648, Private, Some-college, Divorced, Exec-managerial, Not-in-family, White, Male, United-States, <=50K
40.223484,59924.4,10.072977,-733.4367,-9.770167,43.328182, Federal-gov, Some-college, Never-married, Farming-fishing, Not-in-family, White, Male, United-States, <=50K
31.494722,-17577.562,10.756128,532.92395,-10.526172,45.686855, Private, Assoc-voc, Never-married, Transport-moving, Own-child, White, Male, United-States, <=50K
42.9816,168881.81,10.130878,-102.800606,-1.164111,37.72044, Private, Some-college, Divorced, Prof-specialty, Not-in-family, White, Male, United-States, >50K
64.85205,246128.97,9.0788,473.18976,-4.0819883,48.055943, Private, HS-grad, Married-civ-spouse, Craft-repair, Husband, White, Male, United-States, >50K
48.14248,162680.56,5.920373,-773.95,10.810994,31.66451, Private, 10th, Married-civ-spouse, Exec-managerial, Husband, White, Male, United-States, <=50K
37.01368,30911.61,9.079704,361.169,-28.186548,36.905807, Private, HS-grad, Widowed, Sales, Unmarried, White, Female, United-States, <=50K
34.179916,106432.695,10.0499525,-159.92755,-5.4330854,42.19843, Federal-gov, Some-college, Divorced, Craft-repair, Not-in-family, White, Male, United-States, <=50K
88.3359,164920.72,8.1233635,526.3846,-27.716097,38.128872, Local-gov, HS-grad, Widowed, Adm-clerical, Not-in-family, White, Female, United-States, <=50K
47.941948,428092.0,6.712877,87806.97,69.54416,44.384865, Self-emp-not-inc, HS-grad, Married-civ-spouse, Exec-managerial, Husband, White, Male, United-States, >50K
37.128666,200199.83,9.379402,361.91626,-0.60917175,57.410686, Private, HS-grad, Never-married, Farming-fishing, Not-in-family, White, Female, United-States, <=50K
53.8013,85110.77,15.54359,-478.6186,90.14809,47.792885, Private, Assoc-acdm, Never-married, Prof-specialty, Not-in-family, White, Female, United-States, <=50K
52.522625,67359.33,12.314397,213.82007,-4.3488493,49.866077, ?, Bachelors, Divorced, ?, Not-in-family, White, Female, United-States, <=50K
42.437584,207775.61,9.026177,45.574215,28.37951,42.697006, Private, 10th, Never-married, Prof-specialty, Not-in-family, White, Male, United-States, <=50K
38.417465,245004.81,6.077284,-377.78973,12.695828,35.597183, Private, 10th, Never-married, Machine-op-inspct, Own-child, White, Female, United-States, <=50K
57.458946,38233.297,12.988864,1455.8638,137.98312,2.24872, ?, Bachelors, Divorced, Tech-support, Not-in-family, White, Male, United-States, >50K
30.7746,154533.44,9.028616,243.68378,-10.276439,42.269447, Private, HS-grad, Married-civ-spouse, Craft-repair, Husband, White, Male, United-States, <=50K
43.415043,77658.86,10.049723,148.74109,-8.336055,72.72982, Private, Some-college, Never-married, Craft-repair, Not-in-family, White, Male, United-States, <=50K
44.20159,235990.1,12.330022,44.728085,-11.031352,61.921974, Private, Masters, Married-civ-spouse, Sales, Husband, White, Male, United-States, >50K
36.64924,199424.69,10.14127,-367.0251,12.47228,44.639645, Local-gov, Some-college, Divorced, Exec-managerial, Not-in-family, White, Female, United-States, <=50K
47.233707,289023.16,3.7401175,-150.94366,22.634672,32.448154, Private, 10th, Divorced, Other-service, Not-in-family, White, Male, United-States, <=50K
23.385736,286369.78,6.31003,42.31042,-4.1976805,34.68567, ?, 10th, Never-married, ?, Own-child, White, Female, United-States, <=50K
20.262943,83258.92,9.125154,337.25494,20.060896,54.298244, Private, HS-grad, Never-married, Sales, Not-in-family, White, Female, United-States, <=50K
58.731426,67769.74,12.003517,1162.0803,-3.778781,31.42593, Private, Assoc-voc, Widowed, Sales, Other-relative, White, Female, United-States, <=50K
24.680384,61974.758,10.644302,46.757504,1725.867,27.554977, Private, Assoc-voc, Never-married, Exec-managerial, Own-child, White, Female, United-States, <=50K
51.51512,7637.5786,9.105124,224.22272,7.8018847,37.481358, Private, HS-grad, Divorced, Craft-repair, Not-in-family, White, Male, United-States, <=50K
27.832855,187212.17,8.983467,-453.22052,392.30273,28.34501, ?, HS-grad, Never-married, ?, Not-in-family, White, Male, United-States, <=50K
33.439743,310106.34,11.185455,770.7919,-16.266237,37.39882, State-gov, Assoc-voc, Married-civ-spouse, Craft-repair, Husband, White, Male, United-States, <=50K
50.200455,216279.77,9.777914,456.89893,-8.816218,33.650146, ?, Some-college, Divorced, ?, Not-in-family, White, Female, United-States, <=50K
44.03349,382016.5,13.063015,-526.3714,7.1662416,55.33609, Private, Bachelors, Married-civ-spouse, Machine-op-inspct, Husband, White, Male, United-States, >50K
83.524895,158877.0,13.392784,15690.003,-1.8138837,37.335747, Private, Bachelors, Divorced, Adm-clerical, Not-in-family, White, Female, United-States, <=50K
37.48613,143042.14,11.662445,92.49877,18.972898,47.690838, Private, Bachelors, Never-married, Tech-support, Not-in-family, White, Male, United-States, <=50K
29.339592,139349.55,9.141067,41.547054,24.052057,41.25886, Private, HS-grad, Never-married, Sales, Not-in-family, White, Male, United-States, <=50K
34.80587,193815.72,11.945578,73.8272,14.618527,39.769203, Private, Assoc-acdm, Divorced, Adm-clerical, Not-in-family, White, Female, United-States, <=50K
41.100544,131447.19,8.990307,-84.779366,9.831609,48.130157, Private, HS-grad, Divorced, Adm-clerical, Unmarried, White, Male, United-States, <=50K
30.79308,90853.016,10.047048,162.76971,-10.888484,42.66254, Private, Some-college, Married-civ-spouse, Craft-repair, Husband, White, Male, United-States, <=50K
52.798668,98086.86,7.406373,-84.012276,10.376882,40.83687, Private, 11th, Married-civ-spouse, Craft-repair, Husband, White, Male, United-States, <=50K
15.956437,222463.38,8.02434,77.901115,-6.225169,14.2734165, Private, 10th, Never-married, Prof-specialty, Own-child, White, Female, United-States, <=50K
59.744835,201108.83,15.210688,6912.5034,-29.998285,41.150677, Private, Masters, Divorced, Prof-specialty, Not-in-family, White, Male, United-States, >50K
51.92258,55099.89,9.336141,-755.1268,6.0420656,38.895638, Federal-gov, HS-grad, Never-married, Exec-managerial, Not-in-family, White, Female, United-States, <=50K
54.155323,200312.23,8.989853,-59.756657,29.113276,38.657448, State-gov, HS-grad, Divorced, Tech-support, Not-in-family, White, Female, United-States, <=50K
37.88205,298477.12,13.017001,472.17957,11.891347,46.497803, Local-gov, Bachelors, Never-married, Exec-managerial, Not-in-family, White, Male, United-States, <=50K
21.447746,268985.7,9.185494,17.360775,11.365224,50.146355, Private, HS-grad, Never-married, Exec-managerial, Not-in-family, White, Male, United-States, <=50K
35.819294,167394.4,14.160243,48.127193,-3.424014,36.411514, Private, Masters, Never-married, Prof-specialty, Not-in-family, White, Female, United-States, <=50K
34.552822,248307.28,5.026823,214.29309,2.9558077,39.892227, Private, 10th, Married-civ-spouse, Other-service, Husband, White, Male, United-States, <=50K
51.272957,87368.586,10.861694,-1077.2327,-3.7872725,48.809586, Federal-gov, Assoc-voc, Married-civ-spouse, Adm-clerical, Husband, White, Male, United-States, >50K
40.214684,99086.9,5.845395,-48.49506,19.020529,37.04441, Private, 10th, Divorced, Adm-clerical, Not-in-family, White, Female, United-States, <=50K
32.331783,144666.77,9.954584,-738.3443,-7.0699034,29.501871, Local-gov, Some-college, Never-married, Craft-repair, Not-in-family, White, Male, United-States, <=50K
11.573871,81846.66,6.954528,458.08795,20.086767,11.222673, Private, 11th, Never-married, Other-service, Own-child, White, Female, United-States, <=50K
24.202534,78301.12,6.9508495,842.30145,27.902971,18.565536, ?, 11th, Never-married, ?, Own-child, White, Female, United-States, <=50K
39.81899,283672.47,10.081441,-262.1364,0.90282166,46.376514, Private, Some-college, Never-married, Exec-managerial, Unmarried, White, Female, United-States, <=50K
29.98038,147212.22,8.869609,308.30493,-25.944628,43.059624, Private, Some-college, Married-civ-spouse, Craft-repair, Husband, White, Male, United-States, <=50K
53.238556,39078.61,8.815001,-472.31525,1611.4077,38.84433, Local-gov, 12th, Married-civ-spouse, Other-service, Wife, White, Female, United-States, <=50K
30.63909,174480.92,9.009679,91.158745,3.2944918,36.912968, Private, HS-grad, Married-civ-spouse, Craft-repair, Husband, White, Male, United-States, <=50K
27.07719,97798.08,9.16363,184.19427,-7.0983458,40.453842, Private, HS-grad, Married-civ-spouse, Machine-op-inspct, Husband, White, Male, United-States, <=50K
64.76405,22553.156,10.555016,265.7721,-1.14194,28.935225, Self-emp-not-inc, Assoc-voc, Separated, Craft-repair, Not-in-family, White, Female, United-States, <=50K
38.81588,485856.62,14.656339,780.93384,-21.326654,36.699802, Self-emp-not-inc, Masters, Never-married, Prof-specialty, Own-child, White, Male, United-States, <=50K
58.18461,191043.02,9.060703,589.0906,-25.175798,38.256924, Private, HS-grad, Married-civ-spouse, Other-service, Own-child, White, Male, United-States, <=50K
37.36798,144439.06,10.974435,-206.37555,-10.845675,56.903435, Private, Assoc-voc, Married-civ-spouse, Machine-op-inspct, Husband, White, Male, United-States, <=50K
24.529371,107493.04,13.784016,1214.8635,-2.49306,50.283848, Private, Masters, Never-married, Adm-clerical, Unmarried, White, Female, United-States, <=50K
46.310917,149663.1,13.844119,158.73828,12.176351,39.455563, Private, Masters, Married-civ-spouse, Machine-op-inspct, Husband, White, Male, United-States, <=50K
48.72737,52111.36,13.887116,8593.13,-33.12254,57.456764, Private, Masters, Married-civ-spouse, Exec-managerial, Husband, White, Male, United-States, >50K
18.329756,276000.53,11.128936,518.0933,17.47891,43.573776, Private, Assoc-voc, Never-married, Craft-repair, Own-child, White, Male, United-States, <=50K
28.142574,255169.38,13.754319,494.66113,-1.053912,40.386982, ?, Masters, Married-civ-spouse, ?, Own-child, White, Female, United-States, <=50K
29.663464,56801.11,15.058686,204.76398,-16.299372,40.658566, Private, Masters, Married-civ-spouse, Prof-specialty, Husband, White, Male, United-States, <=50K
63.594105,241353.89,14.48959,1020.55597,-13.676623,81.18098, Private, Assoc-acdm, Married-civ-spouse, Prof-specialty, Husband, White, Male, United-States, >50K
46.54524,55369.14,9.084742,-218.53204,3.369031,39.191517, Private, HS-grad, Widowed, Sales, Not-in-family, White, Female, United-States, <=50K
34.274364,216036.45,7.2428555,-74.281075,11.681783,38.063137, Self-emp-not-inc, 11th, Married-civ-spouse, Craft-repair, Husband, White, Male, United-States, <=50K
62.58332,100823.555,12.82488,440.69525,-29.991785,32.989025, Federal-gov, Bachelors, Never-married, Tech-support, Not-in-family, White, Female, United-States, <=50K
40.98776,130469.23,10.047372,170.22565,13.720525,41.335396, Private, Some-college, Never-married, Tech-support, Not-in-family, White, Male, United-States, <=50K
52.651882,136233.22,9.01983,-340.67194,22.433424,30.855307, ?, HS-grad, Never-married, ?, Not-in-family, White, Male, United-States, <=50K
63.34857,411867.56,10.173187,-41.60541,-10.375773,37.53991, Private, Some-college, Married-civ-spouse, Craft-repair, Husband, White, Male, United-States, <=50K
20.53322,258820.84,7.364199,483.469,14.443074,20.376915, Private, 11th, Never-married, Sales, Own-child, White, Male, United-States, <=50K
41.20634,178997.56,10.189161,-791.8223,-11.290446,36.61817, Private, Some-college, Married-civ-spouse, Adm-clerical, Wife, White, Female, United-States, >50K
25.990044,92804.64,11.19035,191.33044,0.516019,33.074665, Private, Bachelors, Married-civ-spouse, Handlers-cleaners, Husband, White, Male, United-States, <=50K
30.37034,54129.047,9.191773,-77.92292,-14.308284,42.873825, Private, HS-grad, Divorced, Adm-clerical, Not-in-family, White, Female, United-States, <=50K
51.840157,-5094.765,13.013186,310.4021,3.856206,40.760506, Self-emp-not-inc, Bachelors, Never-married, Prof-specialty, Not-in-family, White, Male, United-States, <=50K
59.12828,356238.94,12.546608,409.14795,2627.9006,35.119858, Federal-gov, Bachelors, Never-married, Adm-clerical, Not-in-family, White, Female, United-States, <=50K
47.126614,211633.17,9.019689,289.40375,22.042662,32.72556, Private, HS-grad, Divorced, Adm-clerical, Not-in-family, White, Female, United-States, <=50K
46.28891,163259.2,9.135727,372.50946,8.117497,35.937836, Private, HS-grad, Married-civ-spouse, Machine-op-inspct, Own-child, White, Female, United-States, <=50K
60.390556,147651.02,10.188521,255.18896,-14.639277,46.309795, Private, Assoc-voc, Divorced, Adm-clerical, Not-in-family, White, Female, United-States, <=50K
27.50166,108119.625,9.028469,56.7124,-4.150157,37.87596, Private, HS-grad, Married-civ-spouse, Craft-repair, Husband, White, Male, United-States, <=50K
21.243423,158208.97,9.016051,141.63184,3.8274508,31.78541, Private, HS-grad, Never-married, Machine-op-inspct, Own-child, White, Male, United-States, <=50K
30.105986,233572.2,9.109606,105.87719,3.9975023,35.913345, Private, HS-grad, Never-married, Craft-repair, Own-child, White, Male, United-States, <=50K
50.736492,136609.88,10.102675,-68.14692,-6.669444,48.991375, Private, Some-college, Married-civ-spouse, Sales, Husband, White, Male, United-States, <=50K
68.703766,90519.375,7.8571124,33235.35,-44.496975,35.36677, Local-gov, HS-grad, Married-civ-spouse, Exec-managerial, Husband, White, Male, United-States, <=50K
40.316383,280095.6,9.01453,238.4328,-31.70006,31.915068, Private, HS-grad, Never-married, Transport-moving, Not-in-family, White, Male, United-States, <=50K
24.989187,158421.4,9.017121,103.11889,-10.012599,44.19042, Private, HS-grad, Married-civ-spouse, Handlers-cleaners, Husband, White, Male, United-States, <=50K
29.509415,260975.73,5.272414,196.36554,16.509207,34.845512, Private, 10th, Never-married, Sales, Unmarried, White, Female, United-States, <=50K
45.04032,167994.23,14.482675,62.13708,-0.42070282,16.693672, State-gov, Masters, Married-civ-spouse, Adm-clerical, Husband, White, Male, United-States, <=50K
26.952978,185009.19,13.038961,498.8363,2028.7275,30.229677, Private, Bachelors, Never-married, Adm-clerical, Own-child, White, Male, United-States, <=50K
51.430115,94419.68,7.0381613,-313.94586,0.87720215,55.028664, Private, 11th, Married-civ-spouse, Craft-repair, Husband, White, Male, United-States, <=50K
26.748219,220376.52,9.0402975,177.54144,-12.911387,40.728954, Private, HS-grad, Married-civ-spouse, Tech-support, Wife, White, Female, United-States, <=50K
19.091635,274651.22,9.983528,340.4126,-9.24367,44.0515, ?, Some-college, Never-married, ?, Own-child, White, Male, United-States, <=50K
34.552814,232830.03,3.3862786,325.6261,-42.62237,54.57729, Private, 10th, Married-spouse-absent, Machine-op-inspct, Not-in-family, White, Male, United-States, <=50K
46.90794,181610.72,9.072914,524.0224,-10.656276,33.867744, Private, HS-grad, Married-civ-spouse, Craft-repair, Husband, White, Male, United-States, <=50K
57.723095,314971.66,9.098905,240.8753,14.260549,46.35533, Private, HS-grad, Divorced, Prof-specialty, Not-in-family, White, Male, United-States, <=50K
24.316816,283640.94,9.016596,101.80016,11.243398,32.783333, Private, HS-grad, Never-married, Tech-support, Own-child, White, Male, United-States, <=50K
18.91084,211181.19,11.1754875,151.11957,-8.354037,66.29723, Private, Assoc-voc, Never-married, Other-service, Own-child, White, Female, United-States, <=50K
21.737589,92870.1,9.005597,1333.7513,19.77252,39.482586, Private, HS-grad, Never-married, Tech-support, Own-child, White, Female, United-States, >50K
21.669352,84791.15,9.732292,-66.75434,-0.03827943,40.3766, Private, HS-grad, Never-married, Handlers-cleaners, Not-in-family, White, Male, United-States, <=50K
40.00987,413776.44,9.148851,1202.8997,2.1536226,44.90562, Private, HS-grad, Never-married, Exec-managerial, Not-in-family, White, Male, United-States, <=50K
56.891285,-3744.3743,12.679549,264.1941,-0.5611676,69.01908, Private, Bachelors, Married-civ-spouse, Handlers-cleaners, Husband, White, Male, United-States, >50K
62.30221,291031.6,9.069356,-311.7072,15.632382,35.829063, Private, HS-grad, Divorced, Machine-op-inspct, Unmarried, White, Female, United-States, <=50K
34.04669,153449.94,10.024108,-942.0623,5.2382097,49.913555, Private, HS-grad, Divorced, Exec-managerial, Unmarried, White, Female, United-States, >50K
50.065636,239054.56,9.137747,45.646908,5.7463045,37.52326, Private, HS-grad, Never-married, Craft-repair, Not-in-family, White, Male, United-States, <=50K
33.196667,-1238.6713,10.134689,621.2047,-5.3811293,25.804098, Federal-gov, Some-college, Never-married, Adm-clerical, Not-in-family, White, Female, United-States, >50K
71.30753,151644.08,13.777824,355.136,-36.618595,26.36993, Self-emp-not-inc, Masters, Married-civ-spouse, Craft-repair, Husband, White, Male, United-States, <=50K
16.288593,194609.38,10.115279,519.27545,-0.9831189,25.954811, Private, Some-college, Never-married, Other-service, Own-child, White, Female, United-States, <=50K
48.617123,271516.12,7.5038943,19345.186,-37.227825,44.471596, Private, 11th, Widowed, Adm-clerical, Unmarried, White, Female, United-States, >50K
35.149677,187888.4,13.748823,157.27069,1.1167423,47.128014, Private, Masters, Married-civ-spouse, Other-service, Husband, White, Male, United-States, <=50K
27.359941,39437.125,10.083792,188.77173,4.33064,38.407875, Private, Some-college, Married-civ-spouse, Adm-clerical, Husband, White, Male, United-States, <=50K
39.35562,379726.6,7.163469,4312.0215,3.3843508,37.2336, Private, 11th, Married-civ-spouse, Exec-managerial, Wife, White, Female, United-States, <=50K
49.560307,87660.35,6.370036,887.3619,28.347357,37.240044, Local-gov, HS-grad, Married-civ-spouse, Adm-clerical, Husband, White, Male, United-States, <=50K
24.193869,269382.75,10.143158,1598.0483,-29.150362,33.871155, Self-emp-inc, Some-college, Never-married, Adm-clerical, Own-child, White, Male, United-States, >50K
86.284904,105380.64,2.5439296,-454.24127,103.29782,38.59465, Private, 10th, Widowed, Machine-op-inspct, Not-in-family, White, Female, United-States, <=50K
32.90713,210960.77,8.942395,1134.6888,-1.7981824,45.014545, Private, HS-grad, Married-civ-spouse, Exec-managerial, Wife, White, Female, United-States, >50K
53.93201,122047.48,10.043543,3961.964,-29.931314,42.61677, Private, Some-college, Married-civ-spouse, Machine-op-inspct, Husband, White, Male, United-States, >50K
56.173832,136195.02,2.2428617,503.75446,-15.255061,39.45426, Private, 10th, Married-civ-spouse, Machine-op-inspct, Husband, White, Male, United-States, <=50K
42.807323,342406.44,9.076697,304.8872,8.01402,45.677437, Private, HS-grad, Married-civ-spouse, Handlers-cleaners, Husband, White, Male, United-States, >50K
34.68672,166091.03,5.4510226,169.74109,3.911664,35.79816, Private, 10th, Never-married, Other-service, Not-in-family, White, Male, United-States, <=50K
71.117905,113854.44,9.990803,-502.17853,1347.7383,25.14055, Private, Some-college, Divorced, Craft-repair, Not-in-family, White, Male, United-States, <=50K
55.292458,210767.86,10.125388,-315.68024,7.196965,27.86284, Private, Assoc-voc, Never-married, Craft-repair, Not-in-family, White, Male, United-States, <=50K
27.182533,168506.42,10.102781,1964.5123,-28.659464,40.596016, Private, Some-college, Married-civ-spouse, Farming-fishing, Husband, White, Male, United-States, <=50K
40.01454,18742.453,10.20668,947.70276,-19.7718,35.829647, Private, Some-college, Married-civ-spouse, Sales, Husband, White, Male, United-States, >50K
45.838745,154697.77,6.427946,365.82208,12.884099,27.56855, Self-emp-not-inc, 10th, Married-civ-spouse, Farming-fishing, Husband, White, Male, United-States, <=50K
30.42351,222902.34,12.91418,452.8495,-13.798747,48.43967, Self-emp-not-inc, Bachelors, Married-civ-spouse, Prof-specialty, Husband, White, Male, United-States, <=50K
43.108665,199582.22,10.176821,-832.19,1861.6678,43.61268, Local-gov, Some-college, Married-civ-spouse, Prof-specialty, Husband, White, Male, United-States, >50K
51.133713,83323.14,9.351961,-859.0816,12.734014,41.93006, Federal-gov, HS-grad, Married-civ-spouse, Adm-clerical, Husband, White, Male, United-States, >50K
90.41446,276046.0,2.482265,1312.6705,38.266747,35.28472, Private, 10th, Divorced, Other-service, Not-in-family, White, Male, United-States, <=50K
35.622192,286176.25,12.364969,525.99756,15.135816,39.175037, ?, Bachelors, Divorced, ?, Not-in-family, White, Male, United-States, <=50K
24.29845,203216.86,9.047328,178.78369,-3.5913801,42.25639, Private, HS-grad, Never-married, Sales, Other-relative, White, Male, United-States, <=50K
49.84027,256204.4,10.838887,-189.95929,9.251782,41.2393, State-gov, Some-college, Married-civ-spouse, Prof-specialty, Husband, White, Male, United-States, <=50K
33.85545,175768.9,9.055714,-64.340645,24.538996,45.222134, Self-emp-not-inc, HS-grad, Divorced, Craft-repair, Not-in-family, White, Male, United-States, <=50K
31.439352,212683.62,14.554181,317.70563,-28.056162,37.72603, Private, Masters, Never-married, Exec-managerial, Not-in-family, White, Male, United-States, <=50K
58.300697,145904.19,12.135691,-64.81757,-2.8844328,42.401237, Private, Bachelors, Married-civ-spouse, Sales, Husband, White, Male, United-States, >50K
32.644062,266464.97,9.325766,2454.49,-30.146273,32.429882, Private, HS-grad, Never-married, Transport-moving, Own-child, White, Male, United-States, <=50K
30.974426,204391.25,9.025938,-66.74287,-14.088733,45.629906, Private, HS-grad, Married-civ-spouse, Craft-repair, Husband, White, Male, United-States, <=50K
34.144802,207494.78,9.025154,5.7936363,-1.5515622,40.833412, Private, HS-grad, Married-civ-spouse, Machine-op-inspct, Husband, White, Male, United-States, <=50K
53.54494,232092.27,9.120932,61.094112,5.656888,27.657816, Private, HS-grad, Never-married, Other-service, Own-child, White, Female, United-States, <=50K
37.5821,99822.74,10.856764,56583.5,0.18678771,43.53755, Private, Some-college, Married-civ-spouse, Other-service, Husband, White, Male, United-States, >50K
50.58127,145741.25,9.005282,740.9912,5.865926,35.366272, ?, HS-grad, Divorced, ?, Not-in-family, White, Male, United-States, <=50K
41.037827,196982.67,12.931657,120.28185,-9.109126,51.08589, Self-emp-not-inc, Bachelors, Married-civ-spouse, Tech-support, Husband, White, Male, United-States, >50K
44.79002,214586.9,9.107438,-316.90204,2.9943132,28.096407, Private, HS-grad, Married-civ-spouse, Other-service, Husband, White, Female, United-States, <=50K
35.5703,180881.73,9.091008,125.05834,-17.494944,50.14846, Private, HS-grad, Never-married, Craft-repair, Own-child, White, Male, United-States, <=50K
37.945374,166222.17,9.060264,20.967953,-25.319948,38.09025, Private, HS-grad, Married-civ-spouse, Craft-repair, Not-in-family, White, Male, United-States, <=50K
18.366247,247497.81,10.079549,-341.3349,-11.247287,42.192623, Private, Some-college, Never-married, Prof-specialty, Not-in-family, White, Female, United-States, <=50K
51.5571,330619.06,9.116156,27.12347,7.456189,41.4739, Private, HS-grad, Divorced, Exec-managerial, Not-in-family, White, Male, United-States, <=50K
43.342926,400833.78,10.688397,396.9046,-52.608425,43.011005, Private, Assoc-voc, Divorced, Craft-repair, Not-in-family, White, Female, United-States, >50K
27.950922,186244.48,11.08344,440.74982,8.134458,41.295326, Private, Assoc-voc, Married-civ-spouse, Craft-repair, Husband, White, Male, United-States, <=50K
83.40423,414689.2,10.559117,27042.166,-0.19299592,38.759335, Self-emp-inc, Masters, Married-civ-spouse, Sales, Wife, White, Female, United-States, >50K
36.91131,351001.75,9.762354,-10.440006,18.824995,39.504135, Private, Some-college, Married-civ-spouse, Exec-managerial, Wife, White, Female, United-States, <=50K
54.769592,61936.133,9.114723,614.9447,7.1846514,27.440693, Private, HS-grad, Married-civ-spouse, Prof-specialty, Husband, White, Male, United-States, <=50K
41.321125,150642.8,9.226651,-379.34027,1711.946,48.24494, Self-emp-not-inc, HS-grad, Married-civ-spouse, Adm-clerical, Husband, White, Male, United-States, >50K
26.58408,279897.5,7.271198,754.2016,21.390852,41.11343, Private, 11th, Never-married, Handlers-cleaners, Not-in-family, White, Male, United-States, <=50K
45.89528,158717.92,10.062053,425.08197,-16.264933,43.116417, Private, Some-college, Never-married, Exec-managerial, Own-child, White, Male, United-States, <=50K
40.585247,111472.29,10.092805,136.03845,-6.2271833,20.010754, Private, Some-college, Married-civ-spouse, Exec-managerial, Husband, White, Male, United-States, <=50K
16.562334,242124.56,8.988209,332.20007,15.779958,34.667736, Private, HS-grad, Never-married, Other-service, Own-child, White, Female, United-States, <=50K
36.701077,145079.48,9.108811,-106.797554,8.235715,52.044407, Private, HS-grad, Married-civ-spouse, Sales, Husband, White, Male, United-States, >50K
28.418697,117262.92,9.107272,-87.90351,20.72952,32.75181, Private, HS-grad, Never-married, Sales, Own-child, White, Male, United-States, <=50K
23.122152,186819.22,3.9576087,-107.78022,15.86868,37.307045, Private, 10th, Never-married, Machine-op-inspct, Not-in-family, White, Male, United-States, <=50K
65.900055,106297.08,9.034861,-744.0195,17.079878,40.84323, Local-gov, HS-grad, Married-civ-spouse, Sales, Husband, White, Male, United-States, >50K
37.469765,252918.7,10.209271,357.32166,-5.1798887,41.45288, Private, Some-college, Never-married, Exec-managerial, Own-child, White, Male, United-States, <=50K
31.867662,301805.2,9.109677,-23.67487,0.2866031,37.65365, Private, HS-grad, Never-married, Exec-managerial, Not-in-family, White, Male, United-States, <=50K
24.235695,176991.58,13.12596,153.40637,10.885243,43.79583, Private, Bachelors, Never-married, Exec-managerial, Own-child, White, Male, United-States, <=50K
33.80893,52388.5,12.895904,-437.3443,-5.419566,45.42003, ?, Bachelors, Married-civ-spouse, Prof-specialty, Husband, White, Male, United-States, <=50K
42.527752,107601.195,9.914788,570.32684,1.7299548,39.192947, Private, Some-college, Married-civ-spouse, Farming-fishing, Wife, White, Male, United-States, <=50K
28.171682,160770.39,11.187603,461.6421,-7.416415,32.813248, Private, Assoc-voc, Married-civ-spouse, Tech-support, Husband, White, Male, United-States, >50K
63.371876,287599.94,10.257735,629.38464,-5.7313566,27.195324, Private, Some-college, Married-civ-spouse, Other-service, Husband, White, Male, United-States, <=50K
30.866917,249668.22,10.118635,348.35364,-11.38737,52.512074, Private, Some-college, Married-civ-spouse, Exec-managerial, Husband, White, Male, United-States, >50K
51.28759,91466.7,13.123885,274.9713,22.040281,49.298103, Self-emp-not-inc, Bachelors, Married-civ-spouse, Sales, Husband, White, Male, United-States, >50K
29.990002,147028.77,10.117836,-416.28033,8.8721895,37.117435, Private, Some-college, Divorced, Sales, Not-in-family, White, Female, United-States, <=50K
37.85799,160083.02,9.707175,-224.10297,-9.400378,37.65495, Private, HS-grad, Married-civ-spouse, Other-service, Husband, White, Male, United-States, <=50K
50.002354,124836.32,12.808699,453.64545,-18.691507,39.234097, Self-emp-not-inc, Bachelors, Married-civ-spouse, Craft-repair, Husband, White, Male, United-States, <=50K
29.859602,88449.69,10.781638,45.73962,-26.134356,24.541624, Private, Assoc-voc, Married-civ-spouse, Tech-support, Own-child, White, Female, United-States, <=50K
25.611296,81173.07,8.043445,31.979427,724.0933,37.344215, Private, 10th, Never-married, Adm-clerical, Not-in-family, White, Female, United-States, <=50K
57.94829,139417.17,9.52343,536.0927,-2.6502943,37.966614, Private, Some-college, Divorced, Craft-repair, Own-child, White, Female, United-States, <=50K
26.14772,93610.305,5.777836,58.704647,3.3167238,34.684013, Private, 10th, Never-married, Other-service, Own-child, White, Male, United-States, <=50K
45.145294,129476.58,10.543637,-351.44855,168.5523,38.87323, Private, HS-grad, Divorced, Prof-specialty, Not-in-family, White, Male, United-States, <=50K
71.72173,202621.81,12.638172,3.0718343,-14.615794,29.89486, Private, Bachelors, Married-civ-spouse, Exec-managerial, Husband, White, Female, United-States, >50K
22.172884,91811.24,10.295405,367.93317,7.9545565,42.789738, Private, 12th, Never-married, Adm-clerical, Unmarried, White, Female, United-States, <=50K
102.19779,177876.67,6.91621,1563.7919,0.7629901,35.966366, Private, 11th, Widowed, Other-service, Not-in-family, White, Female, United-States, <=50K
37.608246,132481.25,10.146799,322.84064,-10.4248,27.356094, Private, Some-college, Never-married, Sales, Own-child, White, Female, United-States, <=50K
55.079693,88592.08,8.97531,-177.43024,13.333615,33.67628, ?, HS-grad, Married-civ-spouse, ?, Husband, White, Male, United-States, <=50K
25.505394,149065.97,10.095752,-259.23077,-37.884556,36.89149, Private, Some-college, Never-married, Transport-moving, Not-in-family, White, Male, United-States, <=50K
37.643726,169670.4,10.012067,-131.62091,-23.534533,33.826847, Local-gov, Some-college, Never-married, Protective-serv, Own-child, White, Male, United-States, <=50K
36.81808,290898.47,12.925028,774.20026,4.714513,34.160004, Private, Bachelors, Married-civ-spouse, Other-service, Wife, White, Female, United-States, >50K
50.75587,72956.625,9.107878,287.00104,-16.426317,50.767742, Private, HS-grad, Married-civ-spouse, Craft-repair, Husband, White, Male, United-States, >50K
64.35075,146584.6,9.915992,-526.90204,11.351125,46.373184, Self-emp-not-inc, Some-college, Married-civ-spouse, Prof-specialty, Husband, White, Male, United-States, >50K
55.76323,168479.12,8.792934,27736.75,-7.714526,24.726881, Local-gov, HS-grad, Married-civ-spouse, Sales, Wife, White, Female, United-States, >50K
44.227814,225965.12,10.345917,-153.4112,0.08122741,38.76841, Local-gov, Some-college, Married-civ-spouse, Adm-clerical, Wife, White, Female, United-States, >50K
47.325077,205016.94,9.07275,568.063,15.888494,43.58332, Private, HS-grad, Married-civ-spouse, Other-service, Husband, White, Male, United-States, >50K
31.4542,128950.625,9.989522,144.716,85.37449,32.55181, Private, Some-college, Separated, Prof-specialty, Not-in-family, White, Female, United-States, <=50K
40.57751,252256.73,11.722312,865.08563,2059.3408,91.98032, Self-emp-inc, Some-college, Married-civ-spouse, Exec-managerial, Husband, White, Male, United-States, <=50K
15.179318,348268.62,9.026279,-2.6338542,-6.61259,25.556425, Private, HS-grad, Never-married, Transport-moving, Unmarried, White, Female, United-States, <=50K
22.178013,257080.73,8.561674,273.66486,-1.435481,44.56029, Private, HS-grad, Married-civ-spouse, Handlers-cleaners, Husband, White, Male, United-States, <=50K
47.799446,196373.84,9.066011,3365.0396,-0.1646985,39.77796, Private, HS-grad, Never-married, Sales, Not-in-family, White, Female, United-States, <=50K
58.31247,8386.001,12.594412,19.320248,2194.269,43.929436, Private, Assoc-acdm, Divorced, Adm-clerical, Not-in-family, White, Male, United-States, >50K
45.441452,75512.76,10.197497,244.95801,-6.4587736,42.381382, Private, Some-college, Divorced, Adm-clerical, Not-in-family, White, Female, United-States, <=50K
36.67547,87921.016,10.030524,-166.93134,-25.791506,38.83289, Private, Some-college, Never-married, Other-service, Not-in-family, White, Male, United-States, <=50K
47.4939,281255.1,8.967856,331.33002,2.8012362,65.29629, Private, HS-grad, Divorced, Protective-serv, Not-in-family, White, Female, United-States, <=50K
45.4029,104551.984,12.635842,78.612175,-20.478762,45.503216, Local-gov, Bachelors, Married-civ-spouse, Prof-specialty, Husband, White, Male, United-States, <=50K
49.15614,126215.11,15.628201,18132.197,-18.83272,46.47558, Private, Assoc-acdm, Married-civ-spouse, Prof-specialty, Husband, White, Male, United-States, >50K
32.593185,159138.83,13.498534,546.6767,-14.828067,58.70501, Self-emp-inc, Masters, Never-married, Prof-specialty, Own-child, White, Female, United-States, <=50K
53.377422,210578.33,13.10668,-891.29205,695.1008,40.580276, Local-gov, Bachelors, Divorced, Sales, Unmarried, White, Male, United-States, <=50K
33.613453,44459.97,10.238906,206.0047,-14.335383,30.030666, Private, Some-college, Never-married, Sales, Own-child, White, Female, United-States, <=50K
21.801512,351431.12,10.109028,153.43768,-4.2819853,37.65704, Private, Some-college, Never-married, Exec-managerial, Own-child, White, Female, United-States, <=50K
45.51672,66060.516,5.8932505,1294.0573,-14.063647,63.342766, Private, 10th, Never-married, Prof-specialty, Other-relative, White, Female, United-States, <=50K
34.65309,153536.53,11.800397,157.29022,-5.890094,36.92343, Private, Assoc-voc, Married-civ-spouse, Prof-specialty, Husband, White, Male, United-States, <=50K
17.554758,153887.48,10.058835,275.83484,-7.176509,35.550575, Private, Some-college, Never-married, Other-service, Own-child, White, Male, United-States, <=50K
69.90868,227737.2,9.098186,57.614742,6.059354,42.646244, Private, HS-grad, Divorced, Machine-op-inspct, Not-in-family, White, Female, United-States, <=50K
29.704605,97574.945,9.0776,-376.60785,43.179756,34.415, Private, HS-grad, Never-married, Machine-op-inspct, Other-relative, White, Female, United-States, <=50K
35.27991,102619.12,10.058818,-99.83027,-8.501681,33.743805, Local-gov, Some-college, Never-married, Prof-specialty, Not-in-family, White, Female, United-States, <=50K
44.16825,153696.39,12.875389,84.41595,6.4427233,39.06326, Self-emp-not-inc, Bachelors, Married-civ-spouse, Prof-specialty, Husband, White, Male, United-States, <=50K
43.25639,103344.164,14.00498,226.8667,13.226544,29.31357, Private, Masters, Married-civ-spouse, Adm-clerical, Husband, White, Male, United-States, >50K
50.21401,130659.555,12.990323,376.43396,0.51813996,55.440765, Federal-gov, Bachelors, Never-married, Exec-managerial, Not-in-family, White, Male, United-States, <=50K
53.1875,14829.907,9.028828,102.36022,-0.7452954,47.258167, Private, HS-grad, Married-civ-spouse, Craft-repair, Husband, White, Male, United-States, <=50K
51.513012,159998.83,9.073559,-465.0728,1969.9323,45.20822, Private, HS-grad, Divorced, Sales, Not-in-family, White, Male, United-States, <=50K
40.110752,234853.81,9.100606,279.98602,11.776685,31.387842, Private, HS-grad, Married-civ-spouse, Adm-clerical, Unmarried, White, Male, United-States, <=50K
20.171698,131676.02,10.099815,172.50134,-7.571086,40.988327, Private, Some-college, Never-married, Sales, Own-child, White, Male, United-States, <=50K
48.521595,209892.97,9.03987,765.805,-6.2827864,43.551285, Self-emp-not-inc, HS-grad, Married-civ-spouse, Craft-repair, Husband, White, Male, United-States, >50K
33.3305,134426.38,8.987652,-52.26154,9.3350115,37.951233, Private, HS-grad, Married-civ-spouse, Adm-clerical, Husband, White, Male, United-States, <=50K
20.507265,256761.28,9.031967,-40.078434,5.459096,41.379272, Self-emp-not-inc, HS-grad, Never-married, Craft-repair, Own-child, White, Male, United-States, <=50K
33.331436,143725.84,10.136842,843.0473,-20.33362,42.2354, Private, HS-grad, Never-married, Protective-serv, Not-in-family, White, Male, United-States, <=50K
57.667095,159278.95,9.013111,-42.23676,-8.108188,41.97165, Private, HS-grad, Divorced, Craft-repair, Unmarried, White, Male, United-States, <=50K
55.52122,70014.17,10.856978,4.625057,-7.147937,66.09683, Private, Assoc-acdm, Married-civ-spouse, Handlers-cleaners, Other-relative, White, Male, United-States, <=50K
36.871323,255976.4,9.152603,-288.2392,90.88575,47.690926, Private, HS-grad, Married-civ-spouse, Exec-managerial, Husband, White, Male, United-States, >50K
41.16511,284804.1,8.985973,40.961056,-20.019403,46.091084, Private, HS-grad, Married-civ-spouse, Prof-specialty, Husband, White, Male, United-States, <=50K
43.870613,174724.89,10.894571,28799.361,-38.034412,67.19034, Self-emp-not-inc, Some-college, Never-married, Farming-fishing, Not-in-family, White, Male, United-States, >50K
68.862915,104497.12,9.796967,601.39484,-15.365977,54.5964, Private, Some-college, Widowed, Other-service, Not-in-family, White, Male, United-States, <=50K
56.69242,193144.23,13.228361,37.59802,10.723958,47.596336, Private, Bachelors, Married-civ-spouse, Sales, Husband, White, Male, United-States, <=50K
36.672867,147740.77,11.1478405,-83.94843,-1.342326,42.135883, Private, Assoc-voc, Never-married, Craft-repair, Not-in-family, White, Female, United-States, <=50K
26.686749,250778.98,9.021801,308.13586,27.951876,34.218597, Local-gov, HS-grad, Never-married, Tech-support, Own-child, White, Male, United-States, <=50K
31.971546,169632.33,8.934496,1406.9601,-43.30212,41.46038, Self-emp-inc, HS-grad, Divorced, Craft-repair, Not-in-family, White, Male, United-States, >50K
41.504696,255775.67,12.609139,606.2462,-0.8653439,27.456911, Self-emp-not-inc, Bachelors, Married-civ-spouse, Sales, Husband, White, Male, United-States, <=50K
35.204975,266425.94,10.043421,-581.9947,6.9119844,38.632236, Private, Some-college, Never-married, Adm-clerical, Own-child, White, Male, United-States, >50K
40.807747,165044.23,8.982864,159.78387,-0.49600494,56.903713, Self-emp-not-inc, HS-grad, Married-civ-spouse, Craft-repair, Husband, White, Male, United-States, >50K
41.83157,235196.89,9.056372,568.695,-6.3643827,38.168697, Self-emp-not-inc, HS-grad, Divorced, Other-service, Not-in-family, White, Female, United-States, <=50K
37.811966,178908.39,14.186539,-809.9362,-7.3319807,38.726627, ?, Masters, Married-civ-spouse, Prof-specialty, Own-child, White, Male, United-States, >50K
55.770863,112504.61,6.452179,-347.2226,-4.1393003,36.462986, Private, 10th, Married-civ-spouse, Machine-op-inspct, Husband, White, Male, United-States, <=50K
34.83504,171768.2,10.840544,-232.26569,-0.3131131,35.187836, Private, Assoc-voc, Married-civ-spouse, Machine-op-inspct, Wife, White, Female, United-States, <=50K
44.640682,181720.02,9.08978,1195.0068,7.5338106,44.791534, Private, HS-grad, Married-civ-spouse, Adm-clerical, Husband, White, Male, United-States, >50K
22.801348,223116.17,10.080649,342.7763,9.615621,37.033817, Private, Some-college, Never-married, Adm-clerical, Not-in-family, White, Male, United-States, <=50K
30.659805,153533.66,10.031569,-254.83221,-3.1219664,41.09187, Private, Some-college, Never-married, Machine-op-inspct, Not-in-family, White, Female, United-States, <=50K
39.173866,194945.52,9.011056,1279.2705,18.976645,44.16157, Private, HS-grad, Married-civ-spouse, Prof-specialty, Husband, White, Male, United-States, <=50K
25.50512,61990.945,9.981389,298.5371,-12.360995,30.511145, Private, Some-college, Never-married, Craft-repair, Not-in-family, White, Male, United-States, <=50K
44.321907,118608.71,9.065162,415.5221,6.3240404,31.004547, Private, HS-grad, Never-married, Other-service, Other-relative, White, Female, United-States, <=50K
18.595339,123347.586,9.053037,210.79218,3.763669,26.114153, Private, HS-grad, Never-married, Handlers-cleaners, Own-child, White, Male, United-States, <=50K
31.526114,97316.76,13.194552,-491.09576,-0.6562222,42.70003, Private, Masters, Never-married, Adm-clerical, Own-child, White, Female, United-States, <=50K
43.587357,229058.02,13.145881,201.05176,1.2737781,61.181118, Private, Bachelors, Divorced, Sales, Not-in-family, White, Female, United-States, >50K
29.446291,160575.75,7.860112,-197.43622,-14.036029,28.9548, Private, 10th, Never-married, Protective-serv, Not-in-family, White, Female, United-States, <=50K
60.09376,203876.75,9.118823,-580.0003,45.47927,43.104923, Self-emp-not-inc, HS-grad, Married-civ-spouse, Farming-fishing, Husband, White, Male, United-States, >50K
17.016932,247376.25,9.889902,375.70496,-6.7282667,31.428606, Private, Some-college, Never-married, Exec-managerial, Own-child, White, Female, United-States, <=50K
57.268505,134186.56,9.178406,-598.2476,2239.351,39.491707, Self-emp-not-inc, HS-grad, Married-civ-spouse, Exec-managerial, Husband, White, Male, United-States, <=50K
31.249704,251368.33,9.016433,172.42395,-3.8792372,56.04367, Private, HS-grad, Married-civ-spouse, Craft-repair, Husband, White, Male, United-States, <=50K
48.43504,164051.89,10.069077,12.784847,-8.107242,45.847065, Private, Some-college, Divorced, Craft-repair, Not-in-family, White, Male, United-States, <=50K
40.428963,112872.15,9.072216,4792.551,-14.892566,42.715687, Private, HS-grad, Married-civ-spouse, Exec-managerial, Husband, White, Male, United-States, >50K
46.28077,117483.336,9.041977,488.35175,5.3606997,42.605022, Private, HS-grad, Divorced, Adm-clerical, Unmarried, White, Female, United-States, <=50K
23.48989,117379.664,10.077195,414.96722,-13.865642,38.546894, Private, Some-college, Never-married, Other-service, Own-child, White, Male, United-States, <=50K
39.0772,296697.28,2.8609357,-416.84662,-11.878482,46.260525, Private, 10th, Married-civ-spouse, Transport-moving, Husband, White, Male, United-States, >50K
45.523083,371029.62,2.5425858,1110.48,1.7298023,36.507755, Local-gov, 10th, Married-civ-spouse, Handlers-cleaners, Husband, White, Male, United-States, <=50K
40.02082,138170.89,10.416589,866.0769,28.771032,79.79644, Private, Some-college, Never-married, Sales, Not-in-family, White, Male, United-States, >50K
53.708157,240580.27,14.449957,1158.1686,-24.08227,52.84486, Self-emp-not-inc, Masters, Never-married, Prof-specialty, Not-in-family, White, Male, United-States, <=50K
34.112724,254454.64,9.005685,243.42816,0.8939105,40.634754, Private, HS-grad, Married-civ-spouse, Machine-op-inspct, Husband, White, Male, United-States, <=50K
45.974396,312476.22,4.412693,487.90997,0.8907443,35.94489, Private, 10th, Married-civ-spouse, Adm-clerical, Husband, White, Male, United-States, <=50K
57.943836,85424.05,9.5483675,-1211.2554,-55.66769,48.993645, Private, 12th, Married-civ-spouse, Prof-specialty, Unmarried, White, Female, United-States, >50K
55.590454,175076.39,11.058122,507.0229,-6.137065,68.91489, Private, 12th, Divorced, Sales, Not-in-family, White, Male, United-States, >50K
44.08381,232820.28,10.826386,26.247738,-52.797207,38.12395, Private, Assoc-voc, Divorced, Transport-moving, Unmarried, White, Female, United-States, <=50K
41.96784,140548.9,9.078825,122.51983,-12.501636,40.5092, Private, HS-grad, Married-civ-spouse, Craft-repair, Husband, White, Male, United-States, >50K
26.38737,66831.305,14.916047,7.6652184,-22.85518,29.37882, Private, Masters, Never-married, Prof-specialty, Unmarried, White, Female, United-States, <=50K
31.76375,235598.4,9.049686,-357.69574,-8.496379,38.054794, Self-emp-not-inc, HS-grad, Divorced, Craft-repair, Own-child, White, Male, United-States, <=50K
68.38884,47193.984,9.15214,1013.52264,6.2002077,38.274937, Federal-gov, HS-grad, Married-civ-spouse, Adm-clerical, Husband, White, Male, United-States, >50K
48.625546,170481.4,8.979885,1992.4696,-15.416537,38.369404, Private, HS-grad, Married-civ-spouse, Machine-op-inspct, Husband, White, Male, United-States, <=50K
56.00096,379763.8,9.101553,11932.738,-8.999492,37.99841, Private, HS-grad, Married-civ-spouse, Sales, Husband, White, Male, United-States, >50K
64.21216,102210.09,10.136393,-856.2194,-1.7570676,41.346153, Local-gov, Some-college, Never-married, Prof-specialty, Not-in-family, White, Female, United-States, >50K
34.857784,191720.64,10.1875925,89.88897,2.0520525,46.040504, Private, Some-college, Married-civ-spouse, Sales, Husband, White, Male, United-States, >50K
24.045624,137547.05,12.42535,104.2481,-14.174693,45.685764, Private, Assoc-acdm, Never-married, Prof-specialty, Not-in-family, White, Female, United-States, <=50K
28.484398,371387.03,6.7679687,-454.6292,30.177156,32.485798, Local-gov, 10th, Divorced, Adm-clerical, Own-child, White, Female, United-States, <=50K
39.195736,65038.89,10.070427,474.62042,-7.6710615,36.47611, Private, Some-college, Never-married, Other-service, Own-child, White, Male, United-States, <=50K
48.696804,158123.86,10.114439,436.69513,-21.42325,40.69378, ?, Some-college, Divorced, ?, Not-in-family, White, Female, United-States, <=50K
20.30442,189319.72,10.110959,448.1917,-18.95025,24.323643, Private, Some-college, Never-married, Craft-repair, Own-child, White, Male, United-States, <=50K
27.582748,147800.48,9.96437,124.22295,-4.8746977,65.97534, Private, Some-college, Never-married, Transport-moving, Own-child, White, Male, United-States, <=50K
38.3388,214004.03,9.99224,486.39233,-45.059933,65.23885, Self-emp-not-inc, Some-college, Married-civ-spouse, Craft-repair, Not-in-family, White, Male, United-States, <=50K
31.477867,213271.25,12.947006,-177.294,29.149519,56.45163, Local-gov, Bachelors, Never-married, ?, Own-child, White, Male, United-States, >50K
33.20738,276978.2,10.2273445,624.82825,-8.216067,37.979145, Private, Some-college, Divorced, Other-service, Not-in-family, White, Male, United-States, <=50K
44.014572,271612.38,3.934873,978.3697,-34.03786,42.105656, Private, 10th, Married-civ-spouse, Exec-managerial, Other-relative, White, Male, United-States, <=50K
46.202347,253277.31,8.993797,238.63483,19.507994,40.91785, Private, HS-grad, Married-civ-spouse, Adm-clerical, Husband, White, Male, United-States, <=50K
51.649982,85819.72,13.816019,30164.932,-40.42271,41.202442, Self-emp-not-inc, Bachelors, Married-civ-spouse, Prof-specialty, Husband, White, Male, United-States, >50K
94.530304,131765.12,14.958068,28.07928,39.87335,43.46126, Self-emp-not-inc, Masters, Widowed, Prof-specialty, Not-in-family, White, Female, United-States, >50K
61.40521,143862.1,12.990804,949.128,14.822804,26.81732, Local-gov, Bachelors, Married-civ-spouse, Sales, Husband, White, Male, United-States, <=50K
49.923283,76354.08,11.089485,-130.96515,-24.724054,32.288536, Self-emp-inc, HS-grad, Widowed, Prof-specialty, Not-in-family, White, Female, United-States, >50K
40.01996,265296.0,10.137101,9804.716,-1.4256467,42.63709, Private, Some-college, Married-civ-spouse, Prof-specialty, Wife, White, Female, United-States, >50K
23.365412,168521.36,9.08415,475.41937,10.327016,63.85395, Private, HS-grad, Never-married, Craft-repair, Not-in-family, White, Male, United-States, <=50K
48.561943,79008.53,9.016073,-70.39362,-1.0129803,40.175594, Private, HS-grad, Married-civ-spouse, Sales, Husband, White, Male, United-States, <=50K
79.97768,180838.92,4.556749,-252.16095,12.247067,34.750427, Local-gov, 10th, Divorced, ?, Unmarried, White, Male, United-States, <=50K
27.85219,147800.27,10.088247,427.26617,34.288696,30.717148, State-gov, Some-college, Never-married, Farming-fishing, Own-child, White, Male, United-States, <=50K
63.473087,97987.26,13.217398,-83.12165,2273.9915,32.14243, Private, Bachelors, Married-civ-spouse, Exec-managerial, Husband, White, Male, United-States, >50K
35.09808,115217.11,10.090428,37.341793,-21.536295,42.86451, Private, Some-college, Married-civ-spouse, Adm-clerical, Husband, White, Male, United-States, <=50K
39.235424,248079.98,9.245615,119.75555,1493.4841,44.78358, Self-emp-not-inc, HS-grad, Married-civ-spouse, Prof-specialty, Husband, White, Male, United-States, <=50K
43.21792,153097.73,13.020737,-600.14044,18.846891,45.13802, Local-gov, Bachelors, Married-civ-spouse, Prof-specialty, Husband, White, Male, United-States, >50K
69.913956,479805.78,9.152578,908.11505,2.642476,43.43603, Private, HS-grad, Never-married, Handlers-cleaners, Not-in-family, White, Male, United-States, >50K
43.232544,74178.61,9.131801,83.53643,30.568617,40.28996, Private, HS-grad, Divorced, Sales, Unmarried, White, Female, United-States, <=50K
19.954433,263196.3,9.864807,23.777523,13.003064,41.18736, Private, HS-grad, Never-married, Machine-op-inspct, Own-child, White, Male, United-States, <=50K
42.73445,47203.953,13.031773,-69.155464,14.67159,54.93799, Private, Bachelors, Married-civ-spouse, Sales, Husband, White, Male, United-States, <=50K
38.91253,448516.25,13.536255,6716.8115,-35.79321,40.42526, Federal-gov, Masters, Never-married, Transport-moving, Not-in-family, White, Male, United-States, <=50K
18.168863,333637.6,7.659691,-145.12006,755.14026,20.354273, ?, 12th, Never-married, ?, Own-child, White, Male, United-States, <=50K
41.94728,186059.34,9.071818,-446.748,17.896475,41.049664, Private, HS-grad, Divorced, Tech-support, Unmarried, White, Male, United-States, <=50K
25.451876,79704.93,9.136732,-281.07953,-6.0694,34.90233, Private, HS-grad, Married-civ-spouse, Other-service, Other-relative, White, Female, United-States, <=50K
28.584305,54573.5,14.509255,-158.53351,-16.845636,37.699894, Private, Masters, Never-married, Transport-moving, Own-child, White, Male, United-States, <=50K
40.801266,249675.14,9.974374,1253.137,-6.739108,33.394978, Self-emp-inc, Some-college, Married-civ-spouse, Prof-specialty, Husband, White, Male, United-States, <=50K
12.693492,186776.08,10.844,373.2448,2227.1794,51.13098, ?, Some-college, Never-married, Prof-specialty, Own-child, White, Female, United-States, <=50K
27.229517,252468.08,12.876455,108.31719,32.70397,38.50519, ?, Bachelors, Never-married, ?, Own-child, White, Female, United-States, <=50K
60.098,190839.16,10.316636,7839.3154,-17.216928,39.330315, Private, HS-grad, Divorced, Exec-managerial, Not-in-family, White, Male, United-States, >50K
57.811516,284241.66,10.042758,23.922298,-4.4637327,28.278536, Private, Some-college, Married-civ-spouse, Sales, Husband, White, Male, United-States, <=50K
23.342724,143157.78,10.088442,585.0154,-14.202365,50.308025, Self-emp-not-inc, Some-college, Never-married, Transport-moving, Not-in-family, White, Female, United-States, <=50K
24.585228,98951.01,10.031326,525.1809,-8.798533,36.513557, Private, Some-college, Never-married, Other-service, Own-child, White, Male, United-States, <=50K
32.604324,237643.39,10.508027,174.89282,8.866651,27.983978, State-gov, Assoc-voc, Married-civ-spouse, Tech-support, Husband, White, Male, United-States, <=50K
23.917292,151662.83,8.97057,149.53436,26.045126,47.13324, Private, HS-grad, Divorced, Adm-clerical, Not-in-family, White, Female, United-States, <=50K
33.89704,163545.5,9.927477,488.33002,-6.458827,32.46079, Private, Some-college, Divorced, Other-service, Not-in-family, White, Male, United-States, <=50K
21.511515,447148.7,3.3720984,1189.5193,7.5604677,57.260555, Private, 10th, Never-married, Priv-house-serv, Not-in-family, White, Female, United-States, <=50K
56.36273,130880.766,6.133878,1641.7227,-6.21107,36.39596, Private, 10th, Divorced, Sales, Not-in-family, White, Female, United-States, <=50K
35.99985,130821.81,13.134273,7611.291,-15.952853,44.590637, Private, Bachelors, Never-married, Exec-managerial, Not-in-family, White, Female, United-States, >50K
41.28076,34096.125,5.744065,284.46405,-8.097697,37.822643, Private, 10th, Married-AF-spouse, Adm-clerical, Unmarried, White, Female, United-States, <=50K
36.25096,200081.7,12.990495,215.6214,-1.5174817,37.170643, Local-gov, Bachelors, Married-civ-spouse, Prof-specialty, Husband, White, Male, United-States, <=50K
31.4429,131092.38,10.082325,-202.53497,-11.0377,27.442764, Private, Some-college, Never-married, Sales, Other-relative, White, Male, United-States, <=50K
31.227072,380055.6,6.8483515,595.8398,1890.1396,44.151505, Private, 10th, Never-married, Adm-clerical, Not-in-family, White, Female, United-States, <=50K
57.797523,239561.44,10.259285,448.71954,-3.125842,47.502384, Private, Some-college, Married-civ-spouse, Sales, Husband, White, Male, United-States, >50K
45.324635,136442.4,7.137805,138.17352,-17.047876,37.15343, Private, 10th, Married-civ-spouse, Exec-managerial, Husband, White, Male, United-States, <=50K
65.72252,137926.97,8.967672,518.66595,-4.7212553,46.254383, Private, HS-grad, Widowed, Protective-serv, Not-in-family, White, Female, United-States, <=50K
13.542209,208274.98,7.4453588,315.59985,25.32091,27.462494, Private, 11th, Never-married, Sales, Own-child, White, Female, United-States, <=50K
44.089996,139878.0,8.994489,-691.1739,26.054266,37.75234, Local-gov, HS-grad, Married-civ-spouse, Protective-serv, Husband, White, Male, United-States, <=50K
31.059765,176635.8,8.979089,-72.76508,-4.047557,37.019016, Private, HS-grad, Widowed, Craft-repair, Unmarried, White, Female, United-States, <=50K
26.791187,142999.72,9.070325,-186.18036,11.34364,27.726068, Private, HS-grad, Never-married, Sales, Own-child, White, Male, United-States, <=50K
33.8203,328690.2,14.890272,18814.559,-24.35026,42.55932, Private, Masters, Never-married, Exec-managerial, Not-in-family, White, Female, United-States, >50K
27.72524,38233.438,10.021239,-496.39984,-22.865046,37.5937, Private, Some-college, Married-civ-spouse, Other-service, Husband, White, Female, United-States, <=50K
33.376434,234189.75,12.964816,738.4174,6.609227,40.97391, ?, Bachelors, Divorced, ?, Own-child, White, Female, United-States, <=50K
34.461884,271365.34,10.133808,-136.65033,1856.0187,40.51395, Private, Some-college, Married-civ-spouse, Handlers-cleaners, Husband, White, Male, United-States, >50K
59.130848,226317.02,10.014527,981.05585,-8.267062,41.31876, ?, Some-college, Married-civ-spouse, ?, Husband, White, Male, United-States, <=50K
21.110931,135883.5,9.0514555,-267.50446,6.457082,46.52565, Private, HS-grad, Never-married, Prof-specialty, Unmarried, White, Female, United-States, <=50K
40.29644,105231.055,9.003064,-190.02142,-4.7904387,70.116234, Private, HS-grad, Married-civ-spouse, Handlers-cleaners, Husband, White, Male, United-States, >50K
21.878927,141130.06,7.846792,7377.827,-14.013919,24.46606, Private, 11th, Never-married, Transport-moving, Own-child, White, Male, United-States, <=50K
47.7698,114097.99,8.976714,301.03455,14.64475,47.457806, Private, HS-grad, Widowed, Machine-op-inspct, Unmarried, White, Female, United-States, >50K
34.328053,68257.37,10.069406,1845.0364,-25.091356,40.013348, Private, Some-college, Married-civ-spouse, Exec-managerial, Husband, White, Male, United-States, >50K
47.540695,256928.12,10.045909,65.69756,1707.8164,43.353447, Private, Some-college, Married-civ-spouse, Prof-specialty, Husband, White, Male, United-States, >50K
46.354614,45352.266,14.859549,10674.539,-39.150455,40.533825, Private, Masters, Divorced, Prof-specialty, Not-in-family, White, Female, United-States, >50K
21.998898,333728.44,7.1289496,223.50433,-10.197528,21.306227, Private, 11th, Divorced, Other-service, Own-child, White, Male, United-States, <=50K
50.88879,10522.485,12.80104,112.410515,9.03159,46.64985, Private, Bachelors, Never-married, Craft-repair, Not-in-family, White, Male, United-States, <=50K
34.962914,27161.062,13.081249,-68.693184,9.789067,34.880646, Private, Bachelors, Never-married, Other-service, Not-in-family, White, Male, United-States, <=50K
53.00186,349228.9,12.239071,2059.033,-6.475848,41.514717, Private, Some-college, Married-civ-spouse, Sales, Husband, White, Male, United-States, <=50K
16.457834,123892.97,6.144698,-79.83979,-6.978297,42.212868, Private, 10th, Never-married, Other-service, Own-child, White, Male, United-States, <=50K
42.79015,270906.88,10.276765,295.55322,-37.94785,17.91542, Private, Some-college, Married-civ-spouse, Other-service, Wife, White, Female, United-States, >50K
29.450777,186335.95,12.311888,696.85315,10.341649,45.097523, Private, Assoc-acdm, Never-married, Adm-clerical, Own-child, White, Female, United-States, <=50K
35.313362,318461.03,9.024375,771.93866,10.125043,38.693203, Private, HS-grad, Divorced, Machine-op-inspct, Not-in-family, White, Female, United-States, <=50K
70.90405,228306.19,14.003021,17248.469,-33.35821,39.81702, Private, Masters, Married-civ-spouse, Exec-managerial, Husband, White, Male, United-States, >50K
49.54218,101096.93,10.441188,2427.662,-9.840632,52.872326, Private, Some-college, Married-civ-spouse, Prof-specialty, Husband, White, Male, United-States, >50K
34.68173,95800.24,14.326105,408.08496,-2.5426893,34.510853, Federal-gov, Masters, Never-married, Prof-specialty, Not-in-family, White, Male, United-States, >50K
25.418343,100714.97,9.981803,-47.204166,14.889173,35.170547, ?, Some-college, Never-married, Adm-clerical, Own-child, White, Female, United-States, <=50K
61.844456,382970.22,9.057383,99.58074,5.4650393,16.532827, ?, HS-grad, Married-spouse-absent, ?, Not-in-family, White, Female, United-States, <=50K
23.939129,415182.4,4.208081,271.97803,-7.0988646,33.615818, Private, 10th, Never-married, Sales, Unmarried, White, Female, United-States, <=50K
22.063377,225688.17,10.124962,3877.1877,-13.96709,13.300377, Private, Some-college, Never-married, Adm-clerical, Own-child, White, Female, United-States, <=50K
30.03392,121307.78,10.076102,-794.40717,2.626958,39.574963, Local-gov, Some-college, Never-married, Protective-serv, Not-in-family, White, Female, United-States, <=50K
42.629036,382925.0,13.882725,454.0061,-26.596476,30.958605, Self-emp-inc, Masters, Separated, Prof-specialty, Not-in-family, White, Female, United-States, <=50K
26.977833,102315.3,10.049906,1060.2081,-31.511217,15.611544, Private, Some-college, Divorced, Other-service, Unmarried, White, Female, United-States, <=50K
32.4718,130246.43,9.081778,-39.77228,-5.5790358,37.04058, Private, HS-grad, Never-married, Other-service, Own-child, White, Female, United-States, <=50K
15.523099,130229.164,7.7890086,-60.890324,18.49568,14.847572, Private, 10th, Never-married, Sales, Own-child, White, Male, United-States, <=50K
25.174866,338238.88,9.145627,1412.0217,2.779622,22.458822, Private, HS-grad, Never-married, Exec-managerial, Unmarried, White, Female, United-States, <=50K
31.522484,118894.07,8.924935,2803.136,-4.9784575,40.340084, Private, HS-grad, Married-civ-spouse, Machine-op-inspct, Husband, White, Male, United-States, >50K
34.011627,196493.34,9.1192465,468.65216,4.0507936,26.088102, Self-emp-not-inc, HS-grad, Married-civ-spouse, Craft-repair, Husband, White, Male, United-States, >50K
47.91602,185807.81,7.6262918,300.8318,23.137045,42.10882, Private, 10th, Never-married, Other-service, Own-child, White, Female, United-States, <=50K
31.397459,209062.64,11.84967,-393.03693,1100.2715,45.295765, Private, Assoc-acdm, Married-civ-spouse, Prof-specialty, Husband, White, Male, United-States, >50K
48.305798,17847.156,10.033668,-63.66425,-15.446422,38.27187, Private, Some-college, Never-married, Adm-clerical, Not-in-family, White, Female, United-States, <=50K
38.639267,88884.82,10.019313,-289.71417,28.29603,41.985836, Private, Some-college, Divorced, Machine-op-inspct, Not-in-family, White, Male, United-States, <=50K
45.926678,113731.85,10.135997,18.619442,-14.02595,35.062595, Private, Some-college, Married-civ-spouse, Exec-managerial, Husband, White, Male, United-States, >50K
45.76219,118183.3,16.466492,-613.7216,-23.613604,55.981018, State-gov, Bachelors, Never-married, Prof-specialty, Own-child, White, Female, United-States, >50K
47.61886,107504.63,11.114677,785.8879,6.510953,49.752945, Self-emp-not-inc, Assoc-voc, Divorced, Craft-repair, Unmarried, White, Male, United-States, <=50K
29.33559,185951.69,11.660274,492.84503,-21.097635,40.806313, Federal-gov, Bachelors, Married-civ-spouse, Handlers-cleaners, Husband, White, Male, United-States, <=50K
56.364998,182176.86,14.136402,267.8697,-29.854082,81.31283, Self-emp-not-inc, Masters, Married-civ-spouse, Sales, Husband, White, Male, United-States, <=50K
45.86789,185679.31,9.8534155,402.1092,-4.751895,52.08552, Private, Some-college, Married-civ-spouse, Adm-clerical, Husband, White, Male, United-States, <=50K
45.312798,449516.1,14.549063,1726.5479,-8.259761,42.47218, Private, Bachelors, Never-married, Prof-specialty, Not-in-family, White, Female, United-States, <=50K
34.586266,90321.84,10.19225,713.3585,-3.9497175,37.977375, Self-emp-not-inc, Some-college, Never-married, Craft-repair, Own-child, White, Male, United-States, <=50K
43.306858,140023.55,3.0150967,218.89471,16.758932,31.108402, Private, 10th, Married-civ-spouse, Other-service, Husband, White, Male, United-States, >50K
44.869026,24561.61,14.253033,149.29541,2131.2803,45.197556, Private, Masters, Married-civ-spouse, Machine-op-inspct, Husband, White, Male, United-States, >50K
46.132885,184559.19,4.2689633,-123.009224,13.636899,35.73637, Private, 10th, Married-civ-spouse, Other-service, Husband, White, Male, United-States, <=50K
34.727314,289234.28,9.017229,-374.7099,5.687955,55.89365, Private, HS-grad, Never-married, Transport-moving, Not-in-family, White, Female, United-States, <=50K
52.78365,181603.75,9.214123,663.3491,4.442586,43.60752, Private, HS-grad, Divorced, Prof-specialty, Not-in-family, White, Male, United-States, <=50K
50.13407,100102.42,13.446638,-123.98725,16.629377,46.123554, Private, Bachelors, Married-civ-spouse, Tech-support, Husband, White, Male, United-States, >50K
28.954607,211404.69,13.4455385,90.05065,-7.026843,55.339714, Private, Assoc-acdm, Married-civ-spouse, Craft-repair, Husband, White, Male, United-States, >50K
15.555015,298113.62,9.159009,16.20831,13.061994,19.725414, Private, HS-grad, Never-married, Other-service, Own-child, White, Male, United-States, <=50K
66.92959,355446.34,5.9380674,-1144.9048,-10.526736,33.23177, Self-emp-inc, 10th, Married-civ-spouse, Craft-repair, Husband, White, Male, United-States, >50K
72.19075,142634.2,12.833895,388.07477,48.072117,31.390373, ?, Bachelors, Divorced, Adm-clerical, Not-in-family, White, Female, United-States, <=50K
30.022524,262560.8,10.060212,-390.84576,-4.789172,43.800556, Federal-gov, Some-college, Divorced, Adm-clerical, Not-in-family, White, Female, United-States, <=50K
68.650795,330976.12,13.606087,6994.718,-11.443118,56.929417, Private, Masters, Married-civ-spouse, Exec-managerial, Husband, White, Male, United-States, >50K
27.69872,172457.7,9.061421,61.694576,9.020421,32.785904, Private, HS-grad, Married-civ-spouse, Craft-repair, Husband, White, Male, United-States, <=50K
52.353848,56118.5,11.032375,-110.84565,-4.0208616,47.152763, Private, Assoc-voc, Married-civ-spouse, Other-service, Husband, White, Female, United-States, <=50K
25.151522,37890.547,14.343991,99.031425,4.8622713,29.909378, Local-gov, Bachelors, Never-married, Prof-specialty, Not-in-family, White, Female, United-States, <=50K
36.905678,214805.81,8.961625,-132.27094,-2.1105146,53.321835, Private, HS-grad, Married-civ-spouse, Transport-moving, Husband, White, Male, United-States, >50K
54.56547,118808.62,9.036262,100.224236,-5.9611006,34.9581, Private, HS-grad, Never-married, Handlers-cleaners, Own-child, White, Female, United-States, <=50K
43.304573,311307.06,13.18966,-570.9466,19.059774,41.264557, Self-emp-inc, Bachelors, Never-married, Protective-serv, Not-in-family, White, Male, United-States, <=50K
34.529602,96431.555,9.124879,221.11694,23.838781,15.864208, ?, HS-grad, Never-married, ?, Other-relative, White, Male, United-States, <=50K
56.34856,130720.31,12.494407,37.13342,18.386435,40.750027, Private, Some-college, Married-civ-spouse, Sales, Husband, White, Male, United-States, <=50K
43.711197,317544.78,5.3707414,561.4373,-17.01758,55.32715, Private, 10th, Married-civ-spouse, Transport-moving, Husband, White, Male, United-States, <=50K
64.6727,202157.4,14.324216,159.96161,4.52699,31.387005, Private, Assoc-acdm, Divorced, Prof-specialty, Not-in-family, White, Male, United-States, <=50K
22.74951,131451.61,10.032341,-77.63911,-7.604045,40.429043, Private, Some-college, Never-married, Armed-Forces, Other-relative, White, Male, United-States, <=50K
48.243202,212454.47,9.132827,691.58075,-11.587871,41.31507, Self-emp-not-inc, HS-grad, Never-married, Sales, Not-in-family, White, Male, United-States, <=50K
24.15238,164612.2,13.051483,528.74677,-9.190738,42.88963, Private, Bachelors, Never-married, Sales, Own-child, White, Male, United-States, >50K
74.89242,69394.586,9.038161,398.17468,20.189314,46.109016, Private, HS-grad, Married-civ-spouse, Craft-repair, Husband, White, Male, United-States, <=50K
25.441168,159155.53,5.1456723,425.7055,-19.730928,38.326515, Private, 10th, Divorced, Craft-repair, Unmarried, White, Female, United-States, <=50K
34.400482,209134.78,9.089265,2477.8337,12.9878435,38.831936, Private, HS-grad, Never-married, Craft-repair, Not-in-family, White, Male, United-States, <=50K
54.431705,150414.66,7.9290032,-1208.6035,-13.504321,45.399414, Local-gov, HS-grad, Married-civ-spouse, Protective-serv, Husband, White, Male, United-States, >50K
41.2713,166101.83,9.042139,14192.483,12.169988,50.33279, Private, HS-grad, Divorced, Machine-op-inspct, Not-in-family, White, Female, United-States, >50K
42.752613,173092.3,13.026847,167.95819,9.8914385,35.885555, Local-gov, Bachelors, Never-married, Adm-clerical, Not-in-family, White, Female, United-States, <=50K
21.592474,241366.42,10.1229725,134.29248,-2.875842,22.37803, ?, Some-college, Never-married, Sales, Own-child, White, Female, United-States, <=50K
38.110992,93793.82,11.769952,127.77209,6.4714403,20.56244, Private, Assoc-voc, Never-married, Sales, Unmarried, White, Female, United-States, <=50K
58.854614,27010.469,8.949999,-97.19013,10.290814,44.197765, Private, HS-grad, Married-civ-spouse, Sales, Husband, White, Male, United-States, <=50K
41.7627,196462.94,14.114954,1087.9885,-28.542353,49.50314, Self-emp-inc, Masters, Never-married, Prof-specialty, Not-in-family, White, Male, United-States, >50K
44.923264,342942.56,14.21044,741.7224,-22.762354,51.70673, Private, Masters, Married-civ-spouse, Adm-clerical, Husband, White, Male, United-States, >50K
35.96029,406909.9,13.13669,514.5078,-21.273851,19.647942, Self-emp-not-inc, Assoc-acdm, Never-married, Prof-specialty, Other-relative, White, Female, United-States, <=50K
27.959944,125336.586,12.97722,51.87335,9.9847,34.751564, Private, Bachelors, Never-married, Prof-specialty, Own-child, White, Female, United-States, <=50K
45.65033,677573.5,10.406414,847.8165,2046.3047,45.35571, Private, Some-college, Married-civ-spouse, Craft-repair, Husband, White, Male, United-States, <=50K
23.451563,252366.4,9.062282,281.3957,2.3510027,24.480642, Private, HS-grad, Divorced, Farming-fishing, Own-child, White, Female, United-States, <=50K
46.918297,358718.7,13.6803875,620.2702,-10.131831,46.008896, Local-gov, Masters, Divorced, Prof-specialty, Unmarried, White, Female, United-States, <=50K
30.855871,177913.66,9.14583,175.49597,-0.44952667,12.517599, Private, HS-grad, Never-married, Other-service, Own-child, White, Female, United-States, <=50K
34.150127,291523.53,10.380123,-1534.3889,-14.40829,42.477386, Local-gov, Some-college, Never-married, Prof-specialty, Own-child, White, Female, United-States, >50K
18.76217,163702.61,10.105646,161.3966,-5.097102,14.873871, Private, Some-college, Never-married, Other-service, Own-child, White, Female, United-States, <=50K
45.587074,273059.16,12.7066345,226.22723,1.0837375,41.41694, Private, Bachelors, Divorced, Prof-specialty, Not-in-family, White, Male, United-States, <=50K
44.390915,111860.64,9.843002,369.76575,-19.832003,62.790756, Private, Some-college, Married-civ-spouse, Machine-op-inspct, Husband, White, Male, United-States, <=50K
38.637,116800.695,9.011504,1298.867,-0.9490613,40.43011, Private, HS-grad, Never-married, Craft-repair, Other-relative, White, Male, United-States, <=50K
37.524403,107175.62,6.012713,-73.721504,-25.998262,46.775364, Private, 10th, Married-civ-spouse, Transport-moving, Husband, White, Male, United-States, <=50K
34.13062,173195.36,10.100373,251.93396,-23.132463,52.123142, Private, Some-college, Married-civ-spouse, Farming-fishing, Wife, White, Female, United-States, <=50K
35.240902,129897.7,13.653945,2003.6729,-1.696124,29.477737, Private, Masters, Never-married, Adm-clerical, Not-in-family, White, Female, United-States, <=50K
57.34208,164529.17,7.350087,455.45526,-0.26890075,17.29063, Private, HS-grad, Married-civ-spouse, Other-service, Husband, White, Male, United-States, <=50K
33.506165,262748.56,9.111665,-43.977604,5.672826,36.48202, Private, HS-grad, Never-married, Craft-repair, Own-child, White, Male, United-States, <=50K
36.38163,178311.62,12.753631,334.32007,11.569997,36.72784, Private, Bachelors, Married-civ-spouse, Sales, Husband, White, Male, United-States, >50K
37.018402,158394.56,4.7075305,-441.19208,10.700551,39.601036, Private, 10th, Married-civ-spouse, Machine-op-inspct, Wife, White, Female, United-States, <=50K
62.464935,79718.375,8.98294,-1053.2268,-28.903994,41.98132, Private, HS-grad, Married-civ-spouse, Exec-managerial, Husband, White, Male, United-States, >50K
49.72876,19186.61,13.773619,569.473,5.4405947,48.67712, Private, Masters, Never-married, Sales, Not-in-family, White, Male, United-States, <=50K
37.97147,219797.69,12.924881,14051.646,-28.803125,51.900436, Private, Bachelors, Married-civ-spouse, Sales, Other-relative, White, Male, United-States, <=50K
37.6865,160988.88,13.167872,326.94434,4.261182,39.283997, Private, Bachelors, Married-civ-spouse, Craft-repair, Husband, White, Male, United-States, <=50K
51.093067,165654.03,14.379606,-24.09174,-19.475512,42.9934, Private, Masters, Married-civ-spouse, Craft-repair, Husband, White, Male, United-States, >50K
46.590885,235877.14,12.970064,1261.7821,27.222803,34.58059, Federal-gov, Bachelors, Married-civ-spouse, Adm-clerical, Husband, White, Male, United-States, <=50K
41.944332,220803.52,9.161109,292.62762,-1.3090314,42.08502, Private, HS-grad, Never-married, Exec-managerial, Other-relative, White, Male, United-States, <=50K
40.557606,256744.38,9.007855,547.10767,20.549688,44.879948, Self-emp-not-inc, HS-grad, Divorced, Sales, Unmarried, White, Male, United-States, <=50K
21.379719,60452.1,10.122929,-422.07172,1629.7977,40.177677, Private, HS-grad, Never-married, Tech-support, Own-child, White, Male, United-States, <=50K
40.046207,53804.67,9.955363,212.61932,0.6813251,52.405025, Self-emp-not-inc, HS-grad, Married-civ-spouse, Sales, Husband, White, Male, United-States, <=50K
31.12149,114991.63,9.058132,-57.339664,12.033101,40.932064, Self-emp-not-inc, HS-grad, Never-married, Craft-repair, Other-relative, White, Male, United-States, <=50K
60.17379,266987.7,12.6432705,607.50696,6.918111,53.234947, Private, Bachelors, Married-civ-spouse, Sales, Husband, White, Male, United-States, >50K
40.907246,116543.42,11.627805,-272.1043,-3.496562,61.66848, Private, Bachelors, Married-civ-spouse, Sales, Wife, White, Female, United-States, >50K
17.327955,-12101.499,12.779154,-942.4018,1778.9401,43.35632, Private, Bachelors, Never-married, Tech-support, Own-child, White, Male, United-States, <=50K
22.60185,294689.06,14.395604,792.1307,-2.1313505,66.831856, Private, Masters, Never-married, Prof-specialty, Own-child, White, Male, United-States, <=50K
33.022053,207170.86,9.977028,310.6457,-6.4255934,27.907118, ?, Some-college, Married-civ-spouse, ?, Husband, White, Male, United-States, <=50K
91.49091,99485.49,4.792344,594.10803,-12.397883,31.043928, Private, 10th, Widowed, Other-service, Not-in-family, White, Female, United-States, >50K
47.44261,360730.22,9.011377,604.57574,3.0094576,40.360054, Private, HS-grad, Married-civ-spouse, Craft-repair, Husband, White, Male, United-States, >50K
39.711544,150745.97,13.025842,4124.7104,9.391553,43.970978, Private, Bachelors, Married-civ-spouse, Sales, Husband, White, Male, United-States, >50K
43.21703,187345.86,9.961992,420.35107,0.2974826,38.73083, ?, Some-college, Divorced, ?, Not-in-family, White, Female, United-States, <=50K
20.820122,224014.23,9.112167,-305.88177,22.070677,14.461615, Private, HS-grad, Never-married, Sales, Own-child, White, Male, United-States, <=50K
72.92207,210072.72,9.030532,665.3331,0.039700612,45.245255, Private, HS-grad, Married-civ-spouse, Machine-op-inspct, Husband, White, Male, United-States, >50K
20.979973,200480.28,11.846019,192.9635,6.3905993,50.640503, Private, Assoc-acdm, Never-married, Adm-clerical, Not-in-family, White, Male, United-States, <=50K
43.450596,128891.03,5.388081,23237.746,1.400159,35.51688, Private, 10th, Married-civ-spouse, Sales, Husband, White, Male, United-States, <=50K
35.13723,82395.43,12.960555,284.9319,-5.653178,53.306274, Local-gov, Assoc-acdm, Married-civ-spouse, Protective-serv, Husband, White, Male, United-States, >50K
70.23996,91404.54,5.0676074,26900.574,-64.865654,38.054085, Self-emp-inc, 10th, Married-civ-spouse, Farming-fishing, Husband, White, Male, United-States, >50K
42.54689,224348.16,15.625456,563.86536,1767.8302,58.338047, Private, Masters, Married-civ-spouse, Exec-managerial, Husband, White, Male, United-States, >50K
20.24977,54482.14,12.912992,-739.1911,0.87494385,36.87163, Private, Bachelors, Married-civ-spouse, Craft-repair, Husband, White, Male, United-States, <=50K
56.160664,109575.62,15.554004,17987.22,-3.2758741,47.55855, Private, Assoc-acdm, Married-civ-spouse, Prof-specialty, Wife, White, Female, United-States, >50K
27.703653,162343.05,9.064353,575.29315,-0.27455413,41.83089, Private, HS-grad, Divorced, Sales, Not-in-family, White, Female, United-States, <=50K
29.75149,245841.02,9.051669,-185.26727,7.8648577,37.002674, Local-gov, HS-grad, Never-married, Machine-op-inspct, Other-relative, White, Female, United-States, <=50K
30.648153,48936.875,13.1060505,124.3305,-7.038684,52.798332, Private, Bachelors, Divorced, Other-service, Not-in-family, White, Male, United-States, >50K
24.002014,308928.47,13.05682,121.17449,-8.482669,51.599663, Private, Bachelors, Married-civ-spouse, Sales, Husband, White, Male, United-States, <=50K
44.485447,103529.01,9.099783,484.7334,3.391652,55.36707, Private, HS-grad, Never-married, Adm-clerical, Unmarried, White, Female, United-States, >50K
56.220963,134168.53,9.121823,-333.0523,13.693036,55.818554, Local-gov, HS-grad, Married-civ-spouse, Prof-specialty, Wife, White, Female, United-States, >50K
30.536652,191066.22,7.209474,0.17132163,-23.023066,41.70822, Private, 11th, Divorced, Prof-specialty, Own-child, White, Female, United-States, <=50K
27.594482,150554.77,10.022171,502.0204,-12.379153,34.717236, Private, Some-college, Never-married, Other-service, Not-in-family, White, Female, United-States, <=50K
40.810806,148118.45,13.113682,-300.47772,8.550054,37.840096, Self-emp-not-inc, Bachelors, Married-civ-spouse, Exec-managerial, Husband, White, Male, United-States, >50K
28.785437,123974.37,10.01913,-284.04327,7.4004946,49.15755, State-gov, Some-college, Never-married, Sales, Not-in-family, White, Female, United-States, <=50K
57.470787,302419.2,12.593769,-70.945015,-4.5904264,42.890953, Private, Bachelors, Married-civ-spouse, Exec-managerial, Husband, White, Male, United-States, >50K
25.828583,257124.61,9.094554,194.1651,1959.3129,48.58118, Self-emp-not-inc, HS-grad, Married-civ-spouse, Craft-repair, Husband, White, Male, United-States, <=50K
33.86648,184232.03,10.19732,946.45905,-20.870195,38.64758, Private, Some-college, Married-civ-spouse, Sales, Husband, White, Male, United-States, >50K
33.89977,275689.8,13.000945,880.484,3.8752718,56.23801, Private, Bachelors, Married-civ-spouse, Exec-managerial, Husband, White, Male, United-States, >50K
32.77033,132082.8,12.451369,20132.008,0.117283925,49.979103, Private, Masters, Divorced, Exec-managerial, Husband, White, Male, United-States, >50K
67.11199,285491.06,13.356306,1982.6622,11.219853,42.83423, Private, Bachelors, Married-civ-spouse, Sales, Husband, White, Male, United-States, <=50K
24.767698,183894.7,9.025623,62.347347,0.84789765,42.781094, Private, HS-grad, Married-civ-spouse, Adm-clerical, Husband, White, Male, United-States, <=50K
45.753082,138815.9,9.013669,-108.44221,14.178685,39.935616, Private, HS-grad, Never-married, Adm-clerical, Not-in-family, White, Female, United-States, <=50K
31.974575,128372.32,10.624724,-38.281437,-8.859752,44.378555, Private, Some-college, Married-civ-spouse, Sales, Husband, White, Male, United-States, >50K
26.657085,45470.14,8.97664,808.59155,5.4818163,38.373516, Private, 11th, Never-married, Adm-clerical, Not-in-family, White, Male, United-States, <=50K
18.494469,217112.62,8.6639385,634.4229,1.6830646,47.495075, Private, 12th, Never-married, Adm-clerical, Own-child, White, Female, United-States, <=50K
37.270176,154115.25,6.367131,4944.491,10.29807,44.354958, Private, 10th, Divorced, Exec-managerial, Not-in-family, White, Female, United-States, <=50K
39.810783,102146.32,12.903211,450.37604,-17.49624,26.83195, Private, Bachelors, Married-civ-spouse, Prof-specialty, Husband, White, Male, United-States, >50K
60.852932,114056.93,9.092721,162.05676,-2.2559233,38.93379, Private, HS-grad, Married-civ-spouse, Craft-repair, Husband, White, Male, United-States, <=50K
47.629025,179521.62,13.073171,-386.2674,1976.0675,41.924084, Private, Bachelors, Divorced, Exec-managerial, Unmarried, White, Male, United-States, <=50K
37.003246,260565.05,10.038578,-54.375797,-24.17431,26.026264, ?, Some-college, Never-married, ?, Own-child, White, Male, United-States, <=50K
33.609547,171585.8,12.411013,685.1661,13.200604,36.816402, Self-emp-not-inc, Bachelors, Married-civ-spouse, Sales, Husband, White, Male, United-States, >50K
54.61498,237754.38,8.937798,658.52893,60.89512,39.114944, Private, HS-grad, Married-civ-spouse, Handlers-cleaners, Husband, White, Male, United-States, <=50K
35.462368,179115.23,13.043243,-501.28265,2.270688,37.740643, Private, Bachelors, Married-civ-spouse, Machine-op-inspct, Husband, White, Male, United-States, <=50K
39.86993,218168.38,14.397848,392.2583,-1.4217557,40.113976, Private, Masters, Married-civ-spouse, Sales, Husband, White, Male, United-States, <=50K
58.354332,234757.42,9.39539,27198.662,-29.275003,52.8901, Local-gov, Some-college, Married-civ-spouse, Exec-managerial, Husband, White, Male, United-States, >50K
27.318106,139152.16,12.020856,214.38141,-11.578212,36.971634, Private, Assoc-acdm, Never-married, Exec-managerial, Not-in-family, White, Male, United-States, <=50K
55.081573,111184.32,9.060023,598.29193,29.690016,42.639412, Private, HS-grad, Married-civ-spouse, Sales, Husband, White, Male, United-States, >50K
64.29119,152659.42,10.021775,245.88452,-16.750536,43.203583, Private, Some-college, Separated, Machine-op-inspct, Own-child, White, Female, United-States, <=50K
43.628757,39622.28,6.995504,-420.732,31.228174,39.31006, Private, 11th, Divorced, Machine-op-inspct, Unmarried, White, Male, United-States, <=50K
43.92456,86566.41,12.943229,1556.882,576.65436,37.756557, State-gov, Bachelors, Never-married, Exec-managerial, Own-child, White, Male, United-States, <=50K
61.913013,125178.11,9.054886,464.8103,-4.2840223,38.12041, Private, HS-grad, Married-civ-spouse, Craft-repair, Husband, White, Male, United-States, >50K
61.308323,116754.94,8.697337,-99.98066,11.816564,43.653866, Local-gov, HS-grad, Married-civ-spouse, Handlers-cleaners, Husband, White, Male, United-States, <=50K
43.294365,150130.67,10.098475,50.579464,-19.095263,42.032757, Private, Some-college, Married-civ-spouse, Craft-repair, Husband, White, Male, United-States, <=50K
48.65753,210974.55,14.372501,330.86157,7.1093874,44.140667, Federal-gov, Masters, Never-married, Adm-clerical, Not-in-family, White, Male, United-States, >50K
31.590076,139824.77,13.036239,311.4148,-13.362201,52.13791, Private, Bachelors, Never-married, Craft-repair, Not-in-family, White, Male, United-States, <=50K
26.459454,110097.625,8.661952,-0.7006266,-6.9436827,46.152542, Private, HS-grad, Never-married, Handlers-cleaners, Own-child, White, Male, United-States, <=50K
24.590536,188023.73,5.7104206,30.855404,-9.841617,27.985619, Private, 10th, Separated, Handlers-cleaners, Own-child, White, Female, United-States, <=50K
55.39698,257680.92,10.597843,128.95581,1923.5135,35.254616, Private, Assoc-voc, Married-civ-spouse, Handlers-cleaners, Husband, White, Male, United-States, >50K
47.884373,115225.39,10.066076,466.51477,-8.718677,49.526894, Private, Some-college, Married-civ-spouse, Sales, Husband, White, Male, United-States, <=50K
57.618675,94174.664,13.354859,6164.1816,-5.7560225,42.938065, Private, Masters, Divorced, Adm-clerical, Unmarried, White, Female, United-States, <=50K
30.825438,275997.72,10.986199,-193.72015,17.165052,40.986076, State-gov, Assoc-voc, Divorced, Tech-support, Unmarried, White, Female, United-States, <=50K
33.77863,104095.84,10.115689,867.47797,9.997586,40.191097, Private, Some-college, Married-civ-spouse, Tech-support, Wife, White, Female, United-States, <=50K
48.15353,123182.484,4.7915506,93.598076,-30.57239,39.984005, Local-gov, 10th, Married-civ-spouse, Transport-moving, Husband, White, Male, United-States, <=50K
26.574764,264786.25,13.008807,46.4107,13.116841,42.787483, Private, Bachelors, Never-married, Exec-managerial, Own-child, White, Female, United-States, <=50K
59.588505,189437.45,9.002098,2847.7178,0.35325348,41.93851, Private, HS-grad, Divorced, Exec-managerial, Not-in-family, White, Female, United-States, <=50K
27.340458,68476.13,8.990103,-227.79266,-13.000697,38.38321, Private, HS-grad, Never-married, Transport-moving, Not-in-family, White, Male, United-States, <=50K
24.739819,89056.81,8.960366,75.88311,2.6007357,40.23717, Private, HS-grad, Never-married, Machine-op-inspct, Unmarried, White, Female, United-States, <=50K
45.09132,113860.3,13.106157,361.89105,1.4526721,45.925377, Private, Bachelors, Married-civ-spouse, Adm-clerical, Husband, White, Male, United-States, <=50K
66.22192,282075.6,9.054327,28.927181,11.427381,38.298805, Private, HS-grad, Divorced, Machine-op-inspct, Not-in-family, White, Female, United-States, <=50K
47.402946,142892.92,13.722726,-62.734806,-13.007274,36.54065, Private, Masters, Married-civ-spouse, Prof-specialty, Husband, White, Male, United-States, >50K
34.30916,181761.88,14.084365,69.74267,1982.9365,43.792328, Private, Masters, Married-civ-spouse, Prof-specialty, Husband, White, Male, United-States, >50K
24.735367,203676.1,10.179739,-331.14996,-0.041209117,51.25214, Private, Some-college, Never-married, Sales, Not-in-family, White, Female, United-States, <=50K
53.686325,176893.27,12.114882,243.76465,-16.801386,48.456287, Private, Assoc-acdm, Never-married, Transport-moving, Own-child, White, Female, United-States, <=50K
62.314827,90947.51,12.957971,148.57391,-2.000537,34.46469, Private, Bachelors, Married-spouse-absent, Prof-specialty, Unmarried, White, Female, United-States, <=50K
33.64447,120153.22,10.041291,-120.44538,-15.564204,44.29003, Private, Some-college, Never-married, Transport-moving, Not-in-family, White, Male, United-States, <=50K
39.73834,169796.86,8.918086,480.35846,-1.4459256,31.76571, Private, HS-grad, Married-civ-spouse, Prof-specialty, Husband, White, Male, United-States, <=50K
29.821266,127428.016,14.551579,51697.74,24.047358,50.444363, Private, Assoc-acdm, Married-civ-spouse, Prof-specialty, Husband, White, Male, United-States, >50K
49.115685,212908.56,12.707507,175.419,-30.516504,52.460087, Private, Masters, Married-civ-spouse, Prof-specialty, Husband, White, Male, United-States, <=50K
24.075619,255909.23,10.110061,257.74432,-6.0810957,39.57559, Private, Some-college, Never-married, Sales, Own-child, White, Female, United-States, <=50K
51.486656,187932.25,14.31162,109.3933,12.489339,29.704983, Private, Masters, Married-civ-spouse, Farming-fishing, Husband, White, Male, United-States, <=50K
37.146137,133865.73,9.522381,7476.8135,-15.729327,39.230267, Private, HS-grad, Married-civ-spouse, Craft-repair, Husband, White, Male, United-States, <=50K
36.093616,127271.91,13.217175,1500.8925,-10.855533,42.68876, Private, Bachelors, Divorced, Exec-managerial, Wife, White, Female, United-States, >50K
60.15149,83413.234,9.140398,-763.2935,-7.3639936,45.005486, Self-emp-inc, HS-grad, Married-civ-spouse, Exec-managerial, Husband, White, Male, United-States, >50K
63.47236,228801.34,13.655511,24103.695,-22.677782,47.56965, Private, Masters, Married-civ-spouse, Prof-specialty, Husband, White, Male, United-States, >50K
23.660824,236693.61,8.974964,-511.43903,37.917706,31.174416, Private, HS-grad, Separated, Handlers-cleaners, Not-in-family, White, Male, United-States, <=50K
38.988472,179795.66,8.979167,84.53698,17.001974,38.64236, Private, HS-grad, Never-married, Prof-specialty, Unmarried, White, Female, United-States, <=50K
58.130154,54338.75,13.350175,10580.075,-27.043543,44.127186, Self-emp-not-inc, Assoc-acdm, Married-civ-spouse, Sales, Husband, White, Male, United-States, >50K
47.026684,207674.5,7.8492084,291.3188,3.1702547,55.911922, Private, HS-grad, Married-civ-spouse, Machine-op-inspct, Husband, White, Male, United-States, <=50K
43.56256,137393.47,14.525866,-128.32,-30.827051,40.01701, Private, Masters, Never-married, Exec-managerial, Not-in-family, White, Male, United-States, <=50K
43.477562,62559.805,13.91722,1158.7396,-8.707683,45.41967, Self-emp-not-inc, Masters, Married-civ-spouse, Craft-repair, Husband, White, Male, United-States, >50K
58.99311,227955.47,13.452994,684.3644,-11.470927,53.758453, Self-emp-inc, Masters, Married-spouse-absent, Sales, Not-in-family, White, Male, United-States, <=50K
34.903946,54458.36,5.7683196,401.68463,5.1285753,38.46486, Private, 10th, Married-civ-spouse, Machine-op-inspct, Wife, White, Female, United-States, <=50K
46.897797,89584.3,9.029998,44.801632,-8.756022,48.824398, Self-emp-not-inc, HS-grad, Married-civ-spouse, Craft-repair, Husband, White, Male, United-States, <=50K
28.358292,123523.41,9.139197,46.777706,42.837173,42.698746, Private, HS-grad, Never-married, Sales, Not-in-family, White, Male, United-States, <=50K
28.03871,189914.45,9.986554,169.8128,-5.5857496,46.48068, Private, Some-college, Married-civ-spouse, Transport-moving, Husband, White, Male, United-States, <=50K
48.677425,168124.16,10.034434,357.18433,-12.312251,52.124798, Private, Some-college, Married-civ-spouse, Machine-op-inspct, Husband, White, Male, United-States, <=50K
51.92585,111980.16,5.1116176,446.88092,-2.7157469,14.497984, Private, 10th, Married-civ-spouse, Handlers-cleaners, Wife, White, Female, United-States, <=50K
46.313828,138115.02,9.075445,270.52002,11.460629,40.291836, Self-emp-not-inc, HS-grad, Married-civ-spouse, Craft-repair, Husband, White, Male, United-States, <=50K
27.554848,221641.92,9.054655,214.15198,5.376485,39.36765, Private, HS-grad, Never-married, Craft-repair, Not-in-family, White, Male, United-States, <=50K
28.946148,198820.9,13.449561,307.53833,-14.284854,50.247967, Private, Masters, Married-civ-spouse, Exec-managerial, Wife, White, Female, United-States, <=50K
54.879192,170598.12,11.060068,23.893002,-15.577479,38.655567, Private, Bachelors, Married-civ-spouse, Handlers-cleaners, Husband, White, Male, United-States, <=50K
39.629604,74394.17,8.784051,-10.891178,-2.6582365,37.87554, Private, HS-grad, Never-married, Priv-house-serv, Not-in-family, White, Female, United-States, <=50K
48.835762,222093.64,10.12507,176.10663,-23.088282,41.600117, Private, Some-college, Divorced, Exec-managerial, Not-in-family, White, Female, United-States, <=50K
25.746902,184087.62,7.1965346,-221.1131,-0.8379773,32.822746, Private, 11th, Never-married, Priv-house-serv, Unmarried, White, Female, United-States, <=50K
30.487194,219091.36,10.852367,718.7943,-4.0167418,41.719196, Private, Assoc-voc, Married-civ-spouse, Exec-managerial, Husband, White, Male, United-States, >50K
40.499176,210343.78,12.995282,459.19128,8.406392,41.29893, Private, Bachelors, Never-married, Handlers-cleaners, Not-in-family, White, Male, United-States, <=50K
29.380394,365271.66,13.114073,645.01294,6.5095873,46.50135, Private, Bachelors, Never-married, Prof-specialty, Not-in-family, White, Female, United-States, <=50K
39.48986,101352.586,9.053163,140.35797,24.387747,33.592953, Private, HS-grad, Married-civ-spouse, Adm-clerical, Husband, White, Male, United-States, <=50K
50.285107,44422.797,9.993216,229.41339,9.004796,40.850246, Private, Some-college, Married-civ-spouse, Prof-specialty, Not-in-family, White, Male, United-States, <=50K
35.047832,18614.562,9.539849,2447.443,-8.878299,41.483215, Private, Some-college, Married-civ-spouse, Machine-op-inspct, Husband, White, Male, United-States, <=50K
41.268833,257777.1,9.044042,-637.96954,-13.79684,41.231884, Federal-gov, HS-grad, Married-civ-spouse, Sales, Husband, White, Male, United-States, >50K
25.470491,261095.38,9.114279,183.21405,5.818555,34.985268, Private, HS-grad, Never-married, Craft-repair, Own-child, White, Male, United-States, <=50K
62.053974,151513.0,9.002725,-84.528145,8.539624,40.0711, Self-emp-not-inc, HS-grad, Married-civ-spouse, Adm-clerical, Wife, White, Female, United-States, <=50K
40.397266,246996.45,9.010396,-247.59857,-17.272547,38.63092, Private, HS-grad, Separated, Other-service, Unmarried, White, Female, United-States, <=50K
33.286034,226548.25,9.997367,-146.07391,-30.299417,41.705215, Self-emp-not-inc, Some-college, Married-civ-spouse, Prof-specialty, Husband, White, Male, United-States, <=50K
25.777927,146536.28,10.403351,-800.3132,6.502713,42.592007, Local-gov, Some-college, Never-married, Craft-repair, Own-child, White, Male, United-States, <=50K
44.36218,152816.34,12.95,209.57526,6.325986,24.380796, Self-emp-not-inc, Bachelors, Married-civ-spouse, Prof-specialty, Husband, White, Male, United-States, <=50K
20.710535,208679.61,5.556145,66.84026,5.199254,30.117525, Private, 10th, Never-married, Other-service, Own-child, White, Male, United-States, <=50K
35.585323,257617.77,10.050163,424.94727,-4.4027967,38.214558, Private, Some-college, Married-civ-spouse, Other-service, Husband, White, Male, United-States, <=50K
79.40313,120983.21,9.161354,132.97363,23.803854,36.249615, Private, HS-grad, Divorced, Exec-managerial, Not-in-family, White, Male, United-States, <=50K
37.183884,233015.28,8.994928,198.01672,-7.190318,54.112698, Private, HS-grad, Married-civ-spouse, Craft-repair, Husband, White, Male, United-States, <=50K
36.656097,320859.56,12.965594,1064.5533,-39.149906,45.54299, Self-emp-inc, Bachelors, Never-married, Other-service, Unmarried, White, Female, United-States, <=50K
59.294495,214128.39,12.605011,1091.5651,0.07438384,61.863583, Federal-gov, Bachelors, Married-civ-spouse, Prof-specialty, Husband, White, Male, United-States, >50K
49.191654,154784.03,10.95735,-185.24762,-18.114214,43.472153, Private, Assoc-voc, Divorced, Priv-house-serv, Not-in-family, White, Female, United-States, <=50K
31.31721,334196.84,9.157938,-233.34064,-2.4324522,41.305355, Private, HS-grad, Married-civ-spouse, Sales, Husband, White, Male, United-States, >50K
29.531107,171243.9,9.124457,252.88092,-10.751277,44.233692, Private, HS-grad, Never-married, Craft-repair, Not-in-family, White, Male, United-States, <=50K
81.915794,179989.69,5.5961337,945.5119,-9.152751,44.466476, Private, 10th, Married-civ-spouse, Machine-op-inspct, Husband, White, Male, United-States, <=50K
36.375854,430078.2,9.162857,195.08081,-6.9032774,39.950268, Private, HS-grad, Never-married, Other-service, Own-child, White, Female, United-States, <=50K
28.572906,83300.15,10.093601,526.8767,-15.512492,74.64651, Private, Some-college, Never-married, Exec-managerial, Not-in-family, White, Male, United-States, <=50K
51.326447,184077.34,13.091356,-231.7508,2.4710512,21.77243, Private, Bachelors, Divorced, Prof-specialty, Other-relative, White, Male, United-States, <=50K
35.74614,308114.2,9.007681,25272.701,3.2695284,36.92022, Private, HS-grad, Married-civ-spouse, Craft-repair, Husband, White, Male, United-States, >50K
41.243706,64403.29,10.0555,522.70135,-19.937166,56.113163, Private, Some-college, Never-married, Exec-managerial, Not-in-family, White, Male, United-States, <=50K
46.000435,62555.6,13.980294,957.94763,0.89162934,41.24954, Private, Masters, Divorced, Transport-moving, Not-in-family, White, Male, United-States, <=50K
22.15286,169980.7,9.007158,90.632256,30.650831,32.495396, Local-gov, HS-grad, Divorced, ?, Not-in-family, White, Female, United-States, <=50K
63.08476,8371.438,9.616071,465.86548,18.745794,56.191628, Private, Some-college, Separated, Adm-clerical, Not-in-family, White, Male, United-States, <=50K
64.33716,204051.81,10.121751,-322.7718,-8.072207,43.961555, Self-emp-inc, Some-college, Married-civ-spouse, Exec-managerial, Husband, White, Male, United-States, >50K
55.594673,257893.28,13.025018,32.715878,24.291552,37.69536, Local-gov, Bachelors, Divorced, Farming-fishing, Not-in-family, White, Male, United-States, >50K
67.50604,62948.97,10.116799,339.14398,-20.58623,40.669304, Private, Some-college, Divorced, Craft-repair, Not-in-family, White, Male, United-States, <=50K
44.57487,108511.67,13.775046,367.7845,-43.952206,58.638596, State-gov, Masters, Never-married, Exec-managerial, Own-child, White, Female, United-States, <=50K
29.685913,73062.336,11.580239,589.1098,22.31236,-1.5908872, ?, Some-college, Never-married, ?, Other-relative, White, Male, United-States, <=50K
25.874334,157251.98,9.169993,53.761044,12.988294,35.4101, Private, HS-grad, Never-married, Sales, Not-in-family, White, Female, United-States, <=50K
53.525818,142027.08,12.259339,-190.13422,-13.330043,38.79834, Federal-gov, Bachelors, Married-civ-spouse, Handlers-cleaners, Husband, White, Male, United-States, >50K
37.64835,374268.97,9.080231,230.9231,2.425458,42.047913, Private, HS-grad, Divorced, Transport-moving, Not-in-family, White, Male, United-States, <=50K
26.605293,175780.17,9.094882,195.56317,-4.955798,40.81102, Private, HS-grad, Never-married, Adm-clerical, Own-child, White, Female, United-States, <=50K
61.714214,104207.164,11.119853,312.1314,-33.8933,54.540844, Self-emp-inc, Assoc-voc, Married-spouse-absent, Sales, Not-in-family, White, Male, United-States, <=50K
38.56613,211252.3,10.169739,-470.31134,-0.78637207,41.367836, Private, Some-college, Divorced, Machine-op-inspct, Unmarried, White, Male, United-States, <=50K
45.894897,72054.55,10.635872,20.828915,-6.3468275,40.182682, Private, Assoc-acdm, Married-civ-spouse, Sales, Husband, White, Male, United-States, >50K
53.188156,441004.3,3.3820963,96.38134,-8.815982,34.835766, Local-gov, 10th, Married-civ-spouse, Farming-fishing, Husband, White, Male, United-States, <=50K
53.183247,169938.17,9.133091,-425.08966,37.204227,54.155945, Local-gov, HS-grad, Divorced, Adm-clerical, Not-in-family, White, Male, United-States, <=50K
30.783892,217782.86,9.038726,147.60577,-18.410196,60.911465, Private, HS-grad, Married-civ-spouse, Exec-managerial, Husband, White, Male, United-States, >50K
25.707205,146889.98,13.085822,887.9557,6.6292315,40.30963, Private, Bachelors, Never-married, Prof-specialty, Own-child, White, Male, United-States, <=50K
74.710434,245540.78,9.240418,1112.7283,21.079489,-2.9822295, Private, HS-grad, Married-civ-spouse, Tech-support, Wife, White, Female, United-States, <=50K
65.29708,79811.945,10.00644,-368.26044,-58.162655,50.511272, Private, Some-college, Widowed, Other-service, Unmarried, White, Female, United-States, <=50K
36.18995,85197.41,9.108898,-350.0645,-1.4542111,39.411747, Private, HS-grad, Married-civ-spouse, Adm-clerical, Wife, White, Female, United-States, <=50K
57.832245,326263.88,12.512537,304.31458,-46.601482,53.374847, Private, Bachelors, Divorced, Machine-op-inspct, Not-in-family, White, Male, United-States, >50K
19.159252,104465.96,6.217823,-238.30865,17.091772,38.26653, Private, 10th, Never-married, Other-service, Not-in-family, White, Male, United-States, <=50K
27.851692,138721.7,12.921839,66.43261,-36.84431,35.238865, Private, Bachelors, Never-married, Exec-managerial, Not-in-family, White, Female, United-States, >50K
53.65627,122190.5,10.007125,180.67432,-20.472536,37.072334, Private, Some-college, Married-civ-spouse, Handlers-cleaners, Husband, White, Male, United-States, <=50K
43.533154,384903.34,10.335306,-39.803165,-10.092593,26.5031, Private, 12th, Never-married, Sales, Own-child, White, Female, United-States, >50K
30.364145,200821.2,9.093197,-611.7159,16.559118,39.85292, Self-emp-not-inc, HS-grad, Married-spouse-absent, Sales, Own-child, White, Male, United-States, <=50K
23.705078,170176.64,12.781448,434.30103,1.6281863,51.850613, Self-emp-not-inc, Bachelors, Never-married, Craft-repair, Own-child, White, Male, United-States, <=50K
50.268288,198701.7,7.329162,122.20995,-13.543834,36.975586, Private, 11th, Divorced, Other-service, Unmarried, White, Female, United-States, <=50K
26.775345,82793.4,9.075856,-203.23383,-8.043941,40.69763, Private, HS-grad, Never-married, Prof-specialty, Own-child, White, Female, United-States, <=50K
27.83895,227996.78,9.112503,375.79425,-10.467113,30.020363, Local-gov, HS-grad, Married-civ-spouse, Protective-serv, Wife, White, Female, United-States, <=50K
30.269205,167962.84,9.010894,-449.9693,8.230695,33.048317, ?, HS-grad, Never-married, ?, Not-in-family, White, Male, United-States, <=50K
50.197895,120247.375,12.343725,276.3896,-11.037799,41.504772, Private, Masters, Married-civ-spouse, Adm-clerical, Husband, White, Male, United-States, <=50K
70.39883,78525.484,10.018396,357.1678,-7.229251,47.503532, Private, Some-college, Married-civ-spouse, Transport-moving, Husband, White, Male, United-States, <=50K
52.344555,61142.938,14.691206,-277.35028,-16.217585,30.522814, Private, Masters, Never-married, Prof-specialty, Not-in-family, White, Female, United-States, <=50K
48.3731,548489.1,13.819384,1088.7311,19.231245,51.131264, Private, Masters, Married-civ-spouse, Sales, Husband, White, Male, United-States, <=50K
29.345556,172223.75,15.44127,371.23615,-15.264407,33.438858, Private, Assoc-acdm, Never-married, Prof-specialty, Not-in-family, White, Female, United-States, <=50K
55.28553,176652.11,10.114569,1512.5797,-35.08263,44.465965, Self-emp-not-inc, Some-college, Married-civ-spouse, Craft-repair, Husband, White, Male, United-States, >50K
48.944622,173868.5,9.065869,-203.77228,0.82959473,43.875336, Self-emp-not-inc, HS-grad, Married-civ-spouse, Other-service, Husband, White, Male, United-States, >50K
31.642868,179927.06,5.780062,210.65924,675.3736,40.24464, Private, 10th, Married-civ-spouse, Machine-op-inspct, Husband, White, Male, United-States, <=50K
48.006847,-42881.016,14.136668,-329.13324,4.7415133,49.148388, Self-emp-not-inc, Masters, Married-civ-spouse, Prof-specialty, Husband, White, Male, United-States, >50K
32.362057,170113.86,9.228962,-1565.3601,1304.0015,44.024513, ?, HS-grad, Never-married, ?, Unmarried, White, Female, United-States, >50K
39.33988,121570.35,8.95134,-471.76202,-11.749553,57.678818, Local-gov, HS-grad, Married-civ-spouse, Transport-moving, Husband, White, Male, United-States, <=50K
23.84677,199696.36,10.086355,222.6405,24.105452,0.7250956, ?, Some-college, Never-married, ?, Own-child, White, Female, United-States, <=50K
62.783875,131077.34,11.69825,401.6986,-11.978335,46.795094, State-gov, Bachelors, Married-civ-spouse, Exec-managerial, Husband, White, Male, United-States, >50K
45.588005,162933.14,12.069724,-471.98053,5.8765917,38.590378, Private, Bachelors, Married-civ-spouse, Adm-clerical, Husband, White, Male, United-States, >50K
16.37415,142433.22,9.049213,266.52203,2.9838762,35.61815, Private, HS-grad, Never-married, Other-service, Own-child, White, Female, United-States, <=50K
39.107586,191927.23,9.0845995,-1591.928,54.055927,42.978226, Federal-gov, HS-grad, Married-civ-spouse, Adm-clerical, Husband, White, Male, United-States, >50K
26.10822,173264.61,10.0321,572.9928,5.515126,56.264713, Self-emp-not-inc, Some-college, Married-civ-spouse, Adm-clerical, Husband, White, Male, United-States, <=50K
21.973127,65038.36,10.09284,382.65515,-15.542903,23.092728, Private, Some-college, Never-married, Craft-repair, Own-child, White, Female, United-States, <=50K
94.360504,63791.42,12.144102,1192.2694,38.116577,7.0164814, Private, Assoc-acdm, Widowed, Adm-clerical, Not-in-family, White, Female, United-States, <=50K
28.758835,172405.08,9.139375,283.0998,3.0529299,54.80709, Private, HS-grad, Never-married, Machine-op-inspct, Not-in-family, White, Female, United-States, <=50K
34.459805,331770.34,13.002635,595.9552,-18.16067,58.335915, Private, Bachelors, Married-civ-spouse, Adm-clerical, Own-child, White, Female, United-States, <=50K
27.833273,286947.28,9.155103,354.15143,-6.1093473,31.63276, Private, HS-grad, Never-married, Other-service, Own-child, White, Female, United-States, <=50K
50.00946,157951.56,3.653668,74.997,-22.62411,26.930656, Private, 10th, Never-married, Other-service, Other-relative, White, Female, United-States, <=50K
53.060696,136245.16,13.041875,729.2801,14.958425,48.247112, Private, Bachelors, Never-married, Exec-managerial, Not-in-family, White, Male, United-States, <=50K
46.350685,16714.078,11.913735,309.0348,13.618535,46.76559, Private, Masters, Divorced, Exec-managerial, Not-in-family, White, Male, United-States, <=50K
59.494118,60221.305,14.066639,1227.1249,-44.19836,29.324972, State-gov, Masters, Married-civ-spouse, Prof-specialty, Other-relative, White, Male, United-States, <=50K
22.793112,153203.77,12.545068,630.6586,6.8212404,34.378258, Private, Bachelors, Never-married, Other-service, Own-child, White, Female, United-States, <=50K
47.33296,93254.695,10.095343,411.05652,-33.229473,39.540936, Self-emp-not-inc, Some-college, Divorced, Other-service, Not-in-family, White, Female, United-States, <=50K
29.65445,131355.12,9.367245,201.54602,6.0282946,40.19466, Private, HS-grad, Married-civ-spouse, Machine-op-inspct, Husband, White, Male, United-States, >50K
50.30163,101598.15,8.937238,-571.09674,12.074773,37.636, ?, HS-grad, Never-married, ?, Not-in-family, White, Male, United-States, <=50K
26.73813,110718.05,13.093148,75.830925,5.9183245,55.48283, Private, Bachelors, Never-married, Adm-clerical, Not-in-family, White, Male, United-States, >50K
45.353283,118772.96,15.712129,196.90302,2506.1575,31.504148, Self-emp-not-inc, Assoc-acdm, Married-civ-spouse, Prof-specialty, Husband, White, Male, United-States, >50K
45.944572,113793.22,10.05706,215.53766,22.30847,44.10652, State-gov, Some-college, Divorced, Prof-specialty, Not-in-family, White, Male, United-States, <=50K
49.322063,196706.89,9.120877,46.82391,0.6405612,45.60076, Private, HS-grad, Married-civ-spouse, Craft-repair, Husband, White, Male, United-States, >50K
47.175056,97527.09,10.084285,154.19165,-23.861017,28.79228, ?, Some-college, Never-married, ?, Unmarried, White, Female, United-States, <=50K
33.044743,166823.45,5.6021905,304.61053,-2.9469404,59.130127, Private, 10th, Married-civ-spouse, Exec-managerial, Husband, White, Male, United-States, <=50K
34.694386,370847.2,13.20408,229.24933,-6.013507,58.669342, Private, Bachelors, Married-civ-spouse, Sales, Husband, White, Male, United-States, <=50K
33.678223,164988.84,13.40637,6176.4854,-15.309855,55.0339, Private, Bachelors, Divorced, Exec-managerial, Not-in-family, White, Male, United-States, <=50K
27.902693,195046.58,5.4554887,-176.13422,-18.277231,39.737022, Private, 10th, Married-civ-spouse, Other-service, Wife, White, Female, United-States, <=50K
37.014355,585687.7,10.104635,607.67145,5.2597704,40.468708, Private, Some-college, Never-married, Prof-specialty, Not-in-family, White, Female, United-States, <=50K
37.237045,108853.41,10.029379,-511.01105,-14.568835,40.50291, Private, Some-college, Married-civ-spouse, Craft-repair, Husband, White, Male, United-States, >50K
43.962566,63203.445,10.066371,-105.746284,-15.758624,56.619614, Private, Some-college, Never-married, Farming-fishing, Not-in-family, White, Male, United-States, <=50K
60.004665,212710.22,15.543372,958.0519,-66.80636,40.247902, Local-gov, Assoc-acdm, Married-civ-spouse, Craft-repair, Husband, White, Male, United-States, <=50K
57.213005,94532.516,9.446472,-450.12274,-1.8513745,44.171047, Federal-gov, Some-college, Married-civ-spouse, Adm-clerical, Husband, White, Male, United-States, >50K
35.848503,131382.12,9.182233,-64.75654,5.1987047,41.925766, ?, HS-grad, Married-civ-spouse, ?, Husband, White, Male, United-States, >50K
17.766933,324436.56,9.998621,301.98236,-8.119716,28.830318, State-gov, Some-college, Never-married, Protective-serv, Not-in-family, White, Male, United-States, <=50K
34.474,229826.08,10.106045,-33.405216,-6.3979445,36.23412, Private, Some-college, Married-civ-spouse, Handlers-cleaners, Husband, White, Male, United-States, <=50K
18.430668,467446.16,9.036954,-60.92438,-10.722575,39.087925, Private, HS-grad, Never-married, Transport-moving, Own-child, White, Male, United-States, <=50K
35.75427,39742.64,10.357612,-36.318424,30.330332,35.637268, Private, Some-college, Separated, Adm-clerical, Own-child, White, Male, United-States, <=50K
40.059456,239851.23,10.071862,540.0251,21.686628,43.71585, Self-emp-not-inc, Some-college, Married-civ-spouse, Sales, Wife, White, Male, United-States, <=50K
58.216614,62387.28,9.028245,-72.575386,24.388235,37.330345, Private, HS-grad, Married-civ-spouse, Adm-clerical, Husband, White, Male, United-States, <=50K
34.062737,204848.52,10.064311,433.8662,-5.1963987,30.366968, Self-emp-not-inc, Some-college, Married-civ-spouse, Craft-repair, Husband, White, Male, United-States, <=50K
68.825165,144866.2,7.175466,651.3248,2.5393648,40.788517, ?, 11th, Divorced, ?, Not-in-family, White, Female, United-States, <=50K
20.821888,85610.54,9.097483,283.70428,16.304686,37.5162, Private, HS-grad, Never-married, Other-service, Own-child, White, Female, United-States, <=50K
50.571114,105276.305,13.935922,75541.6,30.920324,67.20534, Self-emp-inc, Assoc-acdm, Married-civ-spouse, Prof-specialty, Husband, White, Male, United-States, >50K
27.601606,361667.78,7.0533013,-29.252506,-1.7071408,34.62338, Private, 11th, Married-civ-spouse, Other-service, Husband, White, Male, United-States, <=50K
41.652443,205307.61,12.867139,349.17078,-7.062564,45.844646, Private, Bachelors, Married-civ-spouse, Machine-op-inspct, Husband, White, Male, United-States, <=50K
45.829258,111100.93,12.407574,-1232.78,22.358778,59.241024, Federal-gov, Bachelors, Married-civ-spouse, Adm-clerical, Husband, White, Male, United-States, >50K
30.940937,64599.195,9.156145,-319.40656,-8.385554,49.889843, Private, HS-grad, Married-civ-spouse, Exec-managerial, Wife, White, Female, United-States, >50K
34.730846,249702.31,10.133381,222.5857,-22.597773,39.61275, Private, Some-college, Married-civ-spouse, Exec-managerial, Wife, White, Female, United-States, >50K
40.43449,147926.73,9.03361,4232.6294,-10.253093,39.827087, Private, HS-grad, Married-civ-spouse, Prof-specialty, Own-child, White, Female, United-States, <=50K
45.505306,222938.4,12.859502,770.134,20.323172,38.911243, Self-emp-not-inc, Bachelors, Married-spouse-absent, ?, Not-in-family, White, Female, United-States, <=50K
32.992832,168524.47,9.145158,-190.50348,18.345518,35.57328, Private, HS-grad, Never-married, Other-service, Not-in-family, White, Female, United-States, <=50K
32.679535,79702.945,12.971573,327.53156,8.265523,39.908127, Private, Bachelors, Never-married, Adm-clerical, Not-in-family, White, Male, United-States, <=50K
81.78967,265049.94,14.3225765,215.1236,-19.595995,39.35216, Self-emp-inc, Masters, Married-civ-spouse, Prof-specialty, Husband, White, Male, United-States, >50K
50.941933,112833.85,13.023655,-435.0025,-3.9487638,52.497826, Self-emp-inc, Bachelors, Married-civ-spouse, Exec-managerial, Husband, White, Male, United-States, >50K
30.467617,179741.31,9.954355,-277.88898,2238.9636,48.257584, Private, Some-college, Married-civ-spouse, Craft-repair, Husband, White, Male, United-States, >50K
31.320663,183908.4,12.955403,478.136,6.3664217,36.840267, Private, Bachelors, Never-married, Handlers-cleaners, Not-in-family, White, Male, United-States, <=50K
42.51763,217326.55,9.305998,94.795525,35.997032,37.28653, Local-gov, HS-grad, Divorced, Prof-specialty, Not-in-family, White, Female, United-States, <=50K
50.694992,155418.78,9.590223,-54.893253,-16.653543,34.825417, Private, HS-grad, Married-civ-spouse, Prof-specialty, Husband, White, Male, United-States, <=50K
41.903698,129761.08,10.057929,56.34814,-1.2917584,48.539825, Private, Some-college, Married-civ-spouse, Exec-managerial, Husband, White, Male, United-States, <=50K
45.839836,145751.1,8.914599,303.8341,-19.168985,35.714535, State-gov, HS-grad, Married-civ-spouse, Other-service, Husband, White, Male, United-States, <=50K
22.067175,159564.83,9.979768,28443.67,3.8793764,29.034176, Private, Some-college, Never-married, Adm-clerical, Not-in-family, White, Male, United-States, >50K
46.388573,209527.19,10.075895,963.4003,-33.374844,28.94818, ?, Some-college, Divorced, ?, Own-child, White, Male, United-States, <=50K
23.026344,223386.8,8.998686,23.082699,2624.1484,43.273655, Private, HS-grad, Never-married, Machine-op-inspct, Not-in-family, White, Female, United-States, <=50K
14.45647,50353.938,5.1871376,-335.64142,-6.3466825,35.121655, Private, 10th, Never-married, Transport-moving, Own-child, White, Male, United-States, <=50K
52.706196,84677.516,9.070214,1041.5398,-9.10374,34.037987, Self-emp-not-inc, HS-grad, Widowed, Craft-repair, Not-in-family, White, Male, United-States, <=50K
55.639637,109044.79,12.959632,5183.6494,-1.5764798,44.206432, Private, Bachelors, Divorced, Prof-specialty, Not-in-family, White, Male, United-States, >50K
65.81959,155941.22,9.044441,527.4892,-2.1046858,33.6169, Private, HS-grad, Divorced, Adm-clerical, Not-in-family, White, Male, United-States, <=50K
43.502457,49851.47,13.053086,206.54816,8.571027,38.309906, ?, Bachelors, Never-married, ?, Not-in-family, White, Male, United-States, <=50K
19.200766,143492.45,11.046501,-16.33295,1630.1471,30.459259, Private, Assoc-voc, Never-married, Machine-op-inspct, Unmarried, White, Female, United-States, <=50K
25.009232,122458.77,9.369876,334.58716,-14.53345,38.878212, Local-gov, HS-grad, Married-civ-spouse, Prof-specialty, Husband, White, Male, United-States, <=50K
43.607952,201594.42,10.122174,-301.5561,-3.5513945,43.63833, Private, Some-college, Never-married, Craft-repair, Own-child, White, Male, United-States, >50K
26.924759,225662.4,12.984509,-110.354195,-3.5695982,37.845795, Local-gov, Bachelors, Never-married, Prof-specialty, Not-in-family, White, Female, United-States, <=50K
26.801834,126867.12,10.069472,648.2825,-18.004908,43.462082, Private, Some-college, Never-married, Other-service, Unmarried, White, Female, United-States, <=50K
16.60854,233679.4,9.995827,212.81604,5.3607836,21.314024, Private, Some-college, Never-married, Machine-op-inspct, Own-child, White, Female, United-States, <=50K
23.132555,184808.47,9.079644,70.25689,15.554158,31.622879, Private, HS-grad, Never-married, Adm-clerical, Own-child, White, Female, United-States, <=50K
34.26025,251486.88,12.750387,-126.432686,-0.90713775,51.812733, Private, Bachelors, Never-married, Sales, Not-in-family, White, Female, United-States, >50K
19.524187,108883.44,9.067904,-422.71967,25.406942,26.070555, Private, HS-grad, Never-married, Machine-op-inspct, Other-relative, White, Female, United-States, <=50K
24.031845,45266.47,9.121655,131.2243,22.397512,47.009525, Private, HS-grad, Never-married, Farming-fishing, Not-in-family, White, Male, United-States, <=50K
38.15989,210265.6,8.515672,21.64642,10.503896,75.384926, Private, 11th, Never-married, Craft-repair, Not-in-family, White, Male, United-States, <=50K
33.987835,268980.22,10.155554,472.5918,-20.139223,28.002619, Private, Some-college, Never-married, Protective-serv, Own-child, White, Female, United-States, <=50K
21.549656,97224.66,11.279195,-366.40668,7.5871096,36.75411, ?, Bachelors, Never-married, ?, Own-child, White, Female, United-States, <=50K
32.290142,161843.5,10.030423,-348.64362,14.440488,47.992943, Private, Some-college, Never-married, Machine-op-inspct, Other-relative, White, Male, United-States, <=50K
51.861248,86650.484,15.431409,300.89514,15.9455,41.236267, Private, Masters, Widowed, Adm-clerical, Unmarried, White, Female, United-States, <=50K
59.02125,185684.5,15.707809,105.28045,219.3753,13.581425, Private, Masters, Married-civ-spouse, Prof-specialty, Husband, White, Male, United-States, >50K
18.016378,93340.914,10.111021,433.50378,-4.4615583,33.5229, Private, Some-college, Never-married, Other-service, Own-child, White, Male, United-States, <=50K
53.783802,166105.92,9.063408,4143.4985,-10.745624,41.66881, Private, HS-grad, Married-civ-spouse, Transport-moving, Husband, White, Male, United-States, >50K
36.738846,150772.64,9.012662,-481.5301,1.2356769,44.67966, Private, HS-grad, Married-civ-spouse, Craft-repair, Husband, White, Male, United-States, <=50K
25.35367,211883.95,10.043245,-63.98859,-12.240451,33.38051, Private, Some-college, Never-married, Sales, Other-relative, White, Male, United-States, <=50K
22.168941,162086.77,9.0775,642.85535,9.4387865,32.201027, Private, HS-grad, Never-married, Transport-moving, Own-child, White, Male, United-States, <=50K
29.588377,221689.58,12.046718,-110.3686,-31.200792,53.805294, Private, Assoc-acdm, Married-civ-spouse, Craft-repair, Husband, White, Male, United-States, >50K
43.826813,120632.06,10.145287,516.3798,-6.2548094,36.9327, Private, Some-college, Divorced, Sales, Unmarried, White, Female, United-States, <=50K
