39, 77516, 13, 2174, 0, 40, State-gov, Bachelors, Never-married, Adm-clerical, Not-in-family, White, Male, United-States, <=50K
22.361254,266304.66,13.26917,-364.95184,-33.642437,41.185295, Private, Bachelors, Never-married, Tech-support, Not-in-family, White, Male, United-States, <=50K
32.31443,300735.6,6.9000716,-65.38947,-7.4148283,42.615025, Private, HS-grad, Married-civ-spouse, Handlers-cleaners, Husband, White, Male, United-States, <=50K
44.43994,5564.344,11.059066,1310.2202,0.29658997,68.2099, Federal-gov, Assoc-voc, Married-civ-spouse, Farming-fishing, Husband, White, Male, United-States, >50K
40.656425,164604.6,10.423263,2137.209,29.487425,38.85418, ?, HS-grad, Married-civ-spouse, Adm-clerical, Husband, White, Male, United-States, <=50K
38.781013,288716.28,11.804406,479.76044,-30.822222,36.14241, Private, Bachelors, Widowed, Craft-repair, Not-in-family, White, Female, United-States, <=50K
21.286928,244307.03,8.931417,-612.1457,62.097946,33.010597, Private, HS-grad, Never-married, Other-service, Other-relative, White, Male, United-States, <=50K
56.40247,9726.188,9.795831,-110.75202,-39.975933,59.125225, Self-emp-not-inc, HS-grad, Married-civ-spouse, Craft-repair, Husband, White, Male, United-States, >50K
38.959072,294686.06,13.691546,289.61908,-30.768602,45.10266, Private, Bachelors, Never-married, Protective-serv, Not-in-family, White, Male, United-States, <=50K
47.65326,395885.53,10.848974,360.67316,-15.341174,36.18695, Private, Assoc-voc, Divorced, Exec-managerial, Unmarried, White, Male, United-States, <=50K
30.376698,107847.875,10.075885,761.32196,-2.678584,37.439686, Private, Some-college, Married-spouse-absent, Prof-specialty, Unmarried, White, Male, United-States, <=50K
49.29215,244218.78,9.756477,162.43103,-19.346865,41.309742, Private, Assoc-voc, Widowed, Farming-fishing, Not-in-family, White, Male, United-States, <=50K
49.21672,492225.72,10.621049,3489.6467,-25.046549,39.238758, Federal-gov, Assoc-voc, Married-civ-spouse, Other-service, Husband, White, Male, United-States, <=50K
30.340067,44615.594,10.955452,1825.1002,-9.287608,38.83686, Private, Some-college, Married-civ-spouse, Prof-specialty, Husband, White, Male, United-States, >50K
74.077126,279097.94,9.890155,1367.8696,-22.470346,26.199606, Without-pay, HS-grad, Widowed, Farming-fishing, Unmarried, White, Female, United-States, <=50K
32.40681,74828.19,9.276691,543.3866,-24.690714,53.10445, Federal-gov, HS-grad, Married-spouse-absent, Craft-repair, Unmarried, White, Male, United-States, <=50K
44.150253,71891.05,11.039454,-288.9655,-36.009853,31.65972, Private, Assoc-voc, Married-civ-spouse, Other-service, Unmarried, White, Female, United-States, <=50K
31.4676,128362.484,10.007978,863.6728,5.9332857,35.615555, Self-emp-not-inc, Some-college, Married-civ-spouse, ?, Wife, White, Female, United-States, <=50K
28.863903,169329.77,8.004035,-882.1141,310.02612,29.926405, Private, HS-grad, Married-civ-spouse, Exec-managerial, Husband, White, Male, United-States, <=50K
29.357868,199669.39,11.159782,-19.546452,282.6278,42.05487, Private, Assoc-voc, Never-married, Handlers-cleaners, Not-in-family, White, Female, United-States, <=50K
48.535564,380497.0,5.0410466,1108.3042,19.966787,27.7313, Local-gov, HS-grad, Widowed, Other-service, Unmarried, White, Female, United-States, <=50K
43.588036,200496.73,15.599555,-806.5534,7.605794,53.84566, State-gov, Bachelors, Married-civ-spouse, Protective-serv, Husband, White, Male, United-States, >50K
37.82063,211974.94,10.741906,696.8753,-47.011974,34.273556, Local-gov, Assoc-voc, Divorced, Exec-managerial, Unmarried, White, Female, United-States, <=50K
30.935684,199395.4,9.744466,-584.48676,37.081306,54.209015, Self-emp-inc, HS-grad, Never-married, Adm-clerical, Not-in-family, White, Female, United-States, <=50K
43.45409,-4158.6245,10.14989,-99.55671,524.2464,5.656576, Private, Assoc-voc, Married-civ-spouse, Other-service, Husband, White, Male, United-States, <=50K
45.726925,214731.95,6.3588805,882.66486,-1.6180676,43.510685, Self-emp-not-inc, HS-grad, Widowed, Craft-repair, Not-in-family, White, Male, United-States, <=50K
38.693584,139608.23,11.338306,381.0218,-41.68748,47.990128, Private, Assoc-voc, Married-spouse-absent, Craft-repair, Not-in-family, White, Male, United-States, <=50K
34.09279,314271.84,10.4440365,-4.2185707,-35.959904,46.041077, Private, Assoc-voc, Divorced, Prof-specialty, Wife, White, Female, United-States, <=50K
22.673338,311568.9,10.107867,-635.5306,-11.997249,38.860043, Private, Some-college, Married-spouse-absent, Adm-clerical, Unmarried, White, Male, United-States, <=50K
22.702284,64237.258,9.280333,772.94293,-33.85911,31.92329, Private, HS-grad, Never-married, Craft-repair, Unmarried, White, Male, United-States, <=50K
24.531607,311962.47,7.8158884,190.36499,-26.113497,25.59117, Private, HS-grad, Never-married, Farming-fishing, Other-relative, White, Female, United-States, <=50K
54.100636,186707.06,9.596484,287.2115,-17.632479,59.69077, Local-gov, Some-college, Married-civ-spouse, Other-service, Husband, White, Female, United-States, <=50K
56.429604,326433.25,17.297047,-2491.1404,1215.6794,42.184315, Local-gov, Bachelors, Married-civ-spouse, Prof-specialty, Husband, White, Male, United-States, >50K
38.786556,85682.695,1.1229086,1043.0299,3.265584,47.118008, State-gov, HS-grad, Widowed, Exec-managerial, Unmarried, White, Female, United-States, <=50K
19.819353,79577.305,12.425023,-522.51764,-28.131098,30.8824, Private, Bachelors, Divorced, Other-service, Not-in-family, White, Male, United-States, >50K
13.16565,312062.06,11.704636,271.81506,66.16956,28.377722, Private, Assoc-voc, Never-married, Adm-clerical, Unmarried, White, Male, United-States, <=50K
30.246323,294960.53,11.845991,763.1335,-6.287936,23.732792, Federal-gov, Bachelors, Never-married, Farming-fishing, Not-in-family, White, Male, United-States, <=50K
34.967354,118977.766,6.329293,1223.4316,-1.2298154,46.151997, Private, HS-grad, Divorced, Tech-support, Not-in-family, White, Male, United-States, >50K
17.665524,257427.9,10.280238,386.00464,14.533917,18.03359, Self-emp-inc, Some-college, Married-civ-spouse, Transport-moving, Wife, White, Female, United-States, <=50K
26.08004,217156.1,12.023725,441.23608,-11.557223,37.735245, ?, Bachelors, Divorced, Adm-clerical, Not-in-family, White, Female, United-States, <=50K
41.136696,364359.47,10.087284,159.14636,-26.29194,57.18443, Private, Some-college, Married-civ-spouse, Craft-repair, Husband, White, Male, United-States, <=50K
24.375498,321519.4,5.7459407,738.4418,297.93253,30.032413, Private, HS-grad, Married-civ-spouse, Other-service, Husband, White, Male, United-States, >50K
43.17939,58692.03,9.024971,181.18878,-32.803944,30.787138, Self-emp-inc, HS-grad, Married-spouse-absent, Exec-managerial, Not-in-family, White, Female, United-States, <=50K
32.972095,154771.19,12.101299,605.1592,-25.636621,71.36624, Private, Bachelors, Never-married, Exec-managerial, Not-in-family, White, Female, United-States, <=50K
55.367596,122788.125,9.193059,4190.7803,-30.206392,49.01604, Federal-gov, HS-grad, Married-civ-spouse, Craft-repair, Husband, White, Male, United-States, >50K
20.321033,200815.5,8.129116,116.84588,1.6161777,36.88725, Private, HS-grad, Married-civ-spouse, Adm-clerical, Own-child, White, Female, United-States, <=50K
61.36313,201314.2,13.326421,486.36438,-22.789728,33.513195, Local-gov, Bachelors, Widowed, Prof-specialty, Unmarried, White, Female, United-States, <=50K
28.303436,192573.38,3.1589184,243.42139,4.7919207,21.129557, Private, HS-grad, Never-married, Farming-fishing, Other-relative, White, Male, United-States, <=50K
36.761852,184999.73,6.2782106,1262.3723,40.856415,38.93929, Federal-gov, HS-grad, Never-married, Sales, Unmarried, White, Female, United-States, <=50K
22.360142,148691.22,7.9681563,885.07367,20.007017,30.25212, State-gov, HS-grad, Never-married, Transport-moving, Not-in-family, White, Male, United-States, <=50K
36.602707,168033.2,16.682447,-1460.313,402.12354,37.958927, Private, Bachelors, Married-civ-spouse, Machine-op-inspct, Husband, White, Male, United-States, >50K
39.087288,148434.9,9.679568,11507.648,74.512634,53.099533, Private, HS-grad, Never-married, Craft-repair, Other-relative, White, Male, United-States, >50K
23.465242,111380.5,8.501255,12757.292,17.300558,41.660633, Private, HS-grad, Married-civ-spouse, Transport-moving, Own-child, White, Male, United-States, >50K
51.374836,78182.734,8.823395,943.76227,-10.445552,41.084946, Local-gov, HS-grad, Married-spouse-absent, Protective-serv, Unmarried, White, Female, United-States, <=50K
62.768707,289170.78,13.376425,3430.4307,-0.47246063,48.309322, Private, Bachelors, Married-civ-spouse, Adm-clerical, Husband, White, Male, United-States, >50K
39.519085,139152.14,9.123051,270.07935,-24.618822,33.630314, Self-emp-inc, HS-grad, Divorced, Sales, Unmarried, White, Male, United-States, <=50K
26.630207,295369.5,9.268215,740.2685,-27.055887,59.086273, Federal-gov, HS-grad, Married-spouse-absent, Transport-moving, Unmarried, White, Male, United-States, <=50K
48.39047,161405.56,11.99056,930.9147,-14.120265,41.204227, Federal-gov, Bachelors, Widowed, Other-service, Unmarried, White, Female, United-States, >50K
46.934048,385130.97,9.629988,-1097.1155,-20.304003,57.60426, Private, HS-grad, Married-civ-spouse, Craft-repair, Husband, White, Male, United-States, <=50K
36.322838,149879.88,13.288773,-1482.4231,1208.7136,34.775753, Private, Bachelors, Married-civ-spouse, Sales, Husband, White, Male, United-States, <=50K
54.98476,260007.48,9.697642,31141.268,40.5751,57.751007, Self-emp-not-inc, HS-grad, Married-civ-spouse, Sales, Husband, White, Male, United-States, >50K
38.485786,165086.05,8.605385,852.5537,-38.923206,40.76657, Self-emp-inc, HS-grad, Divorced, Sales, Unmarried, White, Male, United-States, <=50K
53.52591,107775.34,9.066097,1587.5651,-41.518505,30.994415, Self-emp-not-inc, HS-grad, Divorced, Craft-repair, Unmarried, White, Male, United-States, <=50K
35.75185,87848.4,9.925659,1468.2942,-12.9691725,49.646442, Private, Some-college, Widowed, Machine-op-inspct, Not-in-family, White, Female, United-States, <=50K
30.275043,141837.02,4.998705,-1369.2185,-14.228145,47.934116, Local-gov, HS-grad, Married-civ-spouse, Farming-fishing, Husband, White, Male, United-States, >50K
50.328228,269195.1,8.987624,919.15265,-2.424922,28.849613, Private, Some-college, Married-civ-spouse, Sales, Wife, White, Female, United-States, <=50K
28.74326,139554.72,10.116295,-974.9565,1594.905,50.453773, Private, Some-college, Married-civ-spouse, Craft-repair, Husband, White, Male, United-States, <=50K
28.2741,112376.36,10.817028,-634.2403,-35.8044,38.77954, Federal-gov, Assoc-voc, Married-civ-spouse, Protective-serv, Own-child, White, Male, United-States, >50K
23.941391,123866.055,9.225242,742.38983,-29.77347,28.566704, Private, HS-grad, Never-married, Sales, Unmarried, White, Male, United-States, <=50K
30.892836,4176.3755,12.283405,211.0852,-28.053957,38.48202, Private, Bachelors, Never-married, Craft-repair, Other-relative, White, Male, United-States, <=50K
50.404774,207224.05,16.915323,-1519.936,-36.381252,31.221703, Local-gov, Bachelors, Married-civ-spouse, Exec-managerial, Husband, White, Male, United-States, >50K
25.612883,151950.31,8.733721,240.99902,-8.143481,38.007484, Private, HS-grad, Married-civ-spouse, Handlers-cleaners, Husband, White, Male, United-States, <=50K
42.548027,145614.92,14.0366955,-82.27241,-25.2811,67.855225, Private, Bachelors, Divorced, Craft-repair, Not-in-family, White, Male, United-States, >50K
32.01729,100273.36,10.964305,295.64026,-34.65945,40.112164, State-gov, Assoc-voc, Married-civ-spouse, Prof-specialty, Wife, White, Female, United-States, <=50K
31.000328,254488.3,10.776566,56.946346,-45.246197,35.596687, Private, Assoc-voc, Divorced, Exec-managerial, Unmarried, White, Female, United-States, <=50K
32.070812,201103.61,14.366462,-1057.4097,1055.72,51.920128, Private, Bachelors, Married-civ-spouse, Prof-specialty, Husband, White, Male, United-States, >50K
20.502153,95295.64,8.992123,1920.7898,1052.2224,30.633038, Private, HS-grad, Married-civ-spouse, Transport-moving, Own-child, White, Male, United-States, <=50K
44.846622,157877.72,1.3896933,1031.9576,54.184925,74.97744, Private, HS-grad, Never-married, Farming-fishing, Unmarried, White, Male, United-States, <=50K
25.522732,86152.58,7.4182034,444.85205,-48.209637,51.110497, Private, HS-grad, Never-married, Farming-fishing, Not-in-family, White, Male, United-States, <=50K
35.635185,213605.89,10.40331,1437.3732,-29.539537,30.428238, Private, Assoc-voc, Married-civ-spouse, Handlers-cleaners, Husband, White, Male, United-States, <=50K
41.670536,165605.05,12.937329,-167.02216,33.2316,38.02882, Federal-gov, Bachelors, Never-married, Craft-repair, Not-in-family, White, Male, United-States, >50K
57.238,40370.312,10.630473,614.99634,-19.197306,48.68253, Local-gov, Assoc-voc, Widowed, Protective-serv, Unmarried, White, Male, United-States, <=50K
36.05527,187239.31,8.117021,785.1239,0.92178833,44.94473, Local-gov, HS-grad, Widowed, Exec-managerial, Not-in-family, White, Female, United-States, <=50K
26.812378,164897.03,6.907815,1146.465,-11.988696,34.37131, Private, HS-grad, Divorced, Machine-op-inspct, Not-in-family, White, Male, United-States, <=50K
48.345898,249879.44,9.031448,-1177.353,609.7379,55.605896, Private, HS-grad, Married-spouse-absent, Farming-fishing, Not-in-family, White, Female, United-States, <=50K
35.129757,227931.47,11.398069,673.6066,-22.61735,53.656033, Self-emp-inc, Assoc-voc, Married-civ-spouse, Craft-repair, Husband, White, Male, United-States, <=50K
35.58394,3855.9382,10.022844,14400.804,44.09971,37.091305, Federal-gov, HS-grad, Married-civ-spouse, Sales, Own-child, White, Male, United-States, >50K
48.330147,417247.4,10.690279,1048.504,6.9373446,51.640762, Local-gov, Assoc-voc, Never-married, Other-service, Not-in-family, White, Female, United-States, <=50K
33.43049,115354.875,14.946678,-686.58417,-31.767458,67.05211, Local-gov, Bachelors, Divorced, Prof-specialty, Unmarried, White, Male, United-States, <=50K
29.260622,458898.78,12.77466,90.21697,-6.507205,26.757349, State-gov, Bachelors, Divorced, Other-service, Not-in-family, White, Female, United-States, <=50K
27.84464,191836.6,11.228864,56.298824,-5.1209135,46.349323, Private, Assoc-voc, Married-civ-spouse, Farming-fishing, Wife, White, Female, United-States, <=50K
48.331043,134074.73,10.731741,1008.9136,-25.870417,40.79214, Local-gov, Assoc-voc, Divorced, Exec-managerial, Unmarried, White, Female, United-States, <=50K
28.927303,137314.73,10.264311,901.9101,-2.987071,40.877792, State-gov, Some-college, Married-civ-spouse, Farming-fishing, Wife, White, Female, United-States, <=50K
23.205536,327840.56,7.9075723,303.0562,-2.9958448,39.180984, Self-emp-inc, Some-college, Never-married, Protective-serv, Own-child, White, Male, United-States, <=50K
27.120106,215898.5,11.6754465,608.83014,-13.392642,35.894993, Private, Assoc-voc, Married-civ-spouse, Protective-serv, Husband, White, Male, United-States, <=50K
36.49639,412502.94,13.888576,-799.54486,3.4414263,45.37746, Private, Bachelors, Married-civ-spouse, Prof-specialty, Husband, White, Male, United-States, >50K
15.73009,270083.3,6.473144,431.2071,-1.2277936,33.09236, Private, HS-grad, Never-married, Protective-serv, Other-relative, White, Female, United-States, <=50K
35.26426,189748.52,8.876356,1986.1362,-7.0141478,48.76054, Private, Some-college, Married-civ-spouse, Craft-repair, Husband, White, Male, United-States, <=50K
21.088661,152823.97,9.472023,125.27575,26.566454,29.164228, Private, HS-grad, Never-married, Adm-clerical, Unmarried, White, Female, United-States, <=50K
55.097965,161550.34,1.6984072,1302.217,4.966489,42.668854, ?, HS-grad, Separated, ?, Husband, White, Male, United-States, <=50K
39.35716,191708.31,13.169867,-134.18634,-64.69044,61.595272, State-gov, Bachelors, Married-civ-spouse, Exec-managerial, Husband, White, Male, United-States, >50K
36.91271,277868.0,9.023946,1166.3088,-28.937365,29.98901, Private, HS-grad, Married-spouse-absent, Machine-op-inspct, Not-in-family, White, Male, United-States, <=50K
35.588173,111441.734,9.541345,-164.09613,-28.10708,70.53402, Private, Some-college, Separated, Farming-fishing, Unmarried, White, Male, United-States, <=50K
42.869526,189180.27,6.385827,2296.3713,-2.803111,42.200146, ?, HS-grad, Married-civ-spouse, ?, Husband, White, Female, United-States, <=50K
55.202374,89493.29,10.215401,1070.746,9.897374,50.403866, ?, Assoc-voc, Divorced, Adm-clerical, Not-in-family, White, Female, United-States, <=50K
41.63963,262044.17,9.028211,418.75293,19.202978,41.28544, Federal-gov, HS-grad, Separated, Craft-repair, Own-child, White, Male, United-States, <=50K
35.023926,106457.734,12.638223,77.25292,1373.2993,36.542797, Private, Bachelors, Divorced, Exec-managerial, Not-in-family, White, Male, United-States, <=50K
59.07752,180885.9,9.74478,1203.2206,-25.926363,35.54944, Private, Some-college, Married-civ-spouse, Exec-managerial, Husband, White, Male, United-States, >50K
50.128696,234886.53,10.095247,982.229,32.589043,57.90332, Private, Some-college, Widowed, Other-service, Not-in-family, White, Female, United-States, <=50K
36.191486,97602.05,14.360523,123.223625,326.7316,43.971863, Private, Bachelors, Divorced, Exec-managerial, Unmarried, White, Male, United-States, <=50K
68.80204,244665.03,9.078542,1078.1608,-9.949084,56.863064, Self-emp-inc, HS-grad, Divorced, Machine-op-inspct, Wife, White, Female, United-States, <=50K
40.34292,104597.29,8.9753475,125.29247,19.633917,30.813509, Private, HS-grad, Divorced, Protective-serv, Unmarried, White, Female, United-States, <=50K
24.013746,201843.53,12.362247,332.24854,-29.704233,45.048077, Private, Bachelors, Never-married, Protective-serv, Other-relative, White, Female, United-States, <=50K
32.787148,195159.5,9.785638,-713.93036,19.31291,59.215736, Private, Some-college, Married-civ-spouse, Sales, Husband, White, Male, United-States, >50K
47.154606,403911.9,9.761412,4898.4683,-20.823313,41.299095, Private, HS-grad, Married-civ-spouse, Adm-clerical, Husband, White, Male, United-States, >50K
16.207851,225085.4,10.822401,1012.14795,13.403638,39.215847, Self-emp-not-inc, Assoc-voc, Never-married, Sales, Unmarried, White, Female, United-States, <=50K
21.877306,75660.89,7.898337,-148.0921,199.41396,36.98115, Private, HS-grad, Never-married, Other-service, Not-in-family, White, Male, United-States, <=50K
44.8985,181383.45,10.620188,590.7801,30.38368,11.707293, Local-gov, Assoc-voc, Married-civ-spouse, Prof-specialty, Wife, White, Female, United-States, <=50K
30.332945,62987.17,9.391642,231.38202,47.27885,28.093914, Private, Some-college, Married-civ-spouse, Sales, Own-child, White, Male, United-States, <=50K
18.52662,134127.52,6.313803,3795.1365,-20.756311,18.625393, ?, HS-grad, Never-married, ?, Own-child, White, Female, United-States, <=50K
20.038969,134701.08,9.70768,-422.99042,27.711927,31.829302, Private, HS-grad, Never-married, Sales, Unmarried, White, Male, United-States, <=50K
37.781406,170850.95,12.568582,-558.1977,488.63837,24.923258, Self-emp-not-inc, Bachelors, Married-civ-spouse, Craft-repair, Husband, White, Male, United-States, <=50K
32.022247,77542.46,10.819794,-686.5955,15.063947,50.74799, State-gov, Assoc-voc, Married-civ-spouse, Handlers-cleaners, Husband, White, Male, United-States, <=50K
24.204052,189208.64,8.969659,386.56433,-3.238925,34.40098, Private, HS-grad, Married-civ-spouse, Other-service, Husband, White, Male, United-States, <=50K
25.645182,204259.12,11.770549,-330.60907,-17.117762,61.71431, Private, Assoc-voc, Never-married, Prof-specialty, Not-in-family, White, Male, United-States, <=50K
33.61734,123175.88,11.476834,521.4288,-26.5339,35.32258, Private, Assoc-voc, Married-spouse-absent, Other-service, Unmarried, White, Male, United-States, <=50K
33.911983,211959.23,10.059719,1275.6619,423.10483,32.045643, Private, Some-college, Never-married, Farming-fishing, Not-in-family, White, Female, United-States, <=50K
39.073265,308317.0,7.5544415,652.6449,-3.9406462,61.220207, Self-emp-not-inc, HS-grad, Married-civ-spouse, Transport-moving, Husband, White, Male, United-States, <=50K
22.885363,99961.69,10.81215,120.80016,31.390001,26.680964, Private, Assoc-voc, Never-married, Craft-repair, Not-in-family, White, Male, United-States, <=50K
12.995521,299418.2,10.263653,1713.1266,718.2968,12.862976, Private, Some-college, Never-married, Protective-serv, Own-child, White, Male, United-States, <=50K
37.28698,509158.84,6.2220106,438.302,-6.870372,36.602634, State-gov, HS-grad, Divorced, Other-service, Unmarried, White, Female, United-States, <=50K
16.198458,208311.73,9.33332,734.7615,-25.39773,19.501606, Local-gov, HS-grad, Never-married, Protective-serv, Other-relative, White, Female, United-States, <=50K
36.42066,171099.62,11.965439,503.52515,-33.249546,59.029285, Private, Bachelors, Separated, Adm-clerical, Unmarried, White, Female, United-States, <=50K
64.916916,185498.89,10.364063,-512.05634,-9.905223,27.252272, Local-gov, Assoc-voc, Divorced, Exec-managerial, Not-in-family, White, Female, United-States, >50K
19.944897,202805.95,9.374655,233.38568,-24.240152,41.349354, State-gov, HS-grad, Never-married, Machine-op-inspct, Own-child, White, Female, United-States, <=50K
43.551975,81566.7,6.717587,483.48047,42.60091,31.447756, Private, HS-grad, Married-civ-spouse, Farming-fishing, Husband, White, Male, United-States, <=50K
39.918903,109442.29,9.622963,1002.54517,-2.7180815,54.892097, Private, Some-college, Married-spouse-absent, Craft-repair, Unmarried, White, Male, United-States, <=50K
47.035408,103439.914,5.9578433,59.95886,4.0638933,50.43492, Private, HS-grad, Divorced, Craft-repair, Unmarried, White, Male, United-States, <=50K
35.567726,87117.99,10.157388,720.2153,4.7698107,56.648895, Self-emp-not-inc, Some-college, Married-civ-spouse, Craft-repair, Husband, White, Male, United-States, <=50K
57.17124,200435.39,8.727865,343.34137,168.11084,34.49291, Private, HS-grad, Widowed, Adm-clerical, Not-in-family, White, Female, United-States, <=50K
31.36723,233749.83,11.942115,-278.89362,-3.1092405,46.603016, Private, Assoc-voc, Married-civ-spouse, Other-service, Husband, White, Male, United-States, <=50K
50.50398,96152.086,10.823142,1763.0714,-21.779322,26.411896, Federal-gov, Assoc-voc, Widowed, Other-service, Not-in-family, White, Female, United-States, <=50K
41.002304,292531.75,9.211027,496.3385,251.69263,59.757664, Private, HS-grad, Married-civ-spouse, Transport-moving, Husband, White, Male, United-States, <=50K
23.451628,142480.06,9.024756,1189.2496,-2.3511763,40.407078, Local-gov, HS-grad, Never-married, Exec-managerial, Unmarried, White, Female, United-States, <=50K
59.898964,106030.47,14.266563,-900.37836,-31.644907,45.877254, Private, Bachelors, Married-civ-spouse, Other-service, Husband, White, Male, United-States, <=50K
34.46306,92308.0,9.93651,-102.17219,-5.3940153,21.644173, Private, Some-college, Divorced, Tech-support, Unmarried, White, Male, United-States, <=50K
44.080948,374676.6,9.492479,2483.824,0.5117694,49.153034, Self-emp-inc, HS-grad, Married-civ-spouse, Adm-clerical, Wife, White, Female, United-States, <=50K
27.392862,323655.25,14.212285,242.15753,-17.465364,42.97301, Private, Bachelors, Married-civ-spouse, Tech-support, Husband, White, Male, United-States, >50K
64.83433,308370.8,9.644052,2200.744,1.8798343,40.40012, Self-emp-inc, HS-grad, Married-civ-spouse, Exec-managerial, Husband, White, Male, United-States, >50K
26.203056,319973.16,10.377349,2280.8203,-45.973843,51.929096, State-gov, Assoc-voc, Married-spouse-absent, Prof-specialty, Not-in-family, White, Male, United-States, <=50K
23.287964,271005.03,3.9130883,4020.1245,74.703545,66.53515, Private, HS-grad, Married-civ-spouse, Transport-moving, Own-child, White, Male, United-States, >50K
35.571747,359458.84,6.74794,401.08588,30.892054,52.9688, Local-gov, HS-grad, Married-spouse-absent, Other-service, Not-in-family, White, Female, United-States, <=50K
31.830866,135636.45,10.814658,2109.2874,-27.077272,55.902504, Private, Assoc-voc, Married-civ-spouse, Exec-managerial, Husband, White, Male, United-States, >50K
36.872562,67122.97,17.86192,1306.024,81.66259,47.281147, Private, Bachelors, Married-spouse-absent, Prof-specialty, Unmarried, White, Male, United-States, >50K
19.673819,505479.97,11.64502,-393.58246,-16.046556,46.856453, State-gov, Assoc-voc, Never-married, Adm-clerical, Not-in-family, White, Male, United-States, <=50K
21.82783,202541.92,12.901303,16.585018,-36.426,40.46463, Private, Bachelors, Never-married, Protective-serv, Not-in-family, White, Male, United-States, <=50K
38.902145,313160.94,13.429366,567.4925,7.6265764,30.769665, Self-emp-not-inc, Bachelors, Divorced, Sales, Unmarried, White, Male, United-States, <=50K
34.71996,152135.3,9.251548,181.73688,-7.3567533,66.61908, Federal-gov, HS-grad, Married-spouse-absent, Transport-moving, Not-in-family, White, Male, United-States, <=50K
56.281227,134195.56,9.299119,-2058.3052,345.69263,35.250412, Self-emp-inc, HS-grad, Married-civ-spouse, Craft-repair, Husband, White, Male, United-States, <=50K
30.578611,224026.89,7.9528656,-420.04523,-11.948527,38.89264, Private, Some-college, Married-civ-spouse, Other-service, Husband, White, Male, United-States, <=50K
66.96376,129944.36,9.158109,682.02014,-0.0059002778,46.35422, Local-gov, HS-grad, Married-civ-spouse, Exec-managerial, Husband, White, Male, United-States, <=50K
45.865696,129355.99,10.046081,-178.02582,62.698486,41.52093, Private, Some-college, Married-civ-spouse, Craft-repair, Husband, White, Male, United-States, >50K
25.904604,170619.84,12.439625,999.51685,1942.3551,44.218216, Private, Bachelors, Married-spouse-absent, Sales, Unmarried, White, Female, United-States, <=50K
48.644566,303706.38,8.9890995,-84.98554,195.64246,44.40201, Private, HS-grad, Married-spouse-absent, Exec-managerial, Unmarried, White, Female, United-States, <=50K
52.890823,89971.125,8.793795,-494.7823,115.408554,40.47251, Private, HS-grad, Divorced, Farming-fishing, Unmarried, White, Female, United-States, <=50K
22.40072,117391.19,5.1007624,778.0847,-23.937433,37.667667, Private, HS-grad, Never-married, Machine-op-inspct, Own-child, White, Male, United-States, <=50K
16.67732,5533.485,10.940791,234.01276,-9.641681,26.158388, Private, Assoc-voc, Married-civ-spouse, Sales, Own-child, White, Female, United-States, <=50K
40.153767,269376.66,15.2065,2104.1274,-13.972789,36.001842, Private, Bachelors, Separated, Exec-managerial, Unmarried, White, Male, United-States, >50K
21.779995,343260.53,11.231531,2040.8682,-1.5850857,32.075104, Federal-gov, Assoc-voc, Never-married, Tech-support, Unmarried, White, Male, United-States, <=50K
33.287643,380794.0,11.165546,1024.0895,-29.583033,45.378445, Federal-gov, Assoc-voc, Married-civ-spouse, Farming-fishing, Own-child, White, Male, United-States, >50K
18.643608,47656.797,9.41515,-272.70953,-39.02743,43.456123, Private, HS-grad, Never-married, Other-service, Other-relative, White, Male, United-States, <=50K
28.783813,232878.77,12.659305,600.07,-28.46596,45.62599, Private, Bachelors, Married-civ-spouse, Other-service, Husband, White, Male, United-States, >50K
58.1206,184878.27,12.154238,-791.4694,-17.71834,44.35225, Private, Bachelors, Widowed, Prof-specialty, Unmarried, White, Female, United-States, <=50K
31.770416,67356.09,13.554942,-1311.9385,-10.214099,59.005096, Federal-gov, Bachelors, Separated, Transport-moving, Unmarried, White, Male, United-States, >50K
26.108734,171785.4,7.468938,206.39343,4.930211,45.119316, Private, HS-grad, Divorced, Handlers-cleaners, Unmarried, White, Male, United-States, <=50K
36.944218,422411.1,9.802324,-9.946598,-40.391956,28.902887, ?, Some-college, Married-civ-spouse, Protective-serv, Husband, White, Male, United-States, >50K
36.93762,123043.71,12.768312,795.7755,-32.008907,43.46585, Private, Bachelors, Married-civ-spouse, Tech-support, Unmarried, White, Male, United-States, >50K
34.848278,168249.27,7.7166176,272.44366,24.424368,55.794147, Private, HS-grad, Never-married, Adm-clerical, Other-relative, White, Male, United-States, <=50K
28.66116,132637.84,8.6269045,62.33514,59.32947,39.583374, Self-emp-inc, Some-college, Never-married, Protective-serv, Not-in-family, White, Male, United-States, <=50K
45.697792,238331.78,4.5397387,404.61914,-2.313281,35.23208, Private, HS-grad, Never-married, Exec-managerial, Not-in-family, White, Female, United-States, <=50K
34.83672,74871.89,9.36102,-1061.0093,581.3922,36.150444, State-gov, HS-grad, Divorced, Tech-support, Unmarried, White, Male, United-States, <=50K
39.04943,163369.95,10.384265,-1728.5391,-40.505024,41.87091, Private, Assoc-voc, Married-civ-spouse, Other-service, Husband, White, Male, United-States, >50K
36.60321,342961.3,8.962538,806.9329,897.65857,51.604347, Private, HS-grad, Divorced, Machine-op-inspct, Not-in-family, White, Male, United-States, <=50K
40.49242,54785.61,10.552151,74721.445,32.60432,38.940624, Local-gov, Bachelors, Married-civ-spouse, Exec-managerial, Wife, White, Female, United-States, >50K
46.545586,227983.7,12.525697,1224.0989,-26.749071,25.426674, State-gov, Bachelors, Married-civ-spouse, Tech-support, Wife, White, Female, United-States, >50K
40.141075,196975.17,10.890631,332.27612,8.001927,45.970654, Federal-gov, Assoc-voc, Married-civ-spouse, Prof-specialty, Husband, White, Male, United-States, >50K
48.542027,165473.7,9.886783,-679.64044,-14.425754,54.651276, Private, Some-college, Married-civ-spouse, Farming-fishing, Husband, White, Male, United-States, >50K
31.337069,176587.95,9.71075,1169.6798,11.062337,38.60313, Federal-gov, Some-college, Married-civ-spouse, Adm-clerical, Wife, White, Female, United-States, <=50K
40.798115,100714.82,12.093953,6114.6895,-23.461191,63.05075, Self-emp-inc, Assoc-voc, Married-civ-spouse, Transport-moving, Husband, White, Male, United-States, >50K
32.7749,266917.0,10.910591,-379.32037,43.695396,49.57702, Private, Assoc-voc, Separated, Exec-managerial, Unmarried, White, Male, United-States, <=50K
42.908882,168141.05,10.758701,847.6829,-26.167978,28.749012, Private, Assoc-voc, Married-civ-spouse, Sales, Husband, White, Male, United-States, <=50K
34.005665,555599.4,9.355802,481.22498,-7.9830656,36.352444, ?, HS-grad, Married-civ-spouse, Adm-clerical, Husband, White, Male, United-States, <=50K
40.74568,130922.305,13.957446,2155.1372,-8.313296,50.254097, Private, Bachelors, Separated, Exec-managerial, Unmarried, White, Male, United-States, >50K
24.530632,330439.12,7.2946343,-44.636173,28.18912,28.750156, Local-gov, HS-grad, Never-married, Other-service, Unmarried, White, Male, United-States, <=50K
27.163603,447840.97,9.400306,690.46326,-34.473507,38.5326, Private, HS-grad, Never-married, Handlers-cleaners, Own-child, White, Female, United-States, <=50K
4.462505,143925.23,11.293564,885.1584,581.1062,27.160404, Private, Assoc-voc, Never-married, Machine-op-inspct, Own-child, White, Male, United-States, <=50K
54.176365,284409.1,8.266967,3217.2402,-15.142314,53.472958, Private, HS-grad, Married-civ-spouse, Sales, Husband, White, Male, United-States, <=50K
38.36914,310939.88,9.560311,-66.205635,-18.698961,48.119854, Local-gov, Some-college, Divorced, Protective-serv, Unmarried, White, Female, United-States, <=50K
57.28821,129217.586,10.9830475,1361.9758,-53.327892,29.857729, State-gov, Assoc-voc, Married-civ-spouse, Exec-managerial, Wife, White, Female, United-States, <=50K
75.08522,122896.97,6.4799414,355.9842,21.806364,42.60122, Private, HS-grad, Divorced, Other-service, Unmarried, White, Male, United-States, >50K
42.319466,366457.38,12.601037,1294.6145,-11.528018,55.238052, Local-gov, Bachelors, Married-civ-spouse, Other-service, Husband, White, Male, United-States, >50K
21.090229,170635.7,9.144438,858.5427,-33.90108,50.50206, Private, HS-grad, Never-married, Machine-op-inspct, Unmarried, White, Male, United-States, <=50K
40.981155,72055.555,13.016591,1584.5636,-11.340877,43.394447, Self-emp-inc, Bachelors, Married-spouse-absent, Sales, Not-in-family, White, Male, United-States, >50K
14.707797,156218.45,11.151723,138.32794,-14.533496,40.673096, Private, Assoc-voc, Never-married, Protective-serv, Not-in-family, White, Male, United-States, <=50K
32.86288,213753.12,5.6677084,862.12946,-12.726687,34.00645, Self-emp-inc, HS-grad, Married-spouse-absent, Sales, Unmarried, White, Male, United-States, <=50K
25.640957,188359.25,8.2536335,115.04565,-28.378946,42.75353, Private, HS-grad, Married-civ-spouse, Other-service, Own-child, White, Male, United-States, <=50K
31.761929,15367.095,10.903461,437.45416,-34.99486,31.907305, Private, Assoc-voc, Separated, Tech-support, Unmarried, White, Male, United-States, <=50K
42.114246,127366.14,9.777112,81.480644,117.61226,33.85123, Private, Some-college, Widowed, Farming-fishing, Unmarried, White, Female, United-States, <=50K
71.76886,96697.49,8.52615,2178.446,-62.44363,55.98146, Private, HS-grad, Married-civ-spouse, Transport-moving, Husband, White, Male, United-States, <=50K
27.489815,100125.47,10.382514,64.842705,-27.874544,26.383858, Local-gov, Assoc-voc, Divorced, Other-service, Not-in-family, White, Female, United-States, <=50K
33.940247,102186.44,12.645139,-163.15521,4.676709,62.321915, Local-gov, Bachelors, Married-civ-spouse, Prof-specialty, Husband, White, Male, United-States, <=50K
34.97558,91955.875,9.58056,534.79224,-27.821291,18.802708, ?, HS-grad, Married-spouse-absent, ?, Not-in-family, White, Female, United-States, <=50K
35.652924,321932.94,13.759645,632.18427,-51.867413,46.434822, Private, Bachelors, Separated, Adm-clerical, Unmarried, White, Female, United-States, <=50K
54.190617,123409.32,10.41905,990.7664,-26.194574,35.022476, State-gov, Some-college, Married-civ-spouse, Prof-specialty, Husband, White, Male, United-States, <=50K
24.332502,229258.94,13.937557,58.14752,10.448308,42.037285, Private, Bachelors, Never-married, Prof-specialty, Not-in-family, White, Male, United-States, <=50K
47.84916,56559.08,9.067939,1051.9724,18.233236,42.607655, Federal-gov, HS-grad, Never-married, Farming-fishing, Other-relative, White, Male, United-States, <=50K
40.4218,205459.8,9.2901535,774.9942,888.9318,33.79451, Private, HS-grad, Married-civ-spouse, Adm-clerical, Husband, White, Male, United-States, <=50K
50.022133,183080.12,9.679275,7700.156,204.72888,48.70957, Self-emp-inc, HS-grad, Married-civ-spouse, Craft-repair, Husband, White, Male, United-States, >50K
26.622799,305352.5,11.420898,201.7597,-7.600154,47.18538, Private, Assoc-voc, Married-spouse-absent, Machine-op-inspct, Not-in-family, White, Male, United-States, <=50K
46.85562,300681.53,12.351308,7869.94,6.0394945,54.20035, Private, Bachelors, Married-civ-spouse, Prof-specialty, Husband, White, Male, United-States, >50K
54.182854,108639.15,7.895101,1397.2476,-11.768832,47.08677, Self-emp-inc, HS-grad, Married-civ-spouse, Exec-managerial, Husband, White, Male, United-States, <=50K
35.11986,109024.43,9.938054,676.9467,-36.374393,30.355387, Local-gov, Some-college, Divorced, ?, Not-in-family, White, Male, United-States, <=50K
29.138142,220870.52,8.913455,152.89508,-24.449244,32.149426, Private, Some-college, Never-married, Sales, Unmarried, White, Female, United-States, <=50K
36.996513,117817.66,9.555212,-318.58783,1032.5382,69.79422, Self-emp-not-inc, HS-grad, Married-civ-spouse, Craft-repair, Husband, White, Male, United-States, <=50K
72.62385,176398.14,12.452264,916.5075,-47.03448,38.250614, State-gov, Bachelors, Married-civ-spouse, ?, Husband, White, Male, United-States, <=50K
38.90225,468559.2,10.523427,-568.3044,-21.684603,26.179955, Private, Assoc-voc, Divorced, Other-service, Not-in-family, White, Female, United-States, >50K
16.422651,45307.92,7.248309,452.53833,14.448827,38.91201, Self-emp-inc, HS-grad, Never-married, Farming-fishing, Own-child, White, Male, United-States, <=50K
37.48446,73773.02,9.137807,-2543.6917,1005.65356,48.584362, Private, HS-grad, Never-married, Other-service, Not-in-family, White, Male, United-States, >50K
29.68368,124965.14,13.582789,555.35675,-43.97801,75.3186, Self-emp-inc, Bachelors, Never-married, Sales, Unmarried, White, Male, United-States, <=50K
45.046234,540077.6,12.470324,215.47583,-18.536661,48.43888, Federal-gov, Bachelors, Married-spouse-absent, Craft-repair, Not-in-family, White, Male, United-States, <=50K
34.683937,139722.67,16.48946,-267.1911,-19.330538,54.902798, Federal-gov, Bachelors, Never-married, Farming-fishing, Unmarried, White, Male, United-States, <=50K
23.96245,107094.67,9.948585,311.95367,-7.6465254,39.470314, Private, Some-college, Never-married, Sales, Own-child, White, Male, United-States, <=50K
26.487072,182327.77,9.206847,-612.71796,-41.486965,23.896751, Private, HS-grad, Never-married, Craft-repair, Own-child, White, Male, United-States, >50K
34.904022,79796.664,12.27238,466.58972,-0.2645291,68.866356, Private, Bachelors, Married-civ-spouse, Exec-managerial, Own-child, White, Male, United-States, >50K
29.416782,178402.08,9.845926,-127.545845,59.8712,24.73148, Private, Some-college, Married-spouse-absent, Protective-serv, Not-in-family, White, Female, United-States, <=50K
45.85818,298480.7,10.845596,439.67657,-32.710117,38.7664, Local-gov, Assoc-voc, Married-civ-spouse, Exec-managerial, Husband, White, Male, United-States, <=50K
34.801086,60964.67,11.12235,-163.77533,-13.226062,48.80478, Private, Assoc-voc, Widowed, Tech-support, Not-in-family, White, Female, United-States, <=50K
38.110996,206156.94,9.065426,-1117.9524,460.78723,46.367435, Private, HS-grad, Divorced, Other-service, Not-in-family, White, Female, United-States, <=50K
18.019724,174509.98,10.905458,601.1595,2.907155,22.378603, Local-gov, Assoc-voc, Never-married, Exec-managerial, Other-relative, White, Female, United-States, <=50K
46.77113,51567.78,7.082806,296.04694,49.41111,38.90501, Self-emp-inc, HS-grad, Married-spouse-absent, Adm-clerical, Not-in-family, White, Female, United-States, <=50K
28.191525,200860.45,11.408113,559.55914,-20.242014,24.864264, Private, Assoc-voc, Separated, Handlers-cleaners, Unmarried, White, Female, United-States, <=50K
39.056793,250404.55,9.166785,1434.2548,2.0986605,39.031006, Federal-gov, HS-grad, Widowed, Farming-fishing, Not-in-family, White, Female, United-States, <=50K
23.959831,233790.11,12.608296,747.90936,-10.318042,45.495502, Private, Bachelors, Never-married, Sales, Not-in-family, White, Male, United-States, <=50K
36.80874,222035.97,12.7887535,-427.69208,-33.56754,38.05165, Private, Bachelors, Separated, Prof-specialty, Unmarried, White, Female, United-States, <=50K
28.147705,148646.67,12.375085,-230.4101,-19.187723,59.664898, Local-gov, Bachelors, Never-married, Prof-specialty, Own-child, White, Male, United-States, <=50K
26.701797,59681.83,6.879795,1315.563,-20.452196,36.312458, Self-emp-inc, HS-grad, Separated, Transport-moving, Unmarried, White, Male, United-States, <=50K
46.054295,65156.78,10.525013,5785.9307,-23.759935,59.579132, Private, Assoc-voc, Divorced, Prof-specialty, Unmarried, White, Male, United-States, >50K
20.560434,278502.62,9.44649,-381.91083,12.160054,40.679897, Private, HS-grad, Never-married, Adm-clerical, Own-child, White, Male, United-States, <=50K
58.656586,111111.51,12.664368,1099.2399,-34.5323,54.85859, Local-gov, Bachelors, Married-civ-spouse, Other-service, Husband, White, Male, United-States, <=50K
44.809948,49467.297,13.168018,7379.1865,-33.1134,54.435097, Federal-gov, Bachelors, Married-civ-spouse, Transport-moving, Husband, White, Male, United-States, >50K
23.802954,210004.4,9.105954,775.522,-11.19263,23.578514, Local-gov, HS-grad, Married-spouse-absent, Protective-serv, Unmarried, White, Female, United-States, <=50K
35.312916,230229.17,5.509781,106.51391,37.257504,36.73351, Private, HS-grad, Separated, Adm-clerical, Unmarried, White, Male, United-States, <=50K
68.23218,131403.67,8.185458,829.1731,-4.220454,34.842365, Private, HS-grad, Divorced, Other-service, Unmarried, White, Male, United-States, <=50K
48.277977,135836.64,10.377015,-535.7393,-29.867022,48.982975, Self-emp-inc, Assoc-voc, Married-civ-spouse, Tech-support, Husband, White, Male, United-States, >50K
36.256687,188723.7,9.025092,-804.86676,-12.006465,61.084736, State-gov, HS-grad, Married-civ-spouse, Protective-serv, Husband, White, Male, United-States, <=50K
51.97758,179746.4,11.725266,496.07605,-41.2084,30.97523, Private, Bachelors, Married-civ-spouse, Adm-clerical, Wife, White, Female, United-States, <=50K
35.326195,73678.8,9.827148,580.872,-60.7207,35.648743, Private, Some-college, Divorced, Prof-specialty, Unmarried, White, Female, United-States, <=50K
27.546824,79578.08,6.4782586,297.18176,19.323248,24.234402, Private, HS-grad, Separated, Adm-clerical, Husband, White, Male, United-States, <=50K
58.97867,540220.9,11.804705,249.14978,-40.63316,49.863255, Private, Bachelors, Divorced, Other-service, Not-in-family, White, Male, United-States, <=50K
19.067596,77979.37,5.829159,851.90814,-14.929294,36.44297, Local-gov, HS-grad, Married-civ-spouse, Machine-op-inspct, Own-child, White, Female, United-States, <=50K
63.097847,98994.56,9.828772,1172.1274,3.4152346,24.127483, Local-gov, Some-college, Divorced, Exec-managerial, Not-in-family, White, Female, United-States, <=50K
25.798985,379098.84,12.551401,767.3049,944.9822,39.969173, Private, Bachelors, Never-married, Prof-specialty, Other-relative, White, Male, United-States, <=50K
29.044497,14893.267,12.738637,2677.9668,625.9747,49.959026, Private, Bachelors, Married-civ-spouse, Craft-repair, Own-child, White, Male, United-States, >50K
46.577694,149965.97,9.741781,-137.74554,-15.84209,32.949398, State-gov, Some-college, Married-civ-spouse, Other-service, Husband, White, Male, United-States, <=50K
58.171425,299484.25,8.517618,74.77276,7.6084642,35.174446, Private, HS-grad, Married-civ-spouse, Handlers-cleaners, Husband, White, Male, United-States, <=50K
55.290314,201955.89,9.0198345,-904.9788,80.031136,45.399662, Private, HS-grad, Married-civ-spouse, Machine-op-inspct, Wife, White, Female, United-States, <=50K
49.888836,195737.72,7.956633,483.60065,86.00722,30.312504, Private, HS-grad, Married-spouse-absent, Protective-serv, Unmarried, White, Female, United-States, <=50K
32.640396,93650.43,9.221138,-133.52509,-13.202678,38.921753, Private, HS-grad, Never-married, Tech-support, Unmarried, White, Female, United-States, <=50K
39.358597,233169.44,9.76823,1068.9412,12.69785,32.001656, Self-emp-not-inc, Some-college, Married-civ-spouse, Protective-serv, Wife, White, Female, United-States, <=50K
34.91212,183762.25,9.737675,817.60516,33.010906,43.224373, Federal-gov, Some-college, Separated, Adm-clerical, Unmarried, White, Female, United-States, <=50K
50.575336,55732.844,6.5845466,2675.7793,13.375295,45.416092, Private, HS-grad, Married-civ-spouse, Other-service, Husband, White, Male, United-States, <=50K
59.08767,234250.39,8.948415,907.73785,-27.70572,68.00909, Self-emp-inc, HS-grad, Married-civ-spouse, Other-service, Husband, White, Male, United-States, <=50K
34.96613,119733.8,6.8041263,-870.2613,-26.829866,45.93322, Local-gov, HS-grad, Separated, Exec-managerial, Unmarried, White, Male, United-States, >50K
51.462418,244927.84,10.266675,-147.20819,-22.534365,36.87146, Private, HS-grad, Married-civ-spouse, Craft-repair, Husband, White, Male, United-States, <=50K
41.139816,241066.05,9.915745,10.110775,-10.382411,51.34658, Private, Some-college, Married-civ-spouse, Exec-managerial, Husband, White, Male, United-States, <=50K
35.77099,42888.203,9.320282,143.58759,1.3518955,36.299774, State-gov, HS-grad, Married-civ-spouse, Farming-fishing, Husband, White, Male, United-States, <=50K
44.663216,286707.56,10.391546,5027.3545,19.5987,46.94334, Local-gov, Some-college, Married-civ-spouse, Adm-clerical, Husband, White, Male, United-States, >50K
50.883713,150601.38,6.0271626,866.8785,15.470563,40.309917, Private, HS-grad, Separated, Adm-clerical, Husband, White, Female, United-States, <=50K
29.860764,-14772.89,10.917399,-280.6281,1.9158527,31.90948, Private, Assoc-voc, Never-married, Exec-managerial, Unmarried, White, Female, United-States, <=50K
40.445282,149327.86,4.8255544,626.0748,-46.576275,40.194824, Private, HS-grad, Married-spouse-absent, Exec-managerial, Not-in-family, White, Male, United-States, <=50K
42.612736,277416.34,8.650665,484.63086,-27.391237,40.212578, Private, HS-grad, Never-married, Machine-op-inspct, Not-in-family, White, Male, United-States, <=50K
70.605835,84435.33,12.080153,622.4378,16.532171,29.68481, State-gov, Bachelors, Married-civ-spouse, Prof-specialty, Husband, White, Male, United-States, <=50K
52.57992,227254.12,10.038175,3184.1475,-10.410365,47.7894, Self-emp-inc, Some-college, Divorced, Tech-support, Husband, White, Male, United-States, >50K
45.94816,107719.4,9.660039,-95.76435,-43.416912,45.627518, Local-gov, HS-grad, Married-spouse-absent, Other-service, Not-in-family, White, Female, United-States, >50K
52.991577,196947.44,7.862832,-700.1469,51.449257,33.566906, Private, Some-college, Married-civ-spouse, Craft-repair, Husband, White, Male, United-States, <=50K
26.604162,148661.28,11.849755,454.09308,-42.758465,49.737347, Self-emp-inc, Assoc-voc, Married-spouse-absent, Craft-repair, Unmarried, White, Male, United-States, <=50K
26.25147,184311.05,10.691404,1036.9225,-25.576311,30.787674, Self-emp-not-inc, Assoc-voc, Married-civ-spouse, Tech-support, Own-child, White, Male, United-States, <=50K
19.056152,201582.55,7.129168,-5.611271,6.336591,45.43255, ?, HS-grad, Never-married, ?, Other-relative, White, Male, United-States, <=50K
12.704808,148568.44,7.509775,1123.7721,42.734295,26.341814, Private, HS-grad, Never-married, Adm-clerical, Other-relative, White, Male, United-States, <=50K
36.17493,122489.61,9.597359,180.31818,-17.338129,34.029705, Private, Some-college, Never-married, Adm-clerical, Other-relative, White, Female, United-States, <=50K
23.645794,222531.4,7.363008,218.4538,1069.6323,34.65069, Local-gov, HS-grad, Married-civ-spouse, Other-service, Husband, White, Male, United-States, <=50K
34.626884,184083.56,2.17235,311.92218,17.525084,40.0902, Private, HS-grad, Married-spouse-absent, Adm-clerical, Unmarried, White, Female, United-States, <=50K
16.20835,145365.0,10.495666,-45.279728,-9.286647,43.26322, Private, Some-college, Married-civ-spouse, Transport-moving, Own-child, White, Male, United-States, <=50K
45.829872,148941.23,5.334852,1354.5795,26.5577,27.023037, Self-emp-not-inc, HS-grad, Married-civ-spouse, Machine-op-inspct, Husband, White, Male, United-States, <=50K
26.052063,94322.29,9.957177,453.5633,8.515531,29.364254, Private, Assoc-voc, Separated, Adm-clerical, Own-child, White, Female, United-States, <=50K
45.305237,201943.83,13.521809,382.29193,22.752913,56.70306, Federal-gov, Bachelors, Married-civ-spouse, Protective-serv, Wife, White, Female, United-States, <=50K
41.828922,118032.75,6.2357397,-180.82,-17.1504,49.64553, Private, HS-grad, Married-civ-spouse, Craft-repair, Husband, White, Male, United-States, <=50K
22.634592,276550.5,9.346358,1729.4785,-12.84167,35.344826, Self-emp-not-inc, HS-grad, Separated, Tech-support, Unmarried, White, Male, United-States, <=50K
37.275383,232832.81,6.031381,663.45386,-22.661333,40.413128, Private, HS-grad, Married-civ-spouse, Other-service, Wife, White, Female, United-States, >50K
34.99869,137973.17,7.411793,-50.331364,1.6006671,39.744793, Self-emp-inc, HS-grad, Never-married, Machine-op-inspct, Not-in-family, White, Male, United-States, <=50K
24.794355,135207.97,9.956167,-704.1883,-74.11343,33.410477, Private, Assoc-voc, Never-married, Protective-serv, Own-child, White, Male, United-States, >50K
37.121475,258465.94,11.306456,668.8475,-30.687418,32.64896, Private, Assoc-voc, Never-married, Exec-managerial, Unmarried, White, Male, United-States, <=50K
53.705227,90661.74,11.096663,708.46893,-3.060359,58.515144, State-gov, Assoc-voc, Married-civ-spouse, Farming-fishing, Husband, White, Male, United-States, >50K
46.13968,298399.72,6.1425333,-603.61456,115.957855,35.4392, Private, HS-grad, Married-civ-spouse, Farming-fishing, Husband, White, Male, United-States, <=50K
25.061146,129744.97,10.736356,1069.1182,38.720596,30.69684, Federal-gov, Assoc-voc, Never-married, Craft-repair, Unmarried, White, Female, United-States, <=50K
41.65167,216253.33,5.5931334,967.7648,3.7289248,43.34721, Private, HS-grad, Separated, Transport-moving, Own-child, White, Female, United-States, <=50K
20.700726,207446.42,10.122769,252.50824,23.58077,32.60034, Private, Some-college, Never-married, Farming-fishing, Other-relative, White, Male, United-States, <=50K
21.469873,197884.2,9.837751,236.65082,-9.220256,42.389713, Self-emp-not-inc, Some-college, Divorced, Protective-serv, Unmarried, White, Male, United-States, <=50K
34.42174,72137.125,13.589685,-926.8914,-10.981753,53.664543, Federal-gov, Bachelors, Married-civ-spouse, Exec-managerial, Wife, White, Female, United-States, >50K
25.880474,196274.47,6.098361,93.69518,-2.131587,33.804268, Private, HS-grad, Never-married, Tech-support, Not-in-family, White, Female, United-States, <=50K
51.78177,230880.12,8.954828,3192.2908,-22.653414,43.669586, Local-gov, HS-grad, Widowed, Exec-managerial, Not-in-family, White, Female, United-States, <=50K
21.682287,287559.4,7.575996,443.9845,34.154594,18.757078, Private, HS-grad, Never-married, Other-service, Unmarried, White, Female, United-States, <=50K
15.842713,421064.44,9.367909,541.0446,-14.756839,32.41991, ?, HS-grad, Separated, ?, Own-child, White, Female, United-States, <=50K
37.102184,303833.9,10.611034,-229.64935,-45.574795,40.55218, Self-emp-inc, Assoc-voc, Married-civ-spouse, Handlers-cleaners, Husband, White, Male, United-States, <=50K
15.092933,182377.14,9.294237,730.2814,24.975523,25.105864, Local-gov, HS-grad, Divorced, Protective-serv, Not-in-family, White, Female, United-States, <=50K
27.346424,142491.72,9.180716,91.55291,0.093846425,43.99264, Private, HS-grad, Never-married, Sales, Not-in-family, White, Male, United-States, <=50K
40.26441,195580.08,7.286741,2166.802,5.606656,55.990685, Private, Some-college, Married-civ-spouse, Craft-repair, Husband, White, Male, United-States, <=50K
75.31694,139251.16,9.031301,2284.0017,-26.323717,42.052887, Self-emp-inc, HS-grad, Married-civ-spouse, Exec-managerial, Husband, White, Male, United-States, <=50K
26.291744,22948.5,10.019496,-212.53741,-3.02386,31.926382, Private, Assoc-voc, Never-married, Tech-support, Unmarried, White, Male, United-States, <=50K
48.108616,429274.16,14.063399,1059.2056,-9.568797,31.728693, Self-emp-not-inc, Bachelors, Married-civ-spouse, Farming-fishing, Husband, White, Male, United-States, <=50K
25.648148,263992.06,10.003078,1543.8854,983.7649,44.987453, Private, HS-grad, Never-married, Exec-managerial, Unmarried, White, Male, United-States, >50K
52.136543,316702.3,10.095963,-1480.3208,281.32095,41.35743, State-gov, Some-college, Married-civ-spouse, Craft-repair, Husband, White, Male, United-States, <=50K
20.376562,142070.47,7.3263097,223.68,16.180578,27.490423, Self-emp-inc, HS-grad, Never-married, Protective-serv, Own-child, White, Male, United-States, <=50K
16.85498,165349.7,12.14099,871.94226,-36.925304,23.869104, Private, Bachelors, Never-married, Protective-serv, Own-child, White, Male, United-States, <=50K
51.915195,116704.67,8.966618,6473.433,17.379133,27.223957, Self-emp-not-inc, HS-grad, Married-civ-spouse, Farming-fishing, Husband, White, Male, United-States, >50K
37.72025,106764.77,10.292115,95.46044,-3.6862898,43.092163, Private, Some-college, Separated, Machine-op-inspct, Own-child, White, Female, United-States, <=50K
49.52081,161826.84,4.9606333,456.21124,3.073125,37.279125, State-gov, HS-grad, Married-civ-spouse, Farming-fishing, Husband, White, Male, United-States, <=50K
17.2308,176429.7,9.398139,470.6781,-4.4559355,29.071207, Local-gov, HS-grad, Never-married, Exec-managerial, Not-in-family, White, Male, United-States, <=50K
27.565975,365620.0,8.800223,2394.6775,1626.5222,53.744583, Private, HS-grad, Married-civ-spouse, Handlers-cleaners, Husband, White, Male, United-States, <=50K
54.058517,116796.305,9.000382,1691.6426,-9.641498,67.65479, Federal-gov, HS-grad, Married-civ-spouse, Farming-fishing, Husband, White, Male, United-States, <=50K
72.865555,322228.6,6.2212224,-995.98627,140.32196,31.888098, Private, HS-grad, Married-civ-spouse, Farming-fishing, Husband, White, Male, United-States, <=50K
24.764833,103050.766,9.3685465,-1149.3442,-38.702656,46.565346, Local-gov, HS-grad, Never-married, Exec-managerial, Own-child, White, Male, United-States, >50K
27.646545,131885.9,6.3629932,-60.252506,-8.023936,39.777485, Private, HS-grad, Divorced, Protective-serv, Unmarried, White, Female, United-States, <=50K
40.752953,124407.1,8.679507,6450.581,-3.656001,33.046722, Private, HS-grad, Married-civ-spouse, Protective-serv, Wife, White, Female, United-States, >50K
37.117413,256990.39,10.285185,3276.3767,1658.0898,37.996902, Private, HS-grad, Married-civ-spouse, Adm-clerical, Husband, White, Male, United-States, >50K
45.609604,177434.7,10.278074,661.75006,-43.090572,45.722897, Local-gov, Assoc-voc, Divorced, Adm-clerical, Not-in-family, White, Female, United-States, <=50K
51.690094,144424.08,9.974109,829.01294,20.170897,51.12717, Local-gov, Some-college, Married-civ-spouse, Exec-managerial, Husband, White, Male, United-States, <=50K
52.69473,243837.42,11.755676,-100.89631,-27.77659,34.397587, Self-emp-inc, Assoc-voc, Married-civ-spouse, Farming-fishing, Husband, White, Male, United-States, <=50K
52.360397,166945.03,9.933599,131.0138,1407.4532,35.232735, Private, Some-college, Married-civ-spouse, Exec-managerial, Husband, White, Male, United-States, <=50K
35.895992,256803.3,9.329439,-303.48236,-7.014529,38.74756, Private, HS-grad, Married-spouse-absent, Adm-clerical, Unmarried, White, Male, United-States, <=50K
25.76867,319744.62,13.613345,550.63715,-26.242624,38.8783, Private, Bachelors, Separated, Machine-op-inspct, Unmarried, White, Female, United-States, <=50K
44.858402,150984.86,10.000734,-354.22784,1527.4205,29.529737, Private, Some-college, Divorced, Farming-fishing, Unmarried, White, Male, United-States, <=50K
18.122572,119795.69,10.967367,778.66187,-7.030925,46.76817, ?, Assoc-voc, Never-married, Protective-serv, Other-relative, White, Male, United-States, <=50K
52.585617,232224.84,6.075213,-461.78485,-9.718371,38.56713, Private, HS-grad, Married-civ-spouse, Other-service, Own-child, White, Female, United-States, <=50K
45.868557,53849.453,11.099619,11.643734,-18.863161,47.522156, Private, Assoc-voc, Married-civ-spouse, Other-service, Husband, White, Female, United-States, <=50K
21.93993,303201.8,10.797582,742.1292,-46.518948,46.472233, State-gov, Assoc-voc, Never-married, Prof-specialty, Not-in-family, White, Male, United-States, <=50K
30.100214,155546.61,9.042925,1020.7614,-12.154811,41.383255, Local-gov, HS-grad, Separated, Exec-managerial, Own-child, White, Female, United-States, <=50K
60.347813,114487.336,10.874853,4809.1943,-27.03602,38.42213, Self-emp-inc, Assoc-voc, Married-civ-spouse, Exec-managerial, Husband, White, Male, United-States, >50K
56.89977,205409.05,5.1175485,239.23657,-5.099826,30.489756, Private, HS-grad, Never-married, Adm-clerical, Not-in-family, White, Female, United-States, <=50K
48.978573,122405.93,16.793383,-2806.866,-23.456911,49.789955, Private, Bachelors, Married-civ-spouse, Tech-support, Husband, White, Male, United-States, >50K
42.337467,192300.66,13.14864,47.41766,0.14133178,40.293068, ?, Bachelors, Married-spouse-absent, Adm-clerical, Not-in-family, White, Male, United-States, <=50K
41.054413,117964.93,3.428317,1033.8229,-20.322756,35.91549, Private, HS-grad, Separated, Tech-support, Unmarried, White, Male, United-States, >50K
52.229992,79419.01,10.333644,3324.1365,-57.284237,55.536774, Federal-gov, Assoc-voc, Married-civ-spouse, Craft-repair, Husband, White, Male, United-States, <=50K
27.526148,289159.06,9.808998,614.1016,-21.987642,39.994244, Private, Some-college, Married-civ-spouse, Prof-specialty, Husband, White, Male, United-States, <=50K
21.351084,449518.38,12.596544,305.37885,4.5990496,34.328175, Self-emp-inc, Bachelors, Never-married, Sales, Unmarried, White, Male, United-States, <=50K
31.304804,260553.8,12.83238,-217.82672,-7.232135,46.653088, Private, Bachelors, Married-spouse-absent, Prof-specialty, Not-in-family, White, Male, United-States, <=50K
27.873463,235375.8,9.3638735,424.1892,0.59691346,66.04845, Private, HS-grad, Divorced, Craft-repair, Not-in-family, White, Male, United-States, <=50K
28.476803,215611.5,12.865471,406.3366,-15.29359,32.78494, Private, Bachelors, Never-married, Other-service, Not-in-family, White, Male, United-States, <=50K
39.58094,49452.438,10.4171095,1184.5865,0.5495502,50.429432, Private, Assoc-voc, Separated, Machine-op-inspct, Husband, White, Male, United-States, <=50K
48.953403,74269.414,9.225466,11694.284,52.513912,37.323532, Private, Some-college, Never-married, Other-service, Unmarried, White, Female, United-States, >50K
19.453012,155384.78,5.5947633,21.77496,-29.316088,32.416492, Private, HS-grad, Married-civ-spouse, Craft-repair, Husband, White, Male, United-States, <=50K
37.565224,128018.42,11.485687,-4748.7407,1231.6855,51.272026, Self-emp-inc, Assoc-voc, Married-civ-spouse, Exec-managerial, Wife, White, Female, United-States, >50K
35.101147,180439.56,12.131069,26104.707,1174.0011,61.576836, Private, Bachelors, Married-civ-spouse, Craft-repair, Husband, White, Male, United-States, >50K
46.289146,91306.695,13.33628,299.12238,3.862958,60.968586, Local-gov, Bachelors, Married-civ-spouse, Exec-managerial, Husband, White, Male, United-States, >50K
34.07645,223816.38,10.346536,408.81506,3.6345263,38.302998, Federal-gov, Assoc-voc, Divorced, Other-service, Unmarried, White, Female, United-States, <=50K
24.884655,124230.96,13.021678,-469.17206,25.446028,49.540028, State-gov, Bachelors, Never-married, Prof-specialty, Unmarried, White, Female, United-States, >50K
19.95738,18122.39,10.195554,49.438046,8.307439,28.442354, Local-gov, Some-college, Never-married, Exec-managerial, Other-relative, White, Female, United-States, <=50K
75.991135,39209.64,5.100294,812.45184,40.473984,45.73224, Private, HS-grad, Married-civ-spouse, Adm-clerical, Husband, White, Male, United-States, >50K
21.472195,192877.7,9.343059,778.13293,-16.32834,36.450207, Private, HS-grad, Never-married, Adm-clerical, Other-relative, White, Female, United-States, <=50K
40.808517,69370.4,8.787538,379.9602,-23.545504,41.15766, Local-gov, HS-grad, Separated, Exec-managerial, Unmarried, White, Male, United-States, <=50K
47.29726,195259.05,9.458548,2832.3555,-10.384921,14.117609, Local-gov, HS-grad, Widowed, Exec-managerial, Not-in-family, White, Female, United-States, <=50K
29.22073,267579.6,11.079634,2224.3787,1397.5094,43.545586, Local-gov, Assoc-voc, Divorced, Other-service, Not-in-family, White, Male, United-States, >50K
40.607967,42779.61,11.331245,-1616.584,-20.912157,66.601295, Private, Assoc-voc, Married-civ-spouse, Prof-specialty, Husband, White, Male, United-States, >50K
29.172972,171767.62,11.982518,457.1773,-13.282939,40.931488, Federal-gov, Bachelors, Never-married, Sales, Unmarried, White, Female, United-States, <=50K
24.507925,257587.62,6.8814116,-621.955,596.1355,28.57056, Private, HS-grad, Never-married, Other-service, Not-in-family, White, Female, United-States, <=50K
30.393145,79135.09,9.547493,-2978.351,626.3674,30.305761, State-gov, HS-grad, Never-married, Tech-support, Unmarried, White, Female, United-States, >50K
38.80755,171019.33,10.127855,643.0079,31.944593,40.271816, Local-gov, Some-college, Never-married, Protective-serv, Not-in-family, White, Female, United-States, <=50K
32.83063,143243.73,11.295567,460.85345,-22.766413,37.071777, Federal-gov, Assoc-voc, Married-civ-spouse, Sales, Husband, White, Male, United-States, <=50K
49.49658,191318.61,11.725244,2850.6472,194.40807,42.95505, Private, Assoc-voc, Married-civ-spouse, Craft-repair, Husband, White, Male, United-States, >50K
28.074434,118663.27,5.254053,-1909.6736,12.712659,49.768818, Self-emp-inc, HS-grad, Never-married, Other-service, Not-in-family, White, Female, United-States, >50K
29.865341,167542.1,11.278412,306.48694,-11.075587,35.193794, Private, Assoc-voc, Divorced, Handlers-cleaners, Unmarried, White, Male, United-States, <=50K
21.405706,88334.555,6.056951,244.71985,23.694376,43.175846, Private, HS-grad, Never-married, Farming-fishing, Unmarried, White, Female, United-States, <=50K
41.3042,156562.28,12.732872,-177.01764,35.24479,38.36384, Self-emp-inc, Bachelors, Never-married, Adm-clerical, Unmarried, White, Male, United-States, <=50K
31.78454,280379.97,9.37492,448.6729,17.759413,18.021988, Private, Some-college, Separated, Farming-fishing, Own-child, White, Female, United-States, <=50K
41.31964,481534.03,9.291034,483.39966,-1.9534863,37.98166, Self-emp-inc, HS-grad, Divorced, Other-service, Husband, White, Male, United-States, <=50K
31.831059,341816.66,10.177522,503.88593,-49.91441,33.17185, Private, Some-college, Never-married, Transport-moving, Unmarried, White, Male, United-States, <=50K
26.45802,122781.664,9.3425865,709.6201,-7.0865965,31.035892, Local-gov, HS-grad, Divorced, Protective-serv, Not-in-family, White, Male, United-States, <=50K
29.900108,232718.22,9.116907,-155.21954,-6.239703,33.95762, Private, HS-grad, Never-married, Other-service, Not-in-family, White, Male, United-States, <=50K
24.483494,88472.22,18.38261,11572.733,-31.781939,60.053013, Private, Bachelors, Married-civ-spouse, Prof-specialty, Wife, White, Female, United-States, >50K
58.43456,117047.49,10.313155,919.29626,-30.077333,39.285053, Self-emp-not-inc, Some-college, Divorced, Prof-specialty, Unmarried, White, Male, United-States, <=50K
66.93351,268345.0,10.527521,509.80322,-31.081606,35.273376, State-gov, Assoc-voc, Married-civ-spouse, Tech-support, Wife, White, Female, United-States, <=50K
39.093536,127478.9,11.54952,1098.3551,-8.22079,49.479256, Federal-gov, Assoc-voc, Married-civ-spouse, Adm-clerical, Wife, White, Female, United-States, <=50K
22.813913,507871.84,13.709392,-2151.1345,163.2464,35.969784, Private, Bachelors, Never-married, Other-service, Own-child, White, Male, United-States, <=50K
30.491003,174700.81,7.9135075,81.655876,12.328069,38.23358, Local-gov, HS-grad, Divorced, Other-service, Not-in-family, White, Male, United-States, <=50K
29.718763,310624.22,10.161429,554.1162,9.378736,31.003225, Local-gov, Assoc-voc, Married-spouse-absent, Exec-managerial, Not-in-family, White, Male, United-States, <=50K
41.658974,77529.53,9.7596445,5183.2285,5.159787,36.209095, Private, Assoc-voc, Married-civ-spouse, Farming-fishing, Husband, White, Male, United-States, >50K
31.028122,134241.25,11.645218,-2322.6536,-37.524662,47.564053, Private, Assoc-voc, Married-civ-spouse, Tech-support, Husband, White, Male, United-States, >50K
54.166157,239338.23,10.072708,1406.2395,4.1084337,37.486237, Local-gov, Some-college, Married-civ-spouse, Adm-clerical, Husband, White, Male, United-States, <=50K
36.80913,77538.1,11.190892,374.30646,-43.529736,13.819473, Federal-gov, Assoc-voc, Never-married, Other-service, Unmarried, White, Male, United-States, <=50K
27.746574,205281.86,9.362905,1001.44135,-2.3734388,15.12093, ?, HS-grad, Never-married, ?, Own-child, White, Female, United-States, <=50K
33.639286,418114.56,11.483163,8371.637,2.3560305,30.636871, Local-gov, Bachelors, Married-civ-spouse, Prof-specialty, Husband, White, Male, United-States, >50K
32.568478,274364.47,11.271164,1381.3713,-56.455837,59.51903, Local-gov, Assoc-voc, Married-civ-spouse, Protective-serv, Husband, White, Male, United-States, <=50K
37.27306,473811.97,10.43599,14190.728,87.19958,44.451675, Private, Assoc-voc, Married-civ-spouse, Sales, Husband, White, Male, United-States, >50K
45.834312,282018.72,9.849904,102.684135,20.797964,59.47384, Private, Some-college, Divorced, Protective-serv, Not-in-family, White, Female, United-States, <=50K
76.04645,399120.03,10.823328,-420.49176,-2.765521,51.19818, Private, Assoc-voc, Married-civ-spouse, Farming-fishing, Husband, White, Male, United-States, <=50K
45.103695,129823.95,7.3709755,2126.0552,-6.1183043,35.828396, Self-emp-not-inc, HS-grad, Married-civ-spouse, Protective-serv, Husband, White, Male, United-States, <=50K
42.79402,141438.88,9.954742,1859.3917,0.864339,30.63096, ?, HS-grad, Divorced, Adm-clerical, Unmarried, White, Female, United-States, <=50K
29.99894,5860.0317,11.99834,-143.9549,-7.0132017,32.204876, Private, Assoc-voc, Married-civ-spouse, Machine-op-inspct, Husband, White, Male, United-States, <=50K
48.837566,158224.25,12.652991,-396.0844,-14.286929,46.082012, Private, Bachelors, Married-civ-spouse, Other-service, Husband, White, Male, United-States, <=50K
34.656498,186778.14,10.197058,-454.6385,826.98956,28.414682, Private, Some-college, Married-civ-spouse, Adm-clerical, Wife, White, Female, United-States, >50K
16.590422,216365.84,6.454947,713.657,25.037409,38.082993, ?, HS-grad, Never-married, ?, Own-child, White, Female, United-States, <=50K
41.63831,47632.75,4.3451457,395.70886,37.887978,76.04434, Self-emp-not-inc, HS-grad, Married-civ-spouse, Adm-clerical, Husband, White, Male, United-States, <=50K
24.211716,160854.45,9.96794,446.97675,1.5103046,33.65149, Private, Some-college, Married-civ-spouse, Farming-fishing, Wife, White, Female, United-States, <=50K
31.1193,170902.06,6.1851015,845.69434,32.52905,34.996822, Private, HS-grad, Never-married, Handlers-cleaners, Own-child, White, Male, United-States, <=50K
22.316177,123713.58,8.420211,1299.7383,-19.18538,38.237484, Local-gov, HS-grad, Married-civ-spouse, ?, Wife, White, Female, United-States, >50K
27.57702,246049.67,9.866682,-586.53864,4.122838,40.266037, Federal-gov, Some-college, Married-civ-spouse, Craft-repair, Husband, White, Male, United-States, <=50K
37.954956,339812.06,10.689019,244.953,-18.369577,45.48197, Federal-gov, Assoc-voc, Married-civ-spouse, Craft-repair, Husband, White, Male, United-States, <=50K
38.544018,365723.88,5.419493,1096.8453,27.220007,30.502686, Local-gov, HS-grad, Never-married, Adm-clerical, Unmarried, White, Female, United-States, <=50K
20.296812,13514.438,10.218666,-265.0821,73.56593,14.860292, Private, Some-college, Never-married, Handlers-cleaners, Unmarried, White, Female, United-States, <=50K
25.943369,267199.7,9.980744,492.63892,766.0103,36.033165, Private, Some-college, Married-civ-spouse, Sales, Wife, White, Female, United-States, <=50K
35.433666,122570.51,3.595572,780.605,10.990331,40.168015, Private, HS-grad, Never-married, Craft-repair, Not-in-family, White, Male, United-States, <=50K
35.950706,257130.6,9.962145,1208.5377,-22.56782,42.80545, Private, Some-college, Married-civ-spouse, Exec-managerial, Husband, White, Male, United-States, <=50K
21.767742,172593.02,10.018728,341.04254,-19.711306,38.510464, Private, Some-college, Divorced, Protective-serv, Unmarried, White, Male, United-States, <=50K
53.03001,234614.8,13.18534,390.24268,-40.761623,47.876358, Self-emp-inc, Bachelors, Divorced, Other-service, Unmarried, White, Male, United-States, <=50K
8.970635,142510.06,9.304348,520.66437,-14.135921,27.214739, Private, Some-college, Never-married, Adm-clerical, Own-child, White, Female, United-States, <=50K
34.049305,124585.94,9.936031,-670.72345,133.58784,37.027794, Private, Some-college, Never-married, Adm-clerical, Not-in-family, White, Female, United-States, <=50K
51.593937,120824.04,8.928836,2695.1829,-43.466335,51.584114, Self-emp-not-inc, HS-grad, Widowed, Craft-repair, Not-in-family, White, Male, United-States, <=50K
41.228302,101244.516,10.152234,5018.259,20.603964,53.120373, Self-emp-inc, Some-college, Married-civ-spouse, Farming-fishing, Husband, White, Male, United-States, >50K
15.850465,282632.3,9.79672,604.3633,-24.740717,39.632572, State-gov, HS-grad, Married-civ-spouse, Adm-clerical, Own-child, White, Male, United-States, <=50K
27.379873,434878.88,8.503351,795.902,-8.724597,35.977806, Private, HS-grad, Divorced, Exec-managerial, Unmarried, White, Female, United-States, <=50K
22.98767,15996.782,8.36928,536.62683,24.016222,47.70914, Private, HS-grad, Married-spouse-absent, Sales, Unmarried, White, Female, United-States, <=50K
41.623676,86311.78,11.0552635,150.77344,-8.2007475,54.105873, Self-emp-not-inc, Assoc-voc, Married-civ-spouse, Farming-fishing, Wife, White, Female, United-States, <=50K
19.611301,125599.91,9.528162,706.2878,22.18772,30.15204, Self-emp-not-inc, HS-grad, Never-married, Other-service, Own-child, White, Female, United-States, <=50K
28.947916,250324.06,9.030556,179.86493,158.73758,42.929848, Private, HS-grad, Never-married, Sales, Not-in-family, White, Female, United-States, <=50K
18.210827,119167.01,5.9133363,535.51886,37.343857,12.522436, Private, HS-grad, Never-married, Farming-fishing, Own-child, White, Female, United-States, <=50K
41.44129,331766.5,12.021816,-443.27875,-46.91522,32.990097, Private, Bachelors, Never-married, Sales, Other-relative, White, Male, United-States, <=50K
19.716276,472065.6,6.1990814,-211.31232,-29.15346,36.888165, Private, HS-grad, Never-married, Machine-op-inspct, Own-child, White, Male, United-States, <=50K
33.238056,125137.586,8.983038,-178.99823,-25.675585,38.585762, Private, HS-grad, Separated, Exec-managerial, Unmarried, White, Female, United-States, <=50K
28.261635,171992.73,9.360301,967.544,-1.8595608,33.39184, Local-gov, HS-grad, Married-spouse-absent, ?, Unmarried, White, Female, United-States, <=50K
37.828384,211809.4,8.812874,14284.69,0.39946473,51.267403, Private, HS-grad, Married-civ-spouse, Craft-repair, Husband, White, Male, United-States, >50K
58.168694,103955.48,13.027524,1495.5253,-8.768893,43.2872, Federal-gov, Bachelors, Married-civ-spouse, Farming-fishing, Husband, White, Male, United-States, <=50K
32.181084,217377.81,10.611933,496.4842,-2.016162,30.722767, Self-emp-not-inc, Assoc-voc, Divorced, Craft-repair, Not-in-family, White, Male, United-States, <=50K
32.524452,144541.55,5.791991,957.2961,-0.46374023,41.50326, Private, HS-grad, Married-spouse-absent, Transport-moving, Not-in-family, White, Male, United-States, <=50K
24.584335,153180.97,10.172211,214.1723,-9.245883,37.305786, Private, Some-college, Never-married, Machine-op-inspct, Own-child, White, Male, United-States, <=50K
53.199265,331168.28,12.4196,5333.6514,19.028624,50.031452, Private, Bachelors, Married-civ-spouse, Tech-support, Husband, White, Male, United-States, >50K
39.69809,295711.28,7.763172,773.2637,22.289885,49.60639, Private, Some-college, Married-civ-spouse, Sales, Wife, White, Female, United-States, <=50K
19.54116,381480.12,10.150532,540.4614,-6.1469297,37.891983, Private, Some-college, Never-married, Exec-managerial, Own-child, White, Male, United-States, <=50K
30.082321,213604.3,11.729567,-1919.9749,-9.508967,35.55455, Private, Bachelors, Married-civ-spouse, Prof-specialty, Wife, White, Female, United-States, <=50K
40.20518,255275.36,12.983932,105.66949,-45.103252,29.882643, Local-gov, Bachelors, Separated, Prof-specialty, Unmarried, White, Female, United-States, <=50K
22.64326,405870.97,11.629933,363.50183,4.6589327,41.150032, Private, Assoc-voc, Separated, Adm-clerical, Unmarried, White, Female, United-States, <=50K
68.6291,253375.39,10.572423,7214.541,981.7577,38.66509, Private, Some-college, Married-civ-spouse, Handlers-cleaners, Husband, White, Male, United-States, >50K
34.308727,195291.95,9.896891,-1361.7266,90.524704,41.62301, Private, Some-college, Married-civ-spouse, Craft-repair, Husband, White, Male, United-States, <=50K
25.424582,384129.25,12.329614,260.17865,-36.600445,42.888744, Local-gov, Bachelors, Married-civ-spouse, Exec-managerial, Husband, White, Male, United-States, >50K
18.295189,233087.2,8.980783,440.78174,5.062932,40.48787, Self-emp-not-inc, HS-grad, Never-married, Farming-fishing, Other-relative, White, Male, United-States, <=50K
27.820183,18131.688,12.00753,-810.811,-58.004864,55.036118, State-gov, Bachelors, Never-married, Sales, Other-relative, White, Male, United-States, <=50K
27.07976,222769.05,3.9306912,1192.3529,6.554845,16.416313, Private, HS-grad, Never-married, Machine-op-inspct, Own-child, White, Male, United-States, <=50K
28.90294,223625.38,8.769721,-393.8133,8.35008,49.3198, Private, HS-grad, Separated, Exec-managerial, Unmarried, White, Male, United-States, >50K
51.921207,65645.336,10.750825,1169.3354,-30.355143,42.738483, Federal-gov, Assoc-voc, Married-civ-spouse, Tech-support, Husband, White, Male, United-States, <=50K
52.93149,404532.0,8.864316,-134.2923,-13.240062,47.713657, Private, HS-grad, Married-civ-spouse, Farming-fishing, Husband, White, Male, United-States, <=50K
31.56291,105620.37,10.338167,986.72565,-19.909517,40.8532, Federal-gov, Some-college, Married-civ-spouse, Transport-moving, Husband, White, Male, United-States, >50K
40.18621,291313.75,9.288422,-622.9566,236.01903,41.77987, Private, HS-grad, Widowed, Transport-moving, Unmarried, White, Female, United-States, <=50K
29.665586,180383.33,10.02835,138.1001,-18.66038,31.37636, Private, Some-college, Separated, Other-service, Unmarried, White, Female, United-States, <=50K
42.70932,94963.32,12.293164,-169.63226,-16.863306,24.27444, Private, Bachelors, Married-civ-spouse, Other-service, Wife, White, Female, United-States, <=50K
45.293682,215406.14,11.855713,1753.1171,3.3166933,38.889145, Self-emp-inc, Assoc-voc, Married-civ-spouse, Machine-op-inspct, Husband, White, Male, United-States, <=50K
28.328575,140670.25,10.023745,593.1077,-16.399607,41.732063, Self-emp-inc, Some-college, Married-civ-spouse, Craft-repair, Husband, White, Male, United-States, <=50K
28.621712,102519.086,10.185737,-293.5965,-23.964289,19.720802, State-gov, Some-college, Married-civ-spouse, Other-service, Wife, White, Female, United-States, <=50K
47.55085,362332.38,7.447291,120.89428,158.06528,42.13512, Private, HS-grad, Married-civ-spouse, Transport-moving, Husband, White, Male, United-States, <=50K
44.686794,174133.84,7.5158415,360.25836,8.834783,36.7714, Private, Some-college, Married-spouse-absent, Sales, Not-in-family, White, Female, United-States, <=50K
44.078205,253111.48,9.728171,965.11774,-2.267459,41.240196, Private, HS-grad, Married-civ-spouse, Handlers-cleaners, Wife, White, Female, United-States, <=50K
25.977152,289511.7,10.134318,-1236.3848,32.97741,23.176342, Private, Some-college, Never-married, Adm-clerical, Own-child, White, Female, United-States, <=50K
16.643541,198869.38,9.260208,172.04016,4.5728807,53.20263, Private, HS-grad, Divorced, Handlers-cleaners, Not-in-family, White, Male, United-States, <=50K
38.7344,93890.17,10.035204,-401.04828,2.643361,43.945854, Federal-gov, Some-college, Married-civ-spouse, Adm-clerical, Husband, White, Male, United-States, <=50K
45.72999,273357.1,7.779216,1182.7604,15.213902,42.38037, Local-gov, HS-grad, Divorced, Adm-clerical, Unmarried, White, Female, United-States, <=50K
39.99117,118753.69,10.067034,-2516.2268,-31.164713,38.326263, Private, Some-college, Never-married, Farming-fishing, Own-child, White, Male, United-States, <=50K
26.233076,55391.28,11.596108,4473.501,175.73749,41.37228, Private, Assoc-voc, Married-civ-spouse, Protective-serv, Husband, White, Male, United-States, >50K
48.87967,227744.75,3.6906242,476.49323,11.803502,33.90007, Private, HS-grad, Married-civ-spouse, Farming-fishing, Husband, White, Male, United-States, <=50K
35.99642,112203.78,13.043844,9202.416,234.92468,43.96868, Private, Bachelors, Married-civ-spouse, Craft-repair, Husband, White, Male, United-States, >50K
29.917719,125636.44,12.653635,902.84576,-8.936404,65.09754, Self-emp-inc, Bachelors, Married-spouse-absent, Protective-serv, Not-in-family, White, Male, United-States, <=50K
35.36597,301194.47,12.905135,306.2165,0.45106232,45.527992, Private, Bachelors, Separated, Other-service, Own-child, White, Female, United-States, <=50K
50.9003,368959.72,10.619144,710.67377,72.13411,38.694492, Private, Assoc-voc, Married-civ-spouse, Prof-specialty, Husband, White, Male, United-States, <=50K
47.06634,106992.87,12.681018,-765.4117,-20.341967,40.57087, Private, Bachelors, Married-civ-spouse, Craft-repair, Husband, White, Male, United-States, >50K
33.87197,105286.445,8.803858,63.47662,2.0987673,33.128296, Private, HS-grad, Divorced, Other-service, Unmarried, White, Male, United-States, <=50K
22.007725,102465.17,11.151483,-123.91035,-7.238902,40.839256, Private, Assoc-voc, Never-married, Adm-clerical, Unmarried, White, Male, United-States, <=50K
34.61911,342010.7,12.045993,-247.64703,-32.54645,42.1696, Private, Bachelors, Married-spouse-absent, Adm-clerical, Unmarried, White, Female, United-States, <=50K
44.729553,70922.45,9.843212,24015.19,71.44944,50.705746, Local-gov, Some-college, Married-civ-spouse, Exec-managerial, Husband, White, Male, United-States, >50K
46.585247,63683.25,9.701305,77.745964,-4.824237,55.010307, Federal-gov, Some-college, Married-civ-spouse, Farming-fishing, Own-child, White, Male, United-States, <=50K
22.74406,357208.34,10.42119,791.45123,-2.5563536,32.33387, Self-emp-not-inc, Some-college, Divorced, Handlers-cleaners, Unmarried, White, Male, United-States, <=50K
29.002327,261295.53,13.922461,-241.66718,-30.780527,41.26847, Self-emp-not-inc, Bachelors, Divorced, Other-service, Unmarried, White, Male, United-States, >50K
44.90111,139643.53,9.865869,754.3449,16.174162,29.324955, Private, Some-college, Never-married, Sales, Unmarried, White, Male, United-States, <=50K
28.861486,142197.52,6.2480273,378.50238,25.359854,29.284771, Private, HS-grad, Married-spouse-absent, Adm-clerical, Unmarried, White, Female, United-States, <=50K
24.117136,103758.734,10.204334,17161.648,439.88766,32.070145, Private, Some-college, Never-married, Other-service, Own-child, White, Female, United-States, >50K
19.96802,142166.69,5.497445,-232.23065,125.40764,21.594555, Private, HS-grad, Never-married, Sales, Own-child, White, Male, United-States, <=50K
34.034756,364850.4,6.9096394,702.6086,-15.280047,38.11473, Self-emp-inc, HS-grad, Married-civ-spouse, Craft-repair, Husband, White, Male, United-States, <=50K
44.50449,57602.984,9.508562,181.64368,-18.63318,40.86128, Federal-gov, HS-grad, Married-civ-spouse, Craft-repair, Husband, White, Male, United-States, >50K
46.474148,250633.53,8.1865835,-849.9405,154.51637,54.32039, Private, HS-grad, Married-civ-spouse, Transport-moving, Husband, White, Male, United-States, <=50K
13.014842,353573.56,11.284431,1627.5503,6.2394304,33.03219, Private, Assoc-voc, Never-married, Prof-specialty, Other-relative, White, Male, United-States, <=50K
43.120026,182251.38,8.137659,407.29578,-26.12221,51.73882, Private, HS-grad, Married-civ-spouse, Transport-moving, Husband, White, Male, United-States, >50K
56.99561,107687.67,14.844588,-721.6447,-53.664074,32.541695, Private, Bachelors, Divorced, Other-service, Not-in-family, White, Male, United-States, >50K
35.088512,189728.98,9.637084,537.24677,-12.129176,66.731544, Private, Some-college, Never-married, Other-service, Unmarried, White, Male, United-States, <=50K
65.53756,83596.766,9.252028,15852.744,4.4324007,60.750267, Self-emp-inc, HS-grad, Married-civ-spouse, Exec-managerial, Husband, White, Male, United-States, >50K
49.540905,186888.33,11.047814,-24.263126,-36.34933,50.919247, Self-emp-not-inc, Assoc-voc, Divorced, Exec-managerial, Unmarried, White, Male, United-States, <=50K
23.983992,112277.8,9.346122,-571.98004,18.683279,36.17634, Private, HS-grad, Never-married, Adm-clerical, Unmarried, White, Male, United-States, <=50K
29.689388,168364.33,9.531259,875.7631,25.985498,24.456446, Private, Some-college, Married-civ-spouse, Sales, Own-child, White, Male, United-States, <=50K
57.778885,132712.58,11.327423,1750.676,4.9933825,36.8622, Self-emp-inc, Assoc-voc, Married-civ-spouse, Protective-serv, Husband, White, Male, United-States, <=50K
36.780212,292850.9,5.6671953,-75.109566,43.669296,31.19465, Private, HS-grad, Divorced, Craft-repair, Unmarried, White, Male, United-States, <=50K
37.22648,188773.97,11.836608,438.8885,-24.150446,40.685364, Federal-gov, Bachelors, Separated, Tech-support, Unmarried, White, Male, United-States, <=50K
14.970422,70498.04,11.352921,-830.3525,-12.15433,35.558784, Private, Assoc-voc, Never-married, Adm-clerical, Not-in-family, White, Female, United-States, <=50K
18.986368,206162.56,10.270919,995.91473,-6.83945,39.953083, Self-emp-not-inc, Assoc-voc, Never-married, Protective-serv, Unmarried, White, Male, United-States, <=50K
31.309137,327517.97,10.392967,-564.92633,1848.5413,63.176037, Private, Assoc-voc, Separated, Tech-support, Unmarried, White, Male, United-States, <=50K
52.769993,263281.28,10.855757,1195.7288,-16.400576,30.361267, Private, Assoc-voc, Divorced, Handlers-cleaners, Unmarried, White, Female, United-States, <=50K
47.829674,68346.33,9.706625,1323.1171,-52.12855,36.164753, Private, Some-college, Married-civ-spouse, Exec-managerial, Own-child, White, Female, United-States, <=50K
35.68492,146594.9,7.445905,801.4371,14.78539,55.952587, ?, HS-grad, Divorced, Adm-clerical, Unmarried, White, Female, United-States, <=50K
30.883808,148397.94,11.930546,-131.78583,-2.7044249,23.88283, Private, Bachelors, Widowed, Sales, Unmarried, White, Male, United-States, <=50K
54.70248,136590.98,10.785726,379.14624,-6.617236,69.52067, State-gov, Assoc-voc, Married-civ-spouse, Farming-fishing, Husband, White, Male, United-States, <=50K
26.055864,124982.38,9.596541,3721.3354,-13.641284,44.18695, Local-gov, Some-college, Never-married, Other-service, Own-child, White, Female, United-States, >50K
24.014944,111455.414,10.3296995,168.39703,-20.783854,35.178047, Private, Assoc-voc, Never-married, Farming-fishing, Not-in-family, White, Male, United-States, <=50K
29.230074,190775.62,5.140967,198.49469,11.434659,56.180305, State-gov, HS-grad, Divorced, Farming-fishing, Unmarried, White, Female, United-States, <=50K
55.05036,417964.25,11.370812,1371.0635,-27.392206,53.05091, Private, Assoc-voc, Married-civ-spouse, Exec-managerial, Husband, White, Male, United-States, <=50K
31.452364,185491.05,11.903722,-257.75677,14.423825,33.100784, Private, Bachelors, Divorced, Prof-specialty, Not-in-family, White, Female, United-States, <=50K
35.342728,272447.62,11.709377,700.5545,17.466078,27.454788, Local-gov, Assoc-voc, Married-civ-spouse, Adm-clerical, Wife, White, Female, United-States, <=50K
55.075397,100022.73,8.999241,-2219.6016,824.0968,44.603294, Private, HS-grad, Married-civ-spouse, Craft-repair, Husband, White, Male, United-States, <=50K
33.154705,139778.31,9.201457,380.69836,-30.024805,68.717354, Self-emp-inc, HS-grad, Separated, Craft-repair, Unmarried, White, Male, United-States, <=50K
39.1652,228769.11,13.088464,119.74761,-2.1481886,40.37152, Private, Bachelors, Married-civ-spouse, Prof-specialty, Husband, White, Male, United-States, >50K
35.452618,162778.84,10.04542,645.50336,175.84982,29.468243, Private, HS-grad, Divorced, Craft-repair, Unmarried, White, Female, United-States, <=50K
39.115482,337826.78,12.901521,-1164.3425,590.62897,41.837505, Private, Bachelors, Married-civ-spouse, Sales, Husband, White, Male, United-States, >50K
66.98258,223234.03,5.495759,-1684.1592,899.20154,18.586676, Local-gov, HS-grad, Widowed, Other-service, Not-in-family, White, Female, United-States, <=50K
52.715477,308860.6,10.283314,3298.5735,-27.147676,48.14659, Private, Assoc-voc, Married-civ-spouse, Craft-repair, Husband, White, Male, United-States, <=50K
35.780384,360593.8,9.561148,-452.612,-12.923457,51.400204, Private, HS-grad, Married-civ-spouse, Craft-repair, Husband, White, Male, United-States, <=50K
38.880623,152030.64,12.735983,1010.7794,-25.756845,38.593143, Private, Bachelors, Divorced, Craft-repair, Not-in-family, White, Male, United-States, <=50K
35.099003,182441.52,9.993997,306.06378,-2.7292051,40.135303, Private, Assoc-voc, Divorced, Adm-clerical, Unmarried, White, Female, United-States, <=50K
46.271603,221030.52,11.125245,1554.8885,-3.3978605,45.648872, Local-gov, Assoc-voc, Married-civ-spouse, Other-service, Husband, White, Female, United-States, <=50K
19.461954,275958.25,5.5916753,64.34405,20.125662,20.546165, Private, HS-grad, Never-married, Adm-clerical, Not-in-family, White, Male, United-States, <=50K
21.275158,161205.69,11.130284,-84.67634,-33.0758,41.87728, Self-emp-inc, Assoc-voc, Never-married, Prof-specialty, Other-relative, White, Male, United-States, <=50K
47.30183,114329.99,10.141752,905.8605,9.926297,40.966557, Self-emp-not-inc, Some-college, Married-civ-spouse, ?, Wife, White, Female, United-States, <=50K
29.551546,285293.66,8.464516,1083.757,10.132344,55.02964, Self-emp-inc, HS-grad, Divorced, Farming-fishing, Not-in-family, White, Male, United-States, <=50K
49.1834,147085.77,9.707528,-63.42951,-22.470499,47.73915, Self-emp-not-inc, HS-grad, Married-civ-spouse, Exec-managerial, Husband, White, Male, United-States, >50K
24.43318,297215.66,9.139673,-978.87946,119.37529,58.883522, Private, HS-grad, Never-married, Farming-fishing, Other-relative, White, Female, United-States, <=50K
23.502113,228554.12,9.854567,-68.588936,-28.1541,40.88904, Private, Some-college, Married-civ-spouse, Other-service, Husband, White, Male, United-States, <=50K
43.595585,256859.6,10.028629,29858.113,-22.00123,27.955336, Private, HS-grad, Married-civ-spouse, Protective-serv, Own-child, White, Male, United-States, >50K
32.93196,200528.12,13.179125,416.4422,-67.02715,46.68191, Private, Bachelors, Divorced, Prof-specialty, Unmarried, White, Male, United-States, <=50K
22.181341,123153.71,9.134571,432.4815,663.4067,33.146725, Private, HS-grad, Separated, Tech-support, Unmarried, White, Male, United-States, <=50K
14.171958,245821.16,9.643167,241.49414,46.225544,28.380987, Private, HS-grad, Never-married, Machine-op-inspct, Own-child, White, Female, United-States, <=50K
22.723917,95648.65,11.978827,221.7912,13.047421,19.16057, Federal-gov, Assoc-voc, Never-married, Farming-fishing, Own-child, White, Male, United-States, <=50K
17.441196,183746.52,11.871624,466.35992,-5.4052076,20.051817, Private, Assoc-voc, Never-married, Handlers-cleaners, Own-child, White, Female, United-States, <=50K
31.875261,46979.08,10.989888,1520.1625,50.60324,71.981834, Private, Assoc-voc, Married-civ-spouse, Machine-op-inspct, Husband, White, Male, United-States, <=50K
38.648922,239267.69,6.8886275,592.1721,58.28723,37.403732, Local-gov, HS-grad, Never-married, Protective-serv, Unmarried, White, Female, United-States, <=50K
22.420202,285442.88,10.5361395,304.30914,-15.687266,34.131676, Local-gov, Assoc-voc, Never-married, Other-service, Own-child, White, Male, United-States, <=50K
33.18618,121204.82,13.050138,34.910336,-33.072735,45.663174, Federal-gov, Bachelors, Married-civ-spouse, Exec-managerial, Husband, White, Male, United-States, >50K
26.851852,213090.4,11.56131,-176.5661,-18.589518,21.906626, Local-gov, Bachelors, Never-married, Prof-specialty, Not-in-family, White, Male, United-States, <=50K
48.026257,115343.92,14.306943,11652.735,-13.744075,38.189827, State-gov, Bachelors, Married-civ-spouse, Other-service, Husband, White, Male, United-States, >50K
51.59896,193020.69,8.540984,2022.6438,-11.287059,42.3389, Federal-gov, HS-grad, Married-civ-spouse, Transport-moving, Husband, White, Male, United-States, <=50K
30.615559,194021.83,6.2310567,563.868,577.58093,29.278902, Private, HS-grad, Never-married, Sales, Not-in-family, White, Male, United-States, <=50K
20.899967,34628.97,9.3848505,450.87335,-19.858942,55.748974, Self-emp-inc, HS-grad, Divorced, Machine-op-inspct, Not-in-family, White, Male, United-States, <=50K
47.60743,109273.8,10.274838,-365.44403,-43.33392,40.04841, Local-gov, Assoc-voc, Married-civ-spouse, Other-service, Husband, White, Female, United-States, >50K
49.55601,477050.4,10.301867,1187.3744,3.1139345,40.197475, Self-emp-not-inc, Some-college, Divorced, Sales, Husband, White, Male, United-States, <=50K
38.784668,116223.13,9.801903,2545.1555,20.374098,20.05033, Local-gov, Assoc-voc, Married-civ-spouse, Machine-op-inspct, Wife, White, Male, United-States, >50K
26.895727,228651.77,6.9009266,265.47406,39.36888,34.04134, Local-gov, Some-college, Never-married, Other-service, Own-child, White, Female, United-States, <=50K
25.188171,178592.5,9.215136,794.69366,364.93622,35.36689, Private, HS-grad, Married-spouse-absent, Sales, Not-in-family, White, Female, United-States, <=50K
40.578835,234761.12,16.739742,-3110.6174,169.23993,43.212727, Private, Bachelors, Separated, Exec-managerial, Unmarried, White, Male, United-States, >50K
24.567848,344929.9,7.2843723,44.406734,9.83775,40.94084, Private, HS-grad, Never-married, Craft-repair, Not-in-family, White, Male, United-States, <=50K
24.318447,210608.58,11.094023,354.53857,18.971693,26.610592, Private, Assoc-voc, Never-married, Machine-op-inspct, Other-relative, White, Female, United-States, <=50K
35.072475,213439.66,11.962869,109.36974,-23.79381,36.993504, Private, Bachelors, Never-married, Adm-clerical, Unmarried, White, Male, United-States, <=50K
26.772245,255074.88,13.048904,-656.39935,-56.154766,40.852, Private, Bachelors, Never-married, Prof-specialty, Unmarried, White, Female, United-States, <=50K
58.640945,152407.94,13.66983,1723.4895,-31.044962,36.664894, Federal-gov, Bachelors, Married-civ-spouse, Tech-support, Husband, White, Male, United-States, >50K
45.631058,129737.73,11.571027,2260.5347,-9.259646,31.429548, Federal-gov, Bachelors, Widowed, Tech-support, Unmarried, White, Female, United-States, <=50K
48.28076,247445.36,5.0916586,480.57245,2.1434145,40.596127, ?, HS-grad, Widowed, ?, Not-in-family, White, Male, United-States, <=50K
28.153954,151643.72,10.304944,-1177.3569,3.8590212,40.662067, Self-emp-inc, Some-college, Never-married, Other-service, Husband, White, Male, United-States, >50K
20.198801,265132.75,8.353887,2016.1993,-18.285746,44.0622, Private, HS-grad, Married-spouse-absent, Machine-op-inspct, Not-in-family, White, Male, United-States, <=50K
45.990772,393727.06,11.662297,15205.085,1257.8584,42.046646, Federal-gov, Assoc-voc, Married-civ-spouse, Craft-repair, Husband, White, Male, United-States, >50K
25.622349,219335.95,7.2336097,368.4323,125.07386,42.736084, Private, HS-grad, Never-married, Craft-repair, Other-relative, White, Male, United-States, <=50K
28.43606,114962.99,10.726248,908.80365,-3.9007215,53.032497, Local-gov, Assoc-voc, Married-spouse-absent, Adm-clerical, Unmarried, White, Female, United-States, <=50K
40.40897,1669.9381,13.504606,-2244.066,21.697721,38.458126, Private, Bachelors, Separated, Craft-repair, Unmarried, White, Male, United-States, >50K
28.463963,81529.48,7.6136665,291.44263,-8.819362,54.63585, Private, HS-grad, Never-married, Protective-serv, Unmarried, White, Male, United-States, <=50K
47.242287,233462.8,10.007779,401.82257,-18.496264,56.972515, Private, Some-college, Married-civ-spouse, Craft-repair, Husband, White, Male, United-States, <=50K
43.938633,204303.72,12.533433,165.7279,-32.47527,53.400818, Self-emp-inc, Bachelors, Married-civ-spouse, Farming-fishing, Husband, White, Male, United-States, <=50K
44.68672,139804.22,8.646334,-214.76666,211.98227,23.490028, Private, HS-grad, Never-married, Protective-serv, Other-relative, White, Male, United-States, <=50K
43.26828,165078.47,10.489248,41429.49,-20.5935,44.736782, Federal-gov, HS-grad, Married-civ-spouse, Craft-repair, Husband, White, Male, United-States, >50K
33.596752,352383.66,8.750417,421.338,17.925573,34.641933, Private, HS-grad, Separated, Sales, Unmarried, White, Female, United-States, <=50K
57.688877,289632.4,4.855106,1134.4603,28.048243,29.260147, State-gov, HS-grad, Divorced, Sales, Unmarried, White, Female, United-States, <=50K
45.935505,112270.46,10.184902,-580.43365,-17.075235,57.609413, Self-emp-inc, Some-college, Married-civ-spouse, Farming-fishing, Husband, White, Male, United-States, >50K
43.822918,146420.62,8.0367775,-352.4372,846.4183,53.78436, Private, HS-grad, Divorced, Craft-repair, Unmarried, White, Male, United-States, <=50K
36.528225,249574.08,17.545248,-130.48761,-25.314493,54.84396, State-gov, Bachelors, Married-civ-spouse, ?, Husband, White, Male, United-States, >50K
42.514217,179636.06,10.1848955,-1937.5112,-38.84701,49.592087, Private, Assoc-voc, Married-civ-spouse, Tech-support, Husband, White, Male, United-States, <=50K
53.985336,185068.27,10.057976,-1722.4983,1202.1234,41.287525, Private, Assoc-voc, Divorced, Exec-managerial, Wife, White, Female, United-States, >50K
36.796562,259054.02,10.547645,276.84277,-12.882625,39.459885, State-gov, Assoc-voc, Divorced, Adm-clerical, Unmarried, White, Female, United-States, <=50K
18.952984,109269.17,6.629008,315.16852,-18.716784,38.248806, Private, HS-grad, Never-married, Craft-repair, Own-child, White, Male, United-States, <=50K
48.69019,119244.81,10.761495,2894.091,-38.703915,38.80495, Federal-gov, Assoc-voc, Married-civ-spouse, Craft-repair, Husband, White, Male, United-States, <=50K
45.1163,151630.92,13.701865,1558.8683,-16.35148,53.032433, Private, Bachelors, Married-spouse-absent, Other-service, Not-in-family, White, Female, United-States, >50K
76.379555,113329.44,7.4412494,3445.7866,368.14816,37.42293, Private, HS-grad, Married-civ-spouse, Exec-managerial, Husband, White, Male, United-States, >50K
27.537357,216594.92,11.398181,-488.97235,201.46178,31.491611, Private, Assoc-voc, Never-married, Machine-op-inspct, Not-in-family, White, Male, United-States, <=50K
59.73753,190362.97,7.0429606,849.8667,-8.036204,43.230114, Private, HS-grad, Married-civ-spouse, Craft-repair, Husband, White, Male, United-States, <=50K
24.20589,202845.83,8.772055,274.03668,-3.4649305,40.755215, Self-emp-inc, HS-grad, Never-married, Machine-op-inspct, Unmarried, White, Male, United-States, <=50K
31.010689,149927.47,11.447017,294.16138,-39.617405,31.367874, Private, Assoc-voc, Never-married, Farming-fishing, Own-child, White, Male, United-States, <=50K
62.406345,324806.06,12.154797,1064.0343,61.50933,20.952578, Private, Bachelors, Widowed, Prof-specialty, Not-in-family, White, Female, United-States, <=50K
45.408207,271436.22,5.5732474,1203.1897,2.6567888,52.694427, Private, HS-grad, Divorced, Machine-op-inspct, Unmarried, White, Female, United-States, <=50K
30.731852,137547.08,10.819615,-20.586002,20.90537,37.011963, Private, Assoc-voc, Married-civ-spouse, Handlers-cleaners, Husband, White, Male, United-States, <=50K
56.991768,175227.62,8.065768,4262.263,10.354001,43.977997, Federal-gov, HS-grad, Married-civ-spouse, Tech-support, Husband, White, Male, United-States, >50K
36.27935,169955.58,10.066386,-1598.7749,-14.902217,46.09958, Private, Some-college, Married-civ-spouse, Prof-specialty, Husband, White, Male, United-States, >50K
30.254051,150109.78,10.074645,616.69434,2.8784075,42.091866, Private, Some-college, Never-married, Exec-managerial, Not-in-family, White, Male, United-States, <=50K
26.588936,151509.83,10.224838,478.85162,559.81744,58.217484, Private, Some-college, Married-spouse-absent, Tech-support, Not-in-family, White, Female, United-States, <=50K
30.674131,162253.19,8.514507,-1105.6025,-3.3566236,31.561182, State-gov, HS-grad, Married-civ-spouse, Other-service, Husband, White, Male, United-States, <=50K
21.35349,160869.36,11.578667,-85.51618,158.56601,53.324608, Private, Assoc-voc, Never-married, Sales, Unmarried, White, Male, United-States, <=50K
50.40729,96521.68,12.899025,1210.099,971.0272,46.24377, Private, Bachelors, Divorced, Adm-clerical, Unmarried, White, Male, United-States, <=50K
39.95349,241081.2,9.087637,1668.4136,-46.06341,30.938784, Local-gov, HS-grad, Separated, Exec-managerial, Own-child, White, Female, United-States, <=50K
40.149426,223765.89,13.167774,-967.3964,1188.938,51.36623, Private, Bachelors, Married-civ-spouse, Exec-managerial, Husband, White, Male, United-States, <=50K
31.94216,198942.44,14.636175,-2172.8645,1273.9917,44.58621, Private, Bachelors, Married-civ-spouse, Other-service, Husband, White, Male, United-States, >50K
61.759865,130465.18,9.654699,1128.6332,6.5384035,55.823963, Private, HS-grad, Widowed, Machine-op-inspct, Not-in-family, White, Female, United-States, <=50K
26.840954,293459.16,11.658614,-390.62848,-3.0118208,46.632816, Private, Assoc-voc, Married-spouse-absent, Transport-moving, Not-in-family, White, Male, United-States, <=50K
32.254303,109379.164,10.035985,899.7893,-44.235943,40.01897, Local-gov, Some-college, Never-married, Exec-managerial, Unmarried, White, Female, United-States, <=50K
43.691494,373123.78,9.153369,-45.85358,-25.735193,22.810131, Private, HS-grad, Divorced, Other-service, Husband, White, Male, United-States, <=50K
45.94186,138344.27,14.991543,-2080.379,650.43713,43.474216, Private, Bachelors, Married-civ-spouse, Other-service, Husband, White, Male, United-States, <=50K
34.579338,181297.97,12.094313,-226.7359,-22.161203,37.387783, Private, Bachelors, Married-spouse-absent, Craft-repair, Not-in-family, White, Male, United-States, <=50K
20.524244,324503.72,9.1736,306.4347,206.09279,24.685087, Private, HS-grad, Never-married, Protective-serv, Unmarried, White, Male, United-States, <=50K
49.58514,174261.1,10.708484,675.63556,-24.670443,42.807327, Local-gov, Assoc-voc, Divorced, Other-service, Not-in-family, White, Female, United-States, <=50K
29.016031,174143.39,6.1841116,768.405,20.217588,29.038563, Private, HS-grad, Never-married, Sales, Unmarried, White, Female, United-States, <=50K
39.446953,61493.797,10.73891,281.21857,0.84460175,52.109703, State-gov, Assoc-voc, Never-married, Prof-specialty, Not-in-family, White, Male, United-States, <=50K
46.38974,160162.2,10.295944,1267.4135,3.9771547,58.37003, ?, Some-college, Married-civ-spouse, Adm-clerical, Husband, White, Male, United-States, <=50K
40.514977,363151.75,10.410302,64.883354,-50.151638,40.527126, Private, Assoc-voc, Divorced, Other-service, Not-in-family, White, Male, United-States, <=50K
33.925194,141214.84,10.012668,230.55371,-26.225595,33.40321, Local-gov, HS-grad, Divorced, Other-service, Unmarried, White, Male, United-States, <=50K
59.803425,103635.15,11.4345,11671.758,13.755483,39.10811, Federal-gov, Assoc-voc, Married-civ-spouse, Farming-fishing, Husband, White, Male, United-States, >50K
49.4685,176488.02,5.828429,195.42303,-22.980097,52.55458, Self-emp-inc, HS-grad, Divorced, Other-service, Husband, White, Male, United-States, <=50K
42.587746,190525.4,8.253901,740.81525,-6.035716,59.213165, Local-gov, HS-grad, Separated, Machine-op-inspct, Husband, White, Male, United-States, <=50K
34.896343,229873.92,4.885788,473.1537,4.839505,36.38294, Private, HS-grad, Separated, Adm-clerical, Unmarried, White, Female, United-States, <=50K
27.026257,281444.62,5.942799,795.67145,15.085248,47.41863, Private, HS-grad, Never-married, Farming-fishing, Unmarried, White, Female, United-States, <=50K
42.923286,195580.86,15.014664,-552.2309,-4.5068007,45.118965, Self-emp-inc, Bachelors, Married-civ-spouse, Sales, Husband, White, Male, United-States, >50K
30.937584,346031.47,13.294729,1294.7181,823.28674,44.55594, Private, Bachelors, Divorced, Prof-specialty, Not-in-family, White, Male, United-States, <=50K
48.013283,225356.6,9.08783,4070.9478,-21.82538,41.225517, Federal-gov, HS-grad, Married-civ-spouse, Craft-repair, Husband, White, Male, United-States, <=50K
52.495743,159258.58,13.915467,17210.652,50.13618,67.066, Private, Bachelors, Married-civ-spouse, Sales, Husband, White, Male, United-States, >50K
48.270035,185648.47,10.469612,184.11908,-16.70859,29.622883, Private, Some-college, Married-civ-spouse, Prof-specialty, Husband, White, Male, United-States, <=50K
14.978896,169624.47,10.997246,785.4081,-39.325024,31.00989, State-gov, Assoc-voc, Never-married, ?, Own-child, White, Female, United-States, <=50K
15.569629,95924.48,9.804443,213.56647,-30.68233,51.743015, Private, HS-grad, Separated, Machine-op-inspct, Own-child, White, Male, United-States, <=50K
27.445658,223388.02,9.225343,445.3777,-20.406374,28.264118, Private, HS-grad, Never-married, Exec-managerial, Not-in-family, White, Male, United-States, <=50K
28.274132,285977.6,9.849569,162.98785,-1.9918698,57.54034, Private, Some-college, Married-spouse-absent, Adm-clerical, Unmarried, White, Male, United-States, <=50K
85.00761,97958.945,5.3828373,-2143.0635,290.75235,41.13173, Private, HS-grad, Widowed, Other-service, Unmarried, White, Male, United-States, <=50K
23.554108,152854.55,7.6976347,171.81903,2.2605028,34.91369, Private, HS-grad, Married-spouse-absent, Farming-fishing, Unmarried, White, Female, United-States, <=50K
26.231266,121573.04,6.1578946,-1053.6636,-50.74557,75.60783, State-gov, HS-grad, Married-civ-spouse, Other-service, Husband, White, Male, United-States, <=50K
29.087189,320934.06,9.883024,20.371151,2.0290804,38.76382, Federal-gov, Assoc-voc, Married-spouse-absent, Craft-repair, Not-in-family, White, Male, United-States, <=50K
21.192583,342234.84,10.31871,42.81689,1.5918247,41.263, Federal-gov, Some-college, Never-married, Craft-repair, Own-child, White, Male, United-States, <=50K
39.463234,7216.8755,15.182609,-1516.9539,-40.146152,51.752266, Private, Bachelors, Divorced, Prof-specialty, Not-in-family, White, Male, United-States, >50K
21.896894,71188.125,10.2380295,77.75921,-3.5808134,51.11229, Private, Some-college, Never-married, Adm-clerical, Other-relative, White, Male, United-States, <=50K
32.19432,96293.39,12.172892,348.66864,-24.017511,58.98468, Local-gov, Bachelors, Never-married, Exec-managerial, Not-in-family, White, Male, United-States, <=50K
46.372536,291844.03,9.994409,1074.0314,-31.551508,48.83766, State-gov, Some-college, Married-civ-spouse, Exec-managerial, Husband, White, Male, United-States, <=50K
40.49033,84743.21,10.064447,-194.11066,-44.468533,37.03806, Private, Some-college, Married-civ-spouse, Tech-support, Wife, White, Female, United-States, <=50K
20.481544,193483.4,10.350771,1209.3258,-2.9902525,49.313587, State-gov, Assoc-voc, Married-civ-spouse, Other-service, Husband, White, Male, United-States, >50K
52.538742,158277.86,10.046565,-815.3841,682.06287,43.941387, Private, Some-college, Married-civ-spouse, Sales, Husband, White, Male, United-States, <=50K
39.65516,153661.66,11.264712,2302.9695,-20.967455,23.559977, Private, Assoc-voc, Married-civ-spouse, Sales, Husband, White, Male, United-States, <=50K
26.420113,131058.195,15.489523,245.97772,38.361282,32.60631, Local-gov, Bachelors, Never-married, Prof-specialty, Own-child, White, Female, United-States, <=50K
17.22972,284845.12,12.359211,1152.3912,-21.612368,30.862343, ?, Bachelors, Never-married, Machine-op-inspct, Own-child, White, Female, United-States, <=50K
35.645535,115917.98,10.254519,617.0564,37.33149,13.918154, ?, Some-college, Never-married, ?, Own-child, White, Female, United-States, <=50K
22.861845,228412.34,11.100543,-260.08722,-4.8084593,35.78447, Private, Assoc-voc, Never-married, Tech-support, Not-in-family, White, Male, United-States, <=50K
26.758442,242375.77,9.776925,525.29846,-31.39754,40.523846, Local-gov, HS-grad, Never-married, Protective-serv, Other-relative, White, Male, United-States, <=50K
28.91215,94913.43,7.3355203,1610.4579,26.414385,38.751316, Local-gov, HS-grad, Never-married, Other-service, Unmarried, White, Male, United-States, <=50K
58.233803,81783.34,12.233578,2524.1746,21.358831,50.607803, Private, Assoc-voc, Married-civ-spouse, Adm-clerical, Wife, White, Female, United-States, >50K
45.329456,112434.836,10.851272,2619.9995,-30.625452,54.381138, Private, Assoc-voc, Married-civ-spouse, Farming-fishing, Husband, White, Male, United-States, <=50K
26.54339,363920.84,13.189616,-237.9649,-31.77102,50.183483, Private, Bachelors, Separated, Prof-specialty, Unmarried, White, Female, United-States, <=50K
16.71521,199048.92,12.12282,458.1499,9.2571,21.485388, Local-gov, Bachelors, Never-married, Adm-clerical, Other-relative, White, Male, United-States, <=50K
35.474316,123646.77,12.551789,-683.1136,-14.424457,37.58282, Federal-gov, Bachelors, Married-civ-spouse, Other-service, Husband, White, Male, United-States, >50K
34.251118,100274.91,6.759404,534.3822,25.940763,55.676777, Private, HS-grad, Never-married, Adm-clerical, Other-relative, White, Female, United-States, <=50K
38.936634,84130.65,11.781449,609.3777,-42.416134,65.04139, Private, Assoc-voc, Married-civ-spouse, Prof-specialty, Husband, White, Male, United-States, >50K
38.867935,206699.92,10.349223,12956.649,377.8313,48.03178, Private, Some-college, Married-civ-spouse, Tech-support, Husband, White, Male, United-States, >50K
41.07761,108745.89,13.491463,6944.197,-2.1149778,51.7073, Self-emp-inc, Bachelors, Married-civ-spouse, Sales, Husband, White, Male, United-States, >50K
20.258015,235863.19,9.9014845,61.521175,-3.0121489,35.581882, Private, Some-college, Never-married, Other-service, Unmarried, White, Female, United-States, <=50K
16.848475,234107.05,10.7974825,212.00873,2.4358187,44.821674, Private, Assoc-voc, Never-married, Sales, Own-child, White, Female, United-States, <=50K
52.54135,356337.3,9.51667,2937.459,5.415509,40.615883, Federal-gov, HS-grad, Married-civ-spouse, Handlers-cleaners, Husband, White, Male, United-States, <=50K
67.51428,210374.36,11.6357765,605.33325,-10.65166,42.7637, Federal-gov, Bachelors, Widowed, Adm-clerical, Not-in-family, White, Female, United-States, <=50K
35.83457,271082.28,9.207907,228.62646,-4.519656,17.214176, Private, HS-grad, Never-married, Other-service, Not-in-family, White, Female, United-States, <=50K
41.420513,139076.67,9.1008415,2504.0142,-6.430606,41.41052, Federal-gov, HS-grad, Married-civ-spouse, Transport-moving, Husband, White, Male, United-States, <=50K
31.02372,156195.56,10.405207,506.08862,-9.205531,43.500122, Self-emp-not-inc, Assoc-voc, Married-civ-spouse, Sales, Husband, White, Male, United-States, <=50K
25.984417,428640.62,10.356706,1218.0503,14.154546,67.61271, Local-gov, Some-college, Married-spouse-absent, Prof-specialty, Not-in-family, White, Female, United-States, <=50K
25.303064,145418.61,9.877141,750.97864,-2.6472654,48.908344, Local-gov, Some-college, Never-married, Other-service, Unmarried, White, Male, United-States, <=50K
52.543625,191240.69,8.567036,121.230644,-26.191324,37.872498, Private, HS-grad, Married-spouse-absent, Machine-op-inspct, Not-in-family, White, Male, United-States, <=50K
27.394588,423364.7,9.267617,361.2434,-22.512354,44.66381, Self-emp-not-inc, HS-grad, Never-married, Craft-repair, Not-in-family, White, Male, United-States, <=50K
39.704082,38280.97,14.248705,470.48297,-20.259706,41.912178, Federal-gov, Bachelors, Married-civ-spouse, Other-service, Husband, White, Male, United-States, <=50K
34.655136,172490.34,7.9215884,-390.73907,35.1676,49.68781, Private, HS-grad, Married-spouse-absent, Adm-clerical, Not-in-family, White, Male, United-States, <=50K
59.28105,381034.34,13.470287,2521.771,1632.3582,30.791597, Self-emp-not-inc, Bachelors, Married-civ-spouse, Protective-serv, Husband, White, Male, United-States, >50K
29.015892,390179.44,11.368518,342.27808,-61.56869,53.21467, Private, Assoc-voc, Married-civ-spouse, Exec-managerial, Own-child, White, Female, United-States, <=50K
42.06424,531461.94,9.707663,-915.54706,11.123952,39.543224, Private, Some-college, Married-civ-spouse, Farming-fishing, Husband, White, Male, United-States, <=50K
18.16412,187050.94,8.692852,-365.29364,-42.218716,37.346897, Private, HS-grad, Never-married, Other-service, Unmarried, White, Female, United-States, <=50K
40.008583,192079.39,7.717122,179.59192,-7.9016676,42.166782, Private, HS-grad, Divorced, Craft-repair, Not-in-family, White, Male, United-States, <=50K
35.57136,158005.95,9.805645,-918.70087,274.85654,35.52612, Private, Some-college, Separated, Farming-fishing, Unmarried, White, Male, United-States, <=50K
68.62863,30083.656,10.079307,-1080.5312,33.26037,29.278038, Private, Some-college, Married-civ-spouse, Exec-managerial, Wife, White, Female, United-States, >50K
19.4228,194551.56,9.944971,359.38306,-17.401018,52.96674, Private, HS-grad, Never-married, Farming-fishing, Not-in-family, White, Male, United-States, <=50K
31.618603,133186.05,10.088507,-130.0882,-28.412806,17.271032, Private, Some-college, Separated, Farming-fishing, Own-child, White, Female, United-States, <=50K
37.60943,305699.22,10.534159,419.60132,772.2127,37.500896, Private, Assoc-voc, Divorced, Protective-serv, Unmarried, White, Female, United-States, <=50K
35.90543,36353.812,9.441525,362.9975,-6.0586576,40.916504, State-gov, HS-grad, Married-civ-spouse, Protective-serv, Husband, White, Male, United-States, <=50K
77.04103,156773.62,6.1935472,4610.4507,209.74007,27.588968, Private, HS-grad, Married-civ-spouse, Transport-moving, Husband, White, Male, United-States, <=50K
44.18954,164898.0,8.033803,744.04504,-8.429683,49.648388, Self-emp-inc, HS-grad, Divorced, Adm-clerical, Not-in-family, White, Female, United-States, <=50K
45.41589,131944.86,7.5336504,2575.2173,111.81429,26.669922, Private, Some-college, Separated, Craft-repair, Husband, White, Male, United-States, >50K
29.120909,233934.6,12.981368,224.42609,-18.954508,52.52128, Private, Bachelors, Never-married, Sales, Own-child, White, Male, United-States, <=50K
38.17588,-1132.9369,10.146542,207.14178,-0.6416806,40.795506, Federal-gov, Some-college, Never-married, Craft-repair, Other-relative, White, Male, United-States, <=50K
51.401466,223054.89,5.289314,1762.6371,10.661977,38.45713, ?, HS-grad, Widowed, ?, Unmarried, White, Male, United-States, <=50K
40.27685,140296.72,6.870345,162.59088,-34.03104,40.12346, Private, HS-grad, Married-spouse-absent, Sales, Not-in-family, White, Male, United-States, <=50K
31.046946,131655.11,11.110246,637.3942,-35.283802,51.071716, Private, Assoc-voc, Married-civ-spouse, Exec-managerial, Husband, White, Male, United-States, <=50K
32.648605,332367.28,1.5559149,1285.8215,-14.006297,75.57721, Private, HS-grad, Married-civ-spouse, Transport-moving, Husband, White, Male, United-States, <=50K
24.299953,206309.95,11.798344,617.1287,-38.11858,51.348167, Self-emp-inc, Assoc-voc, Never-married, Machine-op-inspct, Own-child, White, Male, United-States, <=50K
42.352505,191285.94,9.391952,-578.97125,579.3722,41.545338, State-gov, HS-grad, Married-civ-spouse, Exec-managerial, Husband, White, Male, United-States, >50K
57.957478,164842.58,15.783479,6647.121,139.9109,44.816654, Private, Bachelors, Married-civ-spouse, Exec-managerial, Husband, White, Male, United-States, >50K
51.297043,341933.88,8.548454,109.69396,24.113691,31.29127, Private, HS-grad, Divorced, Other-service, Not-in-family, White, Male, United-States, <=50K
29.677418,158264.73,10.166685,389.7942,60.546547,6.486124, Private, Some-college, Never-married, Prof-specialty, Own-child, White, Female, United-States, <=50K
37.286057,117098.37,10.437113,142.07306,-17.372362,55.168663, Federal-gov, Assoc-voc, Married-civ-spouse, Tech-support, Unmarried, White, Male, United-States, <=50K
14.76946,41894.42,10.405582,479.59747,49.04108,33.5324, State-gov, Some-college, Never-married, Adm-clerical, Own-child, White, Male, United-States, <=50K
25.951336,289495.44,12.439468,-108.46809,-21.091486,35.2134, Private, Bachelors, Married-civ-spouse, Handlers-cleaners, Own-child, White, Male, United-States, <=50K
16.056116,127790.664,11.219338,196.22742,-22.305025,27.632862, Local-gov, Assoc-voc, Never-married, ?, Unmarried, White, Male, United-States, <=50K
32.293674,87220.375,9.999405,523.5948,9.827031,41.743572, Private, Some-college, Never-married, Sales, Unmarried, White, Male, United-States, <=50K
58.720043,342345.1,12.754373,-1633.596,790.91,45.45022, Private, Bachelors, Married-civ-spouse, Other-service, Husband, White, Male, United-States, <=50K
35.800606,388883.97,8.9983835,627.65106,0.16263305,41.145515, Local-gov, HS-grad, Divorced, Exec-managerial, Not-in-family, White, Female, United-States, <=50K
55.835804,231370.14,9.530429,-313.9118,30.983027,38.147907, State-gov, HS-grad, Married-civ-spouse, Farming-fishing, Husband, White, Male, United-States, <=50K
25.772675,244210.89,10.075188,1324.6494,-29.861788,30.680338, Private, HS-grad, Never-married, Tech-support, Not-in-family, White, Female, United-States, >50K
33.891308,387767.8,12.926271,584.10535,-30.17853,62.3972, Private, Bachelors, Widowed, Tech-support, Unmarried, White, Male, United-States, >50K
50.001553,248980.19,8.629228,2447.482,-52.58993,64.038994, Private, HS-grad, Widowed, Other-service, Unmarried, White, Male, United-States, <=50K
28.429382,297496.9,10.857167,388.22815,-33.718365,66.73123, Local-gov, Assoc-voc, Never-married, Prof-specialty, Unmarried, White, Male, United-States, <=50K
42.16651,111823.99,9.374741,-256.78204,20.648108,33.321415, Private, HS-grad, Never-married, Adm-clerical, Unmarried, White, Female, United-States, <=50K
58.254498,86734.15,8.884617,-2471.8079,-13.735148,33.030514, Private, HS-grad, Married-civ-spouse, Craft-repair, Husband, White, Male, United-States, >50K
33.35161,165783.72,8.763479,2229.6096,32.693733,42.30132, State-gov, HS-grad, Separated, Transport-moving, Unmarried, White, Male, United-States, >50K
48.51926,422510.38,11.41503,108.91564,-26.240229,30.628685, Federal-gov, Assoc-voc, Divorced, Farming-fishing, Husband, White, Male, United-States, <=50K
30.467281,78176.4,10.535669,-335.50336,1279.5603,33.600082, Private, Assoc-voc, Divorced, Other-service, Unmarried, White, Male, United-States, <=50K
15.916102,122223.55,5.7041836,1356.593,11.507115,31.320332, Private, HS-grad, Never-married, ?, Other-relative, White, Female, United-States, <=50K
20.857748,116899.18,10.317894,-460.398,28.754248,35.07474, Private, Some-college, Married-civ-spouse, Craft-repair, Husband, White, Male, United-States, >50K
19.008707,135548.36,10.011889,-258.14008,-28.033754,38.175564, Private, Some-college, Never-married, Machine-op-inspct, Not-in-family, White, Male, United-States, <=50K
26.821001,94964.42,9.964846,519.27155,-14.764163,56.79931, Private, Some-college, Married-civ-spouse, Farming-fishing, Husband, White, Male, United-States, <=50K
41.431282,146392.83,10.007341,629.8844,83.232086,32.231724, Private, Some-college, Married-civ-spouse, Prof-specialty, Husband, White, Male, United-States, <=50K
71.49492,180928.11,10.098924,18820.666,50.40034,35.524174, Private, Some-college, Married-civ-spouse, Adm-clerical, Husband, White, Male, United-States, >50K
48.769314,439332.72,12.655753,623.6129,-23.876833,39.528175, Self-emp-inc, Bachelors, Divorced, Prof-specialty, Husband, White, Male, United-States, <=50K
38.71896,201940.94,10.593297,-177.99493,-13.18706,33.490273, Private, Assoc-voc, Married-civ-spouse, Transport-moving, Husband, White, Male, United-States, <=50K
43.367035,111837.336,11.883863,1164.8033,-10.332622,33.906536, State-gov, Bachelors, Widowed, Exec-managerial, Not-in-family, White, Male, United-States, <=50K
63.42404,223569.14,9.996761,-47.343693,59.593174,38.947628, Local-gov, Assoc-voc, Widowed, Machine-op-inspct, Unmarried, White, Female, United-States, <=50K
24.447083,117165.05,9.935695,144.93005,-28.202288,44.86328, Private, Some-college, Never-married, Farming-fishing, Unmarried, White, Female, United-States, <=50K
21.786146,99823.71,9.828618,402.37775,47.677143,45.276787, Private, Some-college, Married-spouse-absent, Exec-managerial, Not-in-family, White, Male, United-States, <=50K
36.40443,309792.16,12.58482,173.03064,7.154256,27.756378, Private, Bachelors, Married-civ-spouse, Protective-serv, Husband, White, Male, United-States, <=50K
17.978764,229379.06,9.327965,1128.5844,-7.804118,34.364216, Private, HS-grad, Married-spouse-absent, Tech-support, Unmarried, White, Female, United-States, <=50K
49.09109,200953.55,13.449269,1806.7278,-49.623592,41.39966, Federal-gov, Bachelors, Divorced, Prof-specialty, Not-in-family, White, Male, United-States, <=50K
31.862011,98003.29,12.49659,8577.041,-22.385744,54.98171, Private, Bachelors, Married-civ-spouse, Farming-fishing, Husband, White, Male, United-States, >50K
32.278362,173153.27,10.830458,2193.2727,-33.87119,51.10995, Private, Assoc-voc, Married-civ-spouse, Other-service, Unmarried, White, Male, United-States, >50K
46.68164,215265.38,10.162835,473.6906,-1.137637,40.905766, State-gov, Some-college, Married-civ-spouse, Protective-serv, Husband, White, Male, United-States, <=50K
60.56332,94628.22,12.46909,-1002.6191,-17.821947,60.545654, State-gov, Bachelors, Married-civ-spouse, Prof-specialty, Wife, White, Female, United-States, <=50K
72.24378,258587.8,8.899968,-645.5026,-5.9614363,39.059208, Private, HS-grad, Divorced, Other-service, Unmarried, White, Female, United-States, <=50K
38.126087,223525.56,12.694651,15315.475,-0.92112243,50.28187, Self-emp-inc, Bachelors, Married-civ-spouse, Prof-specialty, Husband, White, Male, United-States, >50K
22.956154,207113.0,9.385733,1551.2439,-37.535465,33.285072, Federal-gov, HS-grad, Married-civ-spouse, Transport-moving, Own-child, White, Male, United-States, <=50K
42.2551,108624.84,11.184114,197.73352,-35.04807,57.986824, Private, Assoc-voc, Married-spouse-absent, Handlers-cleaners, Not-in-family, White, Male, United-States, <=50K
33.728252,418269.9,6.556483,-737.0533,29.847982,36.356247, Private, HS-grad, Married-civ-spouse, Other-service, Husband, White, Male, United-States, <=50K
42.494144,330823.34,10.482442,663.1714,8.007878,48.08396, Federal-gov, Some-college, Married-civ-spouse, Farming-fishing, Husband, White, Male, United-States, <=50K
35.558483,213904.73,6.3912463,8524.672,54.404003,39.324036, Private, HS-grad, Divorced, Other-service, Unmarried, White, Female, United-States, >50K
22.848433,193203.67,13.085815,2682.8079,-6.4750624,47.17284, Private, Bachelors, Never-married, Tech-support, Not-in-family, White, Male, United-States, <=50K
23.231981,73633.62,10.150234,-1393.9905,659.65283,33.963524, State-gov, Some-college, Never-married, Prof-specialty, Husband, White, Male, United-States, <=50K
41.611336,161341.38,10.767041,992.13446,-12.005588,18.012606, Federal-gov, Assoc-voc, Married-civ-spouse, Farming-fishing, Husband, White, Male, United-States, >50K
44.157883,248026.14,10.930171,1021.7883,-31.360224,45.42946, ?, Assoc-voc, Divorced, Exec-managerial, Husband, White, Male, United-States, <=50K
26.264133,69962.414,9.002323,160.59027,-30.061861,32.949448, State-gov, HS-grad, Never-married, Other-service, Own-child, White, Female, United-States, <=50K
20.424314,312281.44,7.235593,190.77527,24.55396,34.81605, Local-gov, HS-grad, Never-married, Protective-serv, Other-relative, White, Male, United-States, <=50K
35.713543,215832.45,13.545874,7578.974,-0.96580017,54.989235, Local-gov, Bachelors, Married-civ-spouse, Exec-managerial, Husband, White, Male, United-States, >50K
19.620169,139487.8,10.1041,-573.2447,435.66342,43.912918, State-gov, Some-college, Married-civ-spouse, Craft-repair, Own-child, White, Male, United-States, <=50K
27.378094,105530.41,5.965286,64.81097,41.949646,16.50675, Private, HS-grad, Married-spouse-absent, Adm-clerical, Unmarried, White, Female, United-States, <=50K
22.591671,257238.03,9.270289,1719.9318,-5.4960356,52.96099, Self-emp-not-inc, HS-grad, Never-married, Farming-fishing, Own-child, White, Male, United-States, >50K
20.458416,115472.11,3.7626033,60.403683,-2.8650007,40.52503, Local-gov, HS-grad, Never-married, Protective-serv, Other-relative, White, Male, United-States, <=50K
29.449343,216424.23,11.252483,1138.2473,-10.383685,51.020844, Local-gov, Assoc-voc, Never-married, Prof-specialty, Not-in-family, White, Female, United-States, <=50K
41.79234,265553.03,9.271746,-878.9725,-3.1156874,40.11971, Self-emp-inc, HS-grad, Married-civ-spouse, Other-service, Husband, White, Male, United-States, >50K
32.919216,179370.98,9.746386,82.995964,8.171552,16.167051, Private, Some-college, Separated, Sales, Own-child, White, Male, United-States, <=50K
28.110874,80211.05,10.1280365,529.4986,23.520296,47.320576, Self-emp-inc, Some-college, Married-civ-spouse, Protective-serv, Own-child, White, Male, United-States, <=50K
39.072678,159081.06,9.910282,1065.3706,8.983029,16.515656, Local-gov, Some-college, Married-civ-spouse, Exec-managerial, Own-child, White, Male, United-States, <=50K
36.692287,66662.96,8.654676,-487.53668,264.85965,50.504177, Private, HS-grad, Divorced, Craft-repair, Unmarried, White, Male, United-States, <=50K
27.631823,252916.88,12.840812,-1749.5037,24.498331,31.296577, State-gov, Bachelors, Never-married, Prof-specialty, Own-child, White, Male, United-States, >50K
27.352978,218018.97,9.190669,-185.6424,-18.59546,43.410213, Private, Some-college, Married-spouse-absent, Other-service, Not-in-family, White, Female, United-States, <=50K
44.75163,298438.22,8.680351,-5.92902,818.95245,44.38322, Private, HS-grad, Married-civ-spouse, Other-service, Husband, White, Male, United-States, <=50K
23.801844,153604.58,9.422625,64.968315,-11.594592,37.69217, Private, HS-grad, Married-civ-spouse, Exec-managerial, Wife, White, Female, United-States, <=50K
17.333485,203976.14,9.388605,1310.6046,818.5442,31.315754, Private, HS-grad, Never-married, Sales, Unmarried, White, Female, United-States, <=50K
19.732063,222805.39,5.973265,492.1648,-13.152995,34.529205, Private, HS-grad, Never-married, Farming-fishing, Other-relative, White, Male, United-States, <=50K
29.192242,211828.05,10.056294,1338.3984,65.36176,45.348476, Private, HS-grad, Separated, Sales, Unmarried, White, Male, United-States, <=50K
37.590584,345153.88,11.826925,100.09551,-44.52989,43.459965, Federal-gov, Assoc-voc, Divorced, Farming-fishing, Unmarried, White, Male, United-States, <=50K
22.11088,277775.16,11.183541,1182.7773,48.534733,27.721409, Private, Assoc-voc, Never-married, Adm-clerical, Other-relative, White, Male, United-States, <=50K
66.46006,175246.8,15.0764065,-1188.0217,0.34441864,54.289116, Federal-gov, Bachelors, Widowed, Prof-specialty, Unmarried, White, Male, United-States, >50K
40.64738,373543.94,12.289232,-374.69183,-9.437961,43.75846, Private, Bachelors, Never-married, Protective-serv, Unmarried, White, Female, United-States, <=50K
44.28788,98515.78,9.480084,186.83563,-17.44707,40.791615, Private, HS-grad, Divorced, Craft-repair, Not-in-family, White, Male, United-States, <=50K
52.390095,276022.53,13.71083,454.68494,-24.205706,28.266983, Private, Bachelors, Widowed, Exec-managerial, Not-in-family, White, Female, United-States, <=50K
25.544659,234153.08,8.238637,-8.998356,-15.79256,34.33338, Private, HS-grad, Separated, Handlers-cleaners, Own-child, White, Male, United-States, <=50K
30.252728,133236.72,10.718167,725.7882,-3.0478163,57.6396, Private, Assoc-voc, Never-married, Adm-clerical, Not-in-family, White, Female, United-States, <=50K
67.64018,213566.89,8.559621,3095.7427,1.9215366,62.863785, Self-emp-not-inc, HS-grad, Married-civ-spouse, Protective-serv, Husband, White, Male, United-States, <=50K
32.169945,137786.73,9.447283,358.00586,985.26355,55.483295, Private, HS-grad, Divorced, Craft-repair, Unmarried, White, Male, United-States, <=50K
17.154896,136831.14,8.064171,-655.2872,32.780773,36.46615, Private, HS-grad, Never-married, Adm-clerical, Not-in-family, White, Female, United-States, <=50K
27.851252,215157.7,7.9214845,-1476.9648,955.87726,20.97791, Federal-gov, HS-grad, Married-civ-spouse, Craft-repair, Husband, White, Male, United-States, >50K
58.244892,133637.64,9.585472,765.703,29.698832,55.471615, Private, Some-college, Married-civ-spouse, Craft-repair, Husband, White, Male, United-States, <=50K
65.717224,382769.8,13.884629,340.08954,-1.2909344,39.705612, Local-gov, Bachelors, Married-civ-spouse, Protective-serv, Husband, White, Male, United-States, <=50K
33.748882,108751.055,9.407957,-116.73432,-6.9676924,40.743267, State-gov, HS-grad, Married-civ-spouse, Other-service, Husband, White, Male, United-States, <=50K
45.012424,136902.4,9.637498,1781.4454,-3.3302717,56.01397, Federal-gov, HS-grad, Married-civ-spouse, Handlers-cleaners, Husband, White, Male, United-States, >50K
43.78274,178160.31,10.047716,-1289.803,-34.100895,45.119133, Self-emp-inc, Some-college, Divorced, Farming-fishing, Not-in-family, White, Male, United-States, >50K
45.028366,208838.72,12.490174,10960.669,-30.412737,44.541122, Federal-gov, Bachelors, Divorced, Prof-specialty, Unmarried, White, Male, United-States, >50K
21.575954,335412.8,2.7904572,584.8614,34.518333,33.97443, Self-emp-inc, HS-grad, Never-married, Sales, Unmarried, White, Female, United-States, <=50K
28.398178,252805.75,10.577121,-3485.9724,168.59888,37.380478, Private, Assoc-voc, Married-civ-spouse, Sales, Wife, White, Female, United-States, <=50K
29.704252,136936.16,10.778706,1050.4875,-24.802774,30.055733, Federal-gov, Assoc-voc, Married-spouse-absent, Tech-support, Not-in-family, White, Male, United-States, <=50K
32.87725,99862.02,11.5714245,-500.78436,-18.122972,31.730207, Federal-gov, Bachelors, Married-civ-spouse, Tech-support, Husband, White, Male, United-States, <=50K
27.220598,187205.45,9.750923,-40.419865,57.7054,32.531345, Private, Some-college, Divorced, Exec-managerial, Not-in-family, White, Male, United-States, <=50K
34.54627,28628.172,5.0385113,-561.2978,-18.824686,29.850307, Private, HS-grad, Married-civ-spouse, Other-service, Husband, White, Male, United-States, <=50K
60.031937,159964.03,13.284758,140.38733,-41.003338,29.706606, Local-gov, Bachelors, Married-civ-spouse, Protective-serv, Husband, White, Male, United-States, <=50K
14.810435,117084.586,8.660163,1166.3275,12.560216,26.274914, ?, HS-grad, Never-married, Adm-clerical, Unmarried, White, Female, United-States, <=50K
18.774117,175519.66,10.160483,531.88794,-22.959154,43.27926, Private, HS-grad, Never-married, Adm-clerical, Own-child, White, Male, United-States, <=50K
34.657776,236686.02,9.2146635,-755.16095,29.197489,26.98342, Private, Some-college, Married-civ-spouse, Exec-managerial, Husband, White, Male, United-States, <=50K
27.730179,210668.05,12.687087,398.8459,-32.874355,44.809795, Local-gov, Bachelors, Married-spouse-absent, Other-service, Not-in-family, White, Male, United-States, <=50K
35.907154,553749.3,12.962251,647.01636,-2.9406004,43.98323, Local-gov, Bachelors, Married-civ-spouse, Protective-serv, Husband, White, Male, United-States, <=50K
32.251736,241150.67,9.994133,975.2657,26.696123,21.563728, Local-gov, Some-college, Married-spouse-absent, Adm-clerical, Not-in-family, White, Male, United-States, <=50K
77.56833,102097.41,9.935311,524.31793,29.068933,46.196316, Federal-gov, Assoc-voc, Divorced, Other-service, Not-in-family, White, Male, United-States, <=50K
53.84394,123053.98,12.54655,27.712337,-8.007083,20.283024, Self-emp-not-inc, Bachelors, Divorced, Protective-serv, Unmarried, White, Male, United-States, <=50K
55.856407,105188.19,9.224132,626.86646,5.5520067,51.528866, Self-emp-not-inc, HS-grad, Divorced, Craft-repair, Unmarried, White, Male, United-States, <=50K
36.368317,178869.8,7.830254,335.68597,16.438398,41.233765, Private, HS-grad, Divorced, Protective-serv, Not-in-family, White, Female, United-States, <=50K
24.093096,248470.38,11.955069,-245.33026,4.8061037,42.58599, Federal-gov, Bachelors, Married-spouse-absent, Adm-clerical, Not-in-family, White, Female, United-States, <=50K
35.059387,174658.72,12.371677,1809.1031,-32.343464,53.60881, Private, Bachelors, Married-spouse-absent, Other-service, Not-in-family, White, Male, United-States, <=50K
39.028786,548031.2,10.873957,3850.3218,-21.810411,58.79323, Private, Assoc-voc, Married-civ-spouse, Craft-repair, Husband, White, Male, United-States, >50K
39.388336,47181.062,9.891238,1074.8958,10.693753,35.560745, Private, Some-college, Never-married, Craft-repair, Unmarried, White, Male, United-States, <=50K
37.559494,248236.17,13.615181,-278.57526,-24.694162,43.235928, Private, Bachelors, Married-civ-spouse, Other-service, Own-child, White, Male, United-States, >50K
40.213215,198329.94,9.94718,-101.116646,8.357839,48.94982, Federal-gov, Some-college, Divorced, Craft-repair, Unmarried, White, Male, United-States, <=50K
28.510296,190702.84,7.9539905,456.8783,-27.306025,50.143898, Local-gov, HS-grad, Married-civ-spouse, Exec-managerial, Wife, White, Female, United-States, >50K
73.90625,38232.344,8.723245,10056.539,36.60087,42.597485, Private, Some-college, Married-civ-spouse, Sales, Husband, White, Male, United-States, >50K
24.804373,118632.016,9.7095375,343.41083,1189.1895,38.287804, Private, HS-grad, Never-married, Sales, Own-child, White, Male, United-States, <=50K
61.69477,44245.61,7.9103465,672.6129,-10.303378,47.067303, Private, HS-grad, Married-civ-spouse, Craft-repair, Husband, White, Male, United-States, <=50K
49.064686,365139.12,9.784164,247.9273,-29.775942,39.528584, Private, HS-grad, Divorced, Transport-moving, Not-in-family, White, Male, United-States, <=50K
25.6697,120865.01,10.244577,1239.0579,340.53192,51.306053, State-gov, Some-college, Married-civ-spouse, Farming-fishing, Husband, White, Male, United-States, <=50K
22.035013,194394.64,2.9423184,430.17896,61.56475,43.836193, Private, HS-grad, Never-married, Handlers-cleaners, Own-child, White, Male, United-States, <=50K
25.363503,175222.02,8.512424,473.97528,19.313704,67.2352, Self-emp-inc, HS-grad, Never-married, Farming-fishing, Not-in-family, White, Male, United-States, <=50K
37.055233,441712.88,10.927746,1814.2982,-40.77223,46.892338, Private, Assoc-voc, Divorced, Transport-moving, Unmarried, White, Male, United-States, <=50K
38.575825,212604.19,9.004107,2535.4111,-26.682795,32.67236, Private, Some-college, Married-civ-spouse, Other-service, Own-child, White, Male, United-States, >50K
59.84653,186388.9,9.112727,290.05804,-4.393016,31.24694, Private, HS-grad, Never-married, Adm-clerical, Other-relative, White, Male, United-States, <=50K
14.150113,130792.42,7.9397945,651.1573,22.142668,37.081165, Local-gov, HS-grad, Never-married, Adm-clerical, Own-child, White, Male, United-States, <=50K
36.11121,120027.05,13.320282,-713.35956,-22.729563,61.054897, Private, Bachelors, Married-civ-spouse, Other-service, Husband, White, Male, United-States, >50K
27.937498,43739.094,11.016033,-485.04132,-26.427774,48.444916, Private, Assoc-voc, Never-married, Craft-repair, Unmarried, White, Male, United-States, <=50K
38.874916,211766.03,9.987454,-468.85028,430.54013,37.903538, State-gov, Some-college, Married-civ-spouse, Sales, Husband, White, Male, United-States, <=50K
71.65942,170046.52,9.504141,-937.6834,685.4828,32.70216, Private, Some-college, Married-civ-spouse, Farming-fishing, Wife, White, Female, United-States, <=50K
47.6556,79914.89,9.083903,578.8975,34.851162,29.56788, State-gov, HS-grad, Married-spouse-absent, Adm-clerical, Unmarried, White, Female, United-States, <=50K
21.641224,99128.0,10.753767,523.41266,-40.52627,55.74141, Self-emp-inc, Assoc-voc, Never-married, Other-service, Not-in-family, White, Male, United-States, <=50K
33.513004,525794.5,10.790544,916.9708,23.172583,45.322205, Private, Assoc-voc, Divorced, Adm-clerical, Not-in-family, White, Female, United-States, <=50K
28.585415,246073.72,9.609172,-397.8897,-15.6141615,33.733414, Private, HS-grad, Married-civ-spouse, Tech-support, Husband, White, Male, United-States, <=50K
37.2642,157328.5,12.079547,168.315,-63.77229,55.67847, Private, Bachelors, Never-married, Protective-serv, Unmarried, White, Female, United-States, <=50K
48.927883,135908.36,7.10197,594.04517,-4.048419,50.02985, Without-pay, HS-grad, Divorced, Machine-op-inspct, Unmarried, White, Female, United-States, <=50K
49.392506,194069.39,9.828534,241.74231,-2.7457762,31.390755, Private, Some-college, Divorced, Other-service, Husband, White, Female, United-States, <=50K
36.119926,487298.5,10.6519,616.82874,14.3578005,22.729218, Local-gov, Assoc-voc, Married-spouse-absent, Adm-clerical, Not-in-family, White, Female, United-States, <=50K
36.71718,233045.58,11.659498,-414.44562,197.15216,31.42386, Private, Assoc-voc, Married-civ-spouse, Farming-fishing, Husband, White, Male, United-States, <=50K
29.250902,236480.36,9.230074,62.215023,51.284576,17.361015, Private, Some-college, Separated, Sales, Own-child, White, Male, United-States, <=50K
21.236889,154213.94,10.585659,1202.7303,20.909079,29.54796, Private, Some-college, Never-married, Prof-specialty, Unmarried, White, Female, United-States, <=50K
19.559828,204940.62,8.089002,623.164,15.650113,35.566376, Private, HS-grad, Never-married, Handlers-cleaners, Unmarried, White, Male, United-States, <=50K
29.857971,150926.2,7.4607673,205.32391,38.93814,25.91381, Federal-gov, HS-grad, Married-spouse-absent, Adm-clerical, Unmarried, White, Female, United-States, <=50K
60.469368,145815.88,11.576944,-477.7343,2.5238237,44.492607, State-gov, Assoc-voc, Married-civ-spouse, Tech-support, Husband, White, Male, United-States, <=50K
34.173344,317978.75,7.6529655,2406.046,8.681104,39.977795, Local-gov, HS-grad, Widowed, Exec-managerial, Unmarried, White, Male, United-States, <=50K
45.858486,115423.6,7.7646613,720.8105,134.5777,25.334229, Private, Some-college, Divorced, Sales, Not-in-family, White, Male, United-States, <=50K
35.21135,100564.31,12.715828,-1409.5171,95.97138,53.878548, Private, Bachelors, Married-civ-spouse, Tech-support, Husband, White, Male, United-States, <=50K
29.817406,147910.02,7.733674,654.41406,39.91426,47.216972, Federal-gov, HS-grad, Married-civ-spouse, Handlers-cleaners, Own-child, White, Male, United-States, <=50K
27.08845,411111.9,9.108617,532.6132,-10.5638,24.911535, Private, HS-grad, Never-married, Other-service, Not-in-family, White, Female, United-States, <=50K
73.91136,85433.23,13.247873,208.8819,2.157689,22.609434, Local-gov, Bachelors, Widowed, Protective-serv, Unmarried, White, Female, United-States, <=50K
16.580141,216236.28,11.654218,1386.9417,-8.770656,29.24515, Private, Assoc-voc, Never-married, Farming-fishing, Own-child, White, Female, United-States, <=50K
28.025063,84950.17,10.997796,-404.94562,54.320004,52.893448, Private, Assoc-voc, Divorced, Prof-specialty, Not-in-family, White, Male, United-States, <=50K
37.2278,307219.72,8.621608,-101.09687,24.914106,51.166203, Private, HS-grad, Separated, Farming-fishing, Unmarried, White, Female, United-States, <=50K
21.691982,56753.67,10.432174,402.089,5.5398912,38.693417, Private, Some-college, Never-married, Farming-fishing, Other-relative, White, Male, United-States, <=50K
43.797127,195971.25,15.939576,4726.5923,-5.9425306,40.061058, Local-gov, Bachelors, Married-civ-spouse, Prof-specialty, Husband, White, Male, United-States, >50K
39.49345,105570.195,9.429115,-3245.0334,-35.09416,47.02782, Private, HS-grad, Never-married, Other-service, Own-child, White, Male, United-States, >50K
23.833673,133376.42,9.293942,-349.75885,-20.085665,46.85727, Private, HS-grad, Married-civ-spouse, Craft-repair, Husband, White, Male, United-States, <=50K
28.935158,235432.16,9.392724,-363.7879,13.801076,37.94286, Private, HS-grad, Married-civ-spouse, Tech-support, Husband, White, Male, United-States, <=50K
29.408781,163341.22,9.131546,1266.075,13.105809,31.696457, ?, HS-grad, Married-spouse-absent, Machine-op-inspct, Unmarried, White, Female, United-States, <=50K
41.20274,218566.12,11.530272,145.14667,9.720899,33.65769, Private, Assoc-voc, Married-civ-spouse, Tech-support, Husband, White, Male, United-States, >50K
53.445858,222053.14,4.595981,1200.9865,-38.315197,52.08373, Private, HS-grad, Married-civ-spouse, Exec-managerial, Husband, White, Male, United-States, >50K
20.32253,366895.88,10.161813,704.12964,34.16514,33.739246, State-gov, Some-college, Never-married, Adm-clerical, Unmarried, White, Female, United-States, <=50K
27.500484,96575.21,9.423996,3030.663,-32.60909,38.744377, Private, HS-grad, Married-civ-spouse, Sales, Own-child, White, Male, United-States, <=50K
31.804937,198874.34,9.836182,128.83044,30.220797,28.423796, Private, Assoc-voc, Never-married, Other-service, Not-in-family, White, Female, United-States, <=50K
46.612007,149071.52,8.898828,-1876.9434,510.81635,41.668285, Private, HS-grad, Divorced, Other-service, Unmarried, White, Male, United-States, <=50K
23.116371,309164.53,12.732003,-396.63544,-9.44501,27.962341, Private, Bachelors, Never-married, Protective-serv, Unmarried, White, Female, United-States, <=50K
59.73422,38153.594,6.2699513,847.1594,-0.49317443,70.27354, Self-emp-inc, HS-grad, Married-civ-spouse, Exec-managerial, Husband, White, Male, United-States, >50K
25.936886,183746.73,9.051949,213.58514,-10.014087,32.66481, Local-gov, Some-college, Married-civ-spouse, Other-service, Wife, White, Female, United-States, <=50K
37.924137,113944.95,13.059572,-18.435734,-10.591662,55.572197, Self-emp-inc, Bachelors, Never-married, Farming-fishing, Not-in-family, White, Male, United-States, <=50K
25.403294,97859.29,11.263383,-2122.39,-9.562991,31.681923, Private, Assoc-voc, Never-married, Tech-support, Unmarried, White, Male, United-States, >50K
33.12492,122556.76,12.652189,1298.8049,-31.1513,48.46657, Local-gov, Bachelors, Divorced, Exec-managerial, Unmarried, White, Male, United-States, <=50K
28.513624,507471.03,10.70639,1053.9572,231.36021,42.619175, Private, Assoc-voc, Married-spouse-absent, Transport-moving, Not-in-family, White, Male, United-States, >50K
27.060463,182314.84,5.598079,80.803215,592.43207,44.368313, Private, HS-grad, Never-married, Farming-fishing, Not-in-family, White, Male, United-States, <=50K
32.894756,131770.03,10.049588,6701.6606,-20.766352,36.517464, Private, Assoc-voc, Married-civ-spouse, Farming-fishing, Wife, White, Female, United-States, >50K
63.347755,115241.766,9.952031,2906.4373,-70.16384,26.872866, Self-emp-not-inc, Some-college, Divorced, Craft-repair, Not-in-family, White, Male, United-States, <=50K
14.817969,431436.9,10.575934,-82.84321,-7.995631,41.245445, Self-emp-inc, Some-college, Never-married, Craft-repair, Own-child, White, Male, United-States, <=50K
21.446112,194193.89,5.0790567,851.17914,7.9107637,46.53697, Private, HS-grad, Never-married, Machine-op-inspct, Unmarried, White, Male, United-States, <=50K
46.64328,162359.67,12.058375,248.53094,-35.83681,30.761461, Private, Bachelors, Divorced, Other-service, Not-in-family, White, Female, United-States, <=50K
54.99112,137808.44,9.674864,628.3673,-21.99399,31.839819, ?, HS-grad, Married-civ-spouse, Adm-clerical, Husband, White, Male, United-States, <=50K
25.604568,95029.15,9.415857,1148.3796,-12.346309,46.166348, Local-gov, HS-grad, Never-married, Exec-managerial, Unmarried, White, Male, United-States, <=50K
30.628206,90412.15,9.574065,4992.4106,-40.07288,29.636583, State-gov, HS-grad, Married-civ-spouse, Sales, Wife, White, Female, United-States, >50K
36.061684,223759.44,14.474582,70.592705,-18.0058,43.403122, Self-emp-not-inc, Bachelors, Married-civ-spouse, Sales, Husband, White, Male, United-States, >50K
65.510414,138649.38,14.344831,151.31757,-45.489285,46.62808, Local-gov, Bachelors, Married-civ-spouse, Protective-serv, Wife, White, Female, United-States, <=50K
46.162697,195578.25,11.577863,1936.6646,1552.4001,50.11505, Private, Assoc-voc, Married-civ-spouse, Craft-repair, Husband, White, Male, United-States, >50K
39.68444,99928.766,5.7037582,-74.03986,9.896291,40.68097, Self-emp-inc, HS-grad, Married-civ-spouse, Sales, Husband, White, Male, United-States, <=50K
28.494265,317472.7,10.647085,-2368.8472,-19.40301,40.35456, Federal-gov, Assoc-voc, Married-civ-spouse, Prof-specialty, Own-child, White, Male, United-States, >50K
32.217968,240501.14,11.961136,1271.2806,-5.0812864,25.18233, Local-gov, Bachelors, Never-married, Exec-managerial, Not-in-family, White, Female, United-States, <=50K
64.23185,249047.78,7.582825,1222.4467,14.203763,40.686497, State-gov, HS-grad, Married-civ-spouse, ?, Husband, White, Male, United-States, <=50K
38.58391,92053.62,12.915326,247.56573,-32.66168,66.08317, Federal-gov, Bachelors, Divorced, Craft-repair, Unmarried, White, Male, United-States, <=50K
51.64098,152917.02,6.3176837,13100.875,41.95249,52.881306, Local-gov, HS-grad, Married-civ-spouse, Farming-fishing, Wife, White, Female, United-States, >50K
62.717606,236782.08,7.9620924,427.729,-3.8207502,44.16783, Self-emp-inc, HS-grad, Married-civ-spouse, Craft-repair, Husband, White, Male, United-States, >50K
39.50473,219910.23,9.985276,-1226.8535,-41.253674,35.099934, Private, Some-college, Married-civ-spouse, Farming-fishing, Wife, White, Female, United-States, <=50K
40.577984,140975.4,10.104576,-809.1613,11.250005,48.851997, Private, Some-college, Married-civ-spouse, Exec-managerial, Husband, White, Male, United-States, >50K
41.592026,284503.06,13.665431,907.85,2.382451,51.095016, Private, Bachelors, Separated, Tech-support, Unmarried, White, Female, United-States, >50K
42.706367,115100.305,9.064605,293.047,94.160576,35.452843, Private, HS-grad, Married-spouse-absent, Farming-fishing, Unmarried, White, Male, United-States, <=50K
26.519833,117546.375,13.904142,77.55584,-0.11976136,38.053875, Private, Bachelors, Married-civ-spouse, Handlers-cleaners, Husband, White, Male, United-States, <=50K
27.689825,137613.23,12.94657,-913.3837,846.37604,35.219193, Private, Bachelors, Never-married, Craft-repair, Own-child, White, Male, United-States, <=50K
36.71292,405439.1,9.504716,-1621.7378,1168.6968,48.46066, Private, HS-grad, Married-civ-spouse, Craft-repair, Husband, White, Male, United-States, <=50K
62.634247,238496.4,8.618489,1254.4133,-10.596141,42.023956, State-gov, HS-grad, Married-civ-spouse, Exec-managerial, Wife, White, Female, United-States, <=50K
30.697517,66619.26,10.932295,116.39208,-24.359186,53.222588, Local-gov, Assoc-voc, Never-married, Prof-specialty, Not-in-family, White, Male, United-States, <=50K
45.49467,208719.39,10.358236,1111.2672,-18.788706,42.0411, Private, Assoc-voc, Widowed, Farming-fishing, Unmarried, White, Female, United-States, <=50K
40.798885,112750.66,8.819171,-377.85577,-45.550915,28.535606, Private, HS-grad, Never-married, Exec-managerial, Not-in-family, White, Female, United-States, <=50K
49.92399,149160.45,9.382267,-231.72565,102.52002,35.943996, Private, Some-college, Divorced, Farming-fishing, Unmarried, White, Female, United-States, <=50K
50.488235,211916.33,11.839013,1989.1191,-4.1659727,38.75263, Private, Bachelors, Divorced, Exec-managerial, Not-in-family, White, Female, United-States, >50K
40.640457,136553.02,7.318097,-191.00995,11.160314,28.679148, Federal-gov, HS-grad, Married-spouse-absent, Sales, Unmarried, White, Female, United-States, <=50K
35.37204,106464.22,8.859957,10047.315,1.7181216,61.871563, Private, HS-grad, Married-civ-spouse, Handlers-cleaners, Husband, White, Male, United-States, >50K
43.881718,179601.53,13.621274,487.3296,-26.981226,50.621223, Local-gov, Bachelors, Divorced, Prof-specialty, Not-in-family, White, Male, United-States, <=50K
26.1188,355826.03,9.3862295,526.3778,-1.4410046,50.749966, Private, HS-grad, Married-civ-spouse, Sales, Own-child, White, Male, United-States, <=50K
29.936852,172312.64,12.693364,-13.640934,-2.4014845,40.64043, Private, Bachelors, Separated, Prof-specialty, Own-child, White, Male, United-States, <=50K
51.35227,227891.67,10.004738,808.38916,-12.967738,22.523256, Private, Assoc-voc, Married-civ-spouse, Protective-serv, Husband, White, Female, United-States, <=50K
36.065094,209858.14,8.723416,192.73077,10.434041,26.058382, Local-gov, Some-college, Never-married, Protective-serv, Unmarried, White, Female, United-States, <=50K
35.387695,160366.83,8.852692,280.66724,-0.049540415,22.587696, Private, HS-grad, Never-married, Farming-fishing, Unmarried, White, Male, United-States, <=50K
25.8276,272154.3,10.316523,1189.1483,7.295438,41.61074, Federal-gov, Some-college, Married-civ-spouse, Transport-moving, Own-child, White, Male, United-States, <=50K
39.164867,119030.625,10.559477,410.03058,-17.85618,52.12757, State-gov, Assoc-voc, Separated, Craft-repair, Unmarried, White, Male, United-States, >50K
64.37087,160509.14,9.836307,3849.1836,18.597692,57.36568, Private, Some-college, Married-civ-spouse, Sales, Husband, White, Male, United-States, <=50K
25.586647,141216.33,12.168679,1.3272054,-28.527674,56.276806, Private, Bachelors, Never-married, Protective-serv, Own-child, White, Female, United-States, <=50K
27.538153,179200.58,9.858159,1384.1683,15.134557,40.57633, Private, Some-college, Married-civ-spouse, Craft-repair, Husband, White, Male, United-States, <=50K
38.435314,201581.0,11.755933,-29.609562,-32.313023,62.434177, Private, Assoc-voc, Married-spouse-absent, Farming-fishing, Unmarried, White, Male, United-States, <=50K
51.107822,117079.125,10.078083,1320.9741,-5.660693,24.307646, Federal-gov, Some-college, Widowed, Adm-clerical, Not-in-family, White, Female, United-States, <=50K
28.91807,74532.055,9.7615185,1100.581,-8.033748,53.63143, Private, Some-college, Married-spouse-absent, Other-service, Unmarried, White, Male, United-States, >50K
39.434883,141377.16,11.037037,480.22717,43.232834,31.438627, Private, Assoc-voc, Divorced, Prof-specialty, Unmarried, White, Male, United-States, <=50K
46.160664,217198.23,8.327266,473.5066,-26.40948,58.760265, Private, HS-grad, Divorced, Protective-serv, Unmarried, White, Female, United-States, <=50K
36.097935,136331.55,13.601305,-353.61444,-56.97871,42.71491, Local-gov, Bachelors, Never-married, Prof-specialty, Not-in-family, White, Male, United-States, <=50K
28.836128,165929.1,8.96829,703.7656,10.791005,37.10407, Private, HS-grad, Never-married, Exec-managerial, Own-child, White, Male, United-States, >50K
23.637096,186235.84,10.300669,360.83002,-3.371829,39.956112, State-gov, Some-college, Never-married, Adm-clerical, Unmarried, White, Female, United-States, <=50K
35.243885,126467.89,11.881046,886.61835,1240.8142,40.36987, State-gov, Assoc-voc, Married-civ-spouse, Protective-serv, Husband, White, Male, United-States, <=50K
52.430122,39043.953,8.983585,699.533,4.348645,52.166435, Private, HS-grad, Divorced, Exec-managerial, Not-in-family, White, Male, United-States, <=50K
33.223785,89686.664,9.510922,1110.3105,846.8248,64.93746, Private, HS-grad, Married-spouse-absent, Craft-repair, Not-in-family, White, Male, United-States, <=50K
54.495922,170298.9,9.186493,-19.705753,287.1595,32.344093, Private, HS-grad, Married-civ-spouse, Sales, Husband, White, Male, United-States, >50K
49.954586,247026.17,7.0285096,-332.53217,25.884192,45.614014, Private, HS-grad, Married-civ-spouse, Farming-fishing, Wife, White, Female, United-States, <=50K
22.022217,40722.92,8.694245,9003.495,907.5459,33.730606, Private, HS-grad, Married-civ-spouse, Other-service, Own-child, White, Female, United-States, >50K
26.174961,64437.54,10.921089,-1946.0464,83.80923,42.917866, Private, Assoc-voc, Never-married, Tech-support, Unmarried, White, Male, United-States, >50K
23.380262,124472.46,6.3210645,-544.5318,33.61562,40.691414, Private, HS-grad, Never-married, Adm-clerical, Other-relative, White, Male, United-States, <=50K
36.856533,97965.68,6.473043,-1390.9937,-39.11796,33.979126, Local-gov, HS-grad, Married-civ-spouse, Other-service, Husband, White, Male, United-States, >50K
51.387142,330070.0,9.1591425,133.24884,-10.4686,16.835705, Federal-gov, HS-grad, Widowed, Other-service, Not-in-family, White, Female, United-States, <=50K
22.152971,257396.58,10.855313,521.1591,-15.154788,49.96232, State-gov, Assoc-voc, Married-civ-spouse, Farming-fishing, Husband, White, Male, United-States, <=50K
30.61922,73657.11,9.703854,-316.81024,-22.278254,31.298487, Private, HS-grad, Never-married, Other-service, Not-in-family, White, Female, United-States, >50K
29.345001,102318.15,9.883635,294.9723,40.979046,56.687546, Private, Some-college, Married-spouse-absent, Farming-fishing, Unmarried, White, Female, United-States, <=50K
36.3156,169183.12,10.207152,293.17664,-26.602045,41.186214, Self-emp-inc, Assoc-voc, Divorced, Protective-serv, Husband, White, Male, United-States, <=50K
44.673367,132932.97,9.125519,1270.0061,692.49884,34.653267, Private, HS-grad, Widowed, Machine-op-inspct, Not-in-family, White, Female, United-States, <=50K
13.473857,120226.68,10.051477,-176.6225,70.32908,14.441137, Private, Some-college, Never-married, Sales, Own-child, White, Female, United-States, <=50K
28.808744,125347.81,9.609175,188.44904,31.437582,28.086187, Private, Some-college, Never-married, Sales, Unmarried, White, Female, United-States, <=50K
45.272682,263463.06,9.06542,652.53253,-2.5581236,24.148037, Private, HS-grad, Married-civ-spouse, Craft-repair, Husband, White, Male, United-States, >50K
39.409042,199871.61,10.028218,662.0132,-2.3692198,61.661297, Self-emp-not-inc, Some-college, Divorced, Adm-clerical, Husband, White, Male, United-States, <=50K
20.94011,174835.94,10.575284,764.93335,-22.669344,40.360043, Local-gov, Assoc-voc, Never-married, ?, Not-in-family, White, Male, United-States, <=50K
41.424026,388751.66,11.228209,-1603.7017,714.54034,38.574547, Local-gov, Assoc-voc, Married-civ-spouse, Exec-managerial, Husband, White, Male, United-States, <=50K
30.929844,31556.203,10.076371,534.32245,130.58032,24.408558, Private, Some-college, Married-civ-spouse, Machine-op-inspct, Husband, White, Male, United-States, <=50K
57.100937,210632.2,9.882635,849.92773,3.9036531,4.8818836, Private, Some-college, Divorced, Other-service, Unmarried, White, Female, United-States, <=50K
40.865273,178365.88,13.232402,2482.7666,3.5279665,51.474365, Private, Bachelors, Married-civ-spouse, Farming-fishing, Husband, White, Male, United-States, >50K
43.081932,138314.8,10.94907,-1006.6838,9.449292,16.494774, Private, Assoc-voc, Married-civ-spouse, Prof-specialty, Wife, White, Female, United-States, <=50K
39.14355,230601.62,9.726128,273.53992,-6.819812,16.28502, Private, Some-college, Divorced, Craft-repair, Unmarried, White, Female, United-States, <=50K
23.74286,99167.125,8.515695,-285.15387,32.474686,40.91737, Private, HS-grad, Never-married, Sales, Own-child, White, Female, United-States, <=50K
45.088104,187479.36,4.962433,140.67413,10.551236,58.36887, Self-emp-not-inc, HS-grad, Married-civ-spouse, Farming-fishing, Husband, White, Male, United-States, <=50K
45.83925,107930.07,9.089086,833.72687,-14.452456,55.87994, Private, HS-grad, Divorced, Protective-serv, Not-in-family, White, Male, United-States, <=50K
39.486088,240326.61,4.9953165,577.0538,11.432843,27.499441, Private, HS-grad, Married-spouse-absent, Craft-repair, Unmarried, White, Male, United-States, <=50K
35.445824,189742.97,14.90864,721.94147,-49.076,54.72238, Self-emp-inc, Bachelors, Divorced, Exec-managerial, Not-in-family, White, Male, United-States, <=50K
40.510395,147523.9,12.947575,-283.93915,2.7850618,32.38209, Local-gov, Bachelors, Widowed, Adm-clerical, Unmarried, White, Female, United-States, <=50K
60.139156,104862.93,10.365382,555.1134,2.5063448,30.485144, Local-gov, Some-college, Married-civ-spouse, Adm-clerical, Wife, White, Female, United-States, <=50K
50.76523,80384.81,6.605059,1324.0276,-5.2787123,42.429607, ?, HS-grad, Divorced, ?, Unmarried, White, Male, United-States, <=50K
23.63947,142363.19,10.415302,-379.7254,-5.5591536,51.024555, Private, Assoc-voc, Divorced, Adm-clerical, Not-in-family, White, Male, United-States, <=50K
46.28002,95705.26,4.776791,877.0032,53.62862,33.107235, Private, HS-grad, Married-spouse-absent, Machine-op-inspct, Not-in-family, White, Female, United-States, <=50K
30.528755,181809.27,10.829994,-49.925846,-3.9362364,41.544952, Private, Assoc-voc, Never-married, Adm-clerical, Not-in-family, White, Male, United-States, <=50K
28.876038,199551.14,10.369214,-57.46332,2.6485033,55.261967, Federal-gov, Some-college, Married-civ-spouse, Farming-fishing, Husband, White, Male, United-States, <=50K
50.45091,144564.48,10.753592,3900.0764,-12.013141,46.06707, Private, Assoc-voc, Married-civ-spouse, Farming-fishing, Husband, White, Male, United-States, >50K
38.63245,61335.93,13.174068,897.90845,-8.120074,66.25982, Local-gov, Bachelors, Married-civ-spouse, Farming-fishing, Husband, White, Male, United-States, >50K
68.30514,189848.61,9.798052,3409.4897,97.87738,42.11386, Private, HS-grad, Married-civ-spouse, Farming-fishing, Wife, White, Female, United-States, >50K
27.25548,310299.72,5.059255,361.55188,3.4808702,40.703876, Self-emp-inc, Some-college, Separated, Other-service, Unmarried, White, Female, United-States, <=50K
26.15589,128797.27,9.431811,628.3708,48.098843,28.488277, Private, HS-grad, Never-married, Adm-clerical, Own-child, White, Female, United-States, <=50K
36.946827,131121.23,9.131455,-2402.2227,206.82986,45.426792, Private, HS-grad, Married-civ-spouse, Craft-repair, Husband, White, Male, United-States, >50K
18.047483,105322.67,10.660118,757.80597,-8.442103,41.39154, Private, Assoc-voc, Never-married, Machine-op-inspct, Own-child, White, Female, United-States, <=50K
17.502817,228170.11,10.810631,626.1759,-47.783916,48.55352, Private, Assoc-voc, Divorced, Tech-support, Unmarried, White, Male, United-States, <=50K
22.149137,-22485.812,9.608316,-244.37457,10.435994,37.293224, Self-emp-inc, HS-grad, Married-civ-spouse, Sales, Husband, White, Male, United-States, <=50K
37.583008,130309.35,9.995752,-670.33685,-22.68883,42.33515, Private, Assoc-voc, Married-civ-spouse, Other-service, Husband, White, Male, United-States, >50K
27.449814,139867.31,11.05366,668.40564,-31.95801,48.94928, Private, Assoc-voc, Separated, Adm-clerical, Own-child, White, Male, United-States, <=50K
29.683718,239593.66,12.024487,254.45172,159.38608,53.12491, Private, Bachelors, Never-married, Other-service, Own-child, White, Female, United-States, >50K
34.5943,156967.98,8.99508,-689.1153,362.93723,37.70197, Private, HS-grad, Divorced, Exec-managerial, Unmarried, White, Female, United-States, >50K
27.708338,157275.23,9.825649,23534.088,68.04096,41.35691, Private, Assoc-voc, Married-civ-spouse, Farming-fishing, Wife, White, Female, United-States, >50K
12.009675,285032.3,10.542911,-474.8692,44.403805,32.787663, State-gov, Some-college, Never-married, Adm-clerical, Own-child, White, Female, United-States, <=50K
46.11831,281537.97,11.035433,32771.85,42.963634,34.33958, Local-gov, Assoc-voc, Married-civ-spouse, Protective-serv, Husband, White, Male, United-States, >50K
48.90607,107150.4,8.425026,515.7609,254.05077,29.399652, Private, Some-college, Married-spouse-absent, Adm-clerical, Not-in-family, White, Male, United-States, <=50K
34.948883,186803.45,11.434743,781.83496,-14.258609,38.196056, Private, Assoc-voc, Divorced, Machine-op-inspct, Unmarried, White, Male, United-States, <=50K
14.750222,214430.95,10.020465,141.37244,4.2682543,26.020227, Private, Some-college, Divorced, Handlers-cleaners, Unmarried, White, Male, United-States, <=50K
29.903692,159101.98,12.595205,36.22906,23.516272,66.11222, Private, Bachelors, Never-married, Exec-managerial, Not-in-family, White, Female, United-States, <=50K
40.292828,165674.14,11.430819,1006.53107,-35.238987,43.61718, Self-emp-not-inc, Assoc-voc, Married-civ-spouse, Other-service, Husband, White, Male, United-States, <=50K
18.506615,70173.96,9.267647,541.53394,10.815038,38.256523, Private, HS-grad, Married-spouse-absent, Handlers-cleaners, Unmarried, White, Female, United-States, <=50K
35.184605,160748.38,11.620058,-289.14288,-25.930582,42.85917, Private, Bachelors, Married-civ-spouse, Prof-specialty, Husband, White, Male, United-States, <=50K
37.62824,300582.7,12.757397,-0.038273092,-35.27934,33.06734, Private, Bachelors, Married-spouse-absent, Craft-repair, Not-in-family, White, Male, United-States, <=50K
18.39327,404530.16,10.300823,32.42535,-0.29334533,28.39541, Private, Some-college, Never-married, Adm-clerical, Not-in-family, White, Female, United-States, <=50K
32.417034,340525.4,9.957526,1154.8623,26.026014,63.250275, Local-gov, Some-college, Divorced, Machine-op-inspct, Unmarried, White, Female, United-States, <=50K
28.28239,136872.8,13.657099,157.25592,-39.765514,50.521923, Private, Bachelors, Never-married, Prof-specialty, Not-in-family, White, Male, United-States, <=50K
58.675076,281197.47,4.232747,268.56396,25.2643,51.35594, Private, HS-grad, Widowed, Other-service, Unmarried, White, Female, United-States, <=50K
38.48632,204607.27,10.003995,1435.9347,0.4418689,36.984592, Self-emp-not-inc, Some-college, Separated, Tech-support, Unmarried, White, Female, United-States, <=50K
32.20878,265862.88,12.688512,587.6937,1.4863025,39.918423, Local-gov, Bachelors, Never-married, Prof-specialty, Not-in-family, White, Female, United-States, <=50K
26.30695,264726.12,3.249558,-631.01044,456.34616,37.753815, Private, HS-grad, Married-civ-spouse, Farming-fishing, Own-child, White, Female, United-States, <=50K
29.689966,139777.27,10.66723,327.43402,12.396535,40.652977, ?, Assoc-voc, Married-civ-spouse, Adm-clerical, Husband, White, Female, United-States, <=50K
41.89005,134457.6,13.773746,1175.613,-86.11912,50.74959, Self-emp-inc, Bachelors, Divorced, Tech-support, Not-in-family, White, Male, United-States, <=50K
37.622887,330856.22,10.212884,373.33258,-2.8693266,43.3697, Private, Some-college, Married-civ-spouse, Adm-clerical, Husband, White, Male, United-States, <=50K
13.803004,193520.89,10.938807,872.8332,863.6943,22.439148, Private, Assoc-voc, Never-married, Sales, Unmarried, White, Female, United-States, <=50K
42.750217,133633.64,9.106843,240.2749,-6.1153517,24.78347, Local-gov, HS-grad, Widowed, ?, Unmarried, White, Male, United-States, <=50K
57.302494,48317.016,9.92287,2013.7335,1802.6509,33.354397, Private, Some-college, Widowed, Handlers-cleaners, Not-in-family, White, Female, United-States, <=50K
59.944763,77935.11,9.13264,2791.8896,-7.8481703,20.12274, ?, HS-grad, Married-civ-spouse, Exec-managerial, Husband, White, Male, United-States, >50K
40.882412,275394.84,8.843888,-157.72052,-30.384508,30.444336, Private, HS-grad, Never-married, Other-service, Own-child, White, Male, United-States, <=50K
27.663586,481711.1,9.386717,-428.03607,34.282074,22.662603, State-gov, HS-grad, Never-married, Adm-clerical, Not-in-family, White, Female, United-States, <=50K
34.35789,184606.58,12.43075,6372.778,5.075673,54.636486, Private, Bachelors, Married-civ-spouse, Tech-support, Unmarried, White, Male, United-States, >50K
32.36257,156500.8,9.16825,1123.742,123.3247,42.45371, Private, HS-grad, Married-spouse-absent, Transport-moving, Not-in-family, White, Male, United-States, >50K
63.757584,109594.66,7.439634,6653.5894,-8.558078,17.572237, Private, HS-grad, Married-civ-spouse, Farming-fishing, Husband, White, Male, United-States, >50K
12.764663,137344.27,10.690138,-887.2209,1336.1869,33.92226, State-gov, Some-college, Never-married, Farming-fishing, Other-relative, White, Male, United-States, <=50K
63.69717,99894.04,10.61781,971.5943,18.091696,47.240227, Local-gov, Assoc-voc, Divorced, Protective-serv, Husband, White, Female, United-States, <=50K
44.736202,197536.58,9.31214,199.65717,-3.8544111,13.30584, Local-gov, HS-grad, Divorced, Adm-clerical, Unmarried, White, Female, United-States, <=50K
36.33609,354898.34,5.1525016,1434.3999,17.93067,27.79011, Local-gov, HS-grad, Never-married, Exec-managerial, Unmarried, White, Female, United-States, <=50K
24.151995,120180.805,11.665036,488.66138,-3.2508955,47.28093, Private, Assoc-voc, Never-married, Adm-clerical, Unmarried, White, Male, United-States, <=50K
49.28356,69627.47,1.7905807,120.68444,262.66095,31.627369, Private, HS-grad, Widowed, Sales, Unmarried, White, Male, United-States, <=50K
60.376034,141675.03,6.710121,308.29364,67.49699,47.954792, Federal-gov, HS-grad, Widowed, Other-service, Not-in-family, White, Female, United-States, <=50K
36.094883,113418.02,9.341029,-206.1441,-2.1092482,41.04251, Self-emp-inc, HS-grad, Divorced, Adm-clerical, Not-in-family, White, Male, United-States, <=50K
25.825521,127207.664,11.290306,-756.30145,329.40323,38.65088, Private, Assoc-voc, Married-civ-spouse, Other-service, Husband, White, Male, United-States, <=50K
20.956892,219994.52,6.3685317,937.72894,-11.143947,44.945045, Private, HS-grad, Never-married, Tech-support, Not-in-family, White, Male, United-States, <=50K
55.834915,454990.94,10.196877,-229.08124,-40.921642,29.167856, Private, Assoc-voc, Married-civ-spouse, Farming-fishing, Husband, White, Male, United-States, <=50K
27.19104,357665.47,10.012758,-111.229195,52.798264,43.392387, Private, Some-college, Married-spouse-absent, Handlers-cleaners, Not-in-family, White, Female, United-States, <=50K
19.337275,104264.03,6.457108,592.97675,-23.886843,20.452303, Private, HS-grad, Never-married, Handlers-cleaners, Other-relative, White, Male, United-States, <=50K
32.604534,295388.06,7.923632,-908.9179,883.2642,42.438763, Private, HS-grad, Married-civ-spouse, Craft-repair, Unmarried, White, Male, United-States, <=50K
39.1213,89842.85,11.117414,445.39026,-25.836237,35.41729, Private, Assoc-voc, Never-married, Farming-fishing, Unmarried, White, Female, United-States, <=50K
48.20094,242953.95,7.713934,-569.3757,1403.9272,42.70896, Local-gov, HS-grad, Married-civ-spouse, Farming-fishing, Husband, White, Male, United-States, <=50K
26.604227,153769.19,6.961475,41.0697,1166.6448,44.182602, Private, HS-grad, Married-civ-spouse, Handlers-cleaners, Husband, White, Male, United-States, <=50K
43.060356,251609.02,12.713371,1336.2124,6.627263,73.0664, Private, Bachelors, Married-civ-spouse, Craft-repair, Husband, White, Male, United-States, >50K
40.545914,61244.9,5.332305,-646.35956,942.59033,59.81165, Self-emp-inc, HS-grad, Married-civ-spouse, Farming-fishing, Husband, White, Male, United-States, <=50K
43.752487,110582.56,4.9619308,1225.7207,7.587453,23.914854, ?, HS-grad, Separated, Farming-fishing, Unmarried, White, Female, United-States, <=50K
19.239109,296364.78,10.213814,194.80267,-9.148868,38.734062, Self-emp-inc, Some-college, Never-married, Craft-repair, Not-in-family, White, Male, United-States, <=50K
35.529587,124006.29,9.911025,3384.1697,-44.713238,38.7115, Private, Assoc-voc, Divorced, Other-service, Wife, White, Female, United-States, >50K
32.897297,219201.08,7.7714663,989.40314,-30.125246,27.610954, Private, HS-grad, Never-married, Other-service, Own-child, White, Male, United-States, <=50K
29.820923,111406.82,6.6840215,-1384.6384,-60.872585,43.35766, Private, HS-grad, Never-married, Sales, Not-in-family, White, Male, United-States, >50K
66.18725,92638.516,10.918189,306.9807,-22.431574,44.91462, Private, Assoc-voc, Married-civ-spouse, Prof-specialty, Husband, White, Male, United-States, <=50K
22.55333,30906.344,10.278395,469.47906,-3.2440596,33.137455, Private, Some-college, Married-civ-spouse, Machine-op-inspct, Own-child, White, Female, United-States, <=50K
27.149832,134658.31,9.227239,496.312,11.351911,40.111332, Private, HS-grad, Never-married, Machine-op-inspct, Own-child, White, Male, United-States, <=50K
27.206287,329779.4,9.736602,16785.84,-45.076824,49.686768, Private, Some-college, Married-civ-spouse, Exec-managerial, Husband, White, Male, United-States, >50K
25.595764,214422.34,10.44093,166.03333,31.71145,29.949312, Private, Assoc-voc, Never-married, Farming-fishing, Own-child, White, Female, United-States, <=50K
31.402555,144885.27,9.465328,2133.128,802.2035,28.171104, Private, HS-grad, Never-married, Adm-clerical, Own-child, White, Female, United-States, <=50K
32.306297,399436.28,5.1997085,-258.4886,19.936796,37.629517, Private, HS-grad, Married-civ-spouse, Sales, Husband, White, Male, United-States, <=50K
42.53357,230306.31,13.750408,2273.9941,-10.677691,41.16712, Private, Bachelors, Divorced, Other-service, Not-in-family, White, Female, United-States, <=50K
49.950554,115504.234,17.107426,-1890.356,1830.6859,67.25711, Private, Bachelors, Married-civ-spouse, Other-service, Wife, White, Female, United-States, >50K
44.205986,460095.66,10.215328,-118.31916,5.4615984,29.575747, State-gov, Some-college, Married-civ-spouse, ?, Wife, White, Female, United-States, <=50K
63.569862,140255.5,12.816459,321.7605,126.38985,32.9301, Local-gov, Bachelors, Married-civ-spouse, Exec-managerial, Husband, White, Male, United-States, >50K
44.746418,132760.34,16.471016,-2436.949,5.8027163,44.058697, Private, Bachelors, Married-civ-spouse, Prof-specialty, Own-child, White, Male, United-States, >50K
25.063887,179917.44,14.442155,-1268.1055,31.624292,49.191628, Private, Bachelors, Never-married, Prof-specialty, Unmarried, White, Male, United-States, >50K
39.822308,165526.58,10.208099,6345.4224,-1.303706,37.741817, Private, Assoc-voc, Divorced, Other-service, Not-in-family, White, Female, United-States, >50K
44.04864,259905.83,8.208335,495.5819,-26.118563,46.058064, Private, HS-grad, Married-civ-spouse, Tech-support, Husband, White, Male, United-States, >50K
35.70111,363057.62,11.220627,1441.0862,-7.374545,29.594732, Private, Assoc-voc, Married-civ-spouse, Prof-specialty, Wife, White, Female, United-States, <=50K
17.902288,93271.41,9.358874,-367.48138,655.87933,33.674915, Private, HS-grad, Never-married, Exec-managerial, Own-child, White, Male, United-States, <=50K
42.34854,311830.84,10.270469,770.40063,-21.991922,49.031258, Self-emp-inc, Assoc-voc, Divorced, Sales, Not-in-family, White, Male, United-States, <=50K
47.173943,344340.25,13.548156,1077.3398,-80.82734,60.404404, Self-emp-not-inc, Bachelors, Married-civ-spouse, Sales, Unmarried, White, Male, United-States, <=50K
23.215315,214955.83,9.04263,159.62494,9.615834,37.399418, Private, HS-grad, Never-married, Adm-clerical, Not-in-family, White, Male, United-States, <=50K
45.045815,56582.875,12.202364,80.80456,-35.1133,65.630005, ?, Bachelors, Married-civ-spouse, Exec-managerial, Wife, White, Female, United-States, <=50K
22.932571,199947.73,9.05267,480.9134,-23.592035,42.761185, Local-gov, HS-grad, Married-civ-spouse, Protective-serv, Husband, White, Female, United-States, <=50K
53.314754,159357.16,8.420742,679.1558,-21.218493,30.512703, Local-gov, HS-grad, Married-spouse-absent, Machine-op-inspct, Unmarried, White, Female, United-States, <=50K
24.876513,135873.25,11.1051235,-134.97699,-38.84444,31.10169, Federal-gov, Assoc-voc, Never-married, Tech-support, Other-relative, White, Male, United-States, <=50K
37.862804,331628.34,11.350223,437.40784,-30.34833,61.445953, Private, Assoc-voc, Divorced, Adm-clerical, Not-in-family, White, Male, United-States, <=50K
42.28915,141668.14,12.6622305,179.09918,-5.8692656,47.629375, Private, Bachelors, Married-civ-spouse, Farming-fishing, Own-child, White, Female, United-States, <=50K
40.107536,212175.31,8.726569,730.13086,28.680159,26.9554, Private, HS-grad, Never-married, Adm-clerical, Not-in-family, White, Female, United-States, <=50K
21.978369,121968.16,7.712722,459.77264,25.580893,46.287674, Private, HS-grad, Married-civ-spouse, Craft-repair, Husband, White, Male, United-States, <=50K
20.241903,108049.266,9.506932,835.0929,816.82684,37.940735, Private, HS-grad, Never-married, Tech-support, Not-in-family, White, Male, United-States, <=50K
24.686588,380908.75,3.5017004,725.31146,-4.672534,36.290634, Private, HS-grad, Married-civ-spouse, Craft-repair, Husband, White, Male, United-States, <=50K
52.054058,45129.344,7.3432984,1636.2396,16.515814,41.209064, Self-emp-not-inc, HS-grad, Separated, Machine-op-inspct, Unmarried, White, Female, United-States, <=50K
34.087055,159269.42,13.572271,-1022.58685,-24.431482,50.001755, Self-emp-inc, Bachelors, Married-civ-spouse, Protective-serv, Husband, White, Male, United-States, >50K
69.75909,78526.19,5.9205036,-2037.5911,282.434,20.086418, Without-pay, HS-grad, Married-civ-spouse, Craft-repair, Wife, White, Female, United-States, <=50K
56.357735,105946.83,11.827782,-859.0285,-17.27743,67.39611, Self-emp-inc, Assoc-voc, Married-civ-spouse, Craft-repair, Husband, White, Male, United-States, <=50K
27.178476,137888.17,9.353063,66.25274,101.51592,27.538736, Private, HS-grad, Divorced, Protective-serv, Unmarried, White, Male, United-States, <=50K
44.111797,101266.305,13.726796,-163.36163,3.4760942,37.576523, Self-emp-inc, Bachelors, Married-civ-spouse, Protective-serv, Husband, White, Male, United-States, <=50K
28.619396,132295.47,10.132936,191.53503,-62.774593,54.097088, Private, Some-college, Married-spouse-absent, Farming-fishing, Unmarried, White, Male, United-States, <=50K
38.334747,295048.25,13.738237,795.99524,10.208257,37.93432, Private, Bachelors, Married-spouse-absent, Exec-managerial, Not-in-family, White, Male, United-States, <=50K
28.993315,186988.7,10.742918,394.27234,-19.393007,32.07508, Private, Assoc-voc, Divorced, Farming-fishing, Not-in-family, White, Male, United-States, <=50K
48.600945,168632.22,13.5603485,-29.972233,5.9475374,33.021606, State-gov, Bachelors, Married-civ-spouse, Prof-specialty, Wife, White, Female, United-States, <=50K
60.19353,149973.42,11.45146,257.80188,-2.3627424,52.119053, Private, Assoc-voc, Married-civ-spouse, Farming-fishing, Wife, White, Female, United-States, <=50K
23.367203,91974.49,12.102584,-1736.2681,-63.85574,52.9734, Private, Bachelors, Never-married, Other-service, Unmarried, White, Male, United-States, <=50K
43.103893,118404.91,10.088537,322.70227,305.37488,36.06091, Private, Some-college, Married-civ-spouse, Machine-op-inspct, Husband, White, Male, United-States, <=50K
38.879482,169272.83,9.152867,727.4394,-20.999086,45.392677, Private, HS-grad, Married-civ-spouse, Farming-fishing, Wife, White, Female, United-States, <=50K
28.853672,165325.53,8.95268,575.7596,-17.068148,35.308743, Private, HS-grad, Married-civ-spouse, Exec-managerial, Wife, White, Female, United-States, <=50K
38.519238,132041.97,10.476914,1877.1299,-20.184587,31.09098, Private, Assoc-voc, Divorced, Machine-op-inspct, Unmarried, White, Male, United-States, <=50K
52.570084,327178.94,9.50527,-264.92828,8.702626,23.396528, Local-gov, Some-college, Widowed, Protective-serv, Unmarried, White, Male, United-States, <=50K
47.22347,43490.094,9.458676,-2415.0308,-13.323527,41.483074, Private, HS-grad, Married-civ-spouse, Craft-repair, Husband, White, Male, United-States, >50K
30.295868,120215.01,9.920562,598.44403,12.058339,65.6458, Private, Some-college, Married-spouse-absent, Other-service, Not-in-family, White, Female, United-States, <=50K
22.571379,154375.39,8.306874,-431.9798,1613.295,41.583656, Self-emp-not-inc, HS-grad, Married-civ-spouse, Exec-managerial, Wife, White, Female, United-States, >50K
34.85743,69404.44,5.081406,1280.971,6.8719225,41.23373, Local-gov, HS-grad, Married-spouse-absent, Machine-op-inspct, Not-in-family, White, Female, United-States, <=50K
13.861293,386121.16,10.33479,76.81475,-21.504793,23.87785, ?, Some-college, Never-married, ?, Unmarried, White, Female, United-States, <=50K
62.634933,84400.17,9.390324,171.3197,769.784,51.295403, Private, HS-grad, Married-civ-spouse, Craft-repair, Husband, White, Male, United-States, >50K
59.75919,303714.72,11.752882,108.351494,-52.161587,41.672085, Local-gov, Assoc-voc, Divorced, Protective-serv, Husband, White, Male, United-States, <=50K
28.127047,323373.94,5.8932304,1182.0514,31.872274,27.367447, Local-gov, HS-grad, Separated, Machine-op-inspct, Unmarried, White, Male, United-States, <=50K
50.405704,81402.13,11.735115,21284.322,5.2726946,37.531136, Local-gov, Bachelors, Married-civ-spouse, ?, Husband, White, Female, United-States, >50K
28.710632,175548.7,9.01231,171.9516,-23.631525,27.295052, Private, HS-grad, Never-married, Craft-repair, Own-child, White, Male, United-States, <=50K
42.80972,194805.9,10.389144,110.96508,1596.2878,72.77418, Self-emp-inc, Some-college, Married-civ-spouse, Transport-moving, Husband, White, Male, United-States, >50K
38.030224,223310.34,12.357662,312.1712,-14.434894,61.20023, Local-gov, Bachelors, Married-civ-spouse, ?, Wife, White, Male, United-States, >50K
29.848848,228822.8,7.9169793,1652.7955,15.692784,34.652725, Private, HS-grad, Married-civ-spouse, Other-service, Wife, White, Female, United-States, <=50K
42.68872,208521.33,12.223317,164.82227,-12.388438,55.97769, Private, Bachelors, Married-civ-spouse, Sales, Husband, White, Male, United-States, <=50K
42.50954,165871.23,9.696885,267.60675,-32.15476,45.432037, Private, Some-college, Widowed, Craft-repair, Unmarried, White, Male, United-States, <=50K
64.33841,147272.58,9.724995,1058.0543,-39.050785,30.477943, Self-emp-not-inc, HS-grad, Married-civ-spouse, Exec-managerial, Husband, White, Male, United-States, <=50K
30.307835,111673.39,9.262927,336.79034,-35.851124,49.55056, Private, HS-grad, Married-spouse-absent, Protective-serv, Not-in-family, White, Male, United-States, <=50K
35.981953,165719.27,10.681405,913.53815,-58.407497,15.904724, Private, Assoc-voc, Widowed, Prof-specialty, Unmarried, White, Male, United-States, <=50K
22.636076,101646.945,11.970106,-213.77081,5.0229845,27.459562, Private, Bachelors, Never-married, Prof-specialty, Own-child, White, Male, United-States, <=50K
65.49445,180149.2,12.652963,-625.6225,-22.608889,54.998665, Private, Bachelors, Divorced, Other-service, Husband, White, Male, United-States, <=50K
20.059174,151022.25,9.242938,1755.602,16.630674,35.31691, Federal-gov, Some-college, Married-civ-spouse, Adm-clerical, Own-child, White, Female, United-States, <=50K
28.53811,188043.08,12.725792,-561.8476,-60.485607,50.297417, Private, Bachelors, Separated, Prof-specialty, Unmarried, White, Male, United-States, <=50K
58.37356,121075.625,6.992323,-680.64777,1081.0574,28.66542, Without-pay, HS-grad, Divorced, Farming-fishing, Wife, White, Female, United-States, <=50K
26.95165,278119.9,8.94497,460.94403,-14.631877,35.66977, Private, HS-grad, Married-spouse-absent, Transport-moving, Not-in-family, White, Female, United-States, <=50K
24.969507,195953.73,5.974266,1417.2377,-4.314769,34.132137, Local-gov, HS-grad, Never-married, Exec-managerial, Not-in-family, White, Female, United-States, <=50K
26.35674,411973.3,11.309254,167.32782,16.55696,46.115356, Private, Assoc-voc, Never-married, Machine-op-inspct, Not-in-family, White, Female, United-States, <=50K
38.892242,387237.1,14.545536,6664.78,249.48064,48.41757, Private, Bachelors, Married-civ-spouse, Machine-op-inspct, Wife, White, Male, United-States, >50K
32.598766,216711.02,3.4727545,2325.622,-1.8324155,40.206047, Federal-gov, HS-grad, Married-civ-spouse, Craft-repair, Own-child, White, Male, United-States, <=50K
17.91775,146529.12,10.305838,532.7988,-24.480577,34.591377, ?, Some-college, Never-married, ?, Own-child, White, Female, United-States, <=50K
23.348053,221760.27,9.47323,231.04633,-9.051768,53.347855, Private, Some-college, Divorced, Adm-clerical, Not-in-family, White, Male, United-States, <=50K
18.117184,459980.2,9.34717,-2009.9009,-10.267344,47.80844, Private, HS-grad, Never-married, Craft-repair, Not-in-family, White, Male, United-States, >50K
37.428684,219447.11,6.8450294,763.9764,88.93848,49.91278, Private, HS-grad, Divorced, Adm-clerical, Unmarried, White, Male, United-States, <=50K
28.733152,187749.33,10.1226635,18060.826,-21.146479,45.879303, Private, Some-college, Never-married, Exec-managerial, Own-child, White, Male, United-States, >50K
38.7469,344408.0,8.661325,-468.6115,153.99707,34.640625, Private, HS-grad, Divorced, Exec-managerial, Not-in-family, White, Male, United-States, <=50K
32.902534,369781.03,5.9114747,246.99902,-25.456675,45.006294, Private, HS-grad, Married-civ-spouse, Other-service, Wife, White, Female, United-States, <=50K
52.246315,135647.02,9.665617,662.5161,-18.616968,15.630505, Private, HS-grad, Married-spouse-absent, Protective-serv, Not-in-family, White, Male, United-States, <=50K
39.632343,206568.14,13.100702,21209.547,14.630399,56.146416, Private, Bachelors, Married-civ-spouse, Craft-repair, Husband, White, Male, United-States, >50K
26.374592,119293.305,10.351037,-739.311,-30.694437,46.46365, Private, Assoc-voc, Married-civ-spouse, Farming-fishing, Own-child, White, Male, United-States, >50K
20.007288,379387.4,10.347837,-608.9699,8.837911,35.1099, Private, Assoc-voc, Never-married, Craft-repair, Own-child, White, Male, United-States, <=50K
14.758742,82839.65,9.752128,483.08282,-17.333483,33.459774, Private, HS-grad, Married-civ-spouse, Machine-op-inspct, Own-child, White, Male, United-States, <=50K
31.602444,3056.1414,10.124131,941.1078,-39.590595,33.175327, Local-gov, Some-college, Divorced, Farming-fishing, Unmarried, White, Female, United-States, <=50K
44.529522,170142.17,10.176534,125.75054,-0.72329986,39.497272, State-gov, Some-college, Married-civ-spouse, Adm-clerical, Wife, White, Female, United-States, <=50K
29.229496,197238.0,9.96866,589.7834,7.2080965,37.64663, Private, Assoc-voc, Never-married, Adm-clerical, Unmarried, White, Female, United-States, <=50K
29.361326,175315.39,11.836617,-1155.0007,2.717885,40.345737, Private, Bachelors, Never-married, Farming-fishing, Not-in-family, White, Male, United-States, <=50K
45.748024,82424.66,9.616213,7846.6562,-18.599916,55.084976, Private, Assoc-voc, Married-civ-spouse, Sales, Husband, White, Male, United-States, >50K
48.784653,270508.3,11.40529,-664.7247,-17.675508,33.027714, Local-gov, Assoc-voc, Married-civ-spouse, Prof-specialty, Husband, White, Male, United-States, >50K
34.56589,144373.53,9.72882,886.2293,547.773,34.90603, Private, Some-college, Separated, Adm-clerical, Husband, White, Male, United-States, <=50K
37.985714,115180.336,12.46474,4478.429,-4.841693,25.991953, Private, Bachelors, Never-married, Exec-managerial, Not-in-family, White, Male, United-States, >50K
41.218372,254380.62,9.99073,1601.3599,-19.743174,51.62778, Private, Some-college, Married-civ-spouse, Exec-managerial, Wife, White, Female, United-States, <=50K
37.1939,235781.2,8.877952,930.45575,17.35665,52.10245, Local-gov, HS-grad, Separated, Machine-op-inspct, Own-child, White, Male, United-States, <=50K
40.090153,273537.6,12.466611,78.56646,-40.061993,36.16487, Local-gov, Bachelors, Never-married, Protective-serv, Not-in-family, White, Male, United-States, <=50K
25.94257,101110.89,11.183885,541.19543,-57.735973,19.75244, Local-gov, Assoc-voc, Never-married, Other-service, Own-child, White, Male, United-States, <=50K
58.736702,37468.17,10.298555,2359.7393,1418.3877,63.561443, Private, Some-college, Married-civ-spouse, Sales, Husband, White, Male, United-States, >50K
27.493223,136038.61,12.355584,1168.7281,-25.866648,44.51223, ?, Bachelors, Never-married, Protective-serv, Not-in-family, White, Male, United-States, <=50K
27.587408,301066.88,10.318638,3963.6604,-39.28673,50.509895, Self-emp-inc, HS-grad, Married-civ-spouse, Craft-repair, Husband, White, Male, United-States, >50K
26.861841,243826.75,14.585856,-233.54498,40.45388,44.571503, Private, Bachelors, Never-married, Prof-specialty, Not-in-family, White, Female, United-States, <=50K
43.47078,312556.5,4.9986835,2999.908,28.581247,45.438835, Self-emp-inc, Some-college, Married-spouse-absent, Sales, Unmarried, White, Male, United-States, <=50K
21.476425,260030.28,11.214857,1730.3187,-56.065334,29.154625, Federal-gov, Assoc-voc, Never-married, Tech-support, Own-child, White, Male, United-States, <=50K
44.589207,187351.73,10.312182,1411.2125,-7.796878,58.471245, Federal-gov, Some-college, Married-civ-spouse, Transport-moving, Unmarried, White, Male, United-States, >50K
55.068527,84932.484,8.969137,-558.3841,-4.1270094,39.040096, Self-emp-inc, HS-grad, Married-civ-spouse, Farming-fishing, Husband, White, Male, United-States, >50K
36.985268,149238.4,14.617761,15585.045,726.98724,64.75188, Private, Bachelors, Married-civ-spouse, Craft-repair, Husband, White, Male, United-States, >50K
40.155514,132307.08,9.694983,-507.4544,-7.26353,49.200832, Private, HS-grad, Married-civ-spouse, Adm-clerical, Husband, White, Male, United-States, <=50K
46.177708,141174.47,7.133531,-225.73077,-28.915209,50.566402, Private, HS-grad, Separated, Craft-repair, Own-child, White, Male, United-States, <=50K
29.291935,132085.33,9.406853,-447.5678,-39.342175,47.24613, ?, HS-grad, Never-married, Other-service, Unmarried, White, Female, United-States, <=50K
21.103867,161082.28,8.759917,871.8821,13.074475,47.90443, Private, HS-grad, Separated, Farming-fishing, Own-child, White, Female, United-States, <=50K
22.24998,261359.22,13.797907,1200.4244,1.979848,35.43221, ?, Bachelors, Never-married, ?, Not-in-family, White, Female, United-States, <=50K
12.081355,246495.22,10.541455,-377.55902,-15.640941,40.32134, Private, Assoc-voc, Never-married, Machine-op-inspct, Not-in-family, White, Female, United-States, <=50K
48.761204,332039.5,13.495129,-1298.5039,-35.71446,40.419167, Private, Bachelors, Married-civ-spouse, Tech-support, Wife, White, Female, United-States, <=50K
29.285429,378908.94,9.3915615,4439.9067,819.17993,39.52841, Private, HS-grad, Married-civ-spouse, Exec-managerial, Wife, White, Female, United-States, >50K
33.527256,98757.08,11.551314,438.51355,-12.805217,47.092484, ?, Assoc-voc, Never-married, Protective-serv, Not-in-family, White, Male, United-States, <=50K
37.398888,114956.36,10.137349,335.2176,-24.823526,35.67786, Private, Some-college, Divorced, Transport-moving, Unmarried, White, Male, United-States, <=50K
49.877556,197306.73,11.09936,854.09827,26.353834,53.130814, Self-emp-not-inc, Some-college, Married-civ-spouse, ?, Husband, White, Male, United-States, <=50K
44.400833,117062.29,11.517623,432.62677,-23.499132,33.52521, Local-gov, Assoc-voc, Widowed, Other-service, Unmarried, White, Female, United-States, >50K
54.654854,150848.31,13.365509,9980.296,-18.899881,41.2376, Self-emp-not-inc, Bachelors, Divorced, Prof-specialty, Unmarried, White, Female, United-States, >50K
34.482277,210741.34,11.599721,434.0296,31.83306,39.81246, Private, Assoc-voc, Married-civ-spouse, Tech-support, Husband, White, Male, United-States, <=50K
34.29042,163066.88,9.383782,-989.26556,197.80373,70.888176, Private, Some-college, Married-civ-spouse, Craft-repair, Husband, White, Male, United-States, >50K
38.979576,233863.23,11.192772,2982.9631,-2.5236464,52.65323, Private, Assoc-voc, Married-civ-spouse, Farming-fishing, Husband, White, Male, United-States, <=50K
36.909134,141668.12,9.540944,533.5274,-0.05378999,26.658422, Federal-gov, HS-grad, Divorced, Farming-fishing, Not-in-family, White, Male, United-States, <=50K
25.005085,168290.4,11.604512,-108.214424,-18.4181,41.9819, Private, Assoc-voc, Married-spouse-absent, Farming-fishing, Not-in-family, White, Male, United-States, <=50K
26.880793,206213.56,8.877349,514.1589,15.551442,45.23608, Local-gov, HS-grad, Married-spouse-absent, Adm-clerical, Not-in-family, White, Female, United-States, <=50K
33.685604,176541.0,6.268759,351.10382,25.77188,53.515266, Private, HS-grad, Married-civ-spouse, Farming-fishing, Husband, White, Male, United-States, <=50K
53.559647,310913.5,7.9703474,-982.2214,-21.01877,42.756195, Private, HS-grad, Widowed, Tech-support, Not-in-family, White, Male, United-States, <=50K
18.515476,145334.33,9.92422,1045.516,1323.6183,27.003843, Local-gov, HS-grad, Never-married, Exec-managerial, Not-in-family, White, Male, United-States, <=50K
34.0839,153322.64,12.122634,-2008.9172,-2.6704206,50.744587, Private, Bachelors, Married-civ-spouse, Transport-moving, Husband, White, Male, United-States, >50K
30.023998,228718.27,5.092245,358.76166,-37.2198,28.943537, Local-gov, HS-grad, Never-married, Adm-clerical, Own-child, White, Male, United-States, <=50K
31.806213,231526.4,10.730166,-285.3969,-39.615475,31.951143, Self-emp-inc, Assoc-voc, Married-civ-spouse, Farming-fishing, Husband, White, Male, United-States, <=50K
49.706966,424494.34,13.306414,-185.53326,-26.67148,36.1664, Private, Bachelors, Married-civ-spouse, Other-service, Husband, White, Male, United-States, <=50K
28.21716,165880.9,10.166602,409.01428,-8.7177,45.7798, Private, Assoc-voc, Separated, Adm-clerical, Own-child, White, Female, United-States, <=50K
27.680525,384142.03,11.720005,632.97516,47.73923,34.518017, Self-emp-not-inc, Bachelors, Never-married, Machine-op-inspct, Other-relative, White, Male, United-States, <=50K
38.0809,121509.09,10.505002,1735.418,23.29949,49.522686, Self-emp-not-inc, Some-college, Divorced, Prof-specialty, Unmarried, White, Male, United-States, >50K
49.250244,348591.06,8.492881,3254.6018,11.163648,51.032253, ?, HS-grad, Married-civ-spouse, ?, Wife, White, Female, United-States, <=50K
47.072533,149772.81,9.737102,424.46094,2.3933764,36.30502, Private, Some-college, Married-civ-spouse, Craft-repair, Husband, White, Male, United-States, >50K
25.967203,111075.56,9.087846,-637.38544,162.85367,25.56219, Private, Some-college, Never-married, Craft-repair, Own-child, White, Male, United-States, <=50K
34.327763,239125.97,5.7827373,154.32092,17.915419,26.943762, Private, HS-grad, Never-married, Adm-clerical, Not-in-family, White, Female, United-States, <=50K
15.297727,15223.001,8.950369,-150.18121,95.20585,46.39296, Private, HS-grad, Never-married, Machine-op-inspct, Other-relative, White, Male, United-States, <=50K
24.098207,74582.56,7.8336744,297.44897,-15.103969,51.472416, Private, Some-college, Never-married, Protective-serv, Own-child, White, Male, United-States, <=50K
39.599724,153243.88,12.603953,827.3637,-31.452127,58.386955, Private, Bachelors, Divorced, Other-service, Not-in-family, White, Female, United-States, <=50K
38.743637,245282.3,9.299466,142.9809,12.728482,40.073208, Private, Some-college, Divorced, Sales, Not-in-family, White, Male, United-States, <=50K
68.15609,109982.19,11.305766,1170.7051,-18.550615,56.942535, Self-emp-inc, Assoc-voc, Married-civ-spouse, Farming-fishing, Husband, White, Male, United-States, <=50K
21.79502,92446.21,10.094112,1136.3334,-26.92106,50.553036, Private, Some-college, Divorced, Handlers-cleaners, Not-in-family, White, Female, United-States, <=50K
40.762043,598544.1,11.125281,529.44293,-5.217662,42.519707, Federal-gov, Assoc-voc, Married-civ-spouse, Adm-clerical, Husband, White, Male, United-States, <=50K
24.747908,147507.84,9.763461,-5.609806,-20.13537,49.807503, Private, Some-college, Never-married, Other-service, Other-relative, White, Female, United-States, <=50K
31.87601,370997.84,9.010408,795.38135,-18.835451,41.807484, Self-emp-inc, HS-grad, Divorced, Machine-op-inspct, Not-in-family, White, Male, United-States, <=50K
54.120197,286257.53,12.455606,10968.981,26.516283,47.61293, Private, Bachelors, Widowed, Prof-specialty, Not-in-family, White, Male, United-States, >50K
54.08955,163087.39,9.786065,1262.2871,40.943672,43.21389, Federal-gov, Some-college, Widowed, Adm-clerical, Unmarried, White, Female, United-States, <=50K
28.968971,88927.58,14.223016,20971.205,57.42166,37.946396, Local-gov, Bachelors, Married-civ-spouse, Protective-serv, Wife, White, Female, United-States, >50K
23.447664,231538.83,9.2376995,1316.1653,21.78565,45.099445, Self-emp-not-inc, HS-grad, Never-married, Sales, Own-child, White, Male, United-States, <=50K
42.71413,370954.34,9.175772,1324.2844,-13.022731,44.691685, Self-emp-not-inc, HS-grad, Divorced, Protective-serv, Unmarried, White, Male, United-States, <=50K
64.84854,191504.53,7.593584,1189.8954,24.601252,21.176565, Private, HS-grad, Married-civ-spouse, Other-service, Husband, White, Male, United-States, >50K
31.327301,219444.11,10.287703,396.86877,-19.402521,28.364351, Private, Some-college, Divorced, Adm-clerical, Wife, White, Female, United-States, <=50K
63.107136,196062.64,12.912246,1489.8385,0.73499024,30.182508, ?, Bachelors, Married-civ-spouse, Adm-clerical, Wife, White, Female, United-States, >50K
59.01806,188987.22,8.882262,-731.79034,198.91844,27.045689, Private, Some-college, Widowed, Craft-repair, Unmarried, White, Male, United-States, <=50K
43.441826,293137.62,10.010287,-376.52643,-27.57406,32.89888, Private, Some-college, Married-civ-spouse, Exec-managerial, Husband, White, Male, United-States, >50K
45.19032,291254.3,9.960768,-138.87323,-26.729013,35.774574, State-gov, Some-college, Separated, Other-service, Unmarried, White, Female, United-States, <=50K
26.597813,330594.72,12.635558,208.48486,6.601918,44.53919, Self-emp-inc, Bachelors, Never-married, Craft-repair, Other-relative, White, Male, United-States, <=50K
36.46096,214424.36,11.7660055,-426.77606,196.45538,19.333494, Private, Bachelors, Never-married, Prof-specialty, Own-child, White, Female, United-States, <=50K
42.01569,275728.7,8.547851,-2313.1448,-38.470608,44.509834, Private, HS-grad, Separated, Tech-support, Unmarried, White, Male, United-States, >50K
24.793425,119392.53,5.559081,269.84943,23.996634,70.31428, Private, HS-grad, Never-married, Adm-clerical, Own-child, White, Male, United-States, <=50K
49.67241,181077.83,9.254739,755.8779,58.874767,31.558151, Private, HS-grad, Married-spouse-absent, Machine-op-inspct, Not-in-family, White, Female, United-States, <=50K
38.7242,289136.62,8.845877,586.7819,-26.883692,43.21243, Private, HS-grad, Separated, Transport-moving, Unmarried, White, Male, United-States, <=50K
43.225216,157887.53,4.2733536,378.00568,2.2691622,53.71312, Private, HS-grad, Married-spouse-absent, Other-service, Unmarried, White, Male, United-States, <=50K
17.590408,91255.78,9.266241,17.035336,49.8181,39.28448, Private, HS-grad, Divorced, Transport-moving, Not-in-family, White, Male, United-States, <=50K
17.055517,120782.97,10.83963,-433.95367,126.64359,49.14257, Private, Assoc-voc, Married-civ-spouse, Farming-fishing, Husband, White, Male, United-States, <=50K
39.238068,92617.86,10.1555195,893.85547,-18.069635,67.56581, Federal-gov, Some-college, Married-civ-spouse, Transport-moving, Husband, White, Male, United-States, <=50K
39.734028,196189.83,13.205665,342.8235,-21.649118,54.842678, State-gov, Bachelors, Married-civ-spouse, Protective-serv, Husband, White, Male, United-States, <=50K
30.950413,202534.38,5.2199497,-78.242744,-11.109477,38.5793, Private, HS-grad, Married-civ-spouse, Protective-serv, Husband, White, Male, United-States, <=50K
59.253403,230563.06,9.008969,-572.309,-38.708004,33.031868, Federal-gov, HS-grad, Married-civ-spouse, Other-service, Unmarried, White, Male, United-States, >50K
35.62598,134463.8,11.132181,434.69824,45.11516,27.067429, Private, Assoc-voc, Married-civ-spouse, Prof-specialty, Husband, White, Male, United-States, <=50K
16.497856,82862.13,10.909696,-391.2232,11.156476,42.67802, Private, Assoc-voc, Never-married, Exec-managerial, Unmarried, White, Male, United-States, >50K
37.07278,211817.78,7.4904146,8687.739,-24.303934,47.693943, Private, HS-grad, Separated, Craft-repair, Husband, White, Male, United-States, >50K
32.359512,128270.78,11.775649,-2117.758,-15.539805,60.107243, Federal-gov, Assoc-voc, Married-civ-spouse, Prof-specialty, Husband, White, Male, United-States, >50K
30.066292,63570.17,13.570006,382.3213,19.593565,48.05139, Private, Bachelors, Married-civ-spouse, Farming-fishing, Own-child, White, Male, United-States, <=50K
52.845394,44149.203,12.586134,1245.7296,-36.401333,38.805626, Self-emp-inc, Bachelors, Married-civ-spouse, Tech-support, Husband, White, Male, United-States, >50K
38.056713,150884.16,9.751058,-121.30781,-10.272975,36.17111, Self-emp-inc, HS-grad, Married-civ-spouse, Farming-fishing, Wife, White, Female, United-States, <=50K
33.259205,450568.8,5.2968554,968.78345,-5.0194197,19.589602, Self-emp-not-inc, Some-college, Divorced, Protective-serv, Unmarried, White, Female, United-States, <=50K
25.623623,149903.02,12.267169,-624.31134,1383.3774,44.649002, Private, Bachelors, Divorced, Craft-repair, Unmarried, White, Male, United-States, <=50K
40.134098,243262.36,9.292245,1115.6826,-59.359097,42.654823, Private, HS-grad, Divorced, Other-service, Unmarried, White, Male, United-States, <=50K
31.812862,165642.92,7.2546015,1745.0781,172.78282,17.335396, Private, HS-grad, Married-civ-spouse, Protective-serv, Own-child, White, Male, United-States, <=50K
31.600243,146465.61,13.261054,89.23376,-13.993037,42.337265, Local-gov, Bachelors, Married-civ-spouse, Protective-serv, Husband, White, Male, United-States, <=50K
34.392025,176287.66,3.8433518,481.93768,89.23858,48.319454, Private, HS-grad, Never-married, Farming-fishing, Other-relative, White, Male, United-States, <=50K
33.74345,82148.77,10.2628145,-2419.736,1697.9138,36.716663, Self-emp-not-inc, Some-college, Married-civ-spouse, Craft-repair, Husband, White, Male, United-States, >50K
29.662075,174909.03,9.524191,-875.9582,-23.420588,40.785168, Private, HS-grad, Married-civ-spouse, Tech-support, Wife, White, Female, United-States, >50K
37.260864,145811.3,10.657957,643.09424,-2.2699766,41.69443, Private, Assoc-voc, Married-civ-spouse, Sales, Husband, White, Male, United-States, >50K
31.713636,509443.22,10.563911,1258.629,1070.1166,47.503994, Private, Assoc-voc, Married-civ-spouse, Craft-repair, Husband, White, Male, United-States, <=50K
30.969864,222378.86,8.364173,1393.5472,793.48676,25.407835, Private, HS-grad, Married-spouse-absent, Machine-op-inspct, Unmarried, White, Male, United-States, <=50K
41.238415,133361.86,13.338595,6864.318,-31.287958,41.644936, Local-gov, Bachelors, Married-civ-spouse, Exec-managerial, Wife, White, Male, United-States, >50K
17.252317,225863.1,10.174239,970.2775,4.3377657,18.709793, Private, Some-college, Divorced, Machine-op-inspct, Not-in-family, White, Male, United-States, <=50K
30.795132,89388.234,10.0048895,805.2586,-28.284159,14.71007, Private, Some-college, Never-married, Adm-clerical, Other-relative, White, Female, United-States, <=50K
36.395676,103400.44,9.915054,1524.5911,-27.312548,43.06538, Local-gov, Some-college, Divorced, Exec-managerial, Unmarried, White, Male, United-States, <=50K
27.539623,367767.94,9.938959,58.161434,-27.134981,51.872284, Private, Assoc-voc, Never-married, Other-service, Not-in-family, White, Female, United-States, <=50K
27.354353,109750.64,10.081355,1106.1323,-3.1548338,39.257553, Local-gov, Some-college, Separated, Farming-fishing, Unmarried, White, Female, United-States, <=50K
20.236835,185228.73,9.19666,195.02148,-14.585315,40.369038, Private, HS-grad, Never-married, Sales, Own-child, White, Female, United-States, <=50K
20.31821,161563.27,9.827093,-449.75116,251.6659,24.93915, Private, Some-college, Married-civ-spouse, Other-service, Unmarried, White, Female, United-States, >50K
35.838478,204891.69,12.750656,-27.285587,-34.199917,56.165646, Private, Bachelors, Separated, Prof-specialty, Unmarried, White, Female, United-States, <=50K
27.962467,100603.76,9.969959,-755.2872,-13.983165,53.17619, Private, Some-college, Never-married, Transport-moving, Own-child, White, Male, United-States, <=50K
26.692472,181855.61,11.453908,493.47113,-16.723177,49.830013, Self-emp-inc, Assoc-voc, Divorced, Exec-managerial, Not-in-family, White, Male, United-States, <=50K
31.096718,301964.8,8.520645,98.77294,-13.664111,23.305431, Private, HS-grad, Married-spouse-absent, Craft-repair, Not-in-family, White, Female, United-States, <=50K
51.075157,183132.22,9.940617,999.0596,3.3230715,22.76279, Private, Some-college, Married-civ-spouse, Farming-fishing, Unmarried, White, Male, United-States, <=50K
31.69222,251576.86,8.860458,-108.19416,-8.763072,55.89222, Private, HS-grad, Married-spouse-absent, Other-service, Not-in-family, White, Male, United-States, <=50K
38.61361,442837.53,9.974967,307.8999,23.126036,35.38965, State-gov, Some-college, Married-civ-spouse, Sales, Husband, White, Male, United-States, <=50K
19.913097,94164.43,6.218346,436.70233,2.8898897,37.52388, Private, HS-grad, Never-married, Other-service, Own-child, White, Male, United-States, <=50K
28.887753,279610.47,9.406576,176.99854,994.58777,46.137672, Private, HS-grad, Never-married, Tech-support, Other-relative, White, Female, United-States, <=50K
53.96145,121866.0,11.085454,3597.1396,-32.275227,65.49758, Private, Assoc-voc, Married-civ-spouse, Craft-repair, Husband, White, Male, United-States, <=50K
28.81637,89379.5,8.942941,-625.37823,9.38841,54.914, Private, HS-grad, Separated, Craft-repair, Husband, White, Male, United-States, <=50K
41.214188,43267.812,10.712941,-639.04034,345.3743,38.39576, Private, Assoc-voc, Married-spouse-absent, Transport-moving, Not-in-family, White, Male, United-States, <=50K
44.74711,99895.234,11.472336,-1644.0754,-29.405008,60.380875, Private, Assoc-voc, Married-civ-spouse, Transport-moving, Husband, White, Male, United-States, <=50K
53.131626,186493.05,13.99424,538.2426,577.7276,29.110538, Private, Bachelors, Married-civ-spouse, Prof-specialty, Husband, White, Male, United-States, >50K
50.15571,81577.65,12.426908,-1245.2734,1439.7266,57.00411, Federal-gov, Bachelors, Widowed, Tech-support, Unmarried, White, Male, United-States, >50K
49.35469,148292.06,6.830456,1133.6366,606.6929,30.22251, Private, HS-grad, Widowed, Machine-op-inspct, Unmarried, White, Male, United-States, <=50K
51.153282,289981.2,8.791876,-13.783512,-32.729496,39.139038, State-gov, HS-grad, Married-civ-spouse, Tech-support, Husband, White, Male, United-States, <=50K
19.310795,193703.19,9.0212555,1377.6709,-14.447261,55.52534, Private, HS-grad, Married-civ-spouse, Machine-op-inspct, Husband, White, Male, United-States, <=50K
36.915924,334340.75,11.733489,418.33112,-23.81666,35.927166, Private, Assoc-voc, Married-civ-spouse, Adm-clerical, Wife, White, Female, United-States, <=50K
44.207832,199364.7,17.637602,-2203.2585,15.401227,43.36291, Federal-gov, Bachelors, Married-civ-spouse, Prof-specialty, Husband, White, Male, United-States, >50K
33.913193,107714.24,5.7845173,305.57117,852.3129,5.458559, ?, HS-grad, Never-married, ?, Not-in-family, White, Female, United-States, <=50K
43.629375,215521.45,10.694089,-158.3526,-16.701685,54.358757, Private, Assoc-voc, Married-civ-spouse, Craft-repair, Husband, White, Male, United-States, <=50K
26.251554,125672.7,9.772691,781.54596,-9.600032,9.475916, Private, Some-college, Married-civ-spouse, Sales, Own-child, White, Female, United-States, <=50K
39.682537,348603.8,9.944124,-399.831,1082.3832,55.33467, State-gov, Some-college, Divorced, Sales, Unmarried, White, Male, United-States, <=50K
28.272816,18486.781,6.7152777,-1070.844,450.01013,41.783413, Private, HS-grad, Married-spouse-absent, Protective-serv, Not-in-family, White, Female, United-States, <=50K
40.71404,178328.48,10.078483,768.46674,-14.372951,48.15119, Federal-gov, Some-college, Married-civ-spouse, Other-service, Wife, White, Female, United-States, >50K
38.61361,163011.7,11.064595,1049.2262,-17.568293,44.415627, Private, Assoc-voc, Married-civ-spouse, Adm-clerical, Husband, White, Male, United-States, <=50K
18.938908,138984.98,10.473903,-455.80756,2.337781,51.586468, Private, Assoc-voc, Never-married, Sales, Own-child, White, Male, United-States, <=50K
49.3963,143899.75,3.9120383,19.748714,5.162427,47.871727, Local-gov, HS-grad, Divorced, Protective-serv, Not-in-family, White, Female, United-States, <=50K
61.389442,129034.8,7.1450434,-321.23163,50.35002,24.097775, Private, HS-grad, Married-civ-spouse, Other-service, Wife, White, Female, United-States, <=50K
41.789997,135667.28,11.321774,7010.0576,1284.2122,44.47569, Private, Assoc-voc, Married-civ-spouse, Adm-clerical, Husband, White, Male, United-States, >50K
27.714775,110211.88,10.538187,70.1231,-33.967655,62.590816, Private, Assoc-voc, Never-married, Exec-managerial, Not-in-family, White, Female, United-States, <=50K
57.587162,88645.016,9.21891,481.5907,14.51109,63.205044, Self-emp-not-inc, HS-grad, Widowed, Other-service, Not-in-family, White, Female, United-States, <=50K
48.12496,103297.18,9.245111,1393.1758,-2.1139479,63.19669, Federal-gov, HS-grad, Married-civ-spouse, Transport-moving, Husband, White, Male, United-States, <=50K
28.22376,162836.56,9.137316,-58.530216,-3.6755323,16.811934, State-gov, HS-grad, Married-civ-spouse, Other-service, Wife, White, Female, United-States, <=50K
49.7351,272718.9,9.386111,958.37775,-30.140574,29.822031, State-gov, HS-grad, Widowed, Machine-op-inspct, Not-in-family, White, Male, United-States, <=50K
35.744728,219982.52,13.690266,3887.9688,832.0293,37.78577, Private, Bachelors, Married-civ-spouse, Sales, Husband, White, Male, United-States, >50K
23.087444,356973.06,14.250318,-334.02826,1.7659274,41.25752, Local-gov, Bachelors, Never-married, Prof-specialty, Unmarried, White, Male, United-States, >50K
43.98938,151938.66,6.454792,1744.5101,-16.43944,57.235134, Federal-gov, HS-grad, Divorced, Other-service, Unmarried, White, Male, United-States, <=50K
35.419197,141365.72,9.273601,-298.5572,14.621335,50.8847, Federal-gov, HS-grad, Separated, Craft-repair, Own-child, White, Male, United-States, <=50K
53.650864,292820.3,9.12402,-1493.2192,164.23991,23.77817, Private, HS-grad, Never-married, Farming-fishing, Not-in-family, White, Male, United-States, <=50K
32.252,109261.195,9.953419,-972.5114,815.3633,47.393345, Private, Some-college, Married-spouse-absent, Other-service, Not-in-family, White, Male, United-States, <=50K
32.777195,220318.58,8.724161,-76.93879,27.197412,34.273106, Private, HS-grad, Married-civ-spouse, Craft-repair, Own-child, White, Male, United-States, <=50K
46.365253,178734.33,10.472289,-1244.9165,-34.07703,36.59805, Private, Assoc-voc, Married-civ-spouse, Other-service, Husband, White, Male, United-States, >50K
12.405553,423941.6,10.76173,-156.05304,4.3424807,38.515263, Private, Assoc-voc, Never-married, Adm-clerical, Own-child, White, Male, United-States, <=50K
17.716574,178258.14,5.7506614,856.4226,-34.219822,42.981186, Private, HS-grad, Married-civ-spouse, Protective-serv, Own-child, White, Male, United-States, >50K
40.58695,178563.4,9.351327,26354.725,184.29295,64.15219, Federal-gov, HS-grad, Separated, Transport-moving, Husband, White, Male, United-States, >50K
44.981186,237359.2,12.218936,-758.4831,-33.31818,20.176186, Private, Bachelors, Married-civ-spouse, Tech-support, Husband, White, Male, United-States, <=50K
25.656109,71090.57,14.704142,-443.71307,-17.197649,36.877857, Private, Bachelors, Never-married, Prof-specialty, Own-child, White, Male, United-States, <=50K
23.49844,276652.3,9.527021,18.488949,-17.768038,43.41691, Private, Some-college, Separated, Craft-repair, Unmarried, White, Male, United-States, <=50K
33.280327,224258.77,5.6118035,-332.03546,83.06018,32.168182, Private, HS-grad, Never-married, Other-service, Not-in-family, White, Male, United-States, <=50K
34.122494,131792.95,10.601386,31.487118,1589.9248,47.68681, Self-emp-inc, Assoc-voc, Married-civ-spouse, Transport-moving, Husband, White, Male, United-States, >50K
47.194576,121492.26,11.345309,558.85425,8.49384,18.588133, Self-emp-not-inc, Assoc-voc, Widowed, Prof-specialty, Unmarried, White, Female, United-States, >50K
52.63484,286610.75,7.756429,-1537.2769,160.54047,59.962284, Private, HS-grad, Married-civ-spouse, Other-service, Husband, White, Male, United-States, <=50K
17.719921,231388.33,9.176514,-233.92719,-20.818209,41.080906, Private, HS-grad, Never-married, Farming-fishing, Not-in-family, White, Male, United-States, <=50K
31.464289,110444.89,12.024736,219.15741,371.29663,42.357124, Private, Bachelors, Divorced, Exec-managerial, Unmarried, White, Male, United-States, <=50K
48.187622,262766.8,10.847205,454.82617,4.313588,61.024223, Federal-gov, Assoc-voc, Married-civ-spouse, Prof-specialty, Husband, White, Male, United-States, <=50K
20.890272,125749.945,9.441085,305.04358,25.502718,35.14329, Private, HS-grad, Married-spouse-absent, Handlers-cleaners, Unmarried, White, Female, United-States, <=50K
21.546757,210408.39,10.293912,660.1206,4.0114183,36.31472, State-gov, Some-college, Never-married, Adm-clerical, Own-child, White, Female, United-States, <=50K
45.371937,134491.7,4.1616054,1860.3762,-15.641498,20.145315, ?, HS-grad, Never-married, ?, Unmarried, White, Male, United-States, <=50K
38.83188,34372.203,9.250322,460.85474,20.137869,65.90151, Federal-gov, HS-grad, Married-civ-spouse, Sales, Husband, White, Male, United-States, <=50K
26.150282,189409.34,10.359,-217.22662,-35.67082,31.772024, Local-gov, Some-college, Never-married, Other-service, Own-child, White, Male, United-States, <=50K
41.55921,13260.845,11.162557,-422.24554,-39.53464,54.11727, Private, Assoc-voc, Married-civ-spouse, Exec-managerial, Wife, White, Female, United-States, >50K
42.401077,286403.6,11.89669,730.4771,-22.004206,41.467968, Self-emp-not-inc, Bachelors, Married-civ-spouse, Sales, Husband, White, Male, United-States, <=50K
40.43361,275587.12,9.085336,1496.3693,-12.276896,43.57741, Private, HS-grad, Married-civ-spouse, Farming-fishing, Wife, White, Female, United-States, <=50K
26.213182,95716.76,12.258196,-130.4096,4.512723,36.42873, Local-gov, Bachelors, Married-spouse-absent, Adm-clerical, Not-in-family, White, Male, United-States, <=50K
36.45984,227821.34,12.038101,146.86542,-7.199565,58.154816, Private, Bachelors, Separated, Tech-support, Unmarried, White, Female, United-States, <=50K
53.140945,188569.67,8.983041,1889.9786,10.92632,41.118656, Self-emp-inc, HS-grad, Married-civ-spouse, Exec-managerial, Husband, White, Male, United-States, >50K
19.173536,12517.048,12.360618,1420.43,-17.492914,39.67371, Private, Bachelors, Divorced, Prof-specialty, Not-in-family, White, Female, United-States, >50K
29.079502,284630.2,12.638055,489.25696,21.355566,36.608906, Private, Bachelors, Married-civ-spouse, Exec-managerial, Husband, White, Male, United-States, <=50K
36.19176,131539.48,5.8916726,895.3272,19.439688,29.97955, Private, HS-grad, Divorced, Sales, Unmarried, White, Female, United-States, <=50K
24.65948,255363.69,4.206457,737.02673,0.21294127,41.529633, State-gov, HS-grad, Married-spouse-absent, Farming-fishing, Not-in-family, White, Male, United-States, <=50K
25.732584,351740.03,7.5175576,-960.82196,91.71507,25.892597, Private, HS-grad, Never-married, Other-service, Not-in-family, White, Female, United-States, <=50K
36.759136,317136.1,13.29936,7446.0264,20.082159,44.109673, Local-gov, Bachelors, Married-civ-spouse, Other-service, Unmarried, White, Female, United-States, >50K
33.72239,141802.0,11.626962,2921.545,-25.50152,54.391087, Private, Bachelors, Married-civ-spouse, Prof-specialty, Husband, White, Male, United-States, >50K
46.680485,214950.53,11.425795,-2260.0234,555.7282,54.05861, Federal-gov, Assoc-voc, Married-civ-spouse, Craft-repair, Husband, White, Male, United-States, >50K
27.62421,215716.11,7.048773,745.0615,-19.089716,28.925814, Private, HS-grad, Never-married, Other-service, Other-relative, White, Female, United-States, <=50K
36.044594,79553.57,13.73331,-2281.3281,-0.7651547,54.88055, Private, Bachelors, Married-civ-spouse, Tech-support, Husband, White, Male, United-States, >50K
13.239009,96883.41,8.099215,385.99548,-26.599443,25.286171, Private, HS-grad, Divorced, Other-service, Unmarried, White, Male, United-States, <=50K
19.583218,235405.55,13.852055,-690.4954,54.293015,35.09102, Self-emp-inc, Bachelors, Never-married, Sales, Other-relative, White, Female, United-States, <=50K
56.546032,267029.9,6.2335405,2098.9438,-23.524324,35.362255, Private, HS-grad, Married-civ-spouse, Craft-repair, Husband, White, Male, United-States, <=50K
41.111618,50074.14,10.025241,1901.6205,-43.37341,54.063316, Private, Some-college, Divorced, Tech-support, Not-in-family, White, Male, United-States, <=50K
28.96773,102020.125,9.294756,2287.7878,15.939206,26.288597, Local-gov, Some-college, Married-civ-spouse, Protective-serv, Own-child, White, Male, United-States, <=50K
33.32102,207478.38,13.290418,629.2675,-33.97044,47.209534, Private, Bachelors, Married-civ-spouse, Prof-specialty, Wife, White, Female, United-States, >50K
41.254475,124593.414,5.6244545,221.37726,-9.78197,28.007202, Local-gov, HS-grad, Married-civ-spouse, ?, Wife, White, Female, United-States, <=50K
35.167603,150999.89,11.684297,-74.585884,-12.233279,42.150562, Private, Assoc-voc, Divorced, Protective-serv, Not-in-family, White, Male, United-States, <=50K
21.010405,191683.19,6.289033,2883.9253,-53.900677,25.053581, Local-gov, HS-grad, Married-civ-spouse, Machine-op-inspct, Own-child, White, Male, United-States, <=50K
32.5948,215404.92,9.964481,790.348,127.477646,46.791588, Private, Some-college, Divorced, Adm-clerical, Unmarried, White, Male, United-States, <=50K
48.250183,320482.34,12.60049,851.11395,-7.8664274,39.42997, State-gov, Bachelors, Married-civ-spouse, Protective-serv, Wife, White, Female, United-States, <=50K
46.8832,124312.65,9.174787,9706.766,-12.467792,48.02111, Private, HS-grad, Married-civ-spouse, Craft-repair, Husband, White, Male, United-States, >50K
31.802578,74908.95,14.405159,2667.5156,-22.138437,40.076862, Private, Bachelors, Never-married, Prof-specialty, Own-child, White, Male, United-States, >50K
30.728374,345493.47,12.277965,664.5049,-12.27106,65.488075, Federal-gov, Bachelors, Divorced, Tech-support, Not-in-family, White, Male, United-States, <=50K
34.820595,110835.414,11.145068,744.9342,-28.113527,31.240225, Federal-gov, Assoc-voc, Married-spouse-absent, Exec-managerial, Not-in-family, White, Male, United-States, <=50K
21.682785,49238.97,10.392659,729.7214,-11.851352,37.486153, Private, Some-college, Married-civ-spouse, Transport-moving, Husband, White, Male, United-States, <=50K
41.558487,409428.78,5.4679093,1000.4255,-20.663202,39.948147, Private, HS-grad, Divorced, Other-service, Not-in-family, White, Male, United-States, <=50K
66.31126,112771.695,14.439676,-5515.1904,1588.5677,47.46028, Self-emp-inc, Bachelors, Married-civ-spouse, Exec-managerial, Husband, White, Male, United-States, >50K
48.85006,350819.5,12.235229,6166.2607,33.515198,59.038242, Self-emp-inc, Bachelors, Married-civ-spouse, Protective-serv, Husband, White, Male, United-States, >50K
60.848892,52897.22,10.88924,586.9202,-22.117777,39.666325, ?, Assoc-voc, Widowed, ?, Not-in-family, White, Female, United-States, <=50K
35.757576,143766.77,5.3053966,-56.023136,10.529981,58.734646, Private, HS-grad, Separated, Transport-moving, Husband, White, Male, United-States, >50K
48.4455,158052.05,9.184774,1303.7468,-25.799662,50.737568, Self-emp-not-inc, HS-grad, Divorced, Sales, Unmarried, White, Male, United-States, <=50K
37.996124,1103.6569,12.458339,695.3382,-68.840385,51.830963, Local-gov, Bachelors, Never-married, Protective-serv, Unmarried, White, Male, United-States, <=50K
46.234528,202072.34,12.565652,513.8766,1.8400089,19.296787, Local-gov, Bachelors, Married-civ-spouse, Protective-serv, Husband, White, Male, United-States, >50K
44.804268,147473.61,10.623058,1228.991,-29.223902,37.260075, Local-gov, Some-college, Separated, Prof-specialty, Wife, White, Female, United-States, <=50K
32.31101,347406.0,9.387386,2317.2896,26.723661,42.34191, Private, HS-grad, Married-civ-spouse, Sales, Husband, White, Male, United-States, >50K
37.882526,257349.86,12.108231,721.6225,3.251233,60.57702, Private, Assoc-voc, Married-civ-spouse, Farming-fishing, Husband, White, Male, United-States, <=50K
45.859425,153602.77,10.37368,2610.7173,-28.557673,46.401035, Private, Assoc-voc, Married-civ-spouse, Other-service, Wife, White, Female, United-States, >50K
30.726423,174882.14,13.822621,-1159.6489,57.60758,42.91808, Private, Bachelors, Never-married, Prof-specialty, Unmarried, White, Female, United-States, <=50K
22.917475,184302.72,9.597177,-258.66095,48.840927,31.746405, Private, Some-college, Never-married, Craft-repair, Not-in-family, White, Male, United-States, <=50K
46.635582,75300.27,11.808542,26.226986,-1.6932935,37.923462, Private, Bachelors, Widowed, Prof-specialty, Not-in-family, White, Female, United-States, <=50K
34.109608,149934.94,9.984761,2203.479,-5.1017485,40.93383, Private, Some-college, Married-civ-spouse, Farming-fishing, Husband, White, Male, United-States, <=50K
35.76436,48096.61,10.1538515,32896.21,44.65707,42.705967, Private, Some-college, Divorced, Exec-managerial, Unmarried, White, Male, United-States, >50K
48.024757,139015.88,7.1594872,717.3394,29.690771,45.18743, Private, HS-grad, Widowed, Adm-clerical, Not-in-family, White, Female, United-States, <=50K
26.38114,131350.16,13.081891,-2384.7834,1098.7141,41.355423, Private, Bachelors, Married-civ-spouse, Exec-managerial, Wife, White, Male, United-States, >50K
69.01043,57360.89,8.806887,1789.9028,-38.12688,45.175137, Local-gov, HS-grad, Married-civ-spouse, Farming-fishing, Wife, White, Female, United-States, <=50K
27.530989,158478.12,9.945192,-406.46808,121.19226,30.221277, State-gov, Assoc-voc, Married-civ-spouse, Adm-clerical, Husband, White, Male, United-States, <=50K
23.380402,166340.44,10.663222,-658.6337,303.49478,37.21831, Private, Assoc-voc, Never-married, Protective-serv, Other-relative, White, Male, United-States, <=50K
54.532776,122322.81,8.957966,1083.9856,-31.390017,36.398262, Local-gov, HS-grad, Married-civ-spouse, ?, Wife, White, Female, United-States, <=50K
43.55808,175717.48,12.392582,-1392.6599,286.85526,39.06394, Private, Bachelors, Separated, Exec-managerial, Unmarried, White, Female, United-States, <=50K
39.21127,244089.75,9.961283,944.5271,-10.565394,19.654142, Self-emp-not-inc, Some-college, Married-civ-spouse, Tech-support, Husband, White, Male, United-States, <=50K
24.96941,274673.47,9.063121,2912.28,-15.521022,61.24475, Local-gov, HS-grad, Married-spouse-absent, Exec-managerial, Not-in-family, White, Female, United-States, <=50K
34.298077,328159.56,7.464417,252.49432,65.60881,44.60281, Private, HS-grad, Never-married, Sales, Own-child, White, Female, United-States, <=50K
60.18532,115416.8,12.800886,853.3859,14.881963,23.572502, Private, Bachelors, Married-civ-spouse, Farming-fishing, Husband, White, Male, United-States, >50K
32.185555,135703.39,11.204516,920.7671,-6.866542,41.142826, Private, Assoc-voc, Never-married, Transport-moving, Unmarried, White, Female, United-States, <=50K
20.214012,58423.67,9.918143,150.34253,753.1977,41.243656, Private, HS-grad, Divorced, Adm-clerical, Not-in-family, White, Female, United-States, <=50K
35.99647,316773.1,11.887724,-214.35394,-13.34859,45.79102, Local-gov, Bachelors, Married-civ-spouse, Adm-clerical, Husband, White, Male, United-States, <=50K
33.41375,204630.75,10.00514,73.95269,-25.457483,19.797901, Self-emp-inc, Some-college, Married-spouse-absent, Sales, Not-in-family, White, Male, United-States, <=50K
33.73956,94443.51,9.905707,-2329.0593,188.2246,21.892693, Private, Some-college, Never-married, Other-service, Own-child, White, Female, United-States, <=50K
16.939049,184472.23,9.22765,231.15411,95.78806,27.17217, Private, HS-grad, Married-civ-spouse, Transport-moving, Own-child, White, Male, United-States, <=50K
37.37834,71513.125,14.703461,2119.4163,0.79930604,75.778465, Private, Bachelors, Married-civ-spouse, Prof-specialty, Wife, White, Female, United-States, >50K
42.953964,164309.92,8.196345,355.15826,-15.944362,42.431553, Local-gov, HS-grad, Separated, Adm-clerical, Unmarried, White, Female, United-States, <=50K
41.678596,103160.33,12.4347925,-789.0119,-17.813776,52.42592, State-gov, Bachelors, Married-civ-spouse, Prof-specialty, Wife, White, Female, United-States, >50K
40.314423,49360.875,10.9889345,-1319.4841,66.63595,47.057404, Private, Assoc-voc, Married-civ-spouse, Tech-support, Husband, White, Male, United-States, >50K
44.731335,327054.94,11.181319,18141.482,86.7043,45.505035, Private, Assoc-voc, Married-civ-spouse, Craft-repair, Husband, White, Male, United-States, >50K
38.502464,209824.78,11.228511,880.25214,-52.82014,36.84134, Private, Assoc-voc, Divorced, Prof-specialty, Unmarried, White, Male, United-States, <=50K
40.42605,193433.83,6.417354,-256.8194,631.21655,59.663708, Private, HS-grad, Married-civ-spouse, Sales, Husband, White, Male, United-States, <=50K
53.803886,65747.36,4.1981597,-3066.8435,1253.4083,58.63057, Private, HS-grad, Married-civ-spouse, Sales, Husband, White, Male, United-States, >50K
30.74608,117065.57,10.249969,771.0199,53.25198,26.420256, ?, Some-college, Never-married, ?, Unmarried, White, Female, United-States, <=50K
25.021404,390258.0,6.4634075,1406.9559,-5.5471983,31.332811, Private, HS-grad, Married-spouse-absent, Transport-moving, Unmarried, White, Male, United-States, <=50K
26.499891,200333.81,12.396657,-198.09235,12.990254,58.295277, Private, Bachelors, Never-married, Other-service, Unmarried, White, Male, United-States, >50K
36.25095,124043.07,13.767863,-271.73737,-18.560907,50.752857, Private, Bachelors, Married-spouse-absent, Prof-specialty, Unmarried, White, Female, United-States, >50K
32.672585,150591.33,12.454133,-626.65204,-1.0942181,56.13448, Local-gov, Bachelors, Never-married, Protective-serv, Other-relative, White, Male, United-States, <=50K
69.34844,170646.02,9.238641,571.40356,1.2906696,45.469685, Federal-gov, HS-grad, Widowed, Sales, Not-in-family, White, Female, United-States, <=50K
29.32346,9933.329,9.428712,908.006,-30.377962,57.098755, Private, HS-grad, Never-married, Craft-repair, Not-in-family, White, Male, United-States, <=50K
49.078854,343168.28,9.752544,23859.332,-8.494464,48.397972, Private, Some-college, Married-civ-spouse, Exec-managerial, Unmarried, White, Male, United-States, >50K
19.490593,129312.55,6.9453063,925.5132,15.881352,39.673664, Private, HS-grad, Never-married, Machine-op-inspct, Unmarried, White, Male, United-States, <=50K
38.94803,38138.42,9.748096,871.5655,45.16546,49.846024, Private, Some-college, Married-spouse-absent, Farming-fishing, Unmarried, White, Male, United-States, <=50K
64.05792,194853.31,8.230679,856.2712,20.799109,40.56171, Local-gov, HS-grad, Widowed, Protective-serv, Unmarried, White, Female, United-States, <=50K
48.025536,221397.77,11.657646,-150.89215,721.79315,38.811607, Private, Bachelors, Married-civ-spouse, Tech-support, Wife, White, Female, United-States, >50K
36.553066,82692.12,9.219529,-3659.3591,432.03458,29.65412, State-gov, HS-grad, Divorced, Tech-support, Not-in-family, White, Male, United-States, <=50K
40.544056,453288.28,12.086791,1272.7975,17.087965,39.7406, Local-gov, Bachelors, Married-civ-spouse, Adm-clerical, Wife, White, Female, United-States, <=50K
38.005943,143763.89,9.976779,675.0029,-21.386583,46.532696, State-gov, Some-college, Married-civ-spouse, Prof-specialty, Husband, White, Male, United-States, <=50K
34.454815,289062.25,10.966673,763.3343,-1.661662,26.7121, Private, Assoc-voc, Married-civ-spouse, Adm-clerical, Husband, White, Male, United-States, <=50K
44.59591,86404.95,11.517848,124.30901,-21.715647,41.489563, Private, Assoc-voc, Married-civ-spouse, Handlers-cleaners, Husband, White, Male, United-States, <=50K
30.521133,265499.56,9.158152,-81.61298,300.0662,41.85129, Private, HS-grad, Separated, Sales, Unmarried, White, Female, United-States, <=50K
34.2928,168396.0,13.137627,1395.3623,14.833882,50.00155, Private, Bachelors, Married-civ-spouse, Craft-repair, Unmarried, White, Male, United-States, >50K
31.402758,110013.61,10.05199,148.5232,4.882657,40.56143, Federal-gov, Some-college, Divorced, Adm-clerical, Not-in-family, White, Female, United-States, <=50K
25.809937,78331.516,10.127885,845.8279,-3.6741133,38.2965, Self-emp-inc, Some-college, Separated, Adm-clerical, Unmarried, White, Female, United-States, <=50K
22.516432,27462.0,8.880725,502.72003,-14.20151,40.073883, Private, HS-grad, Married-spouse-absent, Sales, Not-in-family, White, Female, United-States, <=50K
29.879786,117868.99,10.576927,826.0726,-47.77319,31.16132, Local-gov, Assoc-voc, Divorced, Prof-specialty, Not-in-family, White, Female, United-States, <=50K
28.830624,179294.02,9.999948,1113.3215,-25.771631,24.747112, ?, HS-grad, Divorced, Machine-op-inspct, Not-in-family, White, Female, United-States, <=50K
59.616447,130180.13,9.588651,1428.5721,-1.4757107,39.861443, State-gov, HS-grad, Married-civ-spouse, Machine-op-inspct, Husband, White, Male, United-States, <=50K
49.153183,101859.27,13.48719,-1090.8091,-11.946414,45.339935, Private, Bachelors, Married-civ-spouse, Farming-fishing, Husband, White, Male, United-States, <=50K
40.07998,102828.6,11.662369,-291.6822,-12.160769,39.25745, Self-emp-inc, Assoc-voc, Married-civ-spouse, Prof-specialty, Husband, White, Male, United-States, <=50K
75.612915,214606.44,11.278541,3845.051,48.552464,44.47744, Self-emp-inc, Assoc-voc, Married-civ-spouse, Craft-repair, Husband, White, Male, United-States, >50K
55.40618,247768.58,9.631099,360.49408,-8.327495,26.43807, Local-gov, Some-college, Married-civ-spouse, Other-service, Wife, White, Female, United-States, <=50K
38.457092,195886.98,10.307789,21.176205,-11.292148,59.109608, Self-emp-inc, Some-college, Married-civ-spouse, Transport-moving, Husband, White, Male, United-States, >50K
37.839794,196679.4,11.289539,-31.17841,-61.51121,47.27064, Private, Assoc-voc, Separated, Other-service, Unmarried, White, Male, United-States, <=50K
20.57915,93100.1,10.268711,26.095272,-20.52466,28.50167, Private, Some-college, Never-married, Adm-clerical, Other-relative, White, Male, United-States, <=50K
27.288467,217114.2,10.19973,519.35223,1105.9484,45.98284, Private, Assoc-voc, Divorced, Exec-managerial, Not-in-family, White, Female, United-States, >50K
31.527641,257875.08,5.1988606,1008.58026,-17.119402,45.955376, Private, HS-grad, Separated, Sales, Unmarried, White, Male, United-States, <=50K
52.214367,228589.58,10.217184,20954.875,76.37264,40.963383, Federal-gov, Some-college, Married-civ-spouse, Adm-clerical, Husband, White, Male, United-States, >50K
29.68484,532563.06,10.147627,-523.54095,-14.245463,47.356693, Federal-gov, Some-college, Married-civ-spouse, Prof-specialty, Husband, White, Male, United-States, <=50K
32.637295,145263.62,12.253358,241.30096,-4.3101683,29.415916, Self-emp-not-inc, Bachelors, Married-civ-spouse, Craft-repair, Husband, White, Male, United-States, >50K
23.193426,214400.36,11.771441,-118.539986,-14.2105665,24.664505, Private, Bachelors, Never-married, Adm-clerical, Own-child, White, Female, United-States, <=50K
49.616066,118162.83,11.542515,-474.38812,-5.0978575,40.78353, Private, Bachelors, Divorced, Prof-specialty, Not-in-family, White, Male, United-States, <=50K
11.316619,351869.88,10.728571,1390.9037,-17.960733,45.776386, Private, Assoc-voc, Never-married, Machine-op-inspct, Own-child, White, Male, United-States, <=50K
39.38603,155705.98,9.9876375,5280.3403,-38.775448,36.72064, State-gov, Some-college, Married-civ-spouse, Tech-support, Wife, White, Female, United-States, >50K
20.286442,174261.77,7.854739,182.25275,-15.791026,32.49538, Private, HS-grad, Separated, Farming-fishing, Own-child, White, Female, United-States, <=50K
50.896908,111644.78,13.604793,-2652.72,884.09454,22.433344, Local-gov, Bachelors, Married-civ-spouse, Other-service, Husband, White, Male, United-States, >50K
23.017786,333944.66,6.2694106,479.90515,0.3833362,62.278084, Private, HS-grad, Never-married, Transport-moving, Not-in-family, White, Male, United-States, <=50K
23.713829,456977.12,8.486745,-446.15717,-29.911692,39.861767, Private, HS-grad, Never-married, Other-service, Other-relative, White, Male, United-States, <=50K
49.586388,144573.97,11.801741,205.10883,-22.942957,43.426964, Local-gov, Assoc-voc, Married-civ-spouse, Other-service, Husband, White, Male, United-States, <=50K
46.4187,77975.555,10.030795,927.58575,-24.199205,57.55345, State-gov, Some-college, Divorced, Other-service, Unmarried, White, Male, United-States, <=50K
46.274216,133856.08,10.70001,611.1951,-20.724474,49.15434, Private, Assoc-voc, Divorced, Exec-managerial, Unmarried, White, Female, United-States, >50K
37.878075,115920.79,10.236896,-467.9803,-26.61767,29.962069, Private, Some-college, Married-civ-spouse, Handlers-cleaners, Wife, White, Female, United-States, <=50K
39.8486,88737.22,11.090571,67.57604,-16.525507,42.382515, Private, Assoc-voc, Married-civ-spouse, Exec-managerial, Wife, White, Female, United-States, <=50K
38.28333,171171.27,11.756745,-32.290714,-32.98241,33.859585, Private, Assoc-voc, Married-civ-spouse, Farming-fishing, Husband, White, Male, United-States, <=50K
42.063972,582185.4,12.620013,1018.0711,-5.9871397,26.002794, Private, Bachelors, Married-civ-spouse, Craft-repair, Husband, White, Male, United-States, >50K
28.934086,172897.17,6.012711,275.96362,-4.3928404,43.31362, State-gov, HS-grad, Never-married, Craft-repair, Own-child, White, Male, United-States, <=50K
47.84497,110347.414,10.1482935,1030.4788,18.111914,39.662323, Federal-gov, Some-college, Widowed, Adm-clerical, Unmarried, White, Female, United-States, <=50K
30.500423,384190.72,9.082815,-80.90827,743.89825,49.705315, Private, HS-grad, Married-spouse-absent, Exec-managerial, Not-in-family, White, Male, United-States, <=50K
51.759743,271432.56,10.472412,2031.3733,-22.142076,57.389336, Self-emp-inc, HS-grad, Married-civ-spouse, Transport-moving, Husband, White, Male, United-States, <=50K
31.654242,230622.77,9.976191,382.52423,11.669965,23.520073, Local-gov, Some-college, Never-married, Adm-clerical, Not-in-family, White, Female, United-States, <=50K
46.59169,185225.22,11.176526,-313.20343,52.108707,42.03971, Private, Assoc-voc, Widowed, Exec-managerial, Not-in-family, White, Female, United-States, <=50K
28.20181,193857.48,7.150707,305.456,-1.7367429,40.622887, Private, HS-grad, Divorced, Farming-fishing, Not-in-family, White, Male, United-States, <=50K
29.836823,190048.44,9.568571,684.5968,-1.1917065,20.963778, Self-emp-not-inc, HS-grad, Widowed, Adm-clerical, Not-in-family, White, Male, United-States, <=50K
50.671406,186344.16,9.18659,133.32709,-9.25648,58.82407, Private, HS-grad, Married-civ-spouse, Adm-clerical, Husband, White, Male, United-States, <=50K
46.297348,307472.47,11.464637,-465.7669,-32.46481,52.752693, Self-emp-inc, Assoc-voc, Married-civ-spouse, Craft-repair, Husband, White, Male, United-States, <=50K
23.679554,135030.03,8.259373,-63.90534,2.2165194,30.097855, Private, HS-grad, Never-married, Craft-repair, Unmarried, White, Male, United-States, <=50K
25.505669,191125.58,11.028656,-2578.3645,141.11865,42.64811, Private, Assoc-voc, Never-married, Tech-support, Other-relative, White, Male, United-States, <=50K
28.127619,212274.38,11.1885605,-45.19562,-32.671467,28.79769, Federal-gov, Assoc-voc, Married-civ-spouse, Craft-repair, Husband, White, Male, United-States, <=50K
48.11954,239142.33,11.261704,3934.3994,329.71396,55.899117, State-gov, Assoc-voc, Married-civ-spouse, Handlers-cleaners, Husband, White, Male, United-States, >50K
26.91335,188816.8,9.277555,363.88953,-8.152301,57.0401, Local-gov, Some-college, Never-married, Other-service, Unmarried, White, Male, United-States, <=50K
29.071518,263162.88,2.9485607,496.6875,14.986653,31.832678, State-gov, HS-grad, Never-married, Adm-clerical, Unmarried, White, Female, United-States, <=50K
20.272526,475897.7,5.37258,-60.28937,19.51853,35.658997, Private, HS-grad, Never-married, Sales, Other-relative, White, Male, United-States, <=50K
52.023136,46692.14,16.267906,18779.498,1227.7047,59.323467, Private, Bachelors, Married-civ-spouse, Prof-specialty, Husband, White, Male, United-States, >50K
26.655104,138917.52,6.3209276,1813.7906,19.510786,16.750864, Self-emp-not-inc, HS-grad, Married-spouse-absent, Sales, Unmarried, White, Female, United-States, <=50K
30.426052,113251.28,11.134373,425.70514,-25.5786,40.5059, Local-gov, Assoc-voc, Never-married, Protective-serv, Unmarried, White, Male, United-States, <=50K
26.370586,254293.19,10.119121,599.53827,-15.515513,52.44483, Private, Assoc-voc, Never-married, Farming-fishing, Own-child, White, Male, United-States, <=50K
50.250275,157594.0,11.172511,1335.0764,-25.746561,46.791008, Local-gov, Assoc-voc, Married-civ-spouse, Adm-clerical, Husband, White, Male, United-States, <=50K
48.742638,249255.52,12.554239,377.8227,6.325925,26.665705, Local-gov, Bachelors, Never-married, Prof-specialty, Not-in-family, White, Female, United-States, <=50K
30.765448,118682.47,9.919628,745.35077,-5.222148,41.966618, Private, Some-college, Separated, Exec-managerial, Unmarried, White, Female, United-States, <=50K
45.292274,94137.695,11.461906,27232.955,714.166,42.85634, Private, Assoc-voc, Married-civ-spouse, Prof-specialty, Husband, White, Male, United-States, >50K
29.095003,105948.1,9.804181,808.37805,18.476995,25.40451, Private, Some-college, Married-spouse-absent, Farming-fishing, Unmarried, White, Male, United-States, <=50K
47.749107,301897.44,9.968175,2942.2344,30.630182,38.28941, Private, Some-college, Married-civ-spouse, Adm-clerical, Wife, White, Female, United-States, <=50K
55.24294,161661.34,9.960082,-1249.1282,-8.285617,28.09502, Private, Some-college, Married-civ-spouse, Other-service, Husband, White, Male, United-States, >50K
26.499529,373853.3,11.457881,-748.9057,-34.706036,41.941765, Self-emp-not-inc, Assoc-voc, Married-civ-spouse, Transport-moving, Husband, White, Male, United-States, >50K
23.932182,129520.21,12.215678,205.77045,-53.497097,48.152565, State-gov, Bachelors, Never-married, Prof-specialty, Own-child, White, Female, United-States, >50K
29.314293,26182.547,10.787299,1109.9015,-13.728,57.72844, Private, Assoc-voc, Married-civ-spouse, Exec-managerial, Husband, White, Male, United-States, <=50K
35.7766,323647.5,4.011362,-636.14557,21.1043,41.19535, Private, HS-grad, Married-civ-spouse, Farming-fishing, Husband, White, Male, United-States, <=50K
57.280117,165193.16,9.9783535,478.32977,4.8772707,43.043602, Private, Some-college, Married-civ-spouse, Other-service, Husband, White, Male, United-States, >50K
30.4931,108071.89,12.313034,-918.5401,6.043889,42.505177, Federal-gov, Bachelors, Married-spouse-absent, Craft-repair, Not-in-family, White, Male, United-States, <=50K
43.04114,209112.62,16.26175,1518.7583,-3.9149961,37.94722, Local-gov, Bachelors, Divorced, Exec-managerial, Not-in-family, White, Female, United-States, <=50K
26.679062,130333.37,11.54859,850.5125,18.638739,17.112734, Private, Assoc-voc, Never-married, Sales, Other-relative, White, Female, United-States, <=50K
22.22688,-28286.062,10.370744,-1250.0977,-43.125698,45.60415, Private, Some-college, Married-civ-spouse, Farming-fishing, Husband, White, Male, United-States, >50K
32.45819,434977.56,15.169348,846.7577,-32.14581,61.46172, Private, Bachelors, Never-married, Other-service, Unmarried, White, Male, United-States, >50K
44.58856,319175.75,10.407764,353.15747,-25.793726,37.78485, Local-gov, Assoc-voc, Widowed, Adm-clerical, Unmarried, White, Male, United-States, <=50K
30.741467,117192.836,11.302861,455.35138,-1.2550763,45.860558, Private, Assoc-voc, Married-civ-spouse, Adm-clerical, Husband, White, Male, United-States, >50K
33.55611,149405.84,10.055208,90.01281,8.443402,45.839703, Private, Assoc-voc, Divorced, Farming-fishing, Not-in-family, White, Male, United-States, <=50K
41.54147,248366.8,6.054417,1275.4329,15.722653,46.84781, ?, HS-grad, Separated, ?, Unmarried, White, Male, United-States, <=50K
30.48993,114791.586,10.856418,1054.233,26.311369,31.544146, Private, Assoc-voc, Never-married, Prof-specialty, Not-in-family, White, Female, United-States, <=50K
42.09496,85772.61,9.715356,-2013.2375,196.94185,53.599083, Private, Some-college, Divorced, Other-service, Unmarried, White, Female, United-States, <=50K
81.359726,172349.28,9.731798,650.5074,122.5283,28.317284, Local-gov, HS-grad, Divorced, Protective-serv, Not-in-family, White, Female, United-States, <=50K
27.645006,149298.05,9.986198,1209.6477,-31.45267,57.180916, Private, Some-college, Married-civ-spouse, Sales, Husband, White, Male, United-States, >50K
30.45896,119375.195,12.442545,-305.57758,29.068731,29.790476, Private, Bachelors, Married-civ-spouse, Prof-specialty, Husband, White, Male, United-States, <=50K
24.683664,193930.56,9.04247,-1897.3071,481.0134,39.021336, State-gov, HS-grad, Separated, Exec-managerial, Unmarried, White, Female, United-States, <=50K
14.03128,173848.55,5.8417444,-49.406193,41.869415,33.90583, Private, HS-grad, Married-spouse-absent, Handlers-cleaners, Not-in-family, White, Male, United-States, <=50K
43.74308,219192.31,9.429359,84.246025,2.262578,33.427402, Local-gov, HS-grad, Married-civ-spouse, Machine-op-inspct, Husband, White, Female, United-States, <=50K
19.754354,183435.94,9.699767,401.00427,28.178247,32.685627, Private, Some-college, Married-civ-spouse, Other-service, Husband, White, Male, United-States, <=50K
42.37591,230317.95,9.463512,-788.87067,-21.735369,23.43493, Private, HS-grad, Separated, Craft-repair, Own-child, White, Male, United-States, <=50K
27.403206,112813.27,10.045737,-1326.8608,-24.604143,50.72149, Private, Some-college, Married-civ-spouse, Tech-support, Husband, White, Male, United-States, >50K
26.58059,250489.44,6.2105794,2315.8552,17.870497,41.968487, State-gov, HS-grad, Married-spouse-absent, Transport-moving, Not-in-family, White, Male, United-States, <=50K
23.820717,132351.0,10.92324,-63.67243,0.6162387,55.47194, Private, Assoc-voc, Never-married, Adm-clerical, Own-child, White, Male, United-States, <=50K
33.92696,133924.66,9.164066,-2072.6477,247.89912,42.576508, Private, HS-grad, Married-civ-spouse, Transport-moving, Husband, White, Male, United-States, >50K
46.278175,142317.72,9.766934,810.6003,126.66258,24.050203, Private, HS-grad, Never-married, Handlers-cleaners, Unmarried, White, Female, United-States, <=50K
49.477516,171886.7,13.483345,-524.3575,-12.853808,40.503002, Self-emp-inc, Bachelors, Married-civ-spouse, Craft-repair, Husband, White, Male, United-States, <=50K
17.630966,200134.1,1.9279957,-151.99994,-8.432979,33.764824, Private, HS-grad, Married-spouse-absent, Sales, Not-in-family, White, Male, United-States, <=50K
41.072186,103042.57,7.158856,609.4033,-27.244295,40.947308, Private, HS-grad, Married-civ-spouse, Farming-fishing, Husband, White, Male, United-States, <=50K
58.38109,246324.92,11.974047,987.94794,10.550595,61.981583, Self-emp-inc, Assoc-voc, Married-civ-spouse, Protective-serv, Husband, White, Male, United-States, >50K
49.075798,108887.195,9.0033655,-21.833073,-17.266542,42.974483, Private, HS-grad, Widowed, Sales, Unmarried, White, Male, United-States, <=50K
21.04248,80770.79,11.980868,497.19855,-31.480211,26.696974, Private, Bachelors, Divorced, Prof-specialty, Unmarried, White, Female, United-States, <=50K
27.814503,163779.12,9.8243265,1062.1029,-51.4335,60.64585, Private, HS-grad, Divorced, Exec-managerial, Unmarried, White, Female, United-States, <=50K
30.067266,378143.7,9.439907,735.38794,-39.230305,43.20831, Self-emp-inc, HS-grad, Divorced, Transport-moving, Not-in-family, White, Male, United-States, <=50K
36.990326,79359.74,7.691234,1169.5067,5.6408205,43.24071, Private, HS-grad, Married-civ-spouse, Tech-support, Husband, White, Male, United-States, >50K
34.19534,82943.516,8.976993,55.104366,-13.341266,60.195477, Private, HS-grad, Married-spouse-absent, Farming-fishing, Not-in-family, White, Male, United-States, <=50K
21.063282,165444.05,5.847278,549.6661,-2.3698072,27.277578, Private, HS-grad, Never-married, Craft-repair, Own-child, White, Male, United-States, <=50K
49.006157,158411.31,9.37795,2096.082,479.56476,44.09714, Private, HS-grad, Married-civ-spouse, Transport-moving, Husband, White, Male, United-States, <=50K
24.773075,152143.0,7.264472,582.7763,-32.27347,31.500433, Private, HS-grad, Never-married, Protective-serv, Other-relative, White, Male, United-States, <=50K
49.528965,88675.8,11.131519,212.23663,-30.53065,45.953674, Federal-gov, Assoc-voc, Married-civ-spouse, Other-service, Wife, White, Female, United-States, >50K
24.61384,176401.28,12.784672,-12.962589,-2.8009748,62.34114, Private, Bachelors, Separated, Craft-repair, Own-child, White, Male, United-States, >50K
29.446789,390103.8,12.811393,8.85284,-3.0732603,41.05683, Federal-gov, Bachelors, Married-civ-spouse, Tech-support, Own-child, White, Male, United-States, <=50K
30.54198,255129.62,8.283911,-333.84845,75.034744,25.42954, Private, Some-college, Never-married, Other-service, Not-in-family, White, Male, United-States, <=50K
28.80723,314294.97,6.4601784,-322.5567,619.82007,16.1316, Private, HS-grad, Never-married, Farming-fishing, Other-relative, White, Male, United-States, <=50K
80.53786,34586.016,9.788276,-878.79,-26.67988,32.264374, Local-gov, HS-grad, Married-civ-spouse, Exec-managerial, Wife, White, Female, United-States, >50K
44.176308,147511.6,11.541833,2587.0447,1342.7142,47.775887, Private, Assoc-voc, Married-civ-spouse, Adm-clerical, Husband, White, Male, United-States, >50K
24.370981,325006.22,11.568924,837.60925,303.7081,36.358013, Private, Assoc-voc, Never-married, Prof-specialty, Own-child, White, Male, United-States, <=50K
38.231094,209393.9,10.233556,3594.719,34.01672,54.306305, Self-emp-not-inc, HS-grad, Never-married, Craft-repair, Unmarried, White, Male, United-States, >50K
42.02634,145208.55,13.052722,28.355282,622.4138,44.142605, Private, Bachelors, Widowed, Farming-fishing, Not-in-family, White, Female, United-States, <=50K
43.256763,85727.9,15.652978,80.61248,10.639707,60.16539, Federal-gov, Bachelors, Widowed, Prof-specialty, Unmarried, White, Female, United-States, <=50K
30.148565,61937.08,10.142359,6184.2817,-15.478915,78.46496, Private, Some-college, Married-civ-spouse, Transport-moving, Husband, White, Male, United-States, >50K
30.656216,233741.25,10.375505,207.48407,-20.92859,38.37361, Local-gov, Some-college, Married-civ-spouse, ?, Wife, White, Female, United-States, <=50K
33.964073,166519.61,9.608513,-984.1844,-8.225604,49.68433, ?, HS-grad, Married-civ-spouse, ?, Husband, White, Male, United-States, >50K
28.771183,176172.72,12.83569,-86.28669,5.100812,36.73203, Private, Bachelors, Married-civ-spouse, Prof-specialty, Wife, White, Female, United-States, <=50K
43.005306,95147.086,9.039279,528.07684,21.98039,27.46156, Private, HS-grad, Separated, Machine-op-inspct, Unmarried, White, Female, United-States, <=50K
26.93697,108620.336,10.174446,-237.10577,-7.966899,47.149494, Private, Some-college, Married-civ-spouse, Adm-clerical, Husband, White, Male, United-States, <=50K
39.928585,189066.69,11.875123,21080.09,-22.910547,46.071278, Private, Bachelors, Married-civ-spouse, Transport-moving, Husband, White, Male, United-States, >50K
27.541786,198481.7,9.677649,785.41943,-17.80591,52.068405, Private, HS-grad, Married-civ-spouse, Farming-fishing, Wife, White, Female, United-States, <=50K
28.948881,274988.66,12.056904,198.24762,-1.2223996,33.537724, Private, Assoc-voc, Never-married, Other-service, Own-child, White, Female, United-States, <=50K
35.213615,90876.77,10.672863,-169.65314,-7.321246,43.49431, Private, Assoc-voc, Married-spouse-absent, Other-service, Not-in-family, White, Male, United-States, <=50K
49.22171,76359.41,12.2130785,138.22833,-12.913165,58.242558, Private, Bachelors, Never-married, Exec-managerial, Not-in-family, White, Female, United-States, <=50K
50.149628,227498.98,9.147672,1036.362,1.6864444,40.995075, Private, HS-grad, Married-civ-spouse, Handlers-cleaners, Husband, White, Male, United-States, <=50K
26.945642,453300.28,11.227224,395.79718,-9.188251,33.572975, Private, Assoc-voc, Never-married, Other-service, Not-in-family, White, Female, United-States, <=50K
21.881626,185761.9,8.537272,-138.57782,5.725896,41.159283, Self-emp-inc, HS-grad, Never-married, Other-service, Not-in-family, White, Female, United-States, <=50K
34.438133,206269.88,6.6818476,2020.5758,704.43744,48.514427, Private, HS-grad, Married-spouse-absent, Handlers-cleaners, Unmarried, White, Male, United-States, <=50K
33.95072,212815.94,9.281757,805.90375,-5.7186995,30.400284, Self-emp-inc, HS-grad, Married-civ-spouse, Other-service, Husband, White, Male, United-States, <=50K
34.1873,172120.56,12.311661,3185.3848,-51.89709,61.636044, Private, Assoc-voc, Married-civ-spouse, Exec-managerial, Own-child, White, Male, United-States, <=50K
35.97153,124938.36,8.651298,-1890.291,26.044016,82.624985, Self-emp-inc, HS-grad, Married-civ-spouse, Other-service, Husband, White, Male, United-States, >50K
49.8095,200797.1,13.627497,19500.346,61.719845,32.35803, Private, Bachelors, Married-civ-spouse, Protective-serv, Husband, White, Male, United-States, >50K
39.628017,165726.94,10.790079,874.8392,-20.449701,47.1125, Local-gov, Assoc-voc, Divorced, Protective-serv, Unmarried, White, Male, United-States, <=50K
31.722885,105882.76,10.020132,116.264885,-2.0393248,42.791637, Private, Some-college, Separated, Handlers-cleaners, Unmarried, White, Female, United-States, <=50K
41.451027,151722.39,9.880881,1368.4066,16.128782,28.477774, Private, Some-college, Widowed, Adm-clerical, Not-in-family, White, Female, United-States, <=50K
19.90558,72359.84,9.405594,676.06244,-19.052195,39.344982, Private, HS-grad, Married-spouse-absent, Sales, Unmarried, White, Female, United-States, <=50K
43.01978,58044.188,9.910643,364.20935,0.30806458,56.45977, Private, Some-college, Married-civ-spouse, Prof-specialty, Wife, White, Female, United-States, <=50K
41.634598,74012.75,9.795584,-628.43866,703.1199,36.929836, Private, Some-college, Divorced, Tech-support, Not-in-family, White, Female, United-States, <=50K
54.040295,106610.79,8.795154,-1640.2085,1350.3423,38.617527, Private, HS-grad, Married-civ-spouse, Machine-op-inspct, Husband, White, Male, United-States, <=50K
67.15634,262854.0,8.879576,1054.2709,-1.2661008,32.96084, Private, Some-college, Widowed, Other-service, Not-in-family, White, Male, United-States, <=50K
26.81515,206366.6,14.853144,-219.15314,382.1237,27.456167, Private, Bachelors, Married-civ-spouse, Prof-specialty, Husband, White, Male, United-States, <=50K
36.262753,45826.08,11.803957,11405.636,172.56445,51.060493, Private, Assoc-voc, Married-civ-spouse, Tech-support, Husband, White, Male, United-States, >50K
22.298698,198706.28,9.168473,371.39716,-10.883136,39.608147, Private, HS-grad, Married-civ-spouse, Other-service, Own-child, White, Female, United-States, <=50K
27.575975,122842.51,11.623913,80.46667,-34.870586,41.467754, Private, Assoc-voc, Never-married, Protective-serv, Other-relative, White, Female, United-States, <=50K
39.051193,330351.6,11.033086,-340.9096,-27.634058,39.85009, Private, Assoc-voc, Married-civ-spouse, Prof-specialty, Wife, White, Female, United-States, <=50K
28.227184,45397.22,9.53591,-651.24554,-10.9169035,56.485584, Private, HS-grad, Never-married, Other-service, Not-in-family, White, Male, United-States, <=50K
24.180056,189163.47,8.199975,198.69525,13.880887,25.951464, Private, HS-grad, Never-married, Craft-repair, Own-child, White, Male, United-States, <=50K
44.49479,138337.95,10.028147,553.7244,-40.27354,40.483013, Private, Assoc-voc, Separated, Exec-managerial, Husband, White, Male, United-States, >50K
50.28564,260108.5,13.749021,664.15985,-17.293299,48.601635, Private, Bachelors, Married-civ-spouse, Farming-fishing, Husband, White, Male, United-States, >50K
23.71891,148302.58,9.998752,-102.519356,3.454526,47.211533, Local-gov, Some-college, Never-married, Other-service, Not-in-family, White, Male, United-States, <=50K
53.6747,358962.75,8.562788,510.69415,-38.12898,34.970848, Local-gov, HS-grad, Divorced, Exec-managerial, Not-in-family, White, Male, United-States, <=50K
23.441858,475244.28,10.172281,324.3819,38.517467,25.238167, State-gov, Some-college, Never-married, Adm-clerical, Other-relative, White, Male, United-States, <=50K
38.633106,186204.28,10.273724,-131.32062,-0.6748456,45.218975, Federal-gov, Assoc-voc, Married-civ-spouse, Farming-fishing, Husband, White, Male, United-States, >50K
48.582066,338449.1,12.703253,10529.285,27.59133,39.6562, Private, Bachelors, Married-civ-spouse, Other-service, Husband, White, Male, United-States, >50K
43.93067,218671.6,10.148943,819.4778,27.201689,69.991234, Federal-gov, Some-college, Married-civ-spouse, Farming-fishing, Husband, White, Male, United-States, >50K
40.364975,145512.25,10.084492,-225.61456,-13.874087,49.29306, Private, Assoc-voc, Divorced, Farming-fishing, Not-in-family, White, Female, United-States, <=50K
54.896656,152042.23,10.658461,-1598.3472,1259.0668,42.911926, Self-emp-inc, Assoc-voc, Married-civ-spouse, Craft-repair, Husband, White, Male, United-States, <=50K
27.356403,198269.28,12.720632,1126.188,-2.760394,45.93852, Private, Bachelors, Married-civ-spouse, Exec-managerial, Wife, White, Female, United-States, >50K
21.37246,153952.77,14.045854,25.949398,-25.181368,32.574886, Private, Bachelors, Never-married, Other-service, Own-child, White, Male, United-States, >50K
28.814627,73324.41,9.224333,2512.6262,-19.349,41.857086, Private, HS-grad, Married-civ-spouse, Farming-fishing, Husband, White, Male, United-States, <=50K
45.120026,248055.8,4.3787403,24.673641,66.81204,40.483166, Private, HS-grad, Never-married, Other-service, Unmarried, White, Female, United-States, <=50K
18.751694,206028.17,12.772705,-356.79242,190.06479,33.890877, Private, Bachelors, Never-married, Adm-clerical, Other-relative, White, Male, United-States, <=50K
35.304264,29455.422,13.137505,886.9839,-29.13093,47.012096, Local-gov, Bachelors, Married-spouse-absent, Adm-clerical, Unmarried, White, Male, United-States, <=50K
24.263853,64630.953,10.150769,386.28967,-9.626964,45.9582, Private, Some-college, Never-married, Machine-op-inspct, Other-relative, White, Female, United-States, <=50K
22.0432,178620.97,8.229119,22.398617,5.9613466,46.34356, Private, Some-college, Married-civ-spouse, Protective-serv, Husband, White, Male, United-States, <=50K
41.645676,178587.42,10.687483,114.45733,177.79886,33.463276, Private, Assoc-voc, Never-married, Farming-fishing, Not-in-family, White, Female, United-States, <=50K
45.2996,102688.67,13.43701,140.51422,16.813902,31.828455, Private, Bachelors, Widowed, Exec-managerial, Unmarried, White, Female, United-States, >50K
20.752916,192122.98,8.471843,353.89948,1646.5343,50.035435, Private, HS-grad, Never-married, Machine-op-inspct, Own-child, White, Male, United-States, <=50K
21.919065,24619.875,11.135424,-2027.9211,15.18073,42.796215, Private, Assoc-voc, Never-married, Farming-fishing, Own-child, White, Female, United-States, >50K
25.74689,262702.7,7.7046685,131.9591,12.500646,50.999313, ?, HS-grad, Married-spouse-absent, Machine-op-inspct, Not-in-family, White, Female, United-States, <=50K
42.562675,208619.28,8.488136,484.12976,1.7406665,24.594366, Local-gov, HS-grad, Divorced, Protective-serv, Not-in-family, White, Male, United-States, <=50K
41.086735,29398.203,10.411451,1242.3005,0.12737761,37.341927, Local-gov, Assoc-voc, Widowed, Adm-clerical, Unmarried, White, Female, United-States, <=50K
34.27423,315714.44,10.533877,-135.7525,-40.254505,40.57224, Private, Assoc-voc, Divorced, Transport-moving, Not-in-family, White, Male, United-States, <=50K
35.519485,156443.12,12.725111,-2608.8726,157.5584,24.137377, Private, Bachelors, Married-civ-spouse, Prof-specialty, Wife, White, Female, United-States, >50K
26.19967,64589.836,9.328658,164.74487,-9.95618,9.374512, Private, HS-grad, Never-married, Other-service, Own-child, White, Female, United-States, <=50K
39.070705,130127.734,11.16979,4665.122,-6.3701887,43.001133, Federal-gov, Assoc-voc, Married-civ-spouse, Sales, Husband, White, Male, United-States, >50K
35.068275,123675.13,9.850889,450.3246,69.95975,19.874489, Private, Some-college, Never-married, Other-service, Unmarried, White, Female, United-States, <=50K
50.962044,327309.38,3.6508818,2372.1772,4.1817293,50.241177, Private, HS-grad, Married-civ-spouse, Other-service, Husband, White, Male, United-States, >50K
54.327034,201734.05,13.082873,-927.2413,1554.9,49.73495, Self-emp-inc, Bachelors, Married-civ-spouse, Farming-fishing, Husband, White, Male, United-States, >50K
26.730162,214516.4,10.004798,-342.69183,-11.630626,18.855944, Private, Some-college, Never-married, Handlers-cleaners, Not-in-family, White, Male, United-States, <=50K
24.753393,169580.11,10.28231,-474.31818,-13.604144,59.450695, Self-emp-inc, Some-college, Married-civ-spouse, Craft-repair, Own-child, White, Male, United-States, <=50K
37.37794,194365.22,12.264741,3772.705,-31.671587,37.1826, Self-emp-not-inc, Bachelors, Married-civ-spouse, Transport-moving, Husband, White, Male, United-States, <=50K
43.924595,365481.28,9.405051,1856.4211,407.424,43.18664, Private, HS-grad, Married-civ-spouse, Handlers-cleaners, Husband, White, Male, United-States, <=50K
26.799124,272997.44,7.3347034,3385.4338,129.93826,25.912888, Private, HS-grad, Never-married, Other-service, Own-child, White, Female, United-States, >50K
28.060898,177663.6,5.547849,1369.4585,-1.3597287,44.2909, Self-emp-inc, HS-grad, Married-civ-spouse, Craft-repair, Husband, White, Male, United-States, <=50K
25.16174,57824.953,9.262767,-181.13348,32.04015,39.263668, Private, Some-college, Married-civ-spouse, Other-service, Wife, White, Female, United-States, >50K
41.496967,381113.72,9.898082,593.0439,-39.443935,26.783829, Private, Some-college, Separated, Prof-specialty, Unmarried, White, Male, United-States, >50K
45.27863,144703.77,9.200065,4873.795,3.078786,43.15981, Private, HS-grad, Married-civ-spouse, Other-service, Husband, White, Male, United-States, >50K
34.869816,417233.9,13.416599,1465.1581,7.8454485,46.27158, Local-gov, Bachelors, Married-civ-spouse, Prof-specialty, Wife, White, Female, United-States, <=50K
59.89094,69406.92,10.111786,-533.04095,-23.142908,34.508965, Federal-gov, Some-college, Married-civ-spouse, Farming-fishing, Husband, White, Male, United-States, >50K
58.788803,42298.875,11.623975,9069.716,-32.313885,23.192621, Private, Assoc-voc, Married-civ-spouse, Other-service, Wife, White, Female, United-States, >50K
36.229073,174490.95,12.0538,733.645,-34.222294,41.517048, Local-gov, Bachelors, Separated, Machine-op-inspct, Own-child, White, Male, United-States, <=50K
40.189686,324095.12,9.812574,234.16498,1.3078738,37.22781, Private, Some-college, Divorced, Handlers-cleaners, Not-in-family, White, Male, United-States, <=50K
20.372816,107508.195,5.917303,1149.1433,64.67227,24.888817, Private, HS-grad, Married-civ-spouse, Craft-repair, Own-child, White, Male, United-States, <=50K
36.327194,120627.164,12.236585,-530.576,-41.82426,37.121506, Self-emp-inc, Bachelors, Married-civ-spouse, Other-service, Husband, White, Male, United-States, <=50K
33.081364,357550.34,8.980392,-123.17182,31.811827,56.140457, Private, HS-grad, Separated, Tech-support, Husband, White, Male, United-States, <=50K
35.511246,265754.12,9.807518,415.91223,2.7599993,39.21359, Private, Assoc-voc, Divorced, Adm-clerical, Unmarried, White, Female, United-States, <=50K
22.286873,140117.86,10.223497,52.915157,-10.8007765,49.794403, State-gov, Some-college, Divorced, Tech-support, Unmarried, White, Female, United-States, <=50K
33.101566,148759.25,9.667867,-530.19354,-26.794252,40.755444, Private, Some-college, Married-civ-spouse, Exec-managerial, Husband, White, Male, United-States, <=50K
35.28152,134244.67,10.735224,1432.8372,1481.0719,35.854046, Local-gov, Assoc-voc, Married-civ-spouse, Machine-op-inspct, Husband, White, Male, United-States, <=50K
23.955471,173744.06,9.775275,242.9126,1011.8071,54.952225, Federal-gov, HS-grad, Never-married, Sales, Unmarried, White, Male, United-States, <=50K
62.384415,8703.298,12.395126,-1198.1096,29.315271,43.93249, Private, Bachelors, Divorced, Prof-specialty, Unmarried, White, Female, United-States, >50K
36.36541,101428.88,2.87676,-231.89972,46.832333,38.128143, Federal-gov, HS-grad, Never-married, Craft-repair, Own-child, White, Male, United-States, <=50K
56.38419,77923.34,9.771163,-646.9245,-25.355623,37.666656, Private, Some-college, Widowed, Exec-managerial, Not-in-family, White, Female, United-States, <=50K
20.594372,189721.48,10.647012,145.40393,40.77914,38.908207, Self-emp-inc, Some-college, Never-married, Prof-specialty, Other-relative, White, Male, United-States, <=50K
31.209734,110727.65,10.229606,757.59863,-5.2776976,42.389065, ?, Some-college, Married-civ-spouse, ?, Wife, White, Female, United-States, >50K
16.10371,214443.5,10.422509,407.21167,2.5776873,15.510683, Local-gov, Assoc-voc, Never-married, Adm-clerical, Own-child, White, Female, United-States, <=50K
34.950245,277052.4,5.8687277,-588.466,-13.333606,42.58572, Private, HS-grad, Married-civ-spouse, Exec-managerial, Wife, White, Female, United-States, >50K
47.90658,222429.16,10.589464,-220.86273,-1.0594357,43.00807, Private, Assoc-voc, Married-civ-spouse, Adm-clerical, Husband, White, Male, United-States, <=50K
28.23114,39995.89,12.047071,130.45166,-9.095775,32.39019, Federal-gov, Bachelors, Married-spouse-absent, Other-service, Unmarried, White, Male, United-States, <=50K
30.963991,212685.53,11.019263,-545.69904,-2.1668959,34.768795, Local-gov, Some-college, Married-civ-spouse, Adm-clerical, Wife, White, Female, United-States, <=50K
17.580109,227164.45,10.668481,241.96881,4.8760576,38.883415, State-gov, Assoc-voc, Never-married, Farming-fishing, Other-relative, White, Male, United-States, <=50K
38.726883,78912.67,8.400641,1849.8151,15.953351,44.449215, Private, HS-grad, Separated, Transport-moving, Own-child, White, Male, United-States, <=50K
22.085443,249859.73,6.9932218,605.9149,2.0280428,30.432304, State-gov, HS-grad, Married-civ-spouse, Sales, Own-child, White, Male, United-States, <=50K
27.787018,182795.78,13.815836,673.315,-16.198427,50.43913, Local-gov, Bachelors, Married-spouse-absent, Exec-managerial, Not-in-family, White, Female, United-States, <=50K
42.911087,102867.09,9.252498,-471.1562,-2.5442152,64.25667, Private, HS-grad, Married-civ-spouse, Other-service, Husband, White, Male, United-States, <=50K
26.24615,120707.12,8.245352,408.60602,-5.882083,39.403824, Private, HS-grad, Never-married, Other-service, Unmarried, White, Female, United-States, <=50K
25.927046,215931.8,10.243622,565.22614,3.665738,34.951836, Private, Some-college, Married-civ-spouse, Adm-clerical, Own-child, White, Female, United-States, <=50K
24.047796,179060.31,11.404901,417.5539,-5.12675,42.728012, Private, Assoc-voc, Separated, Farming-fishing, Own-child, White, Male, United-States, <=50K
43.59976,124000.56,6.2635055,258.39447,13.079068,40.243153, ?, HS-grad, Widowed, Other-service, Not-in-family, White, Male, United-States, <=50K
39.639442,259904.36,11.038143,966.20154,-13.068934,52.302387, Self-emp-inc, Assoc-voc, Divorced, Protective-serv, Not-in-family, White, Female, United-States, <=50K
34.474163,183885.11,9.089764,514.0891,28.79352,27.47904, Federal-gov, HS-grad, Married-civ-spouse, Sales, Own-child, White, Male, United-States, <=50K
32.683712,321076.53,12.11738,-293.00543,-31.965456,43.609707, State-gov, Bachelors, Never-married, Prof-specialty, Unmarried, White, Male, United-States, <=50K
13.8629675,269600.6,8.175031,-59.246037,0.35202515,41.155827, Private, HS-grad, Never-married, Farming-fishing, Other-relative, White, Male, United-States, <=50K
18.150967,181551.11,10.214564,75.01696,27.508478,33.04416, Private, Some-college, Never-married, Sales, Own-child, White, Male, United-States, <=50K
48.853897,62393.1,13.1099615,296.65283,-5.6357603,30.876335, ?, Bachelors, Married-civ-spouse, ?, Husband, White, Female, United-States, <=50K
49.20181,106335.06,10.51839,1647.6918,-29.610994,47.183548, Private, Assoc-voc, Married-civ-spouse, Handlers-cleaners, Husband, White, Male, United-States, <=50K
31.949026,182372.3,10.875329,1358.0038,-19.434954,35.98339, Local-gov, Assoc-voc, Married-civ-spouse, Machine-op-inspct, Husband, White, Male, United-States, <=50K
21.340975,173732.81,8.141727,640.49207,-9.027514,33.82629, Private, HS-grad, Never-married, Craft-repair, Own-child, White, Male, United-States, <=50K
50.377598,111018.195,8.527342,1345.9069,-20.457842,40.50509, Self-emp-not-inc, HS-grad, Married-civ-spouse, Craft-repair, Husband, White, Male, United-States, <=50K
26.954914,175038.8,11.794498,-803.5683,1560.6165,40.763855, Private, Assoc-voc, Married-civ-spouse, Exec-managerial, Wife, White, Female, United-States, <=50K
48.01595,157220.16,8.245569,3077.2625,11.443067,47.15395, Self-emp-not-inc, HS-grad, Married-civ-spouse, Craft-repair, Own-child, White, Male, United-States, <=50K
67.41179,77683.21,7.719502,-107.699776,3.3453798,36.81091, State-gov, HS-grad, Married-civ-spouse, Tech-support, Husband, White, Male, United-States, >50K
37.733913,113626.37,10.048108,-42.789127,-17.443583,42.619343, Federal-gov, Some-college, Married-civ-spouse, Transport-moving, Husband, White, Male, United-States, <=50K
48.649895,100299.03,12.406373,-528.30963,958.9612,56.209682, Self-emp-inc, Bachelors, Married-civ-spouse, Prof-specialty, Husband, White, Male, United-States, <=50K
37.24655,235786.69,10.078858,2069.284,-0.60135925,31.50144, Private, Some-college, Never-married, Prof-specialty, Not-in-family, White, Male, United-States, <=50K
26.131636,165812.56,13.485292,1112.9414,363.9449,23.120136, Private, Bachelors, Never-married, Farming-fishing, Not-in-family, White, Female, United-States, <=50K
35.59403,274614.75,8.037298,734.79236,-16.628008,48.828705, Private, HS-grad, Married-civ-spouse, Machine-op-inspct, Own-child, White, Male, United-States, <=50K
42.09664,309372.38,7.4007387,1160.4067,-5.7063093,45.84365, Private, HS-grad, Married-civ-spouse, Exec-managerial, Husband, White, Male, United-States, >50K
41.411438,117566.72,10.1791,338.16998,-0.110918894,41.089165, Private, Some-college, Married-civ-spouse, Craft-repair, Husband, White, Male, United-States, <=50K
47.39872,339137.25,9.937254,811.96423,7.788556,40.59751, Private, Some-college, Divorced, Sales, Unmarried, White, Female, United-States, <=50K
31.537443,139911.23,12.917523,576.9514,-11.696284,30.896257, Local-gov, Bachelors, Never-married, Protective-serv, Unmarried, White, Female, United-States, <=50K
20.343235,264816.6,10.919564,277.3836,-43.386562,40.39156, Private, Assoc-voc, Divorced, Adm-clerical, Not-in-family, White, Male, United-States, <=50K
38.68695,152967.33,9.900133,919.93665,-42.589733,37.760723, State-gov, Some-college, Widowed, Sales, Unmarried, White, Male, United-States, <=50K
16.799189,202493.14,9.162321,-149.9621,179.02168,43.258488, Private, HS-grad, Never-married, Adm-clerical, Not-in-family, White, Male, United-States, <=50K
53.18695,135133.02,13.223705,991.68164,-33.859257,38.36776, State-gov, Bachelors, Divorced, Machine-op-inspct, Unmarried, White, Female, United-States, <=50K
41.98883,319430.03,8.13516,386.6908,-36.802982,44.361652, Private, Some-college, Widowed, Protective-serv, Unmarried, White, Female, United-States, <=50K
25.726404,326464.6,10.151006,599.18976,0.75362885,38.319546, Private, Some-college, Never-married, Machine-op-inspct, Own-child, White, Male, United-States, <=50K
35.811375,231302.61,14.629369,-782.30316,-20.857073,30.640247, Private, Bachelors, Married-civ-spouse, Tech-support, Own-child, White, Male, United-States, >50K
22.376957,221466.75,3.555162,-176.41132,31.642157,36.388126, Federal-gov, HS-grad, Married-civ-spouse, Sales, Own-child, White, Male, United-States, <=50K
49.095203,107416.375,13.345754,5554.0312,17.608847,55.951344, Self-emp-inc, Bachelors, Married-civ-spouse, Adm-clerical, Husband, White, Male, United-States, >50K
43.04295,305749.72,9.686237,-841.07587,456.31317,33.651543, Private, Some-college, Married-civ-spouse, Other-service, Wife, White, Female, United-States, <=50K
38.858418,169829.39,10.743398,5015.1914,-14.409762,40.831573, Local-gov, Assoc-voc, Married-civ-spouse, Protective-serv, Husband, White, Male, United-States, >50K
22.971523,124807.42,6.220078,133.43658,28.005945,59.607662, Private, HS-grad, Separated, Handlers-cleaners, Unmarried, White, Male, United-States, <=50K
40.530243,62296.305,9.862183,-2165.5613,-14.523753,49.946312, Private, Some-college, Married-civ-spouse, Other-service, Husband, White, Male, United-States, >50K
37.841553,36395.75,11.9563675,15738.374,-5.642207,28.023684, Private, Bachelors, Widowed, Other-service, Unmarried, White, Male, United-States, >50K
21.200745,231908.19,9.272831,-331.9698,-18.309122,67.97206, Local-gov, HS-grad, Married-civ-spouse, Exec-managerial, Own-child, White, Female, United-States, >50K
24.099272,191996.67,12.295119,125.14898,-0.08890809,31.895782, Private, Bachelors, Never-married, Prof-specialty, Other-relative, White, Male, United-States, >50K
23.17459,134262.7,10.93162,-766.05414,1504.5153,42.576855, Self-emp-inc, Assoc-voc, Married-civ-spouse, Farming-fishing, Husband, White, Male, United-States, <=50K
62.71529,127496.016,13.355212,1993.2688,1761.4988,48.11267, Self-emp-inc, Bachelors, Married-civ-spouse, Farming-fishing, Husband, White, Male, United-States, >50K
24.271437,123659.055,10.274019,-211.89667,-4.313182,58.529575, Private, Some-college, Divorced, Tech-support, Unmarried, White, Male, United-States, >50K
27.263508,361363.56,10.23007,796.4244,-30.135141,35.797485, Private, Some-college, Married-civ-spouse, Farming-fishing, Own-child, White, Male, United-States, <=50K
49.187065,29936.688,9.752344,18590.924,-18.474924,46.434418, Private, Some-college, Divorced, Exec-managerial, Not-in-family, White, Male, United-States, >50K
35.14348,248000.0,8.79699,679.40485,25.67599,45.25964, Local-gov, HS-grad, Separated, Exec-managerial, Unmarried, White, Female, United-States, >50K
53.203716,167322.86,9.021398,-105.63496,1.6047412,42.756042, Private, Some-college, Divorced, Protective-serv, Not-in-family, White, Female, United-States, <=50K
42.10614,406184.12,5.121916,299.76013,-16.442858,52.70209, Private, HS-grad, Married-civ-spouse, Transport-moving, Husband, White, Male, United-States, <=50K
32.850956,128598.52,9.561552,65.61413,-42.69221,37.059593, Private, Some-college, Never-married, Protective-serv, Unmarried, White, Female, United-States, <=50K
43.06875,210299.11,4.7871933,1591.1754,73.1219,20.841433, Private, HS-grad, Separated, Machine-op-inspct, Unmarried, White, Female, United-States, <=50K
13.189889,456861.1,10.639225,-33.238102,4.309499,60.21115, Self-emp-inc, Some-college, Never-married, Sales, Own-child, White, Male, United-States, <=50K
25.525549,209088.92,8.405987,222.26227,6.6446733,38.642788, Private, HS-grad, Married-spouse-absent, Protective-serv, Unmarried, White, Female, United-States, <=50K
43.923733,111694.88,11.389995,-120.54316,-51.795925,56.199112, Self-emp-inc, Assoc-voc, Divorced, Tech-support, Unmarried, White, Male, United-States, <=50K
26.45591,135913.69,9.076482,879.0831,14.00594,28.751575, Local-gov, HS-grad, Married-civ-spouse, Adm-clerical, Own-child, White, Male, United-States, <=50K
34.454247,98915.55,9.807441,1013.6005,-26.973429,47.568367, Private, HS-grad, Married-civ-spouse, Exec-managerial, Husband, White, Male, United-States, >50K
24.287352,224996.7,9.929916,1901.4758,769.8728,48.598232, Private, Assoc-voc, Divorced, Adm-clerical, Unmarried, White, Female, United-States, <=50K
38.412426,253092.73,9.49217,2702.936,6.3964357,49.74588, Self-emp-not-inc, Some-college, Married-civ-spouse, Craft-repair, Husband, White, Male, United-States, <=50K
58.006096,377033.12,12.615642,940.15564,-16.878946,54.082172, Private, Bachelors, Divorced, Other-service, Not-in-family, White, Female, United-States, >50K
21.777725,119891.12,9.519733,135.04083,30.421331,27.490698, Private, HS-grad, Never-married, Adm-clerical, Other-relative, White, Female, United-States, <=50K
15.475818,62290.688,9.968442,-244.8598,35.269535,23.09521, Private, Some-college, Never-married, Handlers-cleaners, Unmarried, White, Female, United-States, <=50K
46.915337,300809.25,9.439583,914.616,-27.918825,44.825546, Private, HS-grad, Married-civ-spouse, Exec-managerial, Wife, White, Female, United-States, >50K
33.67372,79623.92,8.556894,593.70966,-0.60564697,39.69656, Private, HS-grad, Married-civ-spouse, Other-service, Husband, White, Male, United-States, >50K
16.233723,161987.2,11.384737,283.88507,-19.144289,24.966019, Local-gov, Assoc-voc, Never-married, Prof-specialty, Other-relative, White, Male, United-States, <=50K
58.077847,125467.34,10.178869,481.20892,16.499708,37.45697, Self-emp-not-inc, Some-college, Married-civ-spouse, Adm-clerical, Husband, White, Male, United-States, <=50K
25.091347,215520.28,9.578135,-115.827095,-9.674792,35.703327, Private, HS-grad, Never-married, Protective-serv, Other-relative, White, Male, United-States, <=50K
57.71644,21132.422,6.2232943,-23.054508,12.360921,30.293257, Private, HS-grad, Married-civ-spouse, Machine-op-inspct, Husband, White, Female, United-States, <=50K
43.75729,106927.67,8.308414,-1325.6328,847.5919,54.077015, Private, HS-grad, Widowed, Craft-repair, Unmarried, White, Male, United-States, <=50K
38.139355,102383.445,11.451384,-107.51948,23.500929,28.934238, Private, Assoc-voc, Married-civ-spouse, Protective-serv, Husband, White, Male, United-States, <=50K
15.436643,160871.45,9.722953,345.72314,-11.816958,41.09474, Local-gov, HS-grad, Never-married, ?, Not-in-family, White, Male, United-States, <=50K
30.941504,50635.17,9.325803,918.4451,-50.884243,36.442917, Local-gov, HS-grad, Never-married, Farming-fishing, Own-child, White, Male, United-States, <=50K
30.311117,342682.38,6.587021,-94.29975,56.870358,34.90602, Private, HS-grad, Never-married, Handlers-cleaners, Not-in-family, White, Male, United-States, <=50K
22.308907,204389.53,11.576066,-661.35077,20.310263,41.413605, State-gov, Bachelors, Never-married, Adm-clerical, Not-in-family, White, Male, United-States, <=50K
61.41356,504448.2,11.547239,-3644.363,468.59732,31.68955, Private, Assoc-voc, Married-civ-spouse, Exec-managerial, Husband, White, Male, United-States, <=50K
27.835663,103724.52,11.815053,510.85657,-36.676983,49.605595, Private, Assoc-voc, Divorced, Prof-specialty, Unmarried, White, Male, United-States, <=50K
28.855318,393923.8,7.8623157,-109.008,-8.389819,42.716835, Private, HS-grad, Never-married, Sales, Other-relative, White, Male, United-States, <=50K
28.188574,47124.844,12.337038,35548.445,-42.461056,49.99558, Self-emp-not-inc, Bachelors, Married-civ-spouse, Craft-repair, Husband, White, Male, United-States, >50K
29.55325,42641.47,10.158518,486.9463,-6.61127,34.8529, Private, Some-college, Married-civ-spouse, Machine-op-inspct, Husband, White, Male, United-States, <=50K
44.057148,161778.08,7.8443494,3754.397,122.80913,27.760662, Private, HS-grad, Married-civ-spouse, Sales, Husband, White, Male, United-States, <=50K
31.91303,451162.47,10.11995,816.97455,14.064473,42.223476, Federal-gov, Some-college, Never-married, Machine-op-inspct, Own-child, White, Male, United-States, <=50K
33.467587,37986.39,10.824569,410.41248,440.31927,46.03673, Private, Assoc-voc, Married-civ-spouse, Prof-specialty, Husband, White, Male, United-States, <=50K
38.303555,129862.35,4.248993,8053.719,1.029462,49.03533, Self-emp-inc, HS-grad, Married-civ-spouse, Machine-op-inspct, Husband, White, Male, United-States, >50K
41.798347,298490.38,3.9996104,1194.1952,699.5403,35.984837, State-gov, HS-grad, Separated, Handlers-cleaners, Unmarried, White, Female, United-States, <=50K
25.240011,402836.4,7.612748,19.87872,-22.184557,38.4333, Private, HS-grad, Separated, Sales, Own-child, White, Male, United-States, <=50K
33.58042,75313.414,10.291097,479.61835,9.590558,47.68305, Private, Some-college, Divorced, Prof-specialty, Unmarried, White, Male, United-States, >50K
36.600002,246560.66,8.762032,29.009945,-14.945788,61.322002, Private, HS-grad, Widowed, Other-service, Not-in-family, White, Female, United-States, <=50K
36.067467,191269.56,9.374302,-1351.675,-10.817813,31.142628, Private, HS-grad, Married-spouse-absent, Handlers-cleaners, Not-in-family, White, Male, United-States, <=50K
44.19384,79161.36,7.1021833,-742.62665,-38.259686,32.134426, Private, HS-grad, Married-civ-spouse, Other-service, Wife, White, Female, United-States, <=50K
13.8278055,107752.93,9.740699,31.775936,-1.6076764,27.476553, Private, HS-grad, Never-married, Machine-op-inspct, Other-relative, White, Female, United-States, <=50K
49.71645,186320.58,9.1720705,-382.14032,-7.152522,30.375977, Federal-gov, HS-grad, Married-civ-spouse, Tech-support, Husband, White, Male, United-States, >50K
56.54309,65083.008,9.478789,-206.85846,-24.247042,44.230595, Self-emp-inc, HS-grad, Divorced, Protective-serv, Husband, White, Male, United-States, <=50K
24.980268,190412.08,9.9775,-213.53485,-4.7811613,39.716454, Private, Some-college, Never-married, Farming-fishing, Not-in-family, White, Male, United-States, <=50K
31.11204,175828.06,8.7264595,-1423.4927,1027.8037,38.983944, Private, HS-grad, Never-married, Tech-support, Unmarried, White, Male, United-States, <=50K
56.566246,67631.11,13.547092,-588.5013,-18.333513,49.556347, Self-emp-inc, Bachelors, Married-civ-spouse, Exec-managerial, Husband, White, Male, United-States, >50K
50.13991,217746.66,12.360885,-3322.5671,1467.7836,29.259195, Private, Bachelors, Married-civ-spouse, Tech-support, Husband, White, Male, United-States, >50K
33.97727,157917.58,7.8240037,1416.1105,-16.011614,50.134266, Local-gov, HS-grad, Married-spouse-absent, Machine-op-inspct, Unmarried, White, Female, United-States, <=50K
17.604397,13369.329,10.074023,-1254.6877,186.63452,26.620848, Private, Some-college, Married-civ-spouse, Tech-support, Wife, White, Female, United-States, <=50K
37.688976,158034.08,11.229619,213.84961,891.93475,38.60953, Private, Assoc-voc, Never-married, Prof-specialty, Not-in-family, White, Female, United-States, <=50K
35.643436,141690.56,9.377174,1588.4208,1128.3789,33.58961, Private, HS-grad, Separated, Machine-op-inspct, Unmarried, White, Female, United-States, <=50K
28.460922,261799.39,9.204189,-2192.4878,669.9491,53.751324, Private, HS-grad, Never-married, Tech-support, Unmarried, White, Male, United-States, <=50K
31.38888,117879.52,7.5356436,1829.6564,100.80283,34.26149, Private, HS-grad, Married-civ-spouse, Craft-repair, Husband, White, Male, United-States, <=50K
30.215055,126700.92,3.441743,414.0509,-24.820185,30.153038, State-gov, HS-grad, Married-spouse-absent, Craft-repair, Not-in-family, White, Male, United-States, <=50K
45.519894,184693.88,11.946468,228.96631,-8.305469,37.35208, Private, Bachelors, Widowed, Prof-specialty, Not-in-family, White, Female, United-States, <=50K
34.677765,52765.656,14.053926,-481.81476,-44.52067,43.84215, Local-gov, Bachelors, Never-married, Prof-specialty, Unmarried, White, Male, United-States, <=50K
35.08215,208278.84,11.719099,-319.93573,-60.15678,35.826305, Private, Assoc-voc, Married-civ-spouse, Exec-managerial, Wife, White, Female, United-States, <=50K
35.613472,395217.44,9.133882,3839.6035,3.7024736,51.960556, Private, HS-grad, Married-civ-spouse, Craft-repair, Husband, White, Male, United-States, >50K
27.914331,52686.312,10.2628355,943.246,5.2088213,28.371899, Private, Some-college, Never-married, Sales, Own-child, White, Female, United-States, <=50K
45.7074,59858.883,10.2478,-113.77778,-59.3988,57.466633, State-gov, Assoc-voc, Never-married, Protective-serv, Not-in-family, White, Male, United-States, <=50K
28.418573,289957.66,7.649407,478.33368,-18.672411,26.892399, Private, HS-grad, Never-married, Sales, Own-child, White, Female, United-States, <=50K
18.81227,111335.98,6.661342,588.6311,-36.033115,35.618477, Private, HS-grad, Never-married, Protective-serv, Own-child, White, Male, United-States, <=50K
26.107529,393170.03,12.510944,-643.45,180.60202,21.433264, Private, Bachelors, Separated, Craft-repair, Own-child, White, Male, United-States, <=50K
51.69985,140103.14,10.053197,621.5326,-2.4261732,34.689266, Self-emp-not-inc, Some-college, Widowed, Other-service, Unmarried, White, Female, United-States, <=50K
63.457596,111328.914,9.584047,3575.4182,-19.927576,45.31828, Self-emp-inc, HS-grad, Married-civ-spouse, Craft-repair, Husband, White, Male, United-States, >50K
23.74956,164765.03,11.187323,-1879.1692,1169.036,38.60252, Private, Assoc-voc, Never-married, Exec-managerial, Own-child, White, Female, United-States, <=50K
50.46174,152568.64,9.19481,828.5323,2.9711046,58.089306, Private, HS-grad, Married-civ-spouse, Transport-moving, Husband, White, Male, United-States, <=50K
29.290531,343453.88,11.384643,2026.1381,-29.690485,32.65826, Private, Assoc-voc, Married-civ-spouse, Prof-specialty, Husband, White, Male, United-States, >50K
16.337414,167105.69,9.11313,313.46906,1212.3923,39.825306, Self-emp-not-inc, HS-grad, Married-civ-spouse, Handlers-cleaners, Own-child, White, Male, United-States, <=50K
47.28352,86012.65,11.237759,1839.9376,-0.090632334,37.112823, Self-emp-not-inc, Assoc-voc, Married-civ-spouse, Farming-fishing, Husband, White, Male, United-States, >50K
26.007597,234253.1,8.783837,-125.59089,-6.2484236,31.033438, State-gov, HS-grad, Married-spouse-absent, Adm-clerical, Not-in-family, White, Female, United-States, <=50K
42.296673,157024.75,11.087892,699.79834,10.405644,46.543087, Private, Assoc-voc, Married-spouse-absent, Prof-specialty, Not-in-family, White, Female, United-States, <=50K
26.821224,140390.28,9.609332,1.418392,-18.34588,42.283722, Private, Some-college, Separated, Sales, Own-child, White, Male, United-States, <=50K
28.041527,435767.8,8.404827,244.56775,-19.040918,51.06227, Private, Some-college, Never-married, Sales, Unmarried, White, Female, United-States, <=50K
39.99404,65110.242,10.370064,1001.9457,-22.349764,48.030502, Local-gov, Assoc-voc, Married-civ-spouse, Farming-fishing, Husband, White, Male, United-States, >50K
28.734526,375244.9,8.804579,-1525.2502,1498.9601,47.30174, Self-emp-inc, HS-grad, Married-spouse-absent, Craft-repair, Not-in-family, White, Male, United-States, <=50K
34.71266,185011.25,10.525316,231.93005,-6.7879286,30.53287, Self-emp-not-inc, Assoc-voc, Never-married, Sales, Own-child, White, Male, United-States, <=50K
24.140638,162905.28,10.557347,727.4643,-3.0292616,42.040115, Private, Some-college, Never-married, Transport-moving, Not-in-family, White, Male, United-States, <=50K
47.82703,121836.41,6.954952,4668.0303,-4.69971,42.67162, State-gov, HS-grad, Married-civ-spouse, Handlers-cleaners, Husband, White, Male, United-States, <=50K
36.132652,114757.72,8.1216345,920.53723,13.9746065,37.207726, ?, HS-grad, Never-married, ?, Not-in-family, White, Male, United-States, <=50K
32.42907,179818.34,9.473163,885.3333,14.461255,30.681643, Federal-gov, HS-grad, Married-civ-spouse, Craft-repair, Own-child, White, Male, United-States, <=50K
31.052036,66724.89,10.999742,2838.4265,1901.707,35.38579, Private, Assoc-voc, Married-civ-spouse, Farming-fishing, Husband, White, Male, United-States, <=50K
21.260197,115923.836,8.759832,319.99902,-5.1889067,42.561424, Private, HS-grad, Never-married, Craft-repair, Unmarried, White, Male, United-States, <=50K
18.102808,160023.25,8.102125,1015.70807,-29.910769,25.425928, State-gov, HS-grad, Never-married, Other-service, Own-child, White, Male, United-States, <=50K
17.800444,243682.8,9.577232,-253.18842,0.6650058,25.598402, Private, HS-grad, Never-married, Adm-clerical, Unmarried, White, Male, United-States, <=50K
23.335629,70761.25,11.475111,158.69818,10.392888,28.76353, Private, Assoc-voc, Never-married, Adm-clerical, Unmarried, White, Female, United-States, <=50K
34.355167,116563.1,10.130515,131.23499,-46.274456,67.82485, Private, Assoc-voc, Married-civ-spouse, Sales, Husband, White, Male, United-States, <=50K
27.78473,304153.38,9.321465,501.41217,3.6104631,52.860767, Self-emp-inc, HS-grad, Never-married, Sales, Not-in-family, White, Male, United-States, <=50K
14.662126,196557.56,9.345443,-1239.7312,926.83575,45.306576, State-gov, HS-grad, Never-married, Tech-support, Other-relative, White, Female, United-States, <=50K
26.057793,176101.25,9.362098,2454.802,4.243306,48.3992, Private, Some-college, Never-married, Craft-repair, Unmarried, White, Male, United-States, <=50K
42.90518,93261.47,9.908463,442.5631,-5.3379927,50.521885, Federal-gov, Some-college, Widowed, Prof-specialty, Unmarried, White, Male, United-States, >50K
40.73163,219358.02,13.3225155,505.0304,-50.202312,36.64442, Local-gov, Bachelors, Never-married, Prof-specialty, Not-in-family, White, Female, United-States, >50K
26.215038,111102.41,11.605083,-636.8874,-31.163103,49.748005, Private, Assoc-voc, Never-married, Exec-managerial, Unmarried, White, Female, United-States, <=50K
35.65106,70138.94,10.578484,-2576.8633,-33.631138,39.811623, Federal-gov, Assoc-voc, Married-civ-spouse, Exec-managerial, Own-child, White, Male, United-States, >50K
54.145767,149647.78,11.412382,-1018.0068,57.90402,46.509853, Self-emp-inc, Assoc-voc, Married-civ-spouse, Craft-repair, Husband, White, Male, United-States, >50K
37.761433,297818.53,13.993612,4963.7188,-2.3357344,43.806484, Private, Bachelors, Married-civ-spouse, Adm-clerical, Husband, White, Male, United-States, >50K
20.643843,232577.34,8.67217,569.236,-10.660098,52.337696, Private, HS-grad, Married-civ-spouse, Transport-moving, Husband, White, Male, United-States, <=50K
27.470146,49958.688,10.467172,697.7121,-16.129076,37.7127, Private, Assoc-voc, Never-married, Adm-clerical, Unmarried, White, Female, United-States, <=50K
30.666098,166063.98,9.471399,-594.21344,46.890106,31.363287, Private, Some-college, Divorced, Sales, Husband, White, Male, United-States, <=50K
48.81767,300783.16,10.032259,594.2216,2.9455385,42.958687, Federal-gov, Some-college, Married-civ-spouse, Prof-specialty, Husband, White, Male, United-States, >50K
17.02142,228580.28,9.428785,112.19109,-28.816988,22.279982, ?, HS-grad, Never-married, Machine-op-inspct, Own-child, White, Female, United-States, <=50K
27.102606,56428.83,10.768134,765.8266,-8.960353,55.237717, Private, Assoc-voc, Never-married, Exec-managerial, Unmarried, White, Female, United-States, <=50K
33.035927,219557.84,8.833242,515.9335,-19.754412,48.812347, Self-emp-not-inc, HS-grad, Divorced, Protective-serv, Unmarried, White, Male, United-States, <=50K
22.7263,144671.38,9.267542,896.6321,46.162304,33.53095, Local-gov, Some-college, Never-married, Other-service, Other-relative, White, Female, United-States, <=50K
61.173435,205388.58,10.852276,1152.2009,-57.404613,18.578642, Federal-gov, Assoc-voc, Divorced, Other-service, Unmarried, White, Male, United-States, <=50K
38.22174,237985.22,11.717943,389.93195,-8.72536,37.177757, Self-emp-inc, Bachelors, Married-civ-spouse, Prof-specialty, Husband, White, Male, United-States, <=50K
25.852564,105229.26,4.9756002,-108.76667,50.374004,29.940361, Self-emp-inc, HS-grad, Never-married, Sales, Own-child, White, Male, United-States, <=50K
27.615229,197365.14,13.2907,1307.5667,994.4389,32.30099, Private, Bachelors, Divorced, Machine-op-inspct, Unmarried, White, Male, United-States, <=50K
27.351158,164252.02,10.84538,159.5351,-2.4197645,31.29936, Private, Assoc-voc, Never-married, Adm-clerical, Unmarried, White, Female, United-States, <=50K
33.579376,319493.84,13.502537,-746.4786,-16.32667,39.3899, Self-emp-inc, Bachelors, Married-civ-spouse, Machine-op-inspct, Husband, White, Male, United-States, <=50K
18.617876,210888.47,9.687804,-503.50616,3.0333757,31.31103, Private, HS-grad, Never-married, Sales, Own-child, White, Male, United-States, <=50K
43.857227,29430.125,7.5910354,679.6081,5.484006,55.881016, Local-gov, HS-grad, Divorced, Farming-fishing, Not-in-family, White, Male, United-States, <=50K
47.541924,152504.86,12.1088,829.83984,-42.55325,27.170841, Local-gov, Bachelors, Divorced, Prof-specialty, Unmarried, White, Female, United-States, <=50K
49.163612,89640.58,9.908063,1357.7812,31.99156,27.516369, ?, Some-college, Widowed, ?, Unmarried, White, Female, United-States, <=50K
71.715805,59324.812,9.575367,733.99615,-58.993496,33.040134, Local-gov, HS-grad, Widowed, Other-service, Unmarried, White, Male, United-States, <=50K
35.44582,159269.83,7.2546773,-398.8034,20.298231,40.66397, Private, HS-grad, Married-civ-spouse, Protective-serv, Wife, White, Female, United-States, <=50K
44.883804,243273.02,12.907821,1153.76,-15.048762,52.947693, Private, Bachelors, Married-civ-spouse, Protective-serv, Husband, White, Male, United-States, <=50K
50.20219,414645.62,9.945554,349.13385,20.98532,27.58675, Private, Assoc-voc, Widowed, Handlers-cleaners, Unmarried, White, Female, United-States, <=50K
34.879017,115186.54,9.833899,76.81811,-11.922946,41.51736, Private, Some-college, Married-spouse-absent, Other-service, Unmarried, White, Male, United-States, <=50K
29.65328,126475.17,12.95879,9667.618,33.6158,26.308207, Local-gov, Bachelors, Married-civ-spouse, Exec-managerial, Wife, White, Female, United-States, >50K
31.853989,164816.81,9.492781,323.47235,-14.653567,41.79588, Private, HS-grad, Separated, Farming-fishing, Unmarried, White, Male, United-States, <=50K
41.645927,310911.75,14.919641,6410.398,758.49316,37.96701, Private, Bachelors, Married-civ-spouse, Prof-specialty, Husband, White, Male, United-States, >50K
57.42574,293410.06,10.377443,78.57842,-61.1347,39.91822, Private, Assoc-voc, Widowed, Other-service, Not-in-family, White, Male, United-States, <=50K
30.606796,236613.05,9.90204,261.45044,-42.475872,50.616425, Private, Some-college, Never-married, Prof-specialty, Not-in-family, White, Male, United-States, <=50K
40.8441,292010.34,11.731676,8933.143,415.00775,38.328545, Private, Assoc-voc, Married-civ-spouse, Tech-support, Husband, White, Male, United-States, >50K
35.02132,144005.22,10.800572,-316.30914,-7.214549,33.522972, Self-emp-not-inc, Assoc-voc, Married-civ-spouse, Protective-serv, Husband, White, Male, United-States, <=50K
29.866425,126818.37,10.148464,299.68018,-21.613123,46.63641, Private, Some-college, Separated, Machine-op-inspct, Own-child, White, Male, United-States, <=50K
25.950783,333080.66,5.484149,886.58936,31.22449,41.014202, Self-emp-inc, HS-grad, Never-married, Other-service, Not-in-family, White, Female, United-States, <=50K
26.897253,280457.97,12.620205,-500.27618,-29.93091,32.811344, Private, Bachelors, Never-married, Farming-fishing, Other-relative, White, Male, United-States, <=50K
36.82516,56724.39,11.922651,519.83124,-11.333575,44.2944, Private, Bachelors, Never-married, Exec-managerial, Not-in-family, White, Female, United-States, <=50K
36.50811,132741.19,11.193194,982.82635,-1.2568692,38.36967, Federal-gov, Assoc-voc, Married-spouse-absent, Farming-fishing, Unmarried, White, Male, United-States, <=50K
46.822292,163533.25,11.877551,-545.99677,48.399067,40.026596, Self-emp-not-inc, Bachelors, Never-married, Protective-serv, Unmarried, White, Male, United-States, >50K
44.135033,232953.84,9.683505,472.13525,3.6634111,40.218212, Private, Some-college, Married-civ-spouse, Protective-serv, Husband, White, Female, United-States, <=50K
23.407604,281021.88,15.621578,1898.9227,595.2231,53.839577, Private, Bachelors, Married-spouse-absent, Prof-specialty, Not-in-family, White, Male, United-States, <=50K
45.239788,130325.555,12.496439,2105.9292,-12.267909,41.92997, Self-emp-inc, Bachelors, Married-civ-spouse, Craft-repair, Husband, White, Male, United-States, >50K
46.928505,248265.47,9.774684,1555.2427,2.5725145,46.893276, State-gov, Some-college, Married-civ-spouse, Sales, Husband, White, Male, United-States, <=50K
23.804773,318382.06,9.3356495,-299.02484,-5.7318144,33.824245, Private, HS-grad, Divorced, Sales, Unmarried, White, Male, United-States, <=50K
62.942413,129174.47,6.753275,398.12567,-5.6293516,40.539463, Local-gov, HS-grad, Divorced, Adm-clerical, Unmarried, White, Male, United-States, <=50K
57.60091,136937.44,10.053861,9802.156,40.289726,34.4346, Self-emp-inc, Some-college, Married-civ-spouse, Sales, Husband, White, Male, United-States, >50K
44.42463,162747.31,7.8506327,1729.3527,20.456121,38.154438, Private, HS-grad, Married-civ-spouse, Craft-repair, Husband, White, Male, United-States, >50K
30.392406,112006.83,11.77931,8312.319,88.833206,42.02771, Private, Bachelors, Divorced, Craft-repair, Not-in-family, White, Male, United-States, >50K
36.30015,170239.33,9.195147,690.9074,-5.092639,21.133566, Private, HS-grad, Separated, Adm-clerical, Unmarried, White, Female, United-States, <=50K
16.50649,163417.47,6.1795235,630.3475,-5.543483,33.16284, Private, HS-grad, Never-married, Craft-repair, Not-in-family, White, Male, United-States, <=50K
32.42619,350187.97,8.712604,980.804,-7.1998243,30.521421, Local-gov, HS-grad, Married-civ-spouse, Other-service, Wife, White, Female, United-States, <=50K
24.112167,148818.22,11.345076,-1867.2952,-74.55886,35.66315, Private, Assoc-voc, Never-married, Other-service, Other-relative, White, Male, United-States, >50K
41.817753,32014.5,10.120581,1696.0675,32.191116,42.855404, Federal-gov, Some-college, Never-married, Adm-clerical, Not-in-family, White, Female, United-States, <=50K
32.13247,259846.61,7.66578,1989.677,-11.9136915,52.498478, Private, HS-grad, Divorced, Exec-managerial, Unmarried, White, Female, United-States, <=50K
42.275852,108898.46,11.603257,404.54852,-27.54954,59.275936, Private, Assoc-voc, Never-married, Sales, Not-in-family, White, Male, United-States, <=50K
30.008791,162706.66,10.0720825,-263.61737,-3.481288,50.435467, Federal-gov, Some-college, Never-married, Other-service, Own-child, White, Male, United-States, <=50K
25.263916,157921.14,11.65366,-557.19147,570.9982,47.047485, State-gov, Assoc-voc, Never-married, Farming-fishing, Other-relative, White, Female, United-States, <=50K
43.837017,158236.42,7.1645384,-659.61786,608.18744,35.58299, Private, HS-grad, Married-civ-spouse, Craft-repair, Husband, White, Male, United-States, <=50K
37.166027,140806.06,11.24722,568.8797,-32.835163,35.916134, Private, Assoc-voc, Widowed, Other-service, Not-in-family, White, Female, United-States, >50K
53.289917,125379.27,9.280354,878.06793,3.9890032,29.757605, Local-gov, HS-grad, Married-spouse-absent, Protective-serv, Not-in-family, White, Female, United-States, <=50K
14.796348,201208.72,7.867566,1217.5192,55.735218,18.92613, Private, HS-grad, Never-married, Sales, Other-relative, White, Female, United-States, <=50K
46.29767,102705.47,9.429582,233.98193,-8.482219,32.0201, Private, HS-grad, Married-civ-spouse, Sales, Wife, White, Female, United-States, <=50K
26.481707,92816.08,6.800368,363.99664,1.9830676,19.463293, Private, HS-grad, Never-married, Sales, Own-child, White, Male, United-States, <=50K
41.79625,271954.34,15.043844,1780.3798,-18.168528,40.00933, Federal-gov, Bachelors, Divorced, Exec-managerial, Not-in-family, White, Female, United-States, >50K
46.106106,60558.89,8.578155,-366.87433,-14.646525,39.566948, Federal-gov, HS-grad, Divorced, Other-service, Unmarried, White, Male, United-States, >50K
34.413147,163350.94,12.142205,543.4231,11.602788,38.355686, Private, Bachelors, Married-civ-spouse, Sales, Husband, White, Male, United-States, <=50K
52.00978,120095.125,13.307408,847.82825,-50.40156,33.3015, Local-gov, Bachelors, Divorced, Protective-serv, Unmarried, White, Female, United-States, <=50K
53.238937,88751.78,12.887841,-303.28204,-8.646083,58.94287, Private, Bachelors, Married-civ-spouse, Tech-support, Husband, White, Male, United-States, >50K
19.132854,146232.6,12.226073,23518.201,1123.6536,30.571777, Federal-gov, Bachelors, Married-civ-spouse, Sales, Own-child, White, Male, United-States, >50K
28.438137,187731.14,13.003831,-856.0186,1553.923,61.563427, Private, Bachelors, Married-civ-spouse, Craft-repair, Husband, White, Male, United-States, <=50K
40.927017,468764.7,9.304521,-154.02899,17.447966,44.563816, Private, HS-grad, Married-spouse-absent, Other-service, Not-in-family, White, Female, United-States, <=50K
44.348724,360447.75,9.435954,-288.65314,-14.202937,39.63826, Self-emp-inc, HS-grad, Married-civ-spouse, Farming-fishing, Husband, White, Male, United-States, <=50K
26.912802,234753.31,6.894335,807.81915,23.426485,40.47494, Private, HS-grad, Married-civ-spouse, Sales, Own-child, White, Male, United-States, <=50K
26.94922,157144.83,10.38402,128.4721,7.336026,37.541744, Local-gov, Assoc-voc, Divorced, Other-service, Not-in-family, White, Female, United-States, <=50K
35.489323,254223.22,11.73456,810.3487,-2.7928343,32.56493, Self-emp-not-inc, Bachelors, Married-civ-spouse, Prof-specialty, Husband, White, Male, United-States, <=50K
58.132435,230346.9,10.075174,871.46967,-16.881586,64.22235, Self-emp-inc, Some-college, Married-civ-spouse, Craft-repair, Husband, White, Male, United-States, <=50K
43.35112,85734.55,14.657595,-1118.4009,5.4121065,51.03481, Private, Bachelors, Widowed, Other-service, Unmarried, White, Male, United-States, >50K
20.095516,222294.8,11.297787,197.24915,1.7628528,55.455936, Local-gov, Assoc-voc, Never-married, Protective-serv, Not-in-family, White, Female, United-States, <=50K
35.177853,110060.47,10.050564,687.60675,6.7447786,20.810215, Private, Some-college, Widowed, Other-service, Unmarried, White, Female, United-States, <=50K
31.082954,70580.61,10.2667,9558.804,-12.83681,38.629887, Private, Some-college, Separated, Tech-support, Unmarried, White, Female, United-States, >50K
30.749722,193278.03,9.049453,593.79156,-2.9340315,41.41755, Private, HS-grad, Divorced, Craft-repair, Not-in-family, White, Male, United-States, <=50K
23.41531,188675.69,9.758884,-254.09564,1.4344226,37.942337, Private, Some-college, Never-married, Protective-serv, Not-in-family, White, Male, United-States, <=50K
60.285145,259532.66,7.483038,1485.7786,-39.37882,17.182602, Local-gov, HS-grad, Divorced, Exec-managerial, Unmarried, White, Male, United-States, >50K
25.55271,97029.305,9.449277,738.5628,-25.707712,53.956852, Private, HS-grad, Never-married, Farming-fishing, Other-relative, White, Female, United-States, <=50K
35.618927,233623.31,10.02465,336.31122,30.145777,57.20304, Federal-gov, Some-college, Widowed, Tech-support, Unmarried, White, Female, United-States, <=50K
48.42344,146406.05,7.3986287,-176.41412,-20.844118,45.736378, Private, HS-grad, Divorced, Tech-support, Unmarried, White, Male, United-States, >50K
49.998566,240418.31,8.087105,-921.54083,519.93964,43.47743, State-gov, HS-grad, Divorced, Exec-managerial, Husband, White, Male, United-States, <=50K
25.807758,94787.04,10.959635,71.14776,691.95416,33.253956, Private, Assoc-voc, Divorced, Sales, Not-in-family, White, Female, United-States, <=50K
23.875645,94736.82,9.801366,1937.2479,-12.50085,23.97149, Local-gov, Some-college, Married-spouse-absent, Other-service, Unmarried, White, Female, United-States, <=50K
30.296745,422252.22,9.266515,-378.1518,665.7884,57.80448, Private, HS-grad, Married-spouse-absent, Craft-repair, Not-in-family, White, Male, United-States, <=50K
31.71174,60314.867,11.39926,-1937.2358,-46.7935,45.21645, State-gov, Assoc-voc, Never-married, Prof-specialty, Not-in-family, White, Male, United-States, >50K
25.226547,197458.52,8.13931,435.68842,-23.842928,57.574028, Self-emp-not-inc, HS-grad, Divorced, Craft-repair, Not-in-family, White, Male, United-States, <=50K
47.784565,82838.805,10.770194,4495.962,26.199682,36.684895, Local-gov, Assoc-voc, Married-civ-spouse, Machine-op-inspct, Husband, White, Male, United-States, >50K
42.36143,335106.53,15.748366,2620.9287,1193.1708,58.655014, Private, Bachelors, Divorced, Prof-specialty, Unmarried, White, Female, United-States, >50K
53.087135,161287.4,11.394795,-512.17804,-32.487865,35.607853, State-gov, Assoc-voc, Married-civ-spouse, Prof-specialty, Husband, White, Male, United-States, <=50K
35.6493,65896.54,12.819875,1205.7003,-12.02238,42.42475, Federal-gov, Bachelors, Never-married, Other-service, Other-relative, White, Male, United-States, <=50K
49.09436,205967.06,9.834024,1474.5935,3.9102983,53.892483, Local-gov, Some-college, Widowed, Other-service, Unmarried, White, Female, United-States, <=50K
29.749947,267099.03,8.613271,-156.8664,-13.482715,42.802853, Private, HS-grad, Separated, Craft-repair, Own-child, White, Male, United-States, <=50K
22.834368,130418.555,10.575376,223.27258,-19.885935,18.764723, Private, Assoc-voc, Never-married, Farming-fishing, Own-child, White, Male, United-States, <=50K
46.2873,93582.54,8.651372,3270.2747,-1.4779156,36.803825, Federal-gov, HS-grad, Widowed, Transport-moving, Unmarried, White, Male, United-States, >50K
23.628845,34401.14,11.067539,304.55054,559.951,40.552094, Private, Assoc-voc, Never-married, Handlers-cleaners, Own-child, White, Male, United-States, <=50K
28.618263,124576.05,9.209438,2994.9631,-10.598094,48.60672, Local-gov, HS-grad, Married-civ-spouse, Machine-op-inspct, Wife, White, Female, United-States, <=50K
54.315815,66212.734,11.31604,713.52594,6.346875,37.43706, Private, Assoc-voc, Widowed, Prof-specialty, Not-in-family, White, Female, United-States, <=50K
46.82285,91835.73,10.053784,422.41254,-15.77299,50.48284, Self-emp-not-inc, Assoc-voc, Divorced, Protective-serv, Unmarried, White, Male, United-States, <=50K
23.913282,168062.1,9.9566,236.17725,50.25714,41.5761, Local-gov, Some-college, Married-spouse-absent, Other-service, Not-in-family, White, Male, United-States, <=50K
32.542976,113167.06,10.6141405,809.89886,11.502332,37.365944, Local-gov, Assoc-voc, Married-civ-spouse, Adm-clerical, Husband, White, Male, United-States, <=50K
33.84797,185478.34,10.567129,1129.2611,-8.537265,42.45986, Self-emp-not-inc, Assoc-voc, Divorced, Exec-managerial, Not-in-family, White, Male, United-States, <=50K
49.322582,314813.2,13.242345,498.13507,-25.191576,39.055897, Self-emp-not-inc, Bachelors, Divorced, Exec-managerial, Unmarried, White, Male, United-States, >50K
40.618168,112908.77,14.082967,-258.39606,624.4118,52.23392, Private, Bachelors, Divorced, Prof-specialty, Unmarried, White, Male, United-States, <=50K
20.337729,177990.34,10.891024,1205.912,11.309247,15.2178135, Self-emp-not-inc, Assoc-voc, Never-married, Adm-clerical, Own-child, White, Female, United-States, <=50K
26.37246,173238.4,3.1838121,326.41748,4.759557,39.62425, Private, HS-grad, Married-civ-spouse, Other-service, Own-child, White, Female, United-States, <=50K
28.341824,158744.53,10.673481,-71.05305,-12.587817,23.914104, Local-gov, Assoc-voc, Married-civ-spouse, Machine-op-inspct, Husband, White, Female, United-States, <=50K
27.300182,181020.44,6.485527,-243.7453,-3.557849,62.12596, Private, HS-grad, Never-married, Protective-serv, Own-child, White, Male, United-States, <=50K
45.61215,165334.6,9.854484,602.21063,-1.2360715,14.008636, Local-gov, Some-college, Never-married, ?, Other-relative, White, Male, United-States, <=50K
19.203218,286864.8,10.134639,688.2899,10.92426,24.54436, Federal-gov, Some-college, Married-civ-spouse, Other-service, Own-child, White, Female, United-States, <=50K
28.760141,127882.63,9.602332,-1161.7202,0.924451,41.689636, Private, HS-grad, Married-civ-spouse, Sales, Husband, White, Male, United-States, <=50K
35.979683,321461.03,8.471984,224.03345,-2.3877974,40.48394, Private, Some-college, Married-spouse-absent, Craft-repair, Unmarried, White, Male, United-States, <=50K
26.603474,152320.14,9.443366,-468.67474,1417.4729,32.773445, ?, HS-grad, Never-married, Machine-op-inspct, Unmarried, White, Female, United-States, <=50K
38.2328,368723.88,13.881867,1485.2303,-9.145892,27.475037, ?, Bachelors, Married-civ-spouse, Exec-managerial, Husband, White, Male, United-States, <=50K
49.932064,133265.0,14.319171,1484.4573,-24.877825,41.248413, Private, Bachelors, Never-married, Other-service, Unmarried, White, Female, United-States, <=50K
39.90988,139090.44,9.647212,-305.43146,11.060544,25.15776, Self-emp-inc, HS-grad, Never-married, Sales, Not-in-family, White, Female, United-States, <=50K
47.769466,301832.2,7.281479,390.50818,-14.703433,33.009666, Private, HS-grad, Married-civ-spouse, Sales, Husband, White, Male, United-States, <=50K
31.55233,225894.33,8.367171,169.87634,769.88916,45.962917, Self-emp-not-inc, HS-grad, Married-spouse-absent, Craft-repair, Unmarried, White, Male, United-States, <=50K
35.754726,100208.26,10.151355,278.17566,-38.20223,37.50824, State-gov, Some-college, Divorced, Protective-serv, Unmarried, White, Female, United-States, <=50K
40.689713,86599.78,11.324315,851.9377,-41.62353,44.77032, Federal-gov, Assoc-voc, Married-civ-spouse, Craft-repair, Husband, White, Male, United-States, <=50K
14.382421,5543.6567,10.666836,-341.5954,10.10407,38.17668, Private, Some-college, Never-married, Machine-op-inspct, Other-relative, White, Male, United-States, <=50K
73.54557,136262.16,12.354973,-433.25616,-4.671199,33.184902, Self-emp-inc, Bachelors, Married-civ-spouse, Farming-fishing, Husband, White, Male, United-States, <=50K
56.244186,88688.26,12.711838,-1601.783,9.632855,28.846558, Private, Bachelors, Married-civ-spouse, Other-service, Husband, White, Male, United-States, >50K
37.363514,138996.45,10.24389,157.73071,3.8676348,65.08413, Local-gov, Assoc-voc, Married-spouse-absent, Other-service, Not-in-family, White, Male, United-States, <=50K
47.228355,155132.64,8.918424,-1532.7554,334.55927,59.763363, Private, HS-grad, Divorced, Farming-fishing, Not-in-family, White, Male, United-States, <=50K
54.35018,189308.61,7.943396,588.4377,-8.781245,23.913086, Private, HS-grad, Married-civ-spouse, Craft-repair, Husband, White, Male, United-States, <=50K
35.338184,184712.53,11.463557,358.8418,-3.4665709,41.33536, Local-gov, Assoc-voc, Married-civ-spouse, Adm-clerical, Wife, White, Female, United-States, <=50K
47.38063,259640.89,10.690423,760.9093,-40.918697,58.77043, Federal-gov, Assoc-voc, Married-civ-spouse, Transport-moving, Husband, White, Male, United-States, <=50K
28.475819,322838.53,9.34123,776.3136,-46.083843,30.330269, Private, HS-grad, Never-married, Craft-repair, Not-in-family, White, Female, United-States, <=50K
39.264366,118095.22,10.268463,195.40674,3.8503313,55.75257, Federal-gov, Assoc-voc, Married-civ-spouse, Adm-clerical, Husband, White, Male, United-States, <=50K
37.690228,203971.2,2.8516822,1427.3,28.472414,34.065945, ?, HS-grad, Never-married, Protective-serv, Not-in-family, White, Male, United-States, <=50K
18.979805,207190.88,12.5339985,-925.0605,-32.39211,34.007534, Private, Bachelors, Never-married, Prof-specialty, Own-child, White, Male, United-States, <=50K
20.83102,266108.8,7.273349,-563.8781,-5.437007,49.13936, Private, HS-grad, Never-married, Sales, Not-in-family, White, Female, United-States, <=50K
38.562496,141205.98,11.685786,1322.0922,269.16867,54.63187, Private, Bachelors, Divorced, Sales, Not-in-family, White, Male, United-States, <=50K
48.008217,171665.4,10.602701,343.18634,65.670944,28.233791, Private, Assoc-voc, Never-married, Sales, Not-in-family, White, Female, United-States, <=50K
31.919073,80832.805,10.220393,647.51465,0.30424988,59.051193, Self-emp-inc, Some-college, Married-civ-spouse, Craft-repair, Husband, White, Male, United-States, >50K
27.910694,146235.3,10.947645,-160.56903,-0.95359313,44.353672, Private, Assoc-voc, Never-married, Adm-clerical, Not-in-family, White, Female, United-States, <=50K
22.488129,331817.16,11.656777,145.27551,-53.208324,36.14214, Local-gov, Assoc-voc, Never-married, Prof-specialty, Other-relative, White, Female, United-States, <=50K
34.550514,86259.12,9.808357,403.26495,27.73213,42.753597, Self-emp-not-inc, Some-college, Widowed, Other-service, Unmarried, White, Male, United-States, <=50K
19.692501,89329.58,9.18212,48.009335,62.180626,29.808842, Private, HS-grad, Never-married, Exec-managerial, Not-in-family, White, Female, United-States, <=50K
17.704073,177404.22,8.960646,-131.92816,-42.751934,41.303158, State-gov, HS-grad, Never-married, Protective-serv, Own-child, White, Male, United-States, <=50K
55.527615,68019.586,12.548725,-1941.3191,-39.93556,59.900677, Private, Bachelors, Married-civ-spouse, Protective-serv, Husband, White, Male, United-States, <=50K
56.012627,290434.53,14.188191,5116.2085,-1.279025,40.08628, Local-gov, Bachelors, Married-civ-spouse, Protective-serv, Husband, White, Male, United-States, >50K
40.32243,233205.25,13.389805,10760.939,-31.560114,42.96642, Private, Bachelors, Married-civ-spouse, Prof-specialty, Wife, White, Female, United-States, >50K
24.024635,287248.88,9.161022,1139.41,31.700441,42.968075, Private, HS-grad, Never-married, Craft-repair, Not-in-family, White, Male, United-States, >50K
36.96561,245293.83,10.360055,624.64246,-7.4997435,36.595455, Federal-gov, Some-college, Married-spouse-absent, Prof-specialty, Not-in-family, White, Female, United-States, <=50K
17.7285,275088.62,7.214807,271.82245,13.386762,20.346682, Self-emp-not-inc, HS-grad, Never-married, Farming-fishing, Own-child, White, Male, United-States, <=50K
48.140476,138759.27,7.3141055,-76.17414,-3.3572721,38.417027, Self-emp-not-inc, HS-grad, Divorced, Adm-clerical, Not-in-family, White, Female, United-States, <=50K
22.442663,29016.344,10.042648,799.25635,7.633298,19.246296, Local-gov, Some-college, Never-married, Other-service, Not-in-family, White, Male, United-States, <=50K
57.722504,364044.53,10.330249,349.14844,-30.235613,39.051846, Private, Assoc-voc, Married-civ-spouse, Exec-managerial, Husband, White, Male, United-States, <=50K
43.845547,32098.047,7.3000207,492.88965,134.77074,25.161394, Private, HS-grad, Never-married, Farming-fishing, Not-in-family, White, Female, United-States, <=50K
61.07106,134392.77,11.276409,493.6178,-8.709147,38.631832, State-gov, Assoc-voc, Married-civ-spouse, Protective-serv, Husband, White, Male, United-States, <=50K
21.573137,181758.1,10.788724,337.1505,13.970197,36.057503, Local-gov, Assoc-voc, Never-married, Protective-serv, Not-in-family, White, Male, United-States, <=50K
34.273552,191637.86,10.246592,202.08563,-4.907817,54.286606, Private, Assoc-voc, Never-married, Adm-clerical, Unmarried, White, Male, United-States, <=50K
23.330143,217827.31,11.446654,1123.904,-16.903238,34.54288, Private, Assoc-voc, Married-civ-spouse, Prof-specialty, Husband, White, Male, United-States, >50K
41.072636,125232.516,12.187967,632.21094,1.2228976,26.258324, State-gov, Bachelors, Divorced, Protective-serv, Not-in-family, White, Male, United-States, <=50K
27.125395,158683.9,15.807659,-2431.634,210.97447,45.89732, Private, Bachelors, Never-married, Sales, Unmarried, White, Female, United-States, >50K
42.056557,350968.44,12.271184,2390.0542,-47.354534,45.54545, Self-emp-inc, Bachelors, Married-civ-spouse, Sales, Husband, White, Male, United-States, <=50K
21.367455,162884.5,8.254574,-350.7099,-8.500041,50.614662, Private, HS-grad, Married-civ-spouse, Craft-repair, Husband, White, Male, United-States, <=50K
40.548286,129401.06,14.814211,140.51337,-13.637874,65.84752, Private, Bachelors, Divorced, Farming-fishing, Not-in-family, White, Male, United-States, <=50K
32.562233,99575.5,12.222582,1696.0172,-22.006868,44.42336, Local-gov, Bachelors, Never-married, Exec-managerial, Not-in-family, White, Male, United-States, <=50K
42.375954,283348.03,9.165423,210.38477,-32.450527,41.390774, Private, HS-grad, Married-spouse-absent, Transport-moving, Not-in-family, White, Male, United-States, <=50K
33.19532,237802.38,8.220396,13592.257,386.47693,41.759045, Private, Some-college, Married-civ-spouse, Sales, Husband, White, Male, United-States, >50K
24.83491,180209.48,7.2036676,-320.93353,-11.469386,41.15336, Private, HS-grad, Married-civ-spouse, Other-service, Wife, White, Female, United-States, <=50K
39.678658,130041.68,12.212932,-337.0301,-8.718837,34.32537, Local-gov, Bachelors, Married-civ-spouse, Protective-serv, Husband, White, Male, United-States, <=50K
25.141993,176370.97,8.105821,26.425716,85.93044,27.043108, Private, HS-grad, Never-married, Adm-clerical, Other-relative, White, Male, United-States, <=50K
30.082523,13171.735,6.4831004,763.6318,29.728975,62.192345, Self-emp-inc, HS-grad, Never-married, Craft-repair, Not-in-family, White, Male, United-States, <=50K
55.091667,312025.44,9.817788,1080.0635,7.5875597,48.06893, Private, Some-college, Married-civ-spouse, Sales, Husband, White, Male, United-States, >50K
40.34207,100945.13,10.527567,2317.208,-54.697994,41.62815, Federal-gov, Assoc-voc, Separated, Tech-support, Husband, White, Male, United-States, <=50K
43.024857,156875.02,8.911028,1467.3859,-9.662341,31.24149, Self-emp-inc, HS-grad, Divorced, Transport-moving, Unmarried, White, Male, United-States, <=50K
43.50005,183608.08,9.724977,759.6247,1.1717197,44.77504, Self-emp-not-inc, Some-college, Divorced, Protective-serv, Unmarried, White, Female, United-States, <=50K
30.223066,283636.53,6.7292194,986.8845,-7.159953,51.306133, Local-gov, HS-grad, Divorced, Exec-managerial, Unmarried, White, Male, United-States, <=50K
25.395487,44683.656,11.4392185,289.62323,-32.966236,52.545906, Local-gov, Assoc-voc, Divorced, Farming-fishing, Not-in-family, White, Male, United-States, <=50K
22.722574,119008.445,8.95323,514.68994,17.780539,41.625175, Private, HS-grad, Never-married, Sales, Own-child, White, Male, United-States, <=50K
24.327583,333777.06,9.260117,8442.935,65.11585,74.75195, Private, HS-grad, Married-spouse-absent, Craft-repair, Unmarried, White, Male, United-States, >50K
17.555426,190537.78,10.134535,7987.773,-19.79899,29.87251, Private, Assoc-voc, Married-civ-spouse, Tech-support, Wife, White, Female, United-States, >50K
32.00997,206237.95,9.079131,-1967.2046,-18.250948,48.12152, Private, HS-grad, Married-spouse-absent, Tech-support, Not-in-family, White, Male, United-States, <=50K
20.262012,311433.28,10.013891,627.48553,-10.587756,36.595886, Private, Some-college, Married-civ-spouse, Other-service, Own-child, White, Female, United-States, >50K
33.999214,171456.42,12.192398,27379.154,4.2911806,42.502552, Local-gov, Bachelors, Married-civ-spouse, Machine-op-inspct, Husband, White, Male, United-States, >50K
42.00649,144934.94,9.852054,-1521.052,253.29602,46.365685, Private, Some-college, Married-spouse-absent, Exec-managerial, Not-in-family, White, Male, United-States, <=50K
35.212437,229050.47,11.279495,-231.89508,-8.488917,40.72548, Local-gov, Assoc-voc, Married-civ-spouse, Prof-specialty, Wife, White, Female, United-States, >50K
50.492878,124289.67,11.771044,1448.1351,-5.0684004,51.515255, Local-gov, Assoc-voc, Married-civ-spouse, Protective-serv, Wife, White, Male, United-States, <=50K
34.694504,76503.04,12.79635,-2187.2532,47.362057,39.529366, Private, Bachelors, Married-civ-spouse, Prof-specialty, Husband, White, Male, United-States, >50K
12.397796,57902.25,7.9383626,-70.175606,3.8803988,23.799313, State-gov, HS-grad, Never-married, Machine-op-inspct, Unmarried, White, Female, United-States, <=50K
18.020828,347517.5,8.557288,208.26758,-7.1442595,14.962187, Private, HS-grad, Never-married, Craft-repair, Own-child, White, Male, United-States, <=50K
28.425032,250184.5,17.803333,-1673.5266,2.2477846,58.1349, Private, Bachelors, Never-married, Prof-specialty, Not-in-family, White, Male, United-States, <=50K
34.445602,184700.69,9.265359,317.25867,-31.39322,25.439651, Private, HS-grad, Separated, Machine-op-inspct, Wife, White, Female, United-States, <=50K
38.610756,79906.32,11.131673,-2320.298,626.65955,46.00895, Private, Assoc-voc, Married-civ-spouse, Tech-support, Husband, White, Male, United-States, <=50K
34.032604,227683.02,10.165925,143.1037,1415.7672,26.478682, Self-emp-not-inc, Assoc-voc, Divorced, Other-service, Unmarried, White, Male, United-States, >50K
22.686743,153746.11,4.1754293,99.38433,-1.8731564,35.15161, State-gov, HS-grad, Never-married, Other-service, Own-child, White, Female, United-States, <=50K
41.8839,231070.42,9.028572,71.44189,-9.269107,41.76742, Private, HS-grad, Married-civ-spouse, Machine-op-inspct, Wife, White, Female, United-States, >50K
18.40057,361829.5,9.112243,521.15936,672.66394,48.62054, Private, HS-grad, Divorced, Sales, Not-in-family, White, Female, United-States, <=50K
29.800804,277870.0,6.955999,578.4123,-8.645251,48.08419, Local-gov, HS-grad, Married-civ-spouse, Farming-fishing, Husband, White, Male, United-States, <=50K
35.87792,283269.66,9.730807,-578.335,-25.33053,47.133617, Private, HS-grad, Married-civ-spouse, Adm-clerical, Husband, White, Male, United-States, <=50K
42.201675,292369.44,14.059046,194.48737,1332.5116,56.51626, Private, Bachelors, Married-civ-spouse, Exec-managerial, Husband, White, Male, United-States, <=50K
50.61127,39638.64,10.542974,1172.2711,12.562375,49.278988, Local-gov, Assoc-voc, Married-civ-spouse, Adm-clerical, Husband, White, Male, United-States, <=50K
67.47912,181928.23,9.865134,1557.7216,7.0904284,18.844744, Private, HS-grad, Married-civ-spouse, Machine-op-inspct, Wife, White, Female, United-States, <=50K
26.657385,176067.5,9.798553,-362.84894,-18.88305,40.191277, Private, Some-college, Never-married, Other-service, Not-in-family, White, Male, United-States, <=50K
37.81224,157236.55,10.677599,629.1795,-28.541094,31.187311, Private, Assoc-voc, Married-spouse-absent, Prof-specialty, Not-in-family, White, Male, United-States, <=50K
41.906754,84189.12,9.774257,1637.3191,-49.533764,44.298965, Private, Some-college, Married-civ-spouse, Other-service, Husband, White, Male, United-States, <=50K
25.95475,103545.5,3.8854642,51.719784,-15.489688,27.96101, Private, HS-grad, Never-married, Other-service, Own-child, White, Male, United-States, <=50K
20.816895,434491.12,13.206737,4184.01,964.0665,39.56842, Private, Bachelors, Married-civ-spouse, Sales, Own-child, White, Male, United-States, <=50K
65.03441,450577.25,8.91231,1418.0431,-32.281773,39.343914, Local-gov, HS-grad, Divorced, ?, Unmarried, White, Female, United-States, <=50K
37.31063,318043.34,11.342894,5614.623,32.941917,39.93528, Private, Assoc-voc, Divorced, Sales, Not-in-family, White, Male, United-States, >50K
39.818455,117024.375,6.4666066,161.82971,-13.111766,37.447666, Private, HS-grad, Married-civ-spouse, Transport-moving, Husband, White, Male, United-States, <=50K
53.737556,279984.03,10.535647,1270.3536,1341.1825,41.14488, State-gov, Assoc-voc, Married-civ-spouse, Protective-serv, Husband, White, Male, United-States, <=50K
44.13573,108952.37,9.592054,-698.14935,8.4494295,30.040707, Local-gov, HS-grad, Married-civ-spouse, Exec-managerial, Wife, White, Female, United-States, >50K
32.870502,356171.72,10.580129,233.56494,-0.511752,19.495365, Private, Assoc-voc, Divorced, Prof-specialty, Unmarried, White, Female, United-States, <=50K
42.193935,336813.06,11.13582,231.07935,18.064604,23.015833, Private, Assoc-voc, Never-married, Adm-clerical, Own-child, White, Female, United-States, <=50K
76.392746,194653.86,3.014594,2938.609,27.1458,44.7787, Private, HS-grad, Married-civ-spouse, Other-service, Husband, White, Male, United-States, >50K
68.914024,142483.9,6.914026,152.57,10.914121,46.842644, State-gov, HS-grad, Married-civ-spouse, Farming-fishing, Husband, White, Male, United-States, <=50K
41.642925,94960.414,10.585794,1029.8187,1.0150348,50.820934, Private, Assoc-voc, Divorced, Exec-managerial, Not-in-family, White, Female, United-States, <=50K
34.19137,338686.06,9.854649,98.60467,-19.643747,47.172848, Private, Assoc-voc, Married-spouse-absent, Other-service, Not-in-family, White, Male, United-States, >50K
34.82135,213053.48,9.897527,552.6302,-39.748264,36.368195, Federal-gov, HS-grad, Married-spouse-absent, Transport-moving, Not-in-family, White, Male, United-States, <=50K
53.595356,235030.05,11.586969,-1560.5974,-35.427006,54.008675, Self-emp-inc, Bachelors, Married-civ-spouse, Adm-clerical, Husband, White, Male, United-States, >50K
53.89832,170109.5,10.175944,470.42603,-6.8648024,33.15866, Local-gov, Assoc-voc, Married-civ-spouse, Machine-op-inspct, Husband, White, Male, United-States, <=50K
54.823467,218079.9,7.6778517,1898.9104,-13.988139,39.505726, Federal-gov, HS-grad, Married-spouse-absent, Farming-fishing, Not-in-family, White, Male, United-States, >50K
29.075695,53851.58,12.607094,601.88025,-23.418718,56.905712, ?, Bachelors, Married-spouse-absent, Machine-op-inspct, Not-in-family, White, Female, United-States, <=50K
18.356369,212405.33,5.9611864,828.1613,11.864118,39.2032, Private, HS-grad, Married-spouse-absent, Handlers-cleaners, Unmarried, White, Male, United-States, <=50K
24.254055,160292.83,5.3605022,855.63385,36.071774,39.66573, State-gov, HS-grad, Never-married, Adm-clerical, Not-in-family, White, Female, United-States, <=50K
26.42923,116475.83,9.354326,176.24744,-0.21506776,47.452812, Self-emp-inc, HS-grad, Never-married, Sales, Not-in-family, White, Male, United-States, <=50K
50.250874,190497.84,12.116212,3115.172,-25.429056,40.128414, Local-gov, Assoc-voc, Married-civ-spouse, Protective-serv, Husband, White, Male, United-States, <=50K
42.943745,302791.28,8.719614,-296.37042,0.87865937,40.462505, Private, HS-grad, Married-spouse-absent, Protective-serv, Not-in-family, White, Female, United-States, <=50K
50.784775,186715.3,9.089205,-23.668522,-23.125368,31.040445, Private, HS-grad, Divorced, Other-service, Unmarried, White, Female, United-States, <=50K
39.79167,343232.84,11.022591,4102.965,-26.829355,47.12489, Federal-gov, Some-college, Married-civ-spouse, Transport-moving, Husband, White, Male, United-States, >50K
26.549128,291185.4,7.5275393,266.1944,26.393381,49.212624, Private, HS-grad, Married-spouse-absent, Sales, Unmarried, White, Male, United-States, <=50K
54.229088,244328.23,9.613281,2255.8232,564.19806,59.046715, Private, HS-grad, Married-civ-spouse, Handlers-cleaners, Husband, White, Male, United-States, >50K
26.510405,302901.3,13.206094,2374.0388,-20.18484,52.030045, Private, Bachelors, Separated, Prof-specialty, Husband, White, Male, United-States, <=50K
38.779736,180224.11,6.150088,4032.9182,4.1369905,36.8791, Federal-gov, HS-grad, Married-civ-spouse, Sales, Husband, White, Male, United-States, <=50K
27.520636,137850.36,9.277532,973.92413,-19.48498,43.175793, Local-gov, HS-grad, Never-married, Other-service, Not-in-family, White, Male, United-States, <=50K
25.962101,108013.74,10.1626425,985.4597,-9.7068205,26.272215, Private, Some-college, Never-married, Exec-managerial, Own-child, White, Male, United-States, >50K
27.672136,103385.06,13.406175,672.63116,-41.57542,32.962696, Local-gov, Bachelors, Never-married, Prof-specialty, Unmarried, White, Female, United-States, <=50K
18.175669,147302.75,9.109934,4025.1392,-25.879755,39.479435, Private, HS-grad, Married-civ-spouse, Adm-clerical, Own-child, White, Male, United-States, <=50K
44.375046,115494.61,10.097418,6038.6504,2.5861864,44.041794, State-gov, Some-college, Married-civ-spouse, Prof-specialty, Husband, White, Male, United-States, >50K
42.31184,146686.06,9.651941,-951.72797,-6.142352,43.99765, Private, Some-college, Married-civ-spouse, Other-service, Husband, White, Male, United-States, >50K
47.10246,107898.39,14.430722,-387.7625,-48.47662,40.710125, Self-emp-not-inc, Bachelors, Divorced, Tech-support, Not-in-family, White, Male, United-States, >50K
33.906307,147395.62,10.906221,82.97875,15.158711,32.033455, Federal-gov, Assoc-voc, Married-civ-spouse, Machine-op-inspct, Husband, White, Male, United-States, >50K
28.263966,175589.86,11.834692,486.95258,-15.86777,32.69612, Private, Bachelors, Married-civ-spouse, Protective-serv, Husband, White, Male, United-States, <=50K
49.610825,133156.31,9.350129,791.4897,-13.355433,49.635937, Private, HS-grad, Divorced, Protective-serv, Unmarried, White, Male, United-States, <=50K
55.876747,180466.17,15.317943,23200.387,47.53988,60.16169, Local-gov, Bachelors, Married-civ-spouse, Prof-specialty, Unmarried, White, Male, United-States, >50K
16.055283,416046.94,11.063816,1740.4772,-80.13741,41.895485, Local-gov, Assoc-voc, Never-married, ?, Own-child, White, Male, United-States, >50K
29.217907,314699.38,6.224978,-603.29877,45.99778,40.50314, Private, HS-grad, Never-married, Adm-clerical, Not-in-family, White, Female, United-States, <=50K
20.810965,258948.88,12.040416,627.826,0.12506591,50.30817, Private, Bachelors, Never-married, Handlers-cleaners, Other-relative, White, Male, United-States, <=50K
38.78099,119134.02,9.010173,934.2262,-1.7032574,55.51396, State-gov, HS-grad, Married-civ-spouse, Adm-clerical, Husband, White, Male, United-States, <=50K
43.480347,207949.2,9.349461,347.86987,-36.291515,53.63752, Private, HS-grad, Separated, Craft-repair, Unmarried, White, Female, United-States, <=50K
71.562,182754.75,9.385673,-773.9639,118.528854,49.608913, Private, HS-grad, Widowed, Other-service, Unmarried, White, Female, United-States, <=50K
23.165466,80656.12,9.5504875,-744.8055,-26.418589,57.865593, Private, HS-grad, Never-married, Craft-repair, Not-in-family, White, Male, United-States, <=50K
26.135387,127736.945,10.855687,430.90387,-4.502307,41.456516, Federal-gov, Assoc-voc, Married-spouse-absent, Craft-repair, Not-in-family, White, Male, United-States, <=50K
38.558212,51243.75,9.7520275,1911.4617,712.295,33.6462, Private, Some-college, Never-married, Adm-clerical, Not-in-family, White, Male, United-States, <=50K
34.393024,168274.28,6.7938395,91.23785,15.223065,44.099636, Private, HS-grad, Married-civ-spouse, Sales, Husband, White, Male, United-States, <=50K
18.280884,100478.75,9.002299,256.0078,840.2389,45.733105, Private, HS-grad, Never-married, Farming-fishing, Other-relative, White, Male, United-States, <=50K
29.831343,368581.25,9.923215,678.49744,-46.975872,34.909927, Private, Assoc-voc, Married-spouse-absent, Exec-managerial, Not-in-family, White, Male, United-States, <=50K
37.43266,224943.78,7.957337,118.30651,-5.2116575,36.649227, Self-emp-not-inc, HS-grad, Married-civ-spouse, Protective-serv, Wife, White, Female, United-States, <=50K
18.964844,83383.01,9.87929,36.725765,627.14655,25.650843, Private, Some-college, Never-married, Sales, Unmarried, White, Male, United-States, <=50K
32.94864,216787.27,9.269796,-29.877262,21.320387,28.147953, Private, HS-grad, Never-married, Other-service, Other-relative, White, Female, United-States, <=50K
35.15312,288758.38,8.962916,1253.9847,-16.126413,36.043373, Local-gov, HS-grad, Married-spouse-absent, ?, Not-in-family, White, Female, United-States, <=50K
54.48325,63939.734,11.156957,-457.99237,-16.899065,63.784267, Private, Assoc-voc, Married-civ-spouse, Farming-fishing, Husband, White, Male, United-States, >50K
48.300835,128240.914,17.115314,14731.057,7.8112917,43.67087, Self-emp-inc, Bachelors, Married-civ-spouse, Prof-specialty, Husband, White, Male, United-States, >50K
34.694725,84856.516,9.3953085,-392.48993,-18.65471,48.026634, State-gov, HS-grad, Married-civ-spouse, Tech-support, Husband, White, Male, United-States, >50K
36.470688,86336.17,8.919695,-184.36407,-16.156496,44.7122, Private, HS-grad, Married-civ-spouse, Farming-fishing, Husband, White, Male, United-States, <=50K
37.45813,135693.12,9.390455,765.9582,5.326886,55.13387, Local-gov, HS-grad, Never-married, Adm-clerical, Not-in-family, White, Male, United-States, <=50K
33.9605,302304.62,8.754993,830.9914,22.043692,18.277647, Private, HS-grad, Separated, Machine-op-inspct, Unmarried, White, Male, United-States, <=50K
22.220482,209280.28,7.104549,-223.0976,-15.6349745,37.31491, State-gov, HS-grad, Married-spouse-absent, Adm-clerical, Not-in-family, White, Female, United-States, <=50K
38.79604,175998.52,13.153539,1004.0671,188.05496,32.710056, Private, Bachelors, Married-civ-spouse, Sales, Husband, White, Male, United-States, <=50K
36.327076,93877.484,5.478305,873.1541,-60.034313,31.761858, Private, HS-grad, Married-civ-spouse, Farming-fishing, Own-child, White, Male, United-States, <=50K
40.35305,479479.66,4.6597295,-399.84918,28.951849,33.604942, Private, HS-grad, Separated, Handlers-cleaners, Husband, White, Male, United-States, <=50K
52.329803,97032.125,9.067145,-917.1641,-11.286494,44.278015, Private, HS-grad, Divorced, Exec-managerial, Not-in-family, White, Female, United-States, <=50K
48.338787,42539.89,9.88666,-622.5992,-32.788036,32.68346, Federal-gov, HS-grad, Divorced, Craft-repair, Not-in-family, White, Male, United-States, <=50K
35.816093,158783.16,11.324933,1355.5573,4.9277163,54.22756, Private, Assoc-voc, Married-civ-spouse, Handlers-cleaners, Husband, White, Male, United-States, <=50K
51.47618,238295.5,9.293372,458.03906,-31.059465,50.884937, State-gov, HS-grad, Married-civ-spouse, Craft-repair, Husband, White, Male, United-States, >50K
23.290777,330290.38,6.9262905,86.7185,-21.924257,34.868126, Private, HS-grad, Never-married, Handlers-cleaners, Not-in-family, White, Female, United-States, <=50K
28.369125,214788.06,12.603405,297.42358,-73.21702,32.921627, Private, Bachelors, Never-married, Protective-serv, Own-child, White, Male, United-States, <=50K
50.032585,82886.12,2.667738,876.9597,22.40595,48.19059, Self-emp-not-inc, HS-grad, Divorced, Craft-repair, Unmarried, White, Male, United-States, <=50K
30.836697,47645.812,11.142912,-781.9112,-38.80778,53.283665, Private, Assoc-voc, Married-civ-spouse, Tech-support, Husband, White, Male, United-States, >50K
30.837475,170827.45,11.8785515,-1198.1184,-35.407284,33.5525, State-gov, Bachelors, Married-civ-spouse, Prof-specialty, Husband, White, Male, United-States, <=50K
31.528734,122443.62,10.660777,505.1657,-8.820895,40.039375, Self-emp-not-inc, Assoc-voc, Married-civ-spouse, Handlers-cleaners, Husband, White, Male, United-States, <=50K
30.663506,68072.17,10.031405,437.16254,-47.52821,34.904312, Local-gov, Some-college, Married-civ-spouse, Exec-managerial, Wife, White, Female, United-States, <=50K
56.104126,160813.77,9.2924385,447.97217,7.063649,14.775623, Private, HS-grad, Divorced, Other-service, Not-in-family, White, Female, United-States, <=50K
26.503567,477382.12,12.384755,1038.3481,-33.981953,47.512352, Private, Bachelors, Never-married, Prof-specialty, Unmarried, White, Female, United-States, <=50K
20.172457,88294.3,9.842933,593.8959,-25.358934,37.15161, Local-gov, HS-grad, Never-married, Protective-serv, Not-in-family, White, Male, United-States, <=50K
28.484814,188411.97,8.7781105,-527.6082,20.789381,54.881897, Self-emp-not-inc, Some-college, Never-married, Other-service, Unmarried, White, Male, United-States, <=50K
20.276115,393799.06,11.261697,927.30347,-12.147777,26.875628, Private, Assoc-voc, Never-married, Handlers-cleaners, Not-in-family, White, Female, United-States, <=50K
28.445251,101013.945,10.134709,917.1203,-24.86806,24.729473, Local-gov, Assoc-voc, Married-civ-spouse, Other-service, Wife, White, Female, United-States, <=50K
44.940136,63935.945,10.843651,-289.77142,-5.9415236,37.785088, Federal-gov, Assoc-voc, Widowed, Craft-repair, Not-in-family, White, Male, United-States, >50K
39.567303,157480.95,11.936273,-142.89752,-32.222492,42.700043, Self-emp-inc, Assoc-voc, Married-civ-spouse, Farming-fishing, Wife, White, Female, United-States, <=50K
36.696533,201503.61,10.353542,-2313.4624,852.8889,67.744545, Private, HS-grad, Married-civ-spouse, Transport-moving, Husband, White, Male, United-States, >50K
18.411324,55034.375,9.537396,-174.0213,-39.12598,44.828506, Private, HS-grad, Never-married, Farming-fishing, Other-relative, White, Male, United-States, <=50K
39.852283,103199.625,6.147654,805.5607,4.901883,50.232162, Self-emp-not-inc, HS-grad, Never-married, Craft-repair, Unmarried, White, Male, United-States, <=50K
37.935684,140895.8,5.793233,1024.7555,-29.217295,38.33007, Private, HS-grad, Never-married, Machine-op-inspct, Own-child, White, Female, United-States, <=50K
18.10209,159532.69,10.814596,249.52179,-33.678577,38.19412, Local-gov, Assoc-voc, Married-civ-spouse, Exec-managerial, Husband, White, Male, United-States, <=50K
30.326052,104731.89,10.142162,893.4292,20.868002,40.59247, Local-gov, Some-college, Never-married, Other-service, Unmarried, White, Male, United-States, <=50K
53.132828,160275.95,9.713992,2800.7043,118.53768,48.99534, Private, Some-college, Married-civ-spouse, Farming-fishing, Husband, White, Male, United-States, >50K
21.045538,366545.5,9.593723,78.87432,21.899282,59.544086, Local-gov, Some-college, Divorced, Protective-serv, Not-in-family, White, Male, United-States, <=50K
26.685652,118194.695,13.537474,5724.1484,8.651448,57.565125, Local-gov, Bachelors, Never-married, Prof-specialty, Unmarried, White, Male, United-States, >50K
37.30423,338559.88,10.72626,2216.6797,-59.93527,51.554962, Federal-gov, Assoc-voc, Married-civ-spouse, Tech-support, Husband, White, Male, United-States, <=50K
50.836205,207722.86,6.567033,845.2551,14.041043,38.089493, Self-emp-not-inc, HS-grad, Widowed, Craft-repair, Unmarried, White, Female, United-States, <=50K
31.41967,194501.7,4.952493,1016.93835,-13.611873,48.02856, Local-gov, HS-grad, Married-civ-spouse, Other-service, Husband, White, Male, United-States, <=50K
26.696045,186907.06,6.273166,811.98975,28.728662,27.904053, Self-emp-not-inc, HS-grad, Never-married, Adm-clerical, Own-child, White, Male, United-States, <=50K
46.045994,75587.234,8.538214,1770.085,10.683286,34.735073, ?, HS-grad, Divorced, ?, Not-in-family, White, Female, United-States, >50K
48.334435,154859.62,10.332435,-668.5677,-49.966305,26.572922, Private, Assoc-voc, Married-civ-spouse, Other-service, Wife, White, Female, United-States, >50K
61.858864,328215.03,7.821212,111.518364,22.956663,64.073166, State-gov, HS-grad, Divorced, Protective-serv, Unmarried, White, Male, United-States, <=50K
37.896088,78616.05,11.842072,736.1704,1669.4607,39.267982, Private, Assoc-voc, Married-civ-spouse, Craft-repair, Husband, White, Male, United-States, <=50K
30.814571,255322.73,9.914761,-164.50372,17.325903,36.70584, Federal-gov, Some-college, Separated, Handlers-cleaners, Own-child, White, Male, United-States, <=50K
26.85997,165797.08,9.694766,727.2484,7.465047,33.34198, Self-emp-not-inc, HS-grad, Never-married, Adm-clerical, Unmarried, White, Male, United-States, <=50K
25.052902,410332.62,9.961516,-201.20782,24.197882,43.109734, Private, Some-college, Never-married, Farming-fishing, Unmarried, White, Male, United-States, <=50K
33.255577,66297.79,9.677425,456.24036,27.176699,26.70733, Private, HS-grad, Never-married, Protective-serv, Other-relative, White, Female, United-States, <=50K
53.640064,120294.664,12.238414,-624.70514,124.70541,25.759506, Private, Bachelors, Married-civ-spouse, Sales, Husband, White, Male, United-States, <=50K
33.36035,311561.22,11.256087,461.14948,1191.4543,31.45261, Private, Assoc-voc, Divorced, Craft-repair, Unmarried, White, Male, United-States, <=50K
26.615105,203433.06,6.200333,771.57294,4.9958696,55.866383, ?, HS-grad, Never-married, ?, Not-in-family, White, Male, United-States, <=50K
29.934385,260525.58,9.12353,927.8447,-18.718836,33.991066, ?, HS-grad, Married-civ-spouse, Exec-managerial, Husband, White, Male, United-States, <=50K
24.279211,160534.17,6.5223823,544.99084,-26.778154,35.07972, Private, HS-grad, Never-married, Protective-serv, Not-in-family, White, Female, United-States, <=50K
50.455864,417359.03,5.7106595,882.0974,181.63805,37.83056, Private, HS-grad, Separated, Transport-moving, Unmarried, White, Female, United-States, <=50K
43.006084,278732.28,10.587201,37853.242,67.55886,49.128723, Private, Assoc-voc, Married-civ-spouse, Protective-serv, Wife, White, Female, United-States, >50K
41.83223,108371.54,8.202462,2536.5916,-21.852465,40.843426, Self-emp-not-inc, HS-grad, Divorced, Exec-managerial, Not-in-family, White, Male, United-States, <=50K
33.80746,284835.06,13.626702,538.8823,-34.644024,55.859024, Private, Bachelors, Separated, Exec-managerial, Unmarried, White, Female, United-States, <=50K
44.4093,153062.6,4.51313,291.3886,16.991331,40.212994, Federal-gov, HS-grad, Married-spouse-absent, Other-service, Not-in-family, White, Male, United-States, <=50K
52.97622,172679.73,11.171909,881.55536,-0.75968444,27.063473, ?, Assoc-voc, Widowed, ?, Not-in-family, White, Female, United-States, <=50K
23.14495,79557.4,10.902061,281.59796,-6.48746,45.274014, Self-emp-not-inc, Assoc-voc, Married-civ-spouse, Craft-repair, Own-child, White, Male, United-States, <=50K
17.365332,293066.28,9.364594,113.346,4.6806993,41.37663, Private, HS-grad, Never-married, Handlers-cleaners, Unmarried, White, Male, United-States, <=50K
23.986053,147910.28,10.461447,349.3794,-35.898746,45.99918, Federal-gov, Some-college, Never-married, Handlers-cleaners, Not-in-family, White, Male, United-States, <=50K
66.12431,138194.44,13.824328,2879.2102,-4.484927,54.122135, Private, Bachelors, Married-civ-spouse, Prof-specialty, Husband, White, Male, United-States, >50K
52.899937,336067.84,8.88187,728.1373,4.887006,40.62248, Private, HS-grad, Widowed, Exec-managerial, Not-in-family, White, Male, United-States, <=50K
52.757496,45605.86,11.332965,-180.21783,680.64307,28.785557, Local-gov, Assoc-voc, Widowed, Other-service, Unmarried, White, Male, United-States, >50K
11.636121,248558.25,10.373843,273.24738,58.680714,28.053282, Private, Assoc-voc, Never-married, Machine-op-inspct, Other-relative, White, Male, United-States, <=50K
43.311638,114350.38,9.910271,315.0379,20.740416,50.44727, Self-emp-not-inc, HS-grad, Married-civ-spouse, Machine-op-inspct, Husband, White, Male, United-States, <=50K
36.661922,240775.16,10.625886,226.10248,-11.748927,25.734335, Private, Assoc-voc, Divorced, Other-service, Not-in-family, White, Male, United-States, >50K
24.652246,214422.77,8.721377,-619.4388,38.974525,41.73154, Private, Some-college, Married-civ-spouse, Protective-serv, Own-child, White, Male, United-States, <=50K
27.14702,648602.94,11.653446,-139.09015,-15.946208,34.9676, Private, Assoc-voc, Separated, Sales, Unmarried, White, Female, United-States, <=50K
26.5519,129716.96,10.405289,7.273983,-23.477053,55.855114, Self-emp-inc, Assoc-voc, Divorced, Craft-repair, Not-in-family, White, Male, United-States, <=50K
56.313763,249918.12,4.544579,-1153.1494,267.32068,32.067253, Private, HS-grad, Married-civ-spouse, Machine-op-inspct, Husband, White, Male, United-States, <=50K
33.20334,97558.87,11.956632,1118.4088,724.1251,43.969067, Private, Bachelors, Married-spouse-absent, Farming-fishing, Unmarried, White, Male, United-States, <=50K
29.602705,64218.383,11.5320215,2324.524,28.879576,42.76071, Private, Assoc-voc, Married-civ-spouse, Handlers-cleaners, Own-child, White, Male, United-States, <=50K
30.710669,53684.375,9.077726,-40.951725,17.801992,66.512024, Local-gov, HS-grad, Divorced, Protective-serv, Not-in-family, White, Male, United-States, <=50K
38.93464,184092.5,9.619546,-505.45392,161.64781,56.57012, Private, Some-college, Married-spouse-absent, Tech-support, Unmarried, White, Female, United-States, <=50K
49.153534,303052.53,10.370585,482.1042,-5.209079,42.306683, State-gov, Some-college, Married-civ-spouse, Prof-specialty, Husband, White, Male, United-States, <=50K
15.042357,103610.12,11.276687,-581.30536,-4.4009657,10.05258, State-gov, Some-college, Never-married, Adm-clerical, Own-child, White, Female, United-States, <=50K
27.043768,172244.56,9.471928,-409.32526,9.346425,37.64746, Private, HS-grad, Married-civ-spouse, Exec-managerial, Wife, White, Female, United-States, <=50K
38.675667,332249.7,10.081145,1674.0193,-19.897997,64.683334, Private, Some-college, Married-civ-spouse, Other-service, Husband, White, Male, United-States, <=50K
20.807274,185928.58,10.179153,479.29498,6.4452868,38.99362, State-gov, Some-college, Never-married, Adm-clerical, Own-child, White, Female, United-States, <=50K
16.035812,149891.88,9.496522,995.6891,41.349678,39.58285, Private, HS-grad, Separated, Sales, Own-child, White, Male, United-States, <=50K
33.38271,86651.53,11.313842,1554.5328,-8.691005,54.081146, Self-emp-inc, Assoc-voc, Married-civ-spouse, Exec-managerial, Husband, White, Male, United-States, <=50K
36.313217,117268.03,9.220625,519.1055,33.937916,34.287243, Self-emp-not-inc, Some-college, Separated, Adm-clerical, Unmarried, White, Female, United-States, <=50K
36.847275,173852.12,9.236032,43.507687,14.014966,14.9194565, Private, HS-grad, Never-married, Other-service, Unmarried, White, Female, United-States, <=50K
34.436268,63521.016,6.3980985,604.9306,-11.411738,23.018127, ?, HS-grad, Married-spouse-absent, Other-service, Unmarried, White, Female, United-States, <=50K
24.441563,153889.55,8.95859,1233.1195,1.1153613,39.086895, Local-gov, HS-grad, Never-married, Farming-fishing, Unmarried, White, Female, United-States, <=50K
52.459118,80533.89,9.017919,347.69562,8.914273,62.607265, Federal-gov, HS-grad, Married-civ-spouse, Exec-managerial, Husband, White, Male, United-States, <=50K
31.636442,153150.14,8.063392,999.95264,-5.0919523,16.620102, Local-gov, HS-grad, Divorced, Exec-managerial, Unmarried, White, Female, United-States, <=50K
37.89265,218391.17,9.803199,243.39026,-1.5205334,45.670815, Private, Some-college, Married-civ-spouse, Craft-repair, Husband, White, Male, United-States, <=50K
22.559782,107232.32,10.079598,-105.47138,-0.09221925,40.89711, Private, Assoc-voc, Separated, Farming-fishing, Own-child, White, Female, United-States, <=50K
52.263218,168751.53,11.307116,2196.404,-19.394197,42.013866, Self-emp-inc, Assoc-voc, Married-civ-spouse, Farming-fishing, Wife, White, Female, United-States, <=50K
40.739304,133230.17,11.671859,149.87714,-29.718927,36.355396, Local-gov, Assoc-voc, Never-married, Protective-serv, Not-in-family, White, Male, United-States, <=50K
26.827353,186497.62,8.977439,1019.2256,-23.186129,51.747448, State-gov, HS-grad, Never-married, Farming-fishing, Unmarried, White, Male, United-States, <=50K
12.803531,97719.945,9.212863,407.04974,6.275838,15.1661415, Private, HS-grad, Never-married, Other-service, Own-child, White, Male, United-States, <=50K
36.23865,104600.93,12.154676,-298.35736,80.4118,32.915913, Private, Bachelors, Never-married, Sales, Own-child, White, Female, United-States, <=50K
51.615246,227107.06,8.392698,2590.5452,-24.224596,40.835857, Self-emp-not-inc, HS-grad, Married-civ-spouse, Other-service, Husband, White, Male, United-States, <=50K
46.053677,456444.0,7.086073,-290.66742,33.97532,38.517704, Local-gov, HS-grad, Divorced, Other-service, Not-in-family, White, Female, United-States, <=50K
34.543453,82113.02,10.002036,496.1723,59.471397,51.892887, Private, Some-college, Divorced, Handlers-cleaners, Unmarried, White, Male, United-States, <=50K
26.583902,248574.23,15.030223,-1809.6145,595.3766,25.776901, Private, Bachelors, Never-married, Prof-specialty, Other-relative, White, Female, United-States, <=50K
42.785507,310554.78,12.204934,830.10986,-44.618954,26.50311, Private, Bachelors, Divorced, Protective-serv, Unmarried, White, Male, United-States, <=50K
22.784784,299079.97,11.98249,12227.736,-30.6224,63.97629, Private, Bachelors, Never-married, Exec-managerial, Other-relative, White, Male, United-States, >50K
65.429474,43186.094,12.521394,749.4141,78.95186,29.60337, Private, Bachelors, Married-civ-spouse, Protective-serv, Husband, White, Male, United-States, <=50K
36.553085,487473.62,11.398991,-460.76007,-29.07477,26.832966, Private, Assoc-voc, Separated, Tech-support, Unmarried, White, Male, United-States, <=50K
43.601547,278508.94,7.273751,1480.675,-24.74386,47.081467, Private, HS-grad, Married-civ-spouse, Machine-op-inspct, Husband, White, Male, United-States, <=50K
20.426514,104170.38,8.998429,1079.8245,-8.150645,45.988358, Federal-gov, HS-grad, Married-civ-spouse, Adm-clerical, Own-child, White, Male, United-States, <=50K
40.70327,158897.44,4.3895254,825.1632,-14.653781,26.389088, ?, HS-grad, Never-married, ?, Own-child, White, Male, United-States, <=50K
35.748333,183508.64,8.623352,155.20892,-4.0807447,36.26788, Private, HS-grad, Married-spouse-absent, Farming-fishing, Not-in-family, White, Female, United-States, <=50K
48.85978,345687.5,13.734094,-46.473576,-16.472834,28.974304, State-gov, Bachelors, Married-civ-spouse, Sales, Unmarried, White, Female, United-States, <=50K
27.609398,142905.6,9.213942,654.5349,-13.870685,43.53116, Private, HS-grad, Never-married, Tech-support, Own-child, White, Male, United-States, >50K
34.461266,317939.12,5.7918887,357.46637,-15.491908,33.55687, Private, HS-grad, Married-spouse-absent, Craft-repair, Not-in-family, White, Male, United-States, <=50K
44.599697,185464.27,12.304605,-4835.524,905.7573,37.46356, Private, Bachelors, Separated, Other-service, Wife, White, Female, United-States, >50K
49.886723,180617.36,10.013929,38.22662,31.529325,14.040701, Private, Some-college, Married-civ-spouse, Adm-clerical, Husband, White, Male, United-States, <=50K
54.229286,136064.9,13.894885,-1554.6506,54.139805,55.352848, Private, Bachelors, Married-civ-spouse, Tech-support, Husband, White, Male, United-States, >50K
46.456573,177460.45,9.602897,-23.710148,1146.5635,39.26124, Self-emp-inc, HS-grad, Married-civ-spouse, Craft-repair, Husband, White, Male, United-States, >50K
17.610159,149790.45,9.830541,-760.9035,1317.5603,26.376944, Private, HS-grad, Never-married, Exec-managerial, Other-relative, White, Female, United-States, <=50K
36.6425,114892.27,4.3367257,1085.6868,21.435194,43.214054, ?, HS-grad, Widowed, ?, Unmarried, White, Female, United-States, <=50K
43.902813,102079.516,12.743475,559.9392,16.583029,64.40046, Local-gov, Bachelors, Divorced, Protective-serv, Unmarried, White, Female, United-States, <=50K
36.194702,279176.03,11.053304,110.3532,-15.140651,41.0566, Private, Assoc-voc, Never-married, Craft-repair, Not-in-family, White, Male, United-States, <=50K
34.346153,104349.8,13.119372,19952.287,-0.89399993,33.94937, Local-gov, Bachelors, Never-married, Other-service, Husband, White, Male, United-States, >50K
46.43588,92364.56,6.5705485,523.042,-20.044909,31.23893, Private, HS-grad, Widowed, Exec-managerial, Unmarried, White, Male, United-States, <=50K
40.780922,350275.53,10.062995,735.13416,22.917738,18.975718, Federal-gov, Some-college, Married-spouse-absent, Other-service, Not-in-family, White, Female, United-States, <=50K
29.603512,271179.88,10.041842,-131.83478,-41.155865,37.71948, Private, Assoc-voc, Married-spouse-absent, Adm-clerical, Not-in-family, White, Male, United-States, <=50K
19.490982,94615.63,10.609044,-44.477116,32.553738,38.277004, Federal-gov, Assoc-voc, Never-married, Adm-clerical, Own-child, White, Female, United-States, <=50K
35.60879,236293.14,9.770944,-3.1709635,-10.806422,46.280743, Private, Some-college, Separated, Craft-repair, Unmarried, White, Female, United-States, <=50K
52.532513,107311.96,9.418216,-586.78546,-20.17167,34.422874, Private, HS-grad, Divorced, Exec-managerial, Not-in-family, White, Male, United-States, <=50K
37.55105,302272.97,15.634916,239.0492,-12.642329,50.339493, Private, Bachelors, Never-married, Prof-specialty, Not-in-family, White, Female, United-States, <=50K
41.217358,187342.17,9.193688,627.4988,-27.272043,35.587227, Private, HS-grad, Widowed, Machine-op-inspct, Not-in-family, White, Female, United-States, <=50K
48.73173,287922.22,14.379435,27662.055,37.136063,49.004684, Private, Bachelors, Married-civ-spouse, Adm-clerical, Wife, White, Male, United-States, >50K
44.136433,252296.3,13.5269985,348.64954,-13.100238,34.164444, Local-gov, Bachelors, Married-civ-spouse, Adm-clerical, Wife, White, Female, United-States, <=50K
17.432486,101297.75,9.581935,-387.38165,-19.165262,44.054962, Private, HS-grad, Never-married, Handlers-cleaners, Not-in-family, White, Male, United-States, <=50K
28.253418,195903.58,12.034453,-281.4599,1557.206,34.20016, Private, Bachelors, Married-civ-spouse, Exec-managerial, Unmarried, White, Female, United-States, <=50K
37.932373,319382.53,13.3145,58.66424,-7.6877165,42.304768, Private, Bachelors, Separated, Other-service, Unmarried, White, Female, United-States, <=50K
62.267887,186575.17,14.128785,330.01843,6.579976,43.529953, Local-gov, Bachelors, Widowed, Prof-specialty, Unmarried, White, Female, United-States, >50K
20.882051,178591.52,9.065793,73.56457,-4.7936735,47.497562, Private, HS-grad, Never-married, Craft-repair, Unmarried, White, Female, United-States, <=50K
24.187016,89146.08,5.6506553,2072.8022,21.38548,42.995964, Private, HS-grad, Never-married, Craft-repair, Unmarried, White, Male, United-States, <=50K
16.269531,161491.8,8.750855,980.06976,-6.644618,25.438053, Federal-gov, HS-grad, Never-married, Transport-moving, Own-child, White, Male, United-States, <=50K
31.107073,231516.5,10.05263,249.38226,7.384137,40.583492, Private, Some-college, Never-married, Farming-fishing, Not-in-family, White, Female, United-States, <=50K
33.967876,100998.914,11.47619,-2025.1917,655.5773,45.079613, Private, Assoc-voc, Never-married, Exec-managerial, Unmarried, White, Female, United-States, >50K
23.611855,302270.0,9.751111,-980.1093,34.370823,34.274776, Private, Some-college, Married-civ-spouse, Adm-clerical, Husband, White, Male, United-States, <=50K
56.435757,272254.6,8.898628,1316.1508,1036.6117,25.620785, ?, HS-grad, Married-civ-spouse, ?, Wife, White, Female, United-States, <=50K
35.007732,101734.87,11.081386,45.928524,457.35242,32.700817, Private, Assoc-voc, Married-civ-spouse, Adm-clerical, Husband, White, Male, United-States, <=50K
23.676216,61072.688,5.870708,512.0218,-58.540035,31.666252, Private, HS-grad, Never-married, Farming-fishing, Other-relative, White, Male, United-States, <=50K
57.405125,144141.1,9.674784,707.6163,-1.4024762,14.553106, Local-gov, Some-college, Widowed, Protective-serv, Unmarried, White, Female, United-States, <=50K
28.25109,234969.44,9.415923,-84.916695,59.169476,20.987524, Private, HS-grad, Married-civ-spouse, Protective-serv, Wife, White, Female, United-States, <=50K
29.489523,222918.22,10.598304,899.41907,12.7695055,27.174116, Private, Assoc-voc, Divorced, Exec-managerial, Unmarried, White, Male, United-States, <=50K
32.336838,124172.44,11.941503,1092.3059,134.77063,50.167217, Private, Bachelors, Married-spouse-absent, Tech-support, Not-in-family, White, Male, United-States, <=50K
39.493855,271828.84,11.9862385,-312.5578,21.355352,51.721146, Self-emp-inc, Bachelors, Married-spouse-absent, Sales, Unmarried, White, Female, United-States, <=50K
41.360924,199886.98,9.729328,-599.9329,-31.54136,31.138617, Private, HS-grad, Divorced, Exec-managerial, Unmarried, White, Male, United-States, >50K
18.311352,111364.83,9.553999,861.7034,35.717438,6.943758, Private, HS-grad, Never-married, Exec-managerial, Not-in-family, White, Female, United-States, <=50K
35.182083,209788.16,11.898159,280.00958,15.942899,44.134666, Private, Bachelors, Never-married, Other-service, Not-in-family, White, Female, United-States, <=50K
42.478916,361827.25,10.237159,-3005.8352,869.625,60.353477, Private, Some-college, Married-civ-spouse, Farming-fishing, Husband, White, Male, United-States, >50K
30.295654,175534.69,12.173197,1311.9698,10.341649,61.67451, Private, Bachelors, Married-civ-spouse, Sales, Husband, White, Male, United-States, >50K
30.435875,189077.44,10.040659,9011.62,-21.016924,42.788616, Private, Assoc-voc, Married-civ-spouse, Exec-managerial, Wife, White, Female, United-States, >50K
62.33535,174492.0,5.6116595,-507.0876,5.835477,48.39703, Private, HS-grad, Married-civ-spouse, Other-service, Husband, White, Male, United-States, <=50K
36.917175,226653.11,3.8535695,1300.2039,10.312421,51.616898, Private, HS-grad, Separated, Craft-repair, Husband, White, Male, United-States, >50K
46.896736,261121.81,10.079571,99.86303,-29.545527,32.56163, Federal-gov, Assoc-voc, Married-civ-spouse, Protective-serv, Husband, White, Male, United-States, <=50K
51.721252,255125.95,9.288987,204.43823,-9.335956,33.29775, Private, Some-college, Divorced, Other-service, Not-in-family, White, Male, United-States, <=50K
29.904337,128722.89,9.955782,497.4754,-35.2394,36.911938, Private, Some-college, Divorced, Exec-managerial, Unmarried, White, Male, United-States, <=50K
28.432587,215543.03,10.816253,-256.10834,8.628095,30.302309, Private, Assoc-voc, Never-married, Adm-clerical, Unmarried, White, Male, United-States, <=50K
39.358974,210094.53,9.369398,16465.607,1.3644153,64.3069, Private, HS-grad, Married-civ-spouse, Machine-op-inspct, Husband, White, Male, United-States, >50K
74.88341,196336.06,10.137794,-6.3121986,-17.17972,28.083447, State-gov, Some-college, Married-civ-spouse, Farming-fishing, Husband, White, Male, United-States, >50K
44.176804,149144.12,10.514842,1531.7369,-47.28758,34.784893, Private, Some-college, Married-civ-spouse, Machine-op-inspct, Husband, White, Male, United-States, <=50K
38.53645,145373.9,11.429232,1222.1384,64.18054,27.458761, Private, Assoc-voc, Married-civ-spouse, Handlers-cleaners, Own-child, White, Male, United-States, >50K
34.611816,240660.6,7.9188566,553.8457,-3.2420454,26.827114, Private, HS-grad, Separated, Transport-moving, Husband, White, Male, United-States, <=50K
65.759125,222365.44,9.077298,2304.5737,5.7781878,24.943975, Self-emp-inc, HS-grad, Married-civ-spouse, Farming-fishing, Husband, White, Male, United-States, <=50K
52.602505,162795.5,11.5238695,360.93433,-14.051028,39.181213, Self-emp-not-inc, Assoc-voc, Married-civ-spouse, Farming-fishing, Husband, White, Male, United-States, <=50K
18.018816,179169.52,12.937214,-93.743965,-8.186488,25.040993, Private, Bachelors, Never-married, Machine-op-inspct, Other-relative, White, Male, United-States, <=50K
18.429434,421473.72,11.142939,414.80957,-21.78496,30.10292, Private, Assoc-voc, Never-married, Farming-fishing, Own-child, White, Male, United-States, <=50K
30.798616,155331.0,13.567754,1948.2485,-9.738688,55.85034, Private, Bachelors, Married-spouse-absent, Tech-support, Not-in-family, White, Male, United-States, >50K
25.677246,161033.75,11.683771,-907.2482,35.8657,43.748123, State-gov, Assoc-voc, Never-married, Tech-support, Own-child, White, Male, United-States, <=50K
58.865173,129360.96,13.815242,23685.67,37.627113,53.43828, Private, Bachelors, Married-civ-spouse, Adm-clerical, Husband, White, Male, United-States, >50K
47.40621,135866.95,11.036656,11165.93,630.9442,30.73792, Private, Assoc-voc, Married-civ-spouse, Exec-managerial, Wife, White, Female, United-States, >50K
55.570637,264169.53,8.852626,337.54114,-2.6592894,43.55854, Self-emp-inc, HS-grad, Divorced, Other-service, Not-in-family, White, Female, United-States, <=50K
30.710293,136107.19,6.643149,-196.71161,-22.637629,52.43076, Private, HS-grad, Married-civ-spouse, Protective-serv, Husband, White, Female, United-States, <=50K
31.370367,249672.66,12.642304,-214.89569,119.933784,6.613077, Private, Bachelors, Never-married, Other-service, Not-in-family, White, Male, United-States, <=50K
28.67632,61000.203,8.107362,896.11035,-2.1313353,35.575596, Private, HS-grad, Never-married, Farming-fishing, Own-child, White, Male, United-States, <=50K
26.492252,157464.77,8.6399145,1166.4014,-7.1588926,42.084595, Private, HS-grad, Married-civ-spouse, Farming-fishing, Husband, White, Male, United-States, <=50K
43.452824,269095.78,8.813834,-1098.7495,1426.268,22.680227, Private, HS-grad, Separated, Other-service, Unmarried, White, Male, United-States, <=50K
31.285923,133780.5,8.941612,-185.00568,1223.666,46.623257, Private, HS-grad, Divorced, Transport-moving, Unmarried, White, Male, United-States, <=50K
28.428905,356318.06,6.384108,424.09503,46.52074,58.25431, Private, HS-grad, Married-spouse-absent, Adm-clerical, Not-in-family, White, Female, United-States, <=50K
43.774868,307603.1,9.478859,-372.41473,390.4682,26.389362, State-gov, HS-grad, Married-civ-spouse, Handlers-cleaners, Husband, White, Male, United-States, <=50K
32.987286,87048.38,11.014165,-114.720406,79.57908,37.213734, Private, Assoc-voc, Married-civ-spouse, Farming-fishing, Husband, White, Male, United-States, <=50K
45.970016,55303.875,7.650269,-766.19745,-15.298831,41.423534, Private, HS-grad, Married-civ-spouse, Exec-managerial, Husband, White, Male, United-States, <=50K
25.131344,121796.65,11.123779,643.2118,-12.98038,37.32222, Private, Assoc-voc, Separated, Farming-fishing, Own-child, White, Female, United-States, <=50K
35.301853,159793.47,8.975495,-684.9261,444.5097,35.369343, Private, HS-grad, Widowed, Exec-managerial, Unmarried, White, Female, United-States, <=50K
33.677193,131677.12,11.38847,1008.0911,-24.715937,82.79226, Private, Assoc-voc, Married-civ-spouse, Craft-repair, Husband, White, Male, United-States, >50K
27.614202,198063.12,5.750631,465.7688,19.35372,39.65864, Local-gov, HS-grad, Married-spouse-absent, Other-service, Unmarried, White, Male, United-States, <=50K
48.653202,189853.95,10.226488,7504.43,-2.9061537,47.782845, Local-gov, Assoc-voc, Married-civ-spouse, Exec-managerial, Wife, White, Female, United-States, >50K
71.01081,87457.37,9.320152,-199.1253,-23.43371,24.806376, Local-gov, Some-college, Married-civ-spouse, Other-service, Unmarried, White, Female, United-States, <=50K
64.37968,174080.73,8.437361,2818.2825,4.28214,48.727783, Self-emp-not-inc, HS-grad, Married-civ-spouse, Farming-fishing, Husband, White, Male, United-States, <=50K
43.17497,150339.86,10.8389225,-1118.5835,-19.498384,55.338486, Private, Assoc-voc, Married-civ-spouse, Exec-managerial, Wife, White, Female, United-States, >50K
31.339592,54372.22,11.07365,496.8907,28.853224,19.828213, Private, Assoc-voc, Never-married, Adm-clerical, Unmarried, White, Female, United-States, <=50K
35.505005,164704.7,9.877498,17157.56,222.43422,36.692406, Private, Some-college, Divorced, Exec-managerial, Not-in-family, White, Male, United-States, >50K
20.406605,140684.95,10.837867,-527.70233,39.138783,37.883244, Private, Assoc-voc, Never-married, Other-service, Own-child, White, Male, United-States, <=50K
20.124414,410998.25,11.97016,305.59308,-12.887744,44.17175, Self-emp-inc, Assoc-voc, Never-married, Handlers-cleaners, Own-child, White, Male, United-States, <=50K
19.784388,188682.02,11.318248,-205.6341,7.8178453,49.84318, Private, Assoc-voc, Never-married, Transport-moving, Other-relative, White, Male, United-States, <=50K
31.392487,119397.43,10.124129,8643.047,2.0136995,66.396576, Self-emp-inc, Some-college, Married-civ-spouse, Exec-managerial, Husband, White, Male, United-States, >50K
32.847355,205588.8,3.7886438,403.11768,255.71663,46.990242, Private, HS-grad, Never-married, Transport-moving, Unmarried, White, Male, United-States, <=50K
32.271492,195506.98,13.093081,337.44812,2.9273806,48.671463, Local-gov, Bachelors, Never-married, Exec-managerial, Other-relative, White, Female, United-States, >50K
35.544292,295689.7,7.23517,1261.0558,12.313481,25.480846, ?, HS-grad, Widowed, ?, Not-in-family, White, Female, United-States, <=50K
46.366566,201222.38,12.522351,-3164.6497,139.91649,40.72049, Self-emp-inc, Bachelors, Divorced, Sales, Not-in-family, White, Male, United-States, <=50K
38.275005,85570.44,11.291303,1689.5854,2.3233004,39.361366, Federal-gov, Assoc-voc, Widowed, Craft-repair, Unmarried, White, Male, United-States, >50K
56.00205,303771.22,9.853027,2281.8088,32.743996,28.302504, Federal-gov, Some-college, Widowed, Exec-managerial, Unmarried, White, Female, United-States, >50K
47.511295,377023.3,5.323307,101.74975,-4.2764616,39.960968, Private, HS-grad, Separated, Adm-clerical, Unmarried, White, Male, United-States, <=50K
47.816402,142714.92,9.514321,278.42877,-29.32963,25.971867, Private, Some-college, Divorced, Protective-serv, Unmarried, White, Female, United-States, <=50K
33.359104,110798.32,10.856039,1598.1803,-30.54696,46.463673, Federal-gov, Assoc-voc, Married-civ-spouse, Other-service, Husband, White, Male, United-States, >50K
36.52687,242310.05,6.845367,1230.6971,-1.9912671,57.817657, Private, HS-grad, Married-civ-spouse, Sales, Husband, White, Male, United-States, <=50K
34.62532,137958.05,2.532157,842.2212,-16.622408,35.407055, Private, HS-grad, Married-spouse-absent, Protective-serv, Not-in-family, White, Female, United-States, <=50K
25.191633,335626.34,9.972153,179.80585,-10.110515,39.044697, Private, Some-college, Never-married, Farming-fishing, Unmarried, White, Female, United-States, <=50K
22.12251,299559.12,9.263365,114.71038,-7.5934095,21.835691, Private, HS-grad, Never-married, Sales, Own-child, White, Male, United-States, <=50K
31.344498,178413.27,11.86723,259.54633,40.9594,35.49454, Private, Bachelors, Never-married, Adm-clerical, Not-in-family, White, Female, United-States, <=50K
69.269905,185447.0,10.088204,1837.0813,-7.4489393,39.579487, Local-gov, Some-college, Married-civ-spouse, ?, Wife, White, Female, United-States, <=50K
32.602646,401953.75,12.618316,750.586,6.454892,41.705547, Private, Bachelors, Married-civ-spouse, Prof-specialty, Wife, White, Female, United-States, <=50K
46.21459,165859.11,6.4143543,-114.59284,251.49701,21.026623, Private, HS-grad, Married-spouse-absent, Adm-clerical, Unmarried, White, Female, United-States, <=50K
23.11532,336399.97,9.81099,130.31061,14.502767,25.17617, Private, Some-college, Never-married, Tech-support, Unmarried, White, Female, United-States, <=50K
39.250755,252683.94,12.856991,16594.371,-11.842532,46.6939, Private, Bachelors, Married-civ-spouse, Prof-specialty, Husband, White, Male, United-States, >50K
22.391008,212791.92,11.069846,403.5946,-14.721309,27.953053, ?, Assoc-voc, Never-married, Protective-serv, Own-child, White, Male, United-States, <=50K
39.17511,229247.94,11.297635,1351.2286,-25.576387,30.870335, Federal-gov, Assoc-voc, Married-civ-spouse, Tech-support, Unmarried, White, Male, United-States, >50K
41.482403,230450.0,10.003383,331.6668,-17.107882,38.110428, Federal-gov, Some-college, Widowed, Exec-managerial, Not-in-family, White, Male, United-States, <=50K
34.861797,87401.414,13.09649,114.397026,108.30651,43.093304, Private, Bachelors, Divorced, Other-service, Not-in-family, White, Female, United-States, <=50K
17.576952,135741.92,6.6106744,1157.7998,-4.634288,48.105816, Private, HS-grad, Married-spouse-absent, Farming-fishing, Not-in-family, White, Female, United-States, <=50K
22.379488,189160.58,7.726842,510.55548,-37.923374,15.797901, Private, Some-college, Divorced, Sales, Unmarried, White, Female, United-States, <=50K
18.2192,226877.23,6.2713103,45.96307,-23.696611,39.52113, State-gov, HS-grad, Never-married, Farming-fishing, Own-child, White, Male, United-States, <=50K
25.489212,317328.7,11.885266,-405.57355,-18.760134,29.69782, Private, Bachelors, Married-civ-spouse, Prof-specialty, Own-child, White, Male, United-States, >50K
38.40152,70716.7,10.45201,4571.824,-52.108883,59.114212, Federal-gov, Assoc-voc, Married-spouse-absent, Transport-moving, Not-in-family, White, Male, United-States, >50K
56.83056,72671.85,9.523286,806.06085,14.723203,25.650326, Local-gov, Assoc-voc, Married-civ-spouse, Machine-op-inspct, Husband, White, Male, United-States, >50K
73.94905,165246.14,13.399031,-330.93073,75.04523,24.235811, Private, Bachelors, Divorced, Exec-managerial, Unmarried, White, Male, United-States, >50K
24.040903,262733.0,3.930317,669.52997,3.8143816,36.044178, Private, HS-grad, Never-married, Protective-serv, Own-child, White, Female, United-States, <=50K
49.72393,191300.38,10.873577,326.62903,-43.640743,43.127792, Private, Assoc-voc, Never-married, Other-service, Not-in-family, White, Male, United-States, <=50K
25.240791,305105.53,9.082211,589.6094,2.948308,51.754326, Private, HS-grad, Separated, Sales, Unmarried, White, Male, United-States, <=50K
38.072655,214979.62,11.069942,834.8199,6.773198,22.81194, Self-emp-not-inc, Assoc-voc, Divorced, Protective-serv, Husband, White, Male, United-States, <=50K
45.534348,130228.13,9.752542,-458.30817,-7.7963743,31.809303, Federal-gov, Some-college, Widowed, Craft-repair, Not-in-family, White, Male, United-States, <=50K
39.623405,185693.58,13.01421,3504.1296,34.405342,49.180428, Private, Bachelors, Married-civ-spouse, Craft-repair, Husband, White, Male, United-States, >50K
42.64159,138093.83,9.620122,1850.6014,-25.612154,50.985523, Self-emp-inc, HS-grad, Divorced, Machine-op-inspct, Unmarried, White, Male, United-States, <=50K
26.002762,118524.7,9.716762,824.37854,-33.935223,44.221043, Private, HS-grad, Married-civ-spouse, Machine-op-inspct, Wife, White, Female, United-States, <=50K
30.995178,272246.7,9.710792,1679.2955,1417.619,46.620884, Private, HS-grad, Married-civ-spouse, Transport-moving, Husband, White, Male, United-States, >50K
27.985746,442311.62,7.588086,1310.8793,34.7881,38.462868, Federal-gov, HS-grad, Married-civ-spouse, Other-service, Own-child, White, Male, United-States, <=50K
45.172546,127916.78,10.80756,-56.027653,739.89197,55.38575, Private, Assoc-voc, Married-civ-spouse, Sales, Husband, White, Male, United-States, <=50K
33.55811,161281.56,5.226673,864.68884,-24.303469,16.25307, ?, HS-grad, Married-civ-spouse, ?, Own-child, White, Female, United-States, <=50K
43.77751,127592.99,9.215709,-63.087955,-0.37894714,49.710064, Self-emp-not-inc, HS-grad, Married-civ-spouse, Craft-repair, Husband, White, Male, United-States, <=50K
49.18371,110884.19,9.922368,700.24097,-39.176785,50.027607, Self-emp-not-inc, Some-college, Married-civ-spouse, Prof-specialty, Husband, White, Male, United-States, <=50K
26.969694,123723.12,13.047302,1637.4899,-26.109926,45.62276, Private, Bachelors, Married-civ-spouse, Exec-managerial, Own-child, White, Male, United-States, >50K
42.27592,51271.312,13.07773,-2585.7449,214.53679,33.864883, State-gov, Bachelors, Married-civ-spouse, Transport-moving, Husband, White, Male, United-States, <=50K
34.96432,103038.23,12.092343,5020.28,-19.178522,75.13247, Local-gov, Assoc-voc, Married-civ-spouse, Protective-serv, Husband, White, Male, United-States, >50K
31.030615,226909.8,10.191854,-129.71698,135.23488,42.036533, Private, Assoc-voc, Divorced, Craft-repair, Unmarried, White, Male, United-States, <=50K
49.9633,137655.36,6.906647,989.6296,17.817884,48.881126, ?, HS-grad, Married-civ-spouse, Machine-op-inspct, Husband, White, Male, United-States, <=50K
16.933542,176220.7,10.178572,200.70801,-11.50957,33.0774, Private, Some-college, Never-married, Handlers-cleaners, Unmarried, White, Male, United-States, <=50K
26.219059,152395.28,6.9281406,786.5111,-23.620043,39.15906, Private, HS-grad, Married-civ-spouse, Machine-op-inspct, Wife, White, Female, United-States, <=50K
39.320004,400942.4,10.555701,797.2516,-19.824205,31.671082, ?, Assoc-voc, Married-civ-spouse, Farming-fishing, Husband, White, Male, United-States, <=50K
22.038832,137099.6,10.468181,586.0955,10.15128,27.321127, Private, Assoc-voc, Married-civ-spouse, Craft-repair, Own-child, White, Male, United-States, <=50K
16.98083,201514.78,8.140052,1935.2012,347.7625,49.15459, Private, HS-grad, Married-civ-spouse, Sales, Own-child, White, Male, United-States, <=50K
27.644056,396443.9,14.160177,-401.1773,-44.970104,58.680332, Private, Bachelors, Never-married, Other-service, Not-in-family, White, Male, United-States, >50K
39.581966,258676.58,7.2548842,775.32947,7.3772707,35.773285, Federal-gov, HS-grad, Separated, Machine-op-inspct, Unmarried, White, Male, United-States, <=50K
35.498363,122892.9,10.523826,199.71283,-3.433238,35.91955, Federal-gov, Assoc-voc, Separated, Craft-repair, Own-child, White, Male, United-States, <=50K
57.103767,128397.29,11.830182,-166.88739,266.03342,35.380947, Private, Assoc-voc, Divorced, Sales, Unmarried, White, Male, United-States, <=50K
27.668482,310576.8,11.8571615,273.42914,-25.37292,37.41757, Private, Bachelors, Married-civ-spouse, Prof-specialty, Wife, White, Female, United-States, <=50K
17.568188,140260.77,8.909443,859.14984,28.26174,39.957516, Local-gov, HS-grad, Never-married, Adm-clerical, Unmarried, White, Male, United-States, <=50K
42.159737,151619.78,9.251175,-395.19025,27.329592,5.141058, Local-gov, HS-grad, Separated, Exec-managerial, Unmarried, White, Male, United-States, <=50K
31.280897,70594.08,17.267828,23032.678,-8.612643,54.829773, Private, Bachelors, Married-spouse-absent, Sales, Unmarried, White, Male, United-States, >50K
21.609837,185463.3,9.355498,276.2854,2.9546785,29.040306, Private, HS-grad, Separated, Craft-repair, Own-child, White, Male, United-States, <=50K
24.305384,294511.44,9.498828,85.06866,1.3979999,49.263355, Private, HS-grad, Married-spouse-absent, Adm-clerical, Not-in-family, White, Female, United-States, <=50K
33.217964,181927.81,15.655624,-1564.2683,-9.392482,54.48059, Federal-gov, Bachelors, Never-married, Prof-specialty, Own-child, White, Male, United-States, >50K
21.12108,119126.31,9.228016,590.7901,23.30181,31.907343, Local-gov, HS-grad, Never-married, Adm-clerical, Own-child, White, Female, United-States, <=50K
29.839115,363035.66,9.00426,742.50085,-27.753534,31.456537, Private, HS-grad, Divorced, Machine-op-inspct, Not-in-family, White, Male, United-States, <=50K
41.27724,302030.22,13.19349,-371.17975,-10.941699,44.189636, Federal-gov, Bachelors, Married-civ-spouse, Tech-support, Husband, White, Male, United-States, <=50K
16.146881,252823.97,10.657244,1254.8501,11.076085,32.89885, State-gov, Assoc-voc, Never-married, Adm-clerical, Own-child, White, Female, United-States, <=50K
45.704525,157989.75,10.264796,2367.9487,-37.497875,43.599854, Federal-gov, Some-college, Married-civ-spouse, Tech-support, Husband, White, Male, United-States, <=50K
37.935616,280887.47,7.4099493,799.6168,26.885344,34.905746, Local-gov, HS-grad, Married-civ-spouse, Adm-clerical, Husband, White, Male, United-States, <=50K
50.963745,325101.78,10.859648,1312.5676,-74.18174,45.21337, Private, Assoc-voc, Divorced, Tech-support, Unmarried, White, Male, United-States, <=50K
45.17168,300606.97,12.928504,2559.0063,-16.122355,53.26086, Self-emp-not-inc, Bachelors, Married-civ-spouse, Exec-managerial, Husband, White, Male, United-States, >50K
24.794474,284043.8,10.657612,-30.577824,-11.916575,40.829857, Private, Assoc-voc, Divorced, Sales, Not-in-family, White, Male, United-States, <=50K
42.417316,128115.5,11.2900305,-457.1723,847.1843,33.7825, Private, Assoc-voc, Married-civ-spouse, Sales, Husband, White, Male, United-States, <=50K
40.71227,169979.42,9.000231,676.0459,-19.61883,25.182243, ?, HS-grad, Separated, Adm-clerical, Unmarried, White, Female, United-States, <=50K
35.1242,156573.1,9.147103,-368.25934,-43.078045,36.086273, Private, HS-grad, Married-spouse-absent, Craft-repair, Not-in-family, White, Female, United-States, <=50K
65.55595,216587.9,11.168125,866.22723,3.918683,64.335014, State-gov, HS-grad, Married-civ-spouse, Exec-managerial, Husband, White, Male, United-States, >50K
33.129776,347618.7,11.192405,-1107.185,-0.019747628,50.592323, Private, Bachelors, Never-married, Adm-clerical, Not-in-family, White, Male, United-States, <=50K
67.02813,432068.38,8.847315,-1833.8035,971.7363,31.941656, Self-emp-inc, HS-grad, Married-civ-spouse, Farming-fishing, Husband, White, Male, United-States, <=50K
53.026142,220074.86,10.24798,902.8414,4.1849947,32.67525, Local-gov, Assoc-voc, Married-spouse-absent, Other-service, Not-in-family, White, Male, United-States, >50K
46.958004,166634.31,6.6934133,28.016903,-1.919154,41.139645, Self-emp-inc, HS-grad, Married-civ-spouse, Handlers-cleaners, Husband, White, Male, United-States, <=50K
28.810995,68579.984,11.937793,263.96472,112.84244,31.112675, Private, Bachelors, Separated, Prof-specialty, Unmarried, White, Male, United-States, <=50K
49.993217,84605.07,9.506689,2912.739,-39.793774,45.32808, Federal-gov, HS-grad, Married-civ-spouse, Craft-repair, Husband, White, Male, United-States, <=50K
51.870823,85784.44,10.969964,598.6275,-5.827777,28.584665, Private, Assoc-voc, Widowed, Craft-repair, Unmarried, White, Male, United-States, <=50K
22.491764,121539.44,4.978809,17568.021,26.34474,22.463388, Private, HS-grad, Never-married, Craft-repair, Own-child, White, Male, United-States, >50K
26.154716,109615.97,12.041287,18.532162,-25.29568,38.854675, Private, Bachelors, Married-civ-spouse, Protective-serv, Wife, White, Female, United-States, >50K
25.646822,125621.76,9.63791,1444.7007,-17.31547,49.717625, Private, HS-grad, Married-civ-spouse, Transport-moving, Husband, White, Male, United-States, <=50K
44.212086,197063.73,9.085582,35.877926,-4.511424,22.319828, Private, HS-grad, Divorced, Craft-repair, Not-in-family, White, Male, United-States, <=50K
36.196102,477663.72,12.809975,1955.648,-27.703272,54.67516, Local-gov, Bachelors, Separated, Prof-specialty, Wife, White, Female, United-States, <=50K
20.906551,203124.62,7.9418297,-1.7457926,158.46365,33.4675, Private, HS-grad, Never-married, Machine-op-inspct, Own-child, White, Male, United-States, <=50K
34.36763,235489.62,11.546477,707.256,2.0590487,52.08224, Private, Assoc-voc, Married-civ-spouse, Machine-op-inspct, Husband, White, Male, United-States, <=50K
30.940556,372725.66,11.539207,-1626.6646,-12.1793165,27.34418, Private, Assoc-voc, Married-civ-spouse, Other-service, Own-child, White, Female, United-States, >50K
32.881905,127269.7,7.7419033,-203.68195,18.531378,12.980377, Private, HS-grad, Married-civ-spouse, Exec-managerial, Wife, White, Female, United-States, <=50K
23.566519,349797.9,9.783916,55.537838,-1.0997494,27.252357, Private, Some-college, Married-civ-spouse, Other-service, Husband, White, Male, United-States, <=50K
33.072487,69626.91,6.646722,1151.1292,4.116452,51.348312, Self-emp-not-inc, HS-grad, Never-married, Handlers-cleaners, Not-in-family, White, Male, United-States, <=50K
35.221226,222901.61,9.10637,409.2644,16.822798,29.24564, Local-gov, HS-grad, Married-spouse-absent, Protective-serv, Unmarried, White, Female, United-States, <=50K
49.486042,418388.2,11.622128,-2430.2078,288.27414,42.55864, Private, Assoc-voc, Married-civ-spouse, Transport-moving, Husband, White, Male, United-States, >50K
27.130785,235870.06,10.782875,1331.763,-29.714396,44.936363, Private, Some-college, Married-civ-spouse, Prof-specialty, Husband, White, Male, United-States, <=50K
21.717505,221743.52,5.811222,353.255,3.8721056,34.677826, Private, HS-grad, Never-married, Protective-serv, Own-child, White, Male, United-States, <=50K
61.03191,153559.52,16.250505,-592.98566,39.15422,40.50637, Self-emp-not-inc, Bachelors, Married-civ-spouse, Exec-managerial, Husband, White, Male, United-States, >50K
23.632471,163527.84,10.832363,516.2357,6.621434,26.895075, ?, Assoc-voc, Never-married, ?, Unmarried, White, Male, United-States, <=50K
28.22706,348647.53,5.7910633,603.5221,-33.921497,28.501705, Private, HS-grad, Divorced, Other-service, Unmarried, White, Male, United-States, <=50K
76.21479,304490.25,9.260014,4163.304,-31.252947,47.532085, Federal-gov, HS-grad, Married-civ-spouse, Craft-repair, Husband, White, Male, United-States, <=50K
45.772438,280849.56,11.601152,496.273,-11.441722,39.654163, Local-gov, Assoc-voc, Never-married, ?, Not-in-family, White, Female, United-States, <=50K
44.522068,244562.38,4.6934876,760.6892,23.199705,10.605209, Private, HS-grad, Married-spouse-absent, Other-service, Unmarried, White, Male, United-States, <=50K
38.15854,145957.92,10.05353,895.1423,577.56805,26.627636, Private, Some-college, Never-married, Exec-managerial, Not-in-family, White, Female, United-States, <=50K
29.721735,117668.734,9.906336,339.896,-2.9303312,28.153603, Federal-gov, HS-grad, Married-spouse-absent, Adm-clerical, Unmarried, White, Male, United-States, <=50K
51.881535,166170.77,10.854939,330.69183,55.341675,29.662493, Private, Assoc-voc, Divorced, Transport-moving, Unmarried, White, Female, United-States, <=50K
35.573444,139304.33,12.141339,-735.7192,1049.4353,53.405975, Private, Bachelors, Separated, Exec-managerial, Husband, White, Male, United-States, >50K
51.806618,148383.73,9.303463,5060.918,-31.995813,40.350555, Federal-gov, HS-grad, Married-civ-spouse, Craft-repair, Husband, White, Male, United-States, >50K
46.632652,237071.42,13.078962,1493.9615,-6.400775,48.678474, Federal-gov, Bachelors, Married-civ-spouse, Adm-clerical, Husband, White, Male, United-States, <=50K
39.01448,132485.45,5.679066,2109.8735,37.175396,58.794014, State-gov, HS-grad, Married-civ-spouse, Machine-op-inspct, Husband, White, Male, United-States, <=50K
33.92234,273663.2,8.975964,662.3161,16.665136,60.38438, Federal-gov, HS-grad, Divorced, Adm-clerical, Unmarried, White, Female, United-States, <=50K
40.072517,258831.53,10.160471,45.668453,-15.059573,50.33584, Local-gov, Some-college, Married-civ-spouse, Farming-fishing, Wife, White, Female, United-States, <=50K
34.070435,161285.2,6.343278,390.8094,31.417505,67.69429, State-gov, HS-grad, Never-married, Protective-serv, Not-in-family, White, Male, United-States, <=50K
22.259186,317894.5,10.107155,411.82104,4.8309984,30.925238, Private, Some-college, Married-civ-spouse, Other-service, Own-child, White, Female, United-States, <=50K
33.31215,103083.82,9.820916,403.30103,0.3971759,45.692516, Private, Some-college, Never-married, Craft-repair, Unmarried, White, Male, United-States, <=50K
18.822521,421378.66,13.559015,137.57336,83.47951,22.17967, Private, Bachelors, Never-married, Prof-specialty, Other-relative, White, Male, United-States, <=50K
51.062057,144508.47,13.0548725,2989.6577,-16.434366,53.234867, Self-emp-inc, Bachelors, Married-civ-spouse, Craft-repair, Husband, White, Male, United-States, >50K
31.378048,254762.3,11.204912,-313.31598,-40.424656,28.705801, Federal-gov, Assoc-voc, Divorced, Craft-repair, Unmarried, White, Male, United-States, <=50K
20.27993,320622.9,10.082952,-22.521671,22.13568,41.673676, Private, Some-college, Never-married, Handlers-cleaners, Own-child, White, Male, United-States, <=50K
33.593643,65581.17,8.947946,606.4627,-9.151553,31.469133, Private, HS-grad, Separated, Protective-serv, Unmarried, White, Female, United-States, <=50K
58.246082,202527.5,10.846968,99.86126,43.611908,43.448082, Private, Assoc-voc, Divorced, Farming-fishing, Husband, White, Male, United-States, <=50K
40.000217,76934.68,9.720696,-443.3991,-15.758395,44.288013, Federal-gov, Some-college, Married-civ-spouse, Exec-managerial, Husband, White, Male, United-States, >50K
34.738556,441321.1,13.367307,-1008.6088,-3.9008665,47.417755, Private, Bachelors, Divorced, Tech-support, Unmarried, White, Male, United-States, >50K
46.373997,237732.27,11.057206,29141.934,68.08104,42.287907, Private, Assoc-voc, Married-civ-spouse, Exec-managerial, Husband, White, Male, United-States, >50K
22.719467,151421.25,7.4175906,688.52783,67.589615,28.113605, Local-gov, Some-college, Never-married, Other-service, Own-child, White, Male, United-States, <=50K
41.539463,-7304.062,8.995891,5723.503,-37.72433,42.00419, Local-gov, HS-grad, Married-civ-spouse, Exec-managerial, Wife, White, Female, United-States, >50K
30.907473,159172.77,10.016416,-420.32074,35.14626,39.763298, Private, Some-college, Never-married, Other-service, Not-in-family, White, Male, United-States, <=50K
54.032745,194428.77,10.177635,261.35638,10.350728,35.624737, State-gov, Some-college, Married-civ-spouse, Adm-clerical, Wife, White, Female, United-States, <=50K
25.249056,130335.664,9.2163315,1905.9667,5.9394426,41.2378, Self-emp-not-inc, HS-grad, Married-civ-spouse, Farming-fishing, Husband, White, Male, United-States, <=50K
24.69525,212021.95,13.7974415,-12.516666,-27.091188,39.84585, Private, Bachelors, Never-married, Exec-managerial, Not-in-family, White, Male, United-States, >50K
34.570663,212581.4,10.463272,-415.49835,-14.738208,40.9918, Local-gov, Some-college, Divorced, Adm-clerical, Not-in-family, White, Male, United-States, <=50K
26.858505,174494.2,10.27647,400.19464,9.067166,29.585814, ?, Some-college, Never-married, ?, Own-child, White, Female, United-States, <=50K
17.770885,114959.79,9.375874,13.054256,41.951466,20.983898, Private, HS-grad, Never-married, Handlers-cleaners, Own-child, White, Female, United-States, <=50K
44.90356,129216.336,9.5289135,9802.108,216.23164,42.47636, Private, HS-grad, Married-civ-spouse, Handlers-cleaners, Husband, White, Male, United-States, <=50K
28.83145,50429.984,11.257994,607.8369,-18.729654,32.883392, State-gov, Assoc-voc, Divorced, Adm-clerical, Unmarried, White, Female, United-States, <=50K
36.315716,110465.586,11.880027,-2452.2322,-37.740925,70.86326, Local-gov, Bachelors, Married-civ-spouse, Exec-managerial, Husband, White, Male, United-States, >50K
28.843193,144926.17,10.542262,645.3194,573.9322,34.823532, Federal-gov, Assoc-voc, Never-married, Craft-repair, Not-in-family, White, Male, United-States, <=50K
23.028816,124371.64,9.862776,576.868,-14.626445,54.28033, State-gov, Some-college, Never-married, Protective-serv, Unmarried, White, Male, United-States, <=50K
33.81258,427100.22,9.897198,-804.73553,-18.723093,39.1305, Private, Some-college, Married-spouse-absent, Handlers-cleaners, Unmarried, White, Male, United-States, <=50K
44.67545,371780.62,9.892952,409.32526,4.7473574,38.318832, Private, Some-college, Married-civ-spouse, Farming-fishing, Husband, White, Male, United-States, <=50K
34.76703,171427.73,9.783116,504.13867,2.3405352,35.647415, Local-gov, Some-college, Divorced, Protective-serv, Unmarried, White, Male, United-States, <=50K
57.469013,171531.08,6.553204,1062.1182,-15.129436,40.90724, Private, HS-grad, Divorced, Farming-fishing, Not-in-family, White, Male, United-States, <=50K
65.10033,189484.73,9.679733,2489.3706,-0.083559886,54.4076, Private, Some-college, Married-civ-spouse, Other-service, Husband, White, Male, United-States, <=50K
24.39019,171632.14,5.8286376,-239.74396,6.8766756,32.563885, Private, HS-grad, Never-married, Farming-fishing, Own-child, White, Male, United-States, <=50K
27.3112,241889.81,10.433306,673.1353,-31.63051,38.60531, Private, Assoc-voc, Never-married, Exec-managerial, Own-child, White, Male, United-States, <=50K
13.63413,87202.44,6.4023447,34.229733,52.224995,32.76737, Private, HS-grad, Never-married, Craft-repair, Unmarried, White, Female, United-States, <=50K
31.255127,95946.336,12.558126,483.89185,-11.745227,22.043829, Local-gov, Bachelors, Married-civ-spouse, Protective-serv, Husband, White, Male, United-States, <=50K
49.429184,13026.438,11.369888,-786.4478,-53.42692,55.554188, State-gov, Assoc-voc, Married-civ-spouse, Prof-specialty, Husband, White, Male, United-States, >50K
26.69767,149825.12,5.7630687,1065.9325,-12.592708,37.617092, Local-gov, HS-grad, Divorced, Machine-op-inspct, Unmarried, White, Female, United-States, <=50K
25.183392,124066.29,9.509996,-2262.102,430.73608,42.558044, Private, HS-grad, Separated, Other-service, Unmarried, White, Female, United-States, >50K
27.672234,120764.31,9.334874,684.43164,7.915387,8.982082, Private, HS-grad, Never-married, Sales, Own-child, White, Female, United-States, <=50K
50.57336,176370.72,9.887065,2378.1013,10.1496935,40.618996, Private, Some-college, Married-civ-spouse, Exec-managerial, Wife, White, Female, United-States, >50K
18.365097,169565.17,11.02922,29.440487,654.23224,31.321867, Private, Assoc-voc, Never-married, Sales, Other-relative, White, Female, United-States, <=50K
37.91143,289086.94,9.1138115,577.7411,-19.407305,47.68234, Private, HS-grad, Divorced, Sales, Not-in-family, White, Female, United-States, <=50K
30.962065,240553.0,8.902314,417.10895,-35.54945,41.91344, Private, HS-grad, Married-spouse-absent, Transport-moving, Not-in-family, White, Male, United-States, <=50K
13.694245,173487.55,10.788882,349.69122,-13.187617,32.829235, State-gov, Assoc-voc, Never-married, Sales, Not-in-family, White, Male, United-States, <=50K
54.975487,129039.26,11.670287,25768.76,-5.6551847,37.68932, Private, Bachelors, Divorced, Exec-managerial, Unmarried, White, Male, United-States, >50K
28.456474,155653.62,6.3653984,165.46844,-17.709871,33.57703, Private, HS-grad, Married-civ-spouse, Craft-repair, Husband, White, Male, United-States, >50K
25.88438,105097.61,10.210006,122.396416,-29.95064,34.129097, Private, Some-college, Separated, Adm-clerical, Unmarried, White, Female, United-States, <=50K
33.284626,170403.2,9.883336,-564.8846,-21.373377,32.877, Private, Some-college, Married-civ-spouse, Farming-fishing, Own-child, White, Male, United-States, >50K
36.156178,181320.11,7.0449653,-25.297428,-29.972666,61.100437, Private, HS-grad, Divorced, Exec-managerial, Unmarried, White, Male, United-States, <=50K
19.057457,166860.56,7.233851,-163.02484,72.1668,33.832287, Private, HS-grad, Never-married, Adm-clerical, Not-in-family, White, Female, United-States, <=50K
24.431513,299939.56,12.851203,776.8905,-27.086542,30.82084, ?, Bachelors, Never-married, Other-service, Own-child, White, Male, United-States, >50K
27.559267,113852.14,9.234255,1175.6509,-14.577205,35.82874, Federal-gov, HS-grad, Married-spouse-absent, Exec-managerial, Unmarried, White, Male, United-States, >50K
52.875816,213595.72,10.102576,-642.89594,52.200165,47.391037, Private, Some-college, Married-civ-spouse, Prof-specialty, Husband, White, Male, United-States, <=50K
41.015915,201123.95,11.205364,38.227047,-30.176249,31.489466, Local-gov, Assoc-voc, Separated, Protective-serv, Own-child, White, Male, United-States, <=50K
43.842632,259914.81,11.158159,271.4209,-1.889285,52.4036, Private, Assoc-voc, Married-civ-spouse, Machine-op-inspct, Wife, White, Female, United-States, <=50K
37.60304,327170.1,12.9928055,-797.75824,149.79019,19.557762, Private, Bachelors, Married-civ-spouse, Sales, Husband, White, Male, United-States, <=50K
35.112457,254689.33,17.29235,-2408.38,-27.730288,62.707527, Private, Bachelors, Married-spouse-absent, Prof-specialty, Not-in-family, White, Male, United-States, >50K
29.872513,314712.78,11.388372,450.17743,-62.768764,42.21779, Private, Assoc-voc, Married-civ-spouse, Exec-managerial, Own-child, White, Male, United-States, >50K
40.726513,53943.938,13.11495,-135.36615,-4.576236,43.230457, Local-gov, Bachelors, Divorced, Exec-managerial, Not-in-family, White, Female, United-States, >50K
56.69661,365930.38,8.35463,533.0135,42.438698,42.12545, Private, Some-college, Married-civ-spouse, Other-service, Wife, White, Female, United-States, >50K
39.243217,142339.14,9.620134,24.222591,-4.1062727,34.27976, Private, HS-grad, Never-married, Farming-fishing, Not-in-family, White, Female, United-States, <=50K
36.103973,78429.85,9.883027,-673.32635,-20.972467,43.284477, State-gov, Some-college, Married-civ-spouse, Other-service, Husband, White, Male, United-States, <=50K
51.915703,442070.06,8.82487,917.3448,22.62786,46.482464, ?, HS-grad, Divorced, ?, Not-in-family, White, Female, United-States, <=50K
31.962364,121146.0,8.379465,-503.22223,672.9024,25.584513, Private, HS-grad, Never-married, Tech-support, Not-in-family, White, Male, United-States, <=50K
25.59026,128190.22,9.927302,11.708675,489.66464,27.985132, Private, Some-college, Married-spouse-absent, Craft-repair, Not-in-family, White, Female, United-States, <=50K
43.167625,367244.28,9.79028,4675.7305,1179.214,44.418762, Private, HS-grad, Married-civ-spouse, Handlers-cleaners, Husband, White, Male, United-States, >50K
31.038256,284064.22,12.52381,2187.7798,-25.489,25.282234, Private, Bachelors, Never-married, Other-service, Not-in-family, White, Female, United-States, >50K
42.00099,193978.86,10.758137,293.84955,-16.216433,37.656876, Self-emp-not-inc, Assoc-voc, Married-civ-spouse, Craft-repair, Husband, White, Male, United-States, <=50K
58.38915,217929.34,4.2793717,482.84558,3.3635302,24.460745, Without-pay, HS-grad, Married-civ-spouse, Farming-fishing, Wife, White, Female, United-States, <=50K
44.280426,103982.41,13.740347,-2535.7764,-5.884082,55.641266, Private, Bachelors, Widowed, Other-service, Not-in-family, White, Male, United-States, >50K
60.820087,55234.75,11.847937,6477.576,1732.3685,58.600735, Private, Bachelors, Married-civ-spouse, Exec-managerial, Husband, White, Male, United-States, >50K
53.00849,131560.11,13.299399,258.55133,-13.152286,48.308193, Self-emp-not-inc, Bachelors, Divorced, Other-service, Husband, White, Male, United-States, <=50K
58.5903,182849.0,9.750618,4207.7056,1474.2406,51.47876, Self-emp-inc, HS-grad, Married-civ-spouse, Craft-repair, Husband, White, Male, United-States, >50K
41.476063,209557.7,13.738425,-1222.782,122.485954,39.947884, Private, Bachelors, Married-civ-spouse, Exec-managerial, Husband, White, Male, United-States, <=50K
20.955736,58319.83,10.313645,375.50592,-0.878497,28.533827, Private, Some-college, Never-married, Exec-managerial, Unmarried, White, Male, United-States, >50K
34.270523,95348.59,9.036922,311.00348,-1.539172,36.710567, Local-gov, HS-grad, Divorced, Protective-serv, Not-in-family, White, Female, United-States, <=50K
39.064896,192596.64,9.516062,1488.3772,-19.993639,30.292767, Self-emp-inc, HS-grad, Married-civ-spouse, Exec-managerial, Husband, White, Male, United-States, >50K
47.83544,209053.03,10.701689,189.10638,-53.257427,58.589832, Self-emp-not-inc, Assoc-voc, Divorced, Other-service, Husband, White, Male, United-States, <=50K
41.222195,122757.09,9.087716,-1280.1895,657.8236,20.587002, State-gov, HS-grad, Married-spouse-absent, Tech-support, Not-in-family, White, Female, United-States, <=50K
32.40403,310440.7,13.091728,175.95978,-32.35793,41.81541, Local-gov, Bachelors, Divorced, Prof-specialty, Unmarried, White, Female, United-States, <=50K
26.182325,121135.72,11.317871,255.22333,-14.73791,39.53212, Federal-gov, Assoc-voc, Never-married, Farming-fishing, Own-child, White, Male, United-States, <=50K
53.793415,130569.805,10.353914,-82.20002,-24.920107,52.99038, Self-emp-inc, Assoc-voc, Married-civ-spouse, Farming-fishing, Husband, White, Male, United-States, >50K
33.99267,56549.08,9.98819,-328.2459,-8.205272,38.433945, Private, Some-college, Separated, Other-service, Husband, White, Male, United-States, <=50K
23.396435,234114.72,9.312221,126.62151,6.8317614,42.173603, State-gov, Some-college, Married-spouse-absent, Protective-serv, Unmarried, White, Male, United-States, <=50K
32.002388,246198.86,10.710478,986.1214,-11.94839,53.14993, Private, Assoc-voc, Married-civ-spouse, Handlers-cleaners, Husband, White, Male, United-States, <=50K
49.220047,141175.2,8.948942,529.05164,-5.570155,49.387333, Federal-gov, HS-grad, Never-married, Machine-op-inspct, Unmarried, White, Male, United-States, <=50K
84.52876,219396.77,8.568963,915.9834,-11.257113,30.336027, Private, HS-grad, Divorced, Machine-op-inspct, Not-in-family, White, Female, United-States, <=50K
63.34465,189303.08,12.858712,-3472.6487,1035.2993,47.051235, Private, Bachelors, Married-civ-spouse, Exec-managerial, Husband, White, Male, United-States, >50K
34.08969,263638.97,6.178465,789.8834,15.07935,34.30877, Self-emp-not-inc, HS-grad, Never-married, Farming-fishing, Own-child, White, Male, United-States, <=50K
29.15571,157088.75,9.278701,39985.05,93.55734,34.98915, Private, HS-grad, Never-married, Tech-support, Own-child, White, Male, United-States, >50K
40.985657,138231.62,11.098359,67.81689,-26.11555,43.003536, Private, Assoc-voc, Married-civ-spouse, Prof-specialty, Husband, White, Male, United-States, <=50K
33.912487,190081.44,14.1094885,4567.3164,-10.207591,40.91583, Private, Bachelors, Married-civ-spouse, Prof-specialty, Husband, White, Male, United-States, >50K
30.840717,140201.16,12.526093,1294.9,-7.650897,41.683304, Private, Bachelors, Married-civ-spouse, Sales, Husband, White, Male, United-States, >50K
31.017778,136919.66,7.534501,403.15863,-6.3838606,43.62168, Local-gov, Some-college, Never-married, Protective-serv, Unmarried, White, Female, United-States, <=50K
47.001717,404909.88,11.54989,-590.9881,-29.105738,38.536236, Private, Assoc-voc, Married-civ-spouse, Craft-repair, Husband, White, Male, United-States, <=50K
20.954365,137700.22,9.335355,421.39758,-18.331133,25.416208, Private, Some-college, Never-married, Protective-serv, Unmarried, White, Female, United-States, <=50K
29.211622,130904.47,9.08815,734.11115,-5.3224287,35.53302, Local-gov, Some-college, Never-married, Protective-serv, Own-child, White, Female, United-States, <=50K
35.518047,216239.69,8.629675,457.05103,6.6552935,46.742195, Private, HS-grad, Separated, Sales, Unmarried, White, Male, United-States, <=50K
30.835888,191333.28,12.347206,377.6504,-14.205638,47.615753, Private, Bachelors, Never-married, Exec-managerial, Other-relative, White, Female, United-States, <=50K
40.46552,46529.938,11.671417,1958.0768,-14.570155,67.60878, Federal-gov, Assoc-voc, Married-civ-spouse, Craft-repair, Husband, White, Male, United-States, <=50K
35.052277,235060.45,10.066389,258.55914,-44.352062,28.20588, Private, Some-college, Never-married, Farming-fishing, Other-relative, White, Male, United-States, <=50K
30.551582,151641.36,10.74038,466.73724,-16.137568,53.288773, State-gov, Assoc-voc, Married-civ-spouse, Protective-serv, Husband, White, Male, United-States, <=50K
31.670784,190622.4,10.171146,370.09534,-18.2847,52.394077, Private, Some-college, Married-civ-spouse, Transport-moving, Husband, White, Male, United-States, <=50K
53.66742,168058.22,10.277128,2959.7146,27.05142,39.1001, Self-emp-inc, HS-grad, Married-civ-spouse, Handlers-cleaners, Husband, White, Male, United-States, >50K
35.61478,167106.81,10.619256,-37.73737,1379.7279,27.283998, Private, HS-grad, Widowed, Transport-moving, Unmarried, White, Male, United-States, >50K
44.60481,151908.31,9.2679405,844.0409,-23.200846,56.902534, Private, HS-grad, Married-civ-spouse, Exec-managerial, Husband, White, Male, United-States, <=50K
24.815678,137503.38,16.702347,-361.3542,6.5233355,44.23258, Private, Bachelors, Never-married, Prof-specialty, Unmarried, White, Female, United-States, <=50K
39.024704,157952.05,14.837891,8552.837,3.1037111,38.694805, Private, Bachelors, Married-civ-spouse, Adm-clerical, Wife, White, Female, United-States, >50K
43.504444,191781.95,9.914022,-451.55597,-26.236116,51.327038, Federal-gov, HS-grad, Married-civ-spouse, Craft-repair, Husband, White, Male, United-States, <=50K
20.547436,69823.94,11.022819,453.63196,-56.484997,42.090607, Local-gov, Some-college, Married-civ-spouse, Adm-clerical, Husband, White, Male, United-States, <=50K
33.825027,92546.195,13.349906,-93.76911,-57.822247,35.302547, Federal-gov, Bachelors, Separated, Sales, Unmarried, White, Male, United-States, <=50K
22.471252,185962.4,10.634112,84.501335,-45.277966,30.542963, Self-emp-not-inc, Assoc-voc, Divorced, Craft-repair, Not-in-family, White, Male, United-States, <=50K
29.260714,106271.12,11.306556,551.64343,-14.506747,46.90287, Federal-gov, Assoc-voc, Never-married, Craft-repair, Unmarried, White, Male, United-States, <=50K
23.582642,328778.56,11.929705,-695.7181,15.566091,41.200333, Private, Bachelors, Separated, Prof-specialty, Own-child, White, Male, United-States, <=50K
15.0256605,202098.28,12.055356,339.89484,-24.515497,29.026487, State-gov, Bachelors, Never-married, Tech-support, Unmarried, White, Male, United-States, <=50K
37.892853,198032.75,7.1054893,2905.1968,-7.96474,38.868748, Private, Some-college, Married-civ-spouse, Sales, Husband, White, Male, United-States, <=50K
48.755974,126043.21,8.922208,-613.6182,-15.272944,45.84584, Private, HS-grad, Married-civ-spouse, Other-service, Wife, White, Female, United-States, <=50K
52.716084,74626.31,10.724642,966.27673,7.3309526,33.660603, ?, Assoc-voc, Married-civ-spouse, Adm-clerical, Husband, White, Male, United-States, <=50K
34.806343,329787.1,10.167027,-430.06012,-13.820903,47.98955, State-gov, HS-grad, Divorced, Exec-managerial, Unmarried, White, Female, United-States, >50K
41.79078,209995.77,6.184619,778.3122,13.711202,44.025978, ?, HS-grad, Never-married, ?, Not-in-family, White, Female, United-States, <=50K
31.504229,104500.37,12.135971,6232.7085,388.81683,48.897457, Private, Bachelors, Married-civ-spouse, Craft-repair, Husband, White, Male, United-States, >50K
18.714384,71106.25,10.342158,-301.0146,-27.028238,21.111206, Private, Some-college, Never-married, Adm-clerical, Own-child, White, Male, United-States, <=50K
40.355797,156564.98,13.011095,-50.7757,-18.549067,62.51887, Local-gov, Bachelors, Divorced, Protective-serv, Unmarried, White, Male, United-States, <=50K
31.912546,204946.2,8.630601,1103.7917,-14.150607,46.803135, Private, HS-grad, Separated, Farming-fishing, Unmarried, White, Male, United-States, <=50K
48.7198,98909.234,10.025625,-37.805607,-8.500834,30.506208, Private, Some-college, Married-civ-spouse, Other-service, Wife, White, Female, United-States, <=50K
24.540428,232934.86,9.334108,456.12646,45.661182,29.715471, State-gov, Some-college, Never-married, Other-service, Not-in-family, White, Male, United-States, <=50K
36.825233,63227.22,7.8918524,205.70093,-11.888225,62.91077, Private, HS-grad, Widowed, Farming-fishing, Not-in-family, White, Female, United-States, <=50K
60.39772,131052.29,8.469318,1285.828,-7.578822,41.308956, Federal-gov, HS-grad, Married-civ-spouse, Craft-repair, Husband, White, Male, United-States, >50K
53.7116,189392.27,8.432234,-1300.2739,553.7292,43.517086, ?, HS-grad, Divorced, ?, Not-in-family, White, Female, United-States, <=50K
32.458664,65514.367,7.9960504,19.17706,13.8547945,30.015472, Private, HS-grad, Married-civ-spouse, Machine-op-inspct, Husband, White, Male, United-States, >50K
26.589617,150261.36,12.629542,109.35735,-58.99696,41.544643, State-gov, Bachelors, Separated, Protective-serv, Unmarried, White, Male, United-States, <=50K
39.956535,136164.19,9.846604,-257.64557,-8.163981,62.148663, Private, Assoc-voc, Married-spouse-absent, Farming-fishing, Not-in-family, White, Male, United-States, <=50K
30.316246,138708.94,11.465245,434.8853,-2.7465696,41.893314, Self-emp-not-inc, Assoc-voc, Married-civ-spouse, Craft-repair, Husband, White, Male, United-States, >50K
51.28388,87531.26,15.995111,861.7391,46.850803,51.220947, Private, Bachelors, Divorced, Prof-specialty, Unmarried, White, Female, United-States, >50K
28.892323,174429.75,9.922446,315.5116,-28.548014,38.545395, Private, Some-college, Separated, Machine-op-inspct, Own-child, White, Female, United-States, <=50K
38.499847,203662.89,10.015956,729.0304,22.565825,32.408688, State-gov, Some-college, Married-civ-spouse, Protective-serv, Husband, White, Male, United-States, <=50K
24.557165,172282.31,11.422591,1626.4708,-43.15019,49.67429, Private, Assoc-voc, Married-civ-spouse, Prof-specialty, Husband, White, Male, United-States, <=50K
24.12168,208185.02,10.323932,752.41364,-26.711641,59.87311, Local-gov, Some-college, Never-married, Prof-specialty, Not-in-family, White, Female, United-States, <=50K
48.4416,179303.75,7.163286,24746.795,14.832387,50.971855, Private, HS-grad, Married-civ-spouse, Sales, Husband, White, Male, United-States, >50K
37.75276,243201.58,11.365269,1019.5806,-40.285473,41.220215, Private, Assoc-voc, Divorced, Prof-specialty, Not-in-family, White, Male, United-States, >50K
19.228273,148187.95,9.750617,1122.4589,602.106,28.430758, Private, HS-grad, Never-married, Sales, Unmarried, White, Female, United-States, <=50K
28.011057,165266.1,9.924116,23.346737,20.679487,32.350513, Federal-gov, Assoc-voc, Separated, Adm-clerical, Unmarried, White, Male, United-States, <=50K
50.17278,480123.56,5.9393167,1363.4368,2.4544115,30.916246, Self-emp-not-inc, HS-grad, Married-spouse-absent, Transport-moving, Not-in-family, White, Male, United-States, <=50K
39.3834,275245.72,14.378029,545.04974,22.071218,32.79738, Local-gov, Bachelors, Married-civ-spouse, Prof-specialty, Wife, White, Female, United-States, >50K
48.429012,190092.36,7.564395,-156.55609,92.85623,51.48088, Private, HS-grad, Married-civ-spouse, Tech-support, Husband, White, Male, United-States, <=50K
13.264279,211646.62,10.776552,1166.1115,8.248792,18.395813, State-gov, Some-college, Never-married, Other-service, Other-relative, White, Female, United-States, <=50K
22.866795,162624.55,10.9657345,1078.3746,-36.22974,49.714584, Self-emp-inc, Assoc-voc, Divorced, Tech-support, Unmarried, White, Male, United-States, <=50K
55.40529,249428.61,8.983147,559.39056,-2.0793257,37.774353, Federal-gov, HS-grad, Widowed, Protective-serv, Unmarried, White, Male, United-States, <=50K
15.9852705,160649.36,10.319462,-163.96222,23.696165,22.469244, Private, Some-college, Never-married, Handlers-cleaners, Own-child, White, Male, United-States, <=50K
42.188675,193540.03,12.200995,11319.663,28.869452,26.14182, Private, Bachelors, Married-civ-spouse, Other-service, Own-child, White, Female, United-States, >50K
38.66262,309350.25,8.86457,409.1516,13.221189,20.28637, Private, HS-grad, Married-spouse-absent, Handlers-cleaners, Not-in-family, White, Male, United-States, <=50K
15.625119,126664.61,9.798809,474.9004,3.1891756,27.615097, Private, Some-college, Divorced, Adm-clerical, Not-in-family, White, Male, United-States, <=50K
22.902977,150796.47,10.302144,622.13794,13.4044695,27.831697, Private, Some-college, Never-married, Protective-serv, Other-relative, White, Female, United-States, <=50K
40.636536,292648.38,7.451936,2085.486,-5.953868,60.43788, Private, Some-college, Married-civ-spouse, Craft-repair, Husband, White, Male, United-States, <=50K
23.625422,131664.81,10.206043,533.41876,10.407094,49.875805, Self-emp-inc, Some-college, Never-married, Farming-fishing, Not-in-family, White, Male, United-States, <=50K
45.081894,182936.72,12.137698,3605.4575,-15.938472,40.472065, Federal-gov, Bachelors, Widowed, Prof-specialty, Unmarried, White, Female, United-States, >50K
38.824287,75369.53,9.132776,459.9782,-22.599062,35.49707, Private, HS-grad, Separated, Sales, Unmarried, White, Male, United-States, <=50K
57.412903,84367.766,12.673234,101.61462,23.613817,36.273796, Private, Bachelors, Married-civ-spouse, Exec-managerial, Husband, White, Male, United-States, >50K
43.321774,273524.03,11.350257,1959.1843,9.520299,41.517036, Federal-gov, Assoc-voc, Married-civ-spouse, Adm-clerical, Husband, White, Male, United-States, >50K
51.6193,56480.03,5.0410705,1114.1702,-6.973521,57.33872, Private, HS-grad, Divorced, Craft-repair, Not-in-family, White, Male, United-States, <=50K
39.590244,182756.11,6.155998,10081.175,6.4674273,38.470325, Self-emp-not-inc, HS-grad, Married-civ-spouse, Farming-fishing, Wife, White, Female, United-States, >50K
44.849663,122606.93,12.516202,-165.38873,-6.1896467,61.42913, Self-emp-not-inc, Bachelors, Married-civ-spouse, Farming-fishing, Husband, White, Male, United-States, >50K
33.16951,388272.22,12.6788225,-1317.1804,-8.078769,49.758434, State-gov, Bachelors, Married-civ-spouse, Prof-specialty, Wife, White, Male, United-States, <=50K
36.552727,52263.516,6.8972907,-799.4532,575.5688,56.283024, Private, HS-grad, Married-civ-spouse, Farming-fishing, Husband, White, Male, United-States, <=50K
26.717737,317397.84,9.883584,5757.7925,11.486226,54.991043, Private, HS-grad, Married-civ-spouse, Adm-clerical, Husband, White, Male, United-States, <=50K
36.12241,241218.16,6.71065,69.46386,18.383993,24.84632, Self-emp-not-inc, HS-grad, Never-married, Other-service, Unmarried, White, Male, United-States, <=50K
44.668236,384192.97,9.355866,-1360.0273,-31.287851,28.939966, Private, HS-grad, Married-civ-spouse, Other-service, Husband, White, Male, United-States, >50K
44.7796,146481.45,10.556257,3728.3762,-35.001713,19.644838, Private, Assoc-voc, Married-civ-spouse, Adm-clerical, Husband, White, Male, United-States, <=50K
20.247843,213113.39,10.237741,-363.02496,-6.07117,35.909, Local-gov, Assoc-voc, Never-married, Adm-clerical, Other-relative, White, Male, United-States, <=50K
26.399765,167991.42,13.099699,-59.56525,-20.577318,23.476965, Private, Bachelors, Never-married, Sales, Not-in-family, White, Female, United-States, <=50K
27.523598,342706.72,10.731932,911.1665,-16.149996,30.98427, Self-emp-not-inc, Assoc-voc, Divorced, Sales, Unmarried, White, Male, United-States, <=50K
39.492786,67011.234,9.769622,41.722836,-38.029346,49.542454, State-gov, HS-grad, Married-civ-spouse, Tech-support, Husband, White, Male, United-States, <=50K
47.919956,204045.05,14.144843,675.47485,-8.198695,31.897617, Private, Bachelors, Married-civ-spouse, Prof-specialty, Husband, White, Male, United-States, >50K
49.74107,197445.52,9.62273,-163.8797,2.7120943,41.39349, Private, Some-college, Widowed, Protective-serv, Not-in-family, White, Female, United-States, <=50K
37.441376,95822.805,11.701079,1857.1003,-12.45695,40.261723, Private, Bachelors, Married-civ-spouse, Prof-specialty, Husband, White, Male, United-States, <=50K
22.355669,231258.92,4.915253,2377.6885,-15.127933,40.54306, Local-gov, HS-grad, Separated, Exec-managerial, Wife, White, Female, United-States, <=50K
30.533466,108840.266,9.801414,2587.3706,-42.242382,35.813313, Self-emp-not-inc, HS-grad, Married-spouse-absent, Transport-moving, Unmarried, White, Male, United-States, <=50K
43.08221,125335.5,11.287618,856.8768,-7.3931303,54.92397, Local-gov, Assoc-voc, Married-civ-spouse, Adm-clerical, Husband, White, Male, United-States, <=50K
52.25994,92067.86,9.219913,1172.9197,-42.821774,51.458572, Private, HS-grad, Separated, Other-service, Own-child, White, Female, United-States, <=50K
21.165903,141855.95,9.205395,428.82416,-29.550043,37.576725, Private, HS-grad, Never-married, Farming-fishing, Own-child, White, Female, United-States, <=50K
39.47508,468236.97,10.063833,-357.97968,-9.353679,29.36853, Private, Some-college, Married-civ-spouse, Transport-moving, Husband, White, Male, United-States, <=50K
20.34048,128520.43,13.958382,2367.494,-36.012974,59.025562, Private, Bachelors, Divorced, Exec-managerial, Unmarried, White, Male, United-States, <=50K
39.87238,146772.95,10.042888,41804.48,30.003878,45.697002, Private, HS-grad, Married-civ-spouse, Craft-repair, Husband, White, Male, United-States, >50K
27.167826,118260.87,9.074638,-2028.9329,48.89528,27.506414, Private, HS-grad, Married-civ-spouse, Other-service, Own-child, White, Male, United-States, >50K
41.02987,85372.53,11.125502,46.972958,313.48697,43.175457, Private, Assoc-voc, Divorced, Sales, Not-in-family, White, Male, United-States, <=50K
29.228209,182905.0,5.040661,129.93762,-48.140285,35.885075, State-gov, HS-grad, Married-civ-spouse, Craft-repair, Husband, White, Male, United-States, <=50K
49.55873,178231.17,10.391092,7575.2554,9.994847,54.10705, State-gov, Some-college, Married-civ-spouse, Adm-clerical, Husband, White, Male, United-States, >50K
47.690556,118974.66,10.048336,1715.6871,-0.7509564,34.752563, Federal-gov, Some-college, Married-civ-spouse, Adm-clerical, Own-child, White, Male, United-States, <=50K
28.769337,136477.78,12.86561,10183.228,765.3119,42.450233, Private, Bachelors, Separated, Tech-support, Unmarried, White, Male, United-States, >50K
31.502937,110123.92,6.6388416,563.8726,8.531133,38.67495, Local-gov, HS-grad, Married-spouse-absent, Protective-serv, Not-in-family, White, Male, United-States, <=50K
64.38614,220305.03,9.740406,-346.2083,1465.1924,41.135353, Self-emp-inc, HS-grad, Married-civ-spouse, Exec-managerial, Husband, White, Male, United-States, <=50K
61.445747,187135.8,8.438148,863.1913,-9.543132,34.206192, Private, Some-college, Divorced, Sales, Not-in-family, White, Female, United-States, <=50K
33.43125,173496.83,4.440473,600.5603,11.24735,20.208782, Private, HS-grad, Never-married, Farming-fishing, Own-child, White, Male, United-States, <=50K
22.843143,253191.69,10.212459,809.8626,12.182286,15.791531, Private, Some-college, Never-married, Other-service, Not-in-family, White, Female, United-States, <=50K
32.967094,132839.77,10.320119,1390.0448,24.886915,30.38074, Private, Assoc-voc, Married-spouse-absent, Exec-managerial, Unmarried, White, Female, United-States, <=50K
20.508389,254852.34,9.15262,1131.6246,836.82733,27.369392, Private, Some-college, Divorced, Other-service, Not-in-family, White, Female, United-States, <=50K
40.254826,162868.19,11.458981,-395.4864,-26.71338,48.511993, Private, Assoc-voc, Married-civ-spouse, Adm-clerical, Wife, White, Female, United-States, <=50K
26.219995,191392.64,9.758282,6.065731,53.787125,41.95023, Private, Some-college, Never-married, Other-service, Unmarried, White, Female, United-States, <=50K
45.137096,147011.97,11.845224,-4240.81,1092.7001,41.24312, Private, Assoc-voc, Married-civ-spouse, Tech-support, Wife, White, Female, United-States, >50K
48.68423,116310.22,9.240194,11629.305,1147.7313,44.72782, Private, HS-grad, Married-civ-spouse, Other-service, Wife, White, Female, United-States, >50K
30.271297,222701.48,9.9994,932.71075,26.410833,29.871752, Private, Some-college, Never-married, Sales, Not-in-family, White, Female, United-States, <=50K
26.069216,179111.12,9.674785,855.7827,-34.91502,38.633026, Private, HS-grad, Never-married, Tech-support, Not-in-family, White, Male, United-States, <=50K
50.90156,200809.47,9.178218,1046.0311,-33.881184,27.88916, Local-gov, HS-grad, Divorced, Exec-managerial, Not-in-family, White, Male, United-States, <=50K
35.859135,235825.97,13.571946,526.4515,-8.69633,45.26546, Federal-gov, Bachelors, Married-spouse-absent, Craft-repair, Not-in-family, White, Male, United-States, <=50K
53.008938,62222.156,11.078739,-2123.945,-21.272242,27.45831, Private, Assoc-voc, Widowed, Tech-support, Unmarried, White, Male, United-States, >50K
20.349289,41573.97,11.5019655,-596.6149,-22.116205,27.592667, Self-emp-not-inc, Assoc-voc, Never-married, Farming-fishing, Own-child, White, Male, United-States, <=50K
35.781967,402877.4,9.3442135,1332.6818,-12.932559,32.32065, ?, HS-grad, Married-spouse-absent, ?, Not-in-family, White, Male, United-States, <=50K
47.30687,52981.08,11.330467,2697.489,-1.4479398,32.023834, Federal-gov, Assoc-voc, Married-civ-spouse, Handlers-cleaners, Husband, White, Male, United-States, >50K
25.837673,287124.62,4.9358125,1707.0704,67.99676,29.671131, Private, HS-grad, Divorced, Craft-repair, Not-in-family, White, Male, United-States, <=50K
34.66869,54324.08,10.392963,8254.821,-31.86828,40.348198, ?, Assoc-voc, Married-civ-spouse, ?, Husband, White, Male, United-States, >50K
22.01599,43667.516,10.860389,226.15192,-30.961435,33.424717, Private, Assoc-voc, Never-married, Craft-repair, Unmarried, White, Male, United-States, <=50K
40.598995,114565.734,12.145254,-527.9958,-35.0628,42.900723, Self-emp-inc, Bachelors, Married-civ-spouse, Prof-specialty, Wife, White, Female, United-States, <=50K
27.448458,281504.78,12.852269,1127.3011,-14.597163,63.164314, Federal-gov, Bachelors, Never-married, Prof-specialty, Other-relative, White, Male, United-States, <=50K
30.462616,318156.7,10.322965,538.2068,-12.791934,56.30351, Private, Some-college, Married-civ-spouse, Craft-repair, Husband, White, Male, United-States, >50K
50.9884,189875.75,8.018301,172.9129,-15.046306,22.074461, Private, HS-grad, Separated, Craft-repair, Husband, White, Male, United-States, <=50K
30.102388,325133.94,9.010294,1899.4432,-36.73087,59.052666, Private, HS-grad, Married-spouse-absent, Craft-repair, Unmarried, White, Male, United-States, <=50K
44.61968,166841.69,6.567807,276.17938,9.410199,41.424526, Private, HS-grad, Divorced, Sales, Not-in-family, White, Male, United-States, <=50K
17.84891,131261.23,11.557689,422.42017,-11.28638,48.01832, Local-gov, Assoc-voc, Married-civ-spouse, Adm-clerical, Own-child, White, Female, United-States, <=50K
23.612581,94355.95,14.197781,635.92163,-17.851213,57.18291, Local-gov, Bachelors, Never-married, Prof-specialty, Unmarried, White, Male, United-States, <=50K
31.626392,300427.2,7.8484817,276.10486,17.561537,41.27562, Local-gov, HS-grad, Married-civ-spouse, Farming-fishing, Wife, White, Female, United-States, <=50K
17.265041,51495.11,9.546293,525.99347,23.361208,24.760494, Private, HS-grad, Never-married, Adm-clerical, Not-in-family, White, Female, United-States, <=50K
42.40352,254089.53,6.765866,1497.9287,17.949202,46.627502, Local-gov, HS-grad, Married-spouse-absent, ?, Not-in-family, White, Female, United-States, <=50K
41.91966,84976.9,8.338748,1043.5096,-35.243908,59.596966, Private, HS-grad, Married-civ-spouse, Exec-managerial, Wife, White, Female, United-States, <=50K
26.313961,185686.62,6.1815605,827.0006,0.68461335,22.553486, Private, HS-grad, Married-civ-spouse, Craft-repair, Own-child, White, Male, United-States, <=50K
20.208378,78146.93,9.620253,-669.8106,-32.17512,41.331367, Private, HS-grad, Never-married, Craft-repair, Husband, White, Male, United-States, <=50K
37.619728,200385.31,12.170526,1620.1478,-3.7735548,46.19942, Self-emp-not-inc, Bachelors, Married-civ-spouse, Transport-moving, Husband, White, Male, United-States, <=50K
27.765114,260280.8,9.038761,584.0449,3.6464434,33.30278, Private, HS-grad, Divorced, Sales, Not-in-family, White, Male, United-States, <=50K
42.901505,287101.1,9.053259,2859.217,-13.581874,46.595875, Local-gov, HS-grad, Married-civ-spouse, Farming-fishing, Husband, White, Male, United-States, <=50K
56.25258,119654.086,15.11691,-1014.278,1552.0764,57.7249, Federal-gov, Bachelors, Married-civ-spouse, Farming-fishing, Husband, White, Male, United-States, >50K
31.917284,198410.1,8.11062,-387.0722,-5.8296385,31.440777, Local-gov, HS-grad, Never-married, Other-service, Unmarried, White, Male, United-States, <=50K
29.630844,284958.66,11.06023,147.19354,-61.819454,53.3129, State-gov, Assoc-voc, Married-civ-spouse, Other-service, Unmarried, White, Male, United-States, <=50K
57.241573,69656.414,13.083093,12084.451,-0.51547515,54.556007, Private, Bachelors, Married-civ-spouse, Exec-managerial, Husband, White, Male, United-States, >50K
29.351368,493063.7,12.089286,-89.360054,-29.82709,44.402584, Private, Bachelors, Never-married, Prof-specialty, Not-in-family, White, Male, United-States, <=50K
49.897217,86169.86,4.357513,1622.1187,32.53851,33.634735, Private, HS-grad, Never-married, Machine-op-inspct, Other-relative, White, Female, United-States, <=50K
26.849995,239467.34,5.85427,2504.3054,265.10046,27.70917, Private, HS-grad, Never-married, Adm-clerical, Other-relative, White, Female, United-States, <=50K
16.975676,127953.56,10.257571,413.8319,34.66564,23.048319, State-gov, Some-college, Married-civ-spouse, Sales, Own-child, White, Female, United-States, <=50K
31.106363,271861.16,11.743932,593.48065,-12.797404,50.699417, Self-emp-not-inc, Assoc-voc, Widowed, Other-service, Not-in-family, White, Male, United-States, <=50K
21.924543,143330.05,13.776592,19048.078,45.549152,43.835514, Private, Bachelors, Never-married, Prof-specialty, Own-child, White, Male, United-States, >50K
64.22031,133885.42,10.928202,9193.343,1618.0359,29.053782, Local-gov, Assoc-voc, Married-civ-spouse, Protective-serv, Husband, White, Male, United-States, >50K
22.119883,131016.16,10.802611,-2835.1682,161.56577,37.267506, State-gov, Assoc-voc, Never-married, Other-service, Own-child, White, Male, United-States, <=50K
36.96511,215834.3,8.841531,-297.55963,-5.7692595,39.921547, Private, HS-grad, Married-spouse-absent, Adm-clerical, Unmarried, White, Female, United-States, <=50K
39.022026,32501.578,9.792386,4555.0366,19.376593,49.189938, Private, Some-college, Married-civ-spouse, Other-service, Husband, White, Male, United-States, >50K
23.411116,180958.33,8.859805,1907.456,8.709531,33.753696, Federal-gov, HS-grad, Married-civ-spouse, Handlers-cleaners, Husband, White, Male, United-States, <=50K
28.825901,170673.56,11.093828,999.2876,206.43532,35.503067, Private, Assoc-voc, Married-civ-spouse, Adm-clerical, Husband, White, Male, United-States, <=50K
35.20781,243075.31,9.167289,150.406,20.476286,30.272057, Private, HS-grad, Never-married, Other-service, Not-in-family, White, Female, United-States, <=50K
33.5481,262352.62,12.001757,-1210.0769,332.51572,53.28959, Private, Bachelors, Divorced, Tech-support, Unmarried, White, Male, United-States, <=50K
43.96575,135389.34,10.010761,1246.7711,29.49714,28.11192, Self-emp-not-inc, Some-college, Widowed, Sales, Unmarried, White, Female, United-States, <=50K
18.534937,197622.8,8.795886,683.05316,3.8900423,35.03075, Local-gov, HS-grad, Never-married, Exec-managerial, Other-relative, White, Female, United-States, <=50K
20.714518,189281.55,3.1214275,280.6441,27.193972,38.99448, Private, HS-grad, Never-married, Handlers-cleaners, Unmarried, White, Male, United-States, <=50K
45.31761,397827.97,10.547854,1320.73,-5.5544767,52.54868, Federal-gov, Assoc-voc, Divorced, Other-service, Not-in-family, White, Male, United-States, <=50K
27.081284,343979.06,10.356591,-1169.477,153.62105,28.48764, Private, Assoc-voc, Married-civ-spouse, Craft-repair, Husband, White, Male, United-States, <=50K
21.591105,206625.97,7.3686843,1171.1686,-66.48647,40.872818, Private, HS-grad, Never-married, Craft-repair, Other-relative, White, Male, United-States, <=50K
23.299723,147965.36,9.4321,155.18958,697.60364,37.117657, Private, HS-grad, Divorced, Transport-moving, Unmarried, White, Male, United-States, <=50K
22.50921,348979.2,9.310027,453.60956,-11.630633,48.84559, Private, HS-grad, Divorced, Tech-support, Not-in-family, White, Male, United-States, >50K
33.725796,332152.28,7.146587,1135.9788,-1.8156384,29.49384, Self-emp-not-inc, HS-grad, Married-civ-spouse, Farming-fishing, Husband, White, Male, United-States, <=50K
29.622719,213899.25,7.3878427,495.96954,8.406011,23.658052, ?, HS-grad, Married-spouse-absent, ?, Unmarried, White, Female, United-States, <=50K
20.586037,44218.875,10.342375,-135.42267,-26.371614,27.788519, Private, Some-college, Married-civ-spouse, Prof-specialty, Husband, White, Male, United-States, <=50K
39.919098,223855.94,9.712254,222.90613,21.8635,42.044518, Private, Some-college, Separated, Adm-clerical, Unmarried, White, Female, United-States, <=50K
39.547924,164960.6,6.6138616,-856.4515,1510.5537,82.16915, Private, HS-grad, Married-civ-spouse, Craft-repair, Husband, White, Male, United-States, >50K
50.625202,114373.53,16.3701,-1233.404,9.120946,39.61941, Local-gov, Bachelors, Divorced, Prof-specialty, Unmarried, White, Female, United-States, >50K
45.899788,181579.56,10.447333,875.2627,498.5371,30.83468, State-gov, Assoc-voc, Married-civ-spouse, Adm-clerical, Husband, White, Male, United-States, <=50K
14.691497,291937.88,11.382998,-134.10919,1308.3484,22.054287, Self-emp-inc, Assoc-voc, Never-married, Tech-support, Other-relative, White, Male, United-States, <=50K
32.477066,70421.63,1.1576958,1199.197,19.734686,34.834167, ?, HS-grad, Separated, Machine-op-inspct, Own-child, White, Female, United-States, <=50K
35.4806,332664.06,9.545668,2537.9854,-31.087175,41.59587, Private, HS-grad, Married-civ-spouse, Farming-fishing, Husband, White, Male, United-States, >50K
26.946808,173297.44,10.120439,532.88184,-28.547571,32.05775, ?, Assoc-voc, Separated, Farming-fishing, Unmarried, White, Female, United-States, <=50K
15.436418,236153.3,10.045636,-1663.2542,-53.805508,42.305786, Private, Some-college, Married-civ-spouse, Prof-specialty, Own-child, White, Male, United-States, <=50K
24.536959,109076.5,9.085621,706.0157,-15.462161,42.084335, Private, HS-grad, Separated, Handlers-cleaners, Own-child, White, Female, United-States, <=50K
51.65002,133829.06,9.93779,1046.0687,877.175,34.384953, Private, Some-college, Divorced, Exec-managerial, Not-in-family, White, Female, United-States, >50K
30.907473,165572.66,6.3842525,107.76861,27.088804,18.329311, Private, HS-grad, Married-civ-spouse, Sales, Own-child, White, Male, United-States, <=50K
53.838196,193759.02,9.793922,-628.9766,40.868065,43.00116, Private, Assoc-voc, Divorced, Tech-support, Unmarried, White, Female, United-States, <=50K
28.149778,134057.42,8.284817,1100.6195,-25.807909,49.45545, Private, HS-grad, Married-civ-spouse, Adm-clerical, Wife, White, Male, United-States, >50K
31.682076,187810.6,9.096933,398.80225,-7.0332823,46.101357, Private, HS-grad, Separated, Adm-clerical, Unmarried, White, Female, United-States, <=50K
31.552702,37449.25,11.513344,437.3307,2.6951723,44.26107, Private, Assoc-voc, Never-married, Adm-clerical, Unmarried, White, Female, United-States, <=50K
61.674854,75288.65,0.23718068,728.6256,-14.427142,32.970318, Local-gov, HS-grad, Widowed, Farming-fishing, Unmarried, White, Male, United-States, <=50K
62.249077,249337.86,9.863298,641.2266,-10.871264,38.016514, Local-gov, Some-college, Widowed, Adm-clerical, Not-in-family, White, Female, United-States, <=50K
51.672947,50069.17,10.213658,1733.8328,10.428647,28.605795, Self-emp-not-inc, Some-college, Married-civ-spouse, Farming-fishing, Husband, White, Male, United-States, <=50K
49.401882,132591.22,6.8784065,7077.852,98.1693,43.280014, Private, HS-grad, Married-civ-spouse, Adm-clerical, Husband, White, Male, United-States, >50K
18.869614,206453.77,9.212667,713.4301,2.26756,36.560146, Local-gov, HS-grad, Divorced, ?, Not-in-family, White, Male, United-States, <=50K
46.26705,194660.08,11.613546,489.43427,-30.81309,48.912148, Local-gov, Assoc-voc, Divorced, Adm-clerical, Unmarried, White, Female, United-States, <=50K
29.206299,186169.67,11.349848,-23.00861,-37.890408,40.30806, Private, Assoc-voc, Never-married, Protective-serv, Not-in-family, White, Male, United-States, <=50K
26.857767,126443.33,12.395895,-444.3067,-24.96345,36.43151, Private, Bachelors, Never-married, Machine-op-inspct, Unmarried, White, Male, United-States, <=50K
34.258316,79109.59,10.091253,368.04675,-18.020754,52.87352, Private, Some-college, Separated, Other-service, Own-child, White, Female, United-States, <=50K
41.485264,144100.62,10.359831,14559.758,-4.427516,34.536762, Federal-gov, Assoc-voc, Married-civ-spouse, Exec-managerial, Husband, White, Male, United-States, >50K
49.725998,102581.42,9.238505,-846.19916,31.180983,33.06871, State-gov, Some-college, Married-civ-spouse, Protective-serv, Unmarried, White, Female, United-States, <=50K
36.78186,106499.66,12.2081785,1819.6375,-1.4328183,42.923008, Private, Assoc-voc, Married-civ-spouse, Sales, Husband, White, Male, United-States, <=50K
24.259562,138160.02,12.937104,-725.0866,-16.598764,53.592373, Private, Bachelors, Never-married, Adm-clerical, Not-in-family, White, Male, United-States, <=50K
42.83267,107386.055,11.8679495,-1788.4194,-12.206546,53.87567, Private, Assoc-voc, Married-civ-spouse, Exec-managerial, Wife, White, Female, United-States, >50K
36.548332,41922.547,9.373186,-3016.1086,1322.8485,27.0448, Private, HS-grad, Divorced, Tech-support, Husband, White, Male, United-States, >50K
41.405773,218528.25,10.241886,295.16418,-44.501553,33.99146, Local-gov, Assoc-voc, Separated, Protective-serv, Unmarried, White, Male, United-States, <=50K
41.1595,182958.17,10.729912,10125.725,5.767644,25.018934, Private, Assoc-voc, Married-civ-spouse, Other-service, Husband, White, Male, United-States, >50K
25.735153,320122.88,12.023026,-191.31195,-37.050114,46.200375, Private, Bachelors, Never-married, Sales, Other-relative, White, Male, United-States, >50K
50.034092,46910.953,12.187454,6030.241,-18.771639,41.92607, Local-gov, Bachelors, Married-civ-spouse, Prof-specialty, Husband, White, Male, United-States, >50K
39.021946,131447.6,12.869084,-249.85992,-29.219835,45.600304, Local-gov, Bachelors, Married-civ-spouse, Exec-managerial, Husband, White, Male, United-States, <=50K
43.19037,53187.297,16.146502,21212.152,-5.8574553,34.08047, Private, Bachelors, Married-civ-spouse, Prof-specialty, Wife, White, Female, United-States, >50K
65.95071,177049.83,10.379338,1287.1396,51.33751,25.167173, Federal-gov, Some-college, Married-spouse-absent, Farming-fishing, Not-in-family, White, Female, United-States, <=50K
21.340813,75404.71,10.184802,1895.3846,15.2753725,38.26836, Private, Some-college, Married-civ-spouse, Exec-managerial, Husband, White, Female, United-States, <=50K
38.08054,42880.375,9.670073,929.3021,-15.17773,54.107296, Federal-gov, HS-grad, Married-civ-spouse, Craft-repair, Husband, White, Male, United-States, >50K
56.33038,255446.44,9.405365,1599.6711,-20.532335,38.934784, State-gov, HS-grad, Divorced, Machine-op-inspct, Unmarried, White, Male, United-States, <=50K
48.48091,192585.58,5.658017,1616.148,18.651983,53.24657, State-gov, HS-grad, Married-civ-spouse, Protective-serv, Wife, White, Female, United-States, <=50K
56.59601,133875.17,9.014085,-182.75372,35.51606,35.02597, Private, HS-grad, Divorced, Other-service, Unmarried, White, Male, United-States, <=50K
59.586887,118074.34,10.0543375,4.105648,14.146604,49.645844, Private, Some-college, Divorced, Craft-repair, Unmarried, White, Male, United-States, >50K
40.88945,212047.67,10.809559,1141.2611,-53.213726,59.411133, Private, Assoc-voc, Married-civ-spouse, Tech-support, Husband, White, Male, United-States, <=50K
30.368114,174051.48,7.3962812,1018.59326,2.7637682,41.75516, Private, HS-grad, Married-civ-spouse, Other-service, Wife, White, Female, United-States, <=50K
18.817205,195730.14,9.1683855,508.89453,16.47492,38.49158, ?, HS-grad, Never-married, Protective-serv, Own-child, White, Male, United-States, <=50K
64.444786,275457.4,8.909178,716.30145,15.9515505,34.05372, Self-emp-inc, HS-grad, Married-civ-spouse, Farming-fishing, Husband, White, Male, United-States, <=50K
78.119415,346065.78,9.176693,2418.588,42.640324,39.69138, ?, HS-grad, Married-civ-spouse, ?, Husband, White, Male, United-States, >50K
30.710304,113966.41,12.890179,-351.53265,91.95477,51.093285, Private, Bachelors, Married-civ-spouse, Transport-moving, Husband, White, Male, United-States, <=50K
35.169888,84359.63,9.801554,-447.07635,-12.665652,53.53789, Self-emp-inc, HS-grad, Married-civ-spouse, Handlers-cleaners, Husband, White, Male, United-States, <=50K
30.644037,125735.36,10.011222,-1089.1047,-34.206196,40.435085, Local-gov, Some-college, Married-civ-spouse, Other-service, Wife, White, Female, United-States, >50K
36.00863,209696.8,7.9988933,2697.1155,2.3910265,23.256248, State-gov, HS-grad, Married-civ-spouse, Handlers-cleaners, Husband, White, Male, United-States, <=50K
45.54358,314172.5,8.041596,138.12836,4.6786165,41.716698, State-gov, HS-grad, Married-civ-spouse, Craft-repair, Husband, White, Male, United-States, <=50K
27.193216,98814.12,10.2234535,395.15692,-1.7565564,42.864838, State-gov, Some-college, Never-married, ?, Unmarried, White, Female, United-States, <=50K
37.53666,74819.45,12.051381,30176.023,-5.2372465,54.45603, Private, Bachelors, Married-civ-spouse, Tech-support, Unmarried, White, Male, United-States, >50K
38.03279,94080.016,10.517082,1994.5006,-28.085115,43.537365, Private, Assoc-voc, Married-civ-spouse, Farming-fishing, Husband, White, Male, United-States, <=50K
36.53111,307753.84,11.414268,-970.9721,43.623783,42.148884, Private, Assoc-voc, Divorced, Prof-specialty, Husband, White, Male, United-States, <=50K
19.060602,240582.73,10.572339,1033.1678,-2.0691633,39.073074, ?, Assoc-voc, Separated, ?, Own-child, White, Male, United-States, <=50K
35.555553,112245.86,11.466606,-2329.7415,-32.418713,44.45555, Private, Assoc-voc, Married-civ-spouse, Exec-managerial, Husband, White, Male, United-States, >50K
39.896008,20036.344,9.119691,413.6698,-14.607562,34.53102, ?, HS-grad, Divorced, Farming-fishing, Not-in-family, White, Female, United-States, <=50K
49.680927,175009.7,8.846724,162.55151,3.9443483,56.516228, State-gov, HS-grad, Married-civ-spouse, Protective-serv, Husband, White, Female, United-States, <=50K
39.652596,116291.98,8.470333,1344.7963,1275.5298,31.79897, ?, HS-grad, Married-civ-spouse, ?, Husband, White, Male, United-States, <=50K
26.425142,210951.08,9.220815,792.37665,-15.23569,36.4666, Private, HS-grad, Married-civ-spouse, Machine-op-inspct, Wife, White, Female, United-States, <=50K
49.28152,90088.016,10.159165,210.43768,29.770079,49.79395, Self-emp-not-inc, Assoc-voc, Married-spouse-absent, Sales, Not-in-family, White, Female, United-States, <=50K
34.17142,276194.34,10.236725,223.3255,-2.5212812,38.915283, Local-gov, Assoc-voc, Widowed, Other-service, Not-in-family, White, Female, United-States, <=50K
45.25899,215106.5,13.79456,1826.6241,1.1105396,64.81491, Private, Bachelors, Married-civ-spouse, Prof-specialty, Husband, White, Male, United-States, >50K
34.26116,28964.969,12.564354,686.54156,-8.453952,67.892075, Self-emp-not-inc, Bachelors, Divorced, Other-service, Not-in-family, White, Male, United-States, <=50K
40.675636,86887.0,12.054936,6297.7573,-13.81631,43.664875, Private, Bachelors, Married-civ-spouse, Tech-support, Husband, White, Male, United-States, >50K
37.08258,113776.63,10.009115,2275.0486,-35.444805,45.290142, Private, Some-college, Widowed, Tech-support, Unmarried, White, Female, United-States, <=50K
51.721043,300849.62,10.259654,136.39154,-15.611392,28.325115, Self-emp-not-inc, Assoc-voc, Divorced, Machine-op-inspct, Not-in-family, White, Male, United-States, <=50K
51.116226,120166.0,9.247209,526.7555,-15.65314,40.68003, Private, HS-grad, Married-civ-spouse, Transport-moving, Husband, White, Male, United-States, <=50K
25.845505,163316.03,12.968674,128.78894,-9.84415,30.00919, Self-emp-not-inc, Bachelors, Married-civ-spouse, Protective-serv, Own-child, White, Male, United-States, <=50K
39.86198,204028.98,13.121017,-1105.6289,325.5601,43.53354, Private, Bachelors, Divorced, Other-service, Unmarried, White, Male, United-States, <=50K
31.856258,62402.0,7.915927,145.60559,8.997571,45.082447, Private, HS-grad, Never-married, Craft-repair, Other-relative, White, Male, United-States, <=50K
39.141052,157190.05,3.7829428,449.2118,-16.0758,51.684162, Private, HS-grad, Widowed, Craft-repair, Unmarried, White, Male, United-States, <=50K
28.599154,267328.66,10.432267,693.60706,5.2230196,60.634476, ?, Assoc-voc, Married-civ-spouse, Protective-serv, Wife, White, Female, United-States, <=50K
28.163412,176132.2,15.112131,-472.81195,-11.807292,42.436745, Private, Bachelors, Never-married, Prof-specialty, Own-child, White, Male, United-States, >50K
31.507608,158714.25,6.047621,1231.5515,0.89178956,29.734838, Private, HS-grad, Married-spouse-absent, Tech-support, Not-in-family, White, Female, United-States, >50K
47.51063,89914.02,10.585641,601.8805,2.1233873,33.96179, Federal-gov, Assoc-voc, Divorced, Craft-repair, Not-in-family, White, Male, United-States, <=50K
34.005917,256143.77,11.144712,457.59473,-11.1087675,49.676857, Private, Assoc-voc, Divorced, Transport-moving, Unmarried, White, Male, United-States, >50K
54.290993,388395.28,9.1557455,926.0118,17.788778,54.08899, ?, HS-grad, Never-married, ?, Not-in-family, White, Male, United-States, <=50K
36.45501,235158.1,8.77377,526.03625,5.101468,55.12245, Private, HS-grad, Married-civ-spouse, Machine-op-inspct, Husband, White, Male, United-States, <=50K
17.287663,212439.5,11.248302,1944.4738,853.2973,39.228607, Private, Assoc-voc, Never-married, Tech-support, Own-child, White, Male, United-States, <=50K
35.388615,258790.55,11.343801,7177.9653,-36.005505,57.23122, Private, Assoc-voc, Married-civ-spouse, Prof-specialty, Husband, White, Male, United-States, >50K
50.443825,108562.64,12.560647,-303.22296,-15.458407,40.075165, Federal-gov, Bachelors, Married-civ-spouse, Prof-specialty, Husband, White, Male, United-States, >50K
17.141655,189760.0,9.059625,523.5185,-3.8058043,32.92695, Private, HS-grad, Never-married, Protective-serv, Not-in-family, White, Female, United-States, <=50K
54.785194,220626.9,11.104618,11758.86,12.280263,40.101597, Self-emp-inc, Assoc-voc, Married-civ-spouse, Tech-support, Husband, White, Male, United-States, >50K
36.643784,290839.4,7.847799,1128.4147,608.35706,36.59956, Private, HS-grad, Divorced, Sales, Unmarried, White, Female, United-States, <=50K
45.43655,154446.3,11.421559,-1295.9631,-40.182194,31.330254, Local-gov, Assoc-voc, Married-civ-spouse, Prof-specialty, Husband, White, Male, United-States, <=50K
38.604374,403838.38,11.003579,1040.961,864.33826,66.75622, Private, Assoc-voc, Never-married, Handlers-cleaners, Not-in-family, White, Male, United-States, <=50K
42.294025,189987.11,10.385197,1724.5659,83.046455,40.94133, Federal-gov, Some-college, Never-married, Other-service, Not-in-family, White, Female, United-States, <=50K
68.86898,134177.62,9.964858,8204.439,-45.794353,44.01085, Private, Some-college, Divorced, Craft-repair, Not-in-family, White, Male, United-States, >50K
49.111565,134553.03,9.77219,625.12225,45.66217,40.52018, Private, Some-college, Married-civ-spouse, Craft-repair, Husband, White, Male, United-States, <=50K
36.609566,247381.19,9.8683815,847.6664,-12.507487,40.918236, Local-gov, Some-college, Widowed, Adm-clerical, Not-in-family, White, Female, United-States, <=50K
33.51198,177543.88,12.557037,-1533.721,1323.0819,44.161766, Private, Bachelors, Divorced, Tech-support, Unmarried, White, Male, United-States, >50K
28.228672,251382.23,5.8544946,-2161.8367,27.893106,37.060402, Private, HS-grad, Never-married, Craft-repair, Not-in-family, White, Male, United-States, <=50K
63.969112,100796.9,4.1288867,1303.0295,4.6200304,36.099354, Private, HS-grad, Married-spouse-absent, Exec-managerial, Not-in-family, White, Female, United-States, <=50K
23.97087,191163.75,12.059486,381.83545,-25.45022,30.305635, Private, Bachelors, Never-married, Farming-fishing, Other-relative, White, Male, United-States, <=50K
16.259464,14211.267,10.036554,-1288.2095,212.04045,25.413725, Private, Some-college, Never-married, Other-service, Unmarried, White, Female, United-States, <=50K
28.362152,57627.453,14.776582,-507.4444,-33.341,62.212376, Local-gov, Bachelors, Never-married, Other-service, Other-relative, White, Male, United-States, >50K
25.070276,79039.664,10.767453,1072.6129,584.103,25.427723, Private, Assoc-voc, Never-married, Prof-specialty, Not-in-family, White, Female, United-States, <=50K
26.56469,84010.63,10.04309,265.44537,10.09969,41.117317, Private, Some-college, Never-married, Adm-clerical, Unmarried, White, Male, United-States, <=50K
47.589645,169335.06,10.398525,1816.146,-32.316334,48.43337, Self-emp-inc, Some-college, Married-civ-spouse, Craft-repair, Husband, White, Male, United-States, >50K
30.779978,155100.6,9.172763,-4475.175,303.74582,50.82823, Private, HS-grad, Married-civ-spouse, Craft-repair, Husband, White, Male, United-States, >50K
40.344975,195387.06,9.825358,1532.3801,-7.2908583,50.27864, Private, Some-college, Married-civ-spouse, Exec-managerial, Wife, White, Female, United-States, <=50K
49.36359,230212.14,7.0133047,2560.4136,20.027372,30.247278, Local-gov, HS-grad, Married-civ-spouse, Adm-clerical, Husband, White, Male, United-States, >50K
35.208042,121557.81,5.5527496,1096.5325,-25.901804,47.611427, Private, HS-grad, Married-civ-spouse, Transport-moving, Husband, White, Male, United-States, <=50K
55.966,321338.12,4.472598,455.3593,28.409624,30.123285, Private, HS-grad, Widowed, Adm-clerical, Unmarried, White, Male, United-States, <=50K
30.169918,250339.05,7.5887995,615.0122,10.753453,30.758005, Self-emp-not-inc, HS-grad, Never-married, Other-service, Unmarried, White, Male, United-States, <=50K
43.02796,202484.19,14.510119,1785.1554,2.238202,44.795444, Private, Bachelors, Married-civ-spouse, Adm-clerical, Husband, White, Male, United-States, <=50K
36.168835,102099.12,8.395587,855.93445,16.799513,29.115362, State-gov, HS-grad, Widowed, Farming-fishing, Unmarried, White, Male, United-States, <=50K
30.584679,43142.547,11.814513,-170.15985,-62.245586,23.42333, Private, Assoc-voc, Married-spouse-absent, Adm-clerical, Not-in-family, White, Male, United-States, <=50K
35.605274,116281.58,7.672889,315.91272,-21.181871,41.95535, Private, HS-grad, Married-spouse-absent, Protective-serv, Not-in-family, White, Male, United-States, <=50K
37.035187,145010.16,9.014514,816.69293,-3.7325315,52.492207, Private, HS-grad, Married-civ-spouse, Adm-clerical, Husband, White, Male, United-States, <=50K
51.337105,89533.51,13.241564,2037.6761,51.933533,50.461906, Local-gov, Bachelors, Widowed, Prof-specialty, Not-in-family, White, Female, United-States, >50K
35.03978,198583.14,13.011863,-1134.6353,1014.8698,45.777515, Private, Bachelors, Never-married, Craft-repair, Other-relative, White, Male, United-States, <=50K
30.148157,203865.75,6.01296,146.59406,20.449156,53.49009, Private, HS-grad, Divorced, Other-service, Unmarried, White, Female, United-States, <=50K
45.913536,257488.19,10.15314,834.0037,-3.1390486,56.255283, Local-gov, Some-college, Married-civ-spouse, Farming-fishing, Husband, White, Male, United-States, <=50K
30.866116,151895.27,10.123413,1747.6187,-12.366534,44.77948, Private, Some-college, Married-civ-spouse, Farming-fishing, Wife, White, Female, United-States, <=50K
47.6859,167213.55,11.060887,-558.3278,-8.828494,41.407948, Private, Assoc-voc, Married-civ-spouse, Farming-fishing, Husband, White, Female, United-States, <=50K
20.530155,313309.16,8.744383,-133.20844,17.175589,37.400894, Private, HS-grad, Never-married, Other-service, Own-child, White, Male, United-States, <=50K
32.692593,178267.97,13.01603,1002.5569,-7.763774,53.733795, Local-gov, Bachelors, Married-civ-spouse, Other-service, Husband, White, Male, United-States, <=50K
17.26602,80876.1,10.265795,-1483.8904,72.999916,44.62362, Private, Assoc-voc, Never-married, Exec-managerial, Unmarried, White, Male, United-States, >50K
23.48754,311850.03,6.29573,-410.26874,991.3419,47.362583, Private, HS-grad, Never-married, Craft-repair, Own-child, White, Male, United-States, <=50K
36.370975,253003.58,14.64907,-2036.5559,223.75163,48.76236, Private, Bachelors, Married-civ-spouse, Tech-support, Husband, White, Male, United-States, >50K
16.59166,219771.48,9.59785,1541.3201,17.113035,57.876663, Self-emp-not-inc, HS-grad, Married-civ-spouse, Farming-fishing, Own-child, White, Male, United-States, <=50K
62.19681,129688.87,2.6826258,1396.0907,12.742925,32.242466, ?, HS-grad, Married-civ-spouse, Adm-clerical, Husband, White, Male, United-States, <=50K
36.35234,248144.58,12.3718195,-40.77448,936.0421,45.899296, Local-gov, Bachelors, Separated, Other-service, Unmarried, White, Male, United-States, <=50K
20.882183,225376.83,6.0869546,1389.741,-19.847597,39.956833, State-gov, HS-grad, Never-married, Machine-op-inspct, Unmarried, White, Female, United-States, <=50K
29.810474,105756.63,10.161806,107.47625,-37.14799,30.83292, Private, Some-college, Never-married, Farming-fishing, Own-child, White, Female, United-States, <=50K
47.973377,137016.75,9.304648,-310.27924,-2.0019407,54.220043, Self-emp-inc, HS-grad, Divorced, Farming-fishing, Husband, White, Male, United-States, <=50K
30.716305,44453.656,6.9766393,2650.1782,-41.02934,38.370327, State-gov, HS-grad, Divorced, Exec-managerial, Unmarried, White, Female, United-States, <=50K
30.385567,90822.69,9.126844,270.2182,27.193205,53.076504, Local-gov, HS-grad, Never-married, Other-service, Not-in-family, White, Female, United-States, <=50K
61.22435,234341.2,9.877483,378.57745,-16.005632,35.647587, Federal-gov, HS-grad, Married-spouse-absent, Other-service, Not-in-family, White, Female, United-States, <=50K
38.511063,135111.77,6.0283246,99.908195,-1.598483,56.384712, Private, HS-grad, Never-married, Craft-repair, Not-in-family, White, Male, United-States, <=50K
48.539894,108842.67,14.59344,-237.58466,4.9679613,46.271023, Local-gov, Bachelors, Divorced, Other-service, Not-in-family, White, Female, United-States, >50K
30.257053,345964.66,12.71038,114.240776,-2.461749,37.725876, Private, Bachelors, Divorced, Tech-support, Unmarried, White, Male, United-States, >50K
17.993423,102891.55,10.284661,301.67664,23.686255,36.811584, Self-emp-not-inc, Some-college, Never-married, Farming-fishing, Own-child, White, Male, United-States, <=50K
32.973305,193480.42,5.882934,1060.5931,-6.6359587,40.201294, State-gov, HS-grad, Married-civ-spouse, Farming-fishing, Husband, White, Male, United-States, <=50K
27.396387,116231.99,11.428511,743.8223,-19.79841,60.349213, Private, Assoc-voc, Married-spouse-absent, Farming-fishing, Unmarried, White, Male, United-States, <=50K
63.04814,75080.31,10.177784,1852.4458,-30.529558,19.28334, Local-gov, Assoc-voc, Divorced, Machine-op-inspct, Not-in-family, White, Female, United-States, <=50K
69.714516,231456.45,12.201739,2425.739,30.885733,28.929127, ?, Bachelors, Married-civ-spouse, Machine-op-inspct, Husband, White, Male, United-States, <=50K
37.28957,169296.4,9.58452,194.16663,-22.784594,38.29831, State-gov, HS-grad, Married-civ-spouse, Other-service, Husband, White, Male, United-States, <=50K
35.00872,418310.44,14.267045,-462.15936,32.72657,42.80391, Private, Bachelors, Never-married, Exec-managerial, Unmarried, White, Female, United-States, <=50K
22.10133,235207.47,10.501935,220.70367,28.457079,34.837715, Self-emp-inc, Assoc-voc, Married-civ-spouse, Adm-clerical, Wife, White, Female, United-States, <=50K
37.744564,290179.16,14.109365,-129.56232,-26.972528,57.056538, Private, Bachelors, Never-married, Craft-repair, Not-in-family, White, Male, United-States, <=50K
19.996458,147975.38,9.584457,20.766293,-12.139697,39.40989, State-gov, HS-grad, Never-married, Exec-managerial, Not-in-family, White, Female, United-States, <=50K
51.654858,142231.27,13.670636,-344.82562,-7.5332212,35.24748, Self-emp-not-inc, Bachelors, Married-civ-spouse, Protective-serv, Husband, White, Male, United-States, <=50K
22.317423,86968.33,9.14313,2916.4727,36.400776,38.45671, Private, HS-grad, Never-married, Farming-fishing, Own-child, White, Female, United-States, >50K
61.72982,181232.17,13.83578,-1218.4795,846.6293,50.298378, Private, Bachelors, Married-civ-spouse, Sales, Husband, White, Male, United-States, <=50K
31.376917,21362.266,10.007556,1078.7084,48.059696,37.76418, Private, Some-college, Separated, Adm-clerical, Unmarried, White, Female, United-States, <=50K
49.827656,198980.94,5.7375464,-189.76825,178.41368,33.268, Private, HS-grad, Married-civ-spouse, Machine-op-inspct, Husband, White, Male, United-States, <=50K
22.041069,169649.05,10.130529,-1063.8462,47.304527,38.419945, Private, Assoc-voc, Never-married, Adm-clerical, Other-relative, White, Male, United-States, <=50K
31.162107,127250.47,9.812098,-891.8748,-1.0082806,49.927753, Private, Some-college, Married-civ-spouse, Other-service, Wife, White, Female, United-States, <=50K
43.434616,167652.1,9.506625,261.5202,-37.90893,60.86733, Local-gov, HS-grad, Married-civ-spouse, Exec-managerial, Husband, White, Male, United-States, <=50K
37.96473,202168.25,7.5824146,1063.5455,-22.689272,58.928368, Private, HS-grad, Never-married, Craft-repair, Unmarried, White, Male, United-States, <=50K
24.5816,134775.95,10.458775,1165.1481,-24.12411,43.200966, Self-emp-not-inc, Some-college, Married-spouse-absent, Craft-repair, Not-in-family, White, Male, United-States, <=50K
57.39283,208442.25,9.824514,-222.87897,1335.3054,57.10221, Self-emp-inc, HS-grad, Divorced, Transport-moving, Unmarried, White, Male, United-States, <=50K
39.72304,268212.44,11.043357,-569.7144,-11.711055,57.100983, Private, Assoc-voc, Married-civ-spouse, Craft-repair, Husband, White, Male, United-States, >50K
33.113686,135918.47,8.288359,-13.305729,26.234285,26.341028, Private, HS-grad, Divorced, Craft-repair, Unmarried, White, Male, United-States, <=50K
23.899431,178985.1,10.111925,-1000.4926,262.9691,30.88039, Private, Some-college, Separated, Craft-repair, Own-child, White, Female, United-States, <=50K
36.56524,367944.3,9.273541,400.747,30.870977,54.06462, Private, Some-college, Never-married, Sales, Not-in-family, White, Female, United-States, <=50K
34.78399,313912.47,10.3168955,886.6752,-17.671762,24.101854, Private, HS-grad, Never-married, Transport-moving, Not-in-family, White, Male, United-States, <=50K
28.773382,197192.58,12.732338,81.44329,13.882367,38.127224, Local-gov, Bachelors, Never-married, Adm-clerical, Not-in-family, White, Female, United-States, <=50K
51.073513,249772.67,11.819441,-1293.8503,164.59088,50.98805, Private, Bachelors, Married-civ-spouse, Prof-specialty, Husband, White, Male, United-States, >50K
31.439594,51860.08,10.090635,-41.039616,-28.087076,38.84763, Private, Assoc-voc, Divorced, Farming-fishing, Not-in-family, White, Female, United-States, <=50K
19.419231,323788.38,9.803349,-72.249825,-7.779315,50.653072, Federal-gov, HS-grad, Separated, Handlers-cleaners, Unmarried, White, Male, United-States, <=50K
30.693993,525635.1,18.027586,1793.7993,-6.9023542,53.124126, Local-gov, Bachelors, Divorced, Exec-managerial, Not-in-family, White, Female, United-States, >50K
18.694593,211680.48,8.325803,-51.081852,103.324524,36.277527, State-gov, HS-grad, Never-married, Exec-managerial, Other-relative, White, Male, United-States, <=50K
23.036728,204355.77,9.461867,1220.5105,-27.432947,41.97396, Self-emp-inc, HS-grad, Married-civ-spouse, Exec-managerial, Wife, White, Female, United-States, <=50K
33.6896,63570.625,9.024692,5687.4087,-14.56557,52.601772, Private, HS-grad, Divorced, Craft-repair, Unmarried, White, Male, United-States, >50K
30.79785,135790.62,11.58527,157.2594,13.3630495,55.649574, ?, Assoc-voc, Married-spouse-absent, Farming-fishing, Not-in-family, White, Female, United-States, <=50K
24.28422,177153.73,7.2220764,704.4716,-26.754183,42.341858, Private, HS-grad, Married-spouse-absent, Sales, Not-in-family, White, Female, United-States, <=50K
33.89031,195514.5,9.43658,189.54443,-8.493808,56.975, Private, HS-grad, Married-civ-spouse, Farming-fishing, Husband, White, Male, United-States, <=50K
47.976955,295790.62,9.6773205,-1796.4058,-53.40495,43.050934, Private, HS-grad, Married-civ-spouse, Tech-support, Wife, White, Female, United-States, >50K
31.42173,251275.0,13.719566,913.0602,-29.7978,61.411808, Federal-gov, Bachelors, Divorced, Tech-support, Not-in-family, White, Male, United-States, <=50K
29.78213,217209.98,9.182601,1322.1093,-21.635927,50.873314, Private, HS-grad, Married-civ-spouse, Transport-moving, Husband, White, Male, United-States, >50K
36.8216,143902.8,7.5237513,1074.1536,-11.250339,43.924797, Private, HS-grad, Widowed, Other-service, Not-in-family, White, Female, United-States, <=50K
36.41308,78911.23,10.520219,469.32477,-18.607363,53.070847, Local-gov, Some-college, Married-civ-spouse, Prof-specialty, Wife, White, Female, United-States, <=50K
23.391785,129407.4,7.250146,2781.9548,-8.488894,55.278297, Federal-gov, HS-grad, Married-civ-spouse, Sales, Own-child, White, Male, United-States, <=50K
31.797127,140470.56,6.286814,803.13544,-17.08584,52.068096, Self-emp-inc, HS-grad, Divorced, Sales, Not-in-family, White, Male, United-States, <=50K
28.695738,38167.984,10.665378,-196.7392,79.8885,57.802277, Private, Assoc-voc, Never-married, Exec-managerial, Unmarried, White, Male, United-States, >50K
32.327667,302358.66,10.027875,737.4425,10.108296,38.40579, Self-emp-not-inc, Some-college, Married-spouse-absent, Craft-repair, Not-in-family, White, Male, United-States, <=50K
46.367474,278859.22,16.502289,-2122.3977,949.3713,52.64164, Private, Bachelors, Married-civ-spouse, Tech-support, Unmarried, White, Male, United-States, >50K
41.770466,400089.16,11.435596,330.5479,521.58325,31.366879, Private, Assoc-voc, Married-civ-spouse, Adm-clerical, Husband, White, Male, United-States, <=50K
32.21091,205559.56,9.618718,444.76733,-30.38421,60.721203, Self-emp-inc, HS-grad, Married-civ-spouse, Farming-fishing, Husband, White, Male, United-States, >50K
17.455008,82342.62,7.442882,203.83179,-40.876766,52.59605, Private, HS-grad, Married-civ-spouse, Exec-managerial, Husband, White, Male, United-States, <=50K
39.068707,113505.96,10.665722,341.96027,7.0227633,28.410967, Federal-gov, Assoc-voc, Widowed, Sales, Not-in-family, White, Male, United-States, <=50K
48.269924,191521.16,10.052047,1358.0396,-42.183544,26.958687, State-gov, Some-college, Never-married, Other-service, Not-in-family, White, Female, United-States, <=50K
28.54967,147149.14,12.462089,953.9021,25.646109,34.15574, Private, Bachelors, Never-married, Other-service, Not-in-family, White, Male, United-States, <=50K
34.63956,385629.5,9.965342,767.2664,-11.5442915,40.086735, Private, Some-college, Married-civ-spouse, Craft-repair, Husband, White, Male, United-States, >50K
21.33264,355268.12,11.456114,408.16168,-4.9384184,34.039703, Private, Assoc-voc, Never-married, Adm-clerical, Not-in-family, White, Male, United-States, <=50K
26.226715,378951.9,9.828756,-288.79474,283.14255,38.36488, Private, Assoc-voc, Divorced, Machine-op-inspct, Not-in-family, White, Female, United-States, <=50K
45.87702,166039.05,7.8551292,202.5841,-30.970232,38.399414, Local-gov, HS-grad, Divorced, Exec-managerial, Not-in-family, White, Female, United-States, >50K
27.505245,99833.92,7.6403127,757.83563,-31.31219,31.76733, Private, HS-grad, Never-married, Handlers-cleaners, Unmarried, White, Male, United-States, <=50K
54.039635,334939.25,8.876862,301.61035,-46.42262,39.233967, Private, HS-grad, Divorced, Tech-support, Not-in-family, White, Female, United-States, >50K
40.911995,145536.67,15.634043,704.1322,-8.234508,52.103794, Private, Bachelors, Married-civ-spouse, Other-service, Unmarried, White, Male, United-States, >50K
23.125763,197392.23,9.853254,-178.66815,984.2622,28.391497, Local-gov, Some-college, Married-spouse-absent, Protective-serv, Not-in-family, White, Female, United-States, <=50K
27.496496,65486.883,9.138983,325.5329,2.9851274,34.899334, Self-emp-inc, HS-grad, Separated, Sales, Unmarried, White, Female, United-States, <=50K
25.471596,159838.94,5.6940594,22.753963,6.441922,46.458164, Private, HS-grad, Married-spouse-absent, Sales, Unmarried, White, Female, United-States, <=50K
25.627323,91422.72,13.854175,866.9439,-33.859013,47.550255, Local-gov, Bachelors, Never-married, Exec-managerial, Unmarried, White, Female, United-States, <=50K
26.780752,105031.414,9.7275095,-40.539127,-12.237903,19.90075, Local-gov, HS-grad, Married-spouse-absent, Machine-op-inspct, Unmarried, White, Female, United-States, <=50K
32.03538,218477.64,12.274452,429.93976,-19.279436,43.608364, Self-emp-not-inc, Bachelors, Married-spouse-absent, Craft-repair, Not-in-family, White, Male, United-States, <=50K
34.032127,194169.6,5.258534,3092.538,262.38132,39.582184, Private, HS-grad, Never-married, Sales, Unmarried, White, Female, United-States, <=50K
26.209106,249789.67,6.9575496,-110.77424,289.4855,24.801418, Private, HS-grad, Married-civ-spouse, Adm-clerical, Own-child, White, Male, United-States, <=50K
56.777836,208934.58,9.24119,-1321.689,420.56018,47.054554, State-gov, HS-grad, Divorced, Farming-fishing, Wife, White, Female, United-States, <=50K
66.220634,144439.92,9.46819,3720.518,-42.790524,48.33354, Private, HS-grad, Married-civ-spouse, Craft-repair, Husband, White, Male, United-States, <=50K
16.488008,232443.23,7.5050898,598.1372,-4.138812,53.505795, Private, HS-grad, Never-married, Handlers-cleaners, Other-relative, White, Male, United-States, <=50K
32.47497,64360.094,10.199469,-614.5389,-0.5181607,44.135273, Local-gov, Assoc-voc, Divorced, Other-service, Not-in-family, White, Male, United-States, <=50K
45.530014,95902.15,8.868169,1304.8926,26.53411,38.471153, Local-gov, HS-grad, Widowed, ?, Not-in-family, White, Female, United-States, <=50K
67.34542,194973.84,5.846238,129.6607,3.7622194,17.531141, Private, HS-grad, Married-spouse-absent, Sales, Not-in-family, White, Female, United-States, <=50K
48.742588,396478.88,9.426293,8763.757,28.147219,39.463417, Private, HS-grad, Married-civ-spouse, Craft-repair, Husband, White, Male, United-States, >50K
46.600204,200992.78,9.486937,544.7081,-46.165173,43.01842, Self-emp-inc, HS-grad, Married-civ-spouse, Craft-repair, Unmarried, White, Male, United-States, >50K
36.067944,201311.64,9.822312,1149.9354,-15.803813,38.879185, Private, Some-college, Never-married, Adm-clerical, Not-in-family, White, Female, United-States, <=50K
41.12182,33558.08,11.115717,3443.713,12.89446,15.4941635, Federal-gov, Assoc-voc, Married-civ-spouse, Tech-support, Husband, White, Male, United-States, >50K
28.364548,207237.83,10.13759,810.98145,14.090093,31.006382, Federal-gov, HS-grad, Married-civ-spouse, Sales, Own-child, White, Male, United-States, <=50K
35.104057,161517.9,3.363419,1230.0123,38.77549,62.58943, Local-gov, HS-grad, Separated, Farming-fishing, Unmarried, White, Female, United-States, <=50K
41.929314,165812.31,6.175584,864.51825,2.475377,58.164608, Self-emp-not-inc, HS-grad, Divorced, Craft-repair, Not-in-family, White, Male, United-States, <=50K
31.275284,108071.81,10.767427,136.44977,-18.549822,38.830627, Local-gov, Assoc-voc, Never-married, Other-service, Unmarried, White, Male, United-States, <=50K
42.25214,153932.89,9.811826,3579.1013,-32.827732,33.991024, Private, Some-college, Married-civ-spouse, Exec-managerial, Wife, White, Female, United-States, >50K
28.192932,101559.69,11.096328,5187.267,6.0293474,37.871765, Self-emp-not-inc, Assoc-voc, Never-married, Exec-managerial, Unmarried, White, Male, United-States, >50K
34.645187,217816.27,10.847313,722.15485,3.034978,19.203484, Federal-gov, Assoc-voc, Married-civ-spouse, Adm-clerical, Wife, White, Female, United-States, <=50K
44.88593,411271.3,12.312047,857.2418,-53.309246,55.114807, Private, Bachelors, Never-married, Other-service, Not-in-family, White, Male, United-States, <=50K
56.07415,96020.34,11.780613,1999.4036,-13.679011,38.443775, Local-gov, Assoc-voc, Married-civ-spouse, Protective-serv, Wife, White, Female, United-States, <=50K
39.50578,238127.86,12.194804,1682.6764,-43.44749,30.603012, Private, Bachelors, Divorced, Exec-managerial, Not-in-family, White, Female, United-States, <=50K
37.594414,307875.16,10.149916,3894.2078,18.259535,58.429703, Self-emp-inc, Some-college, Married-civ-spouse, Other-service, Husband, White, Male, United-States, <=50K
20.469221,216457.67,9.514415,-454.8078,116.52965,47.491467, Private, Some-college, Never-married, Adm-clerical, Unmarried, White, Female, United-States, <=50K
25.04331,132391.89,11.783303,1780.6028,-44.906826,57.857918, State-gov, Bachelors, Married-civ-spouse, Protective-serv, Own-child, White, Male, United-States, <=50K
43.39344,169409.67,15.10253,3420.294,-8.172832,62.857365, Private, Bachelors, Never-married, Prof-specialty, Not-in-family, White, Female, United-States, >50K
42.2216,82200.93,10.45142,7122.287,-23.024393,57.1213, Local-gov, Assoc-voc, Married-civ-spouse, Exec-managerial, Husband, White, Female, United-States, >50K
23.89456,118035.48,10.022117,991.36395,-15.44263,26.89997, Private, Some-college, Married-civ-spouse, Sales, Own-child, White, Female, United-States, <=50K
59.309715,146948.98,10.240253,3004.9248,15.264325,34.168003, Self-emp-inc, Some-college, Married-civ-spouse, Farming-fishing, Husband, White, Male, United-States, <=50K
23.88525,117278.21,8.293874,244.26117,50.45813,26.03645, Self-emp-not-inc, HS-grad, Never-married, Sales, Unmarried, White, Female, United-States, <=50K
51.032825,337532.7,9.985654,2343.95,-11.057033,63.73573, Self-emp-inc, Some-college, Married-civ-spouse, Sales, Husband, White, Male, United-States, <=50K
37.67965,377114.78,6.456118,1161.531,-9.276103,12.724005, State-gov, HS-grad, Never-married, Sales, Unmarried, White, Female, United-States, <=50K
32.875687,105282.83,5.2314014,618.48444,-26.372957,58.832073, Private, HS-grad, Married-spouse-absent, Craft-repair, Unmarried, White, Male, United-States, <=50K
68.076645,96651.125,11.122551,414.5448,0.21371184,35.306236, Federal-gov, Assoc-voc, Widowed, Protective-serv, Unmarried, White, Male, United-States, <=50K
47.014465,299019.34,9.764986,479.80084,44.383884,56.57201, Private, Some-college, Widowed, Handlers-cleaners, Unmarried, White, Male, United-States, <=50K
53.76485,81530.69,4.742999,5746.141,-54.3206,48.454243, Private, HS-grad, Married-civ-spouse, Craft-repair, Husband, White, Male, United-States, <=50K
50.365135,214279.56,9.715527,1502.2831,506.19797,47.008736, Self-emp-inc, HS-grad, Divorced, Tech-support, Husband, White, Male, United-States, <=50K
46.06433,311078.7,10.089743,120.259575,18.9896,49.95186, State-gov, Some-college, Divorced, Adm-clerical, Unmarried, White, Male, United-States, <=50K
24.422617,235180.05,12.370074,388.5932,0.20557891,38.80954, Self-emp-inc, Bachelors, Divorced, Craft-repair, Not-in-family, White, Male, United-States, <=50K
28.213411,113413.99,8.977005,540.30536,-5.8282423,39.648373, Federal-gov, HS-grad, Never-married, Tech-support, Unmarried, White, Male, United-States, >50K
63.06564,119394.24,13.770233,-927.78107,-28.73253,31.394783, Private, Bachelors, Married-civ-spouse, Other-service, Husband, White, Male, United-States, >50K
84.51828,157460.25,9.497781,4139.4087,-5.9307814,36.10937, Private, HS-grad, Married-civ-spouse, Craft-repair, Husband, White, Male, United-States, >50K
23.807884,104495.41,10.16729,207.72046,10.133611,21.021366, Private, Some-college, Married-civ-spouse, Farming-fishing, Own-child, White, Male, United-States, <=50K
49.818348,148312.14,12.360165,232.21753,-1.1535977,56.331535, Self-emp-not-inc, Bachelors, Married-civ-spouse, Protective-serv, Husband, White, Male, United-States, <=50K
50.917175,164063.36,10.538822,354.24915,9.096387,34.620216, Federal-gov, Assoc-voc, Married-spouse-absent, Other-service, Not-in-family, White, Male, United-States, <=50K
27.05789,187944.55,10.624137,138.76874,278.53833,57.520298, Private, Assoc-voc, Married-spouse-absent, Machine-op-inspct, Not-in-family, White, Male, United-States, <=50K
39.428104,123798.92,9.321619,2512.9736,513.93445,47.216305, Private, HS-grad, Divorced, Craft-repair, Unmarried, White, Male, United-States, <=50K
63.777767,183342.17,8.255626,1871.9299,1860.5823,46.826942, Private, HS-grad, Married-civ-spouse, Sales, Husband, White, Male, United-States, >50K
36.860836,150764.72,13.2946825,67005.82,275.89902,38.2912, Private, Bachelors, Married-civ-spouse, Prof-specialty, Wife, White, Female, United-States, >50K
22.445377,324034.47,9.908929,2184.8706,0.1669055,37.354664, Private, Some-college, Married-civ-spouse, Farming-fishing, Wife, White, Female, United-States, <=50K
51.358135,195120.28,1.5165672,57.534298,33.704098,66.26344, State-gov, HS-grad, Married-civ-spouse, Machine-op-inspct, Husband, White, Female, United-States, <=50K
44.962193,151784.64,9.764466,161.40924,20.055387,41.655525, State-gov, Some-college, Married-spouse-absent, Sales, Not-in-family, White, Male, United-States, <=50K
34.364433,76796.15,10.528763,4339.457,16.58248,59.91393, Local-gov, Assoc-voc, Separated, Exec-managerial, Unmarried, White, Male, United-States, >50K
33.150417,295232.25,13.185439,260.10803,-22.355707,53.513016, Private, Bachelors, Never-married, Prof-specialty, Not-in-family, White, Male, United-States, <=50K
59.480644,76000.85,12.830267,-610.0699,-1.0260495,34.521393, Private, Bachelors, Married-civ-spouse, Exec-managerial, Wife, White, Female, United-States, >50K
39.71975,138310.53,11.979931,730.4619,5.21227,28.503414, Private, Bachelors, Married-civ-spouse, Prof-specialty, Husband, White, Male, United-States, <=50K
44.280354,273515.47,10.8669195,-21.217106,-8.592166,36.810627, Local-gov, Assoc-voc, Married-civ-spouse, Protective-serv, Husband, White, Male, United-States, <=50K
14.205924,131928.48,9.472631,937.1401,-22.161943,29.182526, State-gov, HS-grad, Never-married, Farming-fishing, Other-relative, White, Male, United-States, <=50K
36.13052,276404.6,3.8792424,577.77954,-16.411013,51.029385, Private, HS-grad, Separated, Other-service, Unmarried, White, Male, United-States, <=50K
26.49323,150904.86,12.490472,1311.6727,13.5435915,25.234257, Self-emp-not-inc, Bachelors, Married-spouse-absent, ?, Not-in-family, White, Female, United-States, <=50K
15.365346,208724.27,10.062322,690.7218,14.494626,29.566196, Private, Some-college, Never-married, Adm-clerical, Own-child, White, Female, United-States, <=50K
56.383858,127331.42,12.279645,41293.46,14.734998,36.33939, Federal-gov, Bachelors, Married-civ-spouse, Farming-fishing, Husband, White, Male, United-States, >50K
48.076992,164248.1,11.064234,15014.563,-3.5204268,34.257107, Private, Assoc-voc, Divorced, Prof-specialty, Unmarried, White, Male, United-States, >50K
27.631231,75153.7,10.031061,1240.2642,-17.681398,34.041122, Federal-gov, Some-college, Married-spouse-absent, Tech-support, Not-in-family, White, Male, United-States, <=50K
30.332417,111382.41,9.133214,20.91644,263.433,39.258484, State-gov, HS-grad, Married-civ-spouse, Farming-fishing, Husband, White, Male, United-States, <=50K
23.781424,170928.86,10.273401,1961.9698,-38.912373,43.290092, State-gov, Some-college, Married-civ-spouse, Farming-fishing, Husband, White, Male, United-States, <=50K
41.408707,135071.1,4.120666,-186.42975,33.997166,65.38769, Self-emp-inc, HS-grad, Married-civ-spouse, Farming-fishing, Husband, White, Male, United-States, <=50K
36.603954,-19582.625,12.182215,22986.027,-18.2408,49.353683, Private, Bachelors, Married-civ-spouse, Tech-support, Husband, White, Male, United-States, >50K
42.471813,176704.27,3.86872,916.76154,7.1628084,40.760044, Private, HS-grad, Separated, Transport-moving, Own-child, White, Male, United-States, <=50K
29.690268,173541.48,9.034266,130.72742,71.09388,49.181217, Private, HS-grad, Never-married, Craft-repair, Unmarried, White, Male, United-States, <=50K
30.750517,285526.6,11.937942,306.18372,-37.715687,67.72722, Local-gov, Bachelors, Never-married, Prof-specialty, Unmarried, White, Male, United-States, >50K
20.75086,87933.555,10.732142,-309.6302,139.21179,28.155443, Private, Assoc-voc, Married-spouse-absent, Machine-op-inspct, Not-in-family, White, Female, United-States, <=50K
28.476686,267560.38,11.733664,341.21875,-5.957179,48.058777, State-gov, Bachelors, Never-married, Machine-op-inspct, Not-in-family, White, Female, United-States, <=50K
54.566822,354507.2,10.210532,2474.283,-12.804965,35.389908, Self-emp-inc, Some-college, Married-civ-spouse, Adm-clerical, Husband, White, Male, United-States, <=50K
42.564392,346122.72,10.787473,-524.1585,-26.747316,54.730164, Local-gov, Assoc-voc, Married-spouse-absent, Prof-specialty, Not-in-family, White, Female, United-States, >50K
26.404781,291217.78,9.206557,-771.9301,503.958,38.832043, Private, HS-grad, Married-spouse-absent, Sales, Not-in-family, White, Male, United-States, <=50K
29.25835,105055.15,11.801313,-267.69244,32.54807,35.217175, Private, Assoc-voc, Married-spouse-absent, Tech-support, Unmarried, White, Female, United-States, <=50K
23.94088,112858.29,10.384203,-100.02668,-16.054903,30.660576, Private, Assoc-voc, Never-married, Sales, Not-in-family, White, Male, United-States, <=50K
16.469893,181630.33,11.3385315,2772.3323,127.298996,35.30052, Private, Assoc-voc, Separated, Sales, Unmarried, White, Male, United-States, <=50K
16.53144,168067.05,13.10464,-91.80024,50.764805,39.975002, Private, Bachelors, Never-married, Exec-managerial, Not-in-family, White, Male, United-States, <=50K
71.87339,359915.2,4.351257,1194.6774,-21.257067,62.413483, State-gov, HS-grad, Married-civ-spouse, Transport-moving, Husband, White, Male, United-States, <=50K
40.956913,54231.64,9.536295,36.725704,126.188126,26.74682, Private, Some-college, Never-married, Farming-fishing, Not-in-family, White, Female, United-States, <=50K
79.19233,185450.0,9.214188,5402.5903,14.184621,31.18416, Self-emp-inc, HS-grad, Married-civ-spouse, Exec-managerial, Husband, White, Male, United-States, >50K
48.238155,272166.06,14.882794,-4292.3496,1136.207,30.423298, Private, Bachelors, Married-civ-spouse, Other-service, Wife, White, Female, United-States, <=50K
54.227264,66865.414,11.149029,1661.9396,13.117276,34.311882, Local-gov, Assoc-voc, Married-civ-spouse, Adm-clerical, Wife, White, Female, United-States, <=50K
27.174524,184214.27,9.392253,-34.03278,-7.996272,43.863396, Private, HS-grad, Never-married, Adm-clerical, Unmarried, White, Female, United-States, <=50K
37.031933,197286.28,9.225058,-892.4111,61.114956,36.103283, Self-emp-inc, HS-grad, Divorced, Sales, Not-in-family, White, Male, United-States, <=50K
28.405731,216763.78,12.057613,316.05048,-24.769518,34.634003, Local-gov, Bachelors, Divorced, Other-service, Not-in-family, White, Female, United-States, <=50K
40.161613,238703.72,9.7024145,-339.65582,-14.506015,49.10051, Private, Assoc-voc, Married-civ-spouse, Exec-managerial, Husband, White, Female, United-States, <=50K
15.2416525,282101.25,10.108195,-387.5135,89.49943,52.574993, Private, Some-college, Never-married, Craft-repair, Own-child, White, Male, United-States, <=50K
40.636425,61681.734,10.811599,-1684.0857,-0.8367795,54.343414, Self-emp-not-inc, Assoc-voc, Married-civ-spouse, ?, Wife, White, Female, United-States, >50K
37.817017,300331.0,11.290192,-2822.586,391.8053,43.780987, Private, Assoc-voc, Married-civ-spouse, Sales, Wife, White, Female, United-States, <=50K
27.162498,120503.484,6.3973975,-3135.1458,889.9519,45.68886, Private, HS-grad, Married-civ-spouse, Craft-repair, Husband, White, Male, United-States, >50K
51.326336,141648.42,14.550655,-3264.863,-18.19446,39.566196, Private, Bachelors, Married-spouse-absent, Sales, Not-in-family, White, Male, United-States, >50K
33.69564,143829.25,9.262239,-181.88837,-8.765193,49.120804, Private, HS-grad, Married-civ-spouse, Craft-repair, Husband, White, Male, United-States, <=50K
19.324265,201642.14,8.387213,512.5133,-9.356746,41.865536, ?, HS-grad, Never-married, ?, Unmarried, White, Female, United-States, <=50K
40.57757,333666.3,14.385587,10090.063,-15.365619,51.63526, Private, Bachelors, Married-civ-spouse, Transport-moving, Husband, White, Male, United-States, >50K
38.391987,114392.914,10.708123,81.284355,-38.744854,38.969852, Local-gov, Assoc-voc, Married-spouse-absent, Exec-managerial, Not-in-family, White, Female, United-States, <=50K
22.524624,314681.06,11.04487,291.1667,1.7655689,26.009275, Private, Assoc-voc, Never-married, Sales, Own-child, White, Female, United-States, <=50K
34.948925,129773.49,9.533418,-882.0336,-10.221438,48.38503, Local-gov, HS-grad, Married-civ-spouse, Other-service, Wife, White, Female, United-States, >50K
25.605757,247510.94,8.90597,2192.4087,31.670374,44.210415, Private, HS-grad, Married-civ-spouse, Sales, Own-child, White, Male, United-States, >50K
45.461723,86351.89,13.777307,625.2696,8.389981,49.960556, Private, Bachelors, Married-civ-spouse, Prof-specialty, Husband, White, Male, United-States, <=50K
27.437223,107861.45,10.8239765,156.07843,3.6440096,46.061226, Federal-gov, Assoc-voc, Never-married, Other-service, Own-child, White, Female, United-States, <=50K
63.725986,141453.52,10.624988,675.6878,29.710947,43.498314, Self-emp-not-inc, Assoc-voc, Married-civ-spouse, Sales, Husband, White, Male, United-States, <=50K
30.390713,76086.58,7.271798,-53.17487,-5.368884,49.237137, Private, HS-grad, Divorced, Other-service, Not-in-family, White, Female, United-States, <=50K
45.300655,253176.06,10.633539,1915.2612,-43.531887,51.139423, Self-emp-inc, Assoc-voc, Married-civ-spouse, Farming-fishing, Husband, White, Male, United-States, <=50K
20.746407,187264.17,12.497751,-1013.45404,1225.7974,23.67896, Private, Bachelors, Never-married, Other-service, Own-child, White, Male, United-States, <=50K
37.03428,205500.84,7.6575055,329.41827,-18.578188,34.61537, Private, HS-grad, Married-civ-spouse, Craft-repair, Husband, White, Male, United-States, <=50K
22.768974,162030.12,3.1782742,445.32965,34.70793,33.043518, Local-gov, HS-grad, Never-married, Other-service, Unmarried, White, Male, United-States, <=50K
16.620699,107411.44,10.19574,-78.282295,-0.21243562,34.482807, Private, Some-college, Never-married, Adm-clerical, Own-child, White, Female, United-States, <=50K
28.505625,354490.25,9.871626,1090.2719,-3.2609205,27.999418, Private, Some-college, Separated, Protective-serv, Unmarried, White, Female, United-States, <=50K
13.879691,126175.18,10.75902,-9.928043,295.1688,41.778004, Private, Assoc-voc, Never-married, Farming-fishing, Other-relative, White, Male, United-States, <=50K
19.427208,267025.8,13.168838,1729.4298,20.81352,40.59743, Private, Bachelors, Married-civ-spouse, Tech-support, Husband, White, Male, United-States, >50K
43.530968,191833.17,7.802471,-471.3344,21.242056,74.99957, Private, HS-grad, Never-married, Other-service, Not-in-family, White, Male, United-States, <=50K
53.929615,170772.33,3.3955102,330.48425,9.24751,19.438364, Private, HS-grad, Widowed, Other-service, Unmarried, White, Male, United-States, <=50K
37.454876,214348.9,14.378171,-65.44904,1.1908084,44.194084, Federal-gov, Bachelors, Divorced, Other-service, Not-in-family, White, Male, United-States, <=50K
18.594465,246190.67,10.28807,70.25152,16.970472,33.67509, Local-gov, Some-college, Never-married, Adm-clerical, Unmarried, White, Female, United-States, <=50K
36.173946,302887.25,8.645682,327.4004,350.13348,41.262787, Private, HS-grad, Married-spouse-absent, Sales, Not-in-family, White, Male, United-States, <=50K
24.684416,138715.73,8.978974,1599.9453,4.418912,41.719807, Local-gov, HS-grad, Married-civ-spouse, Protective-serv, Own-child, White, Female, United-States, <=50K
26.435295,207715.56,6.0506883,326.6687,21.074697,38.21071, Private, HS-grad, Married-civ-spouse, Sales, Own-child, White, Female, United-States, <=50K
38.827065,326410.03,11.37537,385.84448,23.324598,64.076416, Local-gov, Assoc-voc, Never-married, Adm-clerical, Not-in-family, White, Female, United-States, <=50K
74.04802,339839.66,11.109573,6417.7617,-31.69102,69.99522, Self-emp-inc, Assoc-voc, Married-civ-spouse, Transport-moving, Husband, White, Male, United-States, >50K
24.566511,317494.34,12.564221,531.2404,9.679448,22.959532, Local-gov, Bachelors, Divorced, Other-service, Not-in-family, White, Male, United-States, <=50K
58.036312,40954.266,9.582267,-280.1895,-28.977953,31.565773, Federal-gov, HS-grad, Divorced, Exec-managerial, Unmarried, White, Male, United-States, <=50K
44.51585,325306.06,9.814507,-1494.47,312.3683,41.449844, Private, Some-college, Divorced, Adm-clerical, Wife, White, Female, United-States, <=50K
39.59573,253069.73,5.9811826,220.7923,-4.5499144,46.214554, Private, HS-grad, Married-civ-spouse, Sales, Husband, White, Male, United-States, <=50K
48.00775,269601.9,10.602657,2148.2178,-12.042102,66.03374, Private, Assoc-voc, Married-civ-spouse, Craft-repair, Husband, White, Male, United-States, <=50K
53.545208,44936.047,10.000016,2098.3315,13.945935,26.509748, Private, Some-college, Married-civ-spouse, Farming-fishing, Wife, White, Female, United-States, <=50K
48.06528,215409.88,8.748525,525.6069,0.35757935,24.635757, Local-gov, HS-grad, Married-civ-spouse, Protective-serv, Husband, White, Male, United-States, <=50K
55.967113,213166.36,9.499854,-232.34662,-5.64767,54.865437, Federal-gov, HS-grad, Married-civ-spouse, Craft-repair, Husband, White, Male, United-States, <=50K
27.680721,203160.84,4.1341524,720.8552,10.437558,30.54192, Local-gov, HS-grad, Never-married, Farming-fishing, Own-child, White, Female, United-States, <=50K
48.612347,189622.28,4.0545797,699.67883,7.914815,34.237362, Without-pay, HS-grad, Widowed, Sales, Unmarried, White, Female, United-States, <=50K
56.329865,195268.5,10.226702,1820.6149,6.417142,36.49494, Private, Some-college, Married-civ-spouse, Handlers-cleaners, Husband, White, Male, United-States, >50K
46.384182,291576.34,8.93559,1549.0469,-32.31261,47.853306, Private, HS-grad, Divorced, Exec-managerial, Not-in-family, White, Female, United-States, <=50K
34.749954,138598.98,10.68324,1144.4723,-25.098108,66.501724, Private, Assoc-voc, Married-spouse-absent, Prof-specialty, Not-in-family, White, Female, United-States, <=50K
31.210278,125550.61,10.711103,1055.5338,-4.096568,17.944681, Private, Assoc-voc, Married-civ-spouse, Farming-fishing, Husband, White, Male, United-States, <=50K
39.82685,207621.77,8.168286,64.83556,-13.519435,51.09085, Private, HS-grad, Married-civ-spouse, Other-service, Husband, White, Male, United-States, >50K
39.14752,117426.914,8.898064,1005.9379,-12.758555,29.124762, Private, HS-grad, Married-spouse-absent, ?, Not-in-family, White, Female, United-States, <=50K
29.46807,50386.734,8.994984,-4303.64,782.5479,54.078926, Private, HS-grad, Married-civ-spouse, Craft-repair, Husband, White, Male, United-States, >50K
55.168743,394748.06,9.266984,634.06335,-21.00184,41.829628, Private, HS-grad, Divorced, Transport-moving, Not-in-family, White, Male, United-States, <=50K
25.553848,150889.14,10.054981,1305.333,-8.656451,42.03734, Private, Some-college, Married-civ-spouse, Farming-fishing, Husband, White, Male, United-States, <=50K
35.62,277368.1,0.76020145,-165.58344,29.291925,47.693634, State-gov, HS-grad, Married-spouse-absent, Other-service, Unmarried, White, Male, United-States, <=50K
45.92155,149430.02,10.74699,547.01904,-7.3049803,40.53421, Federal-gov, Assoc-voc, Widowed, Craft-repair, Unmarried, White, Male, United-States, <=50K
24.897213,110641.805,9.936361,866.6687,1.1363727,59.50036, Self-emp-inc, Some-college, Married-spouse-absent, Craft-repair, Not-in-family, White, Male, United-States, <=50K
32.610996,464159.62,11.813346,854.205,-28.257242,43.262474, Private, Assoc-voc, Divorced, Sales, Unmarried, White, Male, United-States, <=50K
69.74449,370785.47,10.350435,737.87463,16.960508,41.016193, ?, Assoc-voc, Widowed, ?, Not-in-family, White, Female, United-States, <=50K
42.461372,91327.41,10.392351,-165.91571,32.18799,43.20774, ?, Assoc-voc, Widowed, ?, Unmarried, White, Male, United-States, <=50K
37.818943,113427.55,7.0728126,804.4792,-19.475054,32.20054, Private, HS-grad, Married-civ-spouse, Farming-fishing, Own-child, White, Male, United-States, <=50K
28.729704,147368.66,9.195141,197.13336,-21.151445,12.821211, Private, HS-grad, Never-married, Other-service, Not-in-family, White, Male, United-States, >50K
25.77489,238119.45,5.732261,331.1761,-16.748583,35.451054, Private, HS-grad, Married-spouse-absent, Adm-clerical, Not-in-family, White, Female, United-States, <=50K
25.577055,363206.3,11.135149,-430.7696,100.01288,31.333244, Private, Assoc-voc, Never-married, Tech-support, Not-in-family, White, Female, United-States, <=50K
12.019069,141837.48,9.761806,305.99573,-15.807384,39.309025, Private, HS-grad, Never-married, Other-service, Other-relative, White, Male, United-States, <=50K
35.902287,174009.89,9.843027,475.14667,-24.073023,45.060734, Private, Some-college, Divorced, Tech-support, Unmarried, White, Male, United-States, <=50K
22.953688,131127.17,14.236228,-864.387,-13.026797,37.896828, Private, Bachelors, Never-married, Other-service, Other-relative, White, Male, United-States, <=50K
33.631214,132193.4,9.469142,430.1303,3.0480318,34.135395, Self-emp-not-inc, HS-grad, Never-married, Protective-serv, Not-in-family, White, Male, United-States, <=50K
42.415573,164742.72,9.638675,-706.7955,26.31732,24.542383, Private, Some-college, Married-spouse-absent, Adm-clerical, Not-in-family, White, Male, United-States, <=50K
18.343424,76269.414,8.158233,468.25507,-30.899591,45.72532, State-gov, HS-grad, Never-married, Craft-repair, Unmarried, White, Male, United-States, <=50K
30.80742,262360.75,10.667392,-2.793156,7.5421114,61.064808, Self-emp-not-inc, Assoc-voc, Married-civ-spouse, Adm-clerical, Husband, White, Male, United-States, <=50K
51.031216,102948.375,10.685192,-1522.291,844.98193,41.482166, State-gov, Assoc-voc, Married-civ-spouse, Prof-specialty, Husband, White, Male, United-States, <=50K
32.620777,244261.83,11.189569,5803.2817,-49.686794,71.0592, Private, Assoc-voc, Married-civ-spouse, Other-service, Husband, White, Male, United-States, >50K
21.897745,207096.69,9.145133,-802.6934,111.14014,52.01797, Private, HS-grad, Divorced, Craft-repair, Husband, White, Male, United-States, <=50K
30.322193,119858.13,10.511034,-598.5632,-15.327067,50.414387, Private, Some-college, Married-civ-spouse, Prof-specialty, Husband, White, Male, United-States, >50K
45.70208,185744.83,3.6942182,-724.13385,48.40462,37.99389, Private, HS-grad, Divorced, Sales, Unmarried, White, Male, United-States, <=50K
28.07362,155968.72,12.514801,748.5723,18.78417,40.926926, ?, Bachelors, Never-married, Protective-serv, Own-child, White, Female, United-States, <=50K
52.514168,333967.2,12.553236,2249.8796,4.566327,42.92141, Private, Bachelors, Divorced, Other-service, Unmarried, White, Female, United-States, >50K
61.938755,239758.58,4.25681,2630.122,264.251,38.744305, Private, HS-grad, Married-civ-spouse, Craft-repair, Husband, White, Male, United-States, <=50K
40.279556,215104.5,10.24687,409.4187,-9.510211,40.224262, Private, Assoc-voc, Married-civ-spouse, Handlers-cleaners, Husband, White, Male, United-States, <=50K
45.124443,148603.97,12.63314,227.63287,-7.4066343,70.291176, Self-emp-inc, Bachelors, Divorced, Protective-serv, Unmarried, White, Male, United-States, <=50K
34.214584,170716.12,12.834097,803.8658,-29.932428,48.527306, Private, Bachelors, Married-spouse-absent, Exec-managerial, Not-in-family, White, Male, United-States, <=50K
42.12727,50697.234,11.156216,908.8532,-8.91566,11.644638, ?, Assoc-voc, Divorced, Machine-op-inspct, Not-in-family, White, Female, United-States, <=50K
15.549567,246967.62,8.275863,-635.9233,28.849943,11.186871, Private, HS-grad, Never-married, Handlers-cleaners, Unmarried, White, Female, United-States, <=50K
16.4221,318623.84,11.121942,71.915764,-18.345095,34.645885, Private, Assoc-voc, Never-married, Adm-clerical, Unmarried, White, Male, United-States, <=50K
34.007668,142199.55,9.396382,-1955.675,-18.545069,41.04909, Private, HS-grad, Never-married, Other-service, Not-in-family, White, Female, United-States, <=50K
55.08112,161936.81,11.725502,1571.3206,14.336537,31.406893, Self-emp-inc, Assoc-voc, Married-civ-spouse, Handlers-cleaners, Husband, White, Male, United-States, >50K
18.647524,125627.65,10.800328,-519.54193,18.209738,43.80902, Private, Assoc-voc, Never-married, Transport-moving, Other-relative, White, Male, United-States, <=50K
19.984898,168276.62,10.637991,-2.5999186,7.275655,58.81441, Private, Assoc-voc, Never-married, Machine-op-inspct, Own-child, White, Female, United-States, <=50K
22.12665,146037.23,12.462312,1177.7186,-29.737627,26.75875, ?, Bachelors, Never-married, Machine-op-inspct, Own-child, White, Female, United-States, <=50K
31.743776,110314.38,10.002928,733.0638,7.6718035,43.81946, Private, Some-college, Separated, Adm-clerical, Own-child, White, Female, United-States, <=50K
35.901978,249398.22,10.320983,147.18073,15.854619,59.856598, Private, HS-grad, Married-civ-spouse, Transport-moving, Husband, White, Male, United-States, >50K
32.78408,115380.31,11.212786,-561.48883,838.99133,23.743156, Local-gov, Assoc-voc, Never-married, Other-service, Not-in-family, White, Male, United-States, <=50K
27.261784,476317.56,12.938378,2018.7604,12.817143,51.983776, Federal-gov, Bachelors, Never-married, Other-service, Other-relative, White, Male, United-States, <=50K
30.493616,126314.66,9.549342,-172.30841,2.259801,16.685966, Federal-gov, HS-grad, Married-civ-spouse, Craft-repair, Husband, White, Male, United-States, <=50K
32.37482,288866.0,11.346917,516.37415,-40.02917,53.65176, Private, Assoc-voc, Never-married, Tech-support, Own-child, White, Female, United-States, <=50K
32.936573,147486.73,9.9816,869.0184,9.980451,53.9817, Local-gov, Some-college, Married-spouse-absent, Prof-specialty, Not-in-family, White, Female, United-States, <=50K
28.563738,160715.81,10.321025,-1034.0181,-4.2875776,30.66436, Self-emp-not-inc, Assoc-voc, Never-married, Prof-specialty, Own-child, White, Male, United-States, <=50K
58.87592,180184.31,10.976967,765.4844,-18.902712,36.72909, Self-emp-inc, Assoc-voc, Married-civ-spouse, Tech-support, Husband, White, Male, United-States, >50K
44.57935,132941.58,11.209076,868.0802,-52.402767,48.48344, Private, Bachelors, Divorced, Prof-specialty, Not-in-family, White, Female, United-States, <=50K
46.736767,190295.02,2.3433127,1119.2563,29.409277,25.249746, Private, HS-grad, Married-civ-spouse, Other-service, Own-child, White, Female, United-States, <=50K
37.479717,136080.25,10.1989765,617.6074,-32.239033,42.59147, Local-gov, Assoc-voc, Separated, Protective-serv, Unmarried, White, Female, United-States, <=50K
51.204304,112923.86,10.115686,733.9725,5.4630404,9.714302, ?, Assoc-voc, Divorced, ?, Unmarried, White, Male, United-States, <=50K
59.544937,173442.08,7.331858,58.847836,27.932966,27.003572, State-gov, HS-grad, Divorced, Adm-clerical, Not-in-family, White, Female, United-States, <=50K
29.124062,103323.36,6.407926,984.4366,-47.05348,40.259388, Private, HS-grad, Married-spouse-absent, Sales, Not-in-family, White, Male, United-States, <=50K
50.606567,60039.523,10.175629,218.29303,-39.019222,32.23233, Private, Some-college, Divorced, Prof-specialty, Not-in-family, White, Male, United-States, >50K
39.426437,349482.06,11.497203,1673.3811,-28.096308,34.251705, State-gov, Assoc-voc, Divorced, Craft-repair, Not-in-family, White, Male, United-States, <=50K
43.146084,216360.17,9.841587,1205.8512,7.7717104,54.281708, Private, HS-grad, Married-civ-spouse, Protective-serv, Husband, White, Male, United-States, <=50K
40.840065,120766.77,13.51121,1636.8654,886.593,53.594353, Private, Bachelors, Divorced, Sales, Unmarried, White, Male, United-States, >50K
28.949358,366892.03,9.314432,1077.6445,11.207738,37.032787, Self-emp-not-inc, HS-grad, Divorced, Other-service, Not-in-family, White, Female, United-States, <=50K
19.4423,65860.03,7.3670974,239.23389,4.336438,42.25289, Private, HS-grad, Never-married, Other-service, Own-child, White, Female, United-States, <=50K
23.783304,94303.96,12.701211,-1748.9419,-4.867976,52.497303, Private, Bachelors, Never-married, Prof-specialty, Other-relative, White, Male, United-States, <=50K
36.015472,122855.516,12.564636,-421.8543,-10.042552,38.956444, Federal-gov, Bachelors, Never-married, Prof-specialty, Not-in-family, White, Female, United-States, <=50K
27.611876,235682.8,6.6115327,-150.49384,11.100652,43.9344, Private, HS-grad, Never-married, Adm-clerical, Unmarried, White, Male, United-States, <=50K
26.518553,137052.45,12.598725,346.27014,-18.669283,63.73538, Self-emp-inc, Bachelors, Married-spouse-absent, Transport-moving, Not-in-family, White, Male, United-States, <=50K
25.551937,187576.45,12.202178,7075.1387,-18.787317,66.82137, Private, Bachelors, Married-civ-spouse, Craft-repair, Husband, White, Male, United-States, >50K
32.2062,302791.16,10.174525,1137.7905,-26.956903,51.54473, Private, Some-college, Married-civ-spouse, Machine-op-inspct, Own-child, White, Male, United-States, <=50K
16.482374,49247.562,10.529929,-768.0832,94.0794,14.146759, Private, Some-college, Never-married, Craft-repair, Own-child, White, Male, United-States, <=50K
37.11343,122439.805,11.813774,-464.04315,9.759511,25.127836, State-gov, Bachelors, Divorced, Exec-managerial, Not-in-family, White, Female, United-States, <=50K
40.380573,169496.69,7.1185575,-505.83942,291.7931,34.38913, Private, HS-grad, Married-civ-spouse, Farming-fishing, Husband, White, Male, United-States, <=50K
31.924383,147397.7,10.388151,563.6769,-17.157488,39.83172, Private, Assoc-voc, Widowed, Prof-specialty, Not-in-family, White, Female, United-States, <=50K
75.27211,5831.86,10.222522,-310.3006,-13.713786,57.831066, Self-emp-not-inc, Some-college, Married-civ-spouse, Farming-fishing, Husband, White, Male, United-States, >50K
45.928627,101027.086,11.245434,760.3865,-0.7341336,70.312515, Federal-gov, Assoc-voc, Married-civ-spouse, Adm-clerical, Husband, White, Male, United-States, >50K
38.38804,173963.05,9.789325,297.48248,733.9388,44.14321, Local-gov, Some-college, Never-married, Protective-serv, Not-in-family, White, Female, United-States, <=50K
50.796562,221281.39,9.860053,631.34985,27.390795,22.5695, Private, Some-college, Widowed, Adm-clerical, Not-in-family, White, Female, United-States, <=50K
26.97426,5207.5474,11.9282255,479.2674,-38.46033,39.656975, Private, Bachelors, Married-civ-spouse, Prof-specialty, Wife, White, Female, United-States, <=50K
24.669039,196597.02,14.364867,42850.28,-29.175455,46.74398, Private, Bachelors, Married-civ-spouse, Prof-specialty, Husband, White, Male, United-States, >50K
55.98448,87025.01,5.57735,971.616,-20.476015,36.391865, Local-gov, HS-grad, Married-civ-spouse, Farming-fishing, Husband, White, Male, United-States, <=50K
42.226456,29615.453,12.721154,-2.4723551,-13.782771,38.324417, Local-gov, Bachelors, Separated, Prof-specialty, Unmarried, White, Male, United-States, >50K
27.65997,161274.11,9.946133,431.77063,-9.904231,42.288177, Federal-gov, Some-college, Married-civ-spouse, Craft-repair, Husband, White, Male, United-States, <=50K
33.75843,162727.28,8.816733,1113.8531,-16.281801,31.566896, Local-gov, HS-grad, Separated, Machine-op-inspct, Unmarried, White, Male, United-States, <=50K
79.93023,134399.42,10.026382,922.67755,11.643132,36.4966, Self-emp-not-inc, Some-college, Married-civ-spouse, Exec-managerial, Wife, White, Female, United-States, >50K
58.02205,180213.86,13.876209,9517.801,1112.8671,49.772175, Self-emp-inc, Bachelors, Married-civ-spouse, Exec-managerial, Husband, White, Male, United-States, >50K
45.116116,125155.63,11.355218,473.1513,-7.370105,45.91786, Federal-gov, Assoc-voc, Divorced, Adm-clerical, Unmarried, White, Male, United-States, <=50K
30.393848,218638.58,9.288575,-155.23712,21.847715,40.43653, Private, HS-grad, Never-married, Farming-fishing, Not-in-family, White, Male, United-States, <=50K
66.78762,208408.88,8.987694,1470.4319,16.308546,40.3398, Self-emp-not-inc, HS-grad, Divorced, Sales, Not-in-family, White, Female, United-States, <=50K
29.96021,148518.78,8.920466,1327.115,-9.930766,31.934158, Private, HS-grad, Separated, Transport-moving, Own-child, White, Male, United-States, <=50K
40.582104,134981.66,10.477324,429.88434,-36.624363,50.606476, Private, Assoc-voc, Never-married, Prof-specialty, Not-in-family, White, Male, United-States, <=50K
25.481745,182937.6,10.164273,2266.4316,-14.774394,38.50749, Private, Some-college, Married-spouse-absent, Craft-repair, Unmarried, White, Male, United-States, <=50K
29.481224,398569.84,4.327482,530.6837,-9.161174,30.2986, Private, HS-grad, Separated, Farming-fishing, Own-child, White, Male, United-States, <=50K
35.54519,140454.38,7.7819633,944.69574,-35.977108,42.524883, Local-gov, HS-grad, Married-civ-spouse, Farming-fishing, Husband, White, Male, United-States, <=50K
25.827398,71653.83,4.946982,496.11536,119.29475,46.97653, Private, HS-grad, Married-spouse-absent, Transport-moving, Unmarried, White, Male, United-States, <=50K
21.566324,71107.87,11.833953,-1203.7603,-15.7886,41.916344, Private, Assoc-voc, Never-married, Tech-support, Other-relative, White, Female, United-States, >50K
24.205458,113610.25,9.596887,-228.89935,-21.049273,46.946285, Private, HS-grad, Separated, Handlers-cleaners, Own-child, White, Male, United-States, <=50K
28.807314,287908.88,10.977779,-684.9628,817.5882,40.223553, Private, Assoc-voc, Separated, Other-service, Unmarried, White, Female, United-States, <=50K
27.162106,299975.16,11.2377825,433.01617,14.702046,25.812042, Local-gov, Assoc-voc, Separated, Protective-serv, Unmarried, White, Female, United-States, <=50K
39.859802,357877.44,8.403579,2798.6924,-13.975726,30.674767, Private, HS-grad, Married-civ-spouse, Farming-fishing, Husband, White, Male, United-States, >50K
54.08728,104790.72,13.032488,10127.404,13.989644,43.642754, Private, Bachelors, Married-civ-spouse, Protective-serv, Husband, White, Male, United-States, >50K
55.632298,166185.95,14.753412,-317.24127,-4.8151426,57.24118, Self-emp-not-inc, Bachelors, Married-civ-spouse, Prof-specialty, Husband, White, Male, United-States, >50K
35.025856,336781.34,7.9678674,-1142.3538,1105.4166,42.144917, State-gov, HS-grad, Divorced, Transport-moving, Unmarried, White, Male, United-States, <=50K
45.283073,468902.47,7.5999727,917.0427,8.910291,31.515095, ?, HS-grad, Married-civ-spouse, ?, Own-child, White, Male, United-States, <=50K
23.545557,139135.48,8.9551525,-1730.3069,-16.777864,44.947247, Private, Some-college, Married-civ-spouse, Farming-fishing, Husband, White, Male, United-States, >50K
48.34328,128779.0,9.667551,364.61224,9.256825,41.280334, Local-gov, Some-college, Divorced, Protective-serv, Not-in-family, White, Male, United-States, <=50K
26.048714,-8753.952,11.863436,1208.5756,-39.336414,45.72915, Self-emp-not-inc, Assoc-voc, Married-civ-spouse, Exec-managerial, Wife, White, Female, United-States, >50K
45.592037,117418.05,11.445239,996.08856,865.1251,37.915726, Self-emp-inc, Assoc-voc, Divorced, Tech-support, Unmarried, White, Male, United-States, <=50K
70.468056,166888.39,6.8957253,1196.6279,64.24859,-1.7229024, ?, HS-grad, Separated, ?, Own-child, White, Female, United-States, <=50K
27.218914,93675.31,9.522229,636.72955,-22.684473,50.23073, Private, HS-grad, Married-civ-spouse, Adm-clerical, Own-child, White, Male, United-States, >50K
13.351851,205923.5,8.019387,359.57928,2.2041597,23.010262, Private, HS-grad, Never-married, Sales, Own-child, White, Female, United-States, <=50K
21.257494,274814.62,10.177191,550.9314,-37.873066,38.45238, Private, Some-college, Married-civ-spouse, Adm-clerical, Own-child, White, Male, United-States, <=50K
59.85376,99591.95,6.8403172,-3364.0422,683.38434,23.13216, Private, HS-grad, Married-civ-spouse, Exec-managerial, Husband, White, Male, United-States, >50K
38.189537,178750.86,12.26324,-771.366,-13.094295,52.17913, Federal-gov, Bachelors, Married-civ-spouse, Farming-fishing, Wife, White, Female, United-States, <=50K
45.840885,311041.2,9.637674,1599.109,-1.3288525,42.203297, Self-emp-inc, HS-grad, Married-civ-spouse, Transport-moving, Husband, White, Male, United-States, >50K
36.156082,20210.281,9.664405,330.82806,-2.4643126,53.874912, Local-gov, HS-grad, Married-spouse-absent, Protective-serv, Not-in-family, White, Male, United-States, <=50K
56.257874,149562.92,13.98698,7750.64,562.2142,29.917063, Private, Bachelors, Married-civ-spouse, Farming-fishing, Husband, White, Male, United-States, >50K
54.64884,245931.03,11.347097,5590.3364,-15.191867,62.47776, Local-gov, Assoc-voc, Married-civ-spouse, Protective-serv, Husband, White, Male, United-States, >50K
57.84132,296194.44,11.473616,4154.274,-30.032701,63.140137, Self-emp-inc, Assoc-voc, Married-civ-spouse, Craft-repair, Husband, White, Male, United-States, >50K
95.44607,171424.62,10.374437,703.57245,8.228902,27.745876, ?, HS-grad, Married-civ-spouse, ?, Husband, White, Male, United-States, <=50K
54.019173,112733.16,6.6513467,-12.069889,-24.288065,27.95218, Local-gov, HS-grad, Separated, Farming-fishing, Own-child, White, Female, United-States, <=50K
44.345978,166246.72,9.917264,1114.2013,-18.821001,42.355923, Private, Some-college, Married-civ-spouse, Other-service, Husband, White, Male, United-States, <=50K
32.257713,129273.39,9.945704,381.6745,-19.050432,39.34065, Private, Some-college, Never-married, Protective-serv, Not-in-family, White, Male, United-States, <=50K
56.571243,240294.83,9.86742,369.9041,1205.5546,39.347576, Private, Some-college, Married-spouse-absent, Prof-specialty, Not-in-family, White, Female, United-States, <=50K
50.101803,141450.92,13.974119,411.1253,-8.530688,55.419743, Local-gov, Bachelors, Widowed, Protective-serv, Unmarried, White, Male, United-States, <=50K
53.28482,162623.52,11.057384,-1121.1726,478.61728,27.187153, Private, Assoc-voc, Married-civ-spouse, Farming-fishing, Wife, White, Female, United-States, <=50K
27.620502,321255.1,8.032544,3115.4155,-13.086665,49.36273, Private, HS-grad, Married-civ-spouse, Transport-moving, Husband, White, Male, United-States, <=50K
18.716387,370454.8,11.216133,52.02508,-50.6228,37.198196, Private, Assoc-voc, Divorced, Exec-managerial, Unmarried, White, Male, United-States, <=50K
18.139582,262428.6,7.8594975,-401.5208,965.9793,45.985237, Private, HS-grad, Separated, Craft-repair, Unmarried, White, Female, United-States, <=50K
28.271358,306318.1,10.765761,-242.61017,-31.078272,45.143223, Private, Assoc-voc, Never-married, Farming-fishing, Unmarried, White, Male, United-States, <=50K
39.554054,103144.8,5.4500585,2169.9739,-16.776125,45.790028, Self-emp-not-inc, HS-grad, Separated, Exec-managerial, Husband, White, Male, United-States, <=50K
60.650177,102932.07,9.000479,-1852.2981,-40.826977,56.969498, Private, HS-grad, Married-civ-spouse, Exec-managerial, Wife, White, Female, United-States, >50K
26.13367,345562.12,9.945101,780.5929,14.159017,43.992947, Private, Some-college, Never-married, Adm-clerical, Not-in-family, White, Male, United-States, <=50K
40.310555,155196.53,14.171566,15343.638,1013.18805,45.814842, Private, Bachelors, Married-civ-spouse, Transport-moving, Husband, White, Male, United-States, >50K
33.955315,186683.25,12.468975,-8.828434,-13.60184,44.69316, Self-emp-inc, Bachelors, Married-civ-spouse, Exec-managerial, Husband, White, Male, United-States, <=50K
41.79072,405224.9,9.601822,202.01044,-1.5636853,39.938663, Private, Some-college, Married-civ-spouse, Farming-fishing, Husband, White, Female, United-States, <=50K
16.389078,483170.1,2.421533,992.0619,24.817232,50.115047, Private, HS-grad, Married-civ-spouse, Farming-fishing, Husband, White, Male, United-States, <=50K
31.095573,151323.73,10.972766,-276.33392,11.123967,53.739246, Private, Assoc-voc, Married-civ-spouse, Adm-clerical, Husband, White, Male, United-States, <=50K
44.428684,98275.375,10.054748,-78.16975,-1.7310971,37.211155, Federal-gov, Some-college, Married-civ-spouse, Craft-repair, Husband, White, Male, United-States, <=50K
28.376696,189685.67,9.0734825,5.423519,5.7966585,48.286594, Private, HS-grad, Divorced, Sales, Unmarried, White, Female, United-States, <=50K
19.542006,161097.38,9.035091,574.42664,175.943,24.476246, Private, HS-grad, Never-married, Other-service, Not-in-family, White, Male, United-States, <=50K
37.564453,71162.09,9.276019,473.6917,-15.918796,44.187424, Self-emp-not-inc, HS-grad, Separated, Craft-repair, Unmarried, White, Male, United-States, <=50K
9.720054,321773.2,9.747553,1182.8698,16.003286,9.23727, Private, HS-grad, Never-married, Sales, Own-child, White, Male, United-States, <=50K
25.00837,74942.06,10.09505,601.2614,10.279347,20.634357, Local-gov, Some-college, Married-spouse-absent, Protective-serv, Unmarried, White, Female, United-States, <=50K
47.659267,238951.05,10.315846,-643.0572,1467.14,51.57522, Private, Assoc-voc, Married-civ-spouse, Exec-managerial, Husband, White, Male, United-States, >50K
21.830914,292367.72,10.20347,927.07837,353.267,43.29268, Private, Assoc-voc, Divorced, Handlers-cleaners, Not-in-family, White, Male, United-States, <=50K
17.72438,212436.1,9.360788,475.40198,-13.69723,31.908876, Private, HS-grad, Married-civ-spouse, Farming-fishing, Own-child, White, Female, United-States, <=50K
39.35044,188418.86,9.433657,-787.92755,1310.8967,46.01556, Private, HS-grad, Married-civ-spouse, Exec-managerial, Wife, White, Female, United-States, <=50K
25.1579,245199.0,10.520499,156.66718,-10.197452,37.401962, Private, Assoc-voc, Never-married, Prof-specialty, Other-relative, White, Male, United-States, <=50K
24.429222,200115.86,11.472295,688.6156,-10.492366,47.96798, Private, Bachelors, Never-married, Machine-op-inspct, Other-relative, White, Male, United-States, <=50K
25.374914,367374.3,6.7532625,-309.21307,-3.592845,40.44003, Private, HS-grad, Married-civ-spouse, Sales, Husband, White, Male, United-States, <=50K
28.822773,189690.7,8.682111,-765.8742,-19.521502,34.07058, Private, HS-grad, Never-married, Sales, Own-child, White, Male, United-States, <=50K
26.80852,135169.39,5.890068,822.17145,-43.29611,28.32106, Private, HS-grad, Never-married, Farming-fishing, Not-in-family, White, Female, United-States, <=50K
45.959293,230089.06,13.915191,-76.50898,-3.0185957,49.188305, Private, Bachelors, Divorced, Exec-managerial, Unmarried, White, Male, United-States, >50K
25.116966,71163.65,9.976971,590.3099,-67.64463,66.02649, Private, Some-college, Divorced, Exec-managerial, Unmarried, White, Female, United-States, <=50K
66.774765,138973.45,5.436291,1024.8828,-14.286845,44.333813, Private, HS-grad, Widowed, Transport-moving, Not-in-family, White, Female, United-States, <=50K
27.953878,193842.72,10.002925,-454.03925,87.86169,26.706907, Private, Some-college, Separated, Farming-fishing, Own-child, White, Female, United-States, <=50K
19.128988,343786.9,5.693971,127.54186,157.48145,40.997665, Private, HS-grad, Never-married, Tech-support, Unmarried, White, Male, United-States, <=50K
19.817324,94692.58,10.266307,-118.42744,23.519262,55.284637, Self-emp-inc, Some-college, Never-married, Adm-clerical, Own-child, White, Male, United-States, <=50K
46.547863,363632.34,9.975067,-11.090885,-18.311502,34.33035, State-gov, Some-college, Married-civ-spouse, Farming-fishing, Husband, White, Male, United-States, <=50K
43.2472,164455.86,5.1975336,1205.0726,-17.969896,40.25899, Private, HS-grad, Married-spouse-absent, Exec-managerial, Not-in-family, White, Female, United-States, <=50K
42.394707,6538.735,11.181714,56829.195,14.622739,43.088642, Private, Assoc-voc, Married-civ-spouse, Exec-managerial, Husband, White, Male, United-States, >50K
15.380351,386637.03,6.8864064,479.2218,4.86147,26.431446, Private, HS-grad, Never-married, Sales, Own-child, White, Male, United-States, <=50K
28.317347,129456.85,14.17255,12477.41,-0.118731394,64.12632, Private, Bachelors, Married-civ-spouse, Handlers-cleaners, Husband, White, Male, United-States, >50K
36.85601,187086.95,9.830826,426.4018,-35.652935,19.107939, Private, Some-college, Divorced, Protective-serv, Unmarried, White, Female, United-States, <=50K
40.864693,193364.36,16.179632,-1610.3792,476.34488,37.40282, Private, Bachelors, Divorced, Prof-specialty, Unmarried, White, Female, United-States, <=50K
51.128044,134454.88,12.488041,5657.919,274.4486,70.595566, Private, Bachelors, Married-civ-spouse, Farming-fishing, Husband, White, Male, United-States, >50K
58.41732,197242.67,11.399621,-605.92365,431.32217,25.229218, State-gov, Assoc-voc, Married-civ-spouse, Farming-fishing, Husband, White, Male, United-States, <=50K
23.353567,27717.375,9.9377575,942.00195,-14.5404005,51.21181, Private, Some-college, Never-married, Prof-specialty, Unmarried, White, Male, United-States, <=50K
49.1083,298056.97,13.997672,1048.6064,36.47644,11.259399, Local-gov, Bachelors, Divorced, Other-service, Not-in-family, White, Male, United-States, <=50K
34.045383,319307.53,9.04863,425.07,5.6080675,42.73838, Private, HS-grad, Divorced, Adm-clerical, Unmarried, White, Male, United-States, <=50K
36.17348,502611.72,16.12294,1364.5946,24.686209,36.74011, Local-gov, Bachelors, Divorced, Other-service, Not-in-family, White, Male, United-States, >50K
30.42162,341761.8,6.476541,823.31384,11.836797,54.89075, ?, HS-grad, Married-civ-spouse, Farming-fishing, Husband, White, Male, United-States, >50K
36.97245,126752.24,15.094124,-2305.2405,4.6811113,39.14798, Local-gov, Bachelors, Never-married, Protective-serv, Not-in-family, White, Male, United-States, >50K
45.01074,115510.65,9.688895,8.514584,-31.747896,47.44295, Self-emp-not-inc, HS-grad, Married-civ-spouse, Exec-managerial, Wife, White, Female, United-States, <=50K
32.5149,87699.0,9.859237,-13.1557045,-14.700686,48.90213, Private, Assoc-voc, Never-married, Other-service, Not-in-family, White, Male, United-States, <=50K
48.56794,114526.484,9.2807665,1641.3524,-17.395525,39.9563, Private, HS-grad, Married-civ-spouse, Craft-repair, Husband, White, Male, United-States, >50K
31.924147,330237.5,5.19807,699.262,44.51345,39.26775, ?, HS-grad, Never-married, Machine-op-inspct, Unmarried, White, Female, United-States, <=50K
45.328667,265038.25,9.226112,2565.2097,-45.13191,38.856087, Local-gov, HS-grad, Divorced, Exec-managerial, Unmarried, White, Male, United-States, >50K
33.094807,80431.695,12.451432,1698.8766,-35.67568,41.384995, Local-gov, Bachelors, Never-married, Prof-specialty, Other-relative, White, Male, United-States, <=50K
27.23837,409173.4,5.9662952,-291.70563,-55.979305,26.712471, Private, HS-grad, Married-civ-spouse, Transport-moving, Own-child, White, Male, United-States, <=50K
28.254549,20547.672,4.461885,264.78003,-10.588862,33.307617, Local-gov, HS-grad, Separated, Farming-fishing, Husband, White, Male, United-States, <=50K
36.167217,194016.88,6.28173,203.39001,-4.2695417,32.204563, Federal-gov, HS-grad, Married-spouse-absent, Adm-clerical, Not-in-family, White, Female, United-States, <=50K
40.764694,209912.11,6.929345,-156.47247,-6.1647825,49.166775, Private, HS-grad, Married-spouse-absent, Tech-support, Not-in-family, White, Female, United-States, <=50K
35.459106,167028.56,9.249328,-592.4987,73.475174,44.36987, Private, HS-grad, Divorced, Craft-repair, Unmarried, White, Male, United-States, <=50K
45.69838,90833.92,11.995205,-131.60114,-11.387195,58.609592, Private, Bachelors, Never-married, Other-service, Not-in-family, White, Female, United-States, <=50K
34.11451,93384.01,4.756049,-16.809147,-6.2902784,37.66489, Private, HS-grad, Married-civ-spouse, Farming-fishing, Husband, White, Male, United-States, <=50K
42.101536,16271.126,12.369872,23805.793,9.818898,41.321304, Private, Bachelors, Married-civ-spouse, Exec-managerial, Husband, White, Male, United-States, >50K
66.07502,153252.95,7.004571,-239.83649,70.20987,42.83546, Private, HS-grad, Married-civ-spouse, Other-service, Husband, White, Male, United-States, <=50K
42.54491,96579.51,11.07982,-269.00555,-18.951006,39.892788, Local-gov, Assoc-voc, Divorced, Protective-serv, Not-in-family, White, Female, United-States, <=50K
67.35811,168981.44,8.949323,250.46289,-68.59841,30.335648, Local-gov, HS-grad, Divorced, Exec-managerial, Not-in-family, White, Female, United-States, <=50K
56.784496,267903.47,6.590661,272.9865,2.089429,49.115475, Private, HS-grad, Widowed, Machine-op-inspct, Not-in-family, White, Male, United-States, <=50K
36.96153,158619.66,11.235541,198.20764,-1.254237,64.26188, Private, Assoc-voc, Married-civ-spouse, Tech-support, Husband, White, Male, United-States, <=50K
78.16191,378405.9,11.323568,71911.75,79.62568,40.90886, Private, Bachelors, Married-civ-spouse, Adm-clerical, Husband, White, Male, United-States, >50K
42.688602,21957.312,10.599961,748.97675,17.475073,16.526419, Local-gov, Assoc-voc, Married-civ-spouse, Adm-clerical, Husband, White, Male, United-States, <=50K
49.343884,144213.56,9.588084,691.4919,1.7408954,61.74521, ?, HS-grad, Widowed, ?, Not-in-family, White, Female, United-States, <=50K
41.954556,240933.78,10.663639,-1448.4287,-37.88403,46.43856, Private, Assoc-voc, Divorced, Other-service, Unmarried, White, Female, United-States, <=50K
50.89027,350562.34,8.050253,2048.2556,18.728827,50.74622, Federal-gov, HS-grad, Married-civ-spouse, Adm-clerical, Husband, White, Male, United-States, >50K
31.863575,52408.47,9.896175,1492.2633,-31.471094,41.46132, Federal-gov, Some-college, Divorced, Tech-support, Unmarried, White, Female, United-States, <=50K
55.24273,220863.84,7.9789586,1334.1334,-10.116107,43.65971, Federal-gov, HS-grad, Married-civ-spouse, Adm-clerical, Husband, White, Male, United-States, <=50K
46.66102,143208.33,10.122008,1689.4922,-27.668596,49.258507, Private, Some-college, Married-civ-spouse, Exec-managerial, Husband, White, Male, United-States, <=50K
42.10582,418846.12,11.844129,567.167,-5.1924696,61.03757, Local-gov, Assoc-voc, Married-civ-spouse, Protective-serv, Husband, White, Male, United-States, >50K
22.071571,269344.06,12.328387,423.68628,-56.044598,10.333139, State-gov, Bachelors, Never-married, Other-service, Own-child, White, Male, United-States, <=50K
19.156286,362254.94,5.7945676,355.90643,-9.858531,27.734396, Private, HS-grad, Never-married, Protective-serv, Own-child, White, Male, United-States, <=50K
24.468754,230413.12,10.007891,4.7976646,18.363905,40.167164, Private, HS-grad, Never-married, Transport-moving, Other-relative, White, Female, United-States, <=50K
43.960526,132870.14,13.974539,392.1809,25.028399,48.72048, Federal-gov, Bachelors, Never-married, Exec-managerial, Unmarried, White, Male, United-States, >50K
46.591496,263993.1,9.454444,1920.4492,38.62982,55.5198, Local-gov, HS-grad, Married-civ-spouse, Exec-managerial, Wife, White, Male, United-States, >50K
26.725916,94293.45,13.526808,1317.7993,-47.52244,30.805662, State-gov, Bachelors, Married-civ-spouse, Prof-specialty, Husband, White, Male, United-States, <=50K
35.605473,148859.06,9.580972,67.367,-15.47652,31.91385, Federal-gov, HS-grad, Divorced, Tech-support, Not-in-family, White, Male, United-States, <=50K
58.443607,259996.84,10.0421095,10935.118,-23.821436,39.498306, Self-emp-inc, HS-grad, Married-civ-spouse, Craft-repair, Husband, White, Male, United-States, >50K
47.04071,144080.19,11.094638,837.0657,2.5050402,39.980495, Private, Assoc-voc, Never-married, Machine-op-inspct, Not-in-family, White, Female, United-States, <=50K
48.0894,156751.27,10.59127,206.70746,1199.5215,40.563457, Self-emp-not-inc, Assoc-voc, Married-civ-spouse, Craft-repair, Husband, White, Male, United-States, <=50K
53.06694,239220.61,12.513486,-531.80145,968.07745,52.402645, Private, Bachelors, Married-civ-spouse, Tech-support, Husband, White, Male, United-States, <=50K
28.42072,322719.84,10.838919,-753.74835,161.38582,19.3961, Private, Assoc-voc, Married-civ-spouse, Prof-specialty, Husband, White, Male, United-States, <=50K
30.540903,295756.34,6.2257285,6.681942,68.276924,40.035812, Private, HS-grad, Married-spouse-absent, Handlers-cleaners, Not-in-family, White, Female, United-States, <=50K
46.529182,87169.47,13.545681,96.024345,-31.486544,51.166008, Private, Bachelors, Divorced, Other-service, Unmarried, White, Male, United-States, <=50K
36.46448,111237.01,12.182492,30.074886,-14.079829,49.033047, Private, Bachelors, Divorced, Sales, Not-in-family, White, Male, United-States, <=50K
35.89632,90357.18,10.711929,17924.383,46.193287,40.572914, Local-gov, Assoc-voc, Never-married, Protective-serv, Not-in-family, White, Male, United-States, >50K
27.555998,197878.98,8.97979,348.00067,501.05902,42.608074, Private, HS-grad, Married-spouse-absent, Adm-clerical, Not-in-family, White, Female, United-States, <=50K
45.23159,81547.19,13.410135,11711.7705,35.16695,25.579128, Federal-gov, Bachelors, Married-civ-spouse, Sales, Husband, White, Male, United-States, >50K
46.692474,279302.94,12.612265,260.3601,1.024953,34.229088, State-gov, Bachelors, Married-civ-spouse, Farming-fishing, Husband, White, Male, United-States, <=50K
65.002144,151875.27,10.102385,463.2304,3.4880266,40.078094, Local-gov, Some-college, Widowed, Adm-clerical, Unmarried, White, Male, United-States, <=50K
41.642986,55252.0,15.169451,1458.7477,-43.40611,37.2981, Local-gov, Bachelors, Separated, Adm-clerical, Unmarried, White, Female, United-States, <=50K
21.428047,144954.5,10.975271,833.3662,7.0379534,5.750059, Private, Assoc-voc, Never-married, Farming-fishing, Own-child, White, Female, United-States, <=50K
46.151417,157572.84,16.42181,-1416.3403,484.94165,46.86929, Private, Bachelors, Divorced, Other-service, Not-in-family, White, Female, United-States, >50K
39.852745,247994.75,11.12959,3083.0742,-43.475063,48.604904, Private, Assoc-voc, Divorced, Prof-specialty, Not-in-family, White, Female, United-States, <=50K
20.204256,244698.14,11.23392,-22.68317,-14.435885,21.90318, Private, Assoc-voc, Never-married, Farming-fishing, Unmarried, White, Male, United-States, <=50K
43.676434,25861.875,10.386306,41.774593,-21.438631,58.933563, Self-emp-inc, Assoc-voc, Divorced, Farming-fishing, Unmarried, White, Male, United-States, <=50K
27.800251,142444.9,9.1856,-774.13556,-32.869244,26.087353, Self-emp-not-inc, HS-grad, Married-civ-spouse, Farming-fishing, Own-child, White, Male, United-States, >50K
23.77156,118633.06,8.321844,61.560116,26.031752,32.595924, Self-emp-inc, HS-grad, Never-married, Sales, Unmarried, White, Female, United-States, <=50K
30.20606,583807.2,12.745536,391.24957,14.168508,60.42819, Local-gov, Bachelors, Widowed, Prof-specialty, Unmarried, White, Female, United-States, <=50K
28.22996,304100.72,11.23536,13386.327,158.82181,41.26423, State-gov, Bachelors, Never-married, Transport-moving, Unmarried, White, Male, United-States, >50K
56.84009,331624.97,9.162115,1121.4893,-23.052668,32.295082, Self-emp-inc, Some-college, Married-civ-spouse, Craft-repair, Husband, White, Male, United-States, <=50K
29.681305,229371.81,5.362672,-219.28827,36.895653,61.989716, Private, HS-grad, Married-spouse-absent, Adm-clerical, Unmarried, White, Male, United-States, <=50K
64.93258,404481.38,10.112498,607.9679,5.68678,38.57528, State-gov, Some-college, Widowed, Protective-serv, Not-in-family, White, Female, United-States, <=50K
47.873444,131873.55,13.308463,33.65417,-20.691706,38.983597, Self-emp-not-inc, Bachelors, Divorced, Protective-serv, Not-in-family, White, Female, United-States, >50K
21.343508,327261.12,9.435572,476.7881,1.7712222,38.554684, State-gov, HS-grad, Married-civ-spouse, Handlers-cleaners, Own-child, White, Male, United-States, <=50K
52.355846,152225.08,5.2808695,1261.9242,-13.255008,45.295082, Self-emp-inc, HS-grad, Divorced, Craft-repair, Unmarried, White, Male, United-States, <=50K
32.133556,79155.84,10.582231,7643.6694,-21.275888,53.906536, Local-gov, Assoc-voc, Married-civ-spouse, Protective-serv, Wife, White, Female, United-States, >50K
36.313118,311395.0,11.749176,683.9914,-36.47021,42.195618, Local-gov, Assoc-voc, Never-married, ?, Not-in-family, White, Male, United-States, <=50K
30.698475,181471.1,13.762883,15370.378,-24.244776,50.276787, Private, Bachelors, Separated, Prof-specialty, Unmarried, White, Male, United-States, >50K
24.43581,219333.44,10.158862,373.18787,25.171293,30.707207, ?, Some-college, Married-civ-spouse, Adm-clerical, Husband, White, Female, United-States, <=50K
23.102493,144556.7,10.041952,-627.7629,196.89798,40.613625, Private, Some-college, Married-civ-spouse, Farming-fishing, Own-child, White, Male, United-States, <=50K
35.270382,186861.52,9.389699,715.0531,6.371022,44.833694, Private, HS-grad, Married-civ-spouse, Craft-repair, Husband, White, Male, United-States, <=50K
21.031359,172072.14,10.077998,565.23395,-29.904245,30.811714, State-gov, Some-college, Divorced, ?, Unmarried, White, Female, United-States, <=50K
42.536728,145121.25,11.225422,2685.0432,202.15721,45.35268, Private, Assoc-voc, Married-civ-spouse, Handlers-cleaners, Husband, White, Male, United-States, <=50K
56.894463,133407.11,9.618002,-819.17804,170.65779,42.64142, Private, Some-college, Divorced, Sales, Not-in-family, White, Female, United-States, <=50K
25.546144,249948.95,5.897133,230.0747,21.976889,32.6451, Private, HS-grad, Never-married, Farming-fishing, Own-child, White, Male, United-States, <=50K
28.035791,400610.8,5.0623245,709.7429,39.408333,38.654266, Private, Some-college, Divorced, Sales, Not-in-family, White, Male, United-States, <=50K
53.36367,117927.8,10.816415,1240.5022,-28.689013,52.390533, Local-gov, Assoc-voc, Married-civ-spouse, Prof-specialty, Husband, White, Male, United-States, >50K
31.772184,265033.44,9.050448,1120.1417,-27.568903,61.34399, Private, HS-grad, Married-spouse-absent, Machine-op-inspct, Not-in-family, White, Male, United-States, <=50K
59.59726,94297.66,9.759368,728.0967,8.828473,38.56796, Local-gov, Some-college, Divorced, Other-service, Unmarried, White, Female, United-States, <=50K
28.231384,132469.34,5.1225457,997.8721,58.03739,38.892345, Federal-gov, HS-grad, Never-married, Other-service, Unmarried, White, Male, United-States, >50K
31.072216,207180.19,11.46711,9.773617,77.00353,36.113293, Private, Assoc-voc, Married-spouse-absent, Machine-op-inspct, Unmarried, White, Female, United-States, <=50K
26.95515,168101.62,11.175061,-368.26837,106.02647,35.768448, Private, Assoc-voc, Married-civ-spouse, Craft-repair, Husband, White, Male, United-States, <=50K
35.69339,219242.22,3.7311182,232.45569,9.317487,41.888325, Private, HS-grad, Married-spouse-absent, Craft-repair, Not-in-family, White, Male, United-States, <=50K
42.30009,196953.4,13.061579,1312.9565,2.8767366,43.624325, State-gov, Bachelors, Married-civ-spouse, Adm-clerical, Husband, White, Male, United-States, >50K
39.86437,10502.954,12.037079,-462.45062,20.07791,39.747375, Self-emp-inc, Bachelors, Never-married, Exec-managerial, Not-in-family, White, Female, United-States, <=50K
38.637062,160833.23,0.4101362,793.63086,-0.6314572,36.676598, Private, HS-grad, Never-married, Machine-op-inspct, Not-in-family, White, Male, United-States, <=50K
18.926935,358592.8,9.297107,-129.21857,23.741034,41.84362, Private, HS-grad, Never-married, Machine-op-inspct, Unmarried, White, Female, United-States, <=50K
16.58286,-25460.016,9.425382,725.8323,10.37782,41.94697, Self-emp-inc, HS-grad, Never-married, Farming-fishing, Own-child, White, Male, United-States, <=50K
29.154102,53014.094,11.325328,131.11176,-16.5162,52.584965, Private, Assoc-voc, Never-married, Adm-clerical, Unmarried, White, Female, United-States, <=50K
22.782593,140512.73,9.878049,733.3806,-15.650966,29.435553, Private, Some-college, Never-married, Tech-support, Unmarried, White, Female, United-States, <=50K
31.64533,135071.86,7.845978,262.95935,66.7877,66.68778, Private, Some-college, Married-spouse-absent, Sales, Not-in-family, White, Male, United-States, <=50K
27.908695,468519.06,14.7668295,888.3067,-3.1866941,38.791527, ?, Bachelors, Never-married, Protective-serv, Not-in-family, White, Male, United-States, <=50K
59.597515,168622.84,7.7231355,294.0445,-4.3811445,39.79515, Local-gov, HS-grad, Divorced, Farming-fishing, Unmarried, White, Male, United-States, <=50K
45.466446,70035.14,8.841315,634.65094,20.819754,28.32856, Federal-gov, HS-grad, Married-civ-spouse, Craft-repair, Husband, White, Male, United-States, <=50K
47.989353,114554.54,10.322093,286.4677,-9.317691,35.14323, Private, Assoc-voc, Divorced, Adm-clerical, Unmarried, White, Male, United-States, <=50K
42.110504,369193.84,7.1514816,52.34625,20.954588,44.748528, Self-emp-not-inc, HS-grad, Separated, Handlers-cleaners, Husband, White, Male, United-States, <=50K
28.501944,124098.99,15.009842,-2799.9023,24.710848,43.61043, Private, Bachelors, Married-civ-spouse, Prof-specialty, Husband, White, Male, United-States, >50K
36.247402,156297.36,9.131989,239.87183,-22.304476,37.14772, Private, HS-grad, Married-civ-spouse, Farming-fishing, Husband, White, Male, United-States, <=50K
27.79952,128986.336,10.079549,532.54785,20.14131,41.71167, Self-emp-inc, Some-college, Never-married, Sales, Own-child, White, Male, United-States, <=50K
45.92434,280656.94,10.09286,281.6684,-21.874971,39.290455, Federal-gov, Some-college, Divorced, Prof-specialty, Not-in-family, White, Male, United-States, <=50K
44.165794,452399.88,10.161381,180.43726,-5.2924223,45.677006, Self-emp-inc, Assoc-voc, Married-civ-spouse, Craft-repair, Husband, White, Male, United-States, <=50K
28.03864,280850.94,11.2084,834.44806,-45.734676,48.50229, Private, Assoc-voc, Married-civ-spouse, Exec-managerial, Husband, White, Male, United-States, >50K
37.054993,109323.34,13.939946,-858.31757,-0.07252015,38.3283, Local-gov, Bachelors, Married-civ-spouse, Protective-serv, Husband, White, Male, United-States, >50K
35.67013,324137.44,9.255608,-459.09344,10.591001,45.694584, Federal-gov, HS-grad, Never-married, Craft-repair, Other-relative, White, Male, United-States, >50K
33.97109,99123.2,10.235594,-3366.8923,616.0571,41.490406, Private, Assoc-voc, Divorced, Other-service, Not-in-family, White, Male, United-States, >50K
23.493208,58130.516,7.2984447,742.8831,934.1066,36.110603, Private, HS-grad, Never-married, Farming-fishing, Unmarried, White, Male, United-States, <=50K
49.575916,145921.52,10.553595,1190.453,-30.829462,38.00127, Self-emp-inc, Assoc-voc, Married-civ-spouse, Adm-clerical, Husband, White, Male, United-States, <=50K
32.90586,29543.016,10.128252,2757.348,1.290044,50.65008, Local-gov, Some-college, Married-spouse-absent, Exec-managerial, Unmarried, White, Male, United-States, >50K
29.373173,319963.62,10.117893,-509.4887,1.4448825,26.563793, Private, Some-college, Married-spouse-absent, Transport-moving, Unmarried, White, Male, United-States, >50K
26.898054,194052.17,9.324756,905.71027,-23.50741,31.472649, Private, HS-grad, Married-spouse-absent, Transport-moving, Unmarried, White, Female, United-States, <=50K
27.56076,196390.62,8.927982,-324.53168,444.16037,41.743637, Private, HS-grad, Married-civ-spouse, Machine-op-inspct, Husband, White, Male, United-States, <=50K
42.64445,190630.86,10.189883,84.80749,-5.3179502,22.766806, Federal-gov, Some-college, Married-civ-spouse, Prof-specialty, Own-child, White, Female, United-States, <=50K
25.664577,382753.72,10.10686,646.7524,-1.2012662,36.723446, Private, Some-college, Married-civ-spouse, Farming-fishing, Husband, White, Male, United-States, <=50K
22.204052,157377.81,9.16902,-76.10224,-0.24934663,19.007402, State-gov, HS-grad, Never-married, Other-service, Not-in-family, White, Female, United-States, <=50K
32.418453,66514.76,12.432031,-713.27374,1066.0648,55.456085, Local-gov, Bachelors, Married-civ-spouse, Exec-managerial, Husband, White, Male, United-States, <=50K
31.423452,170773.58,10.353591,-52.25446,-41.87199,40.394196, Private, Assoc-voc, Separated, Sales, Unmarried, White, Male, United-States, <=50K
48.794876,229258.7,8.495985,492.97943,23.455034,39.541885, Self-emp-not-inc, HS-grad, Married-civ-spouse, Transport-moving, Husband, White, Male, United-States, <=50K
46.750008,201729.73,11.213047,867.6005,-15.081599,57.542076, Self-emp-inc, Assoc-voc, Divorced, Machine-op-inspct, Husband, White, Male, United-States, <=50K
25.594706,231595.23,14.937361,9965.341,40.86148,38.15266, Private, Bachelors, Never-married, Exec-managerial, Unmarried, White, Female, United-States, >50K
21.694468,176681.08,9.288821,1213.8615,-27.656275,40.914204, Private, HS-grad, Separated, Exec-managerial, Unmarried, White, Male, United-States, <=50K
46.798916,192860.0,13.64852,3484.0544,-4.8786955,40.18469, Private, Bachelors, Married-civ-spouse, Farming-fishing, Husband, White, Male, United-States, >50K
52.789387,111451.14,10.116937,-104.133125,-7.3593855,32.229584, Self-emp-not-inc, Some-college, Married-civ-spouse, Tech-support, Wife, White, Female, United-States, >50K
39.28849,188584.17,9.663522,17834.115,1264.6359,46.985573, Private, HS-grad, Married-civ-spouse, Sales, Husband, White, Male, United-States, >50K
28.661715,135333.6,11.207475,396.3108,-5.724086,43.221127, Private, Assoc-voc, Divorced, Sales, Unmarried, White, Female, United-States, <=50K
26.909899,320389.47,8.429703,9379.773,-3.0397139,30.464365, Local-gov, HS-grad, Never-married, Other-service, Own-child, White, Male, United-States, >50K
28.15411,83388.47,10.749284,133.63257,-28.578257,38.30442, Private, Assoc-voc, Never-married, Protective-serv, Not-in-family, White, Female, United-States, <=50K
49.963425,174215.95,10.146402,559.71387,-26.89773,42.182377, Private, Some-college, Divorced, Prof-specialty, Unmarried, White, Female, United-States, <=50K
74.00889,262840.0,13.737374,4016.3333,-40.187664,51.082756, Local-gov, Bachelors, Married-civ-spouse, Exec-managerial, Unmarried, White, Female, United-States, >50K
30.009972,119530.875,11.063232,3481.6594,729.19946,48.132435, Federal-gov, Assoc-voc, Married-civ-spouse, Craft-repair, Husband, White, Male, United-States, <=50K
32.594677,321899.53,10.735057,82.2915,25.530787,29.40072, Self-emp-not-inc, Assoc-voc, Married-civ-spouse, Adm-clerical, Husband, White, Male, United-States, <=50K
59.46268,209494.27,9.326188,334.77148,-28.819078,70.970924, Federal-gov, HS-grad, Married-civ-spouse, Other-service, Husband, White, Male, United-States, >50K
64.987335,188615.72,6.3493776,675.7704,-24.883173,42.157333, Private, HS-grad, Married-civ-spouse, Exec-managerial, Husband, White, Female, United-States, <=50K
32.734486,243345.83,6.714766,1075.9646,5.906949,32.907234, Private, HS-grad, Separated, Machine-op-inspct, Unmarried, White, Female, United-States, <=50K
23.826065,233841.22,8.061011,707.34424,8.650594,51.38049, State-gov, HS-grad, Never-married, Machine-op-inspct, Other-relative, White, Male, United-States, <=50K
20.708065,277150.38,7.9254274,160.24487,22.764875,35.371635, Private, Some-college, Never-married, Protective-serv, Not-in-family, White, Male, United-States, <=50K
29.690596,291689.7,11.28479,1289.0999,-11.675456,60.143032, Federal-gov, Assoc-voc, Married-civ-spouse, Farming-fishing, Husband, White, Male, United-States, >50K
21.593355,140771.08,11.866451,-1152.6636,-13.50574,29.783175, Private, Bachelors, Never-married, Adm-clerical, Other-relative, White, Male, United-States, <=50K
19.94963,195820.45,8.949463,974.70984,12.397222,47.831104, Private, HS-grad, Divorced, Exec-managerial, Not-in-family, White, Male, United-States, <=50K
17.860313,585771.3,12.686656,-133.83282,-29.827044,22.529854, Private, Bachelors, Never-married, Sales, Not-in-family, White, Male, United-States, <=50K
43.52728,188068.58,10.616853,276.16962,30.479952,44.951588, Private, Some-college, Married-civ-spouse, Prof-specialty, Husband, White, Male, United-States, >50K
70.98349,134563.5,9.751343,1057.6915,-4.8999357,15.582876, Private, Some-college, Divorced, Exec-managerial, Unmarried, White, Female, United-States, <=50K
43.770153,106466.375,14.037234,-107.423775,5.3604174,26.937788, Self-emp-not-inc, Bachelors, Divorced, Protective-serv, Not-in-family, White, Female, United-States, <=50K
90.097244,139474.75,9.160659,340.201,-24.310396,27.727026, Private, HS-grad, Married-civ-spouse, Other-service, Husband, White, Male, United-States, <=50K
55.78169,104233.18,9.355806,9787.86,6.553113,44.413967, Private, HS-grad, Married-civ-spouse, Transport-moving, Husband, White, Male, United-States, >50K
40.21578,161008.03,10.003542,544.2666,-17.528399,25.922215, Local-gov, Assoc-voc, Separated, Adm-clerical, Unmarried, White, Female, United-States, <=50K
37.158157,264777.38,11.758501,2655.6514,-31.530016,66.21322, Federal-gov, Bachelors, Divorced, Craft-repair, Not-in-family, White, Male, United-States, >50K
53.599194,237252.6,8.992804,106.45806,19.236319,36.10243, Private, HS-grad, Married-civ-spouse, Farming-fishing, Unmarried, White, Female, United-States, <=50K
25.86425,204175.25,10.229595,-514.7128,1383.7485,44.323795, Self-emp-not-inc, Some-college, Married-civ-spouse, Craft-repair, Husband, White, Male, United-States, <=50K
32.56173,229894.83,12.575098,2213.7495,-9.354976,40.84948, State-gov, Bachelors, Married-civ-spouse, Prof-specialty, Husband, White, Male, United-States, <=50K
20.28674,105139.78,10.2979965,-416.59027,2.7679796,36.908512, Self-emp-inc, Some-college, Never-married, Farming-fishing, Own-child, White, Male, United-States, <=50K
39.15298,208483.25,9.931493,419.77875,-8.145778,44.584366, Private, Some-college, Widowed, Farming-fishing, Unmarried, White, Female, United-States, <=50K
45.2282,249170.03,9.436743,641.0228,6.3811464,16.86325, Private, Some-college, Married-civ-spouse, Protective-serv, Husband, White, Male, United-States, <=50K
40.61793,162802.14,13.548463,522.15717,-41.423306,53.58381, Local-gov, Bachelors, Divorced, Exec-managerial, Not-in-family, White, Male, United-States, <=50K
26.273739,153094.92,7.180942,978.9492,-9.745494,47.123142, Private, HS-grad, Separated, Farming-fishing, Own-child, White, Female, United-States, <=50K
37.256447,79843.555,7.049601,-32.5445,-18.396822,30.55211, State-gov, HS-grad, Married-civ-spouse, Farming-fishing, Husband, White, Male, United-States, <=50K
32.62619,397317.03,10.044413,101.948906,-35.643017,31.456467, Private, Some-college, Divorced, Farming-fishing, Unmarried, White, Male, United-States, <=50K
43.309795,299934.72,7.2649302,2031.4498,5.082265,26.616207, Self-emp-not-inc, HS-grad, Widowed, Machine-op-inspct, Unmarried, White, Male, United-States, <=50K
36.191345,225341.61,10.648289,338.5163,-41.372692,35.420765, Private, Assoc-voc, Divorced, Tech-support, Not-in-family, White, Male, United-States, >50K
35.68146,108822.16,9.547782,866.90497,1150.4736,38.042976, Private, Some-college, Divorced, Protective-serv, Unmarried, White, Female, United-States, <=50K
34.05492,239489.23,9.336851,567.6255,7.52271,41.851875, Self-emp-not-inc, HS-grad, Separated, Other-service, Own-child, White, Male, United-States, <=50K
33.76689,120162.9,12.686751,-1621.2988,670.52313,41.847763, Private, Bachelors, Married-civ-spouse, Prof-specialty, Wife, White, Female, United-States, <=50K
17.616014,284820.7,10.706126,-449.64276,-5.027087,29.778097, Private, Assoc-voc, Never-married, Farming-fishing, Other-relative, White, Male, United-States, <=50K
26.567299,22559.578,10.267395,399.64313,-19.19462,43.977062, Private, Some-college, Divorced, Adm-clerical, Unmarried, White, Female, United-States, <=50K
27.461748,121991.11,9.483714,155.37775,-27.593828,36.012115, Self-emp-not-inc, HS-grad, Separated, Craft-repair, Own-child, White, Male, United-States, <=50K
38.152626,59513.383,9.944773,1157.2173,-39.701534,30.811176, Private, Some-college, Separated, Exec-managerial, Unmarried, White, Female, United-States, <=50K
52.35359,245756.08,12.136722,765.5015,-26.921541,38.398838, Local-gov, Bachelors, Married-civ-spouse, Prof-specialty, Husband, White, Male, United-States, <=50K
25.736986,154338.9,9.051115,445.75732,29.905401,35.84564, Private, HS-grad, Married-civ-spouse, Handlers-cleaners, Husband, White, Male, United-States, <=50K
29.640587,60322.82,11.5348,622.5721,6.6009264,30.921532, Self-emp-not-inc, Assoc-voc, Married-civ-spouse, Protective-serv, Wife, White, Female, United-States, <=50K
42.561913,41106.58,13.044874,938.15765,23.664198,32.70019, Self-emp-inc, Bachelors, Married-civ-spouse, Protective-serv, Husband, White, Male, United-States, <=50K
41.551884,76182.84,8.3812,4111.6665,-31.819643,55.126564, Private, HS-grad, Married-civ-spouse, Craft-repair, Husband, White, Male, United-States, <=50K
44.878517,241445.83,14.5812435,-624.6182,23.317854,46.095703, Private, Bachelors, Married-spouse-absent, Other-service, Unmarried, White, Female, United-States, <=50K
49.990444,172354.86,8.798791,1029.4459,-7.0567503,19.158424, Local-gov, HS-grad, Never-married, Adm-clerical, Unmarried, White, Female, United-States, <=50K
41.387257,81169.37,11.101598,130.90991,-33.847927,44.475273, Private, Assoc-voc, Married-civ-spouse, Transport-moving, Husband, White, Male, United-States, <=50K
22.229387,321414.84,11.201579,223.21185,-47.189983,51.198578, Local-gov, Assoc-voc, Married-civ-spouse, Farming-fishing, Husband, White, Male, United-States, <=50K
44.00091,301469.03,13.205681,353.82715,-18.174212,39.97294, Self-emp-not-inc, Bachelors, Married-spouse-absent, Adm-clerical, Not-in-family, White, Male, United-States, <=50K
61.256264,186259.03,9.467797,3031.108,-22.531954,62.679264, Self-emp-not-inc, HS-grad, Married-civ-spouse, Craft-repair, Husband, White, Male, United-States, <=50K
