39, 77516, 13, 2174, 0, 40, State-gov, Bachelors, Never-married, Adm-clerical, Not-in-family, White, Male, United-States, <=50K
-3.3928154,200741.75,8.063472,991.3651,71.99933,27.616379, Private, HS-grad, Never-married, Machine-op-inspct, Unmarried, White, Female, United-States, <=50K
51.020996,-75080.516,10.560168,-660.2032,-55.07214,26.348646, Private, HS-grad, Never-married, Craft-repair, Unmarried, White, Male, United-States, <=50K
51.419167,65432.266,9.789334,-629.6473,123.87869,12.309942, Private, Some-college, Never-married, Machine-op-inspct, Own-child, White, Male, United-States, <=50K
23.349796,250943.86,8.167413,618.0454,18.587942,76.34039, Private, HS-grad, Married-spouse-absent, Protective-serv, Not-in-family, White, Male, United-States, <=50K
30.62557,67623.195,11.590986,-384.13495,101.51785,55.89573, Self-emp-not-inc, Bachelors, Married-civ-spouse, Exec-managerial, Husband, White, Male, United-States, <=50K
17.647135,427787.22,9.549732,-264.7874,12.7024355,11.155003, Self-emp-not-inc, HS-grad, Never-married, Sales, Not-in-family, White, Male, United-States, <=50K
79.32639,-37401.97,13.867595,-353.84576,518.43256,-0.6291219, Federal-gov, Bachelors, Never-married, Prof-specialty, Not-in-family, White, Female, United-States, <=50K
53.872036,-63693.453,10.14389,-477.081,-32.21278,18.304312, Private, Some-college, Never-married, Exec-managerial, Not-in-family, White, Male, United-States, <=50K
17.80315,356213.1,9.874901,-293.37213,8.707486,72.689255, Private, HS-grad, Married-civ-spouse, Sales, Husband, White, Male, United-States, <=50K
55.64215,-45590.375,10.48898,-712.83295,9.179509,4.6761646, State-gov, HS-grad, Widowed, Prof-specialty, Not-in-family, White, Female, United-States, <=50K
48.272892,139405.83,10.398932,-8.480778,-48.38725,35.430714, Self-emp-not-inc, Some-college, Divorced, Machine-op-inspct, Not-in-family, White, Male, United-States, <=50K
42.294994,903946.56,9.84142,1048.378,-52.819622,70.9583, Private, HS-grad, Never-married, Sales, Own-child, White, Female, United-States, <=50K
-2.4242675,100379.08,9.879321,1333.7417,32.251534,16.998314, Private, Some-college, Never-married, Protective-serv, Own-child, White, Female, United-States, <=50K
78.27388,74130.45,9.993825,2212.9102,-14.229327,2.8339822, Private, Some-college, Married-civ-spouse, Craft-repair, Husband, White, Male, United-States, <=50K
77.30861,-178444.08,8.310513,-198.61127,24.822966,-5.8651867, ?, HS-grad, Married-spouse-absent, ?, Not-in-family, White, Male, United-States, <=50K
59.739616,43197.72,12.966325,1179.6914,1.4948932,34.42255, Private, Masters, Married-civ-spouse, Machine-op-inspct, Husband, White, Male, United-States, <=50K
35.858387,674584.8,10.119631,-0.33893228,12.038754,49.38056, Private, HS-grad, Never-married, Adm-clerical, Not-in-family, White, Male, United-States, <=50K
30.246428,524996.5,9.004686,1712.4272,59.155838,84.4774, Local-gov, HS-grad, Divorced, Adm-clerical, Unmarried, White, Female, United-States, <=50K
23.189766,709562.4,16.490715,417.575,-42.760952,40.559677, Private, Assoc-acdm, Widowed, Adm-clerical, Not-in-family, White, Female, United-States, <=50K
95.154724,-260717.89,7.687259,-1439.5977,13.685185,-4.105875, Private, HS-grad, Widowed, Craft-repair, Wife, White, Female, United-States, >50K
61.87182,566548.75,8.071334,11092.047,-16.44066,119.61527, Private, HS-grad, Married-civ-spouse, Machine-op-inspct, Husband, White, Male, United-States, >50K
-11.1495905,280568.97,9.460527,1218.3613,17.029158,18.711273, Private, Some-college, Never-married, Craft-repair, Not-in-family, White, Male, United-States, <=50K
50.61725,38953.594,12.326636,3007.328,-33.94299,36.728237, Self-emp-inc, Bachelors, Divorced, Sales, Unmarried, White, Female, United-States, <=50K
6.5117717,288868.9,11.666317,931.5015,-17.032274,12.36256, Private, Some-college, Never-married, Prof-specialty, Own-child, White, Female, United-States, <=50K
11.809468,213611.08,8.60753,1094.2523,-18.056551,-10.439993, Private, HS-grad, Married-civ-spouse, Handlers-cleaners, Husband, White, Male, United-States, <=50K
62.557194,-121534.7,12.0142355,31.98785,11.824094,22.041067, Self-emp-inc, Assoc-acdm, Never-married, Craft-repair, Not-in-family, White, Female, United-States, >50K
69.169266,31569.188,11.117209,66.82409,-64.332664,63.94753, Private, Bachelors, Married-civ-spouse, Tech-support, Husband, White, Male, United-States, <=50K
86.49415,653323.4,9.275036,-213.1872,-92.347694,10.4292145, ?, HS-grad, Never-married, ?, Own-child, White, Male, United-States, <=50K
47.59466,767226.0,11.035207,-343.4173,-51.593166,15.575769, Private, Bachelors, Never-married, Tech-support, Other-relative, White, Male, United-States, <=50K
67.08302,710504.8,8.666014,-1076.4678,29.453562,21.375088, Private, HS-grad, Married-spouse-absent, Protective-serv, Not-in-family, White, Female, United-States, <=50K
57.48116,48751.17,9.61554,163.32056,-10.554721,28.954815, Self-emp-not-inc, Some-college, Never-married, ?, Not-in-family, White, Female, United-States, <=50K
18.861847,384645.1,14.8665285,408.81946,-65.24131,31.803297, Private, Assoc-voc, Married-civ-spouse, Transport-moving, Husband, White, Female, United-States, <=50K
36.238823,454509.75,9.408726,331.10095,-58.74702,47.341347, Federal-gov, HS-grad, Never-married, Handlers-cleaners, Not-in-family, White, Male, United-States, <=50K
182.74358,-253036.55,9.934524,7714.0015,-375.4898,-0.6680738, ?, HS-grad, Widowed, ?, Not-in-family, White, Female, United-States, <=50K
34.29324,987533.3,9.996704,715.9045,-43.813686,22.221516, Private, Some-college, Married-civ-spouse, Machine-op-inspct, Husband, White, Female, United-States, <=50K
39.723423,174391.44,19.067245,-1045.0847,-3.4387388,19.25197, Private, Bachelors, Never-married, Prof-specialty, Not-in-family, White, Female, United-States, <=50K
80.89291,358547.84,10.631007,-849.7354,-17.102442,39.122616, Private, HS-grad, Never-married, Sales, Not-in-family, White, Female, United-States, <=50K
53.974617,449418.0,11.462052,43539.547,-29.236826,35.71404, Private, Some-college, Married-civ-spouse, Craft-repair, Husband, White, Male, United-States, >50K
49.593887,218628.33,8.678739,-791.5031,7.072835,59.72433, Private, HS-grad, Married-civ-spouse, Prof-specialty, Husband, White, Male, United-States, <=50K
59.677666,88951.13,9.53834,-751.6579,-8.376193,48.83066, Private, HS-grad, Never-married, Other-service, Own-child, White, Female, United-States, <=50K
66.1746,107117.89,10.387336,-217.4068,-56.677044,95.79894, Private, Some-college, Married-civ-spouse, Exec-managerial, Husband, White, Male, United-States, <=50K
41.310886,139818.66,9.706653,-193.18658,-44.241253,62.650143, Private, Some-college, Separated, Sales, Not-in-family, White, Male, United-States, <=50K
38.395542,114930.11,11.42167,83.43432,82.58676,9.418367, Self-emp-not-inc, Some-college, Married-civ-spouse, Farming-fishing, Husband, White, Male, United-States, >50K
66.30851,-72390.34,14.479819,-1210.2087,3562.8086,39.89852, Private, Bachelors, Married-civ-spouse, Prof-specialty, Husband, White, Male, United-States, >50K
120.869,156763.19,16.280651,3232.794,-97.426704,57.243324, Local-gov, Bachelors, Married-civ-spouse, Prof-specialty, Husband, White, Male, United-States, >50K
36.157772,1.069743e+06,15.431705,-37.5799,24.362444,39.081776, Private, Assoc-acdm, Divorced, Farming-fishing, Husband, White, Male, United-States, <=50K
61.74408,402289.75,7.794427,1992.0029,2.1785097,76.275826, Private, HS-grad, Married-civ-spouse, Craft-repair, Husband, White, Male, United-States, >50K
97.09193,477806.7,12.737128,1234.3712,-80.157585,55.626026, Private, Bachelors, Never-married, Adm-clerical, Husband, White, Male, United-States, >50K
56.859303,8256.22,9.215205,-1182.0217,-31.285501,75.28723, Private, HS-grad, Married-civ-spouse, Craft-repair, Husband, White, Male, United-States, >50K
-3.6497047,209164.06,9.864836,328.98834,85.6129,26.845848, Private, Assoc-acdm, Never-married, Adm-clerical, Not-in-family, White, Male, United-States, <=50K
-5.3595853,271258.3,7.176122,-770.22614,103.919365,2.9713495, Private, 11th, Married-spouse-absent, Other-service, Not-in-family, White, Male, United-States, <=50K
39.76974,139415.69,8.901838,-355.0374,68.029305,36.084606, Private, HS-grad, Never-married, Adm-clerical, Own-child, White, Male, United-States, <=50K
32.191635,-118520.016,9.225131,-810.3593,-27.310572,-14.078478, Private, Some-college, Married-civ-spouse, Adm-clerical, Wife, White, Female, United-States, <=50K
-1.0649992,191312.45,9.1054535,499.38464,-56.671535,22.89188, Private, HS-grad, Married-civ-spouse, Exec-managerial, Husband, White, Male, United-States, <=50K
119.04749,707689.5,9.960194,-149.58307,-12.661838,54.184204, Private, HS-grad, Married-civ-spouse, Sales, Husband, White, Male, United-States, <=50K
36.614273,84701.46,9.453099,-142.54669,-75.81971,65.455956, Private, HS-grad, Never-married, Farming-fishing, Own-child, White, Male, United-States, <=50K
52.146748,411376.12,9.004445,-1185.7563,-23.686785,35.740932, Private, HS-grad, Married-spouse-absent, Machine-op-inspct, Husband, White, Female, United-States, <=50K
48.618767,-58611.656,9.062015,332.36072,37.651924,27.82422, Private, HS-grad, Divorced, Adm-clerical, Not-in-family, White, Female, United-States, <=50K
62.876087,143744.77,10.715308,1044.0216,2.764615,48.557026, Private, Assoc-voc, Married-civ-spouse, Craft-repair, Husband, White, Male, United-States, <=50K
31.866287,43461.844,19.026749,-606.617,-24.037592,59.273224, State-gov, Bachelors, Married-civ-spouse, Prof-specialty, Husband, White, Male, United-States, <=50K
79.12467,-333840.16,12.533104,4349.282,-48.725674,27.281034, Private, Bachelors, Widowed, Other-service, Not-in-family, White, Female, United-States, >50K
20.379782,91561.55,9.471379,-520.36554,148.41716,-11.5557575, Private, Assoc-acdm, Never-married, Craft-repair, Own-child, White, Female, United-States, <=50K
10.944005,-86179.89,9.012195,1221.634,55.409733,14.99201, Private, HS-grad, Married-civ-spouse, Sales, Husband, White, Male, United-States, >50K
51.543797,490741.53,8.231261,-236.31586,610.61096,40.355118, Private, HS-grad, Married-civ-spouse, Craft-repair, Own-child, White, Male, United-States, <=50K
64.443146,-13032.202,4.555621,-931.16425,-48.625423,97.78565, Local-gov, 9th, Married-civ-spouse, Craft-repair, Husband, White, Male, United-States, <=50K
44.102192,407054.88,4.909595,-794.5152,-13.997989,111.48918, Private, 9th, Married-civ-spouse, Other-service, Husband, White, Male, United-States, <=50K
26.072351,503033.9,11.161169,769.1117,174.90604,46.110332, Self-emp-inc, HS-grad, Never-married, Sales, Other-relative, White, Female, United-States, <=50K
109.92688,896271.44,9.282931,162.90118,-217.6578,-8.98155, ?, HS-grad, Separated, Other-service, Unmarried, White, Male, United-States, <=50K
134.98099,304848.62,9.305077,-18.166569,-69.0875,17.2502, Private, HS-grad, Divorced, Prof-specialty, Not-in-family, White, Female, United-States, <=50K
7.8348346,223778.62,9.215085,453.2011,-68.392494,47.502575, Private, HS-grad, Married-civ-spouse, Exec-managerial, Husband, White, Male, United-States, >50K
32.196198,420818.94,5.54356,748.87964,8.2471285,54.646725, Private, 9th, Married-civ-spouse, Machine-op-inspct, Other-relative, White, Female, United-States, <=50K
76.04241,175407.95,9.919265,-311.1081,24.127672,75.799736, Private, Some-college, Separated, Priv-house-serv, Not-in-family, White, Female, United-States, <=50K
31.395638,-131326.86,9.5334835,-271.43304,5.2288637,54.601505, Local-gov, 12th, Married-civ-spouse, Transport-moving, Husband, White, Male, United-States, <=50K
49.30017,25489.125,10.206988,-787.2325,37.718006,-33.28405, Self-emp-not-inc, Some-college, Married-civ-spouse, ?, Wife, White, Female, United-States, <=50K
47.181076,37295.42,14.068375,-9.335026,-15.903369,37.812572, Private, Masters, Married-civ-spouse, Prof-specialty, Husband, White, Male, United-States, <=50K
74.03793,-37450.875,13.017042,852.4492,-64.90241,63.8682, Private, Masters, Never-married, Exec-managerial, Unmarried, White, Female, United-States, <=50K
10.938109,295695.7,8.993493,23.399837,-20.869814,71.15798, Private, HS-grad, Married-civ-spouse, Sales, Wife, White, Female, United-States, <=50K
48.817257,90169.51,10.049592,202.24701,-4.4635572,88.733406, Self-emp-not-inc, HS-grad, Never-married, Sales, Unmarried, White, Female, United-States, <=50K
57.807022,950059.4,14.868526,17864.889,21.389433,39.25548, Private, Bachelors, Married-civ-spouse, Sales, Husband, White, Male, United-States, >50K
77.6255,272582.22,9.477635,451.86804,25.721571,46.051186, Private, Some-college, Married-civ-spouse, Tech-support, Husband, White, Male, United-States, >50K
44.64919,86900.734,9.307409,-252.11017,-14.120349,91.873535, Private, HS-grad, Married-civ-spouse, Exec-managerial, Husband, White, Male, United-States, <=50K
142.66531,323664.1,9.05169,-248.20673,-150.75723,18.132076, Private, Some-college, Divorced, Tech-support, Not-in-family, White, Female, United-States, <=50K
55.950874,125661.3,10.05333,-338.2448,-64.11149,85.83829, Private, Some-college, Married-civ-spouse, Adm-clerical, Husband, White, Male, United-States, <=50K
56.67583,-91447.45,11.233271,5.2544518,35.35499,5.6351604, Private, Some-college, Married-civ-spouse, Exec-managerial, Husband, White, Male, United-States, >50K
46.174294,110579.28,9.188079,184.96442,-3.0121565,82.787025, Private, HS-grad, Never-married, Transport-moving, Not-in-family, White, Male, United-States, <=50K
20.030998,77959.484,9.347759,-801.89667,-32.29582,55.79211, State-gov, Some-college, Never-married, Transport-moving, Not-in-family, White, Female, United-States, <=50K
92.364365,538876.8,8.996507,1862.8431,-9.850932,24.173672, ?, Some-college, Divorced, ?, Not-in-family, White, Male, United-States, <=50K
-7.1595654,221513.19,8.841906,903.88947,26.04051,29.692411, Self-emp-not-inc, HS-grad, Never-married, Adm-clerical, Unmarried, White, Female, United-States, <=50K
70.30006,-48644.61,8.286793,393.49005,31.180445,20.881802, Self-emp-not-inc, 11th, Divorced, Other-service, Not-in-family, White, Male, United-States, <=50K
86.45186,126036.97,9.761863,2466.9004,-11.390925,42.991592, Private, HS-grad, Married-civ-spouse, Exec-managerial, Husband, White, Male, United-States, <=50K
-7.3318677,396077.97,8.1781225,250.59747,27.942732,80.72142, Private, HS-grad, Married-civ-spouse, Machine-op-inspct, Husband, White, Male, United-States, <=50K
57.195374,72071.8,9.271336,-245.7934,25.166872,16.822065, Federal-gov, HS-grad, Divorced, Other-service, Not-in-family, White, Female, United-States, <=50K
7.610967,601443.9,10.520432,316.3476,-10.945384,32.969257, Private, Some-college, Never-married, Other-service, Not-in-family, White, Male, United-States, <=50K
23.86717,-94520.92,9.723216,106.9616,29.091543,-15.653521, Private, Some-college, Married-civ-spouse, Other-service, Not-in-family, White, Female, United-States, <=50K
90.83189,-188296.52,9.3950615,9970.674,-72.6576,-1.5311643, Self-emp-not-inc, HS-grad, Divorced, Sales, Not-in-family, White, Female, United-States, <=50K
43.159027,810484.4,9.663513,1180.8158,-47.08833,40.272064, ?, Some-college, Never-married, ?, Own-child, White, Male, United-States, <=50K
29.896673,315334.1,7.295677,-897.03094,197.85252,60.423973, Private, 12th, Married-civ-spouse, Sales, Husband, White, Male, United-States, >50K
89.720955,-78670.05,9.457704,1561.6248,-111.08094,81.960594, Private, Some-college, Never-married, Other-service, Not-in-family, White, Female, United-States, <=50K
19.013569,-43339.188,10.863995,122.50323,-0.042986766,8.252462, Private, Bachelors, Never-married, Sales, Not-in-family, White, Male, United-States, <=50K
57.411762,719447.1,9.521071,22.032772,-51.695614,19.933289, ?, Some-college, Separated, ?, Not-in-family, White, Female, United-States, <=50K
2.7584946,-47849.047,8.781643,3396.5547,-34.138325,60.431076, Private, HS-grad, Divorced, Adm-clerical, Own-child, White, Female, United-States, <=50K
95.318214,30126.562,8.668932,-409.57208,-37.058308,48.97076, Private, HS-grad, Divorced, Other-service, Not-in-family, White, Female, United-States, <=50K
115.45814,599403.0,7.6558976,-1584.6748,-160.47868,71.05457, Self-emp-not-inc, HS-grad, Married-civ-spouse, Sales, Wife, White, Female, United-States, >50K
1.8091387,-156613.33,9.501921,-11.993595,-12.704417,-13.0768795, Private, HS-grad, Never-married, Other-service, Not-in-family, White, Male, United-States, <=50K
79.27762,123423.1,8.515625,-396.35138,-42.280163,84.84169, Private, HS-grad, Married-civ-spouse, Other-service, Husband, White, Male, United-States, <=50K
15.897584,82453.15,15.69471,2054.1602,14.656133,66.0813, Private, Assoc-voc, Never-married, Transport-moving, Not-in-family, White, Male, United-States, <=50K
80.75629,224602.44,5.557273,821.16437,44.175632,-43.786263, Private, 10th, Married-civ-spouse, Prof-specialty, Husband, White, Male, United-States, <=50K
39.101894,486570.44,9.184371,-13.877262,-89.84443,27.134949, Private, HS-grad, Divorced, Protective-serv, Not-in-family, White, Female, United-States, <=50K
45.807068,125080.14,9.348647,219.57843,-0.98801696,65.44903, Private, HS-grad, Married-civ-spouse, Other-service, Husband, White, Male, United-States, <=50K
39.030674,134788.39,9.673151,-843.206,-47.913235,64.33745, Private, Some-college, Married-spouse-absent, Transport-moving, Not-in-family, White, Male, United-States, <=50K
22.31079,873437.1,10.190444,2930.9336,97.20298,80.8955, Self-emp-not-inc, HS-grad, Divorced, Sales, Other-relative, White, Male, United-States, <=50K
-11.2984705,570318.7,9.560234,822.2271,-46.622204,27.483404, Private, HS-grad, Married-civ-spouse, Other-service, Own-child, White, Male, United-States, <=50K
10.139062,47636.188,9.525276,198.76752,269.1329,28.826773, Private, HS-grad, Married-civ-spouse, Adm-clerical, Unmarried, White, Female, United-States, <=50K
55.425873,82820.13,18.037006,-177.06525,23.129965,-0.3032323, Private, Masters, Widowed, Adm-clerical, Not-in-family, White, Male, United-States, <=50K
81.24748,-172119.23,9.310298,-936.5512,-74.825096,7.139555, Self-emp-not-inc, HS-grad, Married-spouse-absent, ?, Not-in-family, White, Female, United-States, <=50K
65.37418,341856.06,9.96249,-254.10553,-45.817196,27.323542, Private, HS-grad, Divorced, Tech-support, Not-in-family, White, Male, United-States, <=50K
48.039185,761155.0,11.715008,5905.5264,-29.03509,24.226416, Private, HS-grad, Divorced, Sales, Unmarried, White, Female, United-States, <=50K
51.18254,94866.516,8.962845,-1923.2341,21.39424,-3.9327757, Private, HS-grad, Never-married, Other-service, Not-in-family, White, Male, United-States, <=50K
86.85594,486725.75,8.716525,-22.657413,-26.89409,54.360565, Self-emp-not-inc, HS-grad, Divorced, ?, Not-in-family, White, Male, United-States, <=50K
20.25121,398888.0,10.440915,1537.6261,-22.687243,38.243496, Local-gov, Some-college, Never-married, Tech-support, Own-child, White, Female, United-States, <=50K
58.234684,222542.42,10.901164,36378.92,-104.615685,-6.721201, Private, HS-grad, Never-married, Exec-managerial, Not-in-family, White, Female, United-States, <=50K
39.574375,350056.97,10.824483,-889.8853,28.621546,43.857708, Private, Assoc-voc, Married-civ-spouse, Machine-op-inspct, Husband, White, Male, United-States, <=50K
19.795872,-9105.577,8.86574,0.44878745,32.029278,79.70562, Private, HS-grad, Married-civ-spouse, Craft-repair, Husband, White, Male, United-States, <=50K
48.42153,-178251.02,15.965282,772.68964,-69.93481,-3.5862563, Local-gov, Bachelors, Never-married, Prof-specialty, Not-in-family, White, Male, United-States, >50K
74.318344,331344.97,13.915259,1353.0526,3.538724,81.29004, Private, Masters, Married-civ-spouse, Other-service, Husband, White, Male, United-States, <=50K
56.8482,218369.61,3.3323545,-1056.3237,-4.489848,120.16371, Private, 9th, Married-civ-spouse, Farming-fishing, Husband, White, Male, United-States, <=50K
33.021812,57800.344,10.518459,-90.776924,-82.3554,80.43168, Private, HS-grad, Married-civ-spouse, Exec-managerial, Husband, White, Male, United-States, >50K
28.686132,60739.914,7.9921656,-849.41986,23.114485,28.916391, Private, 10th, Married-civ-spouse, Transport-moving, Husband, White, Male, United-States, <=50K
61.368114,14794.095,10.000427,2634.225,0.32742035,24.211006, Self-emp-not-inc, Some-college, Divorced, Exec-managerial, Unmarried, White, Male, United-States, <=50K
30.265945,420317.9,6.9512625,-426.67316,-65.72935,-19.549318, State-gov, 11th, Married-spouse-absent, Prof-specialty, Not-in-family, White, Female, United-States, <=50K
99.18529,206411.27,8.786097,-454.9887,-71.35873,12.862787, Private, HS-grad, Married-civ-spouse, Other-service, Husband, White, Male, United-States, <=50K
35.850388,-118899.86,7.143062,-442.40424,25.072031,51.683517, Private, 9th, Married-civ-spouse, Prof-specialty, Husband, White, Male, United-States, <=50K
9.349463,352206.9,12.690702,813.9807,-20.449755,64.06307, Private, Bachelors, Married-civ-spouse, Transport-moving, Husband, White, Male, United-States, <=50K
20.884094,-76766.05,10.49048,424.47467,52.140766,-14.266424, Private, HS-grad, Divorced, Other-service, Not-in-family, White, Male, United-States, <=50K
-16.959743,153589.94,10.386053,500.448,24.84889,58.21493, Private, Some-college, Never-married, Adm-clerical, Own-child, White, Female, United-States, <=50K
6.8052077,-78673.55,9.447507,859.4559,8.823064,75.68631, Private, HS-grad, Married-civ-spouse, Craft-repair, Husband, White, Male, United-States, <=50K
34.09463,314373.03,8.89774,6856.089,-28.375277,15.190695, Local-gov, HS-grad, Married-spouse-absent, Protective-serv, Husband, White, Male, United-States, <=50K
62.83886,119230.26,4.99573,-1156.1987,-47.69093,11.693451, Private, 9th, Divorced, Other-service, Not-in-family, White, Female, United-States, <=50K
29.834324,-7961.656,9.575999,299.02496,-77.45292,21.224918, Private, 10th, Never-married, Prof-specialty, Own-child, White, Female, United-States, <=50K
69.06671,258107.67,19.753164,58870.168,50.290276,78.705795, Federal-gov, Bachelors, Married-civ-spouse, Protective-serv, Husband, White, Male, United-States, >50K
64.82404,58604.406,9.790652,2208.7146,-32.726223,35.23101, Private, HS-grad, Married-civ-spouse, Machine-op-inspct, Husband, White, Male, United-States, <=50K
53.483402,273718.72,8.98353,1295.0006,-6.2426023,50.63233, Private, HS-grad, Never-married, Tech-support, Unmarried, White, Female, United-States, <=50K
39.30126,167374.75,13.931655,-5.189518,-12.729564,25.432816, Private, Bachelors, Married-civ-spouse, Prof-specialty, Husband, White, Male, United-States, >50K
105.2524,373186.4,8.521379,-624.6585,-53.316616,19.361513, Federal-gov, HS-grad, Married-civ-spouse, Handlers-cleaners, Husband, White, Male, United-States, >50K
-10.631963,481011.28,10.346282,332.21967,-97.13935,87.6816, Self-emp-inc, Some-college, Married-civ-spouse, Sales, Husband, White, Female, United-States, >50K
33.431072,688636.3,10.419271,-275.1552,-62.697857,71.81087, Private, HS-grad, Never-married, Sales, Not-in-family, White, Female, United-States, <=50K
61.670307,276941.12,4.74427,3105.179,-8.033183,19.830713, Local-gov, 9th, Divorced, Other-service, Unmarried, White, Female, United-States, <=50K
54.28622,535921.2,6.0543914,-23.577213,869.1086,36.8776, Self-emp-not-inc, 10th, Divorced, Prof-specialty, Wife, White, Female, United-States, >50K
109.70155,1.0490739e+06,9.78484,1806.9008,-125.01415,24.196175, Private, HS-grad, Married-civ-spouse, Sales, Husband, White, Male, United-States, <=50K
1.8878702,-21762.594,8.9920845,1063.1724,-60.04063,30.712414, Local-gov, HS-grad, Married-civ-spouse, Adm-clerical, Husband, White, Male, United-States, <=50K
13.397977,150863.4,14.293085,338.77185,5.748517,-3.9193327, Private, Masters, Never-married, Adm-clerical, Not-in-family, White, Female, United-States, <=50K
19.929392,-60931.11,9.245661,1859.9404,81.9659,3.765539, Federal-gov, HS-grad, Married-civ-spouse, Adm-clerical, Husband, White, Male, United-States, >50K
45.88051,124231.37,9.561299,874.173,31.310377,85.83071, Federal-gov, Assoc-voc, Married-civ-spouse, Transport-moving, Husband, White, Male, United-States, <=50K
53.125122,164845.53,10.1305,5.8080406,27.703352,0.5466212, Private, HS-grad, Never-married, Farming-fishing, Not-in-family, White, Female, United-States, <=50K
1.916942,241529.72,9.394939,448.0113,47.126835,39.244892, Private, HS-grad, Married-civ-spouse, Sales, Husband, White, Male, United-States, <=50K
120.96903,63859.03,9.349912,252.20844,-109.874,31.517973, Private, 10th, Divorced, Handlers-cleaners, Not-in-family, White, Male, United-States, <=50K
-9.041436,113202.15,-1.2044668,4898.749,265.11685,6.545183, Private, 11th, Never-married, Handlers-cleaners, Not-in-family, White, Female, United-States, <=50K
84.58842,873527.44,8.962084,-984.1502,-79.567314,29.9744, Private, HS-grad, Divorced, Sales, Not-in-family, White, Female, United-States, <=50K
32.511684,-4836.609,10.151812,-708.75397,-21.074266,17.632494, State-gov, Some-college, Never-married, Prof-specialty, Own-child, White, Male, United-States, <=50K
37.868248,379468.84,10.744435,587.8242,-25.544252,102.69975, Private, HS-grad, Married-civ-spouse, Tech-support, Wife, White, Female, United-States, <=50K
48.280514,-122733.516,12.795988,-878.9642,82.71475,26.260153, Private, Bachelors, Married-civ-spouse, Craft-repair, Husband, White, Male, United-States, <=50K
9.115907,-58794.312,10.157734,378.2658,-38.915585,39.9343, Private, HS-grad, Never-married, Adm-clerical, Own-child, White, Female, United-States, <=50K
6.5199733,76408.26,12.289373,1110.9938,27.605608,37.535923, Private, Bachelors, Never-married, Tech-support, Other-relative, White, Male, United-States, <=50K
50.4208,-115536.89,9.232739,-699.6075,-12.65681,65.44203, Self-emp-not-inc, HS-grad, Married-civ-spouse, Craft-repair, Husband, White, Male, United-States, >50K
55.100723,-189117.08,9.053197,-1157.3606,-0.07305421,20.089632, Private, HS-grad, Married-civ-spouse, Craft-repair, Husband, White, Male, United-States, >50K
50.736076,-131264.27,10.068567,4439.082,58.25331,-16.480803, ?, Some-college, Married-spouse-absent, Tech-support, Not-in-family, White, Male, United-States, <=50K
50.16381,349703.6,11.786834,-1840.542,-61.245525,16.31546, Self-emp-not-inc, Bachelors, Never-married, Sales, Not-in-family, White, Male, United-States, <=50K
67.788155,49662.688,14.745334,746.4984,-23.180681,73.317825, Self-emp-not-inc, Masters, Married-civ-spouse, Exec-managerial, Husband, White, Male, United-States, <=50K
5.216472,-91284.58,9.905895,1015.9256,22.294767,61.43666, Private, Some-college, Married-civ-spouse, Other-service, Unmarried, White, Female, United-States, <=50K
4.241634,358574.38,8.938063,660.1552,18.366125,27.532364, Private, HS-grad, Married-civ-spouse, Sales, Wife, White, Male, United-States, >50K
59.87971,398355.3,10.152227,461.0384,-54.515957,34.938847, Private, Some-college, Separated, Other-service, Unmarried, White, Male, United-States, >50K
28.690226,750216.8,8.897235,157.87482,-101.97515,31.816963, Private, Bachelors, Never-married, Sales, Not-in-family, White, Male, United-States, >50K
97.64441,64812.96,9.354169,-1083.4431,-42.396267,-3.5356886, Local-gov, Some-college, Never-married, Prof-specialty, Not-in-family, White, Male, United-States, <=50K
67.10808,-278911.78,14.380092,2895.3647,13.150159,18.289404, Local-gov, Masters, Married-civ-spouse, Prof-specialty, Husband, White, Male, United-States, >50K
37.742466,136887.75,10.581497,-430.75067,-26.877695,65.16566, Federal-gov, Bachelors, Married-civ-spouse, Prof-specialty, Husband, White, Male, United-States, >50K
24.839079,-168205.2,14.36016,410.1494,-16.125376,-6.6373997, Self-emp-not-inc, Bachelors, Never-married, Prof-specialty, Not-in-family, White, Male, United-States, <=50K
-15.320706,447292.84,10.028807,861.2802,779.19293,67.80471, Private, HS-grad, Married-civ-spouse, Adm-clerical, Husband, White, Male, United-States, <=50K
-10.385987,392486.38,9.573099,1178.1185,41.637547,26.39026, Private, Some-college, Never-married, Adm-clerical, Not-in-family, White, Female, United-States, <=50K
27.50782,51.328777,11.664608,-283.33673,3461.0903,23.357763, Private, Some-college, Married-civ-spouse, Other-service, Husband, White, Female, United-States, >50K
1.8287691,173886.33,9.15554,-377.35724,-4.281375,67.12247, Private, HS-grad, Never-married, Protective-serv, Not-in-family, White, Male, United-States, <=50K
62.33601,-220258.61,9.612288,-3010.572,3222.3281,-27.14427, Local-gov, Some-college, Never-married, Adm-clerical, Own-child, White, Female, United-States, <=50K
-20.128288,564853.3,4.856961,265.42194,-99.99262,21.610102, Private, HS-grad, Divorced, Machine-op-inspct, Not-in-family, White, Male, United-States, <=50K
57.699688,161452.48,9.906249,-763.25336,-48.822887,-3.3950331, Private, Some-college, Never-married, Protective-serv, Not-in-family, White, Male, United-States, <=50K
71.80224,695815.6,8.70899,-165.70941,-139.52109,0.85706127, Local-gov, HS-grad, Divorced, Prof-specialty, Not-in-family, White, Female, United-States, <=50K
2.837066,616835.1,10.919672,304.09473,-27.884508,64.30426, Self-emp-not-inc, HS-grad, Married-civ-spouse, Sales, Wife, White, Female, United-States, >50K
51.813847,980962.25,11.430625,906.8556,64.15062,68.5515, Private, Bachelors, Married-civ-spouse, Sales, Husband, White, Male, United-States, <=50K
22.981525,90670.04,9.609715,48.828,-26.89551,30.767883, Private, HS-grad, Widowed, Other-service, Unmarried, White, Female, United-States, <=50K
6.548553,-307172.2,10.1987295,402.76398,28.136282,-8.102579, Private, Some-college, Divorced, Craft-repair, Own-child, White, Female, United-States, >50K
17.861313,-37399.797,12.557613,436.56537,-31.179392,19.7076, Self-emp-not-inc, Assoc-acdm, Never-married, Sales, Not-in-family, White, Female, United-States, <=50K
41.18637,648777.75,11.342237,-480.6081,-32.777287,50.238533, Private, Bachelors, Separated, Tech-support, Not-in-family, White, Female, United-States, <=50K
59.791637,826362.8,8.643114,-133.36261,-2.4095411,38.5863, Private, HS-grad, Never-married, Other-service, Not-in-family, White, Female, United-States, <=50K
18.64235,228063.77,1.8054924,1848.4342,98.611404,97.20417, Private, 11th, Never-married, Handlers-cleaners, Own-child, White, Female, United-States, <=50K
95.62659,43985.39,10.3714,-204.48431,42.403587,-11.10359, Private, Some-college, Widowed, Exec-managerial, Not-in-family, White, Female, United-States, <=50K
25.593868,212700.83,8.589559,937.7676,-33.769375,-15.999681, Self-emp-not-inc, HS-grad, Married-civ-spouse, Machine-op-inspct, Husband, White, Male, United-States, <=50K
84.07523,573375.2,11.031163,942.4545,-30.636553,1.2646312, Private, HS-grad, Never-married, Prof-specialty, Own-child, White, Male, United-States, <=50K
47.62365,110094.484,9.470275,-443.9842,16.010885,54.342632, Private, Some-college, Divorced, Craft-repair, Unmarried, White, Female, United-States, <=50K
20.820204,92703.555,7.3733573,636.337,42.6125,60.43055, Federal-gov, HS-grad, Never-married, Machine-op-inspct, Not-in-family, White, Male, United-States, <=50K
17.045408,-9469.343,10.312191,404.52112,28.19715,81.1386, Private, Some-college, Never-married, Prof-specialty, Own-child, White, Female, United-States, <=50K
98.83941,426986.25,9.379681,1044.1764,99.843,-46.933594, ?, HS-grad, Never-married, ?, Not-in-family, White, Female, United-States, <=50K
14.435472,-23972.797,10.913849,311.024,20.740652,82.22701, Private, Bachelors, Married-civ-spouse, Exec-managerial, Husband, White, Male, United-States, <=50K
28.51882,-134280.08,8.98476,1084.734,-16.874842,58.25667, Private, HS-grad, Married-civ-spouse, Craft-repair, Husband, White, Male, United-States, <=50K
75.68649,-184660.42,9.954618,-237.66364,-41.38899,53.762875, Private, HS-grad, Married-civ-spouse, Craft-repair, Husband, White, Male, United-States, >50K
56.6699,109164.02,11.276007,-848.92645,981.39734,56.782436, Private, HS-grad, Married-civ-spouse, Exec-managerial, Husband, White, Male, United-States, >50K
38.551357,593751.0,9.340822,726.6413,-45.368664,51.85456, Private, Some-college, Married-civ-spouse, Farming-fishing, Husband, White, Male, United-States, <=50K
13.212001,516261.06,7.9385796,435.14386,-14.953944,48.466785, Federal-gov, Some-college, Married-civ-spouse, Adm-clerical, Wife, White, Female, United-States, <=50K
3.7838128,-133371.11,12.728292,2526.8606,156.40117,67.09007, State-gov, Bachelors, Never-married, Prof-specialty, Unmarried, White, Female, United-States, <=50K
23.533123,564602.25,9.414218,-619.22406,-45.14787,-18.947908, Private, HS-grad, Separated, Sales, Wife, White, Female, United-States, >50K
40.33708,265791.94,-1.8652925,336.29675,-58.30232,55.30086, Private, 9th, Married-civ-spouse, Craft-repair, Husband, White, Male, United-States, >50K
13.967187,333404.94,9.513347,226.74084,10.342275,29.068016, State-gov, Some-college, Divorced, Adm-clerical, Unmarried, White, Female, United-States, <=50K
-12.534047,-36668.766,9.98284,1501.5222,95.54433,65.98642, Private, HS-grad, Married-civ-spouse, Adm-clerical, Husband, White, Female, United-States, <=50K
26.270304,347622.72,12.328675,230.65869,-27.778048,0.37094676, Private, Bachelors, Married-civ-spouse, Adm-clerical, Husband, White, Male, United-States, <=50K
16.311283,46373.61,9.2905445,4741.816,9.130033,-3.762976, Private, HS-grad, Married-civ-spouse, Craft-repair, Husband, White, Male, United-States, >50K
5.619621,669452.7,12.684267,7269.442,-7.8829756,47.399258, Private, Assoc-acdm, Married-civ-spouse, Machine-op-inspct, Husband, White, Male, United-States, >50K
68.10788,869535.3,9.678903,185.74078,-30.452982,49.473972, Private, HS-grad, Never-married, Craft-repair, Not-in-family, White, Female, United-States, <=50K
37.560825,590181.2,9.020952,-205.5014,-19.690813,58.529903, Private, HS-grad, Never-married, Other-service, Own-child, White, Male, United-States, <=50K
66.48675,-68697.2,10.817462,1369.7225,3.8039217,67.704346, State-gov, Some-college, Never-married, Prof-specialty, Not-in-family, White, Male, United-States, <=50K
43.12491,-151853.86,9.471785,130.86133,21.649954,39.77078, Private, 10th, Married-civ-spouse, Machine-op-inspct, Husband, White, Male, United-States, <=50K
40.836765,113478.195,10.553471,-1300.3181,1.5363437,38.354202, Private, Some-college, Divorced, Craft-repair, Not-in-family, White, Male, United-States, <=50K
126.187515,12343.548,8.162286,19337.613,-210.5539,9.76281, ?, Assoc-acdm, Divorced, Craft-repair, Not-in-family, White, Male, United-States, <=50K
31.212368,370766.7,10.010175,453.89624,-22.17309,49.91597, Private, Some-college, Never-married, Protective-serv, Own-child, White, Male, United-States, <=50K
39.717148,56393.266,9.077393,139.2575,-31.171862,38.53915, Private, HS-grad, Never-married, Other-service, Own-child, White, Female, United-States, <=50K
12.3534975,-123971.67,12.5539875,1295.6433,16.555464,0.526369, Private, Bachelors, Married-civ-spouse, Adm-clerical, Husband, White, Male, United-States, <=50K
27.249723,111252.08,10.076767,174.29102,118.72369,-18.169271, Private, Assoc-acdm, Married-civ-spouse, Prof-specialty, Not-in-family, White, Female, United-States, >50K
17.8391,995523.75,8.647347,3031.4663,-123.64478,31.48798, Private, HS-grad, Married-civ-spouse, Adm-clerical, Husband, White, Male, United-States, <=50K
48.17543,-69743.19,8.826875,-328.95367,-21.264238,37.454277, Local-gov, HS-grad, Married-civ-spouse, Transport-moving, Husband, White, Female, United-States, >50K
25.24344,-73355.016,10.846467,-94.015816,44.293873,-9.2421055, Private, Some-college, Never-married, Sales, Not-in-family, White, Male, United-States, <=50K
78.90492,243833.33,11.034435,-1248.4478,600.10455,26.84409, Private, HS-grad, Never-married, Prof-specialty, Not-in-family, White, Female, United-States, <=50K
39.47811,26787.906,9.163406,150.4931,25.076094,2.5993097, Private, HS-grad, Never-married, Adm-clerical, Not-in-family, White, Female, United-States, <=50K
55.692425,-132961.45,13.937782,9849.744,-49.87483,34.68913, Self-emp-not-inc, Masters, Never-married, ?, Not-in-family, White, Female, United-States, >50K
26.33165,465527.25,11.554257,3197.3938,-13.032084,95.523735, Self-emp-inc, Bachelors, Married-civ-spouse, Transport-moving, Husband, White, Male, United-States, >50K
73.203285,1.0214631e+06,8.974426,280.45966,10.872197,60.791664, Private, HS-grad, Married-civ-spouse, Protective-serv, Husband, White, Male, United-States, <=50K
41.344658,209951.84,9.34025,-355.5285,-11.575801,13.530874, Private, HS-grad, Married-spouse-absent, Other-service, Not-in-family, White, Female, United-States, <=50K
35.489666,410273.2,12.170172,-1325.1814,-113.98211,70.15927, Local-gov, Bachelors, Divorced, Protective-serv, Not-in-family, White, Female, United-States, <=50K
40.160694,600391.44,9.604013,3237.6382,-13.263759,4.6249676, Self-emp-not-inc, Some-college, Married-civ-spouse, Craft-repair, Husband, White, Male, United-States, <=50K
31.726337,31133.36,8.833657,347.1624,-71.95937,5.819315, Private, HS-grad, Never-married, Other-service, Own-child, White, Male, United-States, <=50K
17.916454,245124.3,9.46033,-797.3322,-0.79581726,35.049576, Private, HS-grad, Never-married, Adm-clerical, Own-child, White, Female, United-States, <=50K
70.78448,429553.8,9.518952,-696.4843,8.269765,39.287544, Private, HS-grad, Never-married, Craft-repair, Not-in-family, White, Female, United-States, >50K
31.054066,223891.64,9.776123,-311.00946,-2.4909315,49.068817, Private, Some-college, Divorced, Transport-moving, Not-in-family, White, Female, United-States, <=50K
48.508003,280880.97,11.464765,-312.2757,19.458807,49.31693, State-gov, Bachelors, Divorced, Protective-serv, Not-in-family, White, Male, United-States, <=50K
89.858986,352069.0,10.134232,1527.4209,1.0679523,95.04254, Without-pay, Some-college, Separated, Adm-clerical, Unmarried, White, Female, United-States, <=50K
56.09425,-104517.7,10.149432,-583.6069,75.2461,-11.772192, Federal-gov, Some-college, Divorced, Adm-clerical, Not-in-family, White, Female, United-States, <=50K
-9.404576,178731.98,10.226241,142.23419,-81.99633,82.30924, Local-gov, HS-grad, Married-civ-spouse, Adm-clerical, Own-child, White, Female, United-States, <=50K
33.166756,261830.45,9.2295685,293.601,-24.608568,94.07398, Private, HS-grad, Never-married, Protective-serv, Not-in-family, White, Male, United-States, <=50K
67.414955,99517.57,9.95549,-239.19427,23.566591,63.59144, Federal-gov, HS-grad, Never-married, ?, Unmarried, White, Female, United-States, <=50K
100.31148,51219.516,9.540105,-1190.4065,-24.558702,-9.734587, Private, HS-grad, Never-married, Prof-specialty, Not-in-family, White, Male, United-States, <=50K
62.684483,-144442.58,9.057731,-1440.2395,-31.460009,16.29893, Private, HS-grad, Never-married, Transport-moving, Husband, White, Male, United-States, <=50K
36.830437,673031.8,11.431309,-16.161076,173.60025,29.369768, Private, Some-college, Never-married, Other-service, Own-child, White, Female, United-States, <=50K
33.210426,323921.2,10.442393,1205.4185,25.403463,58.275623, Private, Some-college, Divorced, Prof-specialty, Unmarried, White, Female, United-States, <=50K
95.89612,187081.69,9.945214,-101.44355,-27.7017,39.87843, Private, Some-college, Married-civ-spouse, Protective-serv, Husband, White, Male, United-States, <=50K
19.823694,79356.625,14.77198,-973.1153,19.265402,93.51953, Private, Assoc-voc, Married-civ-spouse, Prof-specialty, Husband, White, Male, United-States, <=50K
16.273901,1694.6881,11.583573,720.3516,-16.721354,51.193428, State-gov, Some-college, Married-civ-spouse, Protective-serv, Husband, White, Male, United-States, <=50K
58.930904,100035.49,10.921996,26955.137,1.0588046,8.235022, Private, Assoc-acdm, Never-married, Farming-fishing, Not-in-family, White, Male, United-States, >50K
89.19412,-57209.36,14.068653,422.52142,-48.406597,47.332336, Federal-gov, Assoc-acdm, Married-civ-spouse, Exec-managerial, Husband, White, Male, United-States, >50K
54.007256,100638.42,13.61282,498.19727,-26.057589,71.7657, Private, Bachelors, Married-civ-spouse, Exec-managerial, Husband, White, Male, United-States, >50K
75.36379,253521.5,9.675481,-1342.633,-50.338924,24.908525, Self-emp-not-inc, Some-college, Married-civ-spouse, Sales, Husband, White, Female, United-States, <=50K
13.450608,113920.85,10.53555,-309.774,-15.777263,82.082985, Private, HS-grad, Married-civ-spouse, Exec-managerial, Husband, White, Male, United-States, <=50K
28.387375,4449.0474,9.999312,-291.02167,1.8420001,36.270927, Self-emp-inc, HS-grad, Married-civ-spouse, Exec-managerial, Own-child, White, Male, United-States, <=50K
17.999878,804164.4,9.866849,962.84937,75.77876,50.634945, Private, Some-college, Married-civ-spouse, Sales, Own-child, White, Female, United-States, <=50K
27.085112,101305.02,10.021577,2350.0393,-56.72018,5.4391575, Private, Bachelors, Married-civ-spouse, Exec-managerial, Husband, White, Male, United-States, <=50K
97.46942,860410.3,12.094076,179.98425,71.53653,44.512962, Private, Some-college, Married-spouse-absent, Prof-specialty, Not-in-family, White, Male, United-States, <=50K
14.037158,-61073.906,11.255853,-117.62873,-113.46987,35.97333, Private, Assoc-acdm, Never-married, Handlers-cleaners, Own-child, White, Female, United-States, <=50K
38.406914,144576.84,9.191099,184.39966,13.362599,66.64334, Private, HS-grad, Married-civ-spouse, Sales, Husband, White, Male, United-States, >50K
18.887894,217334.89,7.3014493,-596.1856,-49.992718,54.386574, Self-emp-not-inc, HS-grad, Married-civ-spouse, Transport-moving, Husband, White, Male, United-States, <=50K
41.938778,576650.2,9.473009,-645.2458,-42.356014,35.224445, Private, HS-grad, Separated, Prof-specialty, Husband, White, Male, United-States, <=50K
56.41389,1.1818978e+06,12.12239,335.52142,-50.556026,46.184265, Private, Bachelors, Married-civ-spouse, Prof-specialty, Husband, White, Male, United-States, <=50K
11.189321,-10989.702,9.109387,-89.720894,-52.397137,35.859814, Private, HS-grad, Married-civ-spouse, Tech-support, Husband, White, Male, United-States, <=50K
31.22967,-83275.984,10.03087,843.6709,-21.661692,57.309383, Federal-gov, Some-college, Married-civ-spouse, Prof-specialty, Unmarried, White, Female, United-States, <=50K
39.368385,357837.3,9.780996,1462.6305,-10.102099,62.724655, Private, Some-college, Never-married, Tech-support, Unmarried, White, Female, United-States, <=50K
20.69815,97384.43,9.052959,-376.50763,-10.320476,27.21396, Private, HS-grad, Never-married, Craft-repair, Unmarried, White, Male, United-States, <=50K
48.013355,774853.75,8.653628,-137.89496,-46.774868,96.57295, Private, Some-college, Never-married, Transport-moving, Not-in-family, White, Male, United-States, <=50K
55.064438,-36789.906,13.835113,3322.4749,-59.37524,26.143984, Private, Bachelors, Divorced, Exec-managerial, Not-in-family, White, Male, United-States, >50K
76.05214,13843.22,9.428244,-591.04913,-20.08558,35.12309, Private, HS-grad, Divorced, Machine-op-inspct, Not-in-family, White, Male, United-States, <=50K
26.727852,772770.56,8.847641,923.6558,-32.767704,18.165848, Private, HS-grad, Married-civ-spouse, Sales, Husband, White, Male, United-States, >50K
13.590922,339587.44,15.837315,2225.9832,-105.85946,45.110367, Private, Bachelors, Married-civ-spouse, Sales, Husband, White, Male, United-States, >50K
55.67395,53645.75,8.290001,-231.70526,1215.7971,41.197357, Private, 10th, Married-civ-spouse, Craft-repair, Husband, White, Male, United-States, >50K
-16.658672,595524.06,10.86295,1189.846,-48.330837,63.66502, Private, Some-college, Married-civ-spouse, Farming-fishing, Husband, White, Male, United-States, <=50K
54.057426,567830.0,12.694685,-1336.7488,78.36102,21.060125, Private, Bachelors, Never-married, Other-service, Own-child, White, Female, United-States, <=50K
33.275253,-48173.14,12.794585,2558.3523,68.020035,22.871483, ?, Bachelors, Never-married, ?, Not-in-family, White, Female, United-States, <=50K
21.574642,824472.06,7.101961,385.49713,-48.075176,69.791466, Private, 10th, Separated, Adm-clerical, Not-in-family, White, Male, United-States, <=50K
-13.5750475,28834.89,11.04457,-1139.6091,14.418759,71.57877, Private, Some-college, Married-civ-spouse, Tech-support, Not-in-family, White, Male, United-States, <=50K
9.392873,-7062.312,8.595698,-374.69696,1.3737231,-20.717554, Private, HS-grad, Never-married, Handlers-cleaners, Own-child, White, Female, United-States, <=50K
49.347897,938204.44,9.061018,1432.9418,-144.55736,-2.3813002, Private, HS-grad, Married-civ-spouse, Farming-fishing, Husband, White, Male, United-States, <=50K
40.81814,-108712.484,12.234702,248.29205,-24.167826,52.906303, Private, Bachelors, Never-married, Tech-support, Not-in-family, White, Female, United-States, <=50K
64.634705,-201240.02,10.446597,-734.7424,-25.84257,25.468094, Federal-gov, HS-grad, Married-civ-spouse, Adm-clerical, Not-in-family, White, Male, United-States, >50K
60.02569,104812.5,11.11959,-233.98712,20.376669,75.2757, Private, Assoc-voc, Married-civ-spouse, Prof-specialty, Husband, White, Female, United-States, <=50K
37.060955,-193948.98,9.790531,606.6003,-42.843456,64.47238, Private, Some-college, Married-civ-spouse, Transport-moving, Husband, White, Male, United-States, <=50K
53.978966,-197884.64,9.465346,-716.36395,-72.44227,61.510056, Federal-gov, HS-grad, Widowed, Other-service, Not-in-family, White, Male, United-States, >50K
-4.210049,166027.44,9.427739,-310.58234,53.977573,55.476364, Private, Some-college, Never-married, Adm-clerical, Own-child, White, Male, United-States, <=50K
22.31096,212762.03,9.261036,42.44543,16.79244,32.06693, Private, HS-grad, Never-married, Tech-support, Not-in-family, White, Female, United-States, <=50K
59.819756,317190.9,13.06218,-743.6734,-36.12704,9.783955, State-gov, Bachelors, Never-married, Exec-managerial, Not-in-family, White, Male, United-States, <=50K
33.649376,374021.3,14.346951,115.546196,-30.804369,79.78983, Private, Some-college, Never-married, Craft-repair, Own-child, White, Female, United-States, <=50K
12.369401,135495.72,8.487106,3101.665,87.27768,-1.5653402, ?, HS-grad, Married-civ-spouse, Protective-serv, Own-child, White, Male, United-States, <=50K
-0.65954655,525823.3,8.2688465,96.355156,21.854666,69.87192, Private, HS-grad, Never-married, Protective-serv, Not-in-family, White, Male, United-States, <=50K
25.697987,143227.31,9.330279,-643.45184,56.308968,13.215326, Private, Some-college, Never-married, Adm-clerical, Own-child, White, Female, United-States, <=50K
27.92704,-24719.547,13.060199,715.3072,-23.728456,58.874134, Private, Bachelors, Married-civ-spouse, Sales, Husband, White, Female, United-States, <=50K
87.14114,-18569.156,10.157664,-156.77325,-37.75053,37.521076, Private, HS-grad, Widowed, Tech-support, Not-in-family, White, Male, United-States, <=50K
98.95049,80295.85,9.4092,9793.38,-91.05387,-3.430487, ?, Some-college, Married-civ-spouse, ?, Husband, White, Male, United-States, >50K
41.089275,-120645.95,8.689757,306.82367,-53.99284,24.25204, State-gov, Some-college, Never-married, Exec-managerial, Unmarried, White, Female, United-States, <=50K
93.625534,82116.41,12.325254,2702.6814,-32.891125,49.558018, Private, Some-college, Married-civ-spouse, Other-service, Unmarried, White, Female, United-States, >50K
52.662037,67120.22,11.021274,430.45563,-30.59704,18.971033, Private, Bachelors, Married-civ-spouse, Transport-moving, Husband, White, Male, United-States, >50K
37.380867,459705.4,12.660423,716.26794,-10.28818,94.822914, Private, Bachelors, Married-civ-spouse, Other-service, Husband, White, Male, United-States, <=50K
31.651722,-156885.73,10.868319,71.95434,-39.105244,74.02504, Private, Some-college, Divorced, Other-service, Not-in-family, White, Male, United-States, <=50K
26.708305,429308.47,8.881231,-599.4202,-22.57487,62.06047, Private, HS-grad, Married-civ-spouse, Exec-managerial, Husband, White, Male, United-States, <=50K
49.040318,180903.2,12.5401,9445.249,34.567448,22.929253, Federal-gov, Bachelors, Never-married, Prof-specialty, Not-in-family, White, Male, United-States, >50K
34.34767,851428.0,12.222726,1309.2031,-74.37412,17.014069, Private, Bachelors, Married-civ-spouse, Prof-specialty, Husband, White, Male, United-States, >50K
20.388128,444122.34,9.6876,2549.0554,178.62695,59.97426, Private, HS-grad, Married-civ-spouse, Other-service, Husband, White, Female, United-States, <=50K
40.71144,362158.53,12.695416,-211.31805,-30.673967,16.39185, Private, Bachelors, Married-civ-spouse, Other-service, Husband, White, Male, United-States, <=50K
39.10188,223680.11,14.520199,-636.68365,-90.78666,-4.453539, Private, Bachelors, Separated, Prof-specialty, Not-in-family, White, Male, United-States, <=50K
10.214522,818782.8,6.3286023,1617.0778,27.012232,49.267017, Private, 10th, Never-married, Sales, Own-child, White, Male, United-States, <=50K
11.76438,751078.25,7.5720887,2497.554,-271.4777,-9.175951, ?, HS-grad, Never-married, ?, Own-child, White, Female, United-States, <=50K
77.7549,115154.234,9.156671,1000.4642,42.583244,61.931828, Private, Some-college, Married-civ-spouse, Prof-specialty, Husband, White, Male, United-States, <=50K
18.984531,399894.06,12.724453,-1285.1174,68.34711,34.772438, Private, Assoc-voc, Married-civ-spouse, Machine-op-inspct, Husband, White, Male, United-States, <=50K
71.21672,573630.3,5.3683176,1582.1099,-13.998729,42.746502, Private, 10th, Separated, Other-service, Husband, White, Female, United-States, <=50K
45.2181,191035.27,8.280398,1775.7539,6.9078417,34.87823, Private, 11th, Divorced, Other-service, Not-in-family, White, Female, United-States, <=50K
98.51664,-91410.266,13.248162,6267.0576,-46.009365,55.298225, Private, Bachelors, Never-married, Prof-specialty, Not-in-family, White, Male, United-States, >50K
4.6850734,139764.14,8.665673,2183.4055,-14.725841,50.47527, Self-emp-not-inc, HS-grad, Married-civ-spouse, Exec-managerial, Husband, White, Male, United-States, <=50K
18.962662,-24275.156,11.94424,1173.8651,28.976702,21.042946, Private, Masters, Married-spouse-absent, Other-service, Not-in-family, White, Female, United-States, <=50K
-3.7051628,822484.0,11.157699,768.9487,47.48336,45.905525, Private, HS-grad, Married-civ-spouse, Protective-serv, Not-in-family, White, Female, United-States, <=50K
44.115963,137786.84,15.892944,75752.46,3643.547,0.187868, ?, Masters, Married-civ-spouse, ?, Husband, White, Male, United-States, >50K
99.50438,-201216.67,15.309675,5889.524,-98.586205,44.938335, Private, Masters, Never-married, Prof-specialty, Not-in-family, White, Male, United-States, >50K
44.386463,-270175.94,8.859585,1334.3416,95.16708,45.67609, Self-emp-inc, HS-grad, Married-civ-spouse, Sales, Not-in-family, White, Male, United-States, <=50K
43.761917,780996.1,8.381016,775.22565,-17.33671,68.452934, Local-gov, HS-grad, Married-civ-spouse, Craft-repair, Husband, White, Male, United-States, <=50K
26.745756,425334.0,13.545644,1088.889,-25.241884,50.592556, Local-gov, Masters, Married-civ-spouse, Exec-managerial, Husband, White, Male, United-States, <=50K
52.21224,-13911.968,5.127435,421.29144,-50.267345,109.73101, Private, 9th, Never-married, Transport-moving, Unmarried, White, Male, United-States, <=50K
76.69029,106376.49,9.732033,1084.902,-28.17637,64.9951, Federal-gov, HS-grad, Married-civ-spouse, Exec-managerial, Husband, White, Male, United-States, <=50K
25.094313,584935.7,8.902513,755.5907,-43.01968,24.862263, Private, HS-grad, Never-married, Sales, Own-child, White, Female, United-States, <=50K
9.087836,143112.22,11.818588,1222.781,39.322533,35.78172, Private, Assoc-voc, Never-married, Sales, Not-in-family, White, Male, United-States, <=50K
44.50918,555136.0,6.18286,-314.5368,-0.33765686,48.593166, Private, 10th, Divorced, Prof-specialty, Own-child, White, Female, United-States, >50K
30.216576,260801.44,12.65465,366.2486,-38.343662,104.81332, Private, Bachelors, Never-married, Protective-serv, Not-in-family, White, Female, United-States, <=50K
126.92392,-46790.03,9.217421,-655.56525,-71.7524,44.487984, Private, HS-grad, Never-married, Handlers-cleaners, Not-in-family, White, Female, United-States, <=50K
40.497833,-38922.156,9.728357,-53.68317,-96.49033,38.905922, Private, HS-grad, Divorced, Other-service, Not-in-family, White, Female, United-States, <=50K
45.64881,214241.89,10.921528,-556.3117,-29.777666,22.217587, Private, Bachelors, Married-civ-spouse, Prof-specialty, Husband, White, Male, United-States, <=50K
64.961266,287678.03,9.346761,2042.6155,39.338512,120.97964, ?, HS-grad, Married-civ-spouse, ?, Husband, White, Male, United-States, <=50K
51.3167,-67408.94,12.534371,-1115.5505,-10.972781,80.43707, Private, Assoc-voc, Married-civ-spouse, Prof-specialty, Husband, White, Male, United-States, <=50K
20.780241,182813.08,9.754187,134.58228,-12.583415,59.293633, Private, Some-college, Divorced, Exec-managerial, Not-in-family, White, Female, United-States, <=50K
60.164585,-57565.33,0.9687824,-35.82941,35.730164,49.65766, Private, 9th, Married-civ-spouse, Craft-repair, Husband, White, Female, United-States, <=50K
23.68105,145649.62,6.9124613,-1057.2139,-33.49722,23.632921, Private, HS-grad, Married-civ-spouse, Adm-clerical, Own-child, White, Female, United-States, <=50K
13.00921,383896.84,10.090627,1425.1476,-38.7064,80.19926, Federal-gov, Bachelors, Never-married, Protective-serv, Not-in-family, White, Female, United-States, <=50K
53.382507,150825.27,9.83157,-253.58527,6.0486956,25.604654, Private, 11th, Married-civ-spouse, Prof-specialty, Wife, White, Female, United-States, <=50K
63.718273,86807.445,14.786293,1706.6318,-48.933483,33.90867, Federal-gov, Bachelors, Married-civ-spouse, ?, Not-in-family, White, Female, United-States, >50K
51.48655,133950.67,3.3118577,-1114.248,-15.362422,10.065001, ?, 9th, Married-civ-spouse, Transport-moving, Husband, White, Male, United-States, <=50K
14.198028,1.04376056e+06,9.257178,3870.9272,-125.670525,15.452162, Private, Some-college, Divorced, Farming-fishing, Own-child, White, Female, United-States, <=50K
56.93111,-81585.11,9.147052,355.91528,41.248837,7.779833, Private, HS-grad, Married-civ-spouse, Sales, Husband, White, Male, United-States, <=50K
76.11622,735770.56,10.47075,360.01483,-107.639565,1.4254626, Private, Some-college, Divorced, Adm-clerical, Unmarried, White, Female, United-States, <=50K
14.651982,702694.44,12.235946,3304.3406,-121.42628,22.975733, Private, Bachelors, Never-married, Sales, Not-in-family, White, Male, United-States, <=50K
19.799112,-106246.3,8.984794,759.393,-24.220575,45.852726, Self-emp-inc, HS-grad, Never-married, Exec-managerial, Other-relative, White, Male, United-States, <=50K
34.367985,155773.08,8.931236,-714.8182,814.8392,54.260056, Local-gov, HS-grad, Separated, Transport-moving, Not-in-family, White, Female, United-States, <=50K
54.82768,-234018.55,11.260734,-627.3968,59.203846,18.851774, ?, Some-college, Widowed, ?, Not-in-family, White, Female, United-States, <=50K
81.36438,103941.16,13.520964,-887.64044,-42.037838,21.913591, Self-emp-inc, Bachelors, Divorced, Exec-managerial, Husband, White, Female, United-States, <=50K
25.108904,-60706.438,9.985698,-753.7238,-34.71771,18.674776, Private, HS-grad, Never-married, Other-service, Not-in-family, White, Female, United-States, <=50K
46.839703,771257.4,14.362934,2176.0786,-32.881046,25.38941, Self-emp-not-inc, Bachelors, Married-civ-spouse, Sales, Husband, White, Male, United-States, <=50K
39.02019,184511.77,8.372054,-345.64105,-25.536882,72.89494, Private, HS-grad, Never-married, Sales, Not-in-family, White, Female, United-States, <=50K
20.283564,794305.75,10.771721,1039.6312,-89.393974,80.87207, Private, HS-grad, Divorced, Handlers-cleaners, Unmarried, White, Male, United-States, <=50K
11.11514,153396.31,8.972593,-60.03986,5.8192263,5.549177, Private, HS-grad, Never-married, Prof-specialty, Own-child, White, Male, United-States, <=50K
78.9812,462703.9,7.8163295,653.86597,-76.70794,-2.9498694, Private, HS-grad, Married-civ-spouse, Craft-repair, Husband, White, Male, United-States, <=50K
-12.112111,240092.62,10.372533,609.8655,-23.726564,29.420303, Private, HS-grad, Married-civ-spouse, Adm-clerical, Husband, White, Male, United-States, <=50K
2.5581353,509355.66,10.082018,13830.29,14.625447,74.19991, Private, HS-grad, Married-civ-spouse, Farming-fishing, Husband, White, Male, United-States, <=50K
44.075794,633894.44,10.570146,212.24695,-66.135704,6.5335026, Private, Some-college, Never-married, Machine-op-inspct, Not-in-family, White, Male, United-States, <=50K
32.963886,89227.414,10.419657,-640.9815,14.452428,32.458073, State-gov, Assoc-voc, Divorced, Farming-fishing, Not-in-family, White, Male, United-States, <=50K
96.35896,461608.1,8.418571,103.204216,-66.5386,6.933157, Private, HS-grad, Never-married, Transport-moving, Own-child, White, Male, United-States, <=50K
49.793564,1.0789176e+06,15.25486,1184.6898,1071.7858,9.880411, Private, Masters, Married-civ-spouse, Prof-specialty, Husband, White, Male, United-States, <=50K
13.514678,-16973.078,11.136652,-27.511417,26.368135,31.113483, Private, HS-grad, Never-married, Priv-house-serv, Not-in-family, White, Female, United-States, <=50K
119.00731,-124276.95,22.328423,2929.9207,1398.8699,59.01693, Self-emp-inc, Masters, Divorced, Exec-managerial, Not-in-family, White, Female, United-States, >50K
23.24453,249306.12,10.787212,384.14532,74.96532,75.07604, Private, Some-college, Married-civ-spouse, Sales, Husband, White, Male, United-States, <=50K
21.880985,-38732.25,9.380542,4.27557,64.84428,65.72212, Private, HS-grad, Married-civ-spouse, Sales, Husband, White, Female, United-States, <=50K
32.436855,54298.766,9.986919,1703.3738,-22.595911,12.166296, ?, HS-grad, Never-married, ?, Own-child, White, Male, United-States, <=50K
27.193735,740368.1,9.341694,1268.7773,-8.131686,-11.399614, Private, HS-grad, Never-married, Farming-fishing, Not-in-family, White, Male, United-States, <=50K
35.419468,18740.172,8.646084,-654.4908,1.9275638,56.595142, Private, HS-grad, Widowed, Other-service, Not-in-family, White, Female, United-States, <=50K
33.615944,526185.44,7.518409,1432.0521,-78.65035,-7.39028, Self-emp-not-inc, HS-grad, Married-civ-spouse, Farming-fishing, Husband, White, Male, United-States, >50K
76.96745,-79434.95,13.499943,1079.254,-41.40228,12.947872, Self-emp-not-inc, Bachelors, Married-civ-spouse, Adm-clerical, Husband, White, Male, United-States, <=50K
116.23796,514554.62,10.25657,-864.5745,55.994217,41.65315, Local-gov, Assoc-acdm, Married-civ-spouse, Other-service, Husband, White, Male, United-States, <=50K
43.982056,1.0163456e+06,9.54118,1070.1891,-0.691676,41.528652, ?, HS-grad, Married-civ-spouse, ?, Husband, White, Male, United-States, <=50K
19.925863,643651.94,9.578061,-540.60785,-23.342836,40.312466, Private, HS-grad, Divorced, Protective-serv, Not-in-family, White, Male, United-States, <=50K
17.771454,63362.453,4.74371,-120.36921,11.773168,20.808844, Private, 10th, Separated, Other-service, Other-relative, White, Male, United-States, <=50K
29.118305,-118288.2,11.208457,516.1067,-6.3713636,111.6182, Private, Assoc-voc, Married-civ-spouse, Craft-repair, Own-child, White, Male, United-States, <=50K
25.695425,217394.25,11.552876,-713.9344,-3.290248,57.283497, Self-emp-not-inc, Bachelors, Separated, Sales, Not-in-family, White, Male, United-States, >50K
45.11968,76546.46,9.477378,-0.09100746,-32.89935,52.258144, Private, HS-grad, Never-married, Other-service, Unmarried, White, Female, United-States, <=50K
114.87594,9235.298,9.043371,1666.7969,-60.49188,36.62067, State-gov, Some-college, Widowed, Exec-managerial, Unmarried, White, Female, United-States, <=50K
74.843994,246285.45,9.54868,-123.673164,-5.73112,16.360765, Private, Some-college, Never-married, Craft-repair, Not-in-family, White, Male, United-States, <=50K
-2.0445564,130616.96,14.530221,2896.4365,-100.63595,97.43007, Private, Assoc-acdm, Married-civ-spouse, Exec-managerial, Own-child, White, Female, United-States, <=50K
79.88366,-60190.438,9.185223,-584.89667,-85.89315,96.437294, Private, 9th, Married-civ-spouse, Craft-repair, Husband, White, Male, United-States, <=50K
108.13056,246815.55,8.717851,-113.72993,-103.93301,-5.303705, ?, HS-grad, Separated, ?, Own-child, White, Male, United-States, <=50K
-3.9445007,282941.22,1.5534859,2004.998,478.57513,25.250555, Private, 11th, Married-civ-spouse, Machine-op-inspct, Wife, White, Female, United-States, <=50K
10.702485,704375.5,12.017341,201.08368,-9.552005,77.40219, Private, Some-college, Never-married, Prof-specialty, Not-in-family, White, Male, United-States, <=50K
51.625076,344229.34,9.458579,11035.777,-61.676083,57.968777, Private, Some-college, Separated, Protective-serv, Not-in-family, White, Male, United-States, >50K
40.42322,282134.16,12.417195,623.10345,-42.060528,56.792915, ?, Bachelors, Divorced, Exec-managerial, Other-relative, White, Male, United-States, <=50K
6.639093,515045.56,11.834627,43.456966,-46.439037,58.4113, Private, Bachelors, Never-married, Prof-specialty, Not-in-family, White, Male, United-States, <=50K
125.904564,-33381.33,11.801529,5787.7817,-52.22633,49.26387, Self-emp-inc, Assoc-acdm, Married-civ-spouse, Adm-clerical, Husband, White, Male, United-States, >50K
20.461071,454952.94,3.365653,-151.055,-56.44508,115.015144, Private, 9th, Married-civ-spouse, Protective-serv, Husband, White, Male, United-States, <=50K
34.620056,275210.12,11.711212,1375.7756,95.155205,58.18319, Private, Bachelors, Married-civ-spouse, Machine-op-inspct, Husband, White, Male, United-States, <=50K
59.11424,141751.58,10.026056,-1601.9358,2866.319,149.61536, Private, HS-grad, Married-civ-spouse, Exec-managerial, Husband, White, Male, United-States, <=50K
72.75745,1.0089512e+06,9.092522,-618.4764,-56.928967,21.473251, Private, Some-college, Never-married, Sales, Own-child, White, Female, United-States, <=50K
31.424421,519804.16,9.429069,263.74597,-45.13563,7.655905, Self-emp-not-inc, HS-grad, Married-civ-spouse, Exec-managerial, Husband, White, Male, United-States, >50K
17.530308,232491.67,10.429883,875.54126,31.540796,50.59184, Private, HS-grad, Married-civ-spouse, Sales, Husband, White, Male, United-States, <=50K
30.1014,378479.3,8.847302,219.43243,6.841878,-13.138449, Private, HS-grad, Separated, Other-service, Unmarried, White, Female, United-States, <=50K
86.59538,218510.08,11.091163,-940.6645,-80.05033,20.997498, Private, Bachelors, Never-married, Adm-clerical, Not-in-family, White, Male, United-States, <=50K
93.17125,7907.188,12.97686,-164.02692,-50.624462,16.101822, Private, Bachelors, Never-married, Other-service, Not-in-family, White, Female, United-States, <=50K
30.775957,1.0668401e+06,6.5405045,978.8469,3679.2256,26.587282, Private, Some-college, Married-civ-spouse, Sales, Husband, White, Male, United-States, >50K
8.769734,375605.5,8.142628,894.77905,-1.6550549,68.706795, Private, HS-grad, Married-civ-spouse, Other-service, Husband, White, Male, United-States, <=50K
1.4046396,340419.3,8.886306,192.46094,-3.7612333,80.8059, State-gov, HS-grad, Married-civ-spouse, Adm-clerical, Husband, White, Male, United-States, >50K
55.69497,120311.836,16.541458,131.66791,30.433813,19.791616, Federal-gov, Masters, Never-married, Prof-specialty, Not-in-family, White, Female, United-States, <=50K
67.47229,63009.78,9.9329815,-506.98138,-49.8112,62.54612, Private, Some-college, Divorced, Prof-specialty, Not-in-family, White, Male, United-States, >50K
15.118688,1.0009522e+06,9.815208,1803.5918,-363.18198,1.6562365, Private, 11th, Married-civ-spouse, Transport-moving, Own-child, White, Female, United-States, <=50K
22.100555,281959.72,11.196662,2635.2327,-55.665478,45.088707, Private, Some-college, Never-married, Exec-managerial, Not-in-family, White, Male, United-States, >50K
1.8511423,750120.4,9.39552,1315.8539,-36.82205,115.15608, State-gov, Some-college, Married-civ-spouse, Protective-serv, Own-child, White, Male, United-States, <=50K
58.98391,161408.2,10.680438,711.37354,77.3573,23.14119, State-gov, Some-college, Divorced, Prof-specialty, Husband, White, Male, United-States, <=50K
63.36947,272317.5,9.475025,778.42267,-47.986446,72.42209, Private, HS-grad, Married-civ-spouse, Prof-specialty, Husband, White, Male, United-States, >50K
21.048502,705534.6,9.490512,1707.1534,28.6914,61.925594, Private, Some-college, Married-civ-spouse, Adm-clerical, Wife, White, Female, United-States, <=50K
95.57859,358717.0,9.761632,-262.83344,-51.76507,30.249651, Private, HS-grad, Married-civ-spouse, Craft-repair, Husband, White, Male, United-States, <=50K
7.009933,-60371.53,11.495136,-482.47443,-0.7686337,18.133951, Private, Bachelors, Never-married, ?, Own-child, White, Male, United-States, <=50K
87.252754,96772.805,9.775305,-1877.4768,0.57035553,4.414301, Private, Some-college, Married-civ-spouse, Farming-fishing, Husband, White, Male, United-States, <=50K
29.46124,832151.2,12.184349,-270.0373,21.221884,50.020584, State-gov, Bachelors, Divorced, Sales, Own-child, White, Female, United-States, <=50K
-5.1470914,298022.22,10.280133,-51.548527,48.543636,25.679878, Private, HS-grad, Married-civ-spouse, ?, Husband, White, Male, United-States, <=50K
54.801723,-5868.515,9.926307,293.68994,-85.954475,95.30964, Private, Some-college, Never-married, Other-service, Not-in-family, White, Male, United-States, <=50K
-8.994061,279399.12,9.46969,2607.0544,-19.239634,81.25619, Private, Some-college, Married-spouse-absent, Tech-support, Not-in-family, White, Male, United-States, <=50K
16.738874,105305.51,11.46853,-867.0716,50.976418,12.652435, Private, HS-grad, Divorced, Sales, Not-in-family, White, Male, United-States, >50K
69.395645,-161671.7,12.031474,-951.56537,-44.784756,26.913267, Private, Assoc-acdm, Married-civ-spouse, Transport-moving, Husband, White, Male, United-States, >50K
58.16657,471862.03,9.059265,12762.284,-11.245807,56.780342, Private, HS-grad, Married-civ-spouse, Farming-fishing, Husband, White, Male, United-States, >50K
84.65682,208871.55,13.262232,353.55865,-19.388704,107.49882, Private, Bachelors, Married-civ-spouse, Other-service, Husband, White, Male, United-States, <=50K
35.31337,-118318.42,10.882392,-1184.8108,31.057882,29.301464, Private, Some-college, Never-married, Craft-repair, Own-child, White, Male, United-States, <=50K
37.226036,146236.06,12.33795,841.6882,-34.088253,83.31824, Private, Bachelors, Married-civ-spouse, Other-service, Husband, White, Male, United-States, <=50K
54.6327,836812.5,8.921157,105.65197,31.84775,49.77736, Private, HS-grad, Married-civ-spouse, Other-service, Husband, White, Male, United-States, <=50K
39.59947,482790.56,11.442794,-900.87177,-99.758675,84.396034, Private, Bachelors, Separated, Sales, Unmarried, White, Male, United-States, <=50K
77.86521,385344.06,12.826563,365.01447,-79.82841,97.026085, Self-emp-not-inc, Bachelors, Married-civ-spouse, Other-service, Husband, White, Female, United-States, <=50K
34.14337,222442.89,9.340483,-463.12433,18.275015,84.418655, Private, HS-grad, Married-civ-spouse, Exec-managerial, Husband, White, Male, United-States, <=50K
69.4353,108072.17,9.033492,-30.959904,-43.384792,79.472145, Private, HS-grad, Married-civ-spouse, Sales, Own-child, White, Male, United-States, <=50K
-4.0528226,218415.6,7.3736644,4145.8716,-79.265785,-17.484068, Private, HS-grad, Never-married, Handlers-cleaners, Own-child, White, Male, United-States, <=50K
34.672543,-32457.953,19.943905,1140.2972,-11.967204,28.088713, Local-gov, Bachelors, Married-civ-spouse, Prof-specialty, Husband, White, Male, United-States, >50K
45.392513,437573.75,13.844468,-130.50311,-5.2507505,11.333176, Private, Assoc-acdm, Married-civ-spouse, Sales, Husband, White, Male, United-States, >50K
7.272798,-179695.36,9.478357,986.07294,-18.39734,61.447086, Private, Some-college, Never-married, Sales, Own-child, White, Female, United-States, <=50K
25.925724,405895.34,11.402537,483.42078,24.95603,71.636116, Private, Assoc-voc, Never-married, Farming-fishing, Not-in-family, White, Male, United-States, <=50K
-2.8164947,516820.53,9.075763,430.33875,51.0262,16.931364, Private, HS-grad, Never-married, Sales, Not-in-family, White, Female, United-States, <=50K
-10.91776,354045.56,12.921171,-202.83673,1207.6749,-11.20207, Private, Some-college, Never-married, Farming-fishing, Own-child, White, Male, United-States, <=50K
8.79477,165832.03,16.705345,95.64678,-26.08172,58.193645, Private, Assoc-acdm, Never-married, Prof-specialty, Own-child, White, Male, United-States, <=50K
75.6148,-45599.28,13.367791,363.87494,-24.344667,69.877144, Private, Bachelors, Married-civ-spouse, Tech-support, Husband, White, Male, United-States, <=50K
67.90561,161987.95,19.355764,599.91187,-80.074486,58.662277, Private, Masters, Never-married, Exec-managerial, Not-in-family, White, Female, United-States, <=50K
93.45761,47372.344,13.147322,4600.451,-51.83726,69.22233, Private, Bachelors, Married-civ-spouse, Exec-managerial, Husband, White, Male, United-States, <=50K
15.678174,-93434.86,10.57493,1397.0149,44.599827,61.522934, Private, Some-college, Married-civ-spouse, Exec-managerial, Husband, White, Male, United-States, <=50K
-7.749207,-238061.39,10.023962,-463.9029,-48.41215,-9.514044, Private, Some-college, Never-married, Adm-clerical, Own-child, White, Female, United-States, <=50K
8.297702,581356.06,11.919791,-686.9427,1.6190006,40.91409, State-gov, Masters, Married-civ-spouse, Prof-specialty, Husband, White, Male, United-States, <=50K
23.193932,249052.52,9.116466,359.83752,30.643835,85.48077, Private, HS-grad, Never-married, Protective-serv, Unmarried, White, Male, United-States, <=50K
73.23596,82339.77,10.392589,-783.5639,8.8163805,71.511444, Private, Assoc-voc, Married-civ-spouse, Exec-managerial, Husband, White, Male, United-States, <=50K
70.50971,621424.6,9.650305,-67.47883,-91.48644,12.767038, Private, Some-college, Married-civ-spouse, Sales, Husband, White, Male, United-States, <=50K
-5.5680203,216395.66,8.625369,1645.039,-34.881504,83.691124, Private, HS-grad, Married-civ-spouse, Farming-fishing, Husband, White, Male, United-States, <=50K
13.479432,-63103.875,9.635663,390.5791,8.656392,22.503849, Private, HS-grad, Married-civ-spouse, Prof-specialty, Husband, White, Male, United-States, >50K
35.869316,819135.06,9.216801,170.53839,-76.51057,-14.036058, Private, Some-college, Married-civ-spouse, Craft-repair, Husband, White, Male, United-States, >50K
25.484768,42670.734,12.320453,206.89642,221.98204,81.8795, Federal-gov, Masters, Married-civ-spouse, Prof-specialty, Wife, White, Female, United-States, <=50K
75.021996,103114.33,9.030347,-638.241,585.7773,-10.224745, Private, HS-grad, Separated, Machine-op-inspct, Own-child, White, Female, United-States, >50K
43.011375,61244.305,9.923759,-290.04498,-17.203112,12.279444, Private, Some-college, Married-civ-spouse, Tech-support, Husband, White, Male, United-States, <=50K
62.378727,695239.94,8.79402,1285.0126,28.278795,48.241695, Private, HS-grad, Married-civ-spouse, Machine-op-inspct, Husband, White, Male, United-States, >50K
9.411767,1.0627229e+06,6.562591,611.2098,-112.38999,15.269295, Private, 11th, Married-civ-spouse, Sales, Husband, White, Male, United-States, <=50K
63.48423,27146.734,11.212894,833.2181,-36.18237,2.9701326, Federal-gov, HS-grad, Married-civ-spouse, Prof-specialty, Husband, White, Male, United-States, >50K
43.541374,453805.3,10.269811,-110.75556,-5.2835875,84.335846, Private, Some-college, Married-civ-spouse, Exec-managerial, Husband, White, Male, United-States, >50K
12.223327,195261.81,9.329522,-376.29596,50.381725,33.025444, Private, HS-grad, Married-civ-spouse, Other-service, Own-child, White, Female, United-States, <=50K
26.5292,478952.3,8.77896,989.4878,40.429676,42.0642, Private, HS-grad, Married-civ-spouse, Craft-repair, Other-relative, White, Male, United-States, <=50K
44.68992,-37403.766,11.841651,534.8896,-62.50787,52.64009, Private, Assoc-acdm, Never-married, Tech-support, Not-in-family, White, Female, United-States, <=50K
92.595695,8374.782,10.8407755,-329.06146,-74.838936,12.364439, Private, Assoc-voc, Married-civ-spouse, Craft-repair, Husband, White, Male, United-States, <=50K
3.2906945,714136.56,11.116603,-1181.5105,1493.0428,43.630894, Private, HS-grad, Married-civ-spouse, Machine-op-inspct, Husband, White, Male, United-States, <=50K
70.213936,495330.75,11.151965,-14.823307,0.32051575,46.170353, Private, Assoc-voc, Married-spouse-absent, Prof-specialty, Not-in-family, White, Female, United-States, <=50K
52.258453,81292.9,11.119463,-1010.22235,-22.7008,2.9725778, Private, Bachelors, Never-married, Prof-specialty, Not-in-family, White, Female, United-States, <=50K
102.13259,-104532.516,13.029358,2605.6003,-120.641335,15.636902, Private, Bachelors, Divorced, Prof-specialty, Not-in-family, White, Female, United-States, <=50K
61.985687,323978.12,7.593967,-1493.4626,19.790976,64.34748, Private, HS-grad, Never-married, Craft-repair, Not-in-family, White, Male, United-States, <=50K
0.6365693,386045.78,7.562632,-364.58392,-28.569536,54.61692, Private, HS-grad, Never-married, Machine-op-inspct, Not-in-family, White, Male, United-States, <=50K
14.544253,309814.06,8.472154,206.29114,-65.50683,40.13477, Private, HS-grad, Never-married, Adm-clerical, Own-child, White, Male, United-States, <=50K
75.77966,1.0403203e+06,9.394884,3133.0647,-40.426098,21.112345, ?, HS-grad, Married-civ-spouse, ?, Husband, White, Male, United-States, <=50K
59.91613,295969.66,14.433465,226.34741,25.846315,37.279507, Private, Assoc-acdm, Married-civ-spouse, Machine-op-inspct, Husband, White, Male, United-States, <=50K
62.467888,94066.61,10.12247,16903.336,2.4627962,-0.3691808, Private, Some-college, Divorced, Adm-clerical, Unmarried, White, Female, United-States, <=50K
76.80056,171643.92,10.202958,-582.6586,-8.575877,7.6775913, Private, Some-college, Never-married, Prof-specialty, Own-child, White, Female, United-States, <=50K
73.148445,176029.47,10.400663,2277.0264,32.40447,74.68242, Private, Some-college, Never-married, Adm-clerical, Not-in-family, White, Female, United-States, <=50K
60.66558,100377.1,11.473748,-1025.4858,408.73965,7.983618, Private, Bachelors, Divorced, Exec-managerial, Not-in-family, White, Male, United-States, <=50K
4.3158755,678887.6,15.459972,1737.6619,-36.2926,39.04288, Private, Bachelors, Never-married, Prof-specialty, Not-in-family, White, Female, United-States, <=50K
98.10957,-3454.8743,10.41993,1018.9169,-11.133708,76.31107, Self-emp-not-inc, HS-grad, Married-civ-spouse, Other-service, Husband, White, Male, United-States, <=50K
92.59929,-83074.08,13.904743,4952.515,-3.6546812,-77.78381, Private, Assoc-acdm, Married-spouse-absent, ?, Not-in-family, White, Female, United-States, <=50K
32.4888,723209.75,4.8174367,5238.9014,51.687943,35.066826, Self-emp-inc, HS-grad, Divorced, Sales, Other-relative, White, Female, United-States, <=50K
50.997635,-548.1868,10.091936,1660.3304,251.17078,38.900963, Private, HS-grad, Married-civ-spouse, Craft-repair, Husband, White, Male, United-States, <=50K
81.74872,753964.06,11.566357,-54.86835,-8.109271,19.90183, Private, HS-grad, Married-civ-spouse, Sales, Husband, White, Female, United-States, <=50K
34.081524,322672.28,9.120733,-578.29474,104.19873,54.296738, Private, HS-grad, Never-married, Sales, Not-in-family, White, Female, United-States, <=50K
92.204384,337637.75,27.657074,46952.383,22.014845,94.34587, Federal-gov, Assoc-voc, Married-civ-spouse, Prof-specialty, Husband, White, Male, United-States, >50K
18.859324,250337.3,10.147645,4857.5957,17.93952,101.1505, Federal-gov, Assoc-voc, Married-civ-spouse, Transport-moving, Husband, White, Male, United-States, <=50K
64.1001,-169475.55,12.361212,-103.87177,-12.937633,-1.0814306, Private, Bachelors, Widowed, Tech-support, Not-in-family, White, Female, United-States, >50K
73.30783,303529.28,12.138245,646.1603,20.140593,79.41639, Private, Assoc-voc, Married-civ-spouse, Craft-repair, Husband, White, Male, United-States, >50K
42.520374,91902.9,11.896896,373.68225,2656.9258,88.8539, ?, Some-college, Never-married, Exec-managerial, Not-in-family, White, Male, United-States, <=50K
84.80508,644958.06,18.693167,2970.2722,81.78791,43.68166, Self-emp-inc, Masters, Widowed, Other-service, Not-in-family, White, Female, United-States, >50K
45.15414,300665.94,8.955605,-782.3869,149.96255,70.56314, Private, HS-grad, Never-married, Machine-op-inspct, Not-in-family, White, Male, United-States, <=50K
43.34451,-347346.2,8.106828,-2398.805,-6.7212095,-32.31344, Private, HS-grad, Never-married, ?, Own-child, White, Male, United-States, <=50K
74.948685,1.0699084e+06,11.720235,-597.29645,-121.797874,-14.99011, Self-emp-not-inc, HS-grad, Never-married, Sales, Unmarried, White, Female, United-States, <=50K
71.09427,826113.7,9.688898,-76.48676,18.351713,38.29148, Private, HS-grad, Divorced, Sales, Not-in-family, White, Male, United-States, <=50K
40.1323,564662.1,10.116765,772.1534,53.392956,34.09028, Private, Some-college, Married-spouse-absent, Adm-clerical, Not-in-family, White, Female, United-States, <=50K
42.49254,870460.7,6.327128,3555.066,-29.478876,39.937313, Private, 11th, Married-civ-spouse, Adm-clerical, Wife, White, Female, United-States, <=50K
77.26168,446527.22,8.365597,1633.9105,-31.48659,-12.094255, Self-emp-not-inc, HS-grad, Married-civ-spouse, Other-service, Wife, White, Female, United-States, >50K
53.82301,-51981.25,8.943747,-1230.5493,-44.109295,50.063324, Private, 11th, Divorced, Tech-support, Not-in-family, White, Female, United-States, <=50K
73.734474,555481.4,4.915007,-677.9063,-74.82844,-26.151518, Private, 9th, Never-married, Priv-house-serv, Other-relative, White, Female, United-States, <=50K
56.326023,464161.06,20.704264,0.9089925,107.60051,74.51489, Private, Assoc-acdm, Married-civ-spouse, Prof-specialty, Husband, White, Male, United-States, >50K
64.03437,155449.14,10.064571,507.23926,-14.81187,26.098886, Private, Some-college, Married-civ-spouse, Tech-support, Husband, White, Male, United-States, >50K
95.27572,-100596.14,8.972955,1814.2087,1257.2838,4.5955753, Self-emp-inc, HS-grad, Never-married, Sales, Not-in-family, White, Male, United-States, <=50K
23.033424,27530.531,9.069791,1048.981,80.68446,77.02033, Private, HS-grad, Never-married, Exec-managerial, Not-in-family, White, Female, United-States, >50K
60.40411,557518.2,8.931934,-838.4526,-59.394695,42.334236, Private, HS-grad, Never-married, Other-service, Not-in-family, White, Female, United-States, <=50K
6.4031444,256824.81,9.496816,4854.3867,77.30209,-24.802275, ?, Some-college, Married-civ-spouse, ?, Husband, White, Female, United-States, <=50K
52.38835,139623.11,16.221062,3972.6465,-68.21668,95.43959, Private, Masters, Married-civ-spouse, Prof-specialty, Husband, White, Male, United-States, >50K
30.878191,-3227.6243,10.12435,638.9108,11.803319,92.48222, Private, HS-grad, Married-civ-spouse, Other-service, Husband, White, Male, United-States, <=50K
39.56643,35830.64,12.750574,1252.8845,53.988728,3.8820589, Private, Masters, Married-spouse-absent, Sales, Not-in-family, White, Male, United-States, <=50K
71.21863,-106456.984,9.393265,4069.973,24.535788,48.39759, Local-gov, HS-grad, Married-spouse-absent, Protective-serv, Not-in-family, White, Male, United-States, <=50K
62.391323,213439.98,8.758799,-274.2641,20.002089,57.714664, Private, HS-grad, Never-married, Craft-repair, Not-in-family, White, Male, United-States, <=50K
85.60157,536092.06,10.135475,124.25439,26.677015,58.489388, Private, Some-college, Divorced, Exec-managerial, Husband, White, Male, United-States, <=50K
69.32252,239704.31,11.202278,902.1287,15.541089,-2.445948, Private, Bachelors, Married-civ-spouse, Exec-managerial, Husband, White, Male, United-States, <=50K
-5.861817,446821.88,9.453981,1391.7776,-53.754894,83.7499, Private, Some-college, Married-civ-spouse, Tech-support, Not-in-family, White, Male, United-States, <=50K
16.950605,235107.36,15.370667,552.50226,40.605167,99.840294, Private, Masters, Divorced, Prof-specialty, Unmarried, White, Male, United-States, <=50K
97.8769,-3507.9211,9.092129,-346.7132,-70.51731,39.41325, Private, HS-grad, Married-civ-spouse, Farming-fishing, Husband, White, Male, United-States, <=50K
114.90459,49208.453,8.159809,-1731.0798,-78.192924,6.7755566, Private, HS-grad, Never-married, Prof-specialty, Not-in-family, White, Male, United-States, <=50K
69.21949,291965.88,9.716615,191.55267,-42.653225,72.952, Private, HS-grad, Never-married, Protective-serv, Not-in-family, White, Male, United-States, <=50K
42.78469,289148.4,10.54653,-688.9146,12.693166,44.264984, Private, HS-grad, Married-civ-spouse, Craft-repair, Husband, White, Male, United-States, <=50K
34.198425,1641.8912,11.065913,636.28174,1174.2489,104.254585, Private, Bachelors, Married-civ-spouse, Other-service, Husband, White, Male, United-States, <=50K
10.643813,112666.625,9.499561,764.7777,6.8109865,1.0698642, Private, HS-grad, Divorced, Sales, Unmarried, White, Female, United-States, <=50K
20.741322,323186.88,11.952066,-1306.3958,2711.045,75.63917, Private, Bachelors, Never-married, Handlers-cleaners, Unmarried, White, Male, United-States, >50K
7.9409385,1.1084512e+06,7.806469,1141.731,-36.605038,1.8587741, Private, HS-grad, Married-civ-spouse, Other-service, Husband, White, Male, United-States, <=50K
58.619114,352170.97,9.377871,4488.801,-96.39785,51.11471, ?, 10th, Married-civ-spouse, ?, Husband, White, Male, United-States, >50K
-9.3399515,270574.16,8.0552025,556.86786,-2.9246016,41.80154, Private, HS-grad, Married-civ-spouse, Protective-serv, Husband, White, Male, United-States, <=50K
80.60367,148055.38,12.529744,-106.05427,-17.574602,32.903084, Private, Bachelors, Married-civ-spouse, Exec-managerial, Husband, White, Male, United-States, <=50K
28.77832,398851.1,13.939968,15463.462,-40.35261,17.252783, Private, Bachelors, Divorced, Exec-managerial, Not-in-family, White, Female, United-States, >50K
70.78877,-10205.265,10.118196,-1383.7219,-12.091929,5.857111, Private, Some-college, Never-married, Other-service, Not-in-family, White, Female, United-States, <=50K
78.1535,143946.8,14.8180485,201.31537,-17.70852,65.75841, State-gov, Masters, Married-civ-spouse, Prof-specialty, Husband, White, Male, United-States, <=50K
63.310616,819035.4,9.136927,2009.7942,-48.216473,-6.283476, Private, HS-grad, Married-civ-spouse, Machine-op-inspct, Husband, White, Male, United-States, <=50K
43.513676,272769.75,9.676506,-123.73493,-58.824017,89.15704, Private, Some-college, Married-civ-spouse, Exec-managerial, Husband, White, Male, United-States, >50K
40.654766,187092.56,9.239503,-848.69916,-48.269863,97.08929, Private, HS-grad, Divorced, Handlers-cleaners, Not-in-family, White, Male, United-States, <=50K
12.995034,208301.48,13.499833,3709.62,-27.554613,-8.494757, Private, Bachelors, Never-married, Exec-managerial, Not-in-family, White, Male, United-States, <=50K
16.765303,101598.34,10.276596,327.99792,-29.291376,35.925266, Private, HS-grad, Married-civ-spouse, Exec-managerial, Husband, White, Male, United-States, >50K
61.704884,657698.2,5.10925,-73.90156,3.236661,57.00283, Private, 9th, Married-civ-spouse, Craft-repair, Husband, White, Male, United-States, <=50K
0.58191997,291270.16,9.430347,29.894222,-40.26379,28.450893, ?, Assoc-acdm, Never-married, ?, Own-child, White, Male, United-States, <=50K
45.0721,595961.44,10.913368,1882.2255,-42.265575,84.27382, Private, Some-college, Married-civ-spouse, Exec-managerial, Husband, White, Male, United-States, <=50K
117.250595,-369444.7,6.8520665,21577.414,-87.09249,30.893797, Private, HS-grad, Widowed, Other-service, Other-relative, White, Female, United-States, <=50K
79.8332,486419.53,7.9019985,1740.7472,2.608716,3.3559968, Private, HS-grad, Married-civ-spouse, Handlers-cleaners, Husband, White, Male, United-States, <=50K
27.90202,320913.88,15.024067,2237.5295,39.547997,75.82743, Private, Masters, Married-civ-spouse, Adm-clerical, Husband, White, Male, United-States, >50K
8.403991,-22701.047,9.160388,5.1129723,26.218466,43.34279, Private, HS-grad, Married-civ-spouse, Sales, Husband, White, Male, United-States, <=50K
67.66699,45050.297,7.619125,1819.8918,103.8004,34.11825, ?, 10th, Divorced, ?, Unmarried, White, Female, United-States, <=50K
49.840538,144670.77,8.424043,-419.07245,-15.05955,28.545315, Private, HS-grad, Married-civ-spouse, Craft-repair, Husband, White, Male, United-States, <=50K
61.48003,641991.8,8.849633,-111.32734,-79.5259,46.177784, Self-emp-inc, HS-grad, Divorced, Sales, Not-in-family, White, Female, United-States, <=50K
75.95175,-280428.88,9.076858,1064.965,-77.00057,87.270065, Private, Some-college, Widowed, Other-service, Unmarried, White, Female, United-States, <=50K
114.76652,766772.94,-5.4717607,1278.4076,-208.163,57.102062, ?, Some-college, Widowed, ?, Not-in-family, White, Female, United-States, <=50K
46.733677,-17834.969,11.120504,-443.13654,-25.800577,68.87683, Private, HS-grad, Married-civ-spouse, Exec-managerial, Husband, White, Male, United-States, >50K
18.988176,323353.47,10.621391,-287.0124,7.2720003,43.00692, Local-gov, Some-college, Never-married, Adm-clerical, Not-in-family, White, Male, United-States, <=50K
55.20538,435762.44,9.3937645,223.80139,1216.2922,50.658916, Private, HS-grad, Divorced, Handlers-cleaners, Not-in-family, White, Male, United-States, <=50K
33.873714,87587.91,9.1203,-286.66364,-16.921625,117.19031, Private, HS-grad, Never-married, Exec-managerial, Not-in-family, White, Female, United-States, <=50K
142.45695,619113.0,9.913879,6625.624,-140.95885,-17.265875, ?, Some-college, Widowed, ?, Not-in-family, White, Male, United-States, <=50K
26.154526,108190.96,11.169387,-725.6502,735.2808,49.65223, State-gov, Masters, Married-civ-spouse, Sales, Husband, White, Male, United-States, <=50K
16.481037,782531.94,18.69443,12702.437,95.89901,59.51983, Local-gov, Masters, Married-civ-spouse, Prof-specialty, Husband, White, Male, United-States, >50K
88.91311,678202.3,9.794024,552.735,2423.7207,69.87024, Self-emp-inc, HS-grad, Widowed, ?, Husband, White, Female, United-States, >50K
84.02477,335127.75,7.755611,-716.64215,-62.222027,-5.151758, ?, 10th, Divorced, Adm-clerical, Not-in-family, White, Male, United-States, <=50K
14.0283575,-108524.234,13.1733,-756.0988,-3.6873198,33.97283, Private, Masters, Never-married, Exec-managerial, Not-in-family, White, Female, United-States, <=50K
103.229546,253454.28,13.1325245,-971.62775,22.996801,-16.998068, Private, Some-college, Never-married, Adm-clerical, Not-in-family, White, Female, United-States, <=50K
57.623627,505731.3,10.883569,3668.37,8.607953,-76.545334, Private, Some-college, Married-civ-spouse, Adm-clerical, Not-in-family, White, Female, United-States, <=50K
61.8251,221073.88,10.463672,8065.13,-73.34728,-8.984926, Private, Some-college, Never-married, Adm-clerical, Own-child, White, Male, United-States, >50K
58.689697,296073.84,8.939836,-158.97772,-27.518541,-27.746603, Private, HS-grad, Never-married, Adm-clerical, Not-in-family, White, Female, United-States, <=50K
47.264946,-139340.08,10.564204,10513.715,-18.348192,10.810661, Private, Some-college, Married-civ-spouse, Sales, Husband, White, Female, United-States, >50K
50.308937,558593.4,8.113864,3834.1895,-88.194786,16.246912, Private, HS-grad, Married-civ-spouse, Tech-support, Husband, White, Male, United-States, <=50K
19.154705,401602.97,9.754869,372.729,-20.97674,44.730804, Private, HS-grad, Married-civ-spouse, Other-service, Husband, White, Male, United-States, >50K
21.417637,189018.69,7.300398,-412.87726,-48.0014,64.96778, Self-emp-not-inc, 10th, Never-married, Sales, Own-child, White, Male, United-States, <=50K
37.818096,54034.094,11.730323,660.8188,-81.02978,136.21152, Private, Bachelors, Never-married, Other-service, Other-relative, White, Female, United-States, <=50K
-1.9750677,223137.08,9.251715,2319.9556,79.72058,-26.520437, Private, Some-college, Separated, Adm-clerical, Not-in-family, White, Female, United-States, <=50K
35.701805,546966.9,9.717488,2386.1187,-84.163475,29.66137, Private, Some-college, Never-married, Prof-specialty, Not-in-family, White, Male, United-States, <=50K
34.573383,-15331.812,10.073572,67.11028,-18.366076,60.421455, Private, Some-college, Married-civ-spouse, Adm-clerical, Husband, White, Male, United-States, <=50K
26.792553,185116.86,12.686762,663.5492,-2.182437,48.070377, Private, Bachelors, Never-married, Adm-clerical, Own-child, White, Male, United-States, <=50K
59.885654,-30182.766,12.777122,811.80133,-58.767544,72.199684, Private, Bachelors, Never-married, Handlers-cleaners, Own-child, White, Female, United-States, <=50K
4.5321956,872858.44,10.742451,-161.26532,-103.72808,8.929886, Private, Some-college, Never-married, Sales, Own-child, White, Male, United-States, <=50K
68.73721,724435.56,9.1573,2271.7378,-3.025096,76.024, Private, HS-grad, Never-married, Protective-serv, Not-in-family, White, Male, United-States, <=50K
54.529926,274315.03,17.048426,1434.6289,43.34285,73.54667, Self-emp-inc, Masters, Divorced, Prof-specialty, Not-in-family, White, Female, United-States, <=50K
80.36206,30761.656,9.703107,-563.31134,-47.831005,15.28812, Private, HS-grad, Married-civ-spouse, Farming-fishing, Wife, White, Female, United-States, <=50K
49.753613,7104.0474,13.4078865,7077.4673,-18.13074,108.58995, Private, Bachelors, Married-civ-spouse, Other-service, Husband, White, Male, United-States, <=50K
42.849365,116839.82,8.894878,499.6048,1.2789584,29.87746, Private, HS-grad, Married-civ-spouse, Sales, Wife, White, Male, United-States, <=50K
84.68173,188673.89,9.242636,-972.85455,-23.723131,81.48289, Private, HS-grad, Never-married, Tech-support, Unmarried, White, Male, United-States, <=50K
65.71636,174192.72,9.785854,-291.95844,-39.578815,22.136658, State-gov, Some-college, Divorced, Exec-managerial, Not-in-family, White, Male, United-States, <=50K
73.06191,399352.28,8.976462,-619.3105,-35.84226,45.583267, Private, HS-grad, Never-married, Transport-moving, Own-child, White, Male, United-States, <=50K
34.2695,152250.53,10.129915,-849.74603,22.43044,5.0362453, Private, Some-college, Never-married, Sales, Not-in-family, White, Female, United-States, <=50K
139.92616,525541.6,8.7905445,-73.28596,-106.52015,3.7373788, Private, HS-grad, Divorced, Exec-managerial, Not-in-family, White, Female, United-States, <=50K
17.792149,266660.84,9.518873,673.1308,42.617706,25.214067, ?, Some-college, Never-married, ?, Own-child, White, Male, United-States, <=50K
20.867426,973211.56,12.441914,2375.7385,-101.230934,20.799528, Private, Some-college, Never-married, Craft-repair, Own-child, White, Male, United-States, <=50K
53.737553,-85468.83,8.792676,-94.80683,-50.588787,84.95441, Private, HS-grad, Married-civ-spouse, Craft-repair, Husband, White, Male, United-States, <=50K
73.42105,404337.84,9.293083,-913.7946,-96.90913,-19.068117, Private, HS-grad, Divorced, Adm-clerical, Not-in-family, White, Male, United-States, <=50K
1.6008486,77391.86,8.975457,550.87714,-47.147778,77.52913, Private, HS-grad, Separated, Adm-clerical, Wife, White, Female, United-States, <=50K
25.535967,-20177.766,8.291742,-649.4074,-29.228083,24.367107, Private, 10th, Never-married, Other-service, Own-child, White, Male, United-States, <=50K
59.576485,233039.12,6.9663644,4185.9473,-27.883463,70.169395, Local-gov, HS-grad, Married-civ-spouse, Adm-clerical, Husband, White, Male, United-States, >50K
74.52724,-282079.72,9.191099,648.36774,93.59053,-23.955458, Private, HS-grad, Widowed, Exec-managerial, Not-in-family, White, Female, United-States, >50K
98.738396,314017.47,-7.245967,391.20227,-85.388176,-19.643164, Private, 9th, Never-married, Other-service, Other-relative, White, Male, United-States, <=50K
62.38402,225929.12,9.408736,-871.0828,4.9710665,27.627668, ?, Some-college, Never-married, ?, Other-relative, White, Male, United-States, <=50K
0.098845795,374107.56,8.714776,1118.8362,-92.57076,-43.259438, Private, HS-grad, Divorced, ?, Own-child, White, Female, United-States, <=50K
117.59735,-20154.094,12.720245,2675.1353,-84.80628,7.048212, Private, Bachelors, Married-civ-spouse, Prof-specialty, Husband, White, Male, United-States, <=50K
35.405647,543014.6,12.995932,-275.19257,-180.86075,14.839859, Private, Bachelors, Divorced, Sales, Not-in-family, White, Female, United-States, <=50K
14.07474,183776.23,7.4116683,423.76587,-25.025957,-12.78982, Private, HS-grad, Never-married, Other-service, Other-relative, White, Female, United-States, <=50K
34.2404,-300847.25,10.070108,-129.69366,-32.550556,44.146538, Self-emp-inc, Some-college, Married-civ-spouse, Other-service, Husband, White, Female, United-States, <=50K
26.805765,215781.02,10.507773,-428.15704,16.074224,31.121233, Private, Assoc-voc, Married-civ-spouse, Adm-clerical, Husband, White, Male, United-States, <=50K
83.73586,-360005.5,12.380342,696.1805,-106.89991,45.3694, ?, Bachelors, Married-civ-spouse, Exec-managerial, Wife, White, Female, United-States, >50K
12.236907,14936.048,17.551613,-364.78253,-117.58416,84.99252, State-gov, Masters, Married-civ-spouse, Protective-serv, Husband, White, Male, United-States, <=50K
24.919008,-158085.7,14.068152,352.73767,4.8613253,51.70465, Private, Masters, Married-civ-spouse, Tech-support, Wife, White, Female, United-States, <=50K
38.344357,-161199.08,12.164844,-853.38434,-60.632076,39.625866, Federal-gov, Bachelors, Married-civ-spouse, Prof-specialty, Husband, White, Male, United-States, <=50K
6.9363112,117772.95,10.920254,1211.4213,162.51999,85.75762, State-gov, Bachelors, Married-civ-spouse, Sales, Husband, White, Male, United-States, <=50K
6.2498546,80274.42,8.744676,734.0771,57.24741,19.807741, Private, HS-grad, Divorced, Protective-serv, Not-in-family, White, Female, United-States, <=50K
71.303215,1.1474194e+06,9.349348,-328.42523,-15.504985,61.189438, Private, HS-grad, Married-civ-spouse, Adm-clerical, Husband, White, Male, United-States, >50K
49.931786,85448.336,10.622326,-827.737,7.151227,43.19523, Private, Some-college, Divorced, Exec-managerial, Not-in-family, White, Female, United-States, <=50K
60.48727,51024.11,9.223225,132.05408,-1.1834363,33.354393, ?, HS-grad, Never-married, Exec-managerial, Not-in-family, White, Male, United-States, <=50K
115.91954,-327651.1,12.3225975,665.78925,-38.652805,20.466188, Self-emp-not-inc, Assoc-acdm, Married-civ-spouse, Craft-repair, Husband, White, Male, United-States, <=50K
39.203007,257371.83,11.14019,-1391.8308,32.334805,-7.4235134, Private, Some-college, Never-married, Tech-support, Not-in-family, White, Male, United-States, <=50K
3.835872,66344.92,5.874717,479.1214,42.33236,23.057667, Private, HS-grad, Married-civ-spouse, Adm-clerical, Not-in-family, White, Male, United-States, <=50K
2.27053,82553.35,12.037519,434.6939,0.19139586,42.96138, Private, Assoc-voc, Never-married, Protective-serv, Not-in-family, White, Female, United-States, <=50K
96.14904,499880.22,11.400062,790.14923,-132.69383,-42.15194, Private, HS-grad, Widowed, Farming-fishing, Not-in-family, White, Male, United-States, <=50K
60.796227,220023.36,9.572539,191.35645,24.969957,15.178816, ?, HS-grad, Widowed, ?, Not-in-family, White, Female, United-States, <=50K
34.236,238145.38,9.008824,-964.87604,-31.729616,28.568985, Private, HS-grad, Never-married, Tech-support, Not-in-family, White, Female, United-States, <=50K
10.661469,285280.7,9.921854,-104.12946,1640.0522,36.694157, Private, Some-college, Married-civ-spouse, Protective-serv, Husband, White, Male, United-States, <=50K
13.8702345,129055.32,1.138731,3.1327474,47.388573,60.47539, Private, 9th, Never-married, Machine-op-inspct, Unmarried, White, Female, United-States, <=50K
75.68164,217394.69,2.1377797,208.99329,14.551099,61.253155, Private, 9th, Married-civ-spouse, Craft-repair, Husband, White, Male, United-States, <=50K
7.21639,393684.47,6.4130106,614.4863,8.3682375,26.14273, Private, 11th, Married-civ-spouse, Other-service, Husband, White, Male, United-States, <=50K
24.664568,205229.94,11.508389,-527.49506,28.64533,-10.201002, Private, Bachelors, Never-married, Priv-house-serv, Not-in-family, White, Female, United-States, <=50K
-5.645905,-6879.484,8.542065,124.71526,-55.49806,-8.366964, Private, HS-grad, Never-married, Other-service, Other-relative, White, Male, United-States, <=50K
18.935616,792688.3,9.47631,825.02454,-66.04862,9.052868, Private, HS-grad, Separated, Other-service, Own-child, White, Female, United-States, <=50K
49.88087,-155393.27,9.382759,-1216.3076,-59.93185,67.97369, Private, HS-grad, Married-civ-spouse, Exec-managerial, Husband, White, Male, United-States, >50K
96.132256,-108304.3,9.641794,11312.435,-148.55994,23.755024, Federal-gov, HS-grad, Divorced, Exec-managerial, Not-in-family, White, Female, United-States, >50K
8.274968,423883.9,9.640979,-934.83563,-37.645863,22.248953, Private, Some-college, Never-married, ?, Not-in-family, White, Male, United-States, <=50K
49.000526,297496.25,7.4384723,501.14728,-18.036745,2.8376634, Local-gov, 10th, Married-civ-spouse, Prof-specialty, Husband, White, Male, United-States, <=50K
30.809862,99971.195,10.343912,-359.12115,-27.367304,63.33109, Local-gov, HS-grad, Married-civ-spouse, Other-service, Husband, White, Male, United-States, <=50K
33.238747,-63312.516,10.069392,-153.65253,4.8418093,8.247606, Private, HS-grad, Married-civ-spouse, Craft-repair, Unmarried, White, Male, United-States, <=50K
-2.4237678,511267.66,8.771348,388.1562,-4.897357,43.100193, Private, HS-grad, Married-civ-spouse, Craft-repair, Husband, White, Male, United-States, <=50K
69.50926,1478.6725,9.817162,-629.47845,321.40845,81.68817, Private, HS-grad, Married-civ-spouse, Protective-serv, Husband, White, Male, United-States, <=50K
43.326733,570740.0,12.791507,1771.5961,3.6374483,27.40337, Private, Bachelors, Married-civ-spouse, Craft-repair, Husband, White, Male, United-States, <=50K
79.16525,90665.66,9.381698,-0.23785806,59.384686,66.78129, Private, HS-grad, Never-married, Machine-op-inspct, Not-in-family, White, Male, United-States, <=50K
83.97143,410627.25,10.579553,-140.67023,2.3591661,17.591736, Private, HS-grad, Married-civ-spouse, Sales, Husband, White, Male, United-States, >50K
18.48015,308399.1,8.082115,1389.166,9.044126,-12.363649, Private, HS-grad, Never-married, Craft-repair, Husband, White, Male, United-States, <=50K
115.885254,571401.1,-3.6556997,4591.31,-50.440502,55.07102, Private, 9th, Married-civ-spouse, Transport-moving, Husband, White, Male, United-States, <=50K
28.406973,437043.2,10.03293,-811.0572,23.39723,25.78016, Private, HS-grad, Divorced, Sales, Unmarried, White, Female, United-States, <=50K
-18.143703,420005.94,8.557199,-125.087715,-71.33985,62.170033, Private, HS-grad, Married-civ-spouse, Protective-serv, Not-in-family, White, Female, United-States, <=50K
24.658112,291036.4,9.528328,5.5963707,698.0548,71.20519, Private, HS-grad, Married-civ-spouse, Craft-repair, Husband, White, Male, United-States, <=50K
51.207996,-40167.78,12.599964,457.9043,10.94193,15.527935, Private, Bachelors, Never-married, Other-service, Unmarried, White, Female, United-States, <=50K
42.507793,20482.938,10.038725,-1554.5271,-33.064434,21.876932, State-gov, HS-grad, Never-married, Machine-op-inspct, Own-child, White, Male, United-States, <=50K
50.124027,190333.95,8.541313,-247.22906,-60.18333,117.08163, Private, HS-grad, Never-married, Craft-repair, Not-in-family, White, Female, United-States, <=50K
38.76062,223809.64,9.803939,-554.9421,-13.621058,33.417206, Private, Some-college, Married-civ-spouse, Sales, Husband, White, Male, United-States, <=50K
81.66662,433004.34,-1.492837,81.0028,-36.988743,-21.587553, Private, 9th, Married-civ-spouse, Handlers-cleaners, Other-relative, White, Male, United-States, <=50K
29.890963,1.03224206e+06,11.603283,-527.4849,18.176176,47.902046, Private, HS-grad, Married-civ-spouse, Machine-op-inspct, Husband, White, Male, United-States, <=50K
29.761456,-81865.05,6.757541,-213.21808,26.799444,34.321198, Private, 9th, Divorced, Other-service, Unmarried, White, Female, United-States, <=50K
40.012726,43389.453,12.141804,-53.27033,264.66522,40.42705, Private, Bachelors, Divorced, Other-service, Not-in-family, White, Female, United-States, <=50K
41.77501,136091.52,12.92,-524.9134,-11.621951,5.7381573, Private, Some-college, Married-civ-spouse, Farming-fishing, Husband, White, Male, United-States, <=50K
33.678185,686728.1,8.954318,576.512,538.01013,73.55296, Private, HS-grad, Married-civ-spouse, Craft-repair, Husband, White, Male, United-States, <=50K
13.476224,579199.7,9.362511,-354.20758,-56.23579,104.58432, Private, Some-college, Never-married, Prof-specialty, Own-child, White, Male, United-States, <=50K
34.40203,172528.38,4.8069882,-289.47394,59.008644,65.89139, Private, HS-grad, Married-civ-spouse, Machine-op-inspct, Wife, White, Female, United-States, >50K
32.87044,26408.031,9.617145,-788.9111,-13.309268,37.87347, Local-gov, HS-grad, Married-civ-spouse, Craft-repair, Husband, White, Male, United-States, <=50K
23.756693,-60052.797,8.849226,1114.2759,675.19073,16.177849, ?, HS-grad, Separated, Adm-clerical, Not-in-family, White, Female, United-States, <=50K
33.42435,588056.2,10.041795,2220.4358,-19.724932,10.206219, Private, Some-college, Never-married, Tech-support, Not-in-family, White, Male, United-States, <=50K
38.126377,-138393.64,8.898225,2867.834,42.486034,-13.270407, ?, HS-grad, Widowed, ?, Not-in-family, White, Female, United-States, >50K
21.04825,746578.94,12.574549,-247.74823,-16.718164,14.197689, Local-gov, Masters, Never-married, Prof-specialty, Other-relative, White, Female, United-States, <=50K
40.062496,455202.5,9.035972,-161.10065,-37.261204,29.439848, Private, HS-grad, Divorced, Machine-op-inspct, Not-in-family, White, Male, United-States, <=50K
36.075966,-74840.39,9.152655,393.13763,11.803197,60.692154, Private, Some-college, Never-married, Sales, Not-in-family, White, Female, United-States, <=50K
94.109344,383836.75,11.234007,3185.9617,100.12091,62.920567, Without-pay, HS-grad, Married-civ-spouse, Adm-clerical, Husband, White, Male, United-States, <=50K
126.9999,943840.0,9.026328,-335.27423,-48.507214,-9.792486, Private, HS-grad, Married-civ-spouse, ?, Husband, White, Male, United-States, <=50K
127.429955,74526.4,9.60604,2965.7266,-182.44327,-46.925056, Private, HS-grad, Divorced, Adm-clerical, Not-in-family, White, Female, United-States, <=50K
28.835335,615290.56,10.333506,-771.76715,-73.42939,17.176624, Self-emp-not-inc, Some-college, Married-civ-spouse, Sales, Husband, White, Male, United-States, <=50K
17.55944,195273.06,4.2739377,828.4783,491.68997,24.971209, Private, 9th, Never-married, Handlers-cleaners, Not-in-family, White, Male, United-States, <=50K
65.93621,831703.25,8.321142,-788.57513,27.95091,22.10662, Private, HS-grad, Married-spouse-absent, Adm-clerical, Other-relative, White, Female, United-States, <=50K
20.659868,378300.84,9.917841,671.289,-11.881419,17.144894, State-gov, HS-grad, Married-civ-spouse, Sales, Unmarried, White, Female, United-States, <=50K
24.435213,223581.05,9.272463,-240.33783,-33.38901,53.6777, Private, HS-grad, Never-married, Adm-clerical, Own-child, White, Female, United-States, <=50K
80.33079,-117423.17,9.734658,-837.1694,-15.433261,34.51064, Private, 11th, Never-married, Tech-support, Not-in-family, White, Male, United-States, <=50K
120.738625,184557.78,9.170823,3714.1963,-66.16575,19.529972, Private, HS-grad, Never-married, Adm-clerical, Husband, White, Male, United-States, >50K
32.8775,98270.76,10.145751,-26.028263,-29.95032,82.25803, Private, Some-college, Married-civ-spouse, Sales, Husband, White, Male, United-States, <=50K
-4.532059,331157.56,8.844964,488.38202,-11.957248,33.947495, Private, HS-grad, Never-married, Adm-clerical, Own-child, White, Female, United-States, <=50K
120.463005,794435.4,8.6903,199.10052,-112.60389,46.877922, Private, HS-grad, Married-civ-spouse, Craft-repair, Husband, White, Male, United-States, >50K
58.022293,79147.375,12.448791,-1249.4312,-66.33666,52.343494, Local-gov, Bachelors, Married-civ-spouse, Farming-fishing, Husband, White, Male, United-States, <=50K
-37.425453,186340.42,13.4943905,979.2404,5.1940737,60.42468, Private, Bachelors, Married-civ-spouse, Prof-specialty, Husband, White, Male, United-States, <=50K
-0.4487311,169208.3,10.882987,624.5999,-55.154537,125.485435, Private, Some-college, Married-civ-spouse, Sales, Husband, White, Male, United-States, <=50K
46.852642,919993.75,12.352266,-1263.6682,-83.50684,39.098248, Private, Bachelors, Separated, Exec-managerial, Wife, White, Female, United-States, <=50K
26.30399,556580.3,11.345448,-32.450504,44.312874,51.181072, Private, Some-college, Never-married, Exec-managerial, Not-in-family, White, Female, United-States, <=50K
0.68111354,71928.93,10.098201,-162.33832,2433.9536,25.382566, Private, Some-college, Never-married, Exec-managerial, Own-child, White, Male, United-States, <=50K
15.89096,-62629.89,10.554223,372.39417,14.083241,23.123985, State-gov, Assoc-voc, Separated, Craft-repair, Unmarried, White, Female, United-States, <=50K
15.296309,52208.984,9.721965,35.748714,-59.478786,95.740944, Private, HS-grad, Never-married, Other-service, Own-child, White, Female, United-States, <=50K
47.62123,26889.953,8.821388,-233.9903,-46.471493,64.519844, Private, HS-grad, Married-civ-spouse, Farming-fishing, Husband, White, Male, United-States, <=50K
16.960325,64833.9,14.4466505,2039.5525,138.09038,-7.4789333, Private, Some-college, Married-civ-spouse, Farming-fishing, Not-in-family, White, Male, United-States, <=50K
43.380627,641413.8,8.572333,78.803154,10.706723,15.538929, Private, Some-college, Never-married, Machine-op-inspct, Own-child, White, Male, United-States, <=50K
74.48862,222253.72,11.321887,1079.9072,-25.071253,22.65753, State-gov, Bachelors, Married-civ-spouse, Prof-specialty, Husband, White, Female, United-States, >50K
69.09178,361860.47,9.056546,-386.89716,-58.037426,-18.451433, Local-gov, HS-grad, Married-spouse-absent, Adm-clerical, Not-in-family, White, Male, United-States, <=50K
32.115314,818554.44,8.564651,1806.4894,-197.48126,20.612772, Local-gov, Some-college, Married-civ-spouse, Tech-support, Husband, White, Female, United-States, <=50K
16.037813,41276.656,10.893045,1764.9067,23.612581,21.619898, Private, Some-college, Never-married, Sales, Own-child, White, Female, United-States, <=50K
33.42852,-123644.42,8.982273,1333.9966,18.575598,55.68272, Private, HS-grad, Married-civ-spouse, Sales, Husband, White, Male, United-States, <=50K
-11.358483,3008.6414,10.001829,396.7163,10.429761,16.194185, Private, Some-college, Never-married, Sales, Own-child, White, Female, United-States, <=50K
43.598614,-148465.36,7.6360855,-1837.6609,921.1989,44.21511, Federal-gov, 10th, Married-civ-spouse, Exec-managerial, Husband, White, Male, United-States, <=50K
5.6252437,313387.84,16.304531,-1118.3679,-9.848849,39.19309, Local-gov, Masters, Never-married, Prof-specialty, Not-in-family, White, Male, United-States, <=50K
9.435058,298218.44,12.264467,-95.33051,-80.93566,21.908274, Self-emp-not-inc, Bachelors, Married-civ-spouse, Tech-support, Wife, White, Female, United-States, >50K
29.458668,127214.33,10.610083,-644.35736,-25.020441,57.931503, Private, HS-grad, Married-civ-spouse, Craft-repair, Husband, White, Male, United-States, <=50K
33.91189,71635.46,5.2407703,-6.027775,-8.4635725,-9.743917, Private, 9th, Never-married, Other-service, Own-child, White, Female, United-States, <=50K
53.294994,751971.06,12.335913,-413.97955,-49.333126,113.902336, Self-emp-inc, Bachelors, Married-civ-spouse, Prof-specialty, Husband, White, Male, United-States, <=50K
57.695366,14212.985,11.890289,2778.7683,-26.392374,93.642006, Private, Bachelors, Married-civ-spouse, Transport-moving, Husband, White, Male, United-States, <=50K
28.184711,564656.2,4.806468,-168.66888,-12.363681,0.9115733, State-gov, 10th, Never-married, Other-service, Own-child, White, Male, United-States, <=50K
31.494051,293211.44,8.979791,-627.2619,-11.507884,92.47397, Private, HS-grad, Married-civ-spouse, Farming-fishing, Husband, White, Male, United-States, <=50K
31.275816,142923.9,8.160111,-157.6352,-25.796595,35.874725, Local-gov, HS-grad, Separated, Exec-managerial, Not-in-family, White, Female, United-States, <=50K
79.828514,-176170.14,10.913753,-1739.9219,40.39814,17.212624, Private, Masters, Never-married, Other-service, Own-child, White, Male, United-States, >50K
59.39196,325121.6,7.2084537,-436.2359,13.868245,124.65197, Private, HS-grad, Never-married, Transport-moving, Husband, White, Male, United-States, <=50K
65.53276,110409.195,9.134467,-141.5235,-26.406267,7.5811024, Private, HS-grad, Separated, Sales, Unmarried, White, Female, United-States, <=50K
-7.509991,856447.7,12.301799,-1577.0845,25.455107,48.751183, Private, Assoc-voc, Married-civ-spouse, Farming-fishing, Husband, White, Male, United-States, <=50K
74.650566,-101218.734,11.0401125,3116.0154,52.89922,91.27917, Self-emp-not-inc, Some-college, Never-married, Exec-managerial, Not-in-family, White, Male, United-States, <=50K
67.77521,-56734.797,19.379732,2074.4346,4500.4907,-5.233862, Private, Masters, Married-civ-spouse, Exec-managerial, Not-in-family, White, Female, United-States, >50K
20.887793,450206.03,9.989727,595.7697,-13.514529,40.89732, Private, Some-college, Never-married, Tech-support, Unmarried, White, Female, United-States, <=50K
26.725243,52264.11,11.402955,-1949.0823,73.9316,66.38615, Private, Bachelors, Divorced, Adm-clerical, Not-in-family, White, Female, United-States, <=50K
20.867607,379741.5,7.876969,339.23596,-3.1343336,19.714891, Private, HS-grad, Married-civ-spouse, Adm-clerical, Husband, White, Male, United-States, <=50K
16.87213,218652.02,9.0849495,52.520626,43.897366,-5.8052464, Private, HS-grad, Married-civ-spouse, Sales, Husband, White, Male, United-States, <=50K
24.97227,269439.06,9.311134,1410.1125,-32.38502,32.90355, Private, HS-grad, Married-spouse-absent, Sales, Husband, White, Male, United-States, <=50K
103.58054,202146.73,11.670507,780.61426,-103.819435,29.725552, Local-gov, Assoc-acdm, Divorced, Craft-repair, Not-in-family, White, Male, United-States, <=50K
26.452465,-13143.874,8.723418,-151.40875,-76.01823,43.14955, Private, Bachelors, Married-civ-spouse, Other-service, Husband, White, Male, United-States, <=50K
11.277413,937324.25,9.322885,182.802,-118.93757,9.66151, Private, HS-grad, Married-civ-spouse, Exec-managerial, Husband, White, Male, United-States, <=50K
52.90168,-140524.39,11.140509,-2318.1902,-58.260174,9.264265, Private, Masters, Never-married, Other-service, Not-in-family, White, Male, United-States, <=50K
51.81661,821336.2,8.967489,248.19122,-23.744974,47.53831, Private, HS-grad, Divorced, Sales, Own-child, White, Male, United-States, <=50K
78.23718,95424.69,11.429563,-35.572575,8.584592,47.31842, Private, HS-grad, Divorced, Sales, Not-in-family, White, Female, United-States, <=50K
18.23723,83274.195,10.722758,-875.9045,19.205267,5.921999, Private, Some-college, Never-married, Adm-clerical, Other-relative, White, Female, United-States, <=50K
34.473312,-37764.562,9.736547,194.50024,-39.489803,32.162815, Private, HS-grad, Never-married, Exec-managerial, Not-in-family, White, Female, United-States, >50K
29.766804,580995.2,8.974088,-59.813908,45.359425,50.895138, Private, HS-grad, Never-married, Sales, Unmarried, White, Female, United-States, <=50K
82.99977,145645.81,13.2745285,-673.18353,29.880987,-22.590517, Self-emp-not-inc, Bachelors, Never-married, Prof-specialty, Not-in-family, White, Male, United-States, <=50K
36.355034,-288239.5,9.173231,421.39368,-20.621492,-16.375578, Private, HS-grad, Never-married, Machine-op-inspct, Not-in-family, White, Male, United-States, <=50K
97.27821,-145104.83,9.554924,2623.592,-76.72245,-0.49051487, Private, HS-grad, Widowed, Other-service, Own-child, White, Female, United-States, <=50K
92.25952,850121.75,8.966546,1132.7413,-126.93253,-19.976076, Private, Some-college, Divorced, Machine-op-inspct, Not-in-family, White, Female, United-States, <=50K
90.7358,287424.53,9.731535,-83.022896,-2.1297102,46.369312, Private, HS-grad, Married-civ-spouse, Sales, Husband, White, Male, United-States, <=50K
42.58859,105345.49,8.790998,-571.18097,50.833786,-10.300932, Private, 11th, Widowed, Sales, Not-in-family, White, Female, United-States, <=50K
1.3927072,45560.83,10.286793,3535.6885,71.40758,0.6283206, Federal-gov, Some-college, Never-married, ?, Not-in-family, White, Male, United-States, <=50K
77.31816,912459.4,9.181762,1086.6827,-35.490856,19.983599, Private, HS-grad, Married-civ-spouse, Sales, Husband, White, Male, United-States, <=50K
-20.026329,77407.33,9.994263,1705.0165,16.974005,26.437708, Private, HS-grad, Never-married, Craft-repair, Unmarried, White, Male, United-States, <=50K
48.249943,-150913.83,10.582249,-132.8963,2870.904,33.765846, Private, HS-grad, Widowed, Sales, Unmarried, White, Female, United-States, >50K
44.92816,154843.12,11.408876,-1172.1853,44.486393,27.31099, Private, Some-college, Divorced, Prof-specialty, Unmarried, White, Female, United-States, <=50K
97.54946,-282702.2,10.239499,-1073.5535,-88.093925,19.078835, Private, Bachelors, Never-married, Craft-repair, Husband, White, Male, United-States, >50K
13.527785,549640.6,10.217948,900.8259,-34.98711,56.522533, Federal-gov, Some-college, Never-married, Prof-specialty, Other-relative, White, Female, United-States, <=50K
35.45855,-35179.406,8.969557,-626.50946,1.7132541,43.624493, Private, HS-grad, Married-civ-spouse, Protective-serv, Husband, White, Female, United-States, >50K
79.17612,745542.94,8.91042,4753.7505,-166.81766,-40.648598, Private, HS-grad, Married-civ-spouse, Machine-op-inspct, Husband, White, Male, United-States, <=50K
-7.431744,-74916.734,11.944876,-201.61407,2682.0442,6.4711704, State-gov, Bachelors, Never-married, Sales, Not-in-family, White, Male, United-States, <=50K
119.41613,26983.516,14.803782,20129.656,111.99544,47.803925, Private, Masters, Married-civ-spouse, Exec-managerial, Husband, White, Male, United-States, >50K
-1.200646,156990.4,9.486373,864.9044,1.8855563,-6.270216, Private, Some-college, Never-married, ?, Own-child, White, Female, United-States, >50K
55.332535,159251.52,8.939391,-123.670845,-15.668979,39.466774, Private, HS-grad, Divorced, Craft-repair, Not-in-family, White, Male, United-States, <=50K
33.468575,-220464.02,8.283465,202.82849,-25.213442,8.1532345, Private, Some-college, Never-married, Sales, Not-in-family, White, Female, United-States, <=50K
77.58891,124483.016,9.441537,3161.523,-75.0324,75.17749, Private, HS-grad, Never-married, Adm-clerical, Not-in-family, White, Male, United-States, >50K
27.044537,455550.2,10.958295,-20.534,-47.838985,102.42195, Private, Some-college, Married-civ-spouse, Farming-fishing, Husband, White, Male, United-States, <=50K
26.65248,-2213.218,9.943448,1426.7416,20.8916,22.856613, Private, Some-college, Never-married, Adm-clerical, Not-in-family, White, Female, United-States, <=50K
22.573992,-40896.08,9.172865,-433.40814,-9.301242,16.726866, Private, HS-grad, Married-civ-spouse, Transport-moving, Other-relative, White, Male, United-States, <=50K
23.01284,50515.938,6.572645,-902.6275,108.06439,72.46135, Private, HS-grad, Divorced, Transport-moving, Unmarried, White, Male, United-States, <=50K
22.06821,410253.0,10.940292,-1552.8945,51.433327,4.7516956, Private, Bachelors, Never-married, Sales, Not-in-family, White, Male, United-States, <=50K
118.47034,320230.53,9.707594,-903.78046,-85.35392,35.15644, Private, Assoc-acdm, Separated, Craft-repair, Not-in-family, White, Female, United-States, <=50K
12.253787,354476.66,9.354098,385.1501,-36.116398,53.128674, Self-emp-not-inc, HS-grad, Married-civ-spouse, Adm-clerical, Husband, White, Male, United-States, <=50K
52.025066,519812.38,9.880468,-675.3538,-41.19218,46.838078, Private, Some-college, Never-married, Adm-clerical, Own-child, White, Female, United-States, <=50K
27.805405,-289256.38,8.471868,2552.2563,20.404829,96.65911, Private, Bachelors, Never-married, Other-service, Unmarried, White, Female, United-States, <=50K
38.70648,343154.56,11.1303215,735.4897,13.3141985,57.20475, Self-emp-not-inc, Assoc-voc, Divorced, Machine-op-inspct, Husband, White, Male, United-States, >50K
69.50895,224838.42,10.158872,-624.23126,-13.998851,67.10927, Self-emp-inc, Some-college, Divorced, Exec-managerial, Not-in-family, White, Male, United-States, >50K
29.071747,635090.5,8.882613,-505.21332,-2.532565,85.46024, Private, HS-grad, Married-civ-spouse, Farming-fishing, Husband, White, Male, United-States, <=50K
40.31077,-141330.86,10.363651,-1880.3938,58.34704,-6.248251, Private, HS-grad, Never-married, Transport-moving, Own-child, White, Male, United-States, <=50K
16.453676,795044.6,14.003237,-376.815,85.72697,42.28704, Private, Masters, Married-civ-spouse, Sales, Husband, White, Male, United-States, <=50K
56.33402,-57736.297,8.343497,1633.8973,17.130331,17.075989, Private, HS-grad, Divorced, Other-service, Unmarried, White, Female, United-States, <=50K
56.22277,-169049.86,9.077193,-641.337,36.799007,38.82142, Private, HS-grad, Widowed, Adm-clerical, Not-in-family, White, Male, United-States, <=50K
84.10014,-220199.05,13.788828,463.18024,-30.796144,17.227161, Self-emp-not-inc, Bachelors, Never-married, Prof-specialty, Not-in-family, White, Male, United-States, >50K
13.8553095,536202.1,9.970168,815.4856,-15.96625,27.115612, Private, Some-college, Never-married, Other-service, Unmarried, White, Female, United-States, <=50K
18.340752,86711.13,9.610868,917.3542,-10.394519,80.04795, Private, HS-grad, Married-civ-spouse, Armed-Forces, Husband, White, Male, United-States, <=50K
40.4789,320736.97,8.901774,-187.97223,97.07029,90.12419, Private, HS-grad, Married-civ-spouse, Adm-clerical, Husband, White, Male, United-States, <=50K
23.828814,251323.45,10.054196,162.48108,8.4913,38.16848, Private, Some-college, Married-civ-spouse, Craft-repair, Husband, White, Male, United-States, <=50K
-20.344593,505171.47,4.0654387,6672.152,-59.21806,23.05504, Private, 9th, Never-married, Handlers-cleaners, Other-relative, White, Male, United-States, <=50K
90.91694,439743.0,9.041502,1571.8748,1.0504504,26.597963, Local-gov, HS-grad, Married-civ-spouse, Machine-op-inspct, Husband, White, Male, United-States, >50K
30.353989,66843.27,12.282099,-1070.0449,17.565641,5.882925, ?, Some-college, Never-married, ?, Not-in-family, White, Female, United-States, <=50K
12.471276,-21713.0,9.56847,1654.6448,92.99779,-21.987524, Private, Some-college, Married-civ-spouse, Adm-clerical, Husband, White, Female, United-States, >50K
65.815094,94477.72,11.318976,82.01476,-18.934153,69.08522, Private, Bachelors, Married-civ-spouse, Adm-clerical, Wife, White, Female, United-States, >50K
134.21904,30966.953,21.656141,10421.58,-58.568905,19.844194, Private, Masters, Widowed, Prof-specialty, Not-in-family, White, Female, United-States, >50K
67.06612,219446.89,10.221801,1626.9705,24.554338,43.128395, Private, Some-college, Married-civ-spouse, Craft-repair, Husband, White, Male, United-States, <=50K
77.21352,-157150.27,9.21135,-558.5798,3.2672777,24.13182, Private, HS-grad, Widowed, Craft-repair, Not-in-family, White, Female, United-States, >50K
1.3045305,658262.1,10.681796,291.29425,-55.270718,21.719048, State-gov, Some-college, Never-married, Protective-serv, Own-child, White, Male, United-States, <=50K
-5.003556,89558.79,11.652349,398.8316,77.318794,26.34348, Private, Bachelors, Never-married, Adm-clerical, Not-in-family, White, Male, United-States, <=50K
61.45911,-335790.94,11.280904,-701.18744,-21.631533,41.3003, Private, Bachelors, Married-civ-spouse, Sales, Husband, White, Male, United-States, >50K
20.1614,1.0921256e+06,9.170617,618.62177,-31.962183,96.60761, Private, HS-grad, Married-civ-spouse, Prof-specialty, Husband, White, Male, United-States, <=50K
20.974762,499314.78,18.28059,2888.6748,-42.517696,38.39454, State-gov, Masters, Never-married, Sales, Not-in-family, White, Male, United-States, <=50K
52.58776,-302490.3,10.336839,2663.2927,-26.302378,79.65299, Self-emp-inc, HS-grad, Divorced, Sales, Not-in-family, White, Male, United-States, <=50K
31.816456,646477.1,8.299361,939.8357,-37.846706,34.172523, Private, 10th, Never-married, Adm-clerical, Own-child, White, Male, United-States, <=50K
60.350338,230369.53,10.478076,-653.87103,-81.86776,-7.352213, State-gov, Some-college, Never-married, Adm-clerical, Not-in-family, White, Female, United-States, <=50K
-2.8490455,74078.69,8.60094,-110.61591,-5.0174513,4.56299, Private, HS-grad, Married-civ-spouse, Other-service, Husband, White, Male, United-States, <=50K
75.29876,31598.312,10.606533,-2277.01,1004.2766,-34.601387, Local-gov, Some-college, Divorced, Adm-clerical, Unmarried, White, Male, United-States, <=50K
56.957634,536714.5,16.93755,-252.612,39.22232,71.2453, Private, Masters, Married-civ-spouse, Prof-specialty, Husband, White, Male, United-States, <=50K
46.399414,560719.94,9.342862,-376.67365,-14.050097,67.4258, Private, HS-grad, Married-civ-spouse, Exec-managerial, Husband, White, Male, United-States, <=50K
-6.7558827,188374.52,10.016323,1393.1825,78.370865,15.990034, Private, Some-college, Never-married, Sales, Not-in-family, White, Female, United-States, <=50K
18.808905,169520.78,13.012857,4548.2837,-25.63672,81.08193, Self-emp-inc, Bachelors, Never-married, Craft-repair, Not-in-family, White, Male, United-States, >50K
63.85819,-199390.52,10.828974,8106.5664,41.034126,9.553644, ?, Assoc-voc, Married-civ-spouse, ?, Husband, White, Male, United-States, >50K
-30.051277,294969.12,-4.385522,16457.31,120.81685,-30.851309, Private, 9th, Never-married, Handlers-cleaners, Own-child, White, Male, United-States, <=50K
22.293966,537802.3,8.540723,721.4027,-74.1495,39.370846, Private, HS-grad, Married-spouse-absent, Sales, Husband, White, Male, United-States, <=50K
60.026505,-151422.48,13.214679,-449.32172,-69.59087,45.582054, Private, Bachelors, Married-civ-spouse, Exec-managerial, Wife, White, Female, United-States, >50K
34.879684,-86269.11,15.9076395,62296.02,3.3290071,62.201065, Local-gov, Bachelors, Married-civ-spouse, Prof-specialty, Husband, White, Male, United-States, >50K
5.1082606,218075.25,9.733284,1095.6317,-51.688854,43.2511, Federal-gov, HS-grad, Never-married, Armed-Forces, Not-in-family, White, Male, United-States, <=50K
32.406143,300077.38,8.357836,664.792,-3.5945616,26.567633, Local-gov, HS-grad, Married-spouse-absent, Other-service, Not-in-family, White, Male, United-States, <=50K
59.825336,369813.9,1.4945412,1168.8976,-30.459383,-8.644236, ?, 9th, Never-married, ?, Own-child, White, Female, United-States, <=50K
28.361052,-282869.7,11.095113,8311.921,69.87859,-15.249338, Private, Masters, Divorced, Other-service, Not-in-family, White, Male, United-States, >50K
47.140984,369628.2,7.63208,9532.463,-22.640375,90.61501, Local-gov, HS-grad, Married-civ-spouse, Transport-moving, Husband, White, Male, United-States, <=50K
87.48568,611794.9,10.092253,158.73279,-21.601046,31.976107, Private, Some-college, Married-civ-spouse, Tech-support, Husband, White, Male, United-States, <=50K
2.9510148,117063.5,8.278888,-140.03851,-41.746563,3.1117227, ?, HS-grad, Never-married, ?, Own-child, White, Male, United-States, <=50K
101.85596,-16700.14,10.173879,-1445.2732,-22.20447,3.4818857, Self-emp-not-inc, Some-college, Never-married, Farming-fishing, Not-in-family, White, Male, United-States, <=50K
12.443902,753809.4,12.491095,-448.59662,-94.536644,-5.6423397, Private, Assoc-acdm, Married-civ-spouse, Craft-repair, Husband, White, Male, United-States, <=50K
23.316229,172803.27,8.623966,-367.49542,-13.637637,71.084984, Private, HS-grad, Widowed, Farming-fishing, Wife, White, Female, United-States, <=50K
86.03513,1.726773e+06,13.209821,160.82367,-21.191935,53.90924, Private, Masters, Married-civ-spouse, Exec-managerial, Husband, White, Male, United-States, >50K
89.99727,-221117.42,9.886622,-742.1379,-77.35192,21.246582, Private, HS-grad, Married-civ-spouse, Prof-specialty, Not-in-family, White, Male, United-States, >50K
94.71718,346891.9,9.508769,8564.71,-36.105503,16.140709, Federal-gov, Some-college, Married-civ-spouse, Adm-clerical, Husband, White, Male, United-States, >50K
54.68151,379203.9,10.077216,-5.3046303,16.28578,50.847713, Private, Some-college, Married-civ-spouse, Sales, Husband, White, Female, United-States, <=50K
43.260963,-224608.55,4.3495493,-147.79388,23.533365,-14.488237, Private, 10th, Widowed, Farming-fishing, Unmarried, White, Male, United-States, <=50K
79.615395,200660.56,12.005735,-284.92902,-133.98138,8.324015, Self-emp-inc, Masters, Divorced, Other-service, Not-in-family, White, Female, United-States, <=50K
31.588976,148023.11,9.574788,-294.96637,-11.296603,92.62043, Private, HS-grad, Married-civ-spouse, Craft-repair, Husband, White, Male, United-States, >50K
10.869102,-79996.92,10.626788,-305.09735,-2.8282804,68.48558, Private, HS-grad, Never-married, Tech-support, Not-in-family, White, Male, United-States, <=50K
11.430736,200.98503,10.260228,-93.36115,-31.692698,71.238335, Private, HS-grad, Never-married, Other-service, Not-in-family, White, Female, United-States, <=50K
26.196665,383444.03,10.062844,195.44794,14.14317,99.05579, Private, Some-college, Married-civ-spouse, Machine-op-inspct, Husband, White, Male, United-States, <=50K
67.0167,534127.6,14.224317,387.16858,14.2862215,17.026258, Private, Masters, Married-civ-spouse, Prof-specialty, Husband, White, Male, United-States, <=50K
101.2955,680194.75,14.081581,1876.0452,-153.59537,-25.500624, ?, Masters, Married-civ-spouse, ?, Not-in-family, White, Female, United-States, <=50K
52.93473,-127628.61,10.938641,1055.6006,-0.6741818,11.406416, Private, Some-college, Divorced, Craft-repair, Unmarried, White, Female, United-States, <=50K
21.26343,63512.72,10.622097,-387.77032,717.82513,62.136272, Private, HS-grad, Married-civ-spouse, Sales, Husband, White, Male, United-States, >50K
60.387836,91493.12,11.255548,4412.9194,-55.645245,116.71032, Private, Bachelors, Married-civ-spouse, Protective-serv, Husband, White, Male, United-States, >50K
63.51426,542543.75,11.499136,459.5561,553.21576,29.748333, Private, Some-college, Married-civ-spouse, Sales, Husband, White, Male, United-States, <=50K
33.512558,-165249.11,13.129207,205.93195,48.33826,35.64445, Private, Bachelors, Married-civ-spouse, Prof-specialty, Wife, White, Female, United-States, <=50K
-1.9978033,756147.4,10.294735,-446.20612,-29.927805,50.448483, Private, HS-grad, Married-civ-spouse, Exec-managerial, Husband, White, Male, United-States, >50K
75.168045,131742.23,10.831605,186.21948,-96.258125,84.71293, Private, Bachelors, Married-civ-spouse, Handlers-cleaners, Husband, White, Male, United-States, >50K
10.261031,308889.2,9.599406,-672.4981,27.00537,64.93679, Private, HS-grad, Married-civ-spouse, Protective-serv, Husband, White, Female, United-States, <=50K
48.538155,217393.95,0.1643419,-711.6187,13.680554,43.147675, Local-gov, 10th, Married-civ-spouse, Transport-moving, Husband, White, Male, United-States, <=50K
19.512094,127451.5,10.728419,172.65906,-47.39369,82.28852, Private, HS-grad, Never-married, Protective-serv, Not-in-family, White, Male, United-States, <=50K
39.525295,498894.22,7.090835,-504.13666,1988.1709,62.8394, Self-emp-not-inc, 9th, Divorced, Exec-managerial, Not-in-family, White, Female, United-States, <=50K
22.392433,282249.2,9.694108,480.01648,21.143705,54.716908, Private, Assoc-voc, Never-married, Adm-clerical, Not-in-family, White, Female, United-States, >50K
-2.9535873,282688.5,9.661354,-535.46454,-42.1275,82.86044, Private, Some-college, Married-civ-spouse, Protective-serv, Not-in-family, White, Male, United-States, <=50K
76.46558,-44229.484,8.413407,313.792,-23.131464,93.62403, Self-emp-not-inc, 10th, Married-civ-spouse, Other-service, Husband, White, Male, United-States, <=50K
4.0341296,-105538.016,9.069828,2605.8857,35.95382,-0.65402806, Private, HS-grad, Married-civ-spouse, Machine-op-inspct, Husband, White, Male, United-States, <=50K
82.876236,1.063144e+06,12.491653,-317.3648,-89.66366,1.8462809, State-gov, Bachelors, Divorced, Prof-specialty, Not-in-family, White, Female, United-States, <=50K
86.32469,137279.69,8.279607,7567.248,51.88911,74.18423, Private, HS-grad, Never-married, Adm-clerical, Not-in-family, White, Male, United-States, <=50K
100.749626,323109.25,4.794211,-302.1247,91.57634,49.076756, Private, 9th, Married-civ-spouse, Exec-managerial, Own-child, White, Female, United-States, <=50K
68.22975,646626.9,9.169058,-290.42584,12.852323,24.061108, Private, HS-grad, Never-married, Tech-support, Own-child, White, Male, United-States, <=50K
33.300125,-257985.33,9.044048,-370.68585,-8.6560545,36.588898, Private, HS-grad, Married-civ-spouse, Craft-repair, Husband, White, Male, United-States, >50K
36.48175,203951.45,10.220473,1979.0736,23.08132,33.474205, Private, Some-college, Divorced, Protective-serv, Unmarried, White, Female, United-States, <=50K
4.314197,414114.6,6.211315,1083.9847,-34.753674,31.877426, Private, 12th, Never-married, Other-service, Own-child, White, Male, United-States, <=50K
24.290993,369951.8,9.155311,-43.77228,1.2611896,32.097088, Private, HS-grad, Never-married, Machine-op-inspct, Own-child, White, Male, United-States, <=50K
71.78468,549894.56,9.629547,504.0478,-211.94727,-37.393005, Private, Some-college, Divorced, Sales, Not-in-family, White, Female, United-States, <=50K
25.74311,326877.88,9.644558,650.17554,-31.513872,39.887264, Private, Some-college, Married-civ-spouse, Protective-serv, Husband, White, Male, United-States, <=50K
54.23317,834055.0,9.113957,1101.0715,-4.7052946,38.877457, Private, HS-grad, Never-married, Protective-serv, Not-in-family, White, Male, United-States, <=50K
24.117306,238924.44,8.21678,-528.9184,-34.491703,21.054623, Private, 11th, Married-civ-spouse, Other-service, Husband, White, Male, United-States, <=50K
27.370525,64505.78,10.645763,-855.2579,15.59525,55.168232, Self-emp-not-inc, Bachelors, Never-married, Prof-specialty, Own-child, White, Male, United-States, <=50K
-12.610383,487501.47,6.1561136,-460.64044,1448.9215,9.108723, ?, 10th, Never-married, ?, Own-child, White, Female, United-States, <=50K
96.068085,14913.11,9.90468,-519.8769,-33.78271,-16.209818, ?, HS-grad, Never-married, ?, Own-child, White, Male, United-States, <=50K
20.926928,255437.89,9.057158,534.96515,65.36721,-23.60259, Private, HS-grad, Married-civ-spouse, Sales, Other-relative, White, Female, United-States, <=50K
43.242275,-125484.08,9.264167,1169.0723,-15.108874,70.78894, Private, HS-grad, Never-married, Other-service, Unmarried, White, Male, United-States, <=50K
36.33209,-122456.45,9.783453,631.3664,14.729207,67.44071, Private, Some-college, Widowed, Other-service, Not-in-family, White, Female, United-States, <=50K
29.052282,-196690.83,12.490386,-1316.1023,37.535534,5.7582836, Local-gov, Bachelors, Never-married, Prof-specialty, Not-in-family, White, Female, United-States, <=50K
68.824356,708086.2,8.9501505,-207.91266,24.632013,69.530174, Self-emp-not-inc, HS-grad, Married-civ-spouse, Craft-repair, Husband, White, Male, United-States, >50K
68.181786,-50246.83,9.079266,-797.07404,21.541067,28.440771, Private, HS-grad, Separated, Adm-clerical, Wife, White, Female, United-States, <=50K
64.81466,-41655.938,8.434756,1311.509,56.432316,49.632248, Private, HS-grad, Married-civ-spouse, Other-service, Husband, White, Male, United-States, <=50K
30.45281,-82964.14,11.327008,-46.40485,-10.957919,57.63157, Private, HS-grad, Married-civ-spouse, Other-service, Husband, White, Female, United-States, <=50K
78.34638,145490.73,13.545551,2652.0437,18.491049,31.155289, Private, Bachelors, Married-civ-spouse, Craft-repair, Husband, White, Male, United-States, <=50K
73.18982,316991.56,10.628986,-341.10504,24.132338,35.881187, Self-emp-inc, HS-grad, Widowed, Other-service, Not-in-family, White, Male, United-States, <=50K
34.54954,885019.4,9.77861,2293.7595,40.430397,35.279198, Private, Some-college, Divorced, Sales, Not-in-family, White, Female, United-States, <=50K
62.7844,82594.87,10.28999,-799.92377,60.55052,-45.277267, Private, Some-college, Never-married, Farming-fishing, Not-in-family, White, Female, United-States, <=50K
43.45362,-108488.11,12.388784,1161.6884,-72.061,64.19799, Private, Bachelors, Married-civ-spouse, Exec-managerial, Husband, White, Male, United-States, <=50K
51.802567,363316.34,9.341996,481.463,-13.346316,88.38091, Private, HS-grad, Married-civ-spouse, Machine-op-inspct, Husband, White, Male, United-States, <=50K
93.32591,229679.84,9.746086,-437.77008,-18.280046,65.79568, Private, HS-grad, Widowed, Exec-managerial, Wife, White, Female, United-States, >50K
31.820114,24250.688,9.471829,1652.2981,-0.85213745,84.81102, Self-emp-inc, HS-grad, Married-civ-spouse, Farming-fishing, Husband, White, Male, United-States, <=50K
48.478226,550476.9,9.211864,1414.1201,-81.159874,2.8286645, Private, HS-grad, Divorced, Adm-clerical, Other-relative, White, Female, United-States, <=50K
74.66748,192834.72,9.764414,-345.36273,-62.39651,13.368925, Private, Some-college, Divorced, Machine-op-inspct, Own-child, White, Female, United-States, <=50K
22.700768,-73147.984,12.503554,-998.13007,-1.8215817,54.52418, Private, Some-college, Divorced, Exec-managerial, Not-in-family, White, Female, United-States, >50K
17.231417,-95619.11,12.191538,755.22095,-0.44669616,95.228516, Private, Bachelors, Married-civ-spouse, Exec-managerial, Wife, White, Male, United-States, <=50K
30.967978,-86467.45,12.048094,-217.25238,40.563984,2.3486917, Private, Bachelors, Never-married, Other-service, Not-in-family, White, Female, United-States, <=50K
6.8428264,976942.06,9.59256,-481.00568,172.2549,37.17943, Private, HS-grad, Married-civ-spouse, Machine-op-inspct, Husband, White, Male, United-States, <=50K
55.124435,330843.5,10.64355,-198.50983,-8.31811,-2.2535422, Private, HS-grad, Never-married, Adm-clerical, Unmarried, White, Female, United-States, <=50K
4.3486285,64908.703,10.000158,55.900204,-62.195415,44.587326, Private, Some-college, Married-civ-spouse, Protective-serv, Wife, White, Female, United-States, <=50K
-15.903314,-162361.73,9.859633,839.13794,101.305664,46.93139, Self-emp-not-inc, Some-college, Married-civ-spouse, Adm-clerical, Not-in-family, White, Female, United-States, <=50K
77.98205,784080.44,8.421745,693.0123,12.8098955,38.643623, Local-gov, HS-grad, Widowed, Machine-op-inspct, Other-relative, White, Male, United-States, <=50K
100.164215,-33729.984,12.071879,-932.8741,-71.26986,59.201042, Private, Bachelors, Married-civ-spouse, Other-service, Husband, White, Male, United-States, <=50K
37.645237,459088.47,10.290092,1339.2845,82.213066,71.12182, Private, Some-college, Married-civ-spouse, Sales, Husband, White, Male, United-States, <=50K
38.543343,-36242.047,9.165447,-78.250435,-19.86336,69.03653, Private, HS-grad, Never-married, Adm-clerical, Not-in-family, White, Male, United-States, <=50K
80.97909,133454.78,8.7400465,-274.21844,-38.35156,2.626745, Private, HS-grad, Married-civ-spouse, Prof-specialty, Husband, White, Male, United-States, <=50K
25.407999,-206586.27,10.528101,1293.0953,-55.921124,63.820778, Private, HS-grad, Married-civ-spouse, Craft-repair, Husband, White, Male, United-States, <=50K
-2.1568382,114865.51,-6.7095003,4905.2925,699.23663,43.462444, Private, 11th, Never-married, Other-service, Other-relative, White, Female, United-States, <=50K
29.030502,744965.3,9.2406225,834.52814,-87.08422,19.120329, Private, HS-grad, Never-married, Sales, Own-child, White, Male, United-States, <=50K
59.12567,427534.8,11.318233,390.37103,-74.89031,39.443478, Private, Some-college, Never-married, Exec-managerial, Husband, White, Male, United-States, <=50K
2.8494942,-98054.516,8.829947,-57.48273,29.70555,34.096153, Local-gov, HS-grad, Never-married, Transport-moving, Own-child, White, Female, United-States, <=50K
27.490116,575869.4,6.711141,367.21936,-73.83846,1.4291209, Local-gov, 12th, Married-spouse-absent, Tech-support, Other-relative, White, Female, United-States, <=50K
20.810654,133973.67,8.101345,-85.66401,-21.41437,51.316055, Private, HS-grad, Married-civ-spouse, Handlers-cleaners, Husband, White, Male, United-States, <=50K
39.519314,218785.83,12.130406,4549.3047,-41.26269,46.839706, Private, Some-college, Married-civ-spouse, Exec-managerial, Husband, White, Male, United-States, >50K
46.531227,130956.75,8.780507,1110.456,25.11714,1.2648944, Private, HS-grad, Never-married, Farming-fishing, Not-in-family, White, Male, United-States, <=50K
0.79593974,629337.5,9.218707,577.58435,-105.461296,28.774143, Private, Some-college, Never-married, Prof-specialty, Own-child, White, Female, United-States, <=50K
57.94165,-46725.17,9.830503,-459.81207,14.191632,49.448856, Federal-gov, HS-grad, Separated, Exec-managerial, Not-in-family, White, Female, United-States, <=50K
49.589222,98430.914,11.096305,15.969784,3.7384844,76.46311, Private, Some-college, Married-civ-spouse, Prof-specialty, Husband, White, Male, United-States, <=50K
41.908123,52990.53,10.040508,547.8811,-36.271763,66.68667, Private, HS-grad, Married-civ-spouse, Handlers-cleaners, Husband, White, Male, United-States, >50K
91.01176,-54946.42,8.91651,-651.62897,-21.690973,25.160767, ?, HS-grad, Separated, ?, Not-in-family, White, Male, United-States, <=50K
33.98504,-12355.827,14.195908,-428.72345,-20.849657,16.654459, Private, Some-college, Never-married, Adm-clerical, Not-in-family, White, Male, United-States, <=50K
68.54297,202911.45,14.899596,377.23138,-56.919933,22.76173, Private, Masters, Divorced, Prof-specialty, Not-in-family, White, Male, United-States, <=50K
111.33404,-94566.8,11.1944685,192.13043,-3.7250013,36.825985, ?, Bachelors, Widowed, Other-service, Not-in-family, White, Female, United-States, <=50K
142.31902,204129.81,8.577723,79.53826,-49.373592,55.446796, Private, HS-grad, Never-married, Transport-moving, Not-in-family, White, Male, United-States, <=50K
18.567614,-31643.89,10.915291,207.5166,-23.934542,62.909073, Private, Some-college, Never-married, Exec-managerial, Not-in-family, White, Female, United-States, <=50K
12.95449,360969.56,6.9060955,-406.48407,-31.56515,39.17775, Private, 10th, Never-married, Sales, Own-child, White, Male, United-States, <=50K
33.50569,273521.06,10.093606,765.51495,744.0711,0.5184077, Private, HS-grad, Never-married, Adm-clerical, Not-in-family, White, Male, United-States, <=50K
44.864902,-37467.17,11.7135515,415.78357,-32.24496,81.96155, Private, Some-college, Married-civ-spouse, Craft-repair, Husband, White, Male, United-States, >50K
16.063757,111442.2,9.92954,113.93755,-19.732271,87.832245, Private, HS-grad, Married-civ-spouse, Other-service, Husband, White, Male, United-States, <=50K
89.94072,151850.75,10.339723,1215.8853,-8.302356,-27.99275, ?, Assoc-acdm, Married-civ-spouse, ?, Husband, White, Male, United-States, <=50K
18.208174,211313.31,12.714731,910.8936,225.02849,68.52758, Private, Bachelors, Married-civ-spouse, Adm-clerical, Husband, White, Male, United-States, <=50K
45.169025,253140.94,10.996286,-971.00214,-81.09489,33.030773, ?, Bachelors, Married-spouse-absent, Other-service, Not-in-family, White, Female, United-States, <=50K
9.452689,959784.44,14.153018,-1083.8945,-106.52532,40.92245, Federal-gov, Bachelors, Married-civ-spouse, Exec-managerial, Husband, White, Male, United-States, <=50K
64.58825,-84584.8,8.910764,146.53741,9.995969,58.080154, Self-emp-not-inc, HS-grad, Married-civ-spouse, Craft-repair, Husband, White, Male, United-States, <=50K
28.96588,492228.16,10.01244,-44.84589,-25.206293,39.04802, Private, Some-college, Married-civ-spouse, Sales, Husband, White, Male, United-States, >50K
66.007744,352869.34,10.201564,631.9679,3.0999727,39.127903, Private, HS-grad, Divorced, Other-service, Not-in-family, White, Female, United-States, <=50K
6.51247,569549.1,9.889995,716.22284,-94.43128,32.580246, Private, HS-grad, Separated, Tech-support, Own-child, White, Male, United-States, <=50K
43.263844,1.3259348e+06,10.1793785,-137.00275,-11.295764,25.553274, Private, HS-grad, Married-civ-spouse, Machine-op-inspct, Husband, White, Male, United-States, <=50K
31.016752,95077.664,9.123945,45.573788,-6.557086,43.07216, Private, HS-grad, Never-married, Other-service, Own-child, White, Female, United-States, <=50K
41.106983,125251.57,9.137165,-76.24958,6.9368563,35.85902, State-gov, HS-grad, Never-married, Other-service, Not-in-family, White, Female, United-States, <=50K
64.1109,512519.94,9.977895,-121.788765,39.284576,38.74248, Private, Some-college, Never-married, Tech-support, Not-in-family, White, Female, United-States, <=50K
46.978035,106451.88,9.106284,366.3603,-14.539874,126.49038, Private, HS-grad, Never-married, Other-service, Unmarried, White, Female, United-States, <=50K
30.04634,521768.8,10.292707,-780.7441,-11.798076,58.593605, State-gov, HS-grad, Widowed, Craft-repair, Not-in-family, White, Female, United-States, >50K
5.488155,104898.85,12.411073,2097.081,122.046524,17.718864, Private, Masters, Never-married, Tech-support, Own-child, White, Female, United-States, <=50K
4.607776,-72227.516,8.619939,-82.28205,-80.9614,11.077904, Private, HS-grad, Never-married, Adm-clerical, Own-child, White, Female, United-States, <=50K
68.73565,41910.703,10.203281,1168.8091,-56.932186,30.120443, Private, Assoc-voc, Divorced, Sales, Unmarried, White, Male, United-States, <=50K
31.122637,1.0389701e+06,10.503594,672.7008,-3.5637465,69.35801, Private, Some-college, Married-civ-spouse, Protective-serv, Husband, White, Male, United-States, <=50K
67.02543,40146.0,9.068784,-434.17596,-57.529644,116.88806, Self-emp-not-inc, HS-grad, Married-civ-spouse, Other-service, Husband, White, Male, United-States, >50K
88.33433,264663.53,9.269148,1224.5986,-35.411312,41.45233, Private, HS-grad, Married-civ-spouse, Sales, Husband, White, Male, United-States, <=50K
37.692654,840475.44,4.3729177,-774.5109,-27.178827,58.28767, Private, 10th, Separated, Other-service, Not-in-family, White, Male, United-States, <=50K
18.03328,315535.88,7.9620667,-986.9455,16.580633,-21.001554, State-gov, HS-grad, Married-civ-spouse, Farming-fishing, Husband, White, Male, United-States, >50K
47.89639,783078.9,10.0646,-345.73663,16.342611,54.299206, Private, Some-college, Married-civ-spouse, Sales, Husband, White, Male, United-States, <=50K
72.19202,-38441.953,7.1160626,865.94525,-28.012354,0.25341976, ?, 10th, Married-civ-spouse, ?, Husband, White, Male, United-States, >50K
28.292051,273038.25,15.108643,661.7032,154.38762,32.20992, Self-emp-not-inc, Masters, Married-civ-spouse, Other-service, Wife, White, Female, United-States, <=50K
8.120109,91484.2,7.306858,455.72955,-76.4499,72.18163, Private, 10th, Never-married, Sales, Own-child, White, Female, United-States, <=50K
92.71808,218601.0,10.541289,691.68823,69.85062,84.956604, Private, Some-college, Widowed, Other-service, Unmarried, White, Female, United-States, <=50K
-20.413136,389007.2,-1.8041134,1765.7743,165.07794,94.43032, Private, 11th, Never-married, Transport-moving, Unmarried, White, Male, United-States, <=50K
36.1222,-3689.1086,12.7526655,1538.1132,33.39919,-6.224806, Private, Masters, Never-married, Exec-managerial, Unmarried, White, Female, United-States, <=50K
42.603554,150881.47,9.9218025,-1570.6985,18.730032,85.55776, Private, Bachelors, Married-civ-spouse, Sales, Husband, White, Male, United-States, >50K
14.669198,189568.78,13.40453,624.1801,0.14609252,77.04146, Private, Masters, Divorced, Prof-specialty, Husband, White, Male, United-States, <=50K
33.120132,235955.53,8.530153,-865.3659,1.875661,87.46463, Self-emp-not-inc, HS-grad, Never-married, Transport-moving, Husband, White, Male, United-States, <=50K
21.505978,488221.53,14.712944,432.34882,-30.4751,22.903502, State-gov, Bachelors, Married-civ-spouse, Exec-managerial, Husband, White, Male, United-States, <=50K
60.87895,196616.12,12.342662,3120.8523,-24.59176,67.08524, Self-emp-not-inc, Bachelors, Married-civ-spouse, Sales, Husband, White, Male, United-States, >50K
17.420956,-16453.281,10.868801,599.0164,-58.194668,86.64894, Self-emp-not-inc, Bachelors, Married-civ-spouse, Exec-managerial, Husband, White, Male, United-States, >50K
32.700695,581142.3,7.643414,870.1671,23.666975,55.780968, Private, Some-college, Married-civ-spouse, Sales, Husband, White, Male, United-States, <=50K
22.47772,160450.75,8.875925,-1.9181559,25.079195,74.39762, Private, HS-grad, Married-civ-spouse, Exec-managerial, Husband, White, Male, United-States, <=50K
45.81137,204015.6,10.131212,861.7454,-45.346157,16.327742, Private, Assoc-voc, Married-civ-spouse, Tech-support, Husband, White, Male, United-States, >50K
42.993034,832192.3,-0.57333946,22.352962,-28.490572,65.49137, Local-gov, 9th, Divorced, Machine-op-inspct, Unmarried, White, Male, United-States, <=50K
62.469826,343713.38,13.328195,-402.0622,-40.43736,10.563, Private, Some-college, Married-civ-spouse, Transport-moving, Husband, White, Male, United-States, <=50K
9.204497,107680.63,13.880328,564.0152,-21.341082,3.6029146, Private, Bachelors, Married-civ-spouse, Craft-repair, Husband, White, Male, United-States, <=50K
48.887054,516674.97,9.764667,121.94042,-1.6631879,30.460423, Private, HS-grad, Never-married, Machine-op-inspct, Not-in-family, White, Female, United-States, <=50K
20.815966,35420.438,8.6606455,265.6847,-11.222301,116.810974, Private, HS-grad, Married-civ-spouse, Exec-managerial, Husband, White, Male, United-States, <=50K
7.90537,275913.12,8.587388,-1570.3506,320.11536,11.513161, Private, HS-grad, Never-married, Protective-serv, Own-child, White, Female, United-States, <=50K
51.810543,375251.6,10.018395,2783.632,-20.215036,106.439804, Private, Some-college, Married-civ-spouse, Farming-fishing, Husband, White, Male, United-States, <=50K
32.018265,458983.06,10.57088,-264.94122,-64.67213,47.745613, Private, Bachelors, Never-married, Prof-specialty, Not-in-family, White, Female, United-States, <=50K
5.619659,-63418.92,9.804158,1888.4856,66.012535,-35.337532, Private, HS-grad, Divorced, Adm-clerical, Not-in-family, White, Male, United-States, <=50K
44.806866,255578.47,12.606377,-1099.9856,-19.83632,90.88844, Self-emp-not-inc, Bachelors, Married-civ-spouse, Farming-fishing, Husband, White, Male, United-States, <=50K
47.343277,-113344.516,9.563929,537.3784,33.085278,4.733778, Self-emp-inc, HS-grad, Married-civ-spouse, Sales, Husband, White, Male, United-States, <=50K
67.49402,386163.4,8.814051,-362.11346,-39.280193,62.70041, Private, HS-grad, Married-civ-spouse, Prof-specialty, Husband, White, Male, United-States, >50K
15.398395,-137492.83,18.744928,623.7625,-54.76771,41.124847, Self-emp-not-inc, Some-college, Married-civ-spouse, Prof-specialty, Husband, White, Male, United-States, >50K
44.563858,-54581.0,9.754191,-609.6923,12.956227,-9.63204, Private, HS-grad, Divorced, Tech-support, Not-in-family, White, Female, United-States, <=50K
42.855335,56853.234,10.558213,-1051.971,-14.95518,43.274117, Federal-gov, HS-grad, Divorced, Exec-managerial, Not-in-family, White, Female, United-States, <=50K
61.107803,-45805.406,11.364785,1146.9612,-47.814144,142.86931, Private, HS-grad, Separated, Other-service, Not-in-family, White, Female, United-States, <=50K
37.27249,760446.8,9.749857,-764.346,-187.74957,15.739031, State-gov, HS-grad, Divorced, Craft-repair, Not-in-family, White, Female, United-States, <=50K
46.900665,751241.6,10.529402,699.02985,18.20188,41.905666, Private, Some-college, Never-married, Tech-support, Own-child, White, Male, United-States, >50K
78.94968,7283.969,9.542446,398.4754,-53.44775,41.19735, State-gov, Some-college, Divorced, Craft-repair, Unmarried, White, Male, United-States, <=50K
35.92843,169715.42,10.023503,630.87994,3.5229616,100.2662, Local-gov, Bachelors, Married-civ-spouse, Prof-specialty, Not-in-family, White, Female, United-States, <=50K
82.9425,-42295.562,11.5249815,-256.90875,-106.78957,100.58716, Private, Some-college, Married-civ-spouse, Exec-managerial, Husband, White, Male, United-States, >50K
23.090612,88251.81,11.68951,2052.458,23.080862,35.92855, Private, Bachelors, Married-civ-spouse, Sales, Husband, White, Male, United-States, <=50K
32.284657,410610.78,14.552109,-916.0914,-96.20771,51.86962, Self-emp-inc, Bachelors, Married-civ-spouse, Prof-specialty, Husband, White, Male, United-States, >50K
88.88854,681036.7,9.333544,-84.19367,-17.802225,26.532463, Self-emp-inc, Some-college, Married-civ-spouse, Sales, Husband, White, Male, United-States, <=50K
71.4911,408280.28,8.867725,-866.9626,-97.20368,-22.780504, ?, HS-grad, Never-married, ?, Own-child, White, Male, United-States, <=50K
81.58499,319426.78,25.30636,19766.39,144.45338,115.24752, Private, Masters, Married-spouse-absent, Tech-support, Not-in-family, White, Female, United-States, >50K
70.29039,295213.28,9.363872,-882.35895,-40.768078,30.908428, Private, HS-grad, Married-civ-spouse, Prof-specialty, Husband, White, Male, United-States, <=50K
14.408589,412472.8,7.421344,397.20392,16.112623,-2.1350653, Private, Some-college, Married-civ-spouse, Machine-op-inspct, Not-in-family, White, Female, United-States, <=50K
21.086712,-53578.89,11.286402,-662.77716,24.724329,-26.524221, State-gov, Bachelors, Widowed, Prof-specialty, Not-in-family, White, Female, United-States, <=50K
23.826355,90619.08,12.814965,-117.748116,-125.72904,95.2254, Private, Bachelors, Divorced, Farming-fishing, Not-in-family, White, Female, United-States, >50K
26.342209,43328.484,9.654608,343.82397,-12.573695,75.6787, Private, Some-college, Married-civ-spouse, Sales, Husband, White, Male, United-States, >50K
28.232464,-121974.516,11.101842,5225.346,104.62164,86.03528, Private, 12th, Married-civ-spouse, Exec-managerial, Husband, White, Male, United-States, <=50K
30.438623,1.0193368e+06,10.186625,3994.3792,-3.454135,32.320854, Private, HS-grad, Married-civ-spouse, Sales, Husband, White, Male, United-States, <=50K
29.299187,50112.47,10.545263,-392.43634,32.841934,19.848627, Private, HS-grad, Never-married, Sales, Not-in-family, White, Male, United-States, <=50K
38.06239,277359.75,11.781805,-824.4233,5.3883257,34.40306, Federal-gov, Bachelors, Divorced, Prof-specialty, Not-in-family, White, Male, United-States, <=50K
52.256203,236741.52,9.945904,-168.20844,-17.932085,52.7375, ?, Some-college, Divorced, ?, Not-in-family, White, Male, United-States, >50K
17.515062,8752.298,0.10233591,1589.237,-17.398378,77.25717, Private, 9th, Never-married, Craft-repair, Own-child, White, Male, United-States, <=50K
76.0448,444531.8,10.119471,-1195.1357,-46.81306,74.2826, Private, Some-college, Divorced, Exec-managerial, Not-in-family, White, Female, United-States, <=50K
81.41232,481047.62,9.565729,1841.1271,-166.66359,7.985979, ?, HS-grad, Never-married, ?, Own-child, White, Male, United-States, <=50K
-10.879483,266008.25,11.513894,22106.1,45.8891,52.25847, State-gov, Some-college, Divorced, Protective-serv, Husband, White, Male, United-States, <=50K
18.515099,5152.7817,10.306873,-381.1264,-35.93783,17.47792, ?, Some-college, Never-married, ?, Not-in-family, White, Male, United-States, <=50K
43.725506,-56827.734,16.24716,22008.043,3.443616,40.832672, Local-gov, Bachelors, Married-civ-spouse, Exec-managerial, Husband, White, Male, United-States, >50K
58.328842,180509.9,13.134732,477.22125,15.900746,40.18568, Federal-gov, Bachelors, Married-civ-spouse, Prof-specialty, Husband, White, Male, United-States, <=50K
36.60993,97788.32,11.790437,9954.609,10.214345,26.66708, Private, Bachelors, Married-civ-spouse, Exec-managerial, Husband, White, Male, United-States, >50K
25.76141,-272415.12,9.564594,-514.3464,-80.27015,5.756544, Private, HS-grad, Never-married, Craft-repair, Not-in-family, White, Male, United-States, <=50K
7.693786,159864.05,10.108689,1170.5,45.650993,4.6266994, Private, Some-college, Married-civ-spouse, Sales, Husband, White, Male, United-States, <=50K
1.5349268,455438.34,9.481469,818.53577,-17.607157,68.48387, Private, Some-college, Divorced, Handlers-cleaners, Not-in-family, White, Male, United-States, <=50K
41.47858,-46772.03,9.983687,-526.3969,-9.221026,27.616705, State-gov, Some-college, Married-civ-spouse, Prof-specialty, Husband, White, Male, United-States, <=50K
85.01836,81199.29,8.784386,1352.6595,0.76603425,0.034967296, ?, HS-grad, Separated, ?, Not-in-family, White, Female, United-States, <=50K
23.805004,610381.4,12.449097,-675.0667,-28.812967,61.276657, Private, Masters, Never-married, Exec-managerial, Not-in-family, White, Male, United-States, <=50K
69.18493,346255.5,10.197881,343.41742,6.546048,51.176594, State-gov, Some-college, Married-civ-spouse, Sales, Husband, White, Male, United-States, <=50K
77.71417,90304.91,12.8441925,1401.0828,-98.36021,60.275063, Self-emp-not-inc, Some-college, Divorced, Sales, Not-in-family, White, Female, United-States, <=50K
31.258305,108627.875,8.70741,-568.2326,20.784079,36.132156, Local-gov, HS-grad, Widowed, Other-service, Unmarried, White, Female, United-States, <=50K
28.334557,252839.17,9.648895,-483.98846,191.19124,65.763336, Private, Some-college, Never-married, Sales, Own-child, White, Female, United-States, <=50K
8.506021,-119740.64,10.357994,1797.7861,-15.296084,-8.477327, Private, Some-college, Married-civ-spouse, Exec-managerial, Husband, White, Male, United-States, <=50K
62.77377,324728.16,9.377027,11.891781,-44.01936,38.9614, Private, Some-college, Married-civ-spouse, Sales, Husband, White, Male, United-States, >50K
43.79277,64600.945,9.136407,484.13153,-118.86562,-1.2250654, ?, HS-grad, Never-married, ?, Own-child, White, Male, United-States, <=50K
6.660188,417141.03,11.035544,-264.93817,-50.483486,48.88584, Private, HS-grad, Never-married, Prof-specialty, Not-in-family, White, Female, United-States, <=50K
73.99529,-121143.92,12.868824,202.54895,-4.227206,56.672153, Private, Bachelors, Never-married, Exec-managerial, Not-in-family, White, Male, United-States, <=50K
38.564953,474986.38,11.297728,355.7613,40.581448,33.91821, Private, Assoc-voc, Never-married, Tech-support, Not-in-family, White, Male, United-States, >50K
36.058987,109347.234,11.22987,515.0483,-55.543102,79.93538, Private, Some-college, Married-civ-spouse, Craft-repair, Husband, White, Male, United-States, >50K
50.61111,-54810.89,9.711324,681.804,-83.49543,32.61477, Private, Some-college, Never-married, Other-service, Unmarried, White, Male, United-States, <=50K
82.932236,288295.34,8.995317,-563.4217,-75.77036,-13.583296, State-gov, Some-college, Never-married, ?, Own-child, White, Female, United-States, <=50K
95.31622,747385.2,9.08863,47.744747,-101.23994,-9.351561, Private, HS-grad, Married-civ-spouse, Adm-clerical, Not-in-family, White, Female, United-States, <=50K
74.66065,-442779.38,11.022494,-1039.2412,-120.87386,-7.6368084, Self-emp-not-inc, HS-grad, Married-civ-spouse, ?, Not-in-family, White, Female, United-States, <=50K
36.22351,457794.22,8.601188,-735.0726,-38.37917,-15.689009, Private, Some-college, Never-married, Protective-serv, Not-in-family, White, Female, United-States, <=50K
4.8740497,865254.8,9.294238,1850.4756,-94.15179,16.845945, Private, HS-grad, Never-married, Adm-clerical, Own-child, White, Female, United-States, <=50K
37.147934,561508.75,9.239235,-247.77106,72.657684,73.06985, Private, HS-grad, Never-married, Sales, Own-child, White, Male, United-States, <=50K
88.59694,-188578.48,8.745618,-248.53131,-29.53834,18.8426, Federal-gov, HS-grad, Widowed, ?, Unmarried, White, Female, United-States, <=50K
12.766984,97410.51,12.126999,38.219784,21.5073,42.959717, Private, Masters, Married-civ-spouse, Craft-repair, Husband, White, Male, United-States, <=50K
12.103982,205432.73,10.611595,8587.42,57.792538,41.236607, Private, Some-college, Never-married, Sales, Own-child, White, Female, United-States, <=50K
62.771317,196721.03,22.992804,7406.6855,-17.461329,68.88784, Local-gov, Masters, Never-married, Prof-specialty, Not-in-family, White, Male, United-States, >50K
42.49639,-129865.11,8.851102,-908.6148,-1.3377255,10.630123, Private, HS-grad, Separated, Other-service, Not-in-family, White, Female, United-States, <=50K
-3.655213,749418.25,5.8948665,201.58807,-84.74398,15.582428, Private, 11th, Divorced, Craft-repair, Not-in-family, White, Male, United-States, <=50K
53.393032,683576.75,11.098632,1022.2911,-38.02245,65.345795, Private, Some-college, Married-civ-spouse, Farming-fishing, Husband, White, Male, United-States, <=50K
58.64504,313867.0,2.782292,503.93768,-14.435504,90.07024, Private, 9th, Divorced, Other-service, Not-in-family, White, Female, United-States, >50K
16.6784,662583.94,15.671465,199.50208,-51.932095,11.665058, Private, Masters, Never-married, Adm-clerical, Not-in-family, White, Female, United-States, >50K
19.615227,302062.75,9.263992,16268.421,-62.856197,3.0772455, Private, HS-grad, Married-civ-spouse, Adm-clerical, Wife, White, Female, United-States, >50K
-8.121972,703417.94,12.012206,1063.4592,-71.934456,15.578892, Private, Some-college, Married-civ-spouse, Prof-specialty, Husband, White, Male, United-States, <=50K
88.54322,352235.75,9.326424,-1329.8645,116.89431,21.062145, Private, Some-college, Never-married, Transport-moving, Own-child, White, Male, United-States, >50K
40.146755,427982.7,10.017736,-534.64056,-4.531665,35.499336, Private, Some-college, Never-married, Adm-clerical, Own-child, White, Female, United-States, <=50K
60.43997,718989.5,10.537551,-615.5994,-6.893733,63.62201, State-gov, Some-college, Married-civ-spouse, Sales, Husband, White, Male, United-States, >50K
68.311775,13513.329,13.250447,-1159.575,39.166115,-4.016268, Private, Masters, Married-spouse-absent, Craft-repair, Not-in-family, White, Male, United-States, <=50K
46.10866,224778.48,2.2026548,1668.0492,8.454877,40.05407, ?, 9th, Married-civ-spouse, Handlers-cleaners, Wife, White, Female, United-States, <=50K
20.021885,255829.56,11.926867,1219.1251,46.486744,66.68427, Self-emp-inc, Bachelors, Married-civ-spouse, Sales, Husband, White, Male, United-States, <=50K
28.519823,444405.9,10.113662,-294.24933,2.762906,54.095345, Self-emp-not-inc, Some-college, Never-married, Sales, Other-relative, White, Female, United-States, <=50K
81.07272,295219.75,9.824542,1999.4359,-1.0130414,-8.399797, Private, HS-grad, Married-spouse-absent, Protective-serv, Not-in-family, White, Male, United-States, <=50K
88.19351,269088.72,10.845837,-328.96234,39.57482,-13.748392, Self-emp-not-inc, Assoc-voc, Married-civ-spouse, Prof-specialty, Husband, White, Male, United-States, >50K
10.646579,448397.44,9.851946,484.04474,14.262433,3.662485, Private, Some-college, Divorced, Farming-fishing, Not-in-family, White, Female, United-States, <=50K
56.402008,228394.22,11.185792,-567.6872,2717.7883,-1.8465062, Private, Assoc-voc, Married-civ-spouse, Sales, Husband, White, Male, United-States, <=50K
12.577104,259964.31,12.694848,485.2832,-31.091944,78.57252, Federal-gov, Bachelors, Married-civ-spouse, Armed-Forces, Husband, White, Male, United-States, >50K
21.24088,56398.438,7.868035,-1605.3223,374.8488,50.77806, Federal-gov, HS-grad, Never-married, Transport-moving, Not-in-family, White, Female, United-States, <=50K
18.473215,-88259.234,13.214238,-309.16534,-40.26176,52.935215, Local-gov, Bachelors, Never-married, Transport-moving, Husband, White, Male, United-States, <=50K
19.279543,318230.4,9.82488,-158.71088,-8.073115,41.127014, Private, Some-college, Never-married, Prof-specialty, Own-child, White, Female, United-States, <=50K
11.119334,261186.25,11.628876,-439.16486,3.6979265,61.079678, Private, Assoc-voc, Married-civ-spouse, Sales, Husband, White, Male, United-States, <=50K
15.610999,396371.7,13.274774,617.2774,-131.88557,47.682312, Private, Bachelors, Never-married, Sales, Own-child, White, Male, United-States, <=50K
74.52769,339077.03,12.289939,-217.836,-10.163081,31.635712, Private, Bachelors, Divorced, Prof-specialty, Not-in-family, White, Female, United-States, <=50K
-5.4743047,557771.44,8.784988,-1592.6897,-118.15775,33.0982, Local-gov, HS-grad, Married-civ-spouse, Handlers-cleaners, Husband, White, Male, United-States, >50K
23.061962,-3247.2024,9.795961,872.3554,61.998264,13.777897, Private, Some-college, Never-married, Adm-clerical, Not-in-family, White, Female, United-States, <=50K
40.691395,931788.56,5.4873776,567.3802,46.849445,67.997246, Private, HS-grad, Married-civ-spouse, Sales, Husband, White, Male, United-States, <=50K
53.662163,138054.17,8.798873,-120.87275,7.839673,44.17121, Federal-gov, HS-grad, Divorced, Exec-managerial, Not-in-family, White, Male, United-States, <=50K
26.929672,373366.25,17.620209,-137.39801,-29.375223,98.63446, Private, Masters, Married-civ-spouse, Prof-specialty, Not-in-family, White, Female, United-States, <=50K
-3.7016685,724716.9,10.646928,-419.9278,25.895266,48.847477, Private, Some-college, Never-married, Farming-fishing, Own-child, White, Male, United-States, <=50K
26.711824,107014.62,9.51744,-324.21735,-32.908733,19.107388, Private, Some-college, Married-civ-spouse, Priv-house-serv, Wife, White, Female, United-States, <=50K
44.03305,719747.8,9.797137,-143.82477,-48.618816,80.42546, Self-emp-inc, HS-grad, Married-civ-spouse, Sales, Wife, White, Female, United-States, >50K
27.540983,101466.234,12.000142,69.54351,-4.517909,66.491196, State-gov, Bachelors, Never-married, Prof-specialty, Husband, White, Male, United-States, <=50K
80.79256,47191.984,13.595277,4700.3477,-54.14355,15.360302, Private, Masters, Married-civ-spouse, Craft-repair, Wife, White, Female, United-States, >50K
1.5491403,-174712.64,9.184798,2599.49,-47.94903,87.19639, Private, Some-college, Married-civ-spouse, Machine-op-inspct, Not-in-family, White, Female, United-States, <=50K
40.297615,248030.73,9.639362,-900.54803,-11.924365,103.184326, Private, HS-grad, Never-married, Adm-clerical, Not-in-family, White, Male, United-States, <=50K
27.395063,141815.4,9.954654,-62.43427,-80.75057,24.957724, Self-emp-not-inc, Some-college, Never-married, Other-service, Own-child, White, Female, United-States, <=50K
84.24484,-21401.406,11.349891,18.223446,-0.3409375,27.022573, Private, Assoc-acdm, Never-married, Prof-specialty, Not-in-family, White, Female, United-States, <=50K
70.88418,-269868.78,14.236244,485.88446,-145.48462,103.47582, Self-emp-inc, Masters, Married-civ-spouse, Other-service, Husband, White, Male, United-States, >50K
6.7292743,454297.0,9.865723,1864.0669,40.499928,56.926907, Private, HS-grad, Never-married, Protective-serv, Own-child, White, Male, United-States, <=50K
85.8356,445366.28,7.475762,-736.91327,48.501488,-53.451416, Private, HS-grad, Married-spouse-absent, Craft-repair, Not-in-family, White, Female, United-States, <=50K
7.4622455,192923.28,8.549366,435.47107,-33.273975,18.02426, Private, HS-grad, Married-civ-spouse, Craft-repair, Husband, White, Male, United-States, <=50K
8.001597,260716.25,9.298574,328.213,-84.062416,67.50848, Private, HS-grad, Never-married, Exec-managerial, Own-child, White, Male, United-States, <=50K
24.115948,255142.75,10.315758,-375.1706,-41.915127,22.073128, Self-emp-not-inc, Some-college, Married-civ-spouse, Sales, Husband, White, Male, United-States, <=50K
52.670063,917578.75,9.440025,1662.286,-93.43694,20.997032, Private, Some-college, Married-civ-spouse, Prof-specialty, Husband, White, Male, United-States, <=50K
36.171654,185846.05,8.206317,180.30957,18.200994,65.03377, Private, HS-grad, Married-civ-spouse, Craft-repair, Husband, White, Male, United-States, <=50K
40.147743,201903.75,9.18068,-725.01605,-34.90433,7.664137, Private, Some-college, Married-civ-spouse, Sales, Wife, White, Female, United-States, <=50K
100.603195,81781.766,8.510418,-1125.6775,-9.080287,77.06243, Private, HS-grad, Never-married, Other-service, Not-in-family, White, Female, United-States, <=50K
50.12387,400068.2,12.42755,524.2006,-20.733103,53.093678, Private, Bachelors, Married-civ-spouse, Tech-support, Husband, White, Male, United-States, >50K
18.22199,603632.1,9.540594,-676.10956,-1.307887,34.48184, Federal-gov, HS-grad, Married-civ-spouse, Adm-clerical, Husband, White, Male, United-States, >50K
63.125042,-170940.05,9.135266,806.3112,-67.574684,33.908188, Local-gov, HS-grad, Married-civ-spouse, Transport-moving, Wife, White, Male, United-States, >50K
-8.479894,121335.23,10.156577,203.43768,-13.88557,53.747726, Private, Some-college, Married-civ-spouse, Exec-managerial, Own-child, White, Female, United-States, <=50K
38.389538,699273.44,11.332636,-47.823063,-71.769844,9.103355, Private, HS-grad, Divorced, Machine-op-inspct, Not-in-family, White, Male, United-States, <=50K
31.883991,-104812.86,8.789065,1604.9248,129.53004,-35.492798, Private, HS-grad, Married-civ-spouse, Machine-op-inspct, Not-in-family, White, Female, United-States, >50K
-12.956071,427664.47,9.671849,367.21533,257.92633,12.01684, Private, Some-college, Married-civ-spouse, Protective-serv, Other-relative, White, Female, United-States, <=50K
53.76586,413118.8,9.367376,-196.68329,-32.418224,27.686749, Private, HS-grad, Divorced, Exec-managerial, Not-in-family, White, Female, United-States, <=50K
56.608627,618849.25,9.69974,-1609.8787,-59.3549,-5.41873, Private, HS-grad, Divorced, Craft-repair, Not-in-family, White, Female, United-States, <=50K
70.617966,192344.56,10.3550825,166.71143,34.96645,75.36981, Local-gov, HS-grad, Divorced, Exec-managerial, Not-in-family, White, Female, United-States, <=50K
46.032246,356917.1,10.119182,1029.4188,17.377516,51.92352, Private, Some-college, Married-civ-spouse, Sales, Husband, White, Male, United-States, <=50K
9.413175,879293.6,9.627387,1594.5048,-55.96887,39.14744, Private, HS-grad, Divorced, Protective-serv, Own-child, White, Female, United-States, <=50K
74.13896,-61478.42,11.134333,290.2428,-36.944767,54.641098, Self-emp-not-inc, Assoc-voc, Never-married, ?, Not-in-family, White, Male, United-States, >50K
21.831835,182266.27,9.81157,424.45978,-28.041216,31.748425, Private, HS-grad, Married-civ-spouse, Sales, Husband, White, Male, United-States, <=50K
85.14453,528809.3,8.738418,-263.98517,-33.219936,-6.7905025, Private, HS-grad, Widowed, Sales, Not-in-family, White, Female, United-States, <=50K
42.102497,-21128.969,7.3442335,2749.5334,9.208974,53.04962, Private, HS-grad, Married-civ-spouse, Tech-support, Husband, White, Male, United-States, <=50K
28.287827,162938.73,10.4649725,371.01086,1966.2863,46.056713, ?, Some-college, Never-married, ?, Own-child, White, Female, United-States, <=50K
6.294437,415361.66,9.959806,-114.465645,49.38363,55.972507, Private, HS-grad, Never-married, Machine-op-inspct, Other-relative, White, Male, United-States, >50K
23.02441,-142225.86,11.676957,-256.5407,19.597311,20.458626, Private, Some-college, Married-civ-spouse, Craft-repair, Husband, White, Male, United-States, >50K
59.22132,362076.5,9.192451,588.65094,46.71071,4.789606, Private, HS-grad, Married-civ-spouse, Farming-fishing, Not-in-family, White, Male, United-States, <=50K
17.562496,-33384.797,13.893727,-413.31598,-64.3769,138.71834, Self-emp-not-inc, Bachelors, Married-civ-spouse, Prof-specialty, Husband, White, Male, United-States, >50K
81.03608,-14733.03,9.135252,-678.44525,1605.7537,136.80722, Private, HS-grad, Married-civ-spouse, Handlers-cleaners, Husband, White, Male, United-States, <=50K
11.047835,111765.96,10.107473,662.4585,19.317556,38.36289, Private, Some-college, Never-married, Sales, Own-child, White, Female, United-States, <=50K
23.376856,783099.75,14.712856,390.69598,-148.13208,17.372921, Private, Masters, Married-spouse-absent, Other-service, Own-child, White, Male, United-States, <=50K
22.913143,-179278.61,11.999967,-602.2486,-43.710857,13.867479, Private, Assoc-acdm, Married-civ-spouse, Sales, Unmarried, White, Female, United-States, <=50K
70.08827,271118.25,10.080884,310.3742,-29.57094,52.885628, Private, Some-college, Married-civ-spouse, Sales, Husband, White, Male, United-States, <=50K
6.019401,305599.62,9.544798,-810.3593,-40.581577,84.14548, Private, HS-grad, Never-married, Protective-serv, Not-in-family, White, Male, United-States, <=50K
45.950386,-14908.093,10.336491,-806.7509,-12.31766,50.50413, Private, Some-college, Married-civ-spouse, Other-service, Husband, White, Male, United-States, <=50K
30.046446,-170148.3,10.202284,75.77935,-18.40137,39.05835, Self-emp-not-inc, HS-grad, Married-civ-spouse, Prof-specialty, Husband, White, Male, United-States, >50K
36.663548,130603.75,9.324694,-68.16987,-1.5433377,46.56381, Self-emp-not-inc, HS-grad, Never-married, Sales, Not-in-family, White, Male, United-States, <=50K
19.0512,650099.25,10.010469,-26.893253,-21.277857,36.61608, Private, HS-grad, Never-married, Adm-clerical, Not-in-family, White, Male, United-States, <=50K
10.014302,170694.08,5.1144485,-715.07806,1.8314334,36.753887, Private, 9th, Never-married, Sales, Own-child, White, Female, United-States, <=50K
42.345634,33086.297,11.0821,2198.648,-69.358055,63.08373, Private, Some-college, Married-civ-spouse, Machine-op-inspct, Husband, White, Male, United-States, >50K
5.4750514,-109281.984,9.824908,1229.9293,2.8817415,59.79365, Private, Some-college, Married-civ-spouse, Tech-support, Husband, White, Male, United-States, >50K
28.605984,-109969.7,9.931439,-232.14874,-18.108469,64.82333, Private, Some-college, Never-married, Other-service, Own-child, White, Male, United-States, <=50K
100.23305,-16282.671,8.895163,-1034.301,-17.275934,66.48079, Without-pay, HS-grad, Married-civ-spouse, Craft-repair, Husband, White, Male, United-States, <=50K
38.913403,168730.05,16.701946,1081.8427,-28.334078,111.47034, State-gov, Masters, Married-civ-spouse, Other-service, Husband, White, Male, United-States, >50K
42.968395,59603.336,10.963326,-13.379459,-60.59544,39.533268, Private, HS-grad, Never-married, Sales, Not-in-family, White, Male, United-States, >50K
13.259152,83200.516,10.094101,177.48273,28.623892,38.547855, Private, HS-grad, Never-married, Exec-managerial, Not-in-family, White, Male, United-States, <=50K
72.93137,651934.75,10.353018,367.6076,-32.55631,64.93467, Private, Some-college, Never-married, Sales, Not-in-family, White, Male, United-States, <=50K
41.24261,324125.44,8.731575,92.49169,-29.41739,65.923386, Private, HS-grad, Married-civ-spouse, Machine-op-inspct, Husband, White, Male, United-States, <=50K
32.263897,439704.6,10.893372,730.25305,16.039595,43.400078, Private, Assoc-voc, Married-civ-spouse, Adm-clerical, Husband, White, Male, United-States, <=50K
39.681793,180655.84,8.661682,-306.04523,13.29807,69.55081, Private, HS-grad, Never-married, Protective-serv, Not-in-family, White, Male, United-States, <=50K
32.573383,66321.9,15.686048,737.80255,-22.64197,30.09219, Private, Bachelors, Married-civ-spouse, Exec-managerial, Husband, White, Male, United-States, >50K
29.19075,118250.08,15.502326,-234.11969,2535.6162,154.48947, Private, Masters, Married-civ-spouse, Exec-managerial, Husband, White, Male, United-States, >50K
28.1165,108935.3,13.351319,551.7717,-65.79679,31.98534, Self-emp-not-inc, Bachelors, Married-civ-spouse, Sales, Husband, White, Male, United-States, >50K
9.927953,250157.67,8.393178,87.80755,-27.395823,63.606613, Private, Some-college, Married-civ-spouse, Protective-serv, Husband, White, Male, United-States, >50K
32.24884,-57438.53,8.654704,-226.65765,-27.898355,34.711006, Federal-gov, HS-grad, Married-civ-spouse, Other-service, Husband, White, Male, United-States, <=50K
12.319978,277770.97,9.060601,507.94836,-25.09566,70.07675, Self-emp-not-inc, HS-grad, Never-married, Machine-op-inspct, Not-in-family, White, Male, United-States, <=50K
6.9069915,17278.969,13.592532,-960.3116,4364.0776,24.84291, State-gov, Bachelors, Married-civ-spouse, Exec-managerial, Husband, White, Male, United-States, >50K
36.29022,-112692.55,9.639808,1936.7294,1649.6613,33.803185, Private, Bachelors, Never-married, Handlers-cleaners, Own-child, White, Male, United-States, <=50K
33.214214,-194566.8,9.12121,171.81714,-24.155184,31.237122, Private, HS-grad, Married-civ-spouse, Adm-clerical, Wife, White, Female, United-States, <=50K
15.596,341536.94,9.8573675,48.139828,32.881363,1.4491976, Private, Some-college, Never-married, Priv-house-serv, Not-in-family, White, Female, United-States, <=50K
19.932238,525652.0,6.1977882,582.40155,11.5893755,27.499535, Private, 9th, Never-married, Machine-op-inspct, Not-in-family, White, Male, United-States, <=50K
52.424152,-252671.86,10.058341,-771.02655,81.29266,-16.818453, Private, Bachelors, Never-married, Exec-managerial, Not-in-family, White, Female, United-States, >50K
37.65847,-122717.2,10.7913,168.97754,-44.26382,64.74187, Private, Bachelors, Widowed, Prof-specialty, Not-in-family, White, Female, United-States, <=50K
17.996384,605822.9,9.192256,429.66827,10.167378,60.17983, Federal-gov, HS-grad, Married-civ-spouse, Exec-managerial, Husband, White, Male, United-States, <=50K
95.481285,454571.56,9.870736,20963.336,-140.5759,-3.9009001, Private, HS-grad, Divorced, Sales, Not-in-family, White, Female, United-States, <=50K
95.60424,227829.97,8.120179,738.9116,-34.91332,12.090265, Private, HS-grad, Widowed, Adm-clerical, Husband, White, Male, United-States, <=50K
40.044006,825591.8,10.742525,1487.6489,-57.511944,30.620708, ?, Some-college, Never-married, ?, Not-in-family, White, Male, United-States, <=50K
6.8146796,138758.17,9.214742,-36.707096,41.29157,24.60825, Private, HS-grad, Married-civ-spouse, Sales, Husband, White, Female, United-States, <=50K
53.472042,-68240.84,9.758535,135.84167,-40.540012,42.727028, Self-emp-inc, HS-grad, Never-married, Exec-managerial, Own-child, White, Male, United-States, <=50K
70.19555,140620.72,13.925092,342.37787,-23.372538,45.11811, Private, Masters, Never-married, Other-service, Not-in-family, White, Male, United-States, <=50K
21.925615,202906.53,12.812982,2147.029,-43.59399,38.413437, ?, Bachelors, Married-civ-spouse, ?, Husband, White, Male, United-States, <=50K
84.09884,345145.22,14.334883,830.1708,-47.32191,92.18976, Private, Bachelors, Married-civ-spouse, Prof-specialty, Husband, White, Female, United-States, >50K
72.71968,635219.75,8.809582,618.7046,-77.44907,17.911655, Private, HS-grad, Divorced, Craft-repair, Not-in-family, White, Male, United-States, <=50K
4.23949,-90753.984,9.985221,13.462826,-24.71029,15.896309, Private, HS-grad, Never-married, Tech-support, Not-in-family, White, Male, United-States, <=50K
46.48051,78612.98,9.161421,191.16254,15.23496,48.474323, Private, HS-grad, Married-civ-spouse, Machine-op-inspct, Husband, White, Male, United-States, >50K
88.8931,89978.77,16.759724,5160.338,-42.43278,34.643745, Private, Masters, Married-civ-spouse, Sales, Husband, White, Male, United-States, >50K
102.542206,31814.266,9.7994175,754.83563,-24.080141,-0.4040929, Private, HS-grad, Never-married, Tech-support, Not-in-family, White, Male, United-States, <=50K
25.190695,-146763.8,5.0544634,-374.32428,48.396324,-47.06806, Private, 11th, Never-married, Other-service, Own-child, White, Female, United-States, <=50K
-3.777974,-177691.02,14.51489,-415.84027,-9.375735,-10.019182, Private, Bachelors, Never-married, Exec-managerial, Not-in-family, White, Female, United-States, <=50K
12.462935,274774.78,8.548393,2092.8433,-45.20167,94.0375, Private, HS-grad, Never-married, Transport-moving, Unmarried, White, Female, United-States, <=50K
42.081375,13560.782,13.066848,-417.88275,5.971547,47.367683, Federal-gov, Assoc-voc, Married-civ-spouse, Exec-managerial, Husband, White, Male, United-States, <=50K
24.321707,161378.27,10.11724,741.84283,9.516377,34.959595, Private, Some-college, Divorced, Exec-managerial, Unmarried, White, Female, United-States, <=50K
28.014122,222239.55,9.905816,-9.312809,-20.133715,41.44921, Self-emp-not-inc, HS-grad, Never-married, Prof-specialty, Not-in-family, White, Male, United-States, <=50K
62.315144,-210501.02,10.91838,-1003.6525,71.139725,2.1474626, Private, Bachelors, Married-civ-spouse, Other-service, Not-in-family, White, Female, United-States, <=50K
80.53186,465513.1,9.084661,354.79388,-99.10186,-1.3110639, Private, HS-grad, Divorced, Other-service, Not-in-family, White, Female, United-States, <=50K
38.423923,356274.78,13.775085,-743.8327,42.132774,52.46174, Private, Masters, Never-married, Prof-specialty, Own-child, White, Male, United-States, <=50K
52.870876,268042.3,9.991803,-285.73273,-16.47571,8.855225, Private, Some-college, Never-married, Sales, Not-in-family, White, Female, United-States, <=50K
52.9953,-71749.95,10.052228,-219.10455,-18.99624,36.403748, Self-emp-not-inc, HS-grad, Married-civ-spouse, Tech-support, Husband, White, Male, United-States, >50K
36.3414,336634.28,14.868922,601.99243,-32.956196,50.672825, Private, Masters, Married-civ-spouse, Exec-managerial, Husband, White, Male, United-States, >50K
28.603127,-170867.08,7.9334006,760.6977,-150.8957,28.786242, Private, HS-grad, Separated, Adm-clerical, Wife, White, Female, United-States, <=50K
52.77489,242228.38,11.271774,-66.80744,-107.36327,52.445835, Private, Some-college, Never-married, Handlers-cleaners, Own-child, White, Female, United-States, <=50K
-1.2846495,462467.4,10.672737,1422.2781,68.38939,51.00716, Private, HS-grad, Never-married, Priv-house-serv, Other-relative, White, Female, United-States, <=50K
45.110065,5664.985,7.80119,511.18335,12.561208,-3.9422743, Private, HS-grad, Widowed, Transport-moving, Not-in-family, White, Female, United-States, <=50K
28.117302,203580.2,12.614123,297.36987,-3.881503,25.705997, Private, Bachelors, Married-civ-spouse, Craft-repair, Husband, White, Male, United-States, <=50K
64.538795,494811.8,9.96461,977.0179,-52.295284,4.544138, Private, Some-college, Never-married, Adm-clerical, Not-in-family, White, Male, United-States, <=50K
17.399405,193333.72,14.324957,3389.885,-71.932625,72.20982, Private, Bachelors, Married-civ-spouse, Prof-specialty, Husband, White, Male, United-States, >50K
36.804295,257833.69,10.130686,166.72241,-18.332727,59.516403, Private, HS-grad, Married-civ-spouse, Craft-repair, Husband, White, Male, United-States, <=50K
107.536766,290970.06,9.629851,-964.71564,-77.88998,60.52239, Private, HS-grad, Married-civ-spouse, Sales, Husband, White, Male, United-States, <=50K
59.070854,771062.3,9.787951,1154.6395,-69.14852,19.443535, Private, Some-college, Married-civ-spouse, Sales, Husband, White, Female, United-States, <=50K
85.534676,102956.7,9.733106,1259.1372,-144.38657,-9.533449, State-gov, Some-college, Divorced, Adm-clerical, Not-in-family, White, Female, United-States, <=50K
105.46939,163187.55,4.3401885,-303.86627,-22.612803,46.688007, Private, 9th, Married-civ-spouse, Adm-clerical, Husband, White, Male, United-States, <=50K
88.403984,643815.06,4.213796,1220.9845,-25.990175,37.804142, Self-emp-not-inc, 10th, Divorced, Other-service, Not-in-family, White, Male, United-States, <=50K
56.071533,419987.12,9.168423,1992.6299,-2.177783,21.784073, Private, HS-grad, Married-civ-spouse, Prof-specialty, Husband, White, Male, United-States, <=50K
39.95865,136960.58,10.910643,-604.8808,-16.685534,22.589767, Private, Some-college, Married-civ-spouse, Sales, Husband, White, Male, United-States, >50K
38.097477,-45397.516,11.975898,-631.1066,-59.181225,45.2212, Local-gov, Bachelors, Married-civ-spouse, Protective-serv, Husband, White, Male, United-States, <=50K
103.76796,189950.48,7.2582116,1541.4113,-73.479576,56.275726, Self-emp-inc, HS-grad, Widowed, Sales, Other-relative, White, Male, United-States, <=50K
24.628462,254986.86,10.665237,-730.51886,54.32017,39.322495, Private, Assoc-voc, Married-civ-spouse, Craft-repair, Husband, White, Male, United-States, <=50K
41.542267,-4313.0933,7.6863313,-53.8299,-82.5906,28.458174, Private, 9th, Divorced, Tech-support, Not-in-family, White, Female, United-States, <=50K
48.38167,38158.062,8.7994375,5.1998863,-28.9201,65.43876, Private, HS-grad, Divorced, Farming-fishing, Unmarried, White, Female, United-States, <=50K
3.4120438,220053.23,2.7736483,570.0529,52.45387,103.98761, Private, 9th, Married-civ-spouse, Sales, Husband, White, Male, United-States, <=50K
4.5187488,-239917.17,11.117551,-1523.7432,-89.28283,22.354828, Federal-gov, Assoc-acdm, Never-married, Adm-clerical, Not-in-family, White, Male, United-States, >50K
8.594844,301330.97,8.754354,591.63727,-3.1508665,29.281979, Private, HS-grad, Married-civ-spouse, Protective-serv, Wife, White, Female, United-States, <=50K
23.054111,321578.34,8.24248,-1429.2837,-23.886293,16.425539, Private, HS-grad, Divorced, Handlers-cleaners, Not-in-family, White, Female, United-States, <=50K
21.282473,395759.38,9.662388,344.94952,10.823483,71.32372, ?, HS-grad, Never-married, ?, Own-child, White, Female, United-States, <=50K
-7.8538976,-1679.1713,9.877288,-84.96479,63.147743,43.668888, Local-gov, Some-college, Never-married, Craft-repair, Not-in-family, White, Female, United-States, <=50K
61.55311,568327.8,8.704983,75.599846,-63.275555,18.612772, Private, HS-grad, Married-civ-spouse, Tech-support, Husband, White, Male, United-States, <=50K
76.84351,144681.61,9.369047,984.7476,-37.981647,5.7655964, Private, HS-grad, Never-married, Exec-managerial, Husband, White, Male, United-States, <=50K
54.390575,562746.25,16.311949,-280.52167,2.4751177,35.486782, State-gov, Masters, Married-civ-spouse, Prof-specialty, Husband, White, Male, United-States, <=50K
50.83245,129526.13,8.774638,397.1659,37.92501,-5.4298763, State-gov, HS-grad, Divorced, Sales, Unmarried, White, Female, United-States, <=50K
16.663292,123023.22,12.326496,471.33856,-57.78523,37.596375, Private, Bachelors, Married-civ-spouse, Adm-clerical, Husband, White, Female, United-States, <=50K
47.664494,669242.1,9.074061,-584.90497,-25.713373,9.802834, Self-emp-not-inc, HS-grad, Never-married, Sales, Not-in-family, White, Male, United-States, <=50K
77.91106,32313.562,11.119192,101.324394,-36.198757,40.08203, Private, 10th, Never-married, Other-service, Not-in-family, White, Female, United-States, <=50K
-3.720288,-80371.734,11.308736,779.62366,17.678862,26.140434, Private, HS-grad, Never-married, Adm-clerical, Not-in-family, White, Male, United-States, <=50K
35.051643,-154446.98,9.969293,-228.84882,-31.760614,39.213177, Private, Some-college, Never-married, Other-service, Own-child, White, Female, United-States, >50K
72.33196,445181.03,10.058312,546.8177,3.2411928,32.86018, Private, Some-college, Never-married, Prof-specialty, Not-in-family, White, Male, United-States, <=50K
53.184795,142277.64,9.952485,-1277.4653,65.11369,-3.459448, Local-gov, Some-college, Never-married, Protective-serv, Own-child, White, Female, United-States, <=50K
31.610695,-60480.58,9.87214,2024.6582,-17.13296,16.7057, Private, Some-college, Never-married, Craft-repair, Not-in-family, White, Female, United-States, <=50K
6.7593875,589347.25,13.620987,250.41608,36.732445,52.789307, Private, Masters, Never-married, Protective-serv, Own-child, White, Female, United-States, <=50K
54.48917,-148152.08,10.284058,-666.517,-12.485126,-19.46729, Self-emp-not-inc, HS-grad, Never-married, Other-service, Not-in-family, White, Male, United-States, <=50K
-16.473919,476810.53,9.290019,1734.359,34.241585,4.1954327, Private, Some-college, Never-married, Armed-Forces, Not-in-family, White, Male, United-States, <=50K
96.80813,-417682.38,6.540211,-372.9201,-9.532084,68.93139, Private, 10th, Married-civ-spouse, Craft-repair, Husband, White, Male, United-States, >50K
22.940845,947917.2,13.047831,-522.5213,95.49773,72.81846, Private, Masters, Married-civ-spouse, Farming-fishing, Husband, White, Male, United-States, <=50K
29.999712,520530.0,9.17472,646.5517,0.8064319,57.55933, Private, Some-college, Never-married, Protective-serv, Not-in-family, White, Male, United-States, <=50K
35.04608,163749.77,9.551454,174.31012,12.552083,59.31289, Private, HS-grad, Married-civ-spouse, Craft-repair, Not-in-family, White, Male, United-States, >50K
26.175673,565468.7,15.98691,-887.82294,-93.8814,30.310026, Private, Some-college, Married-civ-spouse, Adm-clerical, Husband, White, Male, United-States, <=50K
55.391006,-59295.28,10.926486,-880.9848,12.948354,11.05645, Private, Some-college, Divorced, Exec-managerial, Unmarried, White, Female, United-States, >50K
50.275692,326233.75,8.794914,2074.1077,10.3784,115.97382, Self-emp-not-inc, HS-grad, Married-civ-spouse, Sales, Husband, White, Male, United-States, <=50K
75.53489,450283.5,12.248225,-1589.6228,-18.585062,65.93547, Private, Bachelors, Never-married, Protective-serv, Own-child, White, Male, United-States, >50K
75.98966,-70616.06,10.907727,662.6708,-97.8487,77.20794, Private, Some-college, Married-civ-spouse, Other-service, Husband, White, Male, United-States, >50K
125.48333,101424.86,9.9904995,-1842.6719,-132.1618,107.40178, Private, HS-grad, Married-civ-spouse, Craft-repair, Husband, White, Male, United-States, <=50K
17.588005,507109.7,9.177354,118.00872,10.58582,76.0923, Self-emp-not-inc, HS-grad, Married-civ-spouse, Exec-managerial, Husband, White, Male, United-States, <=50K
89.372086,-142579.42,9.356967,-89.21955,-79.31281,5.3920918, State-gov, HS-grad, Married-spouse-absent, Adm-clerical, Unmarried, White, Female, United-States, <=50K
114.58518,427064.94,8.478086,780.10016,-83.74944,13.953545, Private, HS-grad, Separated, Transport-moving, Not-in-family, White, Female, United-States, <=50K
51.02015,393096.97,6.275975,3671.3447,-22.419794,49.720333, Private, HS-grad, Divorced, Adm-clerical, Not-in-family, White, Female, United-States, <=50K
8.206668,496909.34,11.796282,-97.06013,11.727437,39.82806, Private, HS-grad, Married-civ-spouse, Machine-op-inspct, Husband, White, Male, United-States, <=50K
51.5238,743455.5,9.617541,-177.89508,-17.500399,39.321026, Local-gov, Some-college, Married-civ-spouse, Adm-clerical, Husband, White, Male, United-States, <=50K
28.634026,680287.5,9.15509,6542.4746,-4.2796583,59.40236, Private, HS-grad, Married-civ-spouse, Machine-op-inspct, Husband, White, Male, United-States, <=50K
5.9947505,18535.828,12.7056,-1066.8389,-3.9424238,2.7092607, State-gov, Masters, Divorced, Adm-clerical, Not-in-family, White, Female, United-States, <=50K
32.691685,-171007.8,13.942398,-298.81244,-112.76562,15.630657, Private, Bachelors, Widowed, Prof-specialty, Not-in-family, White, Female, United-States, <=50K
49.62393,122749.1,7.8408794,823.10846,312.3431,91.57605, Private, 9th, Married-civ-spouse, Other-service, Husband, White, Male, United-States, <=50K
63.5184,1.429973e+06,10.854174,688.68585,-118.47953,41.31133, ?, Some-college, Married-civ-spouse, ?, Husband, White, Male, United-States, >50K
77.51714,-85564.33,10.150754,479.096,-33.222736,-2.6904166, Private, Some-college, Never-married, Craft-repair, Own-child, White, Male, United-States, <=50K
40.106594,320211.1,9.27646,-273.6811,11.026059,50.333565, Private, HS-grad, Never-married, Machine-op-inspct, Not-in-family, White, Male, United-States, <=50K
49.95516,313289.47,10.761403,-750.84515,-44.56666,1.3949221, State-gov, Some-college, Never-married, Prof-specialty, Not-in-family, White, Female, United-States, <=50K
33.02708,-356217.2,9.653153,-333.19672,-15.001216,-27.764677, Private, HS-grad, Never-married, Tech-support, Not-in-family, White, Female, United-States, <=50K
14.680631,210656.4,5.4026165,-983.69696,10.394689,90.43876, Local-gov, 9th, Never-married, Transport-moving, Other-relative, White, Male, United-States, <=50K
0.7350877,746990.1,8.618141,555.646,-41.437786,39.674465, Private, 11th, Never-married, Sales, Own-child, White, Male, United-States, <=50K
55.326134,81417.41,7.217673,-517.904,-41.432354,-18.567297, Private, 10th, Divorced, Transport-moving, Not-in-family, White, Male, United-States, <=50K
20.063852,97963.375,9.647092,-262.9886,-19.42512,41.657536, Private, Some-college, Married-civ-spouse, Exec-managerial, Husband, White, Male, United-States, <=50K
17.869898,531564.9,7.171672,1322.482,76.63613,150.42004, Self-emp-not-inc, HS-grad, Married-civ-spouse, Farming-fishing, Husband, White, Male, United-States, >50K
74.43,362747.44,9.638254,4126.8955,11.076146,58.155678, Private, Some-college, Married-civ-spouse, Transport-moving, Not-in-family, White, Male, United-States, <=50K
59.6037,-27651.11,10.012143,-215.50226,-63.909985,-6.4651546, Private, Some-college, Married-civ-spouse, ?, Wife, White, Female, United-States, <=50K
6.4453616,321815.7,9.663747,860.0558,-8.86111,74.40628, Private, Some-college, Married-civ-spouse, Sales, Own-child, White, Female, United-States, <=50K
77.28362,-198140.7,9.371443,3171.9395,-61.15362,74.20636, Private, HS-grad, Married-civ-spouse, Other-service, Husband, White, Male, United-States, <=50K
8.733418,-89861.734,9.22744,568.003,-11.581477,26.245232, Private, HS-grad, Married-civ-spouse, Craft-repair, Husband, White, Male, United-States, <=50K
97.42207,271371.66,37.391914,22130.66,142.92207,34.72194, Self-emp-inc, Assoc-acdm, Widowed, Prof-specialty, Not-in-family, White, Male, United-States, >50K
43.111507,162273.5,9.132069,501.09772,33.949966,-17.553122, Private, Assoc-voc, Married-spouse-absent, Adm-clerical, Not-in-family, White, Male, United-States, <=50K
4.6561503,-66129.8,10.119349,-874.981,102.39618,10.903715, Private, Some-college, Never-married, Transport-moving, Own-child, White, Male, United-States, <=50K
31.965328,-125248.45,9.920878,1178.6023,-84.3834,96.15696, Self-emp-inc, Some-college, Widowed, Adm-clerical, Husband, White, Male, United-States, <=50K
87.43532,613569.5,11.518445,8193.789,4.0198107,15.912247, Private, Some-college, Married-civ-spouse, Prof-specialty, Husband, White, Male, United-States, >50K
40.211643,139513.86,10.469836,-585.6518,14.377393,40.978237, Self-emp-not-inc, Some-college, Married-civ-spouse, Sales, Husband, White, Male, United-States, <=50K
40.6417,653913.0,9.868775,-232.53754,-29.594515,40.04213, Self-emp-not-inc, Some-college, Married-civ-spouse, Sales, Husband, White, Male, United-States, <=50K
28.578197,47049.984,9.158194,493.50684,52.997063,15.084414, Private, HS-grad, Married-civ-spouse, Craft-repair, Husband, White, Male, United-States, >50K
29.868784,294646.16,9.182886,69.20367,-23.862864,99.38965, Private, HS-grad, Married-civ-spouse, Protective-serv, Husband, White, Male, United-States, <=50K
60.3373,-5947.2183,10.665364,-651.0854,-44.62573,50.523186, Self-emp-not-inc, Some-college, Married-civ-spouse, Prof-specialty, Husband, White, Female, United-States, <=50K
54.864178,23231.031,10.518703,3494.9683,176.46841,98.82364, Private, Some-college, Married-civ-spouse, Transport-moving, Husband, White, Male, United-States, <=50K
130.56749,524159.38,9.595319,2148.743,-44.110485,23.552212, Private, Some-college, Never-married, Adm-clerical, Not-in-family, White, Male, United-States, <=50K
71.331215,1.0866195e+06,8.229771,-1531.2148,-31.360209,48.45016, Private, HS-grad, Married-spouse-absent, Protective-serv, Not-in-family, White, Female, United-States, <=50K
61.02172,643797.06,9.670982,4140.332,-30.375322,78.13703, Private, Some-college, Married-civ-spouse, Exec-managerial, Wife, White, Female, United-States, <=50K
101.70573,338612.0,9.7191725,835.60864,-139.12697,-20.511797, Private, Some-college, Married-civ-spouse, Farming-fishing, Husband, White, Male, United-States, <=50K
32.376377,312707.5,8.926418,529.73364,66.708885,40.085968, Private, HS-grad, Married-civ-spouse, Armed-Forces, Husband, White, Male, United-States, <=50K
23.495358,930991.06,12.93617,-650.80963,-53.520412,89.66792, Private, Bachelors, Married-civ-spouse, Exec-managerial, Husband, White, Male, United-States, >50K
57.539448,329356.0,9.313233,445.86542,-57.353146,-8.671797, Self-emp-not-inc, HS-grad, Married-civ-spouse, Exec-managerial, Husband, White, Male, United-States, <=50K
8.606359,361030.12,14.8909,-459.94537,35.94357,47.04122, Private, Bachelors, Married-civ-spouse, Prof-specialty, Husband, White, Male, United-States, <=50K
65.43634,90243.79,9.188295,580.4186,39.41841,50.12718, Self-emp-not-inc, Bachelors, Married-civ-spouse, Craft-repair, Husband, White, Male, United-States, >50K
30.213015,711021.0,9.7716,-117.88752,-9.6823,80.38876, Private, HS-grad, Married-civ-spouse, Exec-managerial, Husband, White, Male, United-States, <=50K
60.63845,106114.02,17.597868,8329.724,22.751585,46.277447, Private, Bachelors, Married-civ-spouse, Prof-specialty, Husband, White, Male, United-States, >50K
41.49744,-21169.156,10.576219,837.46326,-37.153034,72.88317, Private, Assoc-acdm, Married-spouse-absent, Tech-support, Not-in-family, White, Female, United-States, <=50K
44.276585,-45252.875,9.200543,1063.0187,11.185384,77.146736, Private, HS-grad, Never-married, Transport-moving, Not-in-family, White, Male, United-States, <=50K
9.792703,549618.44,9.237098,519.8006,22.136786,24.146982, Private, HS-grad, Never-married, ?, Own-child, White, Male, United-States, <=50K
46.74394,-61553.72,9.264988,1101.3357,-81.96822,85.44378, Private, Bachelors, Married-civ-spouse, Other-service, Husband, White, Male, United-States, <=50K
90.94149,268852.34,9.063714,330.06195,-32.309734,50.105907, Private, HS-grad, Married-civ-spouse, Prof-specialty, Husband, White, Male, United-States, <=50K
56.715134,101134.984,15.672874,848.07623,3540.5137,64.08296, Federal-gov, Bachelors, Married-civ-spouse, Prof-specialty, Husband, White, Male, United-States, >50K
21.556273,-263371.88,10.238533,2563.1216,98.49825,-34.710754, Private, HS-grad, Never-married, Sales, Unmarried, White, Female, United-States, <=50K
-11.949399,17003.484,9.079064,-123.89399,80.75189,45.993435, Private, HS-grad, Never-married, Handlers-cleaners, Own-child, White, Female, United-States, <=50K
42.75559,1.0544692e+06,12.262087,493.23523,-235.33447,16.97584, Private, Some-college, Married-civ-spouse, Handlers-cleaners, Husband, White, Male, United-States, >50K
40.599445,220616.77,12.00214,-884.67316,61.939926,8.63706, Private, Masters, Married-civ-spouse, Machine-op-inspct, Husband, White, Male, United-States, >50K
14.834907,922386.06,9.622842,736.89484,-50.176006,88.664215, Private, HS-grad, Married-civ-spouse, Protective-serv, Husband, White, Male, United-States, <=50K
64.28575,241284.92,5.494243,-1581.678,16.272978,-37.999695, Private, 9th, Never-married, Other-service, Other-relative, White, Male, United-States, <=50K
55.686028,7572.563,10.139338,-478.63263,-14.442523,-33.61087, Private, Some-college, Never-married, Tech-support, Unmarried, White, Female, United-States, <=50K
36.23249,-157619.73,12.35436,2646.694,79.66841,41.266827, State-gov, Masters, Separated, Tech-support, Not-in-family, White, Female, United-States, <=50K
12.702714,423965.72,6.172186,-980.97064,46.667572,10.934183, Private, 9th, Divorced, Adm-clerical, Other-relative, White, Female, United-States, <=50K
29.596304,-23318.281,13.389866,-28.818668,-2.5137587,46.886833, Private, Some-college, Married-civ-spouse, Tech-support, Husband, White, Male, United-States, >50K
8.470521,136135.39,8.994421,413.8781,70.37507,-12.339701, Private, HS-grad, Married-spouse-absent, Adm-clerical, Not-in-family, White, Female, United-States, <=50K
15.619872,583483.5,9.252566,-41.722355,-44.99377,28.520844, Private, HS-grad, Never-married, Prof-specialty, Unmarried, White, Female, United-States, <=50K
75.42964,143404.11,11.015656,378.70538,3178.1562,36.24681, Private, Some-college, Married-civ-spouse, Craft-repair, Husband, White, Male, United-States, >50K
13.293462,249114.47,14.707737,949.12726,-58.45962,23.506805, Local-gov, Bachelors, Married-civ-spouse, Exec-managerial, Husband, White, Male, United-States, >50K
50.300945,117848.54,10.488054,908.1602,154.91005,72.89003, State-gov, HS-grad, Married-civ-spouse, Exec-managerial, Husband, White, Male, United-States, <=50K
26.816109,577248.6,14.652283,7698.3286,-75.976524,52.153778, Private, Bachelors, Married-civ-spouse, Prof-specialty, Husband, White, Male, United-States, >50K
29.799656,70131.55,12.806736,1711.5323,1.1504489,68.18526, Private, Bachelors, Never-married, Sales, Own-child, White, Male, United-States, <=50K
70.620316,496764.28,11.296788,721.9031,-106.56547,-24.662535, Private, HS-grad, Separated, Adm-clerical, Not-in-family, White, Male, United-States, <=50K
55.87946,322451.16,8.776974,272.3081,-8.703113,69.35083, Private, HS-grad, Never-married, Exec-managerial, Husband, White, Male, United-States, <=50K
63.856266,159071.08,8.189712,-1253.8801,-1.589343,47.346226, Private, HS-grad, Separated, Priv-house-serv, Wife, White, Female, United-States, <=50K
33.989166,-101332.67,9.252246,-473.91998,58.39404,58.42962, Self-emp-inc, HS-grad, Never-married, Other-service, Own-child, White, Male, United-States, >50K
21.684303,-31644.344,9.414147,354.19586,-34.293255,43.13315, Private, HS-grad, Never-married, Armed-Forces, Not-in-family, White, Male, United-States, <=50K
36.03524,325243.5,9.726142,-154.54474,30.550005,34.18636, Private, Some-college, Never-married, Protective-serv, Own-child, White, Male, United-States, <=50K
37.537033,148249.78,9.555267,-500.07867,-0.7544049,17.324282, Private, Some-college, Married-civ-spouse, Prof-specialty, Husband, White, Male, United-States, <=50K
53.028095,-176800.92,8.571522,1331.3119,-27.638391,15.334066, ?, HS-grad, Never-married, ?, Own-child, White, Male, United-States, <=50K
14.513335,1089.4069,11.298775,235.98169,-5.4409285,56.742023, Private, Some-college, Married-civ-spouse, Handlers-cleaners, Own-child, White, Male, United-States, <=50K
36.835052,-279365.2,10.694335,-70.50947,48.07188,7.445936, Local-gov, Assoc-voc, Never-married, Tech-support, Not-in-family, White, Female, United-States, <=50K
42.534615,-149308.42,9.46539,355.21082,-15.610072,47.67603, Private, HS-grad, Married-civ-spouse, Other-service, Husband, White, Male, United-States, <=50K
18.459112,384101.28,8.593164,1016.0471,38.544724,6.821577, Private, HS-grad, Married-civ-spouse, Adm-clerical, Wife, White, Female, United-States, <=50K
68.64549,180133.75,9.862227,-377.8659,44.094166,58.234867, Private, HS-grad, Never-married, Priv-house-serv, Not-in-family, White, Female, United-States, <=50K
53.773476,62619.945,10.284366,3466.3,28.18094,60.23096, Private, Bachelors, Married-civ-spouse, Craft-repair, Husband, White, Male, United-States, <=50K
48.005737,220062.23,9.387925,-1169.1399,0.08568297,37.733444, Federal-gov, HS-grad, Never-married, Protective-serv, Not-in-family, White, Male, United-States, <=50K
112.30952,241880.73,8.849646,277.50708,-34.17407,8.86281, Private, HS-grad, Married-civ-spouse, Adm-clerical, Husband, White, Male, United-States, <=50K
33.697987,122988.9,9.233726,-272.5025,10.5961275,12.161345, ?, Some-college, Never-married, ?, Husband, White, Male, United-States, >50K
114.90432,74662.93,11.443775,591.20087,-149.345,24.695362, Private, Bachelors, Married-civ-spouse, Prof-specialty, Husband, White, Male, United-States, <=50K
52.26948,460060.8,13.256312,1729.09,27.490183,30.431599, Private, Masters, Divorced, Adm-clerical, Not-in-family, White, Male, United-States, <=50K
28.431026,483569.72,8.977448,-185.93927,28.228785,69.43992, Private, HS-grad, Divorced, Protective-serv, Unmarried, White, Female, United-States, <=50K
0.58840877,905662.9,11.363376,486.55524,34.29508,40.957077, Private, Assoc-acdm, Separated, Prof-specialty, Wife, White, Female, United-States, >50K
14.1181135,-176888.14,8.585448,-531.0889,-12.164004,-0.82675374, Private, 11th, Never-married, Priv-house-serv, Own-child, White, Female, United-States, <=50K
49.55563,18661.266,7.904537,-332.5755,-20.4125,50.838913, Private, 11th, Never-married, Craft-repair, Not-in-family, White, Male, United-States, <=50K
65.313995,489812.5,9.133487,-630.12823,-68.19851,36.71006, Private, HS-grad, Divorced, Handlers-cleaners, Husband, White, Male, United-States, <=50K
12.75862,269173.94,8.958479,281.41724,-10.141261,53.01159, Private, HS-grad, Never-married, Other-service, Own-child, White, Male, United-States, <=50K
-0.7018134,402832.72,9.719806,1704.4182,-31.153109,40.444584, Private, 10th, Never-married, Prof-specialty, Own-child, White, Male, United-States, <=50K
36.3237,658882.0,9.780363,61.88464,-92.682304,34.21185, Private, Some-college, Married-civ-spouse, Prof-specialty, Husband, White, Male, United-States, >50K
14.599059,440450.06,9.237122,579.0473,-36.61526,8.561466, Private, HS-grad, Divorced, Farming-fishing, Not-in-family, White, Male, United-States, <=50K
127.58805,213285.7,9.447505,3456.5085,-63.260098,31.667627, Private, HS-grad, Never-married, Protective-serv, Not-in-family, White, Male, United-States, <=50K
69.264694,74398.87,10.507198,-288.23138,-9.048945,52.066204, Private, HS-grad, Divorced, Protective-serv, Not-in-family, White, Male, United-States, <=50K
43.61024,705354.44,11.468003,-225.48187,-40.61855,39.17918, Private, Some-college, Married-civ-spouse, Handlers-cleaners, Husband, White, Male, United-States, <=50K
51.045128,600041.4,-3.3189163,642.2973,0.335271,42.347694, Private, 9th, Never-married, Machine-op-inspct, Not-in-family, White, Female, United-States, <=50K
39.34654,300979.5,9.829746,161.58844,-44.87515,20.76119, Private, Some-college, Married-civ-spouse, Prof-specialty, Husband, White, Male, United-States, <=50K
2.2981713,-56821.047,10.808988,237.87207,19.564001,21.960098, Federal-gov, Some-college, Married-civ-spouse, Craft-repair, Husband, White, Male, United-States, <=50K
44.939507,-83604.016,9.7137785,-1047.2893,26.59273,55.56597, Private, HS-grad, Never-married, Transport-moving, Other-relative, White, Male, United-States, <=50K
22.441275,498585.1,9.091243,15324.066,66.53138,43.75565, ?, HS-grad, Divorced, ?, Unmarried, White, Male, United-States, <=50K
32.216667,27264.25,11.627134,-823.613,-8.388034,24.967892, Private, Bachelors, Divorced, Prof-specialty, Own-child, White, Female, United-States, <=50K
45.561676,371342.34,4.4514837,4739.0796,66.92368,41.123013, Private, 9th, Never-married, Craft-repair, Own-child, White, Female, United-States, <=50K
35.22655,317853.6,9.525125,18066.924,58.607304,23.702177, Private, Some-college, Never-married, Craft-repair, Not-in-family, White, Male, United-States, >50K
92.458855,142929.9,8.873931,22452.98,7.5005617,49.53396, ?, Some-college, Married-civ-spouse, ?, Husband, White, Male, United-States, >50K
13.947909,137173.14,11.145571,-758.0019,35.955814,30.104397, Private, HS-grad, Never-married, Sales, Husband, White, Male, United-States, >50K
35.609585,93539.08,10.307061,129.45721,-63.565166,6.656206, Private, Bachelors, Divorced, Prof-specialty, Not-in-family, White, Female, United-States, <=50K
7.747844,293111.12,8.776161,305.37164,-7.350482,3.4418886, Private, HS-grad, Never-married, Sales, Unmarried, White, Female, United-States, <=50K
-6.214623,379635.6,8.684492,2371.697,36.04909,17.022684, Private, HS-grad, Married-civ-spouse, Craft-repair, Other-relative, White, Male, United-States, <=50K
12.179416,566120.06,9.65194,-366.7138,12.056111,26.193295, Private, Some-college, Married-civ-spouse, Sales, Husband, White, Male, United-States, <=50K
34.20047,254461.64,12.400864,1575.9384,-20.552225,20.592081, Local-gov, Bachelors, Never-married, Transport-moving, Not-in-family, White, Male, United-States, <=50K
57.455444,788.3913,10.190281,-405.3686,-10.955813,18.16621, Private, Some-college, Never-married, Adm-clerical, Not-in-family, White, Male, United-States, <=50K
43.337208,-37462.188,8.789594,-187.49359,221.37976,26.089409, Private, HS-grad, Married-civ-spouse, Sales, Husband, White, Male, United-States, <=50K
18.07736,-170567.67,9.546693,1234.2725,-76.61704,-7.568903, Private, HS-grad, Never-married, Adm-clerical, Own-child, White, Male, United-States, <=50K
74.64448,522621.3,8.040781,1758.0942,-97.20504,-2.8553793, Private, Some-college, Divorced, Farming-fishing, Not-in-family, White, Male, United-States, <=50K
69.07813,203232.16,8.758798,-1149.5635,8.84052,-19.006319, Private, HS-grad, Never-married, Adm-clerical, Not-in-family, White, Female, United-States, <=50K
68.4574,152306.16,13.8346405,4203.82,12.311574,51.383698, Private, Assoc-voc, Married-civ-spouse, Other-service, Husband, White, Male, United-States, >50K
72.07834,82430.35,9.490398,83.24462,-5.005847,43.65848, Private, Some-college, Married-civ-spouse, Adm-clerical, Husband, White, Male, United-States, <=50K
-12.074586,25038.594,12.397898,1705.3876,14.944249,18.200903, Federal-gov, Bachelors, Married-civ-spouse, Prof-specialty, Wife, White, Female, United-States, <=50K
88.52726,-23484.172,9.845127,-1108.7026,41.659435,52.905632, Private, HS-grad, Never-married, Transport-moving, Own-child, White, Female, United-States, <=50K
31.803484,157782.69,13.489284,9530.101,8.757092,-10.989443, Private, Bachelors, Never-married, Prof-specialty, Not-in-family, White, Female, United-States, <=50K
49.503544,283756.22,9.773303,247.58264,-15.901004,49.1496, Private, Some-college, Married-civ-spouse, Sales, Husband, White, Female, United-States, <=50K
25.564108,6825.969,13.796858,141.42761,44.456383,20.119305, Private, Masters, Married-civ-spouse, Sales, Husband, White, Male, United-States, <=50K
49.577053,-13264.015,11.620277,480.6303,-3.55379,48.204628, Private, Assoc-acdm, Divorced, Other-service, Not-in-family, White, Male, United-States, <=50K
72.30437,-12716.702,10.203409,343.8042,-50.798214,72.900955, Private, HS-grad, Divorced, Other-service, Unmarried, White, Female, United-States, <=50K
47.702827,-148081.36,9.08339,-865.3018,-10.442416,39.93448, Private, HS-grad, Married-civ-spouse, Protective-serv, Husband, White, Male, United-States, <=50K
14.724853,-96854.89,10.82702,122.74004,1775.3845,19.33848, Private, HS-grad, Never-married, Adm-clerical, Not-in-family, White, Male, United-States, <=50K
14.563033,112973.29,10.609503,204.39343,84.627205,41.3956, Private, Some-college, Married-civ-spouse, Priv-house-serv, Not-in-family, White, Female, United-States, <=50K
-12.876878,767518.1,7.2566633,-428.06232,45.408096,38.001183, Private, Some-college, Married-civ-spouse, Farming-fishing, Husband, White, Male, United-States, <=50K
22.304756,421106.38,7.8489327,80.60235,126.65784,67.62092, Private, HS-grad, Never-married, Transport-moving, Own-child, White, Male, United-States, <=50K
24.765068,185863.55,10.2409315,168.79895,-50.644955,85.13801, Private, Some-college, Married-civ-spouse, Craft-repair, Husband, White, Male, United-States, <=50K
70.599754,-211168.17,13.671139,-364.7552,-76.35496,40.022945, Private, Bachelors, Divorced, Sales, Not-in-family, White, Male, United-States, <=50K
-10.274972,239734.42,8.501386,1123.9954,-43.65086,57.797935, Private, HS-grad, Married-civ-spouse, Handlers-cleaners, Husband, White, Male, United-States, <=50K
55.430573,48569.406,7.558797,-715.0224,54.36438,18.655027, Self-emp-not-inc, HS-grad, Married-civ-spouse, Craft-repair, Husband, White, Male, United-States, <=50K
38.39556,69771.38,13.327856,706.1713,-32.98128,78.43806, Private, Masters, Married-civ-spouse, Tech-support, Husband, White, Male, United-States, >50K
53.87357,82217.45,9.105014,362.00616,8.037984,-2.3940413, Private, HS-grad, Married-civ-spouse, Prof-specialty, Husband, White, Male, United-States, <=50K
50.58486,-245444.02,10.375764,9520.904,379.86572,92.782135, Private, Assoc-voc, Married-civ-spouse, Transport-moving, Husband, White, Male, United-States, <=50K
60.231403,334470.62,12.428045,2195.1616,46.550686,-8.370539, Self-emp-not-inc, Bachelors, Married-civ-spouse, Craft-repair, Husband, White, Male, United-States, >50K
165.20897,96132.734,15.911607,7168.3936,-13.790538,-10.617712, Federal-gov, Masters, Married-civ-spouse, ?, Not-in-family, White, Male, United-States, <=50K
32.34481,380251.28,10.635359,442.55707,31.846685,48.543457, Private, Some-college, Divorced, Tech-support, Not-in-family, White, Female, United-States, <=50K
52.592445,649737.25,7.4508176,3059.3171,1.7364398,-41.054688, Private, HS-grad, Married-civ-spouse, Transport-moving, Husband, White, Male, United-States, <=50K
37.009506,-145428.39,10.569793,1838.2362,-32.91473,98.22631, Federal-gov, HS-grad, Never-married, Machine-op-inspct, Unmarried, White, Female, United-States, <=50K
95.250084,564761.0,11.032624,-273.38947,41.697166,39.293854, Private, Some-college, Married-civ-spouse, Protective-serv, Husband, White, Male, United-States, >50K
31.587616,381597.7,9.064275,-1307.8828,12.05866,60.300114, State-gov, HS-grad, Married-civ-spouse, Exec-managerial, Husband, White, Male, United-States, >50K
18.004133,171844.12,13.486944,209.7174,-40.526638,13.391596, Federal-gov, Bachelors, Divorced, Exec-managerial, Not-in-family, White, Male, United-States, <=50K
128.70044,472962.7,7.145773,-2036.3799,-82.84391,85.784225, Private, HS-grad, Never-married, Craft-repair, Not-in-family, White, Male, United-States, <=50K
-3.5597923,-79501.61,10.280843,3231.8245,6.7572527,-10.240999, ?, Some-college, Married-civ-spouse, ?, Husband, White, Male, United-States, <=50K
-11.39742,571324.56,23.56834,1460.1606,59.90306,66.1837, Private, Bachelors, Married-civ-spouse, Prof-specialty, Husband, White, Male, United-States, <=50K
18.980381,-40381.375,10.337788,-478.7652,72.629395,13.552404, Private, Some-college, Never-married, Craft-repair, Not-in-family, White, Female, United-States, <=50K
28.202778,122153.86,8.9388,828.125,-29.043665,60.758938, Private, HS-grad, Married-civ-spouse, Transport-moving, Husband, White, Male, United-States, <=50K
8.881244,42370.53,13.747366,-1249.6311,-28.299952,32.80614, Private, Assoc-voc, Married-civ-spouse, Sales, Husband, White, Male, United-States, <=50K
34.505577,225039.88,3.807775,988.0259,1074.5094,32.947765, Private, 10th, Married-civ-spouse, Sales, Husband, White, Male, United-States, <=50K
8.227777,302795.78,10.259888,683.59155,2.2968645,72.455666, Self-emp-inc, HS-grad, Married-civ-spouse, Protective-serv, Husband, White, Male, United-States, <=50K
17.148155,466595.9,9.547706,-307.06952,17.24156,68.83711, Private, HS-grad, Divorced, Sales, Not-in-family, White, Male, United-States, <=50K
49.886703,306428.38,11.14748,83.156425,12.089322,61.128365, Private, Some-college, Never-married, Sales, Not-in-family, White, Female, United-States, <=50K
25.466702,134584.12,8.834451,-447.10052,-32.134937,67.36607, Private, HS-grad, Married-civ-spouse, Protective-serv, Husband, White, Male, United-States, <=50K
44.394886,84557.5,13.399064,244.28363,2.9942064,86.52044, Private, Bachelors, Married-civ-spouse, Sales, Husband, White, Male, United-States, <=50K
64.30212,164780.11,8.94688,-82.18391,18.940687,34.12924, Private, HS-grad, Married-civ-spouse, Adm-clerical, Husband, White, Male, United-States, >50K
12.326953,405056.97,8.672661,2891.297,-62.210476,-2.5589354, Private, HS-grad, Married-civ-spouse, Machine-op-inspct, Own-child, White, Male, United-States, <=50K
17.00755,282505.94,12.77084,493.32617,23.579245,77.01909, Private, Bachelors, Never-married, Tech-support, Unmarried, White, Female, United-States, <=50K
42.84764,-130017.3,6.7806134,1073.938,-35.96554,103.827126, Self-emp-not-inc, 10th, Married-civ-spouse, Other-service, Not-in-family, White, Male, United-States, <=50K
6.583345,202518.98,9.384762,2049.8196,23.487314,37.205276, Private, Assoc-voc, Married-civ-spouse, Adm-clerical, Husband, White, Male, United-States, >50K
15.624455,223832.55,8.810488,-495.3885,113.46814,51.510895, Private, HS-grad, Never-married, Machine-op-inspct, Not-in-family, White, Female, United-States, <=50K
23.869152,82721.18,9.85793,3739.5183,-52.348873,56.377663, ?, HS-grad, Married-civ-spouse, ?, Husband, White, Male, United-States, >50K
31.73833,579830.3,9.902341,1623.1011,-4.1779966,23.043514, Private, Some-college, Never-married, Protective-serv, Not-in-family, White, Male, United-States, <=50K
15.277331,65273.242,10.071995,944.01306,-38.90823,109.2232, Private, Some-college, Married-civ-spouse, Exec-managerial, Husband, White, Male, United-States, >50K
77.88185,-139024.64,8.931859,-122.96003,-8.09302,14.07103, Private, HS-grad, Divorced, Adm-clerical, Not-in-family, White, Female, United-States, <=50K
5.926479,32375.531,12.5820465,1907.0986,231.46333,-21.069418, Private, Bachelors, Never-married, Tech-support, Other-relative, White, Female, United-States, <=50K
46.41398,455968.06,11.512066,94.1516,32.338516,103.47706, Private, Bachelors, Married-civ-spouse, Exec-managerial, Husband, White, Male, United-States, <=50K
46.110783,752009.4,10.082433,-758.2297,-92.23284,56.30548, Private, Some-college, Married-civ-spouse, Sales, Husband, White, Male, United-States, <=50K
46.96183,13785.204,11.154964,-82.91352,-20.748682,74.952866, Private, Some-college, Never-married, Exec-managerial, Unmarried, White, Female, United-States, >50K
48.764896,44054.14,11.953598,635.1782,-39.418392,116.122635, Private, Bachelors, Never-married, Other-service, Not-in-family, White, Male, United-States, <=50K
19.556946,12366.376,10.400584,458.43982,-48.637096,9.649839, Private, Some-college, Divorced, Exec-managerial, Own-child, White, Female, United-States, <=50K
79.66367,188070.42,9.352999,-340.0373,-24.797419,29.112808, Private, HS-grad, Divorced, Craft-repair, Not-in-family, White, Male, United-States, <=50K
37.07008,-112219.2,9.472975,222.87292,-4.0727873,16.828493, Private, HS-grad, Divorced, Other-service, Not-in-family, White, Female, United-States, <=50K
48.81829,-114903.484,12.469349,-2.8062174,-34.870922,38.75831, Private, Assoc-acdm, Married-civ-spouse, Sales, Husband, White, Female, United-States, >50K
47.37854,387922.66,9.886998,20.800594,18.516844,39.362335, Private, Some-college, Married-civ-spouse, Adm-clerical, Husband, White, Male, United-States, >50K
15.731463,-172781.7,10.880923,4215.3716,255.86128,-49.55831, Private, Some-college, Never-married, Tech-support, Not-in-family, White, Male, United-States, <=50K
64.1856,-161711.52,12.48343,534.2444,6.4520235,12.613562, Private, Masters, Widowed, Sales, Unmarried, White, Female, United-States, <=50K
109.20943,25954.531,9.002551,20.714779,-79.57786,56.64899, Local-gov, HS-grad, Married-civ-spouse, Other-service, Husband, White, Male, United-States, <=50K
120.283936,19860.312,9.8530245,-243.2315,-113.447395,35.82968, Private, HS-grad, Divorced, Craft-repair, Not-in-family, White, Female, United-States, <=50K
38.601875,25560.39,8.9774475,371.08734,21.925192,10.76071, Private, HS-grad, Divorced, Sales, Unmarried, White, Female, United-States, <=50K
20.831163,801544.2,9.789523,155.8703,22.117132,70.04448, Private, HS-grad, Married-civ-spouse, Craft-repair, Husband, White, Male, United-States, <=50K
-5.4172177,195237.0,8.349312,-1378.7993,-80.68563,40.07109, Self-emp-not-inc, HS-grad, Divorced, Farming-fishing, Other-relative, White, Female, United-States, <=50K
4.3858676,737604.2,11.303697,502.93628,93.36677,69.62856, Private, Some-college, Married-civ-spouse, Exec-managerial, Husband, White, Male, United-States, <=50K
5.569137,609084.44,8.711682,-92.7226,-51.05766,40.91606, Private, HS-grad, Married-civ-spouse, Farming-fishing, Husband, White, Male, United-States, <=50K
-10.929242,211216.55,9.631313,1514.4609,81.03841,21.964592, Private, Some-college, Married-civ-spouse, Adm-clerical, Husband, White, Male, United-States, <=50K
55.698105,239247.72,8.455123,2886.0107,-22.362795,16.039623, Federal-gov, HS-grad, Married-civ-spouse, Craft-repair, Husband, White, Male, United-States, <=50K
30.812218,827847.75,9.55213,-96.55451,21.65624,60.98181, Private, HS-grad, Married-civ-spouse, Other-service, Husband, White, Male, United-States, <=50K
10.066842,212720.2,10.127108,531.2539,-30.768946,52.691868, Private, HS-grad, Married-civ-spouse, Tech-support, Other-relative, White, Male, United-States, >50K
-8.230977,223895.66,8.739769,1045.4941,-88.373955,7.960966, Private, HS-grad, Divorced, Farming-fishing, Own-child, White, Female, United-States, <=50K
80.74595,264499.84,9.607517,12351.203,-69.817345,11.9952545, ?, Some-college, Married-civ-spouse, ?, Husband, White, Male, United-States, <=50K
16.684706,262628.75,9.069231,573.867,38.708103,5.2272053, Private, HS-grad, Married-civ-spouse, Sales, Wife, White, Female, United-States, <=50K
34.36452,214083.7,8.862217,14.218319,81.42325,42.776676, Self-emp-not-inc, 11th, Married-civ-spouse, Exec-managerial, Husband, White, Male, United-States, <=50K
19.12866,141266.03,9.914191,-91.281685,18.24478,31.955214, Federal-gov, HS-grad, Divorced, Adm-clerical, Not-in-family, White, Female, United-States, <=50K
18.91204,660272.44,10.049149,207.2804,17.03861,63.932014, Private, HS-grad, Never-married, Handlers-cleaners, Own-child, White, Male, United-States, <=50K
30.33289,509840.72,9.049142,54.898922,15.170461,69.924095, Private, HS-grad, Never-married, Protective-serv, Husband, White, Male, United-States, <=50K
37.791462,610467.2,10.04544,487.6635,-54.72552,46.018925, Private, Some-college, Never-married, Other-service, Own-child, White, Female, United-States, <=50K
93.6353,165762.48,7.5494313,-558.0594,-142.8779,20.295996, Private, HS-grad, Divorced, Adm-clerical, Not-in-family, White, Female, United-States, <=50K
31.00372,698468.2,9.968316,502.7473,60.2359,63.13949, Private, HS-grad, Married-civ-spouse, Exec-managerial, Husband, White, Male, United-States, <=50K
90.133156,431516.75,3.4917884,459.85785,-132.17874,45.203625, Private, 10th, Separated, Transport-moving, Own-child, White, Male, United-States, <=50K
27.358782,153881.52,4.223194,-570.6628,89.28382,37.386436, Self-emp-not-inc, 9th, Never-married, Craft-repair, Own-child, White, Male, United-States, <=50K
-2.1706932,70648.71,10.937087,-485.74945,8.157773,17.325363, Private, Some-college, Separated, Other-service, Not-in-family, White, Female, United-States, <=50K
55.465664,-20457.844,13.064698,-365.57892,-2.1186552,31.809092, Private, Bachelors, Married-civ-spouse, Sales, Wife, White, Female, United-States, <=50K
38.007603,375277.97,10.048184,-1648.1567,1.5358936,47.72046, Private, HS-grad, Divorced, Adm-clerical, Husband, White, Female, United-States, <=50K
7.9670653,49717.83,9.991808,1300.0494,-80.69654,-4.3968563, Private, HS-grad, Never-married, Tech-support, Own-child, White, Male, United-States, <=50K
8.513141,975717.4,12.870052,565.64557,-90.65142,46.312214, Private, Bachelors, Married-civ-spouse, Exec-managerial, Husband, White, Male, United-States, <=50K
83.56871,400223.8,9.858066,5740.471,-5.3221464,66.33147, Private, HS-grad, Married-civ-spouse, Craft-repair, Husband, White, Male, United-States, >50K
46.08486,74479.43,9.02947,-484.71722,8.209897,22.274149, Self-emp-inc, HS-grad, Married-civ-spouse, Craft-repair, Husband, White, Male, United-States, >50K
66.1433,453316.2,9.715852,11806.163,-33.88438,76.3178, Self-emp-inc, HS-grad, Divorced, Sales, Husband, White, Female, United-States, <=50K
45.83059,272568.7,8.805505,434.1737,-30.256159,30.060598, Private, HS-grad, Separated, Priv-house-serv, Unmarried, White, Female, United-States, <=50K
83.772125,401697.9,9.597042,10511.401,28.835302,70.8267, Private, HS-grad, Never-married, Exec-managerial, Own-child, White, Female, United-States, >50K
8.156251,310195.0,9.829672,-56.485783,-8.34373,81.91277, Private, Some-college, Never-married, Exec-managerial, Husband, White, Male, United-States, <=50K
32.88511,553939.75,0.2562017,610.2963,-22.136248,26.05572, Private, 9th, Divorced, Protective-serv, Not-in-family, White, Male, United-States, <=50K
50.923843,165246.02,5.3098984,-519.60455,28.560854,85.037506, Private, 9th, Married-civ-spouse, Other-service, Husband, White, Male, United-States, <=50K
23.02302,-83360.33,9.510599,385.0794,-2.1333876,-56.716957, Private, HS-grad, Married-civ-spouse, Sales, Own-child, White, Female, United-States, <=50K
22.981485,-192080.39,10.742514,870.8941,75.845695,-11.431082, Local-gov, HS-grad, Never-married, Craft-repair, Not-in-family, White, Female, United-States, <=50K
41.316555,146912.56,11.837488,-969.75555,232.45341,57.56512, State-gov, Bachelors, Married-civ-spouse, Prof-specialty, Husband, White, Male, United-States, <=50K
58.523415,261218.78,10.234139,-1115.0254,-8.583896,37.90555, Private, Some-college, Divorced, Adm-clerical, Unmarried, White, Male, United-States, <=50K
8.011983,371033.0,11.015525,1686.4595,252.71756,86.07059, Private, HS-grad, Married-civ-spouse, Sales, Not-in-family, White, Female, United-States, <=50K
47.350563,-70677.75,9.333921,-804.13446,-6.7444334,22.36639, Local-gov, HS-grad, Never-married, Craft-repair, Unmarried, White, Male, United-States, <=50K
55.890156,238438.06,9.051159,-413.75018,-45.359615,38.620216, Federal-gov, HS-grad, Married-civ-spouse, Other-service, Husband, White, Male, United-States, <=50K
16.863695,282736.78,8.977004,602.67395,-45.36932,28.60752, Private, HS-grad, Married-civ-spouse, Other-service, Own-child, White, Female, United-States, <=50K
8.576627,-30870.578,10.013493,197.22919,-26.80993,47.087093, Private, Some-college, Never-married, Other-service, Own-child, White, Female, United-States, <=50K
28.788633,597057.1,9.324129,89.88726,-18.485933,20.481905, Private, HS-grad, Married-civ-spouse, Machine-op-inspct, Husband, White, Male, United-States, >50K
58.402355,136756.52,15.639328,16745.89,7.242528,73.04075, Private, Masters, Married-civ-spouse, Sales, Wife, White, Female, United-States, >50K
1.1524042,632620.56,7.131261,891.51654,-44.889965,-6.5668125, Private, HS-grad, Separated, Prof-specialty, Wife, White, Female, United-States, <=50K
25.329374,-31678.766,9.335853,418.96472,-21.159433,40.100174, Private, HS-grad, Never-married, Other-service, Unmarried, White, Female, United-States, <=50K
67.20081,-184347.11,11.054026,-2400.8389,31.456964,65.22747, Private, Assoc-voc, Never-married, Exec-managerial, Not-in-family, White, Male, United-States, <=50K
49.524303,-215102.83,9.52456,-465.48993,-47.652905,21.846743, Private, HS-grad, Married-civ-spouse, Craft-repair, Husband, White, Male, United-States, >50K
50.415565,-6762.437,9.774756,-155.84894,-27.666315,80.9238, Private, Some-college, Married-civ-spouse, Craft-repair, Husband, White, Male, United-States, >50K
4.925491,576228.1,10.6306305,-1324.6763,-45.640606,24.054234, Self-emp-inc, Assoc-voc, Married-civ-spouse, Sales, Husband, White, Male, United-States, <=50K
81.116165,-33801.72,11.385047,-1166.0173,-114.50933,102.24616, Private, Bachelors, Married-civ-spouse, Prof-specialty, Husband, White, Male, United-States, <=50K
32.226532,-44299.78,10.436725,998.9827,-104.254585,71.51652, Private, Assoc-voc, Separated, Protective-serv, Unmarried, White, Male, United-States, <=50K
78.85623,997044.9,9.844767,-305.2215,-91.46711,34.473755, State-gov, HS-grad, Married-civ-spouse, Sales, Husband, White, Male, United-States, <=50K
40.2814,244435.97,11.844339,2009.7262,17.073965,-1.1764776, Private, Masters, Divorced, Sales, Not-in-family, White, Female, United-States, <=50K
84.895485,5730.813,9.676654,2953.3835,-54.162777,38.640785, Local-gov, Some-college, Married-civ-spouse, Other-service, Husband, White, Male, United-States, <=50K
48.890457,237905.88,14.435458,1658.8838,33.94453,92.728165, Private, Assoc-voc, Married-civ-spouse, Protective-serv, Husband, White, Male, United-States, <=50K
63.709904,177637.4,9.576683,-1113.1243,-68.171074,-0.3874036, Local-gov, HS-grad, Separated, Craft-repair, Not-in-family, White, Male, United-States, <=50K
16.317717,137553.42,6.3365607,-793.1973,-5.4733534,25.65336, Private, 10th, Never-married, Farming-fishing, Other-relative, White, Male, United-States, <=50K
56.84615,440959.2,13.402945,609.6803,2.7908754,87.87829, Local-gov, Masters, Married-civ-spouse, Other-service, Husband, White, Male, United-States, <=50K
-2.3241127,176816.58,10.329017,-108.502266,9.0084505,35.719463, Private, HS-grad, Never-married, Adm-clerical, Own-child, White, Male, United-States, <=50K
40.511654,95455.016,14.688182,-883.7507,-59.361263,124.05332, State-gov, Some-college, Married-civ-spouse, Sales, Husband, White, Male, United-States, <=50K
107.72513,661554.06,9.044874,11886.1875,-111.48145,-1.3524724, Private, HS-grad, Never-married, Adm-clerical, Not-in-family, White, Male, United-States, >50K
-1.9276053,176833.05,6.7225904,52.752926,66.568306,53.435123, Private, 9th, Married-civ-spouse, Craft-repair, Husband, White, Male, United-States, <=50K
8.574817,901022.06,10.674782,1167.4225,-54.452343,67.242035, Private, HS-grad, Married-civ-spouse, Adm-clerical, Wife, White, Female, United-States, <=50K
76.106514,468546.88,5.825733,689.4404,10.484296,102.4004, Federal-gov, 9th, Married-civ-spouse, Machine-op-inspct, Husband, White, Male, United-States, >50K
25.426188,87452.625,9.107596,749.7997,-27.37681,24.209444, Local-gov, Some-college, Married-civ-spouse, Adm-clerical, Husband, White, Male, United-States, >50K
33.50506,40391.312,10.531364,140.36523,-25.49611,62.397038, Private, HS-grad, Married-civ-spouse, Tech-support, Husband, White, Male, United-States, <=50K
-6.5673947,133638.64,12.894195,17.44476,163.78467,122.60473, Self-emp-inc, Bachelors, Married-civ-spouse, Protective-serv, Husband, White, Male, United-States, <=50K
-1.6367537,202464.3,12.6137085,1556.5935,2.0173235,36.92476, Federal-gov, Bachelors, Married-civ-spouse, Prof-specialty, Husband, White, Male, United-States, <=50K
25.900368,409533.78,9.047635,79.33379,6.3784914,44.401806, Private, HS-grad, Married-civ-spouse, Armed-Forces, Husband, White, Male, United-States, <=50K
31.888605,-8328.952,9.515314,653.55225,-59.671673,25.763577, Private, HS-grad, Never-married, Exec-managerial, Not-in-family, White, Male, United-States, <=50K
51.79614,211715.38,10.149623,-327.419,-6.2408934,5.1914806, Private, HS-grad, Divorced, Adm-clerical, Not-in-family, White, Male, United-States, <=50K
-0.15955035,283913.8,8.047333,1313.3195,-5.6973295,13.506826, Private, HS-grad, Married-civ-spouse, Adm-clerical, Wife, White, Female, United-States, <=50K
19.419785,-121245.64,9.645047,-604.1827,-39.243465,15.324694, Local-gov, Some-college, Divorced, Other-service, Not-in-family, White, Female, United-States, <=50K
17.56032,-8818.358,8.185618,317.04706,96.21511,26.287476, Self-emp-not-inc, Some-college, Never-married, Farming-fishing, Other-relative, White, Female, United-States, <=50K
36.43174,18740.953,10.060816,341.55316,85.331566,-20.281599, Private, HS-grad, Never-married, Protective-serv, Not-in-family, White, Female, United-States, <=50K
-10.097451,120052.15,8.770703,1074.775,-57.590405,49.824993, Private, HS-grad, Never-married, Machine-op-inspct, Other-relative, White, Female, United-States, <=50K
55.89969,-461412.38,9.608774,20166.922,-23.028917,9.1285305, Local-gov, HS-grad, Never-married, Other-service, Not-in-family, White, Female, United-States, <=50K
16.863283,206225.75,10.215108,197.93866,26.588743,45.339825, Self-emp-not-inc, Assoc-voc, Married-civ-spouse, ?, Husband, White, Male, United-States, <=50K
38.67333,324954.75,10.463159,-635.5572,1.4255801,110.07076, Private, HS-grad, Never-married, Tech-support, Not-in-family, White, Male, United-States, <=50K
-17.677876,280870.0,2.2487073,429.9942,-16.74145,-17.477915, Private, 9th, Married-spouse-absent, Farming-fishing, Other-relative, White, Female, United-States, <=50K
-0.6476638,250462.27,9.434751,586.2049,-76.20786,65.24855, ?, Some-college, Married-civ-spouse, ?, Husband, White, Male, United-States, <=50K
-6.7357755,80430.47,8.538378,-305.45917,13.508695,79.87576, Private, HS-grad, Never-married, Exec-managerial, Own-child, White, Male, United-States, <=50K
4.5111117,111615.32,9.634272,1627.7515,-23.962046,36.22335, Private, HS-grad, Married-civ-spouse, Adm-clerical, Husband, White, Male, United-States, <=50K
45.232777,-193063.95,10.553827,661.699,47.284184,9.091156, Private, Bachelors, Never-married, Transport-moving, Not-in-family, White, Male, United-States, <=50K
5.9323955,256257.81,8.6069355,728.1618,-33.49394,14.608728, Private, HS-grad, Married-civ-spouse, Adm-clerical, Not-in-family, White, Female, United-States, <=50K
62.93338,71930.23,14.146664,1357.1449,-11.12382,29.398615, Self-emp-not-inc, Masters, Married-civ-spouse, Exec-managerial, Not-in-family, White, Male, United-States, <=50K
80.76062,311441.97,12.929816,3090.5823,-226.17398,-11.985399, Federal-gov, Masters, Widowed, ?, Unmarried, White, Female, United-States, <=50K
71.05795,430947.28,9.29057,1124.4479,-65.536446,-11.348135, Private, Some-college, Never-married, Sales, Not-in-family, White, Male, United-States, <=50K
35.144768,-8861.358,13.608546,-1041.0759,68.13182,45.041412, Self-emp-inc, Masters, Married-civ-spouse, Exec-managerial, Husband, White, Male, United-States, >50K
74.57961,159596.22,9.743862,-311.62775,18.403982,51.553146, Self-emp-inc, HS-grad, Widowed, Sales, Not-in-family, White, Female, United-States, <=50K
65.75836,296064.47,9.999491,629.723,-4.1328917,105.43816, Private, Some-college, Married-civ-spouse, Exec-managerial, Husband, White, Male, United-States, >50K
11.596925,-231361.17,10.6470785,1039.1196,-12.895587,66.277054, Private, Assoc-voc, Married-civ-spouse, Other-service, Unmarried, White, Female, United-States, <=50K
83.25777,-2243.6868,9.381708,834.3345,-53.867214,66.02126, Federal-gov, HS-grad, Married-civ-spouse, Craft-repair, Husband, White, Male, United-States, <=50K
68.812965,131634.08,9.858475,-592.66205,-26.454943,2.5502527, Private, Some-college, Never-married, Adm-clerical, Other-relative, White, Female, United-States, <=50K
25.91276,444643.44,9.480107,-597.93744,15.0930605,65.77894, State-gov, HS-grad, Never-married, Protective-serv, Not-in-family, White, Male, United-States, <=50K
77.24004,-26352.016,13.414344,2459.0496,-10.096477,54.42826, ?, Bachelors, Married-civ-spouse, ?, Husband, White, Male, United-States, <=50K
49.79521,707483.8,11.066608,875.07196,-90.27256,5.3419933, Private, Some-college, Married-civ-spouse, Sales, Husband, White, Male, United-States, >50K
10.323934,456004.78,9.296927,-265.07196,1599.9827,40.10372, Self-emp-not-inc, HS-grad, Married-civ-spouse, Farming-fishing, Husband, White, Male, United-States, <=50K
88.05548,374650.47,10.262935,-60.7923,2149.8772,95.29713, Private, Some-college, Married-civ-spouse, Craft-repair, Husband, White, Male, United-States, >50K
9.242429,87962.17,9.902358,511.11542,407.9864,23.950924, Private, HS-grad, Married-civ-spouse, Sales, Husband, White, Male, United-States, <=50K
8.894296,709398.1,8.979773,1877.6354,-60.440166,121.20801, Private, 10th, Married-civ-spouse, Sales, Wife, White, Male, United-States, >50K
30.24755,152044.73,13.109655,372.74988,-16.19565,-8.4727955, Private, Bachelors, Married-civ-spouse, Tech-support, Husband, White, Male, United-States, >50K
16.344666,683919.4,11.238291,230.03857,-91.76821,28.811647, Private, Some-college, Divorced, Prof-specialty, Not-in-family, White, Male, United-States, >50K
77.27719,533148.7,9.634729,366.29236,-28.100618,-0.13947117, Private, Some-college, Married-civ-spouse, Sales, Husband, White, Male, United-States, >50K
58.18968,47148.53,8.370406,-164.0191,-47.34245,25.965006, Federal-gov, HS-grad, Widowed, Prof-specialty, Not-in-family, White, Female, United-States, <=50K
-15.21919,604832.25,8.995095,1254.9077,-2.6999006,14.398745, Private, Assoc-acdm, Married-civ-spouse, Adm-clerical, Husband, White, Male, United-States, >50K
24.878416,78484.98,13.250727,593.6354,341.91983,49.3523, Private, Bachelors, Married-civ-spouse, Tech-support, Husband, White, Male, United-States, <=50K
7.481582,253378.86,9.717076,3118.3083,7.4425097,53.202114, Private, HS-grad, Married-civ-spouse, Adm-clerical, Other-relative, White, Female, United-States, >50K
44.501343,-120861.766,9.176215,-628.63153,-10.554469,-12.023447, Private, HS-grad, Never-married, Sales, Not-in-family, White, Female, United-States, <=50K
9.918309,280462.66,11.164194,98.593925,39.386192,46.37462, Private, Assoc-acdm, Married-civ-spouse, Transport-moving, Husband, White, Male, United-States, <=50K
69.74772,370584.47,10.959682,-1090.4573,-58.126797,9.88735, Local-gov, Masters, Never-married, Prof-specialty, Unmarried, White, Female, United-States, >50K
11.113082,-64007.83,9.981314,-34.736637,0.15233336,4.012991, Private, Some-college, Never-married, Other-service, Not-in-family, White, Female, United-States, >50K
13.22622,618120.7,7.672147,435.40033,-57.385998,4.5696545, Local-gov, 10th, Married-civ-spouse, Craft-repair, Husband, White, Male, United-States, <=50K
39.221355,894896.75,8.695694,950.567,-165.93849,15.336084, Private, HS-grad, Divorced, Craft-repair, Own-child, White, Male, United-States, <=50K
26.611938,-132128.86,7.360892,-663.9089,26.865133,-12.55195, Private, Some-college, Separated, Other-service, Own-child, White, Female, United-States, <=50K
41.702854,-12862.124,12.279151,190.12378,-13.874713,92.35679, Private, Masters, Married-civ-spouse, Prof-specialty, Wife, White, Female, United-States, >50K
70.90576,302542.53,1.845047,-1466.0884,-91.115654,-0.2546407, Private, 9th, Married-civ-spouse, Other-service, Husband, White, Male, United-States, <=50K
56.578476,338178.38,9.520485,42.81921,30.188871,69.643524, Private, HS-grad, Never-married, Craft-repair, Own-child, White, Male, United-States, <=50K
-9.701669,425354.2,9.513088,2733.2234,-66.35186,51.3706, Private, Assoc-acdm, Married-civ-spouse, Adm-clerical, Own-child, White, Female, United-States, <=50K
43.471817,18636.75,12.4324465,211.80603,-27.563211,65.97257, Private, Bachelors, Divorced, Other-service, Not-in-family, White, Male, United-States, <=50K
21.20373,-291326.66,11.196056,1107.3346,19.672857,55.952682, Self-emp-not-inc, Some-college, Married-civ-spouse, Sales, Husband, White, Male, United-States, <=50K
59.40907,638454.1,10.34034,-1544.5657,14.217488,21.476202, Private, HS-grad, Never-married, Protective-serv, Own-child, White, Male, United-States, <=50K
65.77699,-15682.312,9.721526,-412.66083,-87.43551,101.692474, Self-emp-inc, Some-college, Married-civ-spouse, Other-service, Husband, White, Male, United-States, <=50K
83.97559,1.1106729e+06,8.448259,361.57825,-9.021144,39.801945, Private, HS-grad, Married-civ-spouse, Adm-clerical, Husband, White, Male, United-States, <=50K
13.708596,85593.14,0.8062153,-189.20404,-53.172527,14.431107, Self-emp-not-inc, 9th, Married-civ-spouse, Craft-repair, Husband, White, Male, United-States, <=50K
27.044477,92389.195,8.728835,163.43903,-6.0049543,38.95494, Private, HS-grad, Married-civ-spouse, Machine-op-inspct, Husband, White, Male, United-States, <=50K
89.430435,393995.16,9.026391,-1929.4214,49.967205,59.375847, Private, HS-grad, Never-married, Protective-serv, Not-in-family, White, Male, United-States, <=50K
25.63217,147483.62,9.476103,-228.74518,54.933464,17.396706, Federal-gov, Some-college, Divorced, Farming-fishing, Not-in-family, White, Female, United-States, <=50K
11.204274,483693.34,11.495988,-1629.4446,-93.19419,14.17061, Private, Bachelors, Married-civ-spouse, Handlers-cleaners, Husband, White, Female, United-States, <=50K
55.7564,87888.734,9.003029,-353.1463,18.580801,64.111626, Private, HS-grad, Never-married, Craft-repair, Not-in-family, White, Female, United-States, <=50K
3.0002358,256993.33,7.771187,772.00134,-33.77219,16.99179, Private, HS-grad, Never-married, Priv-house-serv, Own-child, White, Female, United-States, <=50K
12.514985,-32651.625,8.854642,177.66882,-25.209688,91.86722, Private, HS-grad, Married-civ-spouse, Craft-repair, Husband, White, Male, United-States, <=50K
34.914288,-82012.42,10.533946,2779.1104,-19.376947,22.126781, Private, Assoc-acdm, Divorced, Exec-managerial, Not-in-family, White, Female, United-States, <=50K
50.87721,152840.88,13.375883,2254.5361,2684.845,99.508316, State-gov, Bachelors, Never-married, Sales, Own-child, White, Female, United-States, <=50K
41.772243,506348.25,9.671789,185.35223,-31.887094,96.60225, Private, HS-grad, Never-married, Craft-repair, Not-in-family, White, Male, United-States, <=50K
77.98979,-244006.55,11.583911,-282.0042,-144.2171,56.41618, Private, Bachelors, Divorced, Exec-managerial, Not-in-family, White, Female, United-States, <=50K
23.211603,-115265.3,9.215625,357.78412,-30.706156,13.578831, Private, HS-grad, Married-civ-spouse, Other-service, Husband, White, Male, United-States, <=50K
7.4975295,-11295.655,9.7548685,819.5052,19.777433,51.22974, Private, Some-college, Married-civ-spouse, Exec-managerial, Husband, White, Male, United-States, >50K
43.22172,106117.21,9.158759,3553.695,-12.961879,36.76915, Private, HS-grad, Married-civ-spouse, Sales, Other-relative, White, Male, United-States, <=50K
-25.718048,101476.336,8.339867,2279.1436,-2.9077787,-1.66778, Private, HS-grad, Never-married, Handlers-cleaners, Own-child, White, Male, United-States, <=50K
5.6646304,155798.9,13.128052,774.7578,-19.086634,82.9603, Private, Bachelors, Never-married, Prof-specialty, Not-in-family, White, Male, United-States, <=50K
72.545074,340030.22,8.795183,3296.2844,-45.89326,40.49385, ?, HS-grad, Married-civ-spouse, ?, Husband, White, Male, United-States, <=50K
33.75785,70250.34,9.508603,1038.7943,26.44427,117.6632, Private, HS-grad, Married-civ-spouse, Priv-house-serv, Not-in-family, White, Male, United-States, <=50K
16.029276,39679.156,6.6923513,1592.3464,18.94036,30.2125, State-gov, Some-college, Never-married, Tech-support, Not-in-family, White, Male, United-States, <=50K
27.908066,403355.88,11.542284,1049.3911,-1.139407,21.87507, ?, Masters, Married-civ-spouse, ?, Husband, White, Male, United-States, <=50K
50.71925,1.5490896e+06,12.066031,-1431.2161,-112.22718,23.724592, Private, Assoc-voc, Divorced, Farming-fishing, Not-in-family, White, Male, United-States, <=50K
28.969135,396508.12,10.583814,-31.831852,-17.405863,46.22023, Private, Some-college, Divorced, Craft-repair, Not-in-family, White, Male, United-States, <=50K
21.180157,599671.6,14.42453,-1358.6511,8.483396,54.237305, State-gov, Bachelors, Never-married, Prof-specialty, Not-in-family, White, Female, United-States, <=50K
13.400067,-140954.58,12.560239,-1034.2766,1856.1515,30.69187, Private, Masters, Married-civ-spouse, Adm-clerical, Husband, White, Female, United-States, <=50K
-3.6146247,472658.84,3.6987424,1775.1194,117.892845,26.064363, Private, 11th, Married-civ-spouse, ?, Husband, White, Male, United-States, <=50K
70.68349,14517.626,14.241763,503.97028,-12.971545,70.40208, State-gov, Masters, Married-civ-spouse, Prof-specialty, Wife, White, Female, United-States, >50K
28.070475,577939.75,11.49049,1792.431,116.62781,96.60974, Private, HS-grad, Married-civ-spouse, Adm-clerical, Husband, White, Male, United-States, <=50K
28.02525,132636.08,10.153825,-1397.77,915.06604,25.558344, Private, Some-college, Divorced, Farming-fishing, Not-in-family, White, Female, United-States, <=50K
3.2306702,242939.62,9.103265,442.0146,-42.066174,79.39304, Private, HS-grad, Married-civ-spouse, Protective-serv, Husband, White, Male, United-States, <=50K
83.5807,642599.44,15.366736,2162.8855,42.03411,103.98176, Federal-gov, Bachelors, Married-civ-spouse, Prof-specialty, Husband, White, Male, United-States, <=50K
33.12439,194278.73,11.513732,-960.4876,-25.198648,21.890936, Private, Bachelors, Divorced, Protective-serv, Unmarried, White, Female, United-States, >50K
117.37526,104319.55,13.256012,2271.4937,-32.252377,24.813402, Private, Masters, Never-married, Exec-managerial, Not-in-family, White, Male, United-States, <=50K
112.763275,91102.42,9.353944,1051.7303,-44.087063,40.46448, Private, HS-grad, Married-civ-spouse, Transport-moving, Husband, White, Male, United-States, <=50K
63.535164,-41996.203,10.995552,1170.4697,-71.62542,126.751595, Federal-gov, HS-grad, Married-civ-spouse, Craft-repair, Husband, White, Male, United-States, <=50K
79.66668,540761.5,9.222794,-218.76105,312.9454,46.197388, State-gov, HS-grad, Married-civ-spouse, Craft-repair, Husband, White, Male, United-States, <=50K
54.122585,114401.08,13.61445,1488.2032,-6.8992796,59.136078, Private, Masters, Divorced, Prof-specialty, Husband, White, Male, United-States, >50K
13.33319,166959.19,9.436404,-491.34125,-32.244244,31.185392, Local-gov, HS-grad, Divorced, Protective-serv, Not-in-family, White, Female, United-States, <=50K
65.69491,953432.75,9.379536,1750.746,-77.596306,59.16884, Private, Some-college, Separated, Sales, Unmarried, White, Female, United-States, <=50K
59.00229,211621.03,15.470506,171.29791,12.080197,15.673485, Private, Masters, Never-married, Machine-op-inspct, Own-child, White, Male, United-States, <=50K
77.12811,-73445.05,9.761424,569.83154,-9.173724,64.7401, Self-emp-inc, HS-grad, Widowed, Other-service, Husband, White, Male, United-States, <=50K
29.492693,47688.453,10.099202,-498.55853,11.881368,62.97851, Private, HS-grad, Never-married, Transport-moving, Own-child, White, Male, United-States, <=50K
49.228806,-108538.484,9.507025,254.80084,-23.908937,70.798805, Private, Some-college, Never-married, Machine-op-inspct, Not-in-family, White, Male, United-States, <=50K
6.0552897,-165575.98,10.366068,-304.88116,-14.835032,-4.1952686, Private, Some-college, Never-married, Other-service, Not-in-family, White, Female, United-States, <=50K
95.585915,320622.22,11.067806,-381.11615,-17.261393,8.197744, Private, Some-college, Never-married, Prof-specialty, Not-in-family, White, Female, United-States, <=50K
92.86801,227212.53,11.563887,-528.6756,-45.92361,61.700794, ?, Masters, Married-civ-spouse, Prof-specialty, Husband, White, Male, United-States, <=50K
45.81227,193902.14,11.524829,-812.8029,-75.67492,51.269646, ?, Bachelors, Separated, ?, Own-child, White, Female, United-States, <=50K
24.738262,43335.375,8.755609,2310.9292,117.943405,55.892326, Private, HS-grad, Never-married, Handlers-cleaners, Own-child, White, Male, United-States, <=50K
-9.6244135,1.00861244e+06,6.9716554,1597.8114,-136.50047,17.567272, Private, 11th, Married-civ-spouse, Protective-serv, Own-child, White, Male, United-States, <=50K
37.810184,562528.06,9.495297,1097.6418,-96.93723,-30.121344, Private, Some-college, Separated, Prof-specialty, Not-in-family, White, Female, United-States, <=50K
5.591804,-166439.55,9.3672695,554.10315,72.753876,-15.870081, Private, HS-grad, Never-married, Sales, Own-child, White, Male, United-States, <=50K
-1.045056,22507.547,8.757389,2643.571,-43.534985,8.1796665, Private, HS-grad, Married-civ-spouse, Exec-managerial, Husband, White, Male, United-States, >50K
74.958786,139873.42,9.805047,1441.5704,54.534813,-34.3349, Private, Some-college, Married-civ-spouse, Prof-specialty, Husband, White, Male, United-States, <=50K
47.353214,-52295.78,10.510313,-219.86786,-29.463053,46.042774, Private, Some-college, Married-civ-spouse, Sales, Husband, White, Male, United-States, <=50K
7.289146,62577.953,10.117052,529.3637,-30.78789,44.937782, Private, Some-college, Never-married, Handlers-cleaners, Not-in-family, White, Male, United-States, >50K
70.955284,-215114.55,10.743432,-15.180119,10.361531,-36.40715, Private, Some-college, Widowed, Adm-clerical, Not-in-family, White, Male, United-States, <=50K
70.046364,-17614.156,10.461461,-65.620186,-28.62475,21.578234, Private, Some-college, Married-civ-spouse, Other-service, Husband, White, Male, United-States, <=50K
-16.486385,770368.1,9.257363,-218.92743,-68.27796,24.049274, Private, HS-grad, Divorced, Protective-serv, Other-relative, White, Male, United-States, <=50K
24.271044,333372.1,8.607727,-662.7155,-54.163555,35.65371, Private, Some-college, Married-civ-spouse, Craft-repair, Husband, White, Male, United-States, <=50K
48.169697,258319.92,13.556203,616.70026,-19.456942,72.236176, Private, Bachelors, Married-civ-spouse, Protective-serv, Husband, White, Female, United-States, >50K
3.0232308,332362.56,10.553468,-335.899,56.252613,61.74104, State-gov, HS-grad, Married-civ-spouse, Other-service, Husband, White, Male, United-States, <=50K
10.395476,330472.22,11.834224,2289.9565,102.738625,3.418619, Self-emp-inc, Assoc-voc, Married-civ-spouse, Farming-fishing, Husband, White, Male, United-States, <=50K
50.063698,226727.77,7.844265,226.3305,31.67843,72.22481, Self-emp-inc, HS-grad, Never-married, Craft-repair, Unmarried, White, Female, United-States, <=50K
34.54528,-26351.36,10.199378,-343.88922,-18.299578,47.207455, Private, HS-grad, Married-civ-spouse, Transport-moving, Husband, White, Male, United-States, <=50K
107.98162,216342.52,11.526405,3763.5378,34.26999,49.945343, Local-gov, Masters, Married-spouse-absent, Adm-clerical, Not-in-family, White, Female, United-States, >50K
-6.2199483,131923.67,13.4940605,-858.38385,-5.8040037,4.322077, Private, Bachelors, Married-civ-spouse, Prof-specialty, Wife, White, Female, United-States, <=50K
47.276997,-33719.844,10.34939,-104.203804,-7.1274214,84.86391, Private, HS-grad, Widowed, Sales, Not-in-family, White, Female, United-States, <=50K
19.087833,156736.64,9.711258,74.75176,-16.059717,63.286873, Private, HS-grad, Married-civ-spouse, Handlers-cleaners, Not-in-family, White, Male, United-States, <=50K
-1.9686018,218534.89,6.2555737,768.29065,-31.248964,85.595566, Local-gov, 10th, Married-civ-spouse, Craft-repair, Husband, White, Male, United-States, <=50K
116.89636,-333715.4,9.625771,-1107.396,-35.96256,64.14887, Without-pay, HS-grad, Widowed, Craft-repair, Not-in-family, White, Female, United-States, >50K
53.4768,1.3132374e+06,5.591314,-461.9095,-15.698176,48.95904, Private, 10th, Never-married, Farming-fishing, Other-relative, White, Female, United-States, <=50K
23.010376,-226685.61,10.794204,-1466.561,-51.76222,27.763752, Local-gov, HS-grad, Married-civ-spouse, Prof-specialty, Not-in-family, White, Female, United-States, <=50K
70.66098,-84419.92,11.492236,769.1751,-44.5218,91.85329, Private, Assoc-acdm, Married-civ-spouse, Craft-repair, Husband, White, Male, United-States, <=50K
91.45935,137219.95,9.432563,1343.2368,-48.309017,5.097639, Private, HS-grad, Married-civ-spouse, ?, Husband, White, Male, United-States, <=50K
42.029854,171478.53,14.220695,1009.439,2980.9932,17.235695, Private, Masters, Never-married, Handlers-cleaners, Husband, White, Male, United-States, >50K
106.795555,288920.5,13.4100065,10714.799,504.3001,29.67358, Local-gov, Masters, Divorced, Prof-specialty, Unmarried, White, Female, United-States, >50K
77.07919,171177.2,8.746672,-89.41169,10.048436,28.740707, Private, HS-grad, Married-civ-spouse, Craft-repair, Husband, White, Male, United-States, <=50K
10.9339,38336.234,8.286565,-804.8409,33.1066,46.11027, Private, HS-grad, Married-civ-spouse, Craft-repair, Not-in-family, White, Male, United-States, <=50K
50.951706,193609.5,12.310688,804.70074,1.551778,22.342407, Federal-gov, Assoc-voc, Married-civ-spouse, ?, Husband, White, Male, United-States, <=50K
116.83446,10727.251,12.001475,-425.65692,-64.02712,63.72547, Private, Bachelors, Divorced, Other-service, Not-in-family, White, Female, United-States, <=50K
116.37094,99843.77,11.466574,-235.0097,0.72414887,63.747856, Private, Some-college, Widowed, Tech-support, Husband, White, Female, United-States, <=50K
84.425026,214722.61,10.830481,-1108.2136,-12.044795,-8.861502, Private, Some-college, Divorced, Exec-managerial, Not-in-family, White, Female, United-States, <=50K
46.21654,283537.22,10.542752,-26.731876,-14.387248,-2.857611, Private, Some-college, Married-civ-spouse, Adm-clerical, Husband, White, Male, United-States, <=50K
46.474834,119122.25,9.378153,5664.854,46.637493,49.58074, Federal-gov, HS-grad, Married-civ-spouse, Prof-specialty, Husband, White, Male, United-States, >50K
49.09761,189042.31,7.051419,-1340.0781,2.1241121,52.600887, Private, 10th, Widowed, Sales, Unmarried, White, Female, United-States, <=50K
50.757854,715499.7,16.34558,-100.89057,-28.950762,58.001858, Self-emp-inc, Assoc-acdm, Divorced, Prof-specialty, Husband, White, Male, United-States, >50K
22.722029,333131.72,9.69908,3714.043,-7.1226835,37.09668, Private, Some-college, Never-married, Farming-fishing, Not-in-family, White, Male, United-States, <=50K
29.83735,127950.305,9.995859,-137.53644,-54.499325,70.11668, Private, Some-college, Married-civ-spouse, Sales, Husband, White, Male, United-States, <=50K
28.054533,802552.6,10.18021,-485.8426,-5.545764,39.264584, Private, HS-grad, Married-civ-spouse, Machine-op-inspct, Husband, White, Male, United-States, <=50K
2.7220147,726872.56,10.328163,1741.8372,-55.058468,22.719822, Private, HS-grad, Married-civ-spouse, Farming-fishing, Husband, White, Male, United-States, <=50K
33.78407,-76804.83,12.25756,801.4012,31.81851,-0.11644948, Private, Bachelors, Never-married, Transport-moving, Not-in-family, White, Female, United-States, <=50K
63.842342,207347.8,8.975972,728.4505,23.610003,28.046064, Self-emp-not-inc, HS-grad, Divorced, Sales, Husband, White, Male, United-States, >50K
52.834923,-24879.281,12.257829,687.64935,-40.253483,42.763035, Private, Masters, Married-civ-spouse, Protective-serv, Husband, White, Male, United-States, <=50K
48.09552,23557.672,9.140968,-324.73932,-42.733303,28.792166, Private, HS-grad, Divorced, Craft-repair, Unmarried, White, Male, United-States, <=50K
31.254116,-43898.61,6.958707,2480.342,-5.0914793,20.040821, Private, 12th, Married-civ-spouse, Prof-specialty, Wife, White, Female, United-States, >50K
21.12274,385672.3,9.272988,-646.8068,6.573827,33.97919, Private, HS-grad, Married-civ-spouse, Farming-fishing, Husband, White, Male, United-States, <=50K
44.375145,209871.53,9.762125,-291.06598,35.134468,42.10699, Private, HS-grad, Divorced, Exec-managerial, Unmarried, White, Female, United-States, <=50K
91.79878,339581.53,10.583739,642.3088,-15.751796,14.337336, Private, HS-grad, Widowed, Other-service, Not-in-family, White, Female, United-States, >50K
62.42166,26942.89,8.609737,234.54346,16.827452,56.825684, Private, HS-grad, Divorced, Exec-managerial, Not-in-family, White, Male, United-States, <=50K
50.09104,24946.297,11.837581,9705.416,-2.65652,68.54978, Private, Assoc-voc, Married-civ-spouse, Exec-managerial, Not-in-family, White, Male, United-States, <=50K
-5.0769124,-57450.906,5.542179,-313.117,43.274094,32.76085, Private, 10th, Married-civ-spouse, Prof-specialty, Husband, White, Male, United-States, >50K
41.837837,297918.84,9.61387,-764.0013,17.281378,64.149925, Private, HS-grad, Never-married, Craft-repair, Not-in-family, White, Female, United-States, <=50K
22.759857,156209.95,12.353889,-534.52496,-36.429287,-22.045076, Private, Bachelors, Never-married, Prof-specialty, Not-in-family, White, Male, United-States, <=50K
38.267437,202489.83,8.582653,195.06866,-48.11363,39.409904, Private, HS-grad, Never-married, Other-service, Unmarried, White, Female, United-States, >50K
6.374828,165294.81,8.307195,1255.8278,30.138773,7.3438435, Private, 12th, Married-spouse-absent, Adm-clerical, Not-in-family, White, Female, United-States, <=50K
25.99264,559974.2,12.78758,-27.546207,90.24609,64.86008, Private, Masters, Married-civ-spouse, Prof-specialty, Husband, White, Male, United-States, <=50K
27.011375,775215.1,9.165574,849.86694,-157.33899,9.351868, Private, HS-grad, Divorced, Machine-op-inspct, Own-child, White, Male, United-States, <=50K
19.453531,370020.5,7.2721066,350.48114,19.672667,1.5412959, Private, HS-grad, Married-civ-spouse, Other-service, Husband, White, Male, United-States, <=50K
32.442772,57377.844,13.3186035,43.962826,-61.967663,63.468117, Private, Bachelors, Married-civ-spouse, Exec-managerial, Husband, White, Male, United-States, <=50K
53.23012,1.0641778e+06,8.703626,-326.97455,34.311493,62.766663, Private, HS-grad, Divorced, Protective-serv, Not-in-family, White, Female, United-States, <=50K
36.35665,9654.97,12.487462,-227.77081,-115.8848,47.203224, Private, Bachelors, Married-civ-spouse, Exec-managerial, Wife, White, Female, United-States, >50K
31.154072,744631.5,4.6200128,-479.5257,1533.8018,43.550335, Private, 9th, Divorced, Other-service, Husband, White, Male, United-States, <=50K
24.711256,553836.7,10.7364,60.22491,-29.897127,48.543957, Private, Some-college, Never-married, Exec-managerial, Own-child, White, Male, United-States, <=50K
162.50761,203589.12,1.063983,-1083.2258,-108.91006,1.8335551, Private, 9th, Widowed, ?, Not-in-family, White, Female, United-States, <=50K
16.197065,-92307.17,9.124159,-761.95575,-36.814594,68.98329, Private, HS-grad, Never-married, Exec-managerial, Not-in-family, White, Male, United-States, >50K
34.809162,-59826.53,9.274537,-309.07843,111.84618,26.702715, Private, 11th, Never-married, Adm-clerical, Not-in-family, White, Female, United-States, <=50K
35.729023,254960.6,10.2577095,1585.3059,-33.78667,25.208384, Private, HS-grad, Married-civ-spouse, Sales, Wife, White, Female, United-States, <=50K
34.470562,90212.35,11.624626,175.20612,73.00228,52.259586, Private, HS-grad, Never-married, Other-service, Not-in-family, White, Male, United-States, <=50K
15.888076,-232527.08,9.31204,910.0978,22.17198,4.668249, Private, HS-grad, Widowed, Exec-managerial, Not-in-family, White, Female, United-States, <=50K
20.672375,33768.016,10.395511,-408.23895,-28.612902,46.197075, Federal-gov, Bachelors, Married-civ-spouse, Armed-Forces, Husband, White, Male, United-States, <=50K
17.788494,-115557.234,12.281987,-71.044624,9.799787,13.158623, Private, Bachelors, Married-civ-spouse, Prof-specialty, Husband, White, Male, United-States, <=50K
0.46661696,-59142.594,11.631445,51.553707,28.053518,45.555744, Private, HS-grad, Widowed, Exec-managerial, Unmarried, White, Female, United-States, <=50K
19.977932,322054.2,11.807638,2360.8787,86.36319,77.50654, Private, HS-grad, Married-civ-spouse, Machine-op-inspct, Unmarried, White, Male, United-States, <=50K
85.92417,396065.3,10.291401,342.851,-50.950436,10.663223, Private, HS-grad, Married-civ-spouse, Adm-clerical, Husband, White, Male, United-States, <=50K
16.81164,138897.4,8.949669,-169.34686,17.612844,47.011497, Private, HS-grad, Married-civ-spouse, Protective-serv, Husband, White, Male, United-States, <=50K
84.37007,957205.94,8.570589,-645.6982,115.47026,108.32923, Private, Assoc-voc, Married-civ-spouse, Protective-serv, Husband, White, Male, United-States, >50K
22.672258,79272.4,9.305832,-177.71674,-25.105608,59.216145, Self-emp-not-inc, HS-grad, Married-civ-spouse, Exec-managerial, Husband, White, Male, United-States, >50K
79.42908,226721.88,12.347017,2214.5376,46.35161,45.320362, ?, Some-college, Never-married, ?, Not-in-family, White, Male, United-States, <=50K
102.8095,332462.97,-6.2252893,9622.137,105.688065,5.267294, Private, 11th, Married-spouse-absent, Craft-repair, Not-in-family, White, Female, United-States, <=50K
30.58892,285152.1,7.1947727,466.57733,-16.391245,112.76943, Private, 9th, Never-married, Transport-moving, Own-child, White, Female, United-States, <=50K
23.85175,-36717.0,9.216107,423.90887,54.895763,38.36191, Private, HS-grad, Never-married, Craft-repair, Unmarried, White, Male, United-States, <=50K
18.825392,610113.8,9.458157,-112.80097,-12.270038,37.857418, Private, HS-grad, Never-married, Other-service, Not-in-family, White, Male, United-States, <=50K
115.07046,113964.44,12.473175,3080.9563,-48.007687,66.50604, Private, Bachelors, Never-married, Exec-managerial, Not-in-family, White, Male, United-States, <=50K
42.901382,391240.34,8.91356,1501.6761,-9.894649,64.05, Private, HS-grad, Married-civ-spouse, Transport-moving, Husband, White, Male, United-States, <=50K
95.34688,448211.47,9.714725,4406.5645,72.160446,52.5802, Private, Some-college, Married-civ-spouse, Craft-repair, Husband, White, Male, United-States, >50K
91.67709,148998.17,17.306122,-390.87836,35.47944,47.346535, State-gov, Masters, Divorced, Prof-specialty, Not-in-family, White, Female, United-States, <=50K
61.498825,647140.6,13.285744,24.11163,18.406294,57.53138, Private, Bachelors, Divorced, Protective-serv, Unmarried, White, Female, United-States, <=50K
12.5015135,1.2859641e+06,12.254957,352.95502,-147.06302,64.47, ?, Bachelors, Married-civ-spouse, ?, Husband, White, Male, United-States, >50K
106.665596,7257.2974,12.337788,-799.5494,585.5549,-1.603594, Private, Assoc-acdm, Married-civ-spouse, ?, Husband, White, Female, United-States, >50K
7.4553676,258879.4,-4.1820097,4605.085,16.0604,63.068253, Private, 9th, Married-civ-spouse, Machine-op-inspct, Husband, White, Male, United-States, <=50K
19.825586,-157160.89,9.028488,-682.1613,-12.804248,7.578966, Private, HS-grad, Married-civ-spouse, Adm-clerical, Wife, White, Female, United-States, <=50K
9.019376,16429.36,9.109345,-322.89105,43.48743,31.262419, Private, HS-grad, Married-civ-spouse, Sales, Husband, White, Male, United-States, <=50K
34.905964,66974.664,10.0432205,446.7921,29.158072,42.880955, Private, Some-college, Married-civ-spouse, Exec-managerial, Husband, White, Male, United-States, <=50K
14.291106,528558.1,11.82411,1517.6687,-62.20666,20.909735, Private, Some-college, Married-civ-spouse, Sales, Husband, White, Male, United-States, <=50K
56.998936,87396.555,9.035767,2067.173,-12.266055,35.15916, Private, HS-grad, Never-married, Other-service, Own-child, White, Female, United-States, <=50K
56.003815,700834.3,8.924243,-241.97015,-16.911585,80.1401, Private, HS-grad, Married-civ-spouse, Exec-managerial, Husband, White, Male, United-States, <=50K
77.37438,99991.75,12.498716,-475.16986,-30.042978,26.165411, Self-emp-not-inc, Bachelors, Married-civ-spouse, Prof-specialty, Husband, White, Male, United-States, >50K
72.000626,598907.8,10.170609,74.73461,46.662647,57.718376, Self-emp-inc, Some-college, Married-civ-spouse, Machine-op-inspct, Husband, White, Male, United-States, <=50K
27.05842,57391.516,7.7593493,697.32623,89.51465,-9.397814, Private, 12th, Married-civ-spouse, Craft-repair, Husband, White, Male, United-States, >50K
43.85011,-3621.4524,10.045003,9629.586,4.226117,64.6489, Self-emp-not-inc, HS-grad, Married-civ-spouse, Exec-managerial, Husband, White, Male, United-States, >50K
33.985435,354234.5,10.609646,-496.53754,-60.969997,68.67692, Private, HS-grad, Separated, Protective-serv, Not-in-family, White, Male, United-States, <=50K
37.28747,174745.4,10.766029,-559.4965,-0.19377412,26.515083, Federal-gov, Bachelors, Married-civ-spouse, Tech-support, Husband, White, Male, United-States, >50K
46.73759,-350720.2,11.853008,5473.688,17.813765,86.38807, Private, Assoc-acdm, Married-civ-spouse, Tech-support, Husband, White, Male, United-States, <=50K
50.365776,196527.03,15.87316,2964.8862,34.24818,86.86525, Private, Bachelors, Never-married, Prof-specialty, Not-in-family, White, Female, United-States, <=50K
25.040777,411981.4,10.142678,-560.90704,-30.853327,45.219254, Private, HS-grad, Divorced, Machine-op-inspct, Own-child, White, Female, United-States, <=50K
49.727283,-124955.11,7.8672376,-1062.8652,-24.992907,11.719805, Private, 9th, Separated, Other-service, Not-in-family, White, Female, United-States, <=50K
27.592186,-232190.17,5.5317893,1119.4038,-33.583683,67.122734, Without-pay, HS-grad, Never-married, Handlers-cleaners, Own-child, White, Male, United-States, <=50K
13.525327,458545.84,8.894403,1885.9143,16.66268,49.10126, State-gov, HS-grad, Married-civ-spouse, Sales, Husband, White, Male, United-States, <=50K
131.63313,-245817.27,8.077348,-1555.9775,-85.17568,16.867199, Self-emp-inc, HS-grad, Widowed, Adm-clerical, Not-in-family, White, Female, United-States, <=50K
8.275195,563978.06,9.734053,791.14453,-17.271723,30.015173, Private, Some-college, Never-married, Armed-Forces, Own-child, White, Male, United-States, <=50K
44.84552,284975.7,12.136381,155.28265,47.2036,52.65025, Local-gov, Bachelors, Married-civ-spouse, Adm-clerical, Husband, White, Male, United-States, >50K
15.185687,112334.28,0.39095494,-720.35065,49.276886,16.140993, Private, 9th, Widowed, Sales, Unmarried, White, Male, United-States, <=50K
58.661076,718595.3,2.688304,1181.6394,-70.41067,40.13297, Local-gov, 9th, Married-spouse-absent, Other-service, Own-child, White, Female, United-States, <=50K
43.37376,320018.03,14.197348,1616.0488,-21.571009,50.899773, Private, Bachelors, Never-married, Exec-managerial, Not-in-family, White, Male, United-States, <=50K
17.71717,53371.53,9.593288,491.19037,-61.843105,81.91818, Private, HS-grad, Married-spouse-absent, Sales, Not-in-family, White, Female, United-States, <=50K
43.640553,299955.78,8.311235,1752.5975,-161.9938,-19.902426, ?, HS-grad, Divorced, ?, Own-child, White, Female, United-States, <=50K
5.5446315,252256.39,9.942556,-262.73785,-32.143757,25.335627, Private, HS-grad, Never-married, Protective-serv, Unmarried, White, Male, United-States, <=50K
9.596694,244348.83,9.936557,191.84692,19.766356,33.500587, Private, Some-college, Married-civ-spouse, Exec-managerial, Wife, White, Female, United-States, <=50K
36.582794,64452.75,9.869255,562.4914,10.422986,-3.4041998, Private, Some-college, Married-civ-spouse, Tech-support, Wife, White, Female, United-States, <=50K
100.66079,278940.22,8.887973,603.10315,5.408536,38.028168, Private, HS-grad, Married-civ-spouse, Adm-clerical, Husband, White, Male, United-States, <=50K
58.18949,219754.9,8.994716,732.1773,-28.670092,23.331062, Federal-gov, HS-grad, Married-civ-spouse, Handlers-cleaners, Other-relative, White, Male, United-States, <=50K
-22.44926,264783.6,10.203043,846.8146,-4.0100203,30.454258, Private, HS-grad, Married-civ-spouse, Sales, Wife, White, Female, United-States, <=50K
26.381836,66938.21,9.04572,-170.49677,-28.519022,91.23299, Private, HS-grad, Married-civ-spouse, Tech-support, Husband, White, Male, United-States, <=50K
74.10429,303961.22,13.231346,2317.9368,6.1961184,31.841007, Private, Bachelors, Married-civ-spouse, Exec-managerial, Husband, White, Male, United-States, <=50K
51.25814,135239.16,7.7689314,2376.625,17.853643,91.8339, Private, HS-grad, Never-married, Craft-repair, Own-child, White, Male, United-States, <=50K
7.9834,-281336.34,8.533272,345.75806,2.5435762,36.184326, Local-gov, HS-grad, Never-married, Transport-moving, Not-in-family, White, Female, United-States, <=50K
23.582342,412398.03,4.909039,128.52026,101.73134,118.18212, Private, 10th, Married-civ-spouse, Machine-op-inspct, Wife, White, Male, United-States, <=50K
-10.738385,786969.4,9.665814,-351.16962,41.859627,35.127205, Private, Some-college, Married-civ-spouse, Exec-managerial, Husband, White, Male, United-States, <=50K
10.715919,124186.055,12.647349,1263.7174,-30.868631,93.835365, Self-emp-inc, Bachelors, Married-civ-spouse, Exec-managerial, Husband, White, Male, United-States, >50K
56.328274,409965.06,12.922702,-443.79535,-53.487484,31.439611, Local-gov, Bachelors, Married-civ-spouse, Other-service, Husband, White, Male, United-States, <=50K
32.960007,230497.02,10.180663,-674.9633,-28.888712,39.53262, Private, HS-grad, Never-married, Exec-managerial, Not-in-family, White, Female, United-States, >50K
28.28784,102588.914,6.612769,-1027.292,38.32911,89.59284, Private, HS-grad, Married-civ-spouse, Adm-clerical, Husband, White, Male, United-States, <=50K
33.09158,725393.8,5.234167,692.23615,4.3007402,60.11531, Private, 10th, Married-civ-spouse, Farming-fishing, Husband, White, Male, United-States, <=50K
50.653652,-158256.89,9.159186,-317.1059,-18.95402,27.954565, Private, Some-college, Divorced, Other-service, Not-in-family, White, Female, United-States, <=50K
139.78065,55805.33,8.919537,8834.035,-69.70847,59.482944, Local-gov, HS-grad, Married-civ-spouse, Craft-repair, Husband, White, Male, United-States, >50K
90.049164,435144.75,7.9273057,2319.543,-80.73931,53.162823, Private, 9th, Married-civ-spouse, Protective-serv, Husband, White, Male, United-States, <=50K
-7.617474,259688.73,12.558243,169.12012,-29.108965,59.989777, Private, Bachelors, Married-civ-spouse, Prof-specialty, Husband, White, Male, United-States, <=50K
39.500504,257182.97,9.285431,-742.21173,-19.01098,15.1966305, Local-gov, HS-grad, Never-married, Other-service, Not-in-family, White, Female, United-States, <=50K
12.128467,33318.92,12.14397,-621.0478,19.358313,60.847897, Self-emp-inc, Bachelors, Widowed, Sales, Not-in-family, White, Female, United-States, <=50K
18.800678,24977.36,9.344407,-79.62116,11.326955,63.251217, Federal-gov, HS-grad, Married-spouse-absent, Armed-Forces, Not-in-family, White, Male, United-States, <=50K
35.94313,230623.78,9.470181,-1.0672038,-34.445232,79.130646, Self-emp-not-inc, Some-college, Married-civ-spouse, Craft-repair, Husband, White, Male, United-States, <=50K
31.458372,94458.88,10.476275,-282.36652,38.41686,44.229908, Private, Some-college, Never-married, Tech-support, Own-child, White, Male, United-States, <=50K
13.206145,115035.85,8.920019,2431.9133,1492.4929,48.064304, Federal-gov, HS-grad, Never-married, Adm-clerical, Not-in-family, White, Male, United-States, <=50K
62.429455,429093.16,9.968578,-847.6027,9.00903,67.94292, Private, HS-grad, Widowed, Sales, Unmarried, White, Male, United-States, <=50K
13.753375,178292.1,12.869015,24239.164,-33.042194,60.397865, Private, HS-grad, Married-spouse-absent, Sales, Not-in-family, White, Female, United-States, <=50K
82.067856,-202286.17,10.722622,49274.23,210.4817,14.057346, State-gov, Some-college, Divorced, Transport-moving, Not-in-family, White, Male, United-States, >50K
61.716286,-68242.734,14.981681,11341.056,113.98273,-37.98522, State-gov, Assoc-acdm, Married-civ-spouse, Adm-clerical, Husband, White, Male, United-States, >50K
27.88995,512270.03,9.58777,1086.3955,13.126119,73.86156, Private, Some-college, Married-civ-spouse, Prof-specialty, Husband, White, Male, United-States, <=50K
5.80965,4191.86,10.054212,1561.8912,190.03185,-10.803015, Private, Assoc-acdm, Never-married, Adm-clerical, Not-in-family, White, Male, United-States, <=50K
16.862326,-236311.27,8.947235,280.7719,-55.17956,20.929068, Private, HS-grad, Never-married, Other-service, Not-in-family, White, Female, United-States, <=50K
75.88919,252014.52,8.821846,268.65344,34.424957,-1.5801297, Private, HS-grad, Never-married, Other-service, Other-relative, White, Male, United-States, <=50K
10.959792,409681.53,9.117246,-154.3089,2621.174,83.86129, Self-emp-not-inc, HS-grad, Married-civ-spouse, Sales, Not-in-family, White, Female, United-States, <=50K
39.64054,482524.0,8.977588,2670.6843,-22.580065,80.515366, Self-emp-not-inc, HS-grad, Married-civ-spouse, Exec-managerial, Wife, White, Female, United-States, >50K
9.845632,349452.6,11.837124,-246.112,-28.464663,51.161087, Private, HS-grad, Married-civ-spouse, Prof-specialty, Husband, White, Male, United-States, >50K
74.1292,539410.7,8.834617,439.7431,-1.3674496,21.646687, Private, HS-grad, Married-civ-spouse, Transport-moving, Husband, White, Male, United-States, <=50K
49.401886,593200.3,10.50825,738.4663,60.457794,63.725, Private, Some-college, Married-civ-spouse, Priv-house-serv, Husband, White, Male, United-States, <=50K
37.29996,335560.8,7.958399,609.0569,-34.799435,24.45494, Local-gov, 11th, Married-civ-spouse, Adm-clerical, Husband, White, Male, United-States, <=50K
75.36089,-212603.67,14.344248,401.51343,-21.29497,40.41814, Self-emp-not-inc, Bachelors, Never-married, Sales, Not-in-family, White, Female, United-States, <=50K
6.984794,413270.56,9.503315,-53.626774,-20.729456,56.475235, Private, HS-grad, Married-civ-spouse, Machine-op-inspct, Husband, White, Male, United-States, <=50K
22.151857,644250.44,9.91302,-590.1274,1894.3749,3.9647195, Private, HS-grad, Divorced, Adm-clerical, Not-in-family, White, Male, United-States, <=50K
63.702126,62753.93,5.683377,439.76483,-1.5418652,41.6061, ?, 9th, Married-civ-spouse, ?, Husband, White, Male, United-States, <=50K
36.8294,1.02011275e+06,3.4509115,3988.482,-51.953014,-14.517668, Private, 10th, Never-married, Sales, Not-in-family, White, Male, United-States, <=50K
107.1606,238243.8,10.656895,-1217.7166,-63.122677,-28.519796, Private, Some-college, Divorced, Prof-specialty, Not-in-family, White, Male, United-States, <=50K
36.03891,159652.1,9.351921,-690.7253,-37.424488,64.463684, Private, HS-grad, Married-civ-spouse, Transport-moving, Husband, White, Male, United-States, <=50K
183.71071,68844.85,23.981188,51383.887,-29.558947,61.77085, Self-emp-inc, Masters, Divorced, Sales, Husband, White, Female, United-States, >50K
65.23133,-99924.7,10.502662,344.18115,-54.659985,78.87649, Private, HS-grad, Divorced, Tech-support, Not-in-family, White, Female, United-States, >50K
-1.4685484,95420.26,9.130931,1710.0648,82.92278,36.0353, Private, HS-grad, Never-married, Adm-clerical, Husband, White, Male, United-States, <=50K
31.683077,257634.78,9.057323,-87.78803,-30.107782,16.0357, Private, HS-grad, Never-married, Other-service, Own-child, White, Male, United-States, <=50K
40.957184,318607.7,10.900209,-935.227,-41.738323,65.053024, Private, Bachelors, Never-married, Farming-fishing, Not-in-family, White, Male, United-States, <=50K
46.410374,189204.05,8.580593,442.2232,-49.4631,-26.806524, Private, 11th, Never-married, Adm-clerical, Unmarried, White, Female, United-States, <=50K
37.457687,-173516.8,10.032032,-366.71527,-16.394625,60.795113, Private, HS-grad, Married-civ-spouse, Exec-managerial, Husband, White, Male, United-States, <=50K
21.202318,687.4382,13.554912,548.43036,9.027791,5.1867657, Self-emp-not-inc, Bachelors, Never-married, Exec-managerial, Not-in-family, White, Male, United-States, <=50K
11.546544,329059.06,4.5502906,920.88354,-204.2435,51.472214, Federal-gov, HS-grad, Never-married, Handlers-cleaners, Other-relative, White, Male, United-States, <=50K
64.807236,116422.305,9.929139,30.807064,21.016027,23.702276, Self-emp-not-inc, HS-grad, Married-civ-spouse, Exec-managerial, Husband, White, Male, United-States, >50K
38.041737,312855.44,12.207102,1130.012,543.8072,81.34869, Private, Some-college, Married-civ-spouse, Exec-managerial, Husband, White, Male, United-States, >50K
49.879192,1.0934042e+06,8.7508955,111.05627,-117.748116,-14.738081, Private, HS-grad, Married-civ-spouse, Machine-op-inspct, Wife, White, Female, United-States, >50K
39.61267,192396.75,16.874126,-388.38873,-24.613314,27.322063, Private, Bachelors, Never-married, Prof-specialty, Not-in-family, White, Male, United-States, >50K
11.967792,-61693.33,10.674433,-747.8317,-44.096874,29.814646, Local-gov, HS-grad, Married-civ-spouse, Other-service, Husband, White, Male, United-States, <=50K
55.039623,98500.78,9.42816,-50.84345,-53.27125,5.213766, Private, Some-college, Never-married, Tech-support, Other-relative, White, Female, United-States, <=50K
28.594687,100170.19,9.212026,-426.15863,43.54655,52.303036, Private, HS-grad, Divorced, Machine-op-inspct, Not-in-family, White, Male, United-States, <=50K
23.116642,-169743.86,8.759503,-343.37408,-74.27807,36.97753, Private, HS-grad, Never-married, Prof-specialty, Not-in-family, White, Female, United-States, <=50K
24.858408,461636.12,9.004217,212.8742,-29.096033,46.400017, Private, HS-grad, Widowed, Adm-clerical, Not-in-family, White, Female, United-States, <=50K
42.878788,8798.485,10.386283,125.521416,-36.86507,74.83263, ?, Some-college, Never-married, ?, Own-child, White, Female, United-States, <=50K
47.289352,128848.586,15.199507,-624.8599,-21.094736,94.00109, Private, Masters, Married-civ-spouse, Prof-specialty, Husband, White, Male, United-States, >50K
11.001281,139425.42,12.659998,-97.3935,31.41416,12.304262, Federal-gov, Bachelors, Never-married, Prof-specialty, Not-in-family, White, Male, United-States, <=50K
35.402393,235585.89,9.858187,-111.71296,29.701544,36.49436, Private, Some-college, Never-married, Priv-house-serv, Own-child, White, Male, United-States, <=50K
54.874985,26123.531,9.084343,454.67993,-3.2020063,68.991646, Private, HS-grad, Separated, Tech-support, Unmarried, White, Male, United-States, <=50K
41.412666,151229.66,10.836582,11847.004,-5.19604,-28.433722, ?, HS-grad, Married-civ-spouse, Tech-support, Own-child, White, Male, United-States, <=50K
47.39865,47598.766,12.17698,-210.67816,-55.25857,69.574425, Federal-gov, Bachelors, Married-civ-spouse, Transport-moving, Husband, White, Male, United-States, >50K
40.95398,-16858.266,8.7249365,448.72192,-76.12614,51.862125, Private, HS-grad, Separated, Machine-op-inspct, Not-in-family, White, Female, United-States, <=50K
51.440308,632751.6,12.865972,-704.50116,3.4308748,85.96435, State-gov, Some-college, Married-civ-spouse, Handlers-cleaners, Husband, White, Male, United-States, >50K
70.89346,223397.14,18.419785,7439.9873,71.780655,43.63703, Federal-gov, Bachelors, Married-civ-spouse, Exec-managerial, Husband, White, Male, United-States, >50K
19.85033,-96666.36,9.309201,-216.32037,-3.6839705,-5.0573025, Private, HS-grad, Never-married, Sales, Not-in-family, White, Female, United-States, <=50K
51.37595,-348866.94,9.221924,-492.10687,586.24506,-4.6954403, Private, HS-grad, Divorced, Other-service, Not-in-family, White, Female, United-States, >50K
13.935956,36111.86,9.125628,216.68835,2.372983,52.11428, Private, HS-grad, Never-married, Craft-repair, Own-child, White, Male, United-States, <=50K
48.65375,319589.16,12.78292,-84.72248,91.00393,83.67133, Private, Bachelors, Never-married, Transport-moving, Husband, White, Male, United-States, <=50K
41.82545,-160825.39,15.401356,488.85583,-12.872737,11.240162, State-gov, Masters, Never-married, Exec-managerial, Not-in-family, White, Male, United-States, <=50K
3.6397965,177447.53,11.264815,700.7159,881.90967,61.93986, Private, Bachelors, Never-married, Sales, Not-in-family, White, Female, United-States, <=50K
98.11246,-91158.766,17.519146,54444.023,141.46703,19.665777, State-gov, Masters, Married-civ-spouse, Exec-managerial, Husband, White, Male, United-States, >50K
44.927387,-264419.1,10.672413,942.00745,-34.172993,37.12804, Private, Assoc-acdm, Never-married, Other-service, Not-in-family, White, Male, United-States, <=50K
32.95888,77083.52,9.516488,437.9823,-21.329348,-6.376768, Private, HS-grad, Never-married, Craft-repair, Own-child, White, Male, United-States, <=50K
-11.928674,-5461.437,7.791495,1456.8834,24.178389,-44.56849, Self-emp-not-inc, HS-grad, Married-civ-spouse, ?, Not-in-family, White, Male, United-States, <=50K
23.934763,397975.1,10.257317,-383.97894,411.6317,30.717691, Private, Some-college, Never-married, Sales, Other-relative, White, Female, United-States, <=50K
24.868155,97089.836,8.831955,55.821957,52.730267,46.956825, ?, HS-grad, Married-civ-spouse, ?, Husband, White, Male, United-States, <=50K
52.43697,93887.7,12.224469,-382.59113,-0.04180421,64.76314, State-gov, Assoc-acdm, Married-civ-spouse, Prof-specialty, Husband, White, Male, United-States, <=50K
15.632035,734083.75,6.314384,1037.5092,-48.916332,33.246334, Private, 9th, Married-civ-spouse, Farming-fishing, Husband, White, Male, United-States, <=50K
60.55129,172507.42,10.477411,-359.88385,70.373604,45.476303, Private, Some-college, Never-married, Sales, Own-child, White, Female, United-States, <=50K
59.434837,466421.2,11.9248085,-66.29157,-31.92618,47.131912, Local-gov, Bachelors, Married-civ-spouse, Protective-serv, Husband, White, Male, United-States, >50K
45.427063,650795.6,4.592422,1790.7086,-9.548099,18.631275, Private, 11th, Never-married, Farming-fishing, Own-child, White, Female, United-States, <=50K
48.58214,82140.59,9.835906,-294.96796,19.053785,22.183214, Private, HS-grad, Divorced, Adm-clerical, Not-in-family, White, Female, United-States, <=50K
9.952647,119794.66,9.408703,488.74292,54.567272,49.98267, Private, Some-college, Divorced, Adm-clerical, Unmarried, White, Female, United-States, <=50K
62.64995,744967.7,10.334251,61.78204,-57.02844,-29.500898, ?, Some-college, Married-civ-spouse, ?, Husband, White, Male, United-States, <=50K
147.53278,-72040.95,7.9464316,-565.222,-81.96485,8.332609, ?, Some-college, Never-married, ?, Not-in-family, White, Female, United-States, <=50K
40.363503,383402.88,10.922226,-119.58918,-38.723965,6.1417713, Private, Bachelors, Divorced, Priv-house-serv, Not-in-family, White, Female, United-States, <=50K
33.95539,-53333.594,9.767958,232.69281,-30.044687,80.5714, Private, HS-grad, Married-civ-spouse, Exec-managerial, Husband, White, Male, United-States, <=50K
25.066042,319582.0,9.280618,-357.04132,35.48894,20.361013, Private, Some-college, Never-married, Craft-repair, Not-in-family, White, Male, United-States, <=50K
44.658066,619257.8,8.80616,64.44756,1527.8645,70.88219, Local-gov, HS-grad, Never-married, Handlers-cleaners, Not-in-family, White, Male, United-States, <=50K
23.130043,50879.83,8.984186,-702.4034,-16.821024,68.47478, Private, HS-grad, Never-married, Tech-support, Not-in-family, White, Female, United-States, <=50K
64.2862,-81056.734,9.022218,-393.38873,-8.474612,78.982285, State-gov, HS-grad, Widowed, Other-service, Unmarried, White, Female, United-States, <=50K
86.44276,162399.55,9.18665,-400.34882,-69.75132,36.794754, Private, HS-grad, Separated, Adm-clerical, Husband, White, Male, United-States, >50K
65.31121,953306.8,9.527156,871.81726,-82.667854,19.820686, Private, Some-college, Never-married, Adm-clerical, Not-in-family, White, Male, United-States, <=50K
15.901721,439706.5,8.607425,3558.0999,-58.577892,-26.49542, Private, Some-college, Never-married, Adm-clerical, Other-relative, White, Female, United-States, <=50K
26.439968,673253.75,9.475774,29.696468,5.948247,34.395077, Private, Some-college, Married-civ-spouse, Other-service, Husband, White, Male, United-States, <=50K
90.870415,-97053.516,9.535463,257.2392,-54.1739,-7.4104404, Private, HS-grad, Married-spouse-absent, Adm-clerical, Not-in-family, White, Female, United-States, >50K
36.73855,63025.203,8.976388,-761.049,-17.559679,14.051117, Private, HS-grad, Married-civ-spouse, Machine-op-inspct, Husband, White, Male, United-States, <=50K
22.974459,18818.281,9.464399,494.01263,-48.541637,92.72208, Private, HS-grad, Married-civ-spouse, Other-service, Husband, White, Male, United-States, <=50K
74.41871,535191.1,13.608044,4977.6646,37.52054,52.879322, Private, Masters, Married-civ-spouse, Transport-moving, Wife, White, Female, United-States, >50K
45.814243,132120.47,11.178013,-62.224552,-15.617427,58.951637, Private, Some-college, Never-married, Sales, Not-in-family, White, Male, United-States, <=50K
22.636305,-20817.219,12.490402,-498.34186,-41.50845,27.027653, Private, Bachelors, Married-civ-spouse, Prof-specialty, Husband, White, Male, United-States, >50K
7.2626224,10736.235,6.777747,693.99475,109.6702,-8.390337, Private, 11th, Never-married, Adm-clerical, Unmarried, White, Female, United-States, <=50K
98.81724,362022.28,8.420946,-571.2801,-21.870493,68.77516, Private, HS-grad, Married-civ-spouse, Handlers-cleaners, Husband, White, Male, United-States, <=50K
10.799396,920012.0,8.694238,-194.74933,2.7537737,59.30352, Private, HS-grad, Divorced, Adm-clerical, Not-in-family, White, Female, United-States, <=50K
13.485526,341355.75,9.579148,237.84692,37.95323,37.46683, Private, Some-college, Never-married, Adm-clerical, Not-in-family, White, Female, United-States, <=50K
81.678734,-89113.36,11.072644,160.59186,-157.35686,114.442665, Self-emp-inc, Bachelors, Married-civ-spouse, Exec-managerial, Husband, White, Male, United-States, <=50K
26.758904,150785.36,14.346602,-425.43866,8.700894,76.95979, Private, Masters, Married-civ-spouse, Other-service, Husband, White, Male, United-States, <=50K
84.71723,96400.16,9.769563,584.6104,-7.497821,96.8125, Private, Some-college, Divorced, Protective-serv, Not-in-family, White, Male, United-States, <=50K
75.642914,261592.61,23.57357,5405.5845,189.44775,55.710438, Private, Masters, Widowed, Prof-specialty, Not-in-family, White, Female, United-States, <=50K
18.528067,92972.484,11.696961,1111.486,161.3878,-8.397062, Private, Some-college, Never-married, Exec-managerial, Husband, White, Male, United-States, <=50K
-4.380711,457401.25,7.3675957,1331.0682,8.115003,49.515125, Private, 11th, Married-civ-spouse, Handlers-cleaners, Wife, White, Female, United-States, <=50K
11.318446,651761.6,6.479767,-928.25385,1.5686084,68.857956, Private, HS-grad, Married-civ-spouse, Sales, Husband, White, Male, United-States, <=50K
41.94859,41828.53,10.155803,-364.0954,7.7517977,38.737457, Local-gov, Some-college, Married-civ-spouse, Protective-serv, Husband, White, Male, United-States, >50K
8.487382,-40404.39,12.436064,1340.6401,70.13757,23.857594, Private, Bachelors, Divorced, Prof-specialty, Not-in-family, White, Female, United-States, <=50K
75.04968,129475.69,14.863369,8914.62,-5.298625,92.35661, Private, Masters, Married-civ-spouse, Adm-clerical, Wife, White, Female, United-States, <=50K
82.43095,237384.14,13.01562,-346.59088,-14.201907,86.630775, Private, Bachelors, Married-civ-spouse, Exec-managerial, Husband, White, Male, United-States, >50K
8.655753,-304257.44,5.0571685,-17.326847,130.41801,-47.94548, Private, 9th, Married-spouse-absent, Other-service, Not-in-family, White, Female, United-States, <=50K
92.26203,136795.33,11.16005,58.649776,13.454389,68.697075, Private, Masters, Widowed, Exec-managerial, Unmarried, White, Female, United-States, <=50K
77.4754,498306.88,8.631046,776.87366,-159.84758,0.17712963, Private, Some-college, Married-civ-spouse, Sales, Husband, White, Male, United-States, <=50K
7.3995585,92256.664,4.663254,1166.1083,29.649519,-26.419477, Private, 9th, Never-married, Craft-repair, Not-in-family, White, Male, United-States, <=50K
29.838535,228950.17,8.53263,-78.0644,-24.368494,41.65511, Private, 9th, Never-married, Protective-serv, Own-child, White, Male, United-States, <=50K
-5.588261,-169395.8,10.87194,257.44647,-24.391054,59.67563, Private, Assoc-voc, Never-married, Sales, Own-child, White, Male, United-States, <=50K
0.83427364,81128.63,8.334369,1400.1202,-83.31066,-5.8171673, Private, HS-grad, Never-married, Handlers-cleaners, Own-child, White, Male, United-States, <=50K
44.422695,-153217.02,8.72269,856.9309,-37.144924,76.075195, Self-emp-inc, HS-grad, Widowed, Other-service, Unmarried, White, Female, United-States, <=50K
46.132183,172424.75,10.419629,-275.9051,7.062642,78.761475, Private, Some-college, Never-married, Adm-clerical, Own-child, White, Female, United-States, >50K
19.748415,121347.69,16.14553,808.89,-29.855036,9.778677, Private, Some-college, Divorced, Other-service, Not-in-family, White, Female, United-States, <=50K
16.788574,-119559.984,6.827644,584.07,170.60338,104.01003, Private, HS-grad, Married-civ-spouse, Farming-fishing, Husband, White, Male, United-States, <=50K
43.797607,77847.74,9.525743,25617.525,-59.80531,-18.211763, Private, HS-grad, Never-married, Machine-op-inspct, Own-child, White, Female, United-States, <=50K
42.80268,818761.5,4.4632072,2868.9385,438.85086,23.736702, Self-emp-not-inc, 9th, Married-civ-spouse, Transport-moving, Husband, White, Male, United-States, <=50K
51.84511,49128.734,8.579902,-1044.5122,29.012465,0.420164, ?, HS-grad, Never-married, ?, Own-child, White, Female, United-States, <=50K
34.97106,171521.55,9.098926,971.6427,-6.2915907,56.96326, Private, HS-grad, Divorced, Craft-repair, Not-in-family, White, Female, United-States, <=50K
16.827667,645917.56,8.6332035,134.6944,-3.812068,45.54037, State-gov, Some-college, Never-married, Prof-specialty, Husband, White, Male, United-States, <=50K
24.800201,-57560.953,11.960761,1091.2172,-8.999263,-2.7191985, Private, Assoc-acdm, Married-spouse-absent, Protective-serv, Not-in-family, White, Male, United-States, <=50K
82.32409,69798.58,11.870511,160.73688,-31.667238,33.846493, ?, Some-college, Widowed, ?, Not-in-family, White, Female, United-States, <=50K
44.02616,878300.2,9.256338,425.92358,-59.22891,24.039753, Private, HS-grad, Never-married, Adm-clerical, Own-child, White, Female, United-States, <=50K
13.526832,32319.406,9.301229,-788.1872,15.332227,17.04255, Self-emp-inc, HS-grad, Never-married, Sales, Not-in-family, White, Female, United-States, <=50K
25.610672,15327.095,9.102909,-214.71051,-49.216717,90.71079, Self-emp-not-inc, HS-grad, Married-civ-spouse, Sales, Husband, White, Male, United-States, <=50K
1.9064821,315926.28,8.571146,232.39838,-3.7803984,84.62614, Private, HS-grad, Married-civ-spouse, Adm-clerical, Own-child, White, Female, United-States, <=50K
79.71025,-277403.34,8.67924,-594.82416,-34.094265,52.13805, Private, HS-grad, Married-spouse-absent, Sales, Not-in-family, White, Female, United-States, <=50K
20.021217,475564.12,10.637242,667.68677,-5.676852,55.077614, Private, Some-college, Never-married, Prof-specialty, Not-in-family, White, Male, United-States, <=50K
53.029373,96532.945,10.029716,12.59869,6.8697023,68.04633, Private, Some-college, Married-civ-spouse, Farming-fishing, Other-relative, White, Female, United-States, <=50K
-3.7788246,535157.4,8.628011,539.7819,-11.363894,12.8476925, Private, HS-grad, Married-civ-spouse, Other-service, Husband, White, Male, United-States, <=50K
10.217673,75788.516,8.617208,672.6659,19.831327,42.245174, Private, HS-grad, Married-civ-spouse, Sales, Husband, White, Male, United-States, <=50K
101.67113,130020.695,5.460091,-1585.0256,-17.30771,137.68239, Private, 9th, Divorced, Other-service, Unmarried, White, Male, United-States, <=50K
19.440407,203546.6,8.841369,-152.16815,46.88159,42.272926, Private, HS-grad, Never-married, Craft-repair, Own-child, White, Male, United-States, <=50K
3.9458573,291114.94,12.469477,-980.399,-101.335396,93.06885, Private, Assoc-acdm, Married-civ-spouse, Prof-specialty, Not-in-family, White, Male, United-States, >50K
-6.778855,695592.75,9.435072,-399.6607,1.5555393,38.50984, Private, HS-grad, Married-civ-spouse, Farming-fishing, Own-child, White, Male, United-States, <=50K
64.041046,548171.3,10.127744,-414.07343,-40.25214,70.28682, Private, Some-college, Married-civ-spouse, Transport-moving, Husband, White, Male, United-States, <=50K
42.09485,-10786.937,10.108415,-416.89288,20.415152,2.2158105, Private, 11th, Married-civ-spouse, Prof-specialty, Husband, White, Male, United-States, <=50K
30.902185,3637.7507,17.679111,1124.0566,-9.82738,5.0617046, State-gov, Assoc-acdm, Never-married, Adm-clerical, Own-child, White, Male, United-States, <=50K
8.2738085,624662.06,11.452878,1157.2437,13.930814,57.6515, Private, Assoc-voc, Married-civ-spouse, Sales, Husband, White, Male, United-States, <=50K
-7.1093144,383514.78,9.37774,2346.264,35.250954,-13.362989, Private, Some-college, Separated, Machine-op-inspct, Not-in-family, White, Male, United-States, <=50K
10.680797,178392.84,8.761576,-37.292057,-9.273082,88.99522, Private, HS-grad, Married-civ-spouse, Sales, Own-child, White, Male, United-States, <=50K
43.766132,647837.0,9.425119,1001.4303,14.849034,50.570095, Private, HS-grad, Married-civ-spouse, Protective-serv, Husband, White, Male, United-States, >50K
43.53228,502713.94,10.6660185,-579.5848,74.243866,40.346657, Private, Some-college, Divorced, Tech-support, Own-child, White, Female, United-States, <=50K
12.147597,-173359.52,11.544209,-1349.5481,26.066244,12.62315, Self-emp-not-inc, Some-college, Never-married, Craft-repair, Not-in-family, White, Male, United-States, <=50K
55.014515,175225.73,8.529215,497.7259,-32.72511,20.538568, Private, HS-grad, Never-married, Other-service, Own-child, White, Female, United-States, <=50K
24.639555,524076.38,8.969894,-965.6513,-31.041628,70.82504, Private, HS-grad, Never-married, Adm-clerical, Husband, White, Male, United-States, <=50K
47.622116,-93231.67,8.999146,1007.5617,-43.216244,86.190475, Private, HS-grad, Married-civ-spouse, Other-service, Husband, White, Male, United-States, <=50K
75.600685,419803.38,9.067442,5402.4966,-4.6825285,62.329136, Private, HS-grad, Married-civ-spouse, Adm-clerical, Husband, White, Male, United-States, <=50K
46.556435,168480.17,8.876681,138.85638,43.554317,29.492441, Private, 10th, Never-married, Prof-specialty, Not-in-family, White, Male, United-States, >50K
21.370945,154767.77,8.588331,589.0125,33.1904,19.481188, Private, HS-grad, Married-civ-spouse, ?, Husband, White, Male, United-States, <=50K
130.55347,179199.33,7.4687834,-157.01422,-78.42039,-18.16936, Private, HS-grad, Widowed, ?, Not-in-family, White, Male, United-States, <=50K
111.3077,405042.22,4.369665,251.09784,-141.24394,-4.335745, Local-gov, 10th, Widowed, Prof-specialty, Not-in-family, White, Female, United-States, <=50K
100.44382,92329.83,8.98132,-1556.5322,-64.13691,32.07896, Private, HS-grad, Married-civ-spouse, Craft-repair, Husband, White, Male, United-States, <=50K
31.771889,1.0494369e+06,9.059039,-862.9456,-139.39806,54.3525, Private, HS-grad, Divorced, Machine-op-inspct, Not-in-family, White, Male, United-States, <=50K
58.290867,150127.02,11.178976,2564.7068,-3.228732,39.82525, Private, Assoc-acdm, Married-civ-spouse, Machine-op-inspct, Husband, White, Male, United-States, <=50K
-8.056146,575487.1,9.24666,234.99084,-40.4866,-9.154417, Private, HS-grad, Divorced, ?, Not-in-family, White, Female, United-States, <=50K
30.738895,39601.72,9.746678,55.4165,0.17389403,46.93413, Private, Some-college, Never-married, Adm-clerical, Not-in-family, White, Male, United-States, <=50K
38.70853,608154.06,14.910984,669.76166,-34.640797,-12.001631, Private, Assoc-acdm, Never-married, Adm-clerical, Own-child, White, Female, United-States, <=50K
36.279255,680678.2,11.2488,639.9335,-32.360035,12.729126, Private, Assoc-voc, Married-civ-spouse, Tech-support, Husband, White, Male, United-States, <=50K
67.30128,1.1294508e+06,9.461731,336.70874,601.1245,34.603485, Private, HS-grad, Married-civ-spouse, Machine-op-inspct, Husband, White, Male, United-States, <=50K
76.53493,-367546.56,9.001276,-2310.229,45.229088,-32.73845, Private, Some-college, Never-married, Other-service, Not-in-family, White, Male, United-States, <=50K
47.356102,219216.72,9.942352,434.4569,-41.34193,-4.467764, Self-emp-not-inc, Some-college, Married-civ-spouse, Craft-repair, Husband, White, Male, United-States, <=50K
55.514706,-125405.766,9.18633,508.09192,-9.168315,0.49606502, Private, HS-grad, Married-civ-spouse, Handlers-cleaners, Husband, White, Male, United-States, >50K
123.11929,304780.0,7.1236935,2970.4282,-139.97005,35.889076, Self-emp-not-inc, 10th, Divorced, Adm-clerical, Not-in-family, White, Female, United-States, >50K
35.854263,-56871.734,6.7742434,-916.44073,-41.345745,23.026545, Private, 11th, Never-married, Exec-managerial, Not-in-family, White, Male, United-States, <=50K
73.85566,-172418.92,10.775915,15.032284,207.1151,104.799324, Private, HS-grad, Never-married, Exec-managerial, Unmarried, White, Female, United-States, <=50K
21.060225,652159.56,9.819524,-154.96295,-3.2965345,62.795708, State-gov, HS-grad, Married-civ-spouse, Protective-serv, Husband, White, Male, United-States, <=50K
28.439344,-55423.453,10.349055,-477.7602,42.723984,10.5573635, Private, HS-grad, Never-married, Sales, Not-in-family, White, Female, United-States, <=50K
68.274155,-58860.125,9.594936,315.17072,-46.71104,90.35044, Local-gov, HS-grad, Never-married, Craft-repair, Not-in-family, White, Male, United-States, >50K
23.865723,361041.1,10.085701,-607.233,-5.7684507,53.604084, Local-gov, HS-grad, Married-civ-spouse, Farming-fishing, Husband, White, Male, United-States, <=50K
39.28005,1.0385281e+06,8.938971,295.3357,-141.51723,30.146461, Private, HS-grad, Never-married, Handlers-cleaners, Own-child, White, Female, United-States, <=50K
28.797674,521431.84,9.2840395,1252.3889,-46.629223,31.90339, ?, Some-college, Divorced, ?, Own-child, White, Male, United-States, <=50K
22.745316,375402.56,9.74965,697.4426,-37.594036,1.0785388, Private, Some-college, Married-civ-spouse, Other-service, Husband, White, Male, United-States, <=50K
11.523704,-78058.95,9.85281,121.84612,2.7552004,15.545485, Private, Some-college, Never-married, Craft-repair, Own-child, White, Male, United-States, <=50K
7.0900474,358111.4,9.652993,902.2307,5.7211885,18.031862, Private, Some-college, Married-civ-spouse, Other-service, Husband, White, Male, United-States, <=50K
40.640884,619275.3,14.958789,-237.22382,890.5089,50.75595, Self-emp-inc, Masters, Married-civ-spouse, Sales, Husband, White, Male, United-States, >50K
59.26907,82243.8,13.300937,115.314995,-13.073878,0.018239848, Private, Bachelors, Divorced, Protective-serv, Not-in-family, White, Male, United-States, >50K
96.44226,434422.56,8.323606,575.26294,2984.917,38.108578, Self-emp-not-inc, 10th, Married-civ-spouse, Other-service, Husband, White, Male, United-States, <=50K
92.50938,179931.7,0.4909391,4044.4436,50.860016,69.35726, Local-gov, 9th, Married-civ-spouse, Machine-op-inspct, Husband, White, Male, United-States, >50K
89.68219,289973.72,-7.074538,926.684,11.988133,53.195763, Without-pay, 10th, Married-civ-spouse, Farming-fishing, Other-relative, White, Male, United-States, <=50K
23.84577,260229.31,9.8132,941.29596,-15.419543,5.267519, Private, Some-college, Married-civ-spouse, Prof-specialty, Wife, White, Female, United-States, <=50K
112.34228,-270770.7,8.682181,-1876.6143,-38.449986,22.565504, Private, 9th, Never-married, Craft-repair, Not-in-family, White, Male, United-States, <=50K
59.63577,393510.3,9.680319,709.04407,20.853262,-25.230955, ?, Some-college, Divorced, ?, Not-in-family, White, Female, United-States, <=50K
29.3798,27568.438,8.606603,-181.44525,-1.4822873,65.73004, Private, HS-grad, Married-civ-spouse, Farming-fishing, Husband, White, Male, United-States, <=50K
12.985576,594652.8,9.797879,1308.4404,-8.335719,51.650375, Private, Some-college, Married-civ-spouse, Adm-clerical, Husband, White, Male, United-States, <=50K
23.458538,532549.5,11.577949,1116.213,6.926549,38.878773, Private, Some-college, Never-married, Protective-serv, Not-in-family, White, Male, United-States, <=50K
44.362114,852999.1,10.672198,312.771,-14.395228,42.4992, Private, Bachelors, Never-married, Other-service, Not-in-family, White, Male, United-States, <=50K
81.46323,625069.6,9.532952,514.8101,-7.089923,15.432423, Private, HS-grad, Divorced, Machine-op-inspct, Not-in-family, White, Male, United-States, <=50K
8.127568,95791.5,8.999752,298.0625,-34.507046,43.60806, Private, HS-grad, Married-civ-spouse, Adm-clerical, Husband, White, Male, United-States, <=50K
23.258522,-65146.234,8.769439,-35.66315,3.954175,90.81932, Private, HS-grad, Married-civ-spouse, Other-service, Husband, White, Male, United-States, <=50K
36.098965,470986.34,9.744799,-1018.71967,-25.917246,42.528236, Federal-gov, Some-college, Married-civ-spouse, Tech-support, Husband, White, Male, United-States, >50K
3.5852005,408589.28,11.494893,668.71497,-21.327097,-5.254389, Private, Bachelors, Separated, Tech-support, Not-in-family, White, Male, United-States, <=50K
84.084366,152969.31,9.001868,-1019.07465,-22.273043,5.309431, Private, Some-college, Married-civ-spouse, Transport-moving, Husband, White, Male, United-States, <=50K
88.3866,169405.19,8.518442,2006.7192,-88.422905,68.30975, Self-emp-inc, 10th, Widowed, ?, Other-relative, White, Male, United-States, <=50K
1.3394693,306710.34,10.409633,2330.4143,75.39561,-4.19998, Private, Some-college, Never-married, Tech-support, Not-in-family, White, Male, United-States, <=50K
15.968108,-66255.56,9.791587,1356.863,10.191968,13.911301, Private, Some-college, Married-civ-spouse, Exec-managerial, Husband, White, Male, United-States, >50K
73.75383,111192.04,8.634265,394.3211,67.60914,-8.877638, Private, 11th, Never-married, Adm-clerical, Not-in-family, White, Female, United-States, <=50K
43.29366,-140557.95,9.859473,-585.34796,-85.23626,42.11825, Private, HS-grad, Widowed, Other-service, Unmarried, White, Female, United-States, <=50K
71.11789,-55637.984,9.141985,6196.893,-41.228603,35.804832, Private, HS-grad, Married-civ-spouse, Craft-repair, Husband, White, Male, United-States, >50K
69.028366,-32990.11,8.599716,-449.2448,45.20891,55.80619, Self-emp-not-inc, HS-grad, Never-married, Other-service, Unmarried, White, Female, United-States, <=50K
31.86794,81843.56,10.576222,681.72455,-25.625612,48.584007, Private, HS-grad, Married-civ-spouse, Adm-clerical, Wife, White, Female, United-States, <=50K
7.2104583,170907.47,17.021944,-742.2973,-108.55746,56.190125, Private, Masters, Married-civ-spouse, Exec-managerial, Husband, White, Male, United-States, <=50K
30.374727,-152158.8,9.060718,817.69806,-64.99114,66.94065, Private, HS-grad, Married-civ-spouse, Handlers-cleaners, Husband, White, Male, United-States, <=50K
28.058992,326749.12,8.325908,899.15735,4.7815447,-14.380583, Private, HS-grad, Separated, Adm-clerical, Not-in-family, White, Female, United-States, <=50K
25.931711,-119543.766,12.074907,-36.867252,480.48016,-4.4566746, Private, Bachelors, Never-married, Tech-support, Other-relative, White, Female, United-States, <=50K
34.440235,353524.8,10.74127,359.63147,4.855077,61.589195, Private, HS-grad, Married-civ-spouse, Adm-clerical, Husband, White, Male, United-States, <=50K
38.005684,-18675.094,12.022716,-716.24225,42.74781,6.859804, Private, Some-college, Never-married, Tech-support, Own-child, White, Female, United-States, <=50K
34.517857,392466.56,5.770682,-966.0429,-103.68499,83.36635, Without-pay, 9th, Never-married, Farming-fishing, Own-child, White, Male, United-States, <=50K
12.338923,307613.94,10.181029,1158.8923,0.632825,56.915855, Private, HS-grad, Never-married, Adm-clerical, Not-in-family, White, Male, United-States, <=50K
26.196333,132175.56,11.979488,186.32074,-65.31014,16.45238, Local-gov, Bachelors, Married-civ-spouse, Exec-managerial, Husband, White, Male, United-States, <=50K
30.235775,52865.094,9.298327,897.8585,-81.20701,105.22586, Private, HS-grad, Married-civ-spouse, Handlers-cleaners, Husband, White, Male, United-States, >50K
43.31806,159348.39,9.414717,-150.2226,-124.94781,60.79064, Local-gov, Bachelors, Married-spouse-absent, Protective-serv, Not-in-family, White, Female, United-States, <=50K
82.7056,449530.4,14.813821,666.05316,30.809973,27.499973, Private, Bachelors, Married-civ-spouse, Exec-managerial, Husband, White, Male, United-States, >50K
20.616924,992750.44,8.445948,227.56207,-83.69613,19.574965, Private, HS-grad, Married-civ-spouse, Craft-repair, Husband, White, Male, United-States, >50K
64.410736,58260.797,9.074175,-240.7149,-70.71072,25.940094, Private, HS-grad, Married-spouse-absent, Machine-op-inspct, Not-in-family, White, Female, United-States, <=50K
19.85901,455430.8,10.283013,778.78754,-95.57685,25.362818, Private, Assoc-acdm, Married-civ-spouse, Prof-specialty, Own-child, White, Female, United-States, <=50K
35.53238,137157.95,7.1859107,-1042.2273,-2.1286573,42.572624, Private, HS-grad, Married-civ-spouse, Farming-fishing, Husband, White, Male, United-States, <=50K
93.161354,305200.66,6.8319397,305.99646,29.35243,63.40049, Private, HS-grad, Widowed, Other-service, Unmarried, White, Female, United-States, <=50K
55.023132,422263.88,4.237631,636.56134,-50.242214,-5.8806057, Self-emp-not-inc, 9th, Married-civ-spouse, Sales, Husband, White, Male, United-States, <=50K
56.859585,314517.16,12.432841,-1282.9797,-124.38233,15.893919, Local-gov, Bachelors, Divorced, Prof-specialty, Not-in-family, White, Female, United-States, <=50K
45.845078,-80629.7,11.546283,-68.78156,-17.547586,9.148834, Private, Bachelors, Married-civ-spouse, Exec-managerial, Husband, White, Male, United-States, <=50K
27.392101,33730.375,9.203928,246.90338,-16.45135,15.808929, State-gov, HS-grad, Never-married, Sales, Not-in-family, White, Male, United-States, <=50K
75.52364,125116.13,9.026118,-594.58185,-23.766314,88.74555, Private, HS-grad, Married-civ-spouse, Craft-repair, Husband, White, Male, United-States, <=50K
98.75508,383905.03,12.773759,5623.8657,33.124413,18.974604, ?, Bachelors, Married-civ-spouse, ?, Husband, White, Male, United-States, >50K
72.819176,205711.81,13.955691,-39.814762,1433.078,31.431124, Local-gov, Masters, Married-civ-spouse, Prof-specialty, Not-in-family, White, Female, United-States, <=50K
64.99198,706028.44,13.422274,3935.0232,65.139244,88.88334, Self-emp-inc, Masters, Never-married, Sales, Husband, White, Female, United-States, <=50K
76.309204,-286967.16,9.53164,254.3747,-133.6787,69.83126, Private, Some-college, Never-married, Other-service, Not-in-family, White, Female, United-States, <=50K
62.96502,768235.94,9.104015,6597.166,-143.17569,-14.02524, State-gov, HS-grad, Married-spouse-absent, Protective-serv, Husband, White, Male, United-States, <=50K
11.2424345,316265.9,8.802978,2726.3582,-31.593843,58.756973, Private, HS-grad, Married-civ-spouse, Other-service, Husband, White, Male, United-States, <=50K
51.804688,199318.84,11.747794,1799.1123,-29.950891,7.678442, State-gov, Masters, Divorced, Adm-clerical, Unmarried, White, Female, United-States, <=50K
21.36619,443583.25,9.3642025,674.0469,-58.590954,20.616068, Private, HS-grad, Never-married, Exec-managerial, Own-child, White, Male, United-States, <=50K
70.45571,-9951.593,9.562215,-475.52753,0.9232837,40.000145, State-gov, HS-grad, Married-civ-spouse, Tech-support, Husband, White, Male, United-States, <=50K
40.47585,698732.06,12.834072,183.65802,43.797997,34.51731, Self-emp-inc, Some-college, Divorced, ?, Husband, White, Female, United-States, <=50K
4.182422,725924.7,8.862387,824.57263,20.383947,41.35697, Private, HS-grad, Never-married, Adm-clerical, Not-in-family, White, Male, United-States, <=50K
13.550185,64618.04,9.048986,-1169.3457,-87.91515,75.88456, Private, HS-grad, Divorced, Handlers-cleaners, Not-in-family, White, Male, United-States, <=50K
22.717672,189966.31,3.1618438,5670.8564,21.87306,87.8817, Private, 9th, Married-civ-spouse, Handlers-cleaners, Other-relative, White, Male, United-States, <=50K
25.887959,269883.53,9.363814,-244.49274,-2.9986296,18.87924, Private, HS-grad, Widowed, Priv-house-serv, Wife, White, Female, United-States, <=50K
40.386314,482517.4,8.765583,2269.2761,-100.36402,-9.135542, Private, HS-grad, Divorced, Machine-op-inspct, Not-in-family, White, Female, United-States, <=50K
61.238644,285031.78,8.88979,1490.6449,19.075369,-5.8695164, Private, HS-grad, Married-civ-spouse, Machine-op-inspct, Husband, White, Male, United-States, >50K
39.636032,386288.47,9.526925,1542.2556,138.71346,111.57161, Private, HS-grad, Divorced, Transport-moving, Unmarried, White, Male, United-States, <=50K
54.029556,241793.81,9.529252,-235.61444,31.104197,96.28583, Private, HS-grad, Married-civ-spouse, Craft-repair, Husband, White, Female, United-States, <=50K
11.771224,-199314.98,10.9515085,2209.3113,62.842903,8.628117, Self-emp-inc, Some-college, Never-married, Sales, Not-in-family, White, Female, United-States, <=50K
76.12485,548443.56,12.009086,698.4919,-32.033627,82.81733, Private, Some-college, Never-married, Craft-repair, Own-child, White, Male, United-States, <=50K
46.097584,232839.47,13.924979,-957.97577,56.18652,51.48137, State-gov, Masters, Never-married, Prof-specialty, Husband, White, Male, United-States, <=50K
86.51171,754022.56,10.033408,-844.9439,4587.595,41.899826, Private, HS-grad, Married-civ-spouse, Farming-fishing, Husband, White, Male, United-States, <=50K
30.612207,29185.781,9.407779,4499.8228,-28.307222,39.975906, Private, Some-college, Married-civ-spouse, Other-service, Husband, White, Female, United-States, <=50K
41.04193,9470.72,10.254884,358.22205,-11.526118,24.741777, Private, Some-college, Never-married, Protective-serv, Own-child, White, Female, United-States, <=50K
12.010976,24074.656,10.0033655,2029.4021,24.43818,2.818075, Federal-gov, Some-college, Never-married, Adm-clerical, Not-in-family, White, Male, United-States, <=50K
18.169533,469191.75,10.066798,-1266.0271,148.28197,33.64139, Private, HS-grad, Married-civ-spouse, Other-service, Own-child, White, Male, United-States, <=50K
84.066574,233632.33,8.457052,-416.34784,-65.553276,48.412796, Private, HS-grad, Divorced, Farming-fishing, Not-in-family, White, Male, United-States, >50K
-0.55556935,718463.6,8.567618,4084.974,-70.96992,30.36899, Private, HS-grad, Never-married, Machine-op-inspct, Own-child, White, Female, United-States, <=50K
4.3546596,889559.4,7.0875683,870.45764,-94.144066,64.85123, Private, HS-grad, Never-married, Other-service, Husband, White, Male, United-States, <=50K
57.152206,1499.3912,14.601503,1088.896,-79.09174,90.39579, Self-emp-not-inc, Some-college, Married-civ-spouse, Exec-managerial, Husband, White, Male, United-States, <=50K
25.891403,62891.094,9.719305,-295.18915,-3.595683,62.82473, Federal-gov, Some-college, Married-civ-spouse, Exec-managerial, Husband, White, Male, United-States, >50K
71.46214,202470.17,9.672157,974.0007,1.3160297,21.693888, Private, HS-grad, Married-civ-spouse, Farming-fishing, Wife, White, Male, United-States, <=50K
40.766415,-58946.53,9.189985,11553.853,-15.630046,55.81752, Private, HS-grad, Never-married, Other-service, Not-in-family, White, Male, United-States, >50K
28.349417,610364.6,10.260424,141.83655,-45.506985,81.32934, Private, HS-grad, Married-civ-spouse, Sales, Husband, White, Male, United-States, >50K
16.78511,415484.47,11.782479,431.58862,62.049843,88.86249, Private, Masters, Never-married, Adm-clerical, Own-child, White, Female, United-States, <=50K
6.6318927,-50736.453,9.448674,243.59338,-108.97646,78.710266, Private, HS-grad, Never-married, Craft-repair, Not-in-family, White, Female, United-States, <=50K
62.117054,664172.3,3.0844522,197.9931,1.5826694,32.801563, Private, 9th, Never-married, Prof-specialty, Not-in-family, White, Male, United-States, <=50K
34.646423,45220.938,10.512782,470.52734,-14.444888,92.54529, Private, Some-college, Married-civ-spouse, Sales, Husband, White, Male, United-States, >50K
30.335922,653535.94,15.796788,730.3049,-1.7511624,33.369682, Private, Masters, Married-civ-spouse, Sales, Wife, White, Female, United-States, <=50K
57.327827,160143.84,10.338608,-889.0546,7.906308,73.24408, Local-gov, HS-grad, Never-married, Transport-moving, Own-child, White, Female, United-States, <=50K
2.5650094,-65288.78,12.991245,845.23236,139.10625,13.738384, Private, Assoc-acdm, Married-spouse-absent, Prof-specialty, Unmarried, White, Female, United-States, >50K
12.766662,179255.75,8.794733,-305.76056,-52.461407,91.511, Private, HS-grad, Married-civ-spouse, Adm-clerical, Own-child, White, Female, United-States, <=50K
23.824442,208433.14,13.283575,-1025.9724,-30.050478,51.31024, Private, Some-college, Never-married, Adm-clerical, Other-relative, White, Male, United-States, <=50K
20.828917,389054.2,10.241798,1730.2437,18.734442,9.047546, Private, Some-college, Separated, Prof-specialty, Own-child, White, Female, United-States, <=50K
2.6260102,187261.77,8.710461,9665.634,-83.50773,-6.89147, Private, HS-grad, Never-married, Transport-moving, Own-child, White, Male, United-States, <=50K
60.25734,3945.7195,12.885605,233.02332,-7.4636335,52.988426, Private, Masters, Divorced, Tech-support, Not-in-family, White, Female, United-States, <=50K
66.41501,86621.8,11.15938,79.84441,10.122716,80.25148, Private, Masters, Never-married, Craft-repair, Own-child, White, Female, United-States, <=50K
28.353853,-214546.73,12.697952,776.25476,-9.790301,71.9747, Private, Bachelors, Never-married, Other-service, Own-child, White, Female, United-States, <=50K
43.869797,-43161.344,9.909075,496.04327,-118.83805,83.21891, Private, Some-college, Separated, Adm-clerical, Own-child, White, Male, United-States, <=50K
46.501953,115495.77,10.258615,-1430.6855,58.05522,-0.28607, Private, Some-college, Never-married, Sales, Not-in-family, White, Male, United-States, <=50K
18.302052,490128.28,-0.9264517,121.05016,-37.11311,64.62769, Private, 9th, Never-married, Farming-fishing, Not-in-family, White, Male, United-States, <=50K
25.090586,75965.43,13.666491,160.73047,-37.281887,60.54228, Private, Bachelors, Married-civ-spouse, Handlers-cleaners, Husband, White, Male, United-States, >50K
48.962784,185012.1,12.451418,2661.77,-11.894351,54.49764, Private, Bachelors, Married-civ-spouse, Exec-managerial, Husband, White, Male, United-States, >50K
12.26208,701133.6,9.178598,-1097.9065,41.813206,66.71369, Private, HS-grad, Married-civ-spouse, Machine-op-inspct, Husband, White, Male, United-States, <=50K
32.525074,7457.891,9.304974,-145.76654,-35.99709,69.13506, State-gov, HS-grad, Married-civ-spouse, Other-service, Husband, White, Female, United-States, <=50K
0.49695906,159072.9,8.732699,2800.518,-63.31149,72.57692, Private, Assoc-acdm, Never-married, Exec-managerial, Own-child, White, Female, United-States, <=50K
4.694717,-123146.484,8.849488,-312.55353,-51.337353,21.336948, Private, Some-college, Never-married, Adm-clerical, Own-child, White, Male, United-States, <=50K
58.299366,-11030.749,9.310091,-250.44586,-49.1116,71.842026, Private, HS-grad, Married-civ-spouse, Exec-managerial, Husband, White, Male, United-States, <=50K
66.34823,576735.44,15.443424,14274.591,-24.600832,98.97565, Private, Assoc-acdm, Married-civ-spouse, Sales, Husband, White, Male, United-States, <=50K
26.932951,331703.94,9.78538,375.19678,-4.2003813,60.34552, Private, Some-college, Married-civ-spouse, Farming-fishing, Husband, White, Male, United-States, <=50K
38.61572,32306.734,10.820673,-884.13947,104.42412,50.483543, Private, Some-college, Married-civ-spouse, Craft-repair, Husband, White, Male, United-States, <=50K
38.589363,362249.25,4.2774034,-472.7945,-4.9293776,27.844946, Private, 9th, Never-married, Other-service, Own-child, White, Male, United-States, <=50K
47.715096,251669.3,13.118079,-986.6348,-33.8074,72.269684, Private, Bachelors, Never-married, Tech-support, Own-child, White, Male, United-States, <=50K
9.1637125,422365.9,10.692564,-1407.324,-25.718866,84.96462, Self-emp-not-inc, HS-grad, Married-civ-spouse, Exec-managerial, Husband, White, Male, United-States, <=50K
0.54856807,330619.56,10.151091,1397.3671,-80.60998,-3.7404807, Local-gov, Some-college, Never-married, Other-service, Own-child, White, Female, United-States, <=50K
84.39015,527585.25,9.449309,-935.8975,-46.97601,46.255466, Private, HS-grad, Married-civ-spouse, Exec-managerial, Husband, White, Male, United-States, >50K
18.849115,466486.2,12.771959,-1252.9326,-22.568682,30.718445, Private, Some-college, Married-civ-spouse, Adm-clerical, Husband, White, Male, United-States, <=50K
33.34388,602370.25,-0.32547286,1587.6505,123.79953,73.552986, Private, 10th, Married-civ-spouse, Tech-support, Other-relative, White, Male, United-States, <=50K
3.385463,332287.34,10.399176,-11.49445,62.202343,35.87442, Private, Some-college, Never-married, Exec-managerial, Own-child, White, Male, United-States, <=50K
16.112822,505643.66,9.5595045,37.761288,-89.90014,-19.740591, Self-emp-not-inc, Some-college, Never-married, ?, Own-child, White, Male, United-States, <=50K
12.322455,450129.7,8.870117,-344.7149,-48.762524,42.456734, Private, HS-grad, Married-civ-spouse, Transport-moving, Husband, White, Male, United-States, <=50K
58.748253,239848.05,8.662352,-588.2725,-11.371333,13.814407, Private, HS-grad, Divorced, Other-service, Not-in-family, White, Female, United-States, <=50K
31.419142,299169.16,7.1637692,661.5773,-85.569435,23.126093, Self-emp-not-inc, 10th, Divorced, Farming-fishing, Unmarried, White, Male, United-States, <=50K
12.767348,473636.6,9.784217,-593.25616,41.248188,52.528603, Private, HS-grad, Never-married, Protective-serv, Own-child, White, Male, United-States, <=50K
29.124216,510008.38,9.41328,225.58972,-4.823497,15.103024, Private, HS-grad, Separated, Sales, Own-child, White, Female, United-States, <=50K
75.2954,378960.03,9.870863,225.32874,44.32367,39.09494, Private, Some-college, Married-civ-spouse, Sales, Husband, White, Male, United-States, <=50K
64.49365,773417.56,13.547437,673.4524,-4.4255095,47.34784, Private, Masters, Married-civ-spouse, Transport-moving, Wife, White, Female, United-States, <=50K
36.154537,10464.517,12.803108,2050.5469,-45.202633,90.52662, Private, Bachelors, Married-civ-spouse, Exec-managerial, Husband, White, Male, United-States, <=50K
90.08946,142818.83,-5.1883554,-479.35968,-20.751749,-28.66654, Private, 9th, Widowed, Other-service, Own-child, White, Female, United-States, <=50K
24.705742,347329.28,9.03769,-175.17743,-14.847133,36.031013, Private, Some-college, Never-married, Craft-repair, Not-in-family, White, Male, United-States, <=50K
78.24981,29483.984,8.34094,-1624.8174,-85.31428,100.90486, Private, 10th, Divorced, Transport-moving, Not-in-family, White, Male, United-States, <=50K
5.7808757,704228.75,11.370638,991.6692,-98.12974,8.837202, Private, HS-grad, Married-civ-spouse, Machine-op-inspct, Husband, White, Female, United-States, <=50K
34.18095,58137.89,8.787368,-633.207,18.798376,54.979954, Local-gov, HS-grad, Married-civ-spouse, Craft-repair, Husband, White, Male, United-States, <=50K
71.13067,812002.25,9.848504,-28.169498,10.179013,34.323044, Private, HS-grad, Married-civ-spouse, Tech-support, Husband, White, Male, United-States, >50K
31.832554,315475.75,12.900445,494.0293,-54.834576,0.23634136, Private, Bachelors, Never-married, Sales, Not-in-family, White, Male, United-States, <=50K
28.879128,477894.97,6.5039535,-590.45526,-38.33949,-0.035410054, Private, 10th, Never-married, Sales, Own-child, White, Female, United-States, <=50K
95.79302,-185470.45,9.434417,381.2279,-36.92716,86.2959, Private, HS-grad, Married-civ-spouse, Craft-repair, Own-child, White, Male, United-States, <=50K
13.203282,87965.59,11.5725,-369.3769,-21.97046,19.502047, Private, Assoc-acdm, Never-married, Craft-repair, Not-in-family, White, Male, United-States, <=50K
53.059666,-79236.766,9.664487,-1041.6135,-30.109629,13.19677, Private, Some-college, Never-married, Exec-managerial, Not-in-family, White, Male, United-States, <=50K
29.748,-151529.3,10.81254,1092.5856,22.288588,58.502705, Private, HS-grad, Never-married, Other-service, Own-child, White, Male, United-States, <=50K
55.231518,-47766.984,10.640789,-1823.074,2503.191,23.718416, State-gov, HS-grad, Married-civ-spouse, Adm-clerical, Husband, White, Male, United-States, <=50K
-0.3584601,45592.844,9.105384,2257.235,3.2946062,-6.408102, Private, HS-grad, Married-civ-spouse, Adm-clerical, Husband, White, Male, United-States, <=50K
56.80012,586208.7,14.246426,-479.11224,-56.9136,32.09532, State-gov, Bachelors, Divorced, Prof-specialty, Not-in-family, White, Female, United-States, >50K
38.89494,124313.95,10.344678,41.49896,3.6837435,24.760757, Private, Some-college, Married-civ-spouse, Other-service, Wife, White, Female, United-States, <=50K
65.628525,282856.34,13.043526,-77.87348,0.50009644,14.492746, Private, Bachelors, Never-married, Priv-house-serv, Not-in-family, White, Male, United-States, <=50K
45.484077,21938.14,6.904604,3782.2012,27.34521,61.501713, Private, 10th, Divorced, Adm-clerical, Own-child, White, Female, United-States, <=50K
89.88112,680792.94,8.888346,236.21692,-55.828793,3.3508737, Private, HS-grad, Married-civ-spouse, Prof-specialty, Not-in-family, White, Female, United-States, <=50K
12.957543,721036.2,11.156047,-885.81146,82.39297,52.466366, Self-emp-inc, Assoc-voc, Married-civ-spouse, Farming-fishing, Husband, White, Male, United-States, <=50K
63.48192,-121868.484,9.2940235,15936.986,58.7372,-48.817375, State-gov, 11th, Divorced, Adm-clerical, Not-in-family, White, Female, United-States, <=50K
18.734743,114986.54,8.566146,63.87933,-85.43728,76.59664, Self-emp-not-inc, Some-college, Married-civ-spouse, Tech-support, Husband, White, Male, United-States, <=50K
77.82449,472711.28,13.8916645,10075.156,-29.486841,120.21723, Private, Assoc-acdm, Married-civ-spouse, Transport-moving, Husband, White, Male, United-States, >50K
53.897263,175435.12,9.227077,-822.8714,-33.078228,24.549591, Private, HS-grad, Divorced, Other-service, Own-child, White, Female, United-States, <=50K
41.288624,653954.5,9.373968,-180.40765,-60.765408,12.468895, Private, Some-college, Married-civ-spouse, Protective-serv, Wife, White, Female, United-States, <=50K
47.54047,303282.6,11.368431,2291.2266,-182.81891,107.11234, Self-emp-not-inc, Assoc-acdm, Never-married, Machine-op-inspct, Own-child, White, Male, United-States, <=50K
74.70715,154632.7,10.415071,37032.54,319.6797,42.58287, Self-emp-not-inc, HS-grad, Married-civ-spouse, Transport-moving, Wife, White, Female, United-States, <=50K
64.08263,-69019.2,19.52545,5248.3823,-73.64834,95.61148, Private, Assoc-voc, Married-civ-spouse, Exec-managerial, Husband, White, Male, United-States, >50K
77.03541,280073.7,12.319304,-1749.6377,-68.81849,41.042877, Private, Some-college, Separated, Adm-clerical, Wife, White, Female, United-States, >50K
40.56132,225080.88,9.145947,-125.40156,15.585431,30.544817, Private, HS-grad, Divorced, Craft-repair, Not-in-family, White, Female, United-States, <=50K
42.15687,166540.58,19.05751,3332.125,70.3884,105.7374, Private, Masters, Divorced, Prof-specialty, Unmarried, White, Female, United-States, >50K
15.423741,-258834.36,9.236576,5791.462,-41.741695,70.7787, Federal-gov, HS-grad, Married-civ-spouse, Transport-moving, Husband, White, Male, United-States, <=50K
69.11339,-150159.33,9.136636,-1004.84076,21.53243,25.034374, Private, Some-college, Married-civ-spouse, Craft-repair, Husband, White, Female, United-States, <=50K
57.166718,660386.0,17.635279,286.7105,75.05222,41.45414, Local-gov, Masters, Divorced, Prof-specialty, Not-in-family, White, Female, United-States, <=50K
53.38439,202439.06,12.135978,567.1934,-59.415356,6.0913525, Private, Bachelors, Never-married, Other-service, Not-in-family, White, Male, United-States, <=50K
71.08695,-147309.02,3.7602668,1701.2983,55.9113,-14.474264, ?, 10th, Married-civ-spouse, ?, Husband, White, Male, United-States, <=50K
104.80575,-39975.297,10.319636,-778.31085,-64.85871,32.62123, Private, Some-college, Separated, Exec-managerial, Not-in-family, White, Female, United-States, >50K
66.561104,478190.4,12.587921,231.86444,56.432983,36.382683, Private, Masters, Married-civ-spouse, Sales, Husband, White, Male, United-States, <=50K
75.1611,488617.25,11.663033,234.03113,-21.699907,11.185539, Self-emp-not-inc, HS-grad, Married-civ-spouse, Adm-clerical, Wife, White, Female, United-States, <=50K
58.476704,-112976.36,9.605607,6186.9497,-98.96986,91.78284, Private, Some-college, Married-civ-spouse, Other-service, Husband, White, Male, United-States, <=50K
22.281487,284818.03,10.829205,2356.0337,47.644146,49.716743, Private, Some-college, Never-married, Adm-clerical, Not-in-family, White, Female, United-States, <=50K
34.587734,413158.06,6.58137,658.45166,21.131994,82.79315, Private, 9th, Married-civ-spouse, Exec-managerial, Husband, White, Male, United-States, <=50K
67.56712,397989.66,9.199313,105.91949,15.775327,25.13228, Private, HS-grad, Never-married, Other-service, Not-in-family, White, Male, United-States, <=50K
32.45668,-51468.016,12.2774315,-1135.6123,-30.708963,74.72851, Private, Masters, Married-civ-spouse, Exec-managerial, Husband, White, Male, United-States, >50K
21.559696,48928.0,10.236311,1191.0995,31.809568,66.55408, Private, Assoc-voc, Married-civ-spouse, Adm-clerical, Husband, White, Male, United-States, <=50K
50.08146,469039.9,8.268994,-227.71906,-96.68072,30.823996, Private, HS-grad, Divorced, Prof-specialty, Not-in-family, White, Female, United-States, <=50K
30.409374,475617.22,9.883693,1691.1243,-51.613155,35.97313, Private, Some-college, Never-married, Adm-clerical, Own-child, White, Male, United-States, <=50K
57.606144,366192.56,8.877439,-239.77142,51.735107,16.130825, ?, HS-grad, Divorced, ?, Not-in-family, White, Female, United-States, <=50K
8.785398,152190.25,8.681757,134.65741,24.173231,16.45282, Private, Some-college, Never-married, Other-service, Unmarried, White, Male, United-States, <=50K
-16.649994,246937.23,3.6284728,2850.648,81.62277,58.404667, Private, 11th, Married-civ-spouse, Other-service, Own-child, White, Male, United-States, <=50K
41.85406,-111049.58,10.781253,1551.3032,55.899113,58.67256, Private, HS-grad, Married-civ-spouse, Exec-managerial, Husband, White, Male, United-States, >50K
90.54509,180474.86,13.287544,6836.8774,30.420263,2.1396425, Local-gov, Masters, Married-spouse-absent, Adm-clerical, Not-in-family, White, Female, United-States, >50K
11.239871,-126163.14,10.406686,226.02228,-30.769907,60.179447, Local-gov, HS-grad, Married-civ-spouse, Transport-moving, Husband, White, Male, United-States, <=50K
30.230822,-34550.08,8.2693405,-587.7015,27.395227,10.700802, Private, 9th, Married-civ-spouse, Sales, Husband, White, Male, United-States, <=50K
78.10044,576468.5,8.915107,1986.2013,-22.0899,51.000614, Private, HS-grad, Married-civ-spouse, Sales, Husband, White, Male, United-States, >50K
3.4922402,391072.5,9.89977,-115.91889,-11.536273,45.647583, Private, Some-college, Married-civ-spouse, Exec-managerial, Husband, White, Male, United-States, >50K
32.51141,46328.42,9.17004,-769.43866,-23.108568,68.68957, Federal-gov, HS-grad, Never-married, Craft-repair, Not-in-family, White, Male, United-States, <=50K
67.60884,697796.8,15.121509,690.872,-10.41569,51.644028, Private, Assoc-acdm, Married-civ-spouse, Prof-specialty, Husband, White, Male, United-States, <=50K
5.080528,277244.16,16.996355,-471.69843,368.03268,14.69647, Private, Assoc-acdm, Never-married, Tech-support, Not-in-family, White, Male, United-States, >50K
24.33064,1.1391736e+06,4.517082,981.2895,-35.353397,49.298203, Private, 9th, Married-civ-spouse, Adm-clerical, Husband, White, Male, United-States, <=50K
90.190895,453664.72,14.942999,-46.7309,2.3416872,20.66252, Private, Masters, Never-married, Prof-specialty, Not-in-family, White, Female, United-States, <=50K
27.213188,508239.94,9.078281,-258.9865,8.184537,24.442564, Private, HS-grad, Never-married, Adm-clerical, Not-in-family, White, Female, United-States, <=50K
59.510654,303680.75,9.415,-376.2812,-54.763973,87.28856, Private, HS-grad, Married-civ-spouse, Other-service, Husband, White, Male, United-States, >50K
-8.164315,274822.88,9.862875,473.48468,11.019986,41.843857, Private, HS-grad, Married-civ-spouse, Craft-repair, Husband, White, Male, United-States, <=50K
48.52012,477142.56,12.045819,4517.337,12.002629,55.981472, Private, Bachelors, Never-married, Prof-specialty, Not-in-family, White, Female, United-States, >50K
19.060371,-58236.08,6.5355444,1077.9266,77.16805,13.654217, Private, 9th, Never-married, Protective-serv, Not-in-family, White, Female, United-States, <=50K
22.952438,641264.56,10.63822,225.57678,-38.691235,19.266577, Private, Assoc-voc, Never-married, Other-service, Not-in-family, White, Female, United-States, <=50K
39.787865,949173.5,11.6705065,2429.3643,-151.61307,-22.11402, Private, HS-grad, Married-spouse-absent, Prof-specialty, Not-in-family, White, Male, United-States, <=50K
15.984286,8427.251,13.221834,485.49396,-0.23839082,42.569386, Private, Bachelors, Married-civ-spouse, Exec-managerial, Husband, White, Male, United-States, <=50K
45.030384,79327.55,8.784955,-303.54657,8.417577,38.207863, Private, HS-grad, Never-married, Machine-op-inspct, Not-in-family, White, Male, United-States, <=50K
43.052277,-40927.906,9.464025,-167.39337,-15.713832,35.99119, Private, HS-grad, Married-civ-spouse, Sales, Husband, White, Male, United-States, <=50K
4.037391,349276.88,8.781117,982.8057,-58.038006,9.774405, Private, HS-grad, Never-married, Adm-clerical, Own-child, White, Male, United-States, <=50K
7.6895747,-16878.281,10.629808,-619.3973,120.293816,20.178467, Private, Some-college, Never-married, Craft-repair, Other-relative, White, Male, United-States, <=50K
-7.258343,-103536.55,8.354996,378.10846,-30.228868,57.48244, Private, Some-college, Never-married, Sales, Own-child, White, Female, United-States, <=50K
37.50482,120987.12,9.112011,-209.01813,-20.327814,43.3703, Private, HS-grad, Never-married, Protective-serv, Not-in-family, White, Male, United-States, <=50K
88.72563,428076.97,7.7742143,-526.02057,-194.68994,-6.228239, State-gov, HS-grad, Divorced, Craft-repair, Not-in-family, White, Female, United-States, <=50K
7.425548,251415.77,11.533961,-325.5987,69.806274,16.873299, Private, Some-college, Divorced, Other-service, Not-in-family, White, Male, United-States, <=50K
37.889786,304348.2,12.210397,-1030.5979,5.6696672,57.26621, Self-emp-not-inc, Bachelors, Married-civ-spouse, Exec-managerial, Husband, White, Male, United-States, >50K
56.003838,52820.812,11.12791,251.19476,48.932358,9.781466, Federal-gov, Some-college, Divorced, Adm-clerical, Not-in-family, White, Female, United-States, <=50K
159.49179,439074.72,14.477291,4535.7983,-99.60412,82.62985, Private, Bachelors, Married-civ-spouse, Exec-managerial, Husband, White, Male, United-States, >50K
57.957714,453171.16,10.501145,1887.8397,-34.87232,28.788641, Private, HS-grad, Married-civ-spouse, Craft-repair, Husband, White, Male, United-States, <=50K
43.201195,208132.45,9.155536,-389.04584,-13.020595,76.07507, Private, HS-grad, Married-civ-spouse, Machine-op-inspct, Husband, White, Male, United-States, <=50K
8.173463,305297.94,9.191118,1176.6132,32.94193,-8.0856, Private, HS-grad, Married-civ-spouse, Other-service, Husband, White, Male, United-States, <=50K
45.331898,13329.626,9.221342,446.42615,7.273885,-6.190756, Private, Some-college, Divorced, Sales, Not-in-family, White, Female, United-States, <=50K
65.49667,-166905.14,11.427651,4679.8906,22.93733,-2.8339865, Private, Masters, Divorced, Adm-clerical, Unmarried, White, Female, United-States, <=50K
60.644405,-80572.3,9.0243635,8731.215,253.98636,36.388416, Private, HS-grad, Divorced, Farming-fishing, Unmarried, White, Male, United-States, <=50K
15.8348055,383849.9,11.100672,-516.0816,-30.431604,41.69756, Federal-gov, Bachelors, Married-civ-spouse, Exec-managerial, Husband, White, Male, United-States, >50K
108.70451,43925.234,9.235538,-847.5396,-53.29022,-2.3424323, Private, HS-grad, Married-civ-spouse, Adm-clerical, Husband, White, Male, United-States, <=50K
86.260124,-17972.656,10.736338,1252.4717,44.821136,46.6305, Private, HS-grad, Married-civ-spouse, Exec-managerial, Husband, White, Male, United-States, <=50K
67.15713,261355.2,9.881607,-1071.3943,9.157567,91.70349, Private, HS-grad, Married-spouse-absent, Transport-moving, Own-child, White, Female, United-States, <=50K
62.76064,-12385.655,9.284284,671.7674,-14.506709,48.429047, Private, HS-grad, Married-civ-spouse, Craft-repair, Husband, White, Male, United-States, <=50K
24.421566,-27054.625,-7.6352243,31659.496,-183.39417,-24.697409, Private, 9th, Never-married, Handlers-cleaners, Other-relative, White, Male, United-States, <=50K
42.19512,558876.4,8.875495,30610.824,23.879751,65.22193, Self-emp-inc, HS-grad, Married-civ-spouse, Machine-op-inspct, Husband, White, Male, United-States, >50K
67.15776,707336.3,8.500192,-1177.1013,-21.561312,118.741745, Private, HS-grad, Married-civ-spouse, Transport-moving, Husband, White, Male, United-States, <=50K
18.883951,191686.52,15.647726,43.545834,48.381325,78.95985, Federal-gov, Some-college, Married-civ-spouse, Machine-op-inspct, Husband, White, Male, United-States, <=50K
47.912308,852925.8,12.337834,2018.3307,-11.285243,38.274944, Self-emp-not-inc, Assoc-acdm, Never-married, Sales, Husband, White, Male, United-States, >50K
7.1752048,200143.72,9.955935,-143.12885,41.81342,-6.9837666, ?, Some-college, Never-married, ?, Not-in-family, White, Male, United-States, <=50K
26.703257,-98534.45,9.260003,494.16052,9.557118,43.911644, Private, HS-grad, Never-married, Craft-repair, Own-child, White, Female, United-States, <=50K
28.849382,20635.297,10.442512,-507.7154,-17.906572,29.981049, ?, Some-college, Divorced, ?, Not-in-family, White, Male, United-States, <=50K
27.692854,1.2868654e+06,8.744638,-351.71027,-54.581646,30.622017, Private, HS-grad, Married-civ-spouse, Sales, Husband, White, Male, United-States, <=50K
96.93426,-128588.08,9.373884,476.05524,-22.793184,41.8154, Private, HS-grad, Never-married, Tech-support, Not-in-family, White, Female, United-States, <=50K
22.855923,307413.94,-1.8876896,-505.9947,32.964863,13.091425, Private, 9th, Married-civ-spouse, Handlers-cleaners, Husband, White, Male, United-States, <=50K
83.64961,-156574.95,8.52944,451.2083,-38.39474,37.499065, Private, HS-grad, Divorced, Transport-moving, Not-in-family, White, Male, United-States, <=50K
32.56053,278421.56,8.907133,-1448.936,13.680715,36.313232, State-gov, HS-grad, Divorced, Farming-fishing, Not-in-family, White, Female, United-States, <=50K
80.57713,70407.305,11.499084,-457.98163,-29.984224,33.5122, Local-gov, Bachelors, Married-civ-spouse, Craft-repair, Husband, White, Male, United-States, >50K
37.580788,-5844.031,9.155315,-153.56866,4.883794,58.061974, Private, HS-grad, Married-civ-spouse, Craft-repair, Husband, White, Male, United-States, <=50K
28.41278,18966.828,9.788952,-562.15753,-73.378975,47.89301, Private, HS-grad, Married-spouse-absent, Adm-clerical, Not-in-family, White, Female, United-States, <=50K
98.22036,130724.914,9.799283,656.2497,-64.996895,43.603043, Federal-gov, HS-grad, Married-civ-spouse, Prof-specialty, Husband, White, Male, United-States, >50K
0.9946893,162796.08,14.222434,411.2907,-68.55831,81.31547, Federal-gov, Masters, Married-civ-spouse, Handlers-cleaners, Wife, White, Male, United-States, >50K
38.737015,1.0819919e+06,6.0463114,1457.4491,-5.7315702,38.20817, Private, 11th, Never-married, Exec-managerial, Not-in-family, White, Male, United-States, <=50K
25.154055,1.1203209e+06,9.342843,1202.7102,42.256443,43.337086, Private, Some-college, Never-married, Machine-op-inspct, Own-child, White, Male, United-States, <=50K
43.266388,978405.7,11.43826,-420.62958,-75.59284,16.505709, Private, Assoc-voc, Married-civ-spouse, Adm-clerical, Husband, White, Male, United-States, <=50K
25.810478,263017.12,9.792142,2384.5854,29.382334,18.00621, Private, HS-grad, Married-civ-spouse, Adm-clerical, Wife, White, Female, United-States, <=50K
54.65107,542195.94,-4.6551733,-581.91974,-12.149638,55.773296, Private, 9th, Divorced, Other-service, Not-in-family, White, Male, United-States, <=50K
41.70181,-25198.89,4.3891664,252.67963,-77.04766,72.96478, ?, 9th, Married-civ-spouse, ?, Husband, White, Male, United-States, <=50K
22.394064,326885.0,11.838265,7831.291,19.478888,47.53705, Private, Masters, Married-civ-spouse, Sales, Husband, White, Male, United-States, >50K
30.305933,193630.23,8.958148,-460.4212,26.088713,43.542477, Private, 12th, Never-married, Tech-support, Unmarried, White, Female, United-States, <=50K
17.068874,187150.08,9.719875,18076.748,-42.381878,19.237503, Private, HS-grad, Never-married, Adm-clerical, Not-in-family, White, Male, United-States, <=50K
48.481247,-14536.218,8.781585,-349.5429,-50.72497,48.36291, Self-emp-not-inc, HS-grad, Separated, Other-service, Wife, White, Female, United-States, <=50K
-14.928674,378010.25,9.829926,1422.4174,-32.930195,9.222879, ?, Some-college, Never-married, ?, Own-child, White, Female, United-States, <=50K
44.011383,356738.25,10.369039,22203.77,12.4095125,99.36804, Private, Some-college, Married-civ-spouse, Tech-support, Wife, White, Female, United-States, <=50K
54.38549,256932.62,15.654409,495.44336,13.558736,88.84132, Private, Masters, Never-married, Prof-specialty, Own-child, White, Male, United-States, <=50K
-19.244442,703450.9,14.468871,1095.1093,-70.40693,37.281395, Private, Assoc-acdm, Married-civ-spouse, Machine-op-inspct, Not-in-family, White, Female, United-States, <=50K
33.41425,-11375.28,8.914429,980.7443,-14.223117,105.96744, Private, HS-grad, Divorced, Transport-moving, Not-in-family, White, Male, United-States, <=50K
39.131855,859341.0,11.062536,877.36005,-22.106348,27.023079, ?, HS-grad, Never-married, ?, Own-child, White, Female, United-States, <=50K
41.886738,71152.99,8.90906,1927.5571,3.2527895,91.13795, Local-gov, HS-grad, Married-civ-spouse, Craft-repair, Husband, White, Male, United-States, <=50K
65.56025,373275.0,12.77714,-587.4727,42.644897,49.492, Private, Bachelors, Never-married, Machine-op-inspct, Other-relative, White, Male, United-States, >50K
40.688946,-76089.7,10.707048,871.60596,-4.0822706,60.78907, Private, Some-college, Never-married, Craft-repair, Own-child, White, Male, United-States, <=50K
7.2004886,671416.4,9.7451105,-851.0926,-85.87734,33.567387, Self-emp-not-inc, Some-college, Divorced, Protective-serv, Not-in-family, White, Male, United-States, <=50K
101.061424,-227226.23,9.247281,941.1901,-155.50066,98.021095, Self-emp-not-inc, HS-grad, Married-civ-spouse, Exec-managerial, Husband, White, Male, United-States, <=50K
67.66708,550925.1,9.95814,24.065365,-79.29684,26.64384, Private, HS-grad, Married-civ-spouse, Sales, Husband, White, Female, United-States, <=50K
30.782957,9861.501,7.987898,-758.0628,17.01766,35.64517, Private, 11th, Married-civ-spouse, Handlers-cleaners, Husband, White, Male, United-States, <=50K
96.001915,551531.3,10.827893,2842.316,13.082105,112.611694, Without-pay, Masters, Married-civ-spouse, Exec-managerial, Husband, White, Male, United-States, <=50K
61.753136,13090.97,8.978499,4425.9653,9.437764,51.49679, Local-gov, HS-grad, Married-civ-spouse, Craft-repair, Husband, White, Male, United-States, >50K
44.78905,775425.8,10.170132,4576.297,-143.4444,103.62863, Private, Some-college, Married-civ-spouse, Protective-serv, Wife, White, Male, United-States, >50K
75.288765,912822.3,12.72913,-1057.269,-50.4456,28.360315, Local-gov, Bachelors, Divorced, Prof-specialty, Not-in-family, White, Female, United-States, <=50K
83.316505,-85818.2,9.062176,366.68445,-68.65043,16.832481, ?, HS-grad, Divorced, ?, Not-in-family, White, Female, United-States, <=50K
0.5520051,18874.734,9.335567,1396.8826,38.71492,15.979841, Local-gov, HS-grad, Married-civ-spouse, Craft-repair, Husband, White, Male, United-States, <=50K
22.134094,35723.516,11.250543,4252.327,214.54147,28.144085, Private, HS-grad, Married-civ-spouse, Farming-fishing, Other-relative, White, Male, United-States, <=50K
58.614086,501758.78,8.576586,2842.3594,-46.84521,26.898735, Private, HS-grad, Married-civ-spouse, Prof-specialty, Husband, White, Male, United-States, >50K
45.937695,733668.2,11.5810585,195.15875,1170.5208,30.20373, Private, Bachelors, Married-civ-spouse, Sales, Husband, White, Male, United-States, <=50K
27.078976,-152185.89,9.123923,882.95575,-6.9857054,14.411686, Self-emp-inc, HS-grad, Never-married, Sales, Other-relative, White, Male, United-States, <=50K
51.795288,431250.9,12.65568,-168.08856,-44.65893,35.303295, Self-emp-not-inc, Bachelors, Separated, Sales, Unmarried, White, Male, United-States, <=50K
50.33408,655205.75,8.810562,-838.66986,-40.178875,26.674088, State-gov, HS-grad, Divorced, Sales, Not-in-family, White, Male, United-States, <=50K
28.694124,-58108.812,9.666734,-141.74213,8.368871,-20.138308, Private, Some-college, Married-civ-spouse, Protective-serv, Wife, White, Female, United-States, <=50K
99.753845,152541.62,13.155927,-801.7376,-50.881283,66.86261, Self-emp-inc, Bachelors, Divorced, Prof-specialty, Husband, White, Female, United-States, >50K
1.4664339,763611.3,8.945643,2813.322,-36.411366,-15.426565, Private, Some-college, Married-civ-spouse, Farming-fishing, Husband, White, Female, United-States, <=50K
22.992067,-64882.406,9.377251,-308.21906,-1.9737805,14.105171, Private, HS-grad, Never-married, Transport-moving, Own-child, White, Female, United-States, <=50K
49.940083,1.0584364e+06,10.171607,847.1782,-42.79762,34.935734, Private, Some-college, Never-married, Tech-support, Own-child, White, Female, United-States, <=50K
-7.941033,204071.31,15.123583,-1739.3198,1037.2578,25.230839, State-gov, Some-college, Divorced, Farming-fishing, Own-child, White, Female, United-States, <=50K
81.865616,294840.6,11.9412565,145.16718,-10.408748,36.135353, ?, Bachelors, Divorced, ?, Not-in-family, White, Male, United-States, <=50K
115.36346,1.04258325e+06,26.067602,7112.7817,1328.5555,22.953959, Local-gov, Masters, Married-civ-spouse, Prof-specialty, Husband, White, Male, United-States, <=50K
99.223,262864.1,11.330043,1021.4317,-82.68328,-8.652067, Private, Some-college, Separated, Farming-fishing, Not-in-family, White, Female, United-States, <=50K
46.54653,541770.6,10.459447,2400.0,17.60771,49.560524, Private, Some-college, Married-civ-spouse, Sales, Husband, White, Female, United-States, <=50K
20.565933,990326.5,6.730912,1001.2591,-81.46641,38.382015, Private, 11th, Married-civ-spouse, Exec-managerial, Own-child, White, Male, United-States, <=50K
27.522434,-220278.98,9.617735,-518.6945,-19.549166,7.9360943, Local-gov, Some-college, Never-married, Adm-clerical, Own-child, White, Female, United-States, <=50K
38.82419,27277.062,12.854449,2688.9092,31.377375,12.4296875, Private, Bachelors, Married-civ-spouse, Sales, Husband, White, Male, United-States, <=50K
87.65191,404606.6,11.212383,-554.0191,-67.852776,15.947605, Private, Bachelors, Married-civ-spouse, Sales, Other-relative, White, Male, United-States, >50K
82.98322,-25692.453,8.547347,-359.5501,246.46144,-16.433313, Private, Assoc-voc, Widowed, Other-service, Unmarried, White, Female, United-States, <=50K
99.622406,675694.06,11.215731,804.9019,-51.227566,30.021854, Private, HS-grad, Never-married, Transport-moving, Own-child, White, Male, United-States, <=50K
63.842342,166907.97,11.263233,651.37585,-21.057894,51.67177, Private, Some-college, Never-married, Sales, Not-in-family, White, Male, United-States, <=50K
25.659119,117136.086,12.971214,95.0816,-21.328066,33.81158, Private, Bachelors, Married-civ-spouse, Exec-managerial, Husband, White, Male, United-States, >50K
44.14144,224620.92,10.507353,3855.3333,24.117235,52.806187, Private, Some-college, Divorced, Adm-clerical, Unmarried, White, Female, United-States, <=50K
23.064411,54218.562,10.167492,351.8366,1.5879642,40.269547, Private, Some-college, Married-civ-spouse, Handlers-cleaners, Husband, White, Male, United-States, <=50K
38.81463,109425.625,10.222241,-431.41705,-39.566822,52.07915, Private, Some-college, Never-married, Prof-specialty, Not-in-family, White, Male, United-States, <=50K
122.779785,-62950.72,9.5818815,340.0713,-105.55935,81.98457, Self-emp-inc, HS-grad, Widowed, Transport-moving, Unmarried, White, Female, United-States, >50K
20.060165,985562.4,10.305187,4756.093,-37.729862,59.490658, Private, HS-grad, Married-civ-spouse, Other-service, Husband, White, Male, United-States, <=50K
35.34984,-157478.2,8.9651165,6383.1577,-21.1746,37.12777, Local-gov, HS-grad, Married-civ-spouse, Craft-repair, Husband, White, Male, United-States, >50K
58.66675,114726.82,8.4290495,504.9981,-0.42146575,-10.780478, Self-emp-not-inc, HS-grad, Divorced, ?, Not-in-family, White, Female, United-States, <=50K
46.31503,220712.52,9.232893,-357.22296,19.521437,30.693346, State-gov, HS-grad, Married-civ-spouse, Other-service, Husband, White, Male, United-States, <=50K
31.840502,395673.53,10.110967,-163.19122,16.861837,69.23699, Private, HS-grad, Married-civ-spouse, Prof-specialty, Husband, White, Male, United-States, <=50K
24.281311,7523.2817,10.880179,-126.82758,-16.64969,75.39751, Private, Some-college, Never-married, Handlers-cleaners, Not-in-family, White, Male, United-States, >50K
26.244589,-203208.67,11.268672,256.82074,57.13272,56.282177, State-gov, Assoc-acdm, Married-civ-spouse, Sales, Husband, White, Male, United-States, <=50K
97.72122,-6095.0933,8.914309,-679.4648,-21.628946,-6.3440037, Private, HS-grad, Never-married, Sales, Not-in-family, White, Female, United-States, <=50K
-14.400491,145886.83,9.13762,383.60925,-11.468875,55.19064, Private, Some-college, Never-married, Protective-serv, Not-in-family, White, Female, United-States, <=50K
32.107594,486532.8,13.863941,-143.95001,-14.460803,65.66474, Private, Assoc-acdm, Married-civ-spouse, Prof-specialty, Husband, White, Male, United-States, <=50K
107.69765,131237.7,10.464035,-776.5517,-18.004374,22.16563, Private, Some-college, Divorced, Protective-serv, Not-in-family, White, Female, United-States, <=50K
41.43002,247505.66,8.881239,379.8084,0.5049411,10.494537, Private, HS-grad, Married-civ-spouse, Other-service, Husband, White, Female, United-States, <=50K
17.806839,-182230.02,10.725558,-738.24896,120.3863,23.211475, Self-emp-not-inc, Some-college, Married-civ-spouse, Exec-managerial, Husband, White, Male, United-States, <=50K
51.850414,310986.94,11.028209,-332.8686,-36.910618,39.26933, Private, Some-college, Married-civ-spouse, Sales, Husband, White, Male, United-States, <=50K
28.55762,-25559.36,6.7125254,1263.376,-15.781291,24.878101, Local-gov, HS-grad, Married-spouse-absent, Transport-moving, Not-in-family, White, Male, United-States, <=50K
85.41178,430388.9,8.779065,594.7613,-5.0298567,57.34738, Private, HS-grad, Married-civ-spouse, Exec-managerial, Husband, White, Male, United-States, <=50K
50.464947,150147.88,13.338071,-189.55865,-30.684534,25.355902, Private, Bachelors, Never-married, Handlers-cleaners, Not-in-family, White, Female, United-States, <=50K
43.198723,392824.7,16.930681,-72.65388,5.065854,144.11868, Local-gov, Masters, Married-civ-spouse, Prof-specialty, Husband, White, Male, United-States, >50K
46.119022,395650.5,-10.219993,1832.8663,-42.04513,85.30094, Private, 9th, Married-civ-spouse, Handlers-cleaners, Husband, White, Male, United-States, <=50K
27.794174,-103653.766,9.297199,436.64325,35.599808,46.24138, Private, HS-grad, Married-civ-spouse, Handlers-cleaners, Husband, White, Male, United-States, <=50K
80.2599,366443.62,8.384217,647.3096,1292.0217,26.282928, Private, HS-grad, Married-civ-spouse, Transport-moving, Not-in-family, White, Male, United-States, <=50K
45.52529,672572.75,8.927182,-12.6417885,-44.997356,28.780529, Private, HS-grad, Never-married, Sales, Not-in-family, White, Male, United-States, <=50K
7.1653895,929129.1,10.342121,1872.875,77.87535,76.46797, Private, Some-college, Married-civ-spouse, Adm-clerical, Husband, White, Female, United-States, <=50K
38.083397,275222.66,8.564882,236.19836,39.142784,1.6670779, Private, HS-grad, Separated, Protective-serv, Not-in-family, White, Male, United-States, <=50K
66.23519,282373.62,12.000112,-667.5168,-17.467386,16.054895, Private, Bachelors, Divorced, Tech-support, Not-in-family, White, Male, United-States, >50K
47.22363,-50278.17,9.362129,-404.12885,-10.102473,59.05093, Local-gov, HS-grad, Married-civ-spouse, Transport-moving, Husband, White, Male, United-States, <=50K
95.85271,99582.25,9.459084,-383.175,19.76251,-34.200752, Private, Some-college, Married-civ-spouse, Adm-clerical, Husband, White, Male, United-States, <=50K
50.626266,-115888.7,9.434837,-631.7476,29.562403,-6.7164135, Private, Some-college, Widowed, Adm-clerical, Wife, White, Female, United-States, <=50K
41.642784,-96125.766,8.433284,802.8819,17.18849,65.843315, Federal-gov, HS-grad, Married-civ-spouse, Machine-op-inspct, Husband, White, Male, United-States, <=50K
68.71381,116922.805,10.143204,-465.66376,-3.9454832,138.20447, Private, HS-grad, Married-civ-spouse, Other-service, Husband, White, Male, United-States, <=50K
20.088036,-6957.906,10.918111,358.75568,-90.98484,50.626247, State-gov, Bachelors, Never-married, Sales, Own-child, White, Female, United-States, <=50K
49.938694,431299.66,5.610107,546.4684,26.10655,53.04374, Private, 9th, Married-civ-spouse, Machine-op-inspct, Husband, White, Male, United-States, <=50K
16.202433,58174.594,7.2814593,-202.68488,-28.750605,63.61311, Private, HS-grad, Never-married, Priv-house-serv, Not-in-family, White, Female, United-States, <=50K
40.801125,307.68814,13.395421,-888.8051,5.241704,56.7349, Self-emp-not-inc, Some-college, Married-civ-spouse, Exec-managerial, Husband, White, Male, United-States, >50K
13.705314,55183.234,9.077498,-24.699528,32.490856,16.248526, Private, HS-grad, Never-married, Other-service, Not-in-family, White, Female, United-States, <=50K
76.703354,256668.97,10.473587,-279.48676,-71.36475,-15.843054, Private, Some-college, Widowed, Priv-house-serv, Not-in-family, White, Female, United-States, <=50K
23.948193,-20042.125,11.058653,131.20856,-39.047573,94.283356, Self-emp-not-inc, Assoc-voc, Married-civ-spouse, Craft-repair, Husband, White, Male, United-States, >50K
98.25427,107733.38,9.001659,-570.7391,-113.32226,20.972715, Private, HS-grad, Married-civ-spouse, Transport-moving, Husband, White, Male, United-States, <=50K
17.557243,61657.86,9.936079,-158.9284,-66.06475,105.467285, Local-gov, HS-grad, Married-civ-spouse, Exec-managerial, Husband, White, Male, United-States, >50K
57.963406,-14583.312,11.3935375,688.09546,294.88974,82.29299, Private, HS-grad, Never-married, Protective-serv, Not-in-family, White, Male, United-States, <=50K
16.879395,192991.17,10.055376,163.82208,-47.325405,71.80287, Self-emp-inc, HS-grad, Divorced, Exec-managerial, Not-in-family, White, Male, United-States, <=50K
66.31202,-73094.14,9.10665,-237.79095,-36.68031,97.4424, Private, HS-grad, Married-civ-spouse, Other-service, Husband, White, Male, United-States, >50K
78.42812,294684.8,8.731497,2.4418294,-8.845515,56.35514, Private, HS-grad, Married-civ-spouse, Prof-specialty, Husband, White, Male, United-States, <=50K
39.03802,-130318.67,9.888051,7387.542,-54.20184,56.583904, Private, Some-college, Married-civ-spouse, Farming-fishing, Husband, White, Male, United-States, <=50K
52.65861,855761.94,9.080572,-1037.3687,856.2448,54.826843, State-gov, HS-grad, Never-married, Protective-serv, Not-in-family, White, Male, United-States, <=50K
25.092737,830127.0,6.148324,1182.2565,-93.53043,-1.8636609, Private, 11th, Never-married, Handlers-cleaners, Own-child, White, Male, United-States, <=50K
88.06277,256462.95,12.112237,5268.9087,43.503162,77.38304, Self-emp-not-inc, Assoc-acdm, Married-civ-spouse, Craft-repair, Husband, White, Male, United-States, >50K
29.487623,-138364.89,9.414789,-532.2116,-55.17544,11.304226, Private, HS-grad, Never-married, Adm-clerical, Own-child, White, Female, United-States, <=50K
64.36405,896960.9,13.932075,-511.30682,-129.59929,12.396248, Private, Masters, Never-married, Sales, Husband, White, Male, United-States, >50K
50.185932,182163.34,10.306964,286.83063,14.311009,21.45916, ?, Some-college, Married-civ-spouse, ?, Husband, White, Male, United-States, <=50K
46.034744,552430.3,8.5758705,83.43694,-57.17721,10.412779, Private, HS-grad, Married-civ-spouse, Craft-repair, Husband, White, Male, United-States, >50K
53.770565,254012.42,9.293752,-1281.7524,75.91037,-9.51491, Private, Some-college, Married-civ-spouse, Craft-repair, Husband, White, Male, United-States, >50K
8.267663,492181.28,7.984437,-208.48944,-40.900707,56.99219, Private, HS-grad, Married-civ-spouse, Other-service, Husband, White, Male, United-States, <=50K
56.55167,23474.86,9.884061,9070.786,4.159993,9.073137, Private, Some-college, Married-civ-spouse, Craft-repair, Husband, White, Male, United-States, >50K
58.624176,545914.94,9.002975,284.36133,1.7009555,16.27593, Private, HS-grad, Never-married, Adm-clerical, Not-in-family, White, Female, United-States, <=50K
34.496853,134025.69,12.457562,-580.0098,29.734972,107.988594, Self-emp-not-inc, Masters, Married-civ-spouse, Craft-repair, Husband, White, Male, United-States, <=50K
5.4562488,-102973.17,9.624775,954.3082,-11.228976,19.071358, Private, Some-college, Married-civ-spouse, Exec-managerial, Husband, White, Male, United-States, <=50K
49.277832,743589.06,7.3203692,1228.933,-70.07011,51.420525, Private, 10th, Separated, Adm-clerical, Unmarried, White, Female, United-States, <=50K
53.030815,238083.23,9.247131,-157.56049,-42.833584,-19.19018, ?, Some-college, Divorced, Adm-clerical, Unmarried, White, Male, United-States, <=50K
51.397133,185783.27,10.774715,-464.8266,-32.20209,108.215385, ?, Some-college, Married-civ-spouse, ?, Husband, White, Male, United-States, >50K
123.03689,689871.7,31.65085,123021.07,407.5955,100.71428, Self-emp-inc, Masters, Married-civ-spouse, Sales, Husband, White, Female, United-States, >50K
1.7215837,709208.5,9.221718,359.98022,23.344282,49.548466, Private, Some-college, Never-married, Craft-repair, Other-relative, White, Male, United-States, <=50K
55.677208,-79483.92,9.80195,-4.321476,-41.81535,37.524403, Private, HS-grad, Married-civ-spouse, Sales, Husband, White, Male, United-States, >50K
31.73236,-97601.7,10.528021,1637.3591,-25.718386,41.27577, State-gov, HS-grad, Married-civ-spouse, Other-service, Husband, White, Male, United-States, <=50K
91.030975,-14074.358,9.248798,3727.6672,5.476552,40.113476, Local-gov, HS-grad, Divorced, Exec-managerial, Not-in-family, White, Female, United-States, <=50K
39.442635,-128711.89,11.441989,392.95325,-103.597206,-5.512224, Private, HS-grad, Never-married, Protective-serv, Own-child, White, Male, United-States, <=50K
18.655443,-49322.812,15.431295,-904.38776,-24.506487,71.37949, Local-gov, Masters, Never-married, Transport-moving, Not-in-family, White, Female, United-States, >50K
57.079548,299749.28,10.229979,-2385.5046,-44.257595,28.37964, Self-emp-inc, HS-grad, Married-civ-spouse, Prof-specialty, Husband, White, Female, United-States, <=50K
75.024445,-39048.11,9.85919,-1357.1057,-5.2891645,17.099802, Private, Some-college, Never-married, Transport-moving, Other-relative, White, Male, United-States, <=50K
79.4515,-40727.75,6.6941724,-1355.3188,35.348427,30.296934, Private, Some-college, Never-married, Adm-clerical, Not-in-family, White, Male, United-States, <=50K
31.468636,-92876.86,9.4911375,1480.4886,46.6734,-1.8273717, Self-emp-inc, HS-grad, Widowed, Sales, Not-in-family, White, Female, United-States, <=50K
13.831323,403596.53,10.163293,7.921932,13.09007,24.759361, Private, HS-grad, Married-civ-spouse, Sales, Husband, White, Male, United-States, >50K
27.691986,271388.94,9.82028,716.0151,-39.66792,9.059362, Private, HS-grad, Married-civ-spouse, Transport-moving, Husband, White, Male, United-States, >50K
21.580217,660239.7,8.446307,562.82623,89.80498,-8.810534, Federal-gov, HS-grad, Never-married, Other-service, Other-relative, White, Female, United-States, <=50K
22.183687,366809.4,10.093728,919.33325,-33.280483,1.8489131, Private, Some-college, Never-married, Machine-op-inspct, Own-child, White, Female, United-States, <=50K
60.193817,250987.56,8.060595,3450.2156,-17.39815,56.016953, Self-emp-not-inc, HS-grad, Married-civ-spouse, Transport-moving, Husband, White, Male, United-States, <=50K
-5.842446,132875.34,10.568401,11339.217,-73.987434,85.06995, Private, Some-college, Married-civ-spouse, Farming-fishing, Husband, White, Male, United-States, <=50K
32.40907,7583.938,10.225532,299.601,-16.070154,40.586018, Private, Some-college, Married-civ-spouse, Sales, Husband, White, Male, United-States, <=50K
39.84601,1.1212582e+06,13.736431,-839.1883,1994.817,42.11279, Private, Assoc-acdm, Divorced, Machine-op-inspct, Own-child, White, Female, United-States, <=50K
13.56083,-58180.08,10.377576,699.59753,13.0952425,67.520164, Private, HS-grad, Married-civ-spouse, Other-service, Husband, White, Male, United-States, <=50K
11.326089,521404.2,9.642294,16.04095,-23.771189,27.07287, ?, Some-college, Married-civ-spouse, ?, Husband, White, Male, United-States, <=50K
28.916405,62807.844,10.917689,879.68335,1487.994,115.00877, Private, Some-college, Married-civ-spouse, Handlers-cleaners, Husband, White, Male, United-States, <=50K
84.987015,-22657.672,10.658164,10047.04,-70.34496,21.692656, Self-emp-not-inc, Some-college, Married-civ-spouse, ?, Husband, White, Male, United-States, >50K
54.259262,471311.4,10.361183,-778.6955,68.39647,63.38092, Private, HS-grad, Divorced, Protective-serv, Not-in-family, White, Male, United-States, <=50K
44.290424,340511.5,9.812653,1504.2836,74.452225,-22.56642, Local-gov, Some-college, Never-married, Adm-clerical, Own-child, White, Female, United-States, <=50K
38.657368,422273.47,13.200316,-395.143,24.943045,32.891075, Private, Masters, Married-civ-spouse, Other-service, Husband, White, Male, United-States, <=50K
-14.096868,405369.5,9.488115,3869.354,30.149172,17.728355, Private, Some-college, Married-civ-spouse, Protective-serv, Own-child, White, Male, United-States, <=50K
-7.360764,444522.94,11.426971,936.27136,-9.680728,64.58821, State-gov, Bachelors, Married-civ-spouse, Sales, Husband, White, Male, United-States, >50K
56.5788,-172784.73,9.984904,-1710.7937,49.457268,4.42729, Private, Some-college, Never-married, Handlers-cleaners, Other-relative, White, Male, United-States, <=50K
54.0577,417685.0,5.6078377,632.589,9.656056,52.117245, Private, 11th, Never-married, Prof-specialty, Own-child, White, Female, United-States, <=50K
22.425182,370801.75,10.345575,-38.308537,-22.300226,18.915909, Private, HS-grad, Never-married, Sales, Own-child, White, Male, United-States, <=50K
21.223787,-48427.844,11.270242,-1178.4141,87.33176,53.442204, Local-gov, Masters, Never-married, Prof-specialty, Not-in-family, White, Male, United-States, <=50K
31.989895,-103320.92,16.493189,604.6823,-7.2256804,-28.102125, State-gov, Masters, Divorced, Prof-specialty, Unmarried, White, Female, United-States, <=50K
15.084498,323647.1,12.853203,1622.6437,-24.824701,94.37726, Local-gov, Some-college, Married-civ-spouse, Adm-clerical, Own-child, White, Female, United-States, <=50K
66.57957,13357.173,9.276082,183.70227,-7.949588,39.61071, Private, HS-grad, Married-civ-spouse, Craft-repair, Husband, White, Male, United-States, <=50K
19.39129,268570.72,13.342955,830.0764,2.6801348,58.723297, Self-emp-not-inc, Some-college, Married-civ-spouse, Prof-specialty, Husband, White, Male, United-States, >50K
41.176666,375160.03,8.805224,-316.14166,0.19478332,53.866238, Private, HS-grad, Married-civ-spouse, Prof-specialty, Own-child, White, Male, United-States, <=50K
101.55848,120929.57,10.750684,-725.2642,-33.66705,49.89392, Private, Some-college, Married-civ-spouse, Sales, Husband, White, Male, United-States, >50K
30.291004,165797.5,9.582229,-755.5461,8.772885,54.75166, State-gov, HS-grad, Separated, Sales, Not-in-family, White, Male, United-States, <=50K
100.19681,-132240.36,6.1847653,-1467.1475,-35.884792,44.50593, Private, 11th, Divorced, Handlers-cleaners, Own-child, White, Male, United-States, <=50K
4.474006,206956.58,10.355994,717.96265,-36.597973,97.45555, Private, Some-college, Married-civ-spouse, Sales, Husband, White, Male, United-States, <=50K
113.92874,284659.62,10.014756,-280.81586,-114.74981,-7.8097134, Private, Some-college, Never-married, Prof-specialty, Own-child, White, Male, United-States, <=50K
28.776943,470337.16,7.0139303,-1721.1108,5143.6113,70.84687, Private, Some-college, Divorced, Other-service, Not-in-family, White, Female, United-States, <=50K
1.7842325,274344.3,6.6148467,2049.0386,0.5412036,-26.55403, ?, 10th, Married-civ-spouse, ?, Own-child, White, Male, United-States, <=50K
28.124796,-106869.39,10.047176,1517.2142,-41.69093,17.605007, ?, HS-grad, Married-civ-spouse, Exec-managerial, Husband, White, Male, United-States, <=50K
35.25356,80465.21,9.364216,-346.95612,-82.2727,98.89864, Private, HS-grad, Married-civ-spouse, Exec-managerial, Wife, White, Female, United-States, >50K
92.41107,-73940.734,7.380038,-1657.4727,60.77608,49.967392, Private, HS-grad, Widowed, Other-service, Wife, White, Female, United-States, <=50K
20.690645,248510.06,12.657811,322.04736,-47.025845,70.17055, Private, Bachelors, Never-married, Adm-clerical, Own-child, White, Female, United-States, <=50K
44.557472,48078.047,9.204481,-3.3546793,-43.915127,68.8, Private, HS-grad, Separated, Sales, Not-in-family, White, Male, United-States, <=50K
43.937035,234167.72,9.133673,-48.63422,2049.531,104.67147, Private, HS-grad, Never-married, Protective-serv, Not-in-family, White, Male, United-States, <=50K
44.87503,676341.0,11.138581,497.344,-22.431932,33.42283, Private, Some-college, Married-civ-spouse, Transport-moving, Husband, White, Male, United-States, <=50K
40.220577,711514.2,9.451983,-716.59686,-15.979495,51.30355, Local-gov, HS-grad, Married-civ-spouse, Protective-serv, Not-in-family, White, Male, United-States, <=50K
58.21536,83760.28,9.433661,-1195.9092,-80.90519,-3.6571143, Private, HS-grad, Never-married, Craft-repair, Own-child, White, Male, United-States, <=50K
65.05309,151753.53,11.599,2028.2018,-52.32266,70.25125, Private, Assoc-acdm, Married-civ-spouse, Craft-repair, Husband, White, Male, United-States, >50K
39.309784,63357.86,9.410035,-1117.4517,-46.989544,-17.838766, Private, HS-grad, Never-married, Transport-moving, Not-in-family, White, Male, United-States, <=50K
52.552677,161443.83,10.979479,-112.73383,35.37573,25.230164, Federal-gov, Some-college, Married-civ-spouse, Craft-repair, Husband, White, Male, United-States, <=50K
5.006992,-51458.297,12.328615,-714.8294,-14.938472,30.992037, Private, Assoc-acdm, Widowed, Prof-specialty, Not-in-family, White, Female, United-States, <=50K
69.78764,-174062.67,9.330273,-964.0042,-57.66714,51.76231, Private, Assoc-acdm, Never-married, Other-service, Not-in-family, White, Female, United-States, <=50K
6.3545413,149928.23,13.24298,3739.6265,105.595955,76.688324, Self-emp-inc, Bachelors, Never-married, Exec-managerial, Own-child, White, Male, United-States, >50K
88.720314,788768.0,10.356262,1377.5883,-68.89234,12.52389, Private, HS-grad, Married-civ-spouse, Sales, Husband, White, Male, United-States, <=50K
53.471016,153396.11,11.725561,-135.47882,12.588277,67.23832, Private, Bachelors, Never-married, Priv-house-serv, Own-child, White, Female, United-States, <=50K
10.244077,463942.9,9.792744,14.920589,50.774105,78.040764, Private, HS-grad, Married-civ-spouse, Adm-clerical, Own-child, White, Female, United-States, <=50K
51.665794,97177.26,10.705342,11.451595,4.228467,38.604523, Self-emp-inc, HS-grad, Never-married, Machine-op-inspct, Not-in-family, White, Female, United-States, <=50K
13.6240015,83109.38,13.637914,-866.7452,-18.38875,49.31362, State-gov, Masters, Never-married, Other-service, Own-child, White, Male, United-States, <=50K
63.24718,218818.66,8.90721,709.2067,17.619268,32.21463, Private, HS-grad, Widowed, Machine-op-inspct, Not-in-family, White, Female, United-States, <=50K
20.651289,380365.2,9.1280985,373.0976,14.370206,49.379066, Private, HS-grad, Divorced, Sales, Unmarried, White, Female, United-States, <=50K
97.13167,239797.28,9.895897,2036.2351,-90.687645,-5.9194508, Private, Some-college, Married-civ-spouse, Protective-serv, Husband, White, Male, United-States, <=50K
23.4265,157152.75,13.579034,569.88116,-41.79153,73.23046, Private, Bachelors, Married-civ-spouse, Prof-specialty, Husband, White, Male, United-States, <=50K
11.087239,-145713.27,9.573444,-197.47772,62.77971,16.933136, Private, Some-college, Divorced, Exec-managerial, Unmarried, White, Male, United-States, <=50K
5.8402705,739773.2,9.503035,-21.798405,25.837416,56.1374, Private, HS-grad, Married-civ-spouse, Sales, Husband, White, Male, United-States, <=50K
88.6033,42211.78,9.599274,5655.517,-38.856388,9.3689575, ?, Some-college, Married-civ-spouse, ?, Husband, White, Male, United-States, >50K
27.43674,82462.13,10.186239,-408.03668,-63.97729,96.14279, Private, HS-grad, Married-civ-spouse, Protective-serv, Husband, White, Male, United-States, <=50K
44.6861,-109099.516,9.123331,39.14459,4.2727633,39.740242, Private, HS-grad, Never-married, Sales, Not-in-family, White, Male, United-States, >50K
67.56969,-11686.28,11.248985,14222.224,-21.449877,26.235949, Private, Assoc-acdm, Married-civ-spouse, Exec-managerial, Husband, White, Male, United-States, >50K
47.35233,546231.75,11.48025,-1257.3167,6.2848787,28.598345, State-gov, Some-college, Never-married, Sales, Own-child, White, Male, United-States, <=50K
-0.979592,-106896.984,9.7201805,4360.6562,-40.43838,16.482864, Self-emp-not-inc, Some-college, Married-civ-spouse, Tech-support, Husband, White, Male, United-States, <=50K
68.892166,-47804.97,9.238493,-871.9272,23.36471,45.178814, Private, HS-grad, Married-civ-spouse, Prof-specialty, Husband, White, Male, United-States, >50K
12.199559,458260.38,9.112887,-40.91425,-42.71925,60.64338, Private, Some-college, Married-civ-spouse, Craft-repair, Not-in-family, White, Male, United-States, <=50K
18.11859,621481.3,9.464608,336.3819,-36.999035,48.192795, Private, HS-grad, Never-married, Sales, Own-child, White, Female, United-States, >50K
39.156677,111178.945,10.2210045,59.638668,15.561971,43.473648, Private, Some-college, Never-married, Priv-house-serv, Not-in-family, White, Female, United-States, <=50K
12.330602,285823.28,9.110804,145.90051,-63.56361,38.568302, Private, Some-college, Married-civ-spouse, Tech-support, Husband, White, Male, United-States, >50K
6.4045215,133999.34,10.968787,28958.209,187.00912,38.15132, State-gov, Some-college, Married-civ-spouse, Exec-managerial, Husband, White, Male, United-States, >50K
14.319613,236875.06,9.489693,-234.49945,10.437879,46.331963, Private, Some-college, Never-married, Tech-support, Own-child, White, Male, United-States, <=50K
59.465927,257121.81,11.390418,-95.19099,12.598607,21.69542, Private, Some-college, Never-married, Tech-support, Not-in-family, White, Female, United-States, >50K
85.081795,-276318.84,13.612597,75.148735,-41.723934,12.292398, Federal-gov, Masters, Married-civ-spouse, Prof-specialty, Not-in-family, White, Male, United-States, <=50K
67.53362,429809.1,13.728653,6986.6187,44.443443,59.11308, Private, Assoc-voc, Married-civ-spouse, Prof-specialty, Husband, White, Female, United-States, <=50K
73.23947,547569.0,9.17657,-311.37628,-78.175026,88.80791, Private, HS-grad, Separated, Craft-repair, Own-child, White, Male, United-States, <=50K
58.21767,142147.77,8.849548,383.5832,-40.175144,69.79588, Self-emp-not-inc, 10th, Never-married, Farming-fishing, Not-in-family, White, Male, United-States, <=50K
76.173386,8433.657,6.1141043,256.28986,64.0558,-27.488417, Private, 11th, Never-married, Adm-clerical, Not-in-family, White, Male, United-States, <=50K
78.008446,-70259.94,10.14957,902.406,-36.826817,16.168076, Private, HS-grad, Never-married, Craft-repair, Not-in-family, White, Male, United-States, <=50K
77.56672,273030.38,9.718795,-519.29315,3.9712038,6.3877773, Private, HS-grad, Widowed, Sales, Not-in-family, White, Male, United-States, <=50K
26.969564,-133744.14,10.087974,-832.97784,-25.311167,30.179766, Private, Some-college, Never-married, Sales, Not-in-family, White, Male, United-States, <=50K
42.0237,566422.8,7.42701,-901.06696,-57.281734,50.486385, Private, HS-grad, Married-civ-spouse, Prof-specialty, Husband, White, Male, United-States, >50K
23.065014,111987.57,9.562022,-59.11005,31.089346,50.805805, Private, Some-college, Married-civ-spouse, Sales, Husband, White, Male, United-States, >50K
45.592125,273630.47,8.963696,86.479,2.775464,39.72216, Private, HS-grad, Never-married, Protective-serv, Not-in-family, White, Male, United-States, <=50K
59.57612,88440.445,9.651878,-717.7314,-74.29447,27.537226, Private, Some-college, Divorced, Exec-managerial, Not-in-family, White, Female, United-States, <=50K
-9.763478,318494.28,8.574921,1612.1702,-17.071436,25.00939, Private, HS-grad, Married-civ-spouse, Farming-fishing, Husband, White, Male, United-States, <=50K
25.78984,496757.72,12.576398,42075.14,58.147003,38.667435, Self-emp-not-inc, Assoc-acdm, Married-civ-spouse, Sales, Husband, White, Male, United-States, <=50K
42.33936,336971.3,5.2585783,-1008.3974,-26.751863,55.301903, Private, 11th, Never-married, Adm-clerical, Own-child, White, Male, United-States, <=50K
80.46308,125489.3,11.893112,-388.5074,-24.792955,39.192104, Private, Masters, Married-civ-spouse, Sales, Husband, White, Male, United-States, <=50K
53.38983,25531.75,8.588518,164.31207,621.19507,53.071877, Private, HS-grad, Married-civ-spouse, Prof-specialty, Husband, White, Male, United-States, <=50K
61.50626,-30870.64,9.376245,-342.82257,-5.058322,19.838737, Private, HS-grad, Divorced, Craft-repair, Not-in-family, White, Female, United-States, >50K
14.117206,-44390.22,10.701174,-363.76056,20.54183,87.53371, Self-emp-not-inc, HS-grad, Married-civ-spouse, Exec-managerial, Husband, White, Male, United-States, <=50K
33.144333,-61550.28,10.085131,1892.3937,-35.28326,43.96886, Self-emp-not-inc, HS-grad, Married-civ-spouse, Farming-fishing, Other-relative, White, Female, United-States, <=50K
25.714275,-112950.36,14.402215,956.62744,-24.543879,41.8811, Private, Masters, Never-married, Machine-op-inspct, Not-in-family, White, Male, United-States, <=50K
64.879425,195999.25,9.744716,-576.18524,-14.576327,18.379713, Private, Some-college, Never-married, Sales, Not-in-family, White, Female, United-States, <=50K
5.5880237,375022.97,8.653777,1436.7224,-45.906292,22.704292, Private, HS-grad, Never-married, Adm-clerical, Own-child, White, Male, United-States, <=50K
43.3125,767910.75,9.484304,4865.1694,-119.551765,-13.894693, Private, HS-grad, Never-married, Other-service, Own-child, White, Female, United-States, <=50K
56.13235,127972.914,8.836386,733.7435,26.003653,33.070312, Private, HS-grad, Married-civ-spouse, Sales, Husband, White, Male, United-States, <=50K
24.582632,357140.03,9.949075,-48.232,618.17444,41.779686, Private, Some-college, Married-civ-spouse, Sales, Husband, White, Male, United-States, >50K
80.48323,856415.5,9.426762,-521.7221,-24.562243,72.25992, Private, HS-grad, Divorced, Machine-op-inspct, Not-in-family, White, Male, United-States, <=50K
64.97685,-127750.11,10.986722,-345.4765,-43.272533,59.42251, Private, Some-college, Separated, Craft-repair, Not-in-family, White, Male, United-States, <=50K
124.076096,-119271.016,9.589634,-754.86725,-125.85055,-9.696665, Private, HS-grad, Married-spouse-absent, Prof-specialty, Not-in-family, White, Male, United-States, <=50K
99.829765,406443.84,8.203498,51.88049,-46.47378,65.588875, Self-emp-not-inc, HS-grad, Married-civ-spouse, Other-service, Husband, White, Male, United-States, <=50K
95.01246,322327.8,10.397915,17964.553,-89.90928,67.28719, Private, Some-college, Married-civ-spouse, Sales, Husband, White, Male, United-States, >50K
-3.0340278,585324.3,11.0905905,1913.5736,79.48703,97.52469, Self-emp-inc, HS-grad, Married-civ-spouse, Protective-serv, Not-in-family, White, Male, United-States, <=50K
167.63211,653111.06,8.28989,1622.2904,-243.62347,-23.359407, Self-emp-not-inc, HS-grad, Divorced, Other-service, Unmarried, White, Female, United-States, <=50K
27.754799,364710.5,11.599603,-141.89227,29.725702,80.00796, Private, Some-college, Never-married, Protective-serv, Unmarried, White, Female, United-States, <=50K
41.600655,-35808.203,12.362409,-379.63666,-71.99293,20.384634, Private, Bachelors, Married-civ-spouse, Exec-managerial, Husband, White, Male, United-States, <=50K
87.35765,-56873.86,8.325097,-676.54193,-90.74285,33.899067, Federal-gov, Assoc-acdm, Divorced, Adm-clerical, Not-in-family, White, Male, United-States, <=50K
-23.081074,306291.97,9.27105,1150.5094,21.886915,33.864933, Private, Some-college, Married-civ-spouse, Farming-fishing, Husband, White, Male, United-States, <=50K
26.468481,129365.43,13.380511,-1139.7087,-42.50694,23.424324, Local-gov, Masters, Never-married, Other-service, Unmarried, White, Female, United-States, <=50K
27.466236,178056.52,7.801785,777.8561,286.41934,65.36257, Federal-gov, HS-grad, Married-civ-spouse, Machine-op-inspct, Husband, White, Male, United-States, <=50K
9.467303,662336.25,9.283046,-394.35614,-62.579113,44.107094, Private, HS-grad, Married-civ-spouse, Machine-op-inspct, Husband, White, Male, United-States, <=50K
69.71167,496550.44,9.209617,-410.7746,14.6540575,33.282135, Self-emp-inc, Some-college, Married-civ-spouse, Sales, Husband, White, Male, United-States, <=50K
54.609623,330148.72,9.233685,-147.99005,6.3273287,67.81123, Private, HS-grad, Never-married, Craft-repair, Own-child, White, Male, United-States, <=50K
32.750656,51135.234,10.205856,9709.419,0.9456836,83.08836, Private, HS-grad, Divorced, Adm-clerical, Own-child, White, Male, United-States, <=50K
46.97037,445869.12,15.738788,7627.432,-32.412754,18.675495, State-gov, Masters, Married-civ-spouse, Sales, Wife, White, Female, United-States, >50K
30.623793,204732.97,14.000197,-1254.2942,1023.95496,69.84309, Local-gov, Some-college, Widowed, Prof-specialty, Not-in-family, White, Female, United-States, <=50K
36.873955,27874.39,15.290441,-427.43732,-32.585377,27.04128, Private, Masters, Married-civ-spouse, Prof-specialty, Husband, White, Male, United-States, >50K
66.30481,-75279.016,9.542517,-206.68024,-26.608942,9.187172, Private, HS-grad, Married-civ-spouse, Exec-managerial, Husband, White, Male, United-States, >50K
44.992016,44910.28,10.571984,263.90985,-44.6546,103.86359, Federal-gov, Some-college, Never-married, Prof-specialty, Not-in-family, White, Male, United-States, <=50K
23.321192,-4127.265,11.570665,-32.11115,55.97187,11.989939, Private, Some-college, Married-civ-spouse, Sales, Husband, White, Male, United-States, <=50K
36.452335,81667.72,11.109828,-269.64142,-4.9368467,39.42371, Private, HS-grad, Never-married, Other-service, Not-in-family, White, Female, United-States, <=50K
56.44766,142957.89,12.975803,-614.75824,49.770596,64.99734, Private, Bachelors, Never-married, Exec-managerial, Not-in-family, White, Female, United-States, <=50K
31.10002,560341.0,9.359637,151.85071,60.075195,36.87549, Private, HS-grad, Never-married, Sales, Not-in-family, White, Female, United-States, <=50K
64.23293,118482.74,9.821071,-642.1972,-11.814837,52.78304, Private, Some-college, Married-civ-spouse, Exec-managerial, Not-in-family, White, Male, United-States, <=50K
79.0315,276354.3,10.718883,219.56238,31.67032,29.020239, Private, Some-college, Married-civ-spouse, Craft-repair, Husband, White, Male, United-States, <=50K
82.452995,132071.56,8.703581,114.80804,-65.612785,80.45827, Self-emp-inc, HS-grad, Married-civ-spouse, Sales, Husband, White, Male, United-States, <=50K
24.535357,-120028.95,9.380695,8636.038,-18.096758,55.45413, Private, HS-grad, Married-civ-spouse, Farming-fishing, Husband, White, Male, United-States, >50K
30.230553,319170.9,10.635697,10711.2705,-183.77008,40.137135, Local-gov, Bachelors, Married-civ-spouse, Transport-moving, Wife, White, Female, United-States, <=50K
46.44742,259776.62,9.269387,273.04736,10.665723,10.027105, Private, HS-grad, Married-civ-spouse, Transport-moving, Husband, White, Male, United-States, <=50K
-3.564408,452299.28,11.687877,1098.0337,-19.842318,61.782608, Private, Assoc-acdm, Never-married, Exec-managerial, Own-child, White, Female, United-States, <=50K
68.1136,247751.06,10.539164,-1411.2117,-38.89558,91.98355, Private, Some-college, Married-civ-spouse, Exec-managerial, Husband, White, Male, United-States, >50K
0.2982858,530027.25,14.866815,-2388.2927,12.413243,33.6505, Local-gov, Masters, Married-civ-spouse, Protective-serv, Husband, White, Male, United-States, <=50K
0.39751753,798681.1,7.9235473,567.6451,6.117238,66.07158, Self-emp-inc, HS-grad, Divorced, Machine-op-inspct, Other-relative, White, Male, United-States, <=50K
19.71037,53900.375,9.293873,-818.1922,46.386402,41.28255, Private, HS-grad, Never-married, Farming-fishing, Own-child, White, Male, United-States, <=50K
30.803284,-184944.7,12.099422,-557.3864,2.3009386,12.304543, Private, Bachelors, Married-civ-spouse, Prof-specialty, Husband, White, Male, United-States, <=50K
64.9645,227929.47,9.013579,-436.7364,-35.513744,6.61619, Private, HS-grad, Never-married, Protective-serv, Not-in-family, White, Male, United-States, <=50K
43.07051,33964.0,12.876273,16015.122,-7.131404,91.1362, Private, Bachelors, Married-civ-spouse, Other-service, Husband, White, Male, United-States, >50K
20.410976,545869.5,11.686109,-744.03094,-13.210528,36.60048, Private, Bachelors, Divorced, Machine-op-inspct, Own-child, White, Female, United-States, <=50K
33.71717,-97599.3,10.682037,788.2538,-34.497105,36.5309, Private, HS-grad, Married-civ-spouse, Other-service, Unmarried, White, Female, United-States, <=50K
57.96978,-111778.7,12.064553,-650.4698,-103.76791,92.063286, Private, Assoc-acdm, Widowed, Prof-specialty, Not-in-family, White, Female, United-States, <=50K
37.550957,713362.1,9.799075,1139.9963,-79.16654,14.558313, Private, HS-grad, Married-civ-spouse, Sales, Husband, White, Female, United-States, <=50K
92.57999,-150402.2,9.600922,5535.076,-40.844707,87.44095, Private, Some-college, Never-married, Sales, Unmarried, White, Female, United-States, <=50K
68.01608,10755.048,10.145065,-916.93207,-90.37501,83.7259, Federal-gov, Some-college, Never-married, Tech-support, Not-in-family, White, Male, United-States, <=50K
75.651405,435070.53,9.890999,-844.8879,-81.45754,-9.304644, Private, Some-college, Married-civ-spouse, Prof-specialty, Husband, White, Male, United-States, >50K
26.967457,-17653.797,8.49564,730.2047,-22.407053,33.48285, Local-gov, HS-grad, Married-civ-spouse, Craft-repair, Husband, White, Male, United-States, <=50K
26.711916,232291.28,9.577764,82.79656,-29.502672,59.56379, Private, HS-grad, Never-married, Craft-repair, Unmarried, White, Male, United-States, >50K
26.919788,-173776.27,10.287097,-742.43854,-54.687344,9.612274, Private, HS-grad, Married-civ-spouse, Sales, Husband, White, Male, United-States, <=50K
5.0120616,518199.8,9.540081,1602.1863,-78.9515,11.237349, Private, Some-college, Never-married, Prof-specialty, Own-child, White, Female, United-States, <=50K
21.570206,737309.56,10.196022,-198.27252,39.05331,37.032795, Private, HS-grad, Never-married, Machine-op-inspct, Own-child, White, Female, United-States, <=50K
26.982403,7949.735,7.8141747,-1065.8313,-29.73475,-29.322943, ?, Some-college, Separated, ?, Not-in-family, White, Female, United-States, <=50K
35.031876,10033.142,15.724904,-523.9871,266.06458,112.57172, Self-emp-not-inc, Some-college, Never-married, Tech-support, Own-child, White, Male, United-States, <=50K
35.178886,581431.56,8.719835,387.26245,-84.341225,-0.5916196, Private, Some-college, Never-married, Craft-repair, Not-in-family, White, Male, United-States, <=50K
36.52724,617134.9,7.581088,1353.7716,-71.51527,43.01295, Private, HS-grad, Divorced, Machine-op-inspct, Not-in-family, White, Female, United-States, <=50K
11.412923,13365.22,10.007137,521.4071,9.5416,55.468845, Private, HS-grad, Never-married, Other-service, Own-child, White, Male, United-States, <=50K
62.631535,566734.3,12.1149,-484.79132,-57.652813,30.897804, Federal-gov, Bachelors, Divorced, Prof-specialty, Not-in-family, White, Female, United-States, <=50K
32.755356,387985.9,9.275177,3659.9119,-95.63227,13.764912, Private, Some-college, Married-civ-spouse, Sales, Wife, White, Female, United-States, <=50K
94.84777,682457.3,9.540023,-28.207706,-138.37846,7.0644054, Private, HS-grad, Divorced, Sales, Not-in-family, White, Female, United-States, <=50K
101.46167,461046.06,33.547287,254219.86,-108.21943,70.68715, Private, Assoc-acdm, Married-civ-spouse, Prof-specialty, Husband, White, Male, United-States, >50K
56.271202,95415.34,10.47043,50.848324,-29.082155,37.0104, ?, Some-college, Married-civ-spouse, ?, Husband, White, Male, United-States, <=50K
30.801552,706323.3,7.9966946,-476.66437,134.49448,133.05814, Private, HS-grad, Married-civ-spouse, Protective-serv, Other-relative, White, Male, United-States, <=50K
29.644945,346097.16,5.6698394,98.12176,21.321127,-2.659201, Self-emp-inc, 11th, Never-married, Sales, Own-child, White, Female, United-States, <=50K
22.722864,103224.195,7.7836523,2156.9595,47.009148,20.219522, Private, Some-college, Married-civ-spouse, Handlers-cleaners, Wife, White, Male, United-States, >50K
72.150024,-101470.984,6.801037,-975.6611,-15.161616,39.724937, Private, 9th, Widowed, Exec-managerial, Unmarried, White, Male, United-States, <=50K
33.767246,406678.4,9.375605,256.5158,1338.89,67.91277, Private, HS-grad, Married-civ-spouse, Sales, Husband, White, Male, United-States, <=50K
67.507965,1.1277926e+06,10.157283,9357.32,-135.58038,-9.353132, Private, Some-college, Married-civ-spouse, Sales, Husband, White, Male, United-States, >50K
25.888165,119811.31,10.019808,6382.146,-10.115993,45.345417, Private, Some-college, Married-civ-spouse, Exec-managerial, Husband, White, Male, United-States, >50K
102.31554,9477.782,11.1397085,-379.0063,-48.356274,18.545372, Private, HS-grad, Never-married, Priv-house-serv, Not-in-family, White, Female, United-States, <=50K
2.9956353,676360.4,11.199225,-1409.364,129.90047,61.056377, Private, Assoc-voc, Married-civ-spouse, Other-service, Husband, White, Male, United-States, <=50K
84.35217,322402.0,11.5919895,-207.53119,20.450369,10.611744, State-gov, Bachelors, Married-civ-spouse, Sales, Husband, White, Male, United-States, <=50K
45.139465,-11745.39,7.655781,-378.4024,-39.92568,54.82952, Local-gov, 10th, Married-civ-spouse, Craft-repair, Husband, White, Female, United-States, <=50K
42.136192,-77683.39,13.432631,752.7144,7.910596,18.28097, Private, Bachelors, Married-civ-spouse, Craft-repair, Husband, White, Male, United-States, >50K
4.33258,-257602.73,6.9766555,1292.1722,169.41116,1.9258555, Private, 10th, Married-civ-spouse, ?, Unmarried, White, Male, United-States, <=50K
36.89176,946363.9,10.653586,-249.11761,-67.61837,41.6247, Private, Some-college, Married-civ-spouse, Sales, Husband, White, Male, United-States, <=50K
53.519833,85707.78,10.540338,-551.6829,-15.297465,59.074924, Private, Some-college, Married-civ-spouse, Tech-support, Husband, White, Male, United-States, >50K
14.051496,-46698.703,10.744146,-505.25934,94.09359,48.622807, Private, HS-grad, Never-married, Craft-repair, Other-relative, White, Male, United-States, <=50K
4.6867747,465043.94,6.007632,-576.4251,-20.619326,63.841293, Private, HS-grad, Married-civ-spouse, Sales, Husband, White, Male, United-States, <=50K
52.226532,112742.016,8.944375,-70.61152,-14.546039,35.423256, Private, HS-grad, Married-civ-spouse, Sales, Husband, White, Male, United-States, <=50K
-13.253663,-200158.36,9.21515,-1187.2734,129.22403,31.53135, Private, HS-grad, Never-married, Transport-moving, Own-child, White, Female, United-States, <=50K
108.44408,87524.81,11.133383,4700.5566,-132.36757,15.23518, Private, Assoc-acdm, Never-married, Craft-repair, Not-in-family, White, Male, United-States, <=50K
74.27167,220033.6,13.144664,2569.1904,48.266434,42.264782, Private, Bachelors, Married-civ-spouse, Prof-specialty, Husband, White, Male, United-States, >50K
-0.78298634,592997.6,10.819598,503.76898,-34.927113,0.7278079, Private, Some-college, Married-civ-spouse, Other-service, Husband, White, Male, United-States, <=50K
12.782144,627516.06,11.911194,443.53076,84.67892,21.005772, Private, Masters, Never-married, Exec-managerial, Not-in-family, White, Male, United-States, <=50K
15.189933,-260788.11,9.509079,3023.5664,53.761433,49.52579, Self-emp-not-inc, Some-college, Never-married, Farming-fishing, Other-relative, White, Male, United-States, <=50K
42.887924,570768.7,9.072395,1909.6515,17.727407,79.88001, Self-emp-inc, HS-grad, Married-civ-spouse, Exec-managerial, Other-relative, White, Male, United-States, <=50K
86.30941,471841.4,9.066474,643.1525,-34.808117,39.115673, Private, Some-college, Married-civ-spouse, Craft-repair, Husband, White, Male, United-States, <=50K
37.736565,-195183.77,8.823455,-310.57623,92.64193,-5.8465633, Private, HS-grad, Never-married, Adm-clerical, Other-relative, White, Female, United-States, <=50K
46.73307,101155.39,10.904925,12.19952,19.853529,38.63954, State-gov, HS-grad, Divorced, Adm-clerical, Not-in-family, White, Female, United-States, <=50K
30.502361,850.1569,10.108072,1093.004,36.469185,-4.2645855, Private, Some-college, Divorced, Protective-serv, Not-in-family, White, Female, United-States, <=50K
35.472733,-37634.64,9.611172,-381.9499,-81.024666,19.508635, Private, HS-grad, Divorced, Other-service, Unmarried, White, Female, United-States, <=50K
22.345789,330027.7,8.799256,108.55981,29.46382,43.6141, Private, HS-grad, Married-civ-spouse, Adm-clerical, Husband, White, Male, United-States, >50K
115.64326,493925.0,11.394912,629.5028,-66.46996,72.655205, Private, HS-grad, Married-civ-spouse, Sales, Husband, White, Male, United-States, <=50K
7.075271,169675.44,9.51985,953.06433,56.08634,75.83698, Private, Some-college, Divorced, Farming-fishing, Not-in-family, White, Male, United-States, <=50K
6.5819125,77999.44,11.022886,12430.909,-31.768915,37.731014, Private, Bachelors, Never-married, Exec-managerial, Not-in-family, White, Male, United-States, <=50K
74.103035,-138037.86,10.154536,-1352.3164,60.035923,-22.21173, Local-gov, Some-college, Never-married, Exec-managerial, Own-child, White, Female, United-States, <=50K
13.610385,219753.73,8.345825,873.7017,33.127617,48.71656, Federal-gov, HS-grad, Married-civ-spouse, Adm-clerical, Husband, White, Male, United-States, <=50K
52.36078,239166.47,9.042767,1314.0204,31.046251,-5.138525, Private, HS-grad, Never-married, Other-service, Not-in-family, White, Female, United-States, <=50K
29.387953,270890.22,12.556239,-1358.092,-5.7122984,41.82801, Private, Bachelors, Separated, Other-service, Wife, White, Female, United-States, <=50K
44.775173,252721.25,7.305336,382.64923,7.089177,87.0903, Private, 11th, Never-married, Craft-repair, Own-child, White, Female, United-States, <=50K
25.403725,265675.0,13.139319,-195.05206,-32.05698,22.789555, Private, Bachelors, Never-married, Prof-specialty, Not-in-family, White, Female, United-States, <=50K
57.11944,63439.82,11.964668,-190.80487,19.461477,14.883453, Private, Bachelors, Never-married, Sales, Unmarried, White, Female, United-States, <=50K
32.98667,129127.31,10.47742,-481.41376,-46.238598,19.295876, Self-emp-not-inc, HS-grad, Married-civ-spouse, Farming-fishing, Husband, White, Male, United-States, <=50K
52.039608,187786.16,8.840522,-694.1667,58.192173,1.8106745, Private, Some-college, Married-civ-spouse, Craft-repair, Husband, White, Male, United-States, <=50K
-13.844415,717847.5,9.102782,885.9216,-18.17869,81.62856, Private, HS-grad, Married-civ-spouse, Transport-moving, Husband, White, Male, United-States, <=50K
33.523792,65029.562,10.842614,5411.4033,61.15154,40.363544, Federal-gov, Some-college, Divorced, Adm-clerical, Husband, White, Male, United-States, <=50K
51.381138,220712.12,14.407546,-762.4611,-45.841335,45.51229, Private, Bachelors, Married-civ-spouse, Prof-specialty, Husband, White, Male, United-States, <=50K
50.840916,120317.32,11.337122,1671.4531,-2.3281355,34.501987, Private, Assoc-voc, Married-civ-spouse, Adm-clerical, Husband, White, Male, United-States, <=50K
26.71001,90872.18,13.817515,514.3204,-99.86085,51.89392, Private, Bachelors, Married-civ-spouse, Exec-managerial, Husband, White, Male, United-States, >50K
40.566498,701944.94,9.457245,7600.984,-89.450615,66.37149, Private, HS-grad, Separated, Machine-op-inspct, Unmarried, White, Female, United-States, <=50K
8.739039,343929.72,12.93892,457.58344,16.085875,-21.59561, Self-emp-inc, Bachelors, Never-married, Sales, Not-in-family, White, Female, United-States, <=50K
62.44915,19232.703,9.572185,-1037.1855,-9.970958,52.52903, Private, HS-grad, Never-married, Other-service, Own-child, White, Female, United-States, <=50K
40.00583,278430.38,20.325953,2722.6694,8.266423,66.41125, Local-gov, Masters, Married-civ-spouse, Prof-specialty, Husband, White, Male, United-States, <=50K
61.12392,51960.062,6.205506,513.7803,101.89345,10.047445, Local-gov, 9th, Widowed, Craft-repair, Other-relative, White, Female, United-States, <=50K
100.49127,628205.7,8.785122,335.3498,-18.472773,44.383865, Private, HS-grad, Married-civ-spouse, Exec-managerial, Husband, White, Male, United-States, >50K
13.119575,237456.62,9.619909,-430.32,55.50565,53.258118, Private, HS-grad, Married-civ-spouse, Transport-moving, Not-in-family, White, Male, United-States, <=50K
86.283325,294245.3,8.406206,146.18213,-37.461132,66.8314, Self-emp-not-inc, HS-grad, Married-civ-spouse, Craft-repair, Husband, White, Male, United-States, <=50K
-7.7106633,272090.88,9.738492,58.91833,-34.264835,36.296757, Private, Some-college, Married-civ-spouse, Machine-op-inspct, Husband, White, Male, United-States, <=50K
26.33908,302538.3,9.648356,360.38232,-24.039331,33.128468, Private, Some-college, Married-civ-spouse, Sales, Husband, White, Male, United-States, <=50K
6.957542,-281889.66,12.5076475,175.74286,77.89486,-33.04637, Private, Bachelors, Never-married, Sales, Not-in-family, White, Female, United-States, <=50K
42.5135,-152895.3,11.242727,-774.87006,10.114263,36.812233, Private, Assoc-acdm, Never-married, Exec-managerial, Not-in-family, White, Female, United-States, >50K
48.641815,414516.12,8.851237,220.87231,-26.435274,56.37416, Private, HS-grad, Divorced, Sales, Not-in-family, White, Female, United-States, >50K
46.818977,114353.75,8.998378,113.07598,35.726986,88.69198, Private, HS-grad, Married-civ-spouse, Machine-op-inspct, Husband, White, Male, United-States, <=50K
90.899185,462975.53,6.8952127,5527.643,14.377187,55.467422, Private, HS-grad, Married-civ-spouse, Transport-moving, Husband, White, Male, United-States, <=50K
55.318306,367895.7,11.279553,-126.498604,19.054907,39.003075, ?, HS-grad, Married-civ-spouse, ?, Husband, White, Male, United-States, <=50K
61.55584,890699.06,8.860399,124.3941,-31.309076,24.770672, Local-gov, HS-grad, Married-civ-spouse, Prof-specialty, Husband, White, Male, United-States, <=50K
70.004745,149705.9,9.202821,192.40753,-26.261278,23.160208, Self-emp-inc, HS-grad, Married-civ-spouse, ?, Husband, White, Male, United-States, >50K
110.31781,109348.3,8.456256,2468.5693,-127.33317,-15.0662365, Private, 12th, Married-civ-spouse, Farming-fishing, Husband, White, Male, United-States, <=50K
105.10093,-96300.42,8.749342,401.9303,-16.913599,-12.922941, Self-emp-inc, HS-grad, Widowed, Sales, Husband, White, Male, United-States, <=50K
47.562656,861483.1,9.896422,888.28326,-119.306755,19.643047, Local-gov, HS-grad, Separated, Adm-clerical, Own-child, White, Female, United-States, <=50K
75.881836,432211.75,10.054686,154.91876,1.6289874,13.864641, Private, HS-grad, Divorced, Farming-fishing, Not-in-family, White, Female, United-States, <=50K
44.657345,-69611.234,9.307688,43.495846,-2.3365278,65.39546, Private, HS-grad, Divorced, Exec-managerial, Not-in-family, White, Female, United-States, <=50K
57.869484,1.086378e+06,9.173572,1377.2396,-5.170352,52.4359, Private, HS-grad, Married-civ-spouse, Prof-specialty, Husband, White, Male, United-States, <=50K
69.618515,242733.97,8.723276,-162.12604,32.626163,69.58975, Private, HS-grad, Separated, Craft-repair, Not-in-family, White, Female, United-States, <=50K
23.95685,134754.8,8.852164,-200.36163,4.0894976,64.0391, Private, HS-grad, Never-married, Exec-managerial, Unmarried, White, Male, United-States, <=50K
19.736933,599314.06,9.927084,-1683.992,-14.39471,47.664757, Private, Bachelors, Married-civ-spouse, Handlers-cleaners, Not-in-family, White, Male, United-States, <=50K
19.997147,394667.97,0.27219388,18.338436,35.106915,27.100842, Local-gov, 9th, Never-married, Armed-Forces, Not-in-family, White, Male, United-States, <=50K
99.24844,114994.21,10.040369,345.97504,-1.2122906,46.005306, Private, HS-grad, Never-married, Protective-serv, Not-in-family, White, Male, United-States, <=50K
89.90488,-101009.86,9.98391,-1197.6785,-98.787544,58.803467, Private, HS-grad, Divorced, Other-service, Unmarried, White, Female, United-States, <=50K
19.856253,-220020.39,9.084513,371.91522,92.387085,27.884233, Private, Some-college, Married-civ-spouse, Transport-moving, Wife, White, Male, United-States, >50K
21.053778,-217061.83,14.128707,-401.05292,-25.121645,22.330742, Private, Bachelors, Married-civ-spouse, Prof-specialty, Husband, White, Male, United-States, <=50K
65.70522,56422.953,11.806584,-546.93365,29.1015,62.745377, Self-emp-not-inc, Some-college, Never-married, Prof-specialty, Unmarried, White, Female, United-States, <=50K
9.276286,355105.3,7.0474343,-3.3588297,37.829582,25.906216, Private, 11th, Never-married, Adm-clerical, Own-child, White, Female, United-States, <=50K
31.146032,509646.7,10.040441,3600.4932,34.21667,43.799965, ?, HS-grad, Married-civ-spouse, ?, Husband, White, Male, United-States, <=50K
47.981674,-22050.86,12.471088,2238.471,-21.113977,3.4767778, Private, Assoc-acdm, Never-married, Craft-repair, Own-child, White, Male, United-States, <=50K
11.187207,660886.2,10.383906,1489.2518,-8.520221,28.329618, Private, Some-college, Divorced, Protective-serv, Own-child, White, Male, United-States, <=50K
33.87647,509819.53,9.606854,218.65015,-34.40479,30.121098, Private, Some-college, Never-married, Other-service, Not-in-family, White, Female, United-States, <=50K
5.562423,661642.7,9.739397,234.6134,-73.758095,69.979836, Private, Some-college, Never-married, Prof-specialty, Not-in-family, White, Male, United-States, <=50K
47.37431,56037.656,10.911652,406.9112,14.712758,52.10545, Private, Some-college, Married-civ-spouse, Exec-managerial, Husband, White, Male, United-States, <=50K
-8.2645235,93567.47,9.63509,-142.04474,27.831156,39.645805, Private, HS-grad, Never-married, Adm-clerical, Unmarried, White, Female, United-States, <=50K
23.503227,833580.3,8.6936655,196.39935,-3.0734358,61.477573, Private, HS-grad, Married-civ-spouse, Transport-moving, Husband, White, Male, United-States, <=50K
92.602104,2625.4382,11.035944,-403.37555,-30.102404,38.39302, Private, Assoc-acdm, Never-married, Exec-managerial, Not-in-family, White, Male, United-States, <=50K
43.62052,-213272.45,10.34229,-1609.3562,-31.506601,-4.4182186, Local-gov, Some-college, Divorced, Prof-specialty, Not-in-family, White, Female, United-States, <=50K
35.254116,-119337.92,11.333425,1372.5156,-10.384234,71.78284, Private, Some-college, Never-married, Tech-support, Not-in-family, White, Male, United-States, <=50K
57.28315,519138.66,0.9408512,224.294,36.335472,74.11142, Self-emp-not-inc, 11th, Married-civ-spouse, Craft-repair, Husband, White, Male, United-States, <=50K
48.02955,-6758.7183,8.324732,-67.17634,20.997076,25.340021, Private, HS-grad, Never-married, Other-service, Not-in-family, White, Male, United-States, <=50K
49.15606,120629.31,10.712057,-260.5678,-26.094461,72.237076, Private, HS-grad, Married-civ-spouse, Tech-support, Husband, White, Male, United-States, <=50K
25.347591,184181.22,9.967159,-924.3167,-5.8520308,7.5960217, Private, HS-grad, Never-married, Craft-repair, Not-in-family, White, Male, United-States, >50K
79.68451,503812.0,10.551046,-295.49457,-9.41405,32.283928, Private, Assoc-voc, Married-civ-spouse, Machine-op-inspct, Husband, White, Male, United-States, <=50K
81.94776,769768.4,8.590319,2621.6184,-86.40455,58.60067, Private, HS-grad, Married-civ-spouse, Transport-moving, Husband, White, Male, United-States, <=50K
17.665066,832101.9,7.984401,503.42773,23.672533,70.15927, Private, HS-grad, Divorced, Other-service, Not-in-family, White, Male, United-States, <=50K
26.634258,-67375.58,11.438482,-27.32587,-71.33306,137.07637, Federal-gov, HS-grad, Married-civ-spouse, Exec-managerial, Husband, White, Male, United-States, >50K
52.477,-103213.55,9.296471,-579.30206,8.899762,28.028433, Private, HS-grad, Divorced, Transport-moving, Not-in-family, White, Male, United-States, <=50K
-1.877011,139981.44,8.611892,887.2957,36.666897,32.5955, Private, HS-grad, Never-married, Adm-clerical, Unmarried, White, Female, United-States, <=50K
56.181637,572399.6,9.595681,-431.93707,-83.25916,22.37812, Private, HS-grad, Married-civ-spouse, Handlers-cleaners, Husband, White, Male, United-States, <=50K
12.260945,432536.62,8.88542,182.43921,-86.218834,48.396515, Private, HS-grad, Never-married, Protective-serv, Own-child, White, Male, United-States, <=50K
41.69488,46074.36,9.944513,245.52802,3822.4153,44.599384, Private, Assoc-acdm, Married-civ-spouse, Prof-specialty, Husband, White, Male, United-States, >50K
99.04917,126180.19,10.001052,548.89197,-57.43867,63.257183, Private, Some-college, Married-civ-spouse, Protective-serv, Husband, White, Female, United-States, <=50K
14.4560995,577939.6,8.895053,-780.7232,-26.803736,31.428612, Private, HS-grad, Married-civ-spouse, Sales, Husband, White, Male, United-States, <=50K
51.57991,703896.25,9.038667,-695.0811,42.70226,63.09352, Private, HS-grad, Divorced, Machine-op-inspct, Not-in-family, White, Male, United-States, <=50K
39.542736,3440.532,9.965491,-690.88043,18.123587,36.85395, Local-gov, HS-grad, Married-civ-spouse, Protective-serv, Husband, White, Male, United-States, <=50K
94.60756,-119003.39,9.308615,315.79065,-57.541622,62.805294, Private, HS-grad, Married-civ-spouse, Exec-managerial, Husband, White, Male, United-States, >50K
77.33458,593391.94,14.074987,-748.076,-67.54403,39.86035, Local-gov, Bachelors, Never-married, Handlers-cleaners, Not-in-family, White, Male, United-States, <=50K
44.863983,917487.6,9.28644,1741.0457,2230.9485,15.680689, Private, HS-grad, Married-civ-spouse, Prof-specialty, Husband, White, Male, United-States, >50K
8.183957,-54303.734,9.798213,-348.14252,-57.8838,61.84462, Private, HS-grad, Never-married, Exec-managerial, Not-in-family, White, Female, United-States, <=50K
10.565963,368462.62,13.001336,-154.1175,-9.983256,50.03347, Private, Bachelors, Never-married, Tech-support, Not-in-family, White, Male, United-States, <=50K
20.644732,451821.4,2.3993669,273.2025,-5.1587934,91.97263, Private, 9th, Never-married, Other-service, Not-in-family, White, Male, United-States, <=50K
23.92539,1.00152606e+06,13.085635,1573.1565,462.73587,93.933945, Private, HS-grad, Never-married, Farming-fishing, Own-child, White, Male, United-States, <=50K
48.713898,-7011.0933,11.1234255,-472.96112,-0.3052472,32.346226, Self-emp-not-inc, Bachelors, Never-married, Exec-managerial, Not-in-family, White, Male, United-States, <=50K
44.981743,64025.234,14.645172,173.55219,-7.8123655,67.66756, Private, Masters, Married-civ-spouse, Prof-specialty, Husband, White, Male, United-States, >50K
81.38904,98072.9,8.549573,773.4054,-22.54107,26.794344, Self-emp-not-inc, HS-grad, Married-civ-spouse, Farming-fishing, Husband, White, Male, United-States, <=50K
31.9511,156381.56,11.273031,-73.43989,44.385002,-19.630041, Private, Assoc-voc, Never-married, Machine-op-inspct, Not-in-family, White, Male, United-States, <=50K
106.157486,-100958.86,8.676734,322.16516,-47.36572,0.08814036, State-gov, HS-grad, Never-married, Exec-managerial, Not-in-family, White, Female, United-States, <=50K
89.73601,131505.27,12.761577,-364.29596,-84.9007,80.81049, Federal-gov, Some-college, Married-civ-spouse, Prof-specialty, Husband, White, Male, United-States, <=50K
50.097668,392893.12,11.8768215,16829.605,-44.317028,69.49968, Private, Bachelors, Married-civ-spouse, Exec-managerial, Husband, White, Male, United-States, >50K
28.818193,232954.58,9.371202,-5.840519,-15.797839,55.55105, Private, HS-grad, Never-married, Craft-repair, Own-child, White, Male, United-States, <=50K
32.254745,604133.4,9.904147,744.89886,-90.581474,33.19798, Private, Some-college, Married-civ-spouse, Sales, Husband, White, Male, United-States, >50K
20.450521,276630.12,14.692362,-274.3493,21.66712,43.175198, State-gov, Masters, Divorced, Protective-serv, Unmarried, White, Female, United-States, <=50K
54.48113,1.1918742e+06,10.653414,925.6019,-59.997524,-5.333872, Private, HS-grad, Married-civ-spouse, Sales, Husband, White, Female, United-States, <=50K
38.506416,233479.05,10.684035,2401.6484,-11.178447,9.072737, ?, Bachelors, Never-married, ?, Not-in-family, White, Male, United-States, <=50K
44.275806,82274.3,12.826311,294.40466,-27.963526,55.203777, Private, Bachelors, Separated, Other-service, Not-in-family, White, Female, United-States, <=50K
35.53036,114389.195,8.552769,196.35016,0.976163,77.905106, Without-pay, HS-grad, Married-civ-spouse, Farming-fishing, Husband, White, Male, United-States, <=50K
42.94129,-105587.7,12.930469,-1118.4089,-66.29304,17.641726, Private, Assoc-acdm, Never-married, Exec-managerial, Own-child, White, Male, United-States, <=50K
29.364336,984615.3,9.53528,425.04138,-12.072566,67.96625, Private, HS-grad, Never-married, Protective-serv, Own-child, White, Male, United-States, <=50K
43.0715,-23716.172,10.149689,6512.648,-82.24268,46.012085, Local-gov, Some-college, Divorced, Prof-specialty, Not-in-family, White, Female, United-States, >50K
80.64464,129601.17,9.493599,220.50464,41.620667,28.295864, Private, HS-grad, Divorced, Adm-clerical, Unmarried, White, Female, United-States, <=50K
15.675746,652765.75,12.60861,419.13678,-30.147379,18.307102, Private, Bachelors, Never-married, Prof-specialty, Not-in-family, White, Female, United-States, <=50K
68.10753,205518.48,8.691842,716.7595,-20.8677,56.14073, Private, HS-grad, Married-civ-spouse, Exec-managerial, Husband, White, Female, United-States, <=50K
15.984267,587896.0,8.286769,-1133.4678,-77.75584,28.13583, Private, HS-grad, Married-spouse-absent, Transport-moving, Own-child, White, Male, United-States, <=50K
35.324726,192196.78,13.36397,40.709103,-43.352093,81.42419, Private, Masters, Never-married, Exec-managerial, Husband, White, Male, United-States, <=50K
67.8527,-102091.33,8.515783,-222.2514,3.7242632,27.863358, Private, 9th, Married-civ-spouse, Sales, Husband, White, Male, United-States, <=50K
14.923886,902887.06,7.623852,176.49524,-81.074394,46.33202, Local-gov, HS-grad, Never-married, Other-service, Own-child, White, Male, United-States, <=50K
19.428257,118561.61,10.192937,820.6931,13.165799,53.33964, Private, Some-college, Married-civ-spouse, Sales, Husband, White, Male, United-States, <=50K
51.163174,376455.56,16.91242,-151.22296,33.762,15.549789, Private, Some-college, Never-married, Craft-repair, Not-in-family, White, Male, United-States, <=50K
78.756744,504234.62,8.759969,19.84161,-63.960842,57.67401, Private, HS-grad, Separated, Adm-clerical, Wife, White, Female, United-States, >50K
19.62352,106726.78,11.164188,1097.802,-67.7342,93.98143, ?, Some-college, Separated, ?, Wife, White, Female, United-States, <=50K
55.18522,699403.0,8.919923,1356.7021,-61.75044,21.002172, Private, HS-grad, Married-civ-spouse, Sales, Husband, White, Male, United-States, <=50K
87.340454,546008.56,9.534875,4119.874,-18.307802,35.019947, Private, Some-college, Married-civ-spouse, Adm-clerical, Husband, White, Male, United-States, >50K
42.900837,325959.8,10.758967,-1596.5107,-57.657574,9.646374, Private, Bachelors, Never-married, Exec-managerial, Not-in-family, White, Male, United-States, <=50K
75.65915,425470.56,8.469244,124.51031,-29.456385,31.062103, Private, HS-grad, Married-civ-spouse, Craft-repair, Husband, White, Male, United-States, <=50K
29.64483,738213.5,13.706929,-1580.5281,-44.986416,58.182575, Private, Bachelors, Married-civ-spouse, Exec-managerial, Husband, White, Male, United-States, >50K
54.90322,545132.9,11.840571,852.999,9.452184,88.3356, Self-emp-inc, Some-college, Never-married, Sales, Husband, White, Male, United-States, >50K
35.93698,513256.03,12.808489,-56.90375,19.927275,27.428047, Private, Some-college, Never-married, Prof-specialty, Not-in-family, White, Male, United-States, <=50K
36.671947,46330.33,9.677014,-82.91157,-33.20821,38.91585, Private, HS-grad, Widowed, Sales, Wife, White, Female, United-States, <=50K
87.47001,263863.84,8.840966,6711.4927,11.531781,92.59078, Private, HS-grad, Divorced, Transport-moving, Not-in-family, White, Male, United-States, <=50K
44.312145,192128.78,10.627009,-939.33246,-1.7461118,75.671684, Private, HS-grad, Married-civ-spouse, Sales, Husband, White, Male, United-States, >50K
21.267225,221376.45,10.51201,-564.53094,2.637723,102.6489, Private, HS-grad, Married-civ-spouse, Sales, Husband, White, Male, United-States, <=50K
-11.716245,82575.96,8.451627,1511.6097,-61.269344,37.390575, Local-gov, HS-grad, Married-civ-spouse, Protective-serv, Husband, White, Male, United-States, <=50K
38.94887,507041.94,9.038847,-181.55634,16.177977,31.652706, Private, HS-grad, Divorced, Craft-repair, Not-in-family, White, Female, United-States, <=50K
109.14404,-34958.047,5.398703,-666.14264,-134.56909,22.313995, Local-gov, 9th, Divorced, Other-service, Not-in-family, White, Female, United-States, <=50K
24.450819,140345.86,11.042887,3493.5762,30.193518,5.220476, Private, Some-college, Never-married, Sales, Not-in-family, White, Male, United-States, <=50K
60.165936,53291.984,9.949939,-88.235664,-13.079883,49.43722, Private, Some-college, Married-civ-spouse, Craft-repair, Husband, White, Male, United-States, <=50K
33.563667,133072.0,7.5959854,-678.67426,30.78428,-4.7286625, Private, HS-grad, Married-civ-spouse, Handlers-cleaners, Husband, White, Male, United-States, >50K
34.08557,55919.72,12.868675,9769.647,-23.360048,55.100433, Private, Bachelors, Married-civ-spouse, Prof-specialty, Husband, White, Male, United-States, >50K
70.043365,444500.03,9.057955,-0.7205241,-35.578297,55.508743, ?, Some-college, Married-civ-spouse, ?, Husband, White, Male, United-States, <=50K
58.912727,53563.78,13.062196,1309.9095,91.82668,45.639748, Private, Masters, Divorced, Prof-specialty, Not-in-family, White, Female, United-States, <=50K
34.464474,281382.03,9.204291,-328.84247,-17.238108,26.87002, Private, HS-grad, Divorced, Priv-house-serv, Own-child, White, Female, United-States, <=50K
46.66565,139821.5,9.828859,244.53961,-12.135264,49.62647, Private, Bachelors, Never-married, Tech-support, Not-in-family, White, Male, United-States, <=50K
69.7362,-26386.672,3.4955592,-84.422676,15.171498,4.377569, Private, 9th, Divorced, Adm-clerical, Unmarried, White, Male, United-States, <=50K
28.397009,116567.62,11.595097,-167.36884,-9.469859,4.0877743, Private, Bachelors, Divorced, Protective-serv, Not-in-family, White, Male, United-States, <=50K
22.054869,131531.2,13.074443,1384.6334,-18.522005,50.124638, Private, Bachelors, Never-married, Sales, Not-in-family, White, Male, United-States, <=50K
109.194565,386767.53,13.066772,435.0816,281.6248,14.766487, Private, Bachelors, Married-civ-spouse, Transport-moving, Husband, White, Male, United-States, <=50K
1.9200739,128526.81,-2.461835,556.7579,15.565145,46.391346, Private, 9th, Married-civ-spouse, Handlers-cleaners, Husband, White, Male, United-States, <=50K
70.86127,-121731.516,9.6706,-594.45294,-52.803387,33.57592, Private, HS-grad, Married-civ-spouse, Craft-repair, Husband, White, Male, United-States, <=50K
-1.0989882,68783.625,9.7196045,1706.6554,41.481594,19.069496, Private, Some-college, Divorced, Adm-clerical, Not-in-family, White, Female, United-States, <=50K
42.029476,619037.1,14.017617,283.63495,-32.96889,72.23524, Private, Masters, Married-civ-spouse, Sales, Wife, White, Female, United-States, <=50K
45.05075,66617.79,9.570924,71.21032,-21.107172,72.3496, Private, HS-grad, Married-civ-spouse, Other-service, Husband, White, Male, United-States, <=50K
43.089554,62062.984,18.677038,284.94556,982.67255,45.490395, Private, Assoc-acdm, Married-civ-spouse, Tech-support, Husband, White, Male, United-States, <=50K
95.252426,55520.75,-0.9100685,-817.04254,23.878576,-13.469755, Private, 9th, Widowed, Other-service, Unmarried, White, Female, United-States, <=50K
12.05458,622390.8,9.452103,-860.0954,-56.615887,57.443916, Private, HS-grad, Never-married, Exec-managerial, Not-in-family, White, Male, United-States, <=50K
23.104431,-147422.95,9.066604,450.32416,0.25956452,-24.086882, Private, HS-grad, Never-married, Adm-clerical, Own-child, White, Male, United-States, <=50K
26.46049,283828.6,9.055237,-40.476383,14.960332,19.488045, Private, Some-college, Married-civ-spouse, Tech-support, Husband, White, Male, United-States, >50K
28.765072,609131.8,10.372894,-155.91669,15.920148,79.19114, Private, Some-college, Married-civ-spouse, Craft-repair, Husband, White, Male, United-States, >50K
45.412434,-91728.766,9.955634,408.3388,-9.689532,85.72237, Private, Some-college, Married-civ-spouse, Exec-managerial, Husband, White, Male, United-States, <=50K
46.514442,-150849.58,10.184812,539.5233,-90.47825,87.991806, Private, HS-grad, Married-civ-spouse, Other-service, Husband, White, Male, United-States, <=50K
22.52516,355047.94,13.173822,-50.222355,-22.191622,73.71682, Private, Bachelors, Never-married, Prof-specialty, Not-in-family, White, Male, United-States, <=50K
3.0377686,177046.53,11.922802,-148.37079,-13.609988,102.50682, Private, Bachelors, Never-married, Prof-specialty, Not-in-family, White, Male, United-States, <=50K
17.514563,272746.75,10.480734,-1146.418,-17.381693,-8.865488, Self-emp-not-inc, HS-grad, Divorced, Adm-clerical, Not-in-family, White, Female, United-States, <=50K
59.16389,414302.5,7.882182,716.76746,45.004543,37.71921, Private, HS-grad, Married-civ-spouse, Craft-repair, Husband, White, Male, United-States, <=50K
49.058613,61636.297,9.161133,112.1325,22.065138,48.996494, Private, HS-grad, Married-civ-spouse, Exec-managerial, Husband, White, Male, United-States, <=50K
19.560759,367088.7,8.605227,598.5709,49.038025,5.434057, Private, Some-college, Married-civ-spouse, Farming-fishing, Husband, White, Female, United-States, <=50K
94.08602,-123433.05,7.951758,571.0025,-30.944582,25.455292, Private, HS-grad, Never-married, Farming-fishing, Not-in-family, White, Male, United-States, <=50K
29.275211,645897.0,10.857274,441.59503,-38.77074,-2.8008215, Private, Assoc-voc, Married-civ-spouse, Protective-serv, Husband, White, Male, United-States, <=50K
56.22833,231347.9,16.938822,3599.7847,-61.939327,-3.6111662, Private, Assoc-acdm, Married-civ-spouse, Prof-specialty, Husband, White, Male, United-States, >50K
28.245436,845229.9,9.973373,191.55835,-19.009005,24.355328, State-gov, Some-college, Divorced, Adm-clerical, Own-child, White, Female, United-States, <=50K
33.766342,-14760.593,8.45831,1526.5227,41.221596,-50.373123, Private, HS-grad, Never-married, Adm-clerical, Not-in-family, White, Female, United-States, <=50K
31.330828,398280.44,9.496496,135.80713,-11.245433,37.0288, Private, Some-college, Never-married, Adm-clerical, Own-child, White, Female, United-States, <=50K
33.697006,23728.266,9.938305,1021.1941,402.2524,72.74569, Self-emp-inc, HS-grad, Married-civ-spouse, Craft-repair, Husband, White, Male, United-States, <=50K
32.40835,945474.25,7.032994,304.64807,-1.7104672,70.12915, Private, 10th, Married-civ-spouse, Adm-clerical, Own-child, White, Female, United-States, <=50K
-15.469892,10306.798,10.555551,-852.12103,65.87425,54.13822, Private, HS-grad, Widowed, Protective-serv, Not-in-family, White, Male, United-States, <=50K
-3.622155,-213605.14,10.215572,1782.5765,100.68191,66.13069, Private, HS-grad, Married-spouse-absent, Sales, Not-in-family, White, Female, United-States, <=50K
54.36521,205920.17,13.694337,310.70953,-64.70661,51.77998, Private, Bachelors, Married-civ-spouse, Sales, Not-in-family, White, Female, United-States, >50K
95.85167,463368.75,9.329147,-817.5933,30.377287,42.299656, Federal-gov, HS-grad, Married-civ-spouse, Handlers-cleaners, Husband, White, Male, United-States, <=50K
56.017986,-91614.36,10.085331,670.78186,68.95909,56.481823, Private, Some-college, Never-married, Sales, Not-in-family, White, Male, United-States, <=50K
1.1607698,682101.0,10.334506,1759.3347,29.944891,53.836395, Federal-gov, Some-college, Divorced, Exec-managerial, Unmarried, White, Female, United-States, <=50K
30.123066,101118.414,14.423679,481.15002,-49.098736,12.030079, Private, Masters, Divorced, Adm-clerical, Unmarried, White, Female, United-States, <=50K
77.504105,396428.66,12.842991,-1202.4331,-48.318066,68.205154, Private, Assoc-acdm, Married-civ-spouse, Transport-moving, Husband, White, Male, United-States, <=50K
2.3770096,-92570.95,9.881359,508.99792,-14.439548,51.052147, Private, HS-grad, Married-civ-spouse, Sales, Husband, White, Male, United-States, <=50K
72.876526,474332.94,10.0994005,1829.301,-57.380566,13.18272, Private, Some-college, Married-civ-spouse, Exec-managerial, Husband, White, Male, United-States, <=50K
0.37831816,148107.73,10.147401,1346.5851,6.403508,49.309975, Private, Some-college, Married-civ-spouse, Protective-serv, Husband, White, Male, United-States, >50K
40.666573,244284.66,2.1549163,3421.75,-29.49412,55.087326, State-gov, 9th, Never-married, Transport-moving, Own-child, White, Female, United-States, <=50K
104.19475,-48923.234,11.544676,1345.8638,1088.9639,75.63695, Self-emp-inc, Masters, Widowed, Sales, Not-in-family, White, Female, United-States, >50K
42.052475,-205241.36,9.210838,561.32874,-10.855754,42.921474, Private, 12th, Married-civ-spouse, Sales, Wife, White, Female, United-States, <=50K
32.69468,-100193.83,5.730283,-874.8294,33.367558,5.797182, Private, 10th, Divorced, Prof-specialty, Not-in-family, White, Female, United-States, <=50K
91.09703,283410.62,13.121702,-1087.3186,-45.33511,28.350204, Local-gov, Masters, Widowed, Prof-specialty, Not-in-family, White, Female, United-States, <=50K
64.86198,6422.36,9.841182,15.5734215,-43.32301,107.39732, Private, HS-grad, Never-married, Sales, Not-in-family, White, Male, United-States, <=50K
35.1209,147864.78,9.151667,9.942684,-17.774683,55.628487, Private, HS-grad, Never-married, Sales, Own-child, White, Male, United-States, <=50K
4.5568805,51718.297,8.485758,175.2154,78.673,76.38689, Private, HS-grad, Married-civ-spouse, Machine-op-inspct, Husband, White, Male, United-States, <=50K
57.719814,381775.4,12.1873455,724.56,9.145078,83.192825, Private, Assoc-acdm, Never-married, Exec-managerial, Not-in-family, White, Female, United-States, <=50K
51.77263,80089.54,9.136123,-396.22015,16.343267,2.3948534, Private, HS-grad, Married-civ-spouse, Other-service, Husband, White, Male, United-States, >50K
12.632213,393079.75,13.856284,-364.2232,922.0341,68.32365, Private, Masters, Married-civ-spouse, Sales, Own-child, White, Male, United-States, >50K
47.94028,586888.4,9.970949,-411.68915,-114.586815,6.551771, Self-emp-not-inc, HS-grad, Divorced, Sales, Not-in-family, White, Female, United-States, <=50K
18.152887,-6549.265,9.130563,880.5703,-15.983844,21.26616, Federal-gov, HS-grad, Married-civ-spouse, Handlers-cleaners, Husband, White, Male, United-States, >50K
111.23144,225406.81,9.995177,-632.1269,-118.81986,62.023792, State-gov, HS-grad, Divorced, Protective-serv, Not-in-family, White, Male, United-States, >50K
42.48432,-86515.67,10.559198,-385.7768,-36.02402,-22.99521, ?, Assoc-acdm, Married-civ-spouse, ?, Husband, White, Male, United-States, <=50K
46.84636,636519.56,4.7920475,10998.496,-560.64777,39.795643, Private, 9th, Never-married, Handlers-cleaners, Own-child, White, Male, United-States, <=50K
48.120586,136733.52,12.57023,1960.2072,10.515485,55.83747, Private, Bachelors, Married-civ-spouse, Exec-managerial, Husband, White, Male, United-States, >50K
93.414566,394179.78,8.639862,2017.6536,-37.592518,48.91039, Federal-gov, HS-grad, Divorced, Transport-moving, Husband, White, Male, United-States, <=50K
41.60989,221245.78,9.513355,1269.5657,-2.8272352,56.416893, Private, HS-grad, Never-married, Priv-house-serv, Not-in-family, White, Male, United-States, <=50K
52.801933,55574.844,11.38352,6379.661,-41.33314,33.03735, Local-gov, HS-grad, Married-civ-spouse, Protective-serv, Husband, White, Male, United-States, >50K
35.242302,-14463.405,9.305698,-449.1186,-3.9439497,55.760857, Private, HS-grad, Married-civ-spouse, Craft-repair, Husband, White, Male, United-States, <=50K
70.41966,-179850.64,10.041241,-36.74335,-50.81091,40.919247, Without-pay, Some-college, Divorced, Farming-fishing, Unmarried, White, Female, United-States, <=50K
18.945677,603263.94,8.695667,-119.51508,-13.872508,47.49508, Private, HS-grad, Never-married, Sales, Not-in-family, White, Male, United-States, <=50K
92.352135,426481.75,10.801412,-229.59735,-11.27592,14.07419, Local-gov, Assoc-acdm, Never-married, Exec-managerial, Not-in-family, White, Male, United-States, >50K
26.413837,476949.78,4.949751,664.1988,-6.2953672,39.649006, Private, 10th, Divorced, Farming-fishing, Not-in-family, White, Female, United-States, <=50K
54.340317,125745.38,12.462408,-358.05194,6.2009096,19.638567, Local-gov, Bachelors, Married-civ-spouse, Other-service, Husband, White, Male, United-States, <=50K
69.43875,4519.61,14.019902,-937.9583,-92.84052,62.435192, Private, Bachelors, Married-civ-spouse, Tech-support, Not-in-family, White, Female, United-States, <=50K
17.52768,166957.67,9.341721,-159.67633,1.4501926,29.677673, Self-emp-inc, HS-grad, Married-civ-spouse, Sales, Husband, White, Male, United-States, >50K
15.913623,50633.906,14.016944,1049.8547,89.048485,31.29218, Private, Assoc-acdm, Married-civ-spouse, Craft-repair, Husband, White, Male, United-States, >50K
9.705041,80739.805,11.113972,-190.24323,21.596136,25.335468, State-gov, Bachelors, Divorced, Sales, Not-in-family, White, Male, United-States, <=50K
11.903907,-228929.64,7.548018,2828.5496,-102.53396,67.42879, Private, HS-grad, Married-civ-spouse, Handlers-cleaners, Husband, White, Male, United-States, <=50K
38.531662,97184.555,9.344282,-1364.2944,905.4818,69.52483, Private, HS-grad, Married-civ-spouse, Farming-fishing, Husband, White, Male, United-States, <=50K
122.21607,50870.734,13.023063,412.03473,-131.32939,-17.648077, Private, Masters, Divorced, Prof-specialty, Not-in-family, White, Female, United-States, <=50K
16.46419,4833.844,10.840356,-34.933292,65.41476,-4.706152, Private, HS-grad, Divorced, Sales, Not-in-family, White, Male, United-States, <=50K
17.14856,254114.33,7.7762356,248.87732,-31.03583,87.95343, Private, 10th, Never-married, Farming-fishing, Not-in-family, White, Male, United-States, >50K
69.4443,-15358.999,10.569091,-1316.8826,14.4185,28.323666, Private, HS-grad, Widowed, Craft-repair, Wife, White, Female, United-States, >50K
61.46147,809568.3,11.846284,1136.9653,-46.366024,-5.4802265, Self-emp-not-inc, Some-college, Never-married, ?, Not-in-family, White, Male, United-States, <=50K
77.79475,109387.02,8.581491,6390.0986,42.84444,34.94852, Federal-gov, HS-grad, Married-civ-spouse, Machine-op-inspct, Not-in-family, White, Male, United-States, >50K
94.14825,437378.72,9.739003,-1026.0364,-12.235316,26.201948, Private, HS-grad, Married-civ-spouse, Prof-specialty, Husband, White, Male, United-States, <=50K
58.139156,-134400.58,9.4908285,428.10004,-68.984245,71.206635, Self-emp-not-inc, HS-grad, Married-civ-spouse, Craft-repair, Husband, White, Male, United-States, <=50K
28.376785,217803.53,14.238974,-1008.3256,79.74766,42.803226, Private, Masters, Married-spouse-absent, Prof-specialty, Not-in-family, White, Female, United-States, <=50K
85.98416,94773.51,9.310775,-449.66498,-25.135386,34.315643, Private, HS-grad, Never-married, Transport-moving, Husband, White, Male, United-States, <=50K
14.66822,116695.47,9.119911,1293.0175,21.088392,6.497404, Private, HS-grad, Never-married, Farming-fishing, Own-child, White, Male, United-States, <=50K
-2.2583358,188784.94,8.2723465,93.78503,65.64561,21.357487, Private, HS-grad, Never-married, Other-service, Not-in-family, White, Male, United-States, <=50K
45.15569,212238.77,9.016705,-280.62726,6.2561617,22.934679, Self-emp-not-inc, HS-grad, Married-civ-spouse, Exec-managerial, Husband, White, Male, United-States, >50K
14.411263,323882.75,9.531748,1509.55,-0.30955017,1.7140788, Private, Some-college, Married-civ-spouse, Prof-specialty, Husband, White, Male, United-States, <=50K
25.023172,214582.22,13.834109,3237.2588,-77.2037,38.828, Private, Assoc-acdm, Married-civ-spouse, Sales, Husband, White, Male, United-States, <=50K
110.55433,102704.98,13.34592,3085.7153,-10.839938,50.75296, Local-gov, Bachelors, Married-civ-spouse, Exec-managerial, Husband, White, Male, United-States, >50K
73.316475,474805.62,10.558224,-863.71796,-15.097362,58.867065, Private, Masters, Never-married, Craft-repair, Own-child, White, Female, United-States, <=50K
62.390198,210676.83,10.674765,2140.7517,34.949158,-32.64756, Private, Some-college, Married-civ-spouse, Sales, Husband, White, Male, United-States, >50K
-3.399758,203420.14,9.909895,1013.162,66.33734,39.728504, Private, Some-college, Never-married, Adm-clerical, Own-child, White, Female, United-States, <=50K
-7.6053395,143009.94,8.524288,811.2341,-38.62476,33.65712, Private, HS-grad, Never-married, Farming-fishing, Not-in-family, White, Male, United-States, <=50K
3.8698952,190228.73,10.964524,291.82574,2076.6406,23.035437, Private, Some-college, Never-married, Farming-fishing, Not-in-family, White, Male, United-States, <=50K
142.02547,40888.953,10.553803,171.33368,-71.201515,2.8874872, Self-emp-not-inc, Assoc-acdm, Married-civ-spouse, ?, Husband, White, Male, United-States, >50K
87.31279,275026.12,12.416052,-232.94928,-62.139996,93.113335, Private, Bachelors, Married-civ-spouse, Exec-managerial, Husband, White, Male, United-States, <=50K
-20.554768,400453.84,9.968495,178.24786,-34.60068,-9.639078, Private, HS-grad, Married-civ-spouse, Prof-specialty, Wife, White, Female, United-States, <=50K
17.663097,576796.0,12.560529,-70.95661,8.953351,62.922226, Private, Assoc-acdm, Married-civ-spouse, Machine-op-inspct, Not-in-family, White, Male, United-States, <=50K
54.135765,-179.70247,8.745253,223.4292,9.556783,73.09084, Federal-gov, HS-grad, Married-civ-spouse, Protective-serv, Husband, White, Male, United-States, <=50K
61.68324,-83462.11,9.558352,-975.38715,-17.867022,63.40018, Local-gov, HS-grad, Never-married, Prof-specialty, Own-child, White, Male, United-States, <=50K
61.75381,668270.6,10.244212,831.03015,-63.114254,24.2199, Private, Some-college, Married-civ-spouse, Sales, Husband, White, Male, United-States, <=50K
86.90115,-44543.844,13.580023,-549.71173,-70.789116,99.09728, Without-pay, Bachelors, Married-civ-spouse, Other-service, Husband, White, Male, United-States, <=50K
35.461227,660929.8,8.609695,1372.4047,-36.869198,25.979992, Private, HS-grad, Never-married, Adm-clerical, Own-child, White, Female, United-States, <=50K
6.3538203,316732.62,1.3722563,1411.7323,5.128644,85.82294, Private, 9th, Married-civ-spouse, Craft-repair, Wife, White, Male, United-States, <=50K
103.54403,60706.156,9.389056,-37.90668,91.221565,-50.484856, Federal-gov, Some-college, Widowed, Adm-clerical, Not-in-family, White, Female, United-States, >50K
17.322287,73642.92,14.615467,388.2962,28.134901,-18.13843, Local-gov, Assoc-acdm, Never-married, Prof-specialty, Not-in-family, White, Female, United-States, <=50K
15.962102,76452.58,5.297801,-819.0682,35.851738,39.492123, Private, 9th, Divorced, Handlers-cleaners, Not-in-family, White, Female, United-States, <=50K
95.89024,476806.6,9.186079,455.07245,1405.6044,-7.554346, Private, HS-grad, Married-civ-spouse, Transport-moving, Husband, White, Male, United-States, <=50K
27.030832,84211.78,9.360534,-254.86127,-33.55161,22.962507, Private, HS-grad, Divorced, Other-service, Not-in-family, White, Female, United-States, <=50K
37.337124,-127860.89,9.730643,610.01337,-3.7230406,19.65378, ?, Some-college, Married-civ-spouse, ?, Husband, White, Male, United-States, <=50K
38.02325,385782.78,5.155701,349.3629,0.28594697,66.59997, Private, 11th, Divorced, Sales, Not-in-family, White, Male, United-States, <=50K
-3.688626,153366.95,12.566176,161.70728,105.218315,11.271923, Federal-gov, Some-college, Never-married, Exec-managerial, Not-in-family, White, Male, United-States, <=50K
13.946263,156103.64,7.533341,-220.47113,61.24295,0.7962817, ?, Some-college, Never-married, ?, Own-child, White, Male, United-States, <=50K
-10.62074,56558.016,12.022338,4039.2825,60.314194,19.59976, Private, Bachelors, Never-married, Protective-serv, Not-in-family, White, Male, United-States, <=50K
66.095894,90312.89,7.7325945,-489.35236,121.61009,102.73866, Self-emp-inc, HS-grad, Married-civ-spouse, Other-service, Husband, White, Male, United-States, <=50K
33.598843,325853.28,11.699469,-1006.2514,-65.50907,22.254896, ?, Some-college, Never-married, Tech-support, Not-in-family, White, Male, United-States, <=50K
-8.0620775,220966.5,8.285065,1260.1307,3.003789,-38.550087, ?, Some-college, Separated, ?, Not-in-family, White, Female, United-States, <=50K
43.416195,-160912.45,9.41995,968.3488,-56.350613,82.47739, Private, HS-grad, Married-civ-spouse, Sales, Husband, White, Male, United-States, <=50K
43.59411,356775.4,9.239593,-55.104313,-21.971926,-6.3679256, Private, HS-grad, Never-married, Tech-support, Not-in-family, White, Male, United-States, <=50K
55.080425,470166.56,11.736457,-204.33331,-54.064175,60.74068, Self-emp-inc, Bachelors, Never-married, Priv-house-serv, Own-child, White, Female, United-States, <=50K
95.37369,246781.1,13.249098,-59.265934,8.589551,1.1568507, Private, Assoc-acdm, Never-married, Prof-specialty, Not-in-family, White, Female, United-States, >50K
45.139606,62627.703,10.128736,3864.456,-30.093615,117.87762, Private, HS-grad, Married-civ-spouse, Other-service, Wife, White, Female, United-States, <=50K
2.1600792,118325.67,5.3136334,1065.0964,131.37367,15.484526, Private, 11th, Never-married, Sales, Own-child, White, Female, United-States, <=50K
39.356007,134050.9,13.248435,270.89362,-3.7758894,22.203817, ?, Bachelors, Never-married, ?, Own-child, White, Male, United-States, <=50K
76.04798,472332.6,9.33929,215.77118,-134.78131,8.689964, Private, Some-college, Married-civ-spouse, Adm-clerical, Husband, White, Female, United-States, <=50K
23.666267,-20187.64,11.842573,436.05878,-18.530962,4.8629894, Private, Assoc-acdm, Married-civ-spouse, Sales, Husband, White, Male, United-States, <=50K
66.32712,680282.1,9.697615,-1734.5359,-74.883644,13.495792, Private, HS-grad, Divorced, Adm-clerical, Not-in-family, White, Female, United-States, <=50K
15.518796,47584.812,9.95519,149.91376,-6.434352,20.543821, Private, Some-college, Never-married, Other-service, Not-in-family, White, Female, United-States, <=50K
65.03454,1.2835891e+06,8.888293,-545.78107,-19.541933,59.73176, Private, HS-grad, Married-civ-spouse, Machine-op-inspct, Husband, White, Male, United-States, <=50K
36.01671,186101.17,11.883783,-988.7182,1952.0502,12.218597, Private, Some-college, Married-civ-spouse, Craft-repair, Husband, White, Male, United-States, >50K
83.97436,-258377.3,3.1972523,9048.995,49.59823,-31.33296, Self-emp-inc, 9th, Never-married, Other-service, Not-in-family, White, Female, United-States, <=50K
48.610535,251018.27,10.140674,903.8236,-13.134044,-8.795263, ?, Some-college, Never-married, ?, Not-in-family, White, Female, United-States, <=50K
23.55576,146564.86,12.81543,-259.24164,-22.232073,10.102301, Private, Bachelors, Never-married, Prof-specialty, Not-in-family, White, Female, United-States, <=50K
24.345287,470508.75,17.560932,-2.0632975,140.6517,78.920586, Local-gov, Masters, Married-spouse-absent, Adm-clerical, Not-in-family, White, Male, United-States, <=50K
30.118431,320892.03,9.387246,-412.685,-25.683718,8.239931, ?, Some-college, Never-married, ?, Own-child, White, Male, United-States, <=50K
32.78833,-23622.875,8.843171,438.39172,-9.652865,53.035046, Private, HS-grad, Married-civ-spouse, Sales, Husband, White, Male, United-States, <=50K
72.751274,139531.42,15.148784,2540.924,-5.9640684,47.482784, Local-gov, Masters, Married-civ-spouse, Prof-specialty, Wife, White, Female, United-States, >50K
50.098373,787271.25,9.175784,-1385.7354,32.718082,50.033646, Private, HS-grad, Married-civ-spouse, Adm-clerical, Husband, White, Male, United-States, <=50K
17.316183,231499.06,12.529357,94.69372,33.865242,96.27021, Self-emp-inc, Some-college, Married-civ-spouse, Sales, Husband, White, Male, United-States, <=50K
49.00445,691160.56,9.510255,-1156.4307,-13.987529,40.232628, Private, HS-grad, Married-civ-spouse, Sales, Husband, White, Female, United-States, <=50K
74.78429,567897.94,9.305819,504.91943,-16.306726,8.309919, Private, Some-college, Married-civ-spouse, Craft-repair, Husband, White, Male, United-States, >50K
49.144356,377399.84,11.138567,1005.60535,-6.196574,79.79909, Private, Some-college, Married-civ-spouse, Craft-repair, Husband, White, Male, United-States, <=50K
77.18069,13490.626,9.147622,20504.332,-10.2500105,52.361862, Private, HS-grad, Divorced, Transport-moving, Not-in-family, White, Female, United-States, >50K
20.458706,-123600.92,10.636037,-0.6858561,7.097188,1.6009845, Private, HS-grad, Married-civ-spouse, Craft-repair, Husband, White, Male, United-States, <=50K
32.410835,259442.25,9.518238,1934.5627,-7.4172926,31.81293, Private, HS-grad, Never-married, Protective-serv, Own-child, White, Male, United-States, <=50K
31.95976,214623.14,11.29569,-275.89618,-2.501956,69.84942, Private, Some-college, Divorced, Other-service, Not-in-family, White, Male, United-States, <=50K
35.59786,190396.69,10.937107,-319.32892,-26.887857,124.266846, Private, Assoc-voc, Never-married, Protective-serv, Not-in-family, White, Male, United-States, <=50K
72.18701,334658.94,12.074536,927.19086,-73.03738,14.559126, Private, Assoc-voc, Never-married, Exec-managerial, Not-in-family, White, Male, United-States, <=50K
20.24412,129295.34,13.586111,518.7459,18.279654,66.787254, Private, Assoc-voc, Married-civ-spouse, Craft-repair, Husband, White, Male, United-States, <=50K
7.1231685,573574.3,11.678561,979.31134,36.378357,90.9316, ?, Bachelors, Never-married, ?, Not-in-family, White, Female, United-States, <=50K
58.10806,258180.84,9.936983,619.84705,-21.758867,7.861788, Private, Some-college, Married-civ-spouse, Sales, Husband, White, Male, United-States, <=50K
16.087631,25601.25,9.935866,239.07684,72.70402,23.077436, Private, Some-college, Never-married, Tech-support, Unmarried, White, Male, United-States, <=50K
1.4404901,18774.25,10.196386,740.959,137.45543,30.257198, Private, HS-grad, Married-civ-spouse, Transport-moving, Husband, White, Male, United-States, <=50K
33.01592,404365.5,8.789551,532.46204,14.290082,76.20557, Private, HS-grad, Never-married, Other-service, Unmarried, White, Female, United-States, <=50K
43.557037,214216.86,8.700221,170.25458,49.05734,28.651936, Private, HS-grad, Never-married, Adm-clerical, Own-child, White, Male, United-States, <=50K
89.70664,804373.44,9.581749,3504.8872,-172.80508,-19.821043, Private, HS-grad, Never-married, Other-service, Not-in-family, White, Male, United-States, <=50K
10.307738,717812.25,15.173978,1582.3916,-56.645184,2.0886972, Private, Masters, Married-civ-spouse, Prof-specialty, Husband, White, Male, United-States, >50K
-9.464631,85924.17,9.237871,-928.40985,1357.3076,46.70446, Private, Some-college, Never-married, Other-service, Own-child, White, Male, United-States, <=50K
38.313553,207510.44,11.502984,-554.00214,42.34227,90.40585, Private, Assoc-acdm, Married-civ-spouse, Craft-repair, Not-in-family, White, Female, United-States, <=50K
54.488808,743001.8,8.883142,-1299.6123,-49.497707,80.54345, Private, HS-grad, Married-civ-spouse, Protective-serv, Husband, White, Male, United-States, >50K
-8.793416,347362.66,9.293743,-1203.6536,35.114975,94.26633, Private, HS-grad, Married-civ-spouse, Protective-serv, Husband, White, Male, United-States, <=50K
7.481813,503859.7,9.288072,-24.609074,44.069736,15.833569, Private, Some-college, Never-married, Priv-house-serv, Not-in-family, White, Male, United-States, <=50K
30.0347,135230.34,9.292,-546.6966,-10.094089,3.97764, Private, HS-grad, Never-married, Handlers-cleaners, Not-in-family, White, Female, United-States, <=50K
34.62684,315114.47,9.422625,-94.85456,-37.83861,6.6090565, Private, Some-college, Divorced, Transport-moving, Not-in-family, White, Female, United-States, <=50K
35.038628,-77078.08,8.928746,1084.0419,87.51153,-31.734709, Private, HS-grad, Married-civ-spouse, Craft-repair, Not-in-family, White, Male, United-States, <=50K
54.733,303216.88,12.12105,-253.46124,-17.203493,10.974392, State-gov, Assoc-acdm, Married-civ-spouse, Handlers-cleaners, Husband, White, Male, United-States, >50K
47.236565,216852.33,11.082727,-417.90057,37.433662,33.041023, Self-emp-not-inc, HS-grad, Married-civ-spouse, Exec-managerial, Husband, White, Male, United-States, <=50K
39.88577,345698.1,9.2527,479.46704,-37.493923,14.350016, Private, HS-grad, Married-civ-spouse, Sales, Husband, White, Male, United-States, <=50K
104.927895,-132639.27,11.043691,1719.1392,-97.177666,53.37475, Private, HS-grad, Divorced, Sales, Not-in-family, White, Male, United-States, <=50K
-8.258367,-88015.67,2.9418607,1128.6025,189.88713,13.480534, Private, 9th, Never-married, Other-service, Other-relative, White, Female, United-States, <=50K
41.507797,219391.03,11.059227,6347.501,-54.96635,51.91202, ?, Bachelors, Divorced, ?, Not-in-family, White, Male, United-States, <=50K
127.84484,104361.35,11.091598,1574.7429,-88.40954,2.1472604, Private, Some-college, Never-married, Exec-managerial, Unmarried, White, Female, United-States, <=50K
15.356774,-154370.8,9.694125,-61.268253,-21.59987,12.689882, Private, Some-college, Never-married, Adm-clerical, Not-in-family, White, Female, United-States, <=50K
1.7195619,641501.5,0.35982797,-2515.3357,-113.07647,90.3824, Private, 9th, Married-civ-spouse, Handlers-cleaners, Not-in-family, White, Male, United-States, <=50K
31.646639,224847.73,10.3759165,172.53705,28.98932,0.23540676, Private, Some-college, Married-civ-spouse, Other-service, Husband, White, Male, United-States, <=50K
58.1114,13985.048,8.7991085,732.4548,9.866498,18.760143, Private, HS-grad, Widowed, Adm-clerical, Unmarried, White, Female, United-States, >50K
48.00613,598824.0,9.882741,1800.4377,5.8393145,38.070114, Private, Some-college, Never-married, Protective-serv, Not-in-family, White, Male, United-States, <=50K
81.87696,277239.4,6.060759,-391.097,-11.343379,60.588367, Private, 9th, Married-civ-spouse, Craft-repair, Husband, White, Male, United-States, <=50K
55.078648,678383.5,9.157975,-582.6114,11.996434,78.711914, Private, HS-grad, Married-civ-spouse, Transport-moving, Husband, White, Male, United-States, >50K
57.633335,34523.22,9.9323225,6266.882,-10.280612,90.4503, Local-gov, Some-college, Married-civ-spouse, Exec-managerial, Husband, White, Male, United-States, <=50K
38.262444,-2567.8274,8.668951,-205.58685,0.012921439,21.849575, Local-gov, HS-grad, Divorced, Farming-fishing, Unmarried, White, Female, United-States, <=50K
26.017906,418283.97,10.868244,590.8193,2848.2654,8.654194, Private, Some-college, Never-married, Prof-specialty, Not-in-family, White, Female, United-States, <=50K
149.43896,99102.555,5.3551784,-19.210758,-81.182045,-16.345407, Private, 10th, Married-civ-spouse, Transport-moving, Husband, White, Male, United-States, <=50K
52.898544,169918.89,3.0625358,-1014.0683,73.3948,44.66706, Private, 9th, Married-civ-spouse, Craft-repair, Husband, White, Male, United-States, <=50K
24.606382,551218.5,9.594668,241.90924,-36.494442,30.799706, Private, HS-grad, Never-married, Protective-serv, Own-child, White, Male, United-States, <=50K
72.6247,154142.66,8.919233,-62.36469,-25.650156,-4.531908, Private, HS-grad, Married-civ-spouse, Adm-clerical, Husband, White, Male, United-States, <=50K
48.0516,631147.56,13.16057,-434.81488,1.5896198,66.30517, Private, Bachelors, Never-married, Sales, Own-child, White, Female, United-States, <=50K
111.86276,134144.11,12.551824,-35.695377,-62.949398,84.96898, Private, Bachelors, Never-married, Sales, Not-in-family, White, Male, United-States, <=50K
52.685474,192820.84,10.569111,789.5865,-0.8975705,63.891865, Private, Some-college, Never-married, Tech-support, Unmarried, White, Female, United-States, <=50K
27.292824,640381.5,10.187817,-695.3371,-58.633907,64.648865, Private, Assoc-voc, Separated, Tech-support, Not-in-family, White, Male, United-States, >50K
46.668373,-65663.09,10.757635,389.41473,-16.037432,50.224396, ?, Bachelors, Divorced, ?, Not-in-family, White, Female, United-States, <=50K
-15.70263,6376.36,13.2136135,185.85333,69.98911,40.809814, Private, Masters, Never-married, Protective-serv, Unmarried, White, Female, United-States, <=50K
54.3576,-106939.7,11.421099,632.2829,-101.58289,70.84728, Self-emp-inc, Bachelors, Married-civ-spouse, Prof-specialty, Husband, White, Male, United-States, >50K
52.332565,495005.5,9.437256,-201.86395,-12.550509,13.684294, Private, HS-grad, Married-civ-spouse, Tech-support, Husband, White, Male, United-States, <=50K
115.2631,-85255.83,9.02803,1795.0144,-46.78422,72.16583, Private, HS-grad, Married-civ-spouse, Craft-repair, Husband, White, Male, United-States, >50K
36.892124,-209286.08,9.306674,-86.73371,2.5426912,30.224072, Private, HS-grad, Married-civ-spouse, Exec-managerial, Husband, White, Male, United-States, <=50K
13.08479,149253.81,8.222948,2258.5264,-67.84533,13.752111, Private, HS-grad, Married-civ-spouse, Other-service, Husband, White, Male, United-States, <=50K
44.83071,133449.36,10.493241,147.87805,2.625661,26.349598, Private, Some-college, Never-married, Adm-clerical, Not-in-family, White, Male, United-States, <=50K
10.039145,91318.42,9.17749,-341.96906,16.78243,11.282984, Private, Some-college, Never-married, Adm-clerical, Not-in-family, White, Male, United-States, <=50K
81.36823,253849.0,10.679798,272.1078,7.691594,-26.430311, ?, Some-college, Married-civ-spouse, ?, Wife, White, Female, United-States, <=50K
5.168655,-94642.64,8.941675,-53.452213,-0.8607434,49.358448, Self-emp-not-inc, HS-grad, Divorced, Adm-clerical, Not-in-family, White, Female, United-States, <=50K
9.07425,176971.45,6.9860225,-1140.72,-9.69572,-17.525549, Private, 11th, Married-spouse-absent, Transport-moving, Not-in-family, White, Female, United-States, <=50K
13.91933,-19075.016,9.778427,-96.260445,37.4655,55.67516, Private, Some-college, Married-civ-spouse, Farming-fishing, Husband, White, Male, United-States, <=50K
80.065895,189286.08,9.251066,-411.8045,-35.51079,29.564915, Private, HS-grad, Never-married, Craft-repair, Not-in-family, White, Male, United-States, <=50K
46.618767,-71713.22,9.784374,16458.24,-66.8675,83.2786, Private, HS-grad, Married-civ-spouse, Transport-moving, Husband, White, Male, United-States, >50K
21.58364,186664.02,9.266785,435.51642,-15.155536,48.64365, Private, HS-grad, Never-married, Protective-serv, Own-child, White, Female, United-States, <=50K
39.81909,521500.94,7.5720897,2172.4543,-75.40598,36.76987, Federal-gov, HS-grad, Never-married, Adm-clerical, Unmarried, White, Male, United-States, <=50K
1.7916178,40064.375,9.170392,-873.94086,8.010579,64.175026, Private, HS-grad, Never-married, Exec-managerial, Not-in-family, White, Female, United-States, <=50K
108.65054,147479.52,5.7806263,2983.1785,-23.90381,-16.33798, Private, HS-grad, Married-civ-spouse, Transport-moving, Husband, White, Male, United-States, <=50K
81.11157,-10399.843,11.397947,3841.0298,-7.7121534,13.819138, Federal-gov, Some-college, Married-civ-spouse, Adm-clerical, Husband, White, Male, United-States, >50K
35.215992,239627.16,11.512067,14114.162,8.313901,5.660467, Private, Bachelors, Never-married, Craft-repair, Not-in-family, White, Male, United-States, >50K
20.074501,345036.66,13.396669,-721.20135,71.19177,57.18772, Private, Some-college, Never-married, Tech-support, Own-child, White, Male, United-States, <=50K
11.482766,58056.61,10.045793,873.80963,18.872831,27.429825, Self-emp-not-inc, Some-college, Never-married, Tech-support, Not-in-family, White, Male, United-States, <=50K
6.5230327,398654.47,8.877637,199.63245,-10.875781,46.6681, Private, HS-grad, Married-civ-spouse, Craft-repair, Own-child, White, Male, United-States, <=50K
34.243237,534328.9,12.695685,211.04431,5.874051,44.035015, Self-emp-inc, Masters, Never-married, Sales, Not-in-family, White, Female, United-States, <=50K
46.04484,696095.8,10.087221,173.35559,41.49304,62.75308, Private, Some-college, Never-married, Adm-clerical, Unmarried, White, Male, United-States, <=50K
40.97795,48420.047,9.736015,-736.6076,-30.173983,27.26291, Private, Some-college, Widowed, Sales, Not-in-family, White, Female, United-States, <=50K
49.806213,789442.5,6.4579983,1867.9946,-40.703182,24.09195, Private, 9th, Married-civ-spouse, Exec-managerial, Husband, White, Male, United-States, <=50K
23.275568,-141300.77,8.475159,92.886955,55.161316,82.99562, Private, HS-grad, Married-civ-spouse, Exec-managerial, Husband, White, Male, United-States, <=50K
51.609547,-27538.656,13.684371,1063.3391,-27.457468,82.65461, Private, Bachelors, Divorced, Exec-managerial, Unmarried, White, Male, United-States, <=50K
22.932018,186748.16,9.954069,1687.2238,-30.804247,80.6069, Private, Some-college, Married-civ-spouse, Sales, Husband, White, Male, United-States, <=50K
62.411724,56325.203,9.089902,-664.1816,-90.94694,44.441067, Private, HS-grad, Never-married, Handlers-cleaners, Not-in-family, White, Female, United-States, <=50K
27.720104,74170.945,12.726612,1664.4822,-10.09479,25.634193, Private, Bachelors, Married-civ-spouse, Sales, Husband, White, Male, United-States, <=50K
36.146927,352567.34,12.267185,-1499.9944,-73.592064,48.644947, Private, Bachelors, Separated, Handlers-cleaners, Not-in-family, White, Female, United-States, <=50K
-14.866387,471921.66,6.8010263,197.28406,58.504204,14.9529705, ?, Some-college, Never-married, ?, Own-child, White, Male, United-States, <=50K
59.107227,549584.6,7.845921,471.35614,-29.563936,80.12058, Self-emp-not-inc, HS-grad, Married-civ-spouse, Craft-repair, Husband, White, Male, United-States, >50K
18.86446,272321.0,10.953752,805.31696,48.636482,6.1363316, Private, HS-grad, Married-civ-spouse, Other-service, Husband, White, Male, United-States, <=50K
7.8047347,646903.94,9.8989315,168.69489,43.802498,23.2936, Private, Some-college, Married-civ-spouse, Prof-specialty, Husband, White, Male, United-States, <=50K
38.504654,-84463.7,14.472704,38370.324,-112.64544,47.135063, Federal-gov, Bachelors, Married-civ-spouse, Prof-specialty, Not-in-family, White, Male, United-States, >50K
25.243822,313232.28,4.7111673,-86.20637,122.83823,32.96605, Local-gov, 11th, Married-spouse-absent, Protective-serv, Not-in-family, White, Male, United-States, <=50K
69.56247,-4202.39,0.3200445,414.39648,642.9696,91.07081, Private, 9th, Never-married, Sales, Other-relative, White, Male, United-States, <=50K
27.861704,141969.9,9.485789,483.64093,-24.876986,77.911514, Federal-gov, Some-college, Married-civ-spouse, Transport-moving, Husband, White, Male, United-States, >50K
65.50657,-124989.05,9.808099,-2015.7065,72.26721,-1.6013051, Private, HS-grad, Never-married, Craft-repair, Not-in-family, White, Male, United-States, <=50K
20.519108,-81118.39,9.001414,-7.4525795,10.645009,59.358192, Private, HS-grad, Never-married, Sales, Unmarried, White, Female, United-States, <=50K
36.21771,29279.062,9.196183,-705.52045,37.523537,-15.035757, Private, HS-grad, Never-married, Handlers-cleaners, Own-child, White, Female, United-States, <=50K
37.844845,257380.16,14.055117,-450.32758,38.721043,63.203674, Private, Assoc-acdm, Never-married, Craft-repair, Not-in-family, White, Male, United-States, <=50K
52.007637,-46728.14,11.785152,-984.67,47.874023,50.302822, Private, Masters, Never-married, Craft-repair, Own-child, White, Male, United-States, <=50K
28.293823,182489.66,8.953668,81.046745,15.300374,15.062012, ?, HS-grad, Divorced, ?, Unmarried, White, Female, United-States, <=50K
-12.953843,126079.664,8.13073,1342.09,13.359975,73.36712, Private, HS-grad, Never-married, Protective-serv, Other-relative, White, Male, United-States, <=50K
44.274097,391620.62,12.466133,5394.2695,-5.5196867,72.34011, Private, Bachelors, Married-civ-spouse, Prof-specialty, Husband, White, Male, United-States, >50K
87.46344,-182853.48,11.649766,2659.642,-159.49294,102.225655, Private, Masters, Married-civ-spouse, Other-service, Not-in-family, White, Male, United-States, <=50K
26.302969,98441.46,10.053301,-406.45453,-21.81341,67.56098, Private, Some-college, Married-civ-spouse, Craft-repair, Husband, White, Male, United-States, >50K
32.848263,434299.03,6.034402,19.350765,-33.030895,12.894854, Private, 10th, Never-married, Other-service, Not-in-family, White, Male, United-States, <=50K
27.471003,35245.86,9.725156,513.8988,-18.285196,71.08511, Private, HS-grad, Married-civ-spouse, Exec-managerial, Wife, White, Female, United-States, <=50K
49.692093,416904.28,9.0762005,-902.18427,24.941542,0.05698573, Private, HS-grad, Never-married, Other-service, Not-in-family, White, Female, United-States, <=50K
47.35979,-188709.02,8.796743,979.91425,-6.8058577,88.28902, Private, HS-grad, Married-civ-spouse, Exec-managerial, Husband, White, Male, United-States, <=50K
71.39767,-56912.188,9.192904,-570.95197,-26.46464,17.405073, Self-emp-not-inc, HS-grad, Married-civ-spouse, Craft-repair, Husband, White, Male, United-States, <=50K
15.680097,84454.47,5.024029,1325.1373,131.52327,15.5187645, Private, 11th, Never-married, Adm-clerical, Not-in-family, White, Female, United-States, >50K
61.036987,699768.1,4.6907434,2837.7053,1344.37,88.290016, Private, 9th, Married-civ-spouse, Craft-repair, Husband, White, Male, United-States, <=50K
43.914818,746791.4,8.665856,341.83057,-14.97642,11.959017, Private, HS-grad, Married-civ-spouse, Machine-op-inspct, Husband, White, Male, United-States, <=50K
39.58666,536024.3,9.86549,106.525505,-48.50529,40.262615, Private, Some-college, Married-civ-spouse, Other-service, Husband, White, Male, United-States, <=50K
114.72563,449739.03,12.358557,923.17554,-35.023144,-39.247246, Private, Some-college, Married-civ-spouse, Sales, Husband, White, Male, United-States, <=50K
82.46649,-301944.28,17.528008,-1595.0286,15.330457,-8.086264, State-gov, Masters, Divorced, Prof-specialty, Not-in-family, White, Male, United-States, >50K
51.838932,614180.75,8.99834,1021.2507,24.86452,75.13633, Private, Some-college, Married-civ-spouse, Adm-clerical, Husband, White, Male, United-States, <=50K
-1.2846342,333282.53,10.197915,4911.635,-81.58462,75.147606, Local-gov, HS-grad, Married-civ-spouse, Protective-serv, Husband, White, Male, United-States, <=50K
38.179222,-88131.484,13.3633175,1073.5979,23.1014,57.57537, Private, Bachelors, Never-married, Protective-serv, Not-in-family, White, Male, United-States, <=50K
-10.078408,255565.64,8.474202,1598.921,16.292631,26.297785, Private, HS-grad, Married-spouse-absent, Transport-moving, Other-relative, White, Male, United-States, <=50K
109.3215,-169303.77,6.565892,-124.47785,-160.61003,2.7441728, Private, 10th, Divorced, Other-service, Unmarried, White, Female, United-States, <=50K
59.94406,119352.34,9.516211,-653.5423,-48.939342,77.44651, Private, HS-grad, Never-married, Handlers-cleaners, Not-in-family, White, Male, United-States, >50K
29.741688,67982.47,10.466311,-14.945255,16.381208,65.64674, Federal-gov, Some-college, Never-married, Other-service, Not-in-family, White, Male, United-States, >50K
34.83413,529106.8,9.376927,-1175.4578,3.8719072,74.76676, Private, HS-grad, Never-married, Protective-serv, Husband, White, Male, United-States, <=50K
19.632515,-34982.484,9.682803,66.23675,-4.603778,37.6665, Private, Some-college, Married-civ-spouse, Sales, Wife, White, Female, United-States, <=50K
69.07739,160029.33,11.530398,-1047.1438,23.47278,58.273777, Self-emp-not-inc, Bachelors, Never-married, Craft-repair, Own-child, White, Female, United-States, <=50K
68.341995,417690.78,8.731056,-49.338932,-38.989193,57.80793, Private, HS-grad, Married-civ-spouse, Prof-specialty, Husband, White, Male, United-States, <=50K
60.47285,471350.6,8.664473,277.8454,-11.110751,64.7261, Private, HS-grad, Divorced, Transport-moving, Not-in-family, White, Male, United-States, <=50K
41.49282,944697.7,8.085283,780.1237,-68.98615,47.189983, Local-gov, HS-grad, Married-spouse-absent, Transport-moving, Not-in-family, White, Male, United-States, <=50K
31.17712,361142.84,7.350506,745.3312,44.12513,-10.531248, Private, HS-grad, Never-married, Other-service, Not-in-family, White, Female, United-States, <=50K
38.97677,132218.34,9.601603,-1886.8779,-6.7066145,18.17811, Private, Some-college, Divorced, Adm-clerical, Not-in-family, White, Male, United-States, <=50K
26.430586,187151.33,9.246656,-981.4902,-27.445711,134.2314, State-gov, HS-grad, Married-civ-spouse, Protective-serv, Husband, White, Male, United-States, <=50K
42.59041,-3312.1555,9.010581,299.8446,-33.09622,52.848316, Private, HS-grad, Married-civ-spouse, Adm-clerical, Unmarried, White, Female, United-States, <=50K
24.519272,-502205.12,9.921114,200.8515,-16.432726,27.251625, Private, Some-college, Never-married, Sales, Not-in-family, White, Female, United-States, <=50K
53.827198,572311.25,6.615067,-417.00604,-45.856777,91.80884, Private, 10th, Divorced, Machine-op-inspct, Not-in-family, White, Male, United-States, <=50K
35.266373,-153436.23,9.727222,-115.08796,-49.99545,26.623089, Private, HS-grad, Never-married, Craft-repair, Not-in-family, White, Female, United-States, <=50K
0.22721036,-100173.3,15.919439,306.8852,32.92691,39.30746, Private, Bachelors, Married-civ-spouse, Sales, Husband, White, Female, United-States, <=50K
56.74491,111301.35,9.874369,-197.14874,-50.283916,87.02363, Local-gov, Some-college, Married-civ-spouse, Exec-managerial, Husband, White, Male, United-States, <=50K
42.96517,117295.125,9.229347,132.44476,32.95434,-34.3359, Private, HS-grad, Married-spouse-absent, Craft-repair, Unmarried, White, Female, United-States, <=50K
17.99484,226977.77,9.812947,-211.00189,13.325528,41.91722, State-gov, 11th, Never-married, Machine-op-inspct, Not-in-family, White, Female, United-States, <=50K
29.493895,73187.4,11.105459,-125.01545,-36.52953,15.850365, Private, Bachelors, Married-civ-spouse, Adm-clerical, Husband, White, Male, United-States, <=50K
69.95799,77719.555,10.420883,8243.972,-49.186565,64.718544, Private, Some-college, Married-civ-spouse, Craft-repair, Husband, White, Male, United-States, >50K
59.243824,156378.14,10.209317,1201.8085,44.639027,65.27681, Self-emp-not-inc, HS-grad, Married-civ-spouse, Sales, Husband, White, Male, United-States, <=50K
77.004875,-69341.7,8.994327,-336.14935,-22.62433,23.454575, Private, HS-grad, Never-married, Machine-op-inspct, Not-in-family, White, Male, United-States, <=50K
99.80493,551456.7,9.975954,-964.5557,-11.0748625,33.535336, Private, Some-college, Widowed, Sales, Husband, White, Male, United-States, <=50K
33.922146,454567.75,9.284422,-540.35004,12.653272,48.57131, Private, HS-grad, Divorced, Adm-clerical, Not-in-family, White, Male, United-States, <=50K
32.86712,127023.49,19.066408,10142.957,-12.5167265,74.083145, State-gov, Assoc-acdm, Never-married, Prof-specialty, Not-in-family, White, Male, United-States, <=50K
36.242157,258163.62,9.195257,1812.6743,-4.8499937,11.508036, Private, HS-grad, Never-married, Other-service, Not-in-family, White, Female, United-States, <=50K
18.15833,598509.2,8.984905,92.69726,-57.479992,50.32686, Private, HS-grad, Never-married, Prof-specialty, Not-in-family, White, Male, United-States, <=50K
50.515495,-282208.94,5.8279257,-616.88336,30.683592,-3.1875975, Private, 10th, Married-civ-spouse, ?, Unmarried, White, Female, United-States, >50K
49.421936,128400.805,12.5633745,7265.663,10.345883,49.576008, Private, Bachelors, Never-married, Prof-specialty, Not-in-family, White, Female, United-States, >50K
22.152367,421034.12,13.18752,-884.59296,6.4318132,44.49892, Private, Assoc-voc, Married-civ-spouse, Craft-repair, Husband, White, Male, United-States, <=50K
51.49196,-168301.14,9.145245,-1359.8276,-52.49139,30.243507, Private, Some-college, Never-married, Prof-specialty, Not-in-family, White, Female, United-States, <=50K
41.91887,320334.3,10.6670065,420.80963,-10.838855,73.44431, Private, Some-college, Married-civ-spouse, Exec-managerial, Husband, White, Male, United-States, >50K
37.67037,4273.7817,10.244892,-1684.491,-78.26487,-14.545324, ?, Some-college, Married-spouse-absent, ?, Husband, White, Male, United-States, <=50K
29.46664,273055.78,11.238778,-782.6965,-4.1628294,52.973373, Private, HS-grad, Married-civ-spouse, Sales, Husband, White, Male, United-States, >50K
43.993977,197667.95,11.337985,-1105.4839,10.035504,69.76854, Private, Assoc-voc, Never-married, Adm-clerical, Not-in-family, White, Male, United-States, <=50K
48.687187,-105030.11,11.585241,1668.5035,-38.124737,37.21451, ?, Some-college, Never-married, ?, Not-in-family, White, Male, United-States, <=50K
3.3047936,-135812.73,4.5777473,-793.1928,-11.510203,23.087067, Private, 9th, Married-civ-spouse, Adm-clerical, Wife, White, Female, United-States, <=50K
41.229877,362161.97,8.474453,951.1592,64.87146,-24.471754, Private, HS-grad, Married-civ-spouse, Sales, Own-child, White, Male, United-States, <=50K
68.51096,-217914.52,11.468672,-164.11774,-110.71789,40.86354, Private, Bachelors, Married-civ-spouse, Craft-repair, Wife, White, Female, United-States, >50K
51.38083,218155.42,8.902814,439.83844,-6.173465,53.37291, ?, HS-grad, Separated, ?, Not-in-family, White, Female, United-States, <=50K
15.134923,415185.22,14.060606,481.14703,-3.629733,53.461582, Private, Assoc-voc, Married-civ-spouse, Exec-managerial, Husband, White, Male, United-States, <=50K
21.078459,52375.266,9.073705,-522.36224,2579.2317,104.70097, Private, Some-college, Never-married, Farming-fishing, Own-child, White, Female, United-States, <=50K
58.039124,103285.08,9.844206,3598.1204,60.02714,18.57058, Private, HS-grad, Married-civ-spouse, Tech-support, Husband, White, Male, United-States, >50K
58.06654,143237.62,10.989031,-316.24432,1.7682849,54.785038, Private, HS-grad, Married-civ-spouse, Armed-Forces, Husband, White, Male, United-States, <=50K
13.016133,501707.0,13.303161,159.97015,-30.276934,60.638912, Private, Bachelors, Never-married, Exec-managerial, Husband, White, Male, United-States, >50K
67.61259,-66606.61,14.628291,342.33136,-85.61733,76.141464, Private, Bachelors, Never-married, Exec-managerial, Not-in-family, White, Male, United-States, <=50K
72.49073,-36397.797,-1.3537359,1717.3253,15.005818,47.401997, Self-emp-not-inc, 9th, Divorced, ?, Not-in-family, White, Female, United-States, <=50K
1.1693338,848137.8,7.565747,-252.58795,-56.653835,49.79104, Local-gov, HS-grad, Married-civ-spouse, Protective-serv, Husband, White, Male, United-States, <=50K
35.56561,1.0571058e+06,13.821026,-717.2642,-35.953228,31.641514, Private, Some-college, Married-civ-spouse, Sales, Husband, White, Male, United-States, <=50K
-4.9347157,1.1904089e+06,7.2819266,-2577.1553,-116.95997,27.805698, Private, Some-college, Married-civ-spouse, Handlers-cleaners, Husband, White, Male, United-States, <=50K
59.96792,-141808.11,10.052644,256.2456,-24.777437,-24.686964, Private, Some-college, Widowed, Protective-serv, Unmarried, White, Female, United-States, <=50K
11.095586,215080.97,10.914774,-285.68695,-16.653734,54.465363, Private, Some-college, Married-civ-spouse, Craft-repair, Husband, White, Male, United-States, <=50K
33.767685,24967.234,8.920287,-556.9112,-45.74998,64.05159, Self-emp-inc, HS-grad, Married-civ-spouse, Adm-clerical, Husband, White, Male, United-States, <=50K
6.0319667,447928.6,5.5274663,-539.79755,-10.630527,68.289185, Local-gov, HS-grad, Married-civ-spouse, Protective-serv, Husband, White, Male, United-States, <=50K
50.329334,-49477.625,10.766052,-643.1552,-42.88882,94.52436, Private, Bachelors, Never-married, Tech-support, Own-child, White, Male, United-States, <=50K
27.245459,53639.156,13.422932,195.00543,11.834691,70.19638, Private, Bachelors, Married-civ-spouse, Protective-serv, Husband, White, Male, United-States, >50K
42.737026,6548.141,9.037946,1250.951,-17.862093,71.30518, Private, HS-grad, Married-civ-spouse, Sales, Husband, White, Male, United-States, <=50K
20.107224,704882.9,9.602452,1253.3528,-36.94791,-0.0016805007, Private, Some-college, Never-married, Sales, Not-in-family, White, Female, United-States, <=50K
92.02773,465638.84,10.015377,208.29718,8.196828,27.500757, Private, HS-grad, Married-civ-spouse, Craft-repair, Husband, White, Male, United-States, <=50K
17.272541,-68270.58,10.418001,381.06226,-23.116411,9.528805, Private, HS-grad, Married-spouse-absent, Sales, Not-in-family, White, Male, United-States, <=50K
76.3114,340749.06,1.5740242,-46.736393,-200.0242,15.692278, State-gov, 9th, Divorced, Sales, Not-in-family, White, Male, United-States, <=50K
41.3258,64888.625,12.402195,-53.237125,49.56753,-0.24141514, Private, Assoc-voc, Married-civ-spouse, Sales, Husband, White, Male, United-States, >50K
25.595526,81649.805,9.415905,2648.775,43.122177,34.28729, Private, HS-grad, Married-civ-spouse, Adm-clerical, Husband, White, Male, United-States, >50K
23.397839,-89140.92,9.195066,-182.8139,-4.2590895,49.016476, Private, HS-grad, Never-married, Craft-repair, Not-in-family, White, Male, United-States, >50K
23.130177,81296.13,9.020287,234.01959,100.32862,33.530117, Private, HS-grad, Never-married, Sales, Not-in-family, White, Female, United-States, <=50K
100.51668,361114.2,19.554993,1387.3098,-92.42881,122.90708, Federal-gov, Masters, Married-civ-spouse, Prof-specialty, Husband, White, Male, United-States, <=50K
51.70747,13763.407,8.49603,302.68103,-10.912448,93.049904, Self-emp-not-inc, HS-grad, Married-civ-spouse, Farming-fishing, Husband, White, Male, United-States, >50K
75.1891,49909.125,13.103943,-780.7708,-78.68119,78.475815, Private, Assoc-acdm, Never-married, Exec-managerial, Own-child, White, Male, United-States, <=50K
13.929315,474738.88,7.7290688,603.3514,100.11921,46.23215, Private, Some-college, Never-married, Craft-repair, Own-child, White, Male, United-States, <=50K
8.995685,12385.501,8.923914,-190.98322,-8.097262,63.77906, Private, HS-grad, Never-married, Handlers-cleaners, Not-in-family, White, Male, United-States, >50K
-10.966527,172784.1,11.263875,639.49036,-22.879885,31.203424, Private, Some-college, Married-civ-spouse, Farming-fishing, Husband, White, Male, United-States, <=50K
35.508247,1.0035163e+06,14.061929,15.459286,-3.3213072,21.706503, Private, Masters, Divorced, Machine-op-inspct, Husband, White, Male, United-States, <=50K
47.901554,63472.297,9.109331,-928.07465,10.220609,52.56011, Private, 9th, Married-civ-spouse, Craft-repair, Husband, White, Male, United-States, <=50K
31.423521,803633.3,11.676509,359.0606,0.50479615,49.900585, Private, HS-grad, Married-civ-spouse, Handlers-cleaners, Husband, White, Male, United-States, <=50K
35.52334,350391.25,17.849943,14132.244,37.289635,79.765915, Federal-gov, Bachelors, Married-civ-spouse, Exec-managerial, Husband, White, Male, United-States, >50K
77.97393,-261695.48,10.760834,-1396.8081,-30.508135,11.306757, Private, Assoc-acdm, Widowed, Craft-repair, Unmarried, White, Female, United-States, <=50K
21.13407,93297.625,14.525692,1161.2402,-25.406351,103.77413, Private, Bachelors, Never-married, Prof-specialty, Not-in-family, White, Female, United-States, <=50K
36.013058,203337.72,8.553814,-699.2077,17.152044,40.605824, Private, Some-college, Married-civ-spouse, Transport-moving, Husband, White, Male, United-States, >50K
56.756245,218298.34,14.47223,-968.31903,-73.31925,29.31092, Private, Bachelors, Married-civ-spouse, Prof-specialty, Husband, White, Male, United-States, <=50K
39.81918,68294.055,9.576902,-810.35187,-10.71284,18.981932, Private, Some-college, Married-civ-spouse, Craft-repair, Husband, White, Male, United-States, <=50K
27.28603,32636.047,9.4166565,175.16748,33.407604,50.43752, Private, HS-grad, Married-civ-spouse, Sales, Husband, White, Female, United-States, <=50K
81.47003,697534.25,9.929092,969.5896,-28.50059,-3.6203597, Private, HS-grad, Never-married, Protective-serv, Not-in-family, White, Female, United-States, <=50K
37.495827,593507.25,11.193734,1154.5675,100.77746,85.68214, Private, Assoc-voc, Divorced, Sales, Unmarried, White, Male, United-States, <=50K
75.351456,696043.8,7.7320423,-438.9997,4.998204,55.1535, Private, HS-grad, Never-married, Transport-moving, Not-in-family, White, Male, United-States, <=50K
-2.970185,1.1147159e+06,9.044,388.2091,-28.121912,49.080017, Private, HS-grad, Married-civ-spouse, Machine-op-inspct, Husband, White, Male, United-States, <=50K
83.942345,197216.77,11.913222,384.52692,-42.99058,88.92471, Private, Masters, Married-civ-spouse, Exec-managerial, Husband, White, Male, United-States, <=50K
31.729313,33381.203,9.463973,148.26465,-40.083355,44.822994, Private, HS-grad, Never-married, Adm-clerical, Not-in-family, White, Female, United-States, <=50K
42.698135,511869.12,9.276167,-97.26203,-32.513607,46.05605, Private, Some-college, Married-civ-spouse, Sales, Husband, White, Male, United-States, <=50K
77.47625,-38487.83,9.322653,85.78802,-39.305508,82.023125, Self-emp-not-inc, Some-college, Never-married, Transport-moving, Not-in-family, White, Male, United-States, <=50K
44.308002,215686.19,7.3217864,142.21417,-53.061214,51.68208, Private, 10th, Never-married, Transport-moving, Not-in-family, White, Male, United-States, <=50K
18.356207,376471.06,8.9990835,1043.5443,6.23882,51.120174, Private, HS-grad, Never-married, Adm-clerical, Unmarried, White, Female, United-States, <=50K
30.707579,-142045.95,10.029341,-850.6578,51.066795,37.49541, Private, Some-college, Married-civ-spouse, Craft-repair, Husband, White, Male, United-States, >50K
45.769978,177502.12,10.799173,23.825497,-39.963818,29.817936, ?, Assoc-voc, Never-married, ?, Husband, White, Male, United-States, <=50K
23.102844,-57762.5,6.910083,276.4054,2.4037447,39.358753, Private, HS-grad, Separated, Other-service, Unmarried, White, Female, United-States, <=50K
30.283699,-72832.83,9.911841,-868.6457,-43.979687,32.69245, Local-gov, HS-grad, Never-married, Other-service, Own-child, White, Male, United-States, <=50K
27.768106,408869.44,9.845331,-53.079777,57.59426,80.40805, Private, Some-college, Never-married, Protective-serv, Own-child, White, Male, United-States, <=50K
59.034866,-34259.11,10.051904,-347.1584,3.8247347,34.358395, Local-gov, HS-grad, Divorced, Exec-managerial, Not-in-family, White, Male, United-States, <=50K
67.1567,78987.23,9.215525,974.91437,-8.436107,-3.2528784, Private, HS-grad, Widowed, Sales, Not-in-family, White, Female, United-States, <=50K
-5.2604833,313174.78,9.185343,2082.1223,-92.39272,-8.289225, State-gov, HS-grad, Married-civ-spouse, Transport-moving, Own-child, White, Male, United-States, <=50K
42.213177,-96135.55,8.125168,-401.54596,-49.93275,49.985588, Private, HS-grad, Never-married, Farming-fishing, Other-relative, White, Female, United-States, <=50K
5.993736,108451.85,10.3215275,2568.433,-22.257257,82.00928, Private, HS-grad, Married-civ-spouse, Farming-fishing, Husband, White, Male, United-States, >50K
27.743643,251218.83,8.857961,346.12158,12.709149,15.384373, Private, HS-grad, Married-civ-spouse, Tech-support, Wife, White, Female, United-States, <=50K
61.659595,48226.64,10.044714,-241.49237,-44.06976,78.02081, Self-emp-inc, HS-grad, Never-married, Exec-managerial, Husband, White, Male, United-States, <=50K
78.87404,587723.44,12.622079,278.14722,-56.94691,-0.4950086, Private, Masters, Married-civ-spouse, Sales, Husband, White, Male, United-States, <=50K
-6.8831334,793216.9,9.904043,-188.10004,-12.2964735,75.92111, Private, Assoc-voc, Divorced, Machine-op-inspct, Not-in-family, White, Male, United-States, <=50K
17.565325,174754.06,8.646617,-803.91986,-70.80961,18.69087, Private, HS-grad, Never-married, Prof-specialty, Not-in-family, White, Female, United-States, <=50K
16.614466,65422.086,10.472351,-687.75616,15.22907,20.87376, Private, Some-college, Never-married, Sales, Not-in-family, White, Male, United-States, >50K
25.537947,369976.66,11.851826,2904.2844,-23.392923,88.92956, Private, Assoc-acdm, Never-married, Transport-moving, Own-child, White, Female, United-States, <=50K
5.563106,435149.47,10.114997,481.99353,9.581906,18.34997, Private, Some-college, Never-married, Craft-repair, Own-child, White, Female, United-States, <=50K
45.912693,358420.2,10.211218,1504.6666,-11.477252,4.838049, Private, Some-college, Married-civ-spouse, Machine-op-inspct, Husband, White, Male, United-States, <=50K
78.334435,301143.78,13.3861065,-481.972,-74.54771,38.710396, Private, Masters, Never-married, Sales, Not-in-family, White, Male, United-States, <=50K
-11.818322,-22227.688,9.575407,82.29418,-25.37285,81.07239, Private, HS-grad, Married-civ-spouse, Machine-op-inspct, Husband, White, Male, United-States, <=50K
74.09407,-6402.9995,10.589735,-1512.0151,-141.11264,142.23448, Private, Some-college, Married-civ-spouse, Other-service, Husband, White, Male, United-States, <=50K
97.41622,518990.6,11.13326,-1730.9329,8.108228,19.76388, Without-pay, HS-grad, Married-civ-spouse, Farming-fishing, Husband, White, Male, United-States, <=50K
85.721146,186704.9,12.836152,-279.3316,8.973134,69.947205, Local-gov, Some-college, Married-civ-spouse, Craft-repair, Husband, White, Male, United-States, <=50K
32.77895,157253.61,8.987068,230.245,-34.924557,23.297152, Self-emp-not-inc, HS-grad, Divorced, Adm-clerical, Not-in-family, White, Female, United-States, <=50K
22.522678,970369.44,10.430402,221.76562,-14.85776,53.1362, Private, Some-college, Married-civ-spouse, Farming-fishing, Husband, White, Male, United-States, <=50K
4.0325656,278114.56,9.3179655,1066.086,132.85223,-30.463575, Private, Some-college, Never-married, Adm-clerical, Not-in-family, White, Male, United-States, <=50K
61.1466,23004.969,12.51782,5223.805,-32.23084,70.51221, Private, Bachelors, Married-civ-spouse, Exec-managerial, Husband, White, Male, United-States, >50K
-1.6628271,465444.7,8.364606,2022.8693,136.52,73.359375, Private, HS-grad, Divorced, Adm-clerical, Other-relative, White, Female, United-States, <=50K
35.239723,-58054.625,-1.5287981,-66.66486,-68.20031,-34.828033, Private, 9th, Never-married, Other-service, Not-in-family, White, Female, United-States, <=50K
68.27894,972377.06,9.54046,15494.25,-92.417076,7.4387035, Private, HS-grad, Married-civ-spouse, Sales, Wife, White, Female, United-States, >50K
32.14012,-78272.86,9.550634,1296.2528,18.132719,31.729218, Private, HS-grad, Married-civ-spouse, Adm-clerical, Husband, White, Male, United-States, <=50K
6.3418574,89473.98,8.520083,-117.54121,-8.890742,25.345312, Private, HS-grad, Never-married, Adm-clerical, Not-in-family, White, Female, United-States, <=50K
-17.574078,310399.38,8.901045,785.0619,27.589266,15.950232, Private, HS-grad, Never-married, Adm-clerical, Not-in-family, White, Male, United-States, <=50K
28.32185,371986.6,9.408005,959.26294,0.8239337,-21.879904, Private, Some-college, Married-spouse-absent, Machine-op-inspct, Not-in-family, White, Male, United-States, <=50K
34.572784,444280.72,4.240285,17506.496,32.926556,115.05351, Federal-gov, 9th, Married-civ-spouse, Exec-managerial, Husband, White, Male, United-States, >50K
96.39778,139327.16,12.226201,12112.495,17.121572,-0.9224416, State-gov, Bachelors, Married-civ-spouse, Craft-repair, Husband, White, Male, United-States, >50K
65.082146,692060.2,8.883307,2152.5588,-21.522524,20.517086, Private, HS-grad, Married-civ-spouse, Adm-clerical, Wife, White, Female, United-States, <=50K
31.466755,717548.06,9.385164,591.147,-155.4498,-42.079903, Private, Some-college, Divorced, ?, Unmarried, White, Female, United-States, <=50K
99.92592,759935.6,4.432886,-344.27924,-195.45749,-7.062994, Federal-gov, HS-grad, Divorced, Adm-clerical, Own-child, White, Male, United-States, <=50K
48.14049,535633.3,12.346598,127.83227,-38.060024,30.935125, Private, Bachelors, Never-married, Transport-moving, Not-in-family, White, Male, United-States, <=50K
29.479904,-74904.86,11.152103,2424.7566,-66.47277,24.674664, Private, Some-college, Never-married, Transport-moving, Not-in-family, White, Female, United-States, <=50K
52.24525,53736.92,9.594624,-400.77216,-6.1951704,89.0232, Private, HS-grad, Married-civ-spouse, Craft-repair, Husband, White, Male, United-States, <=50K
90.2894,387414.47,12.604555,402.11066,-134.7387,-6.9451237, Private, Bachelors, Never-married, Adm-clerical, Not-in-family, White, Male, United-States, <=50K
19.30404,158911.97,9.611805,283.08972,-34.187794,12.178034, Private, Some-college, Divorced, Adm-clerical, Not-in-family, White, Female, United-States, <=50K
111.31427,549468.4,11.042771,-902.2734,9.113164,23.336618, Private, HS-grad, Married-civ-spouse, Craft-repair, Husband, White, Male, United-States, >50K
17.70945,271650.5,7.203061,-39.88837,-58.865414,15.681618, Private, 10th, Married-civ-spouse, Sales, Husband, White, Male, United-States, <=50K
125.422325,-544898.44,10.048996,-579.8592,-95.955025,53.77328, Private, HS-grad, Married-civ-spouse, Handlers-cleaners, Not-in-family, White, Male, United-States, >50K
32.314835,359251.3,15.819758,291.79596,-32.911602,23.963041, Private, Assoc-voc, Married-civ-spouse, Prof-specialty, Husband, White, Male, United-States, <=50K
66.48747,268369.88,9.793488,-493.41888,-15.292209,43.21134, Private, HS-grad, Married-civ-spouse, Exec-managerial, Husband, White, Male, United-States, >50K
91.4153,67706.08,10.6315565,-882.8155,-148.4169,-3.9602454, Private, HS-grad, Widowed, Prof-specialty, Not-in-family, White, Male, United-States, <=50K
49.362144,-72032.56,10.246531,-366.096,-32.732822,8.070082, Private, Some-college, Divorced, Exec-managerial, Unmarried, White, Female, United-States, <=50K
39.392975,-72741.484,9.110482,40.807735,53.798958,24.652565, Private, Some-college, Married-civ-spouse, Exec-managerial, Husband, White, Male, United-States, >50K
13.762435,206975.61,9.296643,12.275082,23.512293,54.02361, Private, HS-grad, Never-married, Exec-managerial, Own-child, White, Male, United-States, <=50K
18.566254,27958.89,9.202226,-99.50288,-9.756846,20.897596, Private, HS-grad, Divorced, Sales, Not-in-family, White, Female, United-States, <=50K
37.376003,344084.84,8.718892,-948.1862,-6.9746504,58.30842, Private, HS-grad, Married-civ-spouse, Handlers-cleaners, Husband, White, Male, United-States, <=50K
-9.843884,210297.67,14.323878,60.421383,-22.650225,43.98634, Private, Bachelors, Never-married, Protective-serv, Not-in-family, White, Male, United-States, <=50K
59.004044,439048.28,8.804042,-2393.803,853.9037,64.226295, Private, Some-college, Never-married, Tech-support, Own-child, White, Male, United-States, >50K
84.19923,394156.53,10.224651,-1646.6714,1035.7894,-45.253372, Private, Some-college, Divorced, Handlers-cleaners, Not-in-family, White, Female, United-States, <=50K
117.38562,346940.06,11.451627,-592.51886,-70.482735,4.0495853, Private, Bachelors, Separated, Protective-serv, Not-in-family, White, Male, United-States, <=50K
14.788363,7292.969,9.414756,1238.8741,87.46838,43.60132, Private, Some-college, Married-civ-spouse, Exec-managerial, Husband, White, Male, United-States, <=50K
62.00148,13094.048,8.902412,-1408.3655,26.490149,96.83154, Private, HS-grad, Married-civ-spouse, Transport-moving, Husband, White, Male, United-States, <=50K
18.36537,403279.44,8.949051,218.6399,-6.365329,48.923706, Private, HS-grad, Never-married, Protective-serv, Not-in-family, White, Male, United-States, <=50K
52.991905,585981.1,9.628341,257.9768,-23.355623,35.668594, Private, HS-grad, Married-civ-spouse, Craft-repair, Husband, White, Male, United-States, <=50K
87.766335,233287.36,8.912715,-1332.8862,-24.852686,-14.809122, Private, HS-grad, Never-married, Transport-moving, Own-child, White, Male, United-States, <=50K
100.87095,67753.484,10.8162775,48915.203,89.43652,135.20677, Self-emp-not-inc, Some-college, Married-civ-spouse, Exec-managerial, Husband, White, Male, United-States, >50K
58.61522,105892.766,11.664524,-397.24078,-11.440593,81.92523, Private, Bachelors, Married-civ-spouse, Prof-specialty, Husband, White, Male, United-States, >50K
66.422935,290652.2,7.8098054,-400.40167,6.9775896,-4.464739, Private, HS-grad, Widowed, Other-service, Wife, White, Female, United-States, <=50K
21.096008,371012.1,6.8997884,496.2397,-77.93661,46.980423, Local-gov, HS-grad, Divorced, Adm-clerical, Not-in-family, White, Male, United-States, <=50K
51.880634,1.0106205e+06,10.817755,871.443,1135.0912,37.465427, Private, Some-college, Never-married, Farming-fishing, Not-in-family, White, Male, United-States, <=50K
22.74027,-115490.39,9.431787,1984.1376,9.005467,65.25977, Private, HS-grad, Never-married, Exec-managerial, Not-in-family, White, Female, United-States, <=50K
24.712124,278670.1,10.425232,413.971,-3.128169,-24.822653, Self-emp-not-inc, Some-college, Married-civ-spouse, Adm-clerical, Husband, White, Male, United-States, >50K
-8.651624,195224.5,8.89316,540.9734,34.21854,16.43287, Private, Some-college, Never-married, Other-service, Own-child, White, Female, United-States, <=50K
23.30088,266066.16,11.826496,-551.91656,-76.56246,9.584091, Private, Bachelors, Never-married, Protective-serv, Own-child, White, Male, United-States, <=50K
32.09516,-173785.08,13.655684,18088.84,-19.596628,62.91915, Private, Bachelors, Married-civ-spouse, Exec-managerial, Husband, White, Male, United-States, <=50K
63.643124,299234.44,10.166403,14769.855,-40.578793,90.94265, ?, Some-college, Married-civ-spouse, ?, Husband, White, Male, United-States, >50K
13.600457,119282.13,9.940739,1781.8591,-40.470547,12.479788, Private, Some-college, Never-married, Exec-managerial, Own-child, White, Male, United-States, <=50K
-4.7312207,57970.36,9.774712,1912.3547,25.86875,58.76155, Private, HS-grad, Married-civ-spouse, Adm-clerical, Unmarried, White, Female, United-States, <=50K
27.062103,146777.02,11.526256,-536.40717,10.919309,45.695545, Private, Masters, Married-civ-spouse, Exec-managerial, Husband, White, Male, United-States, <=50K
92.00356,-227035.67,10.835601,-514.5312,-70.17751,45.552036, Self-emp-not-inc, Some-college, Never-married, Sales, Not-in-family, White, Male, United-States, <=50K
1.3696703,241497.5,11.602507,805.8818,-49.333187,44.775486, Private, Bachelors, Married-civ-spouse, Protective-serv, Wife, White, Female, United-States, <=50K
63.562675,-181558.92,9.313804,-147.15704,-30.419,24.980091, Private, HS-grad, Never-married, Tech-support, Not-in-family, White, Male, United-States, <=50K
46.894756,117167.4,10.109704,-1219.6953,-49.82713,77.599556, Self-emp-inc, HS-grad, Married-civ-spouse, Other-service, Husband, White, Male, United-States, <=50K
22.511856,422545.06,12.408297,-705.3472,13.918439,-28.83235, Private, Bachelors, Married-civ-spouse, Protective-serv, Husband, White, Male, United-States, >50K
48.20907,283764.72,10.989536,6938.805,-6.6107206,-33.576065, Local-gov, HS-grad, Married-civ-spouse, Prof-specialty, Husband, White, Male, United-States, >50K
16.007809,435896.5,8.751094,734.11316,-7.171199,4.3258953, State-gov, HS-grad, Married-civ-spouse, Sales, Husband, White, Male, United-States, <=50K
66.84673,-46814.594,10.550014,83.83935,-0.8370007,50.64164, Local-gov, HS-grad, Separated, Other-service, Not-in-family, White, Female, United-States, >50K
33.645714,177581.3,10.179412,5102.85,-73.217,14.55879, ?, Assoc-acdm, Married-civ-spouse, ?, Husband, White, Female, United-States, <=50K
64.78712,-342081.2,9.407243,-75.197334,-2.1823454,22.336523, Self-emp-inc, HS-grad, Widowed, Exec-managerial, Not-in-family, White, Female, United-States, <=50K
53.986042,-163588.27,10.002894,-509.0296,-9.06055,32.36959, Private, Some-college, Married-civ-spouse, Tech-support, Husband, White, Male, United-States, >50K
65.19071,311556.3,8.717877,1279.8497,11.807126,55.45158, Private, HS-grad, Married-spouse-absent, Protective-serv, Not-in-family, White, Male, United-States, <=50K
13.3354025,46714.75,9.87114,656.3977,-34.75632,23.144547, Private, HS-grad, Married-civ-spouse, Sales, Husband, White, Male, United-States, <=50K
121.42395,196993.84,-10.392444,1828.1128,-29.073015,41.966125, Private, 9th, Married-civ-spouse, Handlers-cleaners, Own-child, White, Male, United-States, <=50K
29.02043,651175.7,12.042857,774.6792,-24.246477,76.81598, ?, Bachelors, Married-civ-spouse, ?, Husband, White, Male, United-States, <=50K
36.719135,161045.77,9.166017,-963.6829,24.667906,18.89737, Private, HS-grad, Separated, Craft-repair, Not-in-family, White, Female, United-States, <=50K
39.972996,1.2360852e+06,9.624619,3395.3728,-173.00943,-12.99468, Private, Some-college, Married-civ-spouse, Farming-fishing, Husband, White, Male, United-States, <=50K
81.40206,167956.88,16.502478,532.1887,1.0003635,52.882366, Private, Masters, Divorced, Adm-clerical, Not-in-family, White, Female, United-States, >50K
23.891806,84692.09,12.392368,271.4405,-45.20471,46.57983, Private, Some-college, Married-civ-spouse, Prof-specialty, Husband, White, Male, United-States, >50K
51.945187,30669.875,11.931329,2095.7085,-108.64539,-14.601141, Private, Assoc-acdm, Separated, Other-service, Not-in-family, White, Male, United-States, <=50K
37.490166,-63714.14,9.231103,-339.31525,-8.148601,44.944084, Private, HS-grad, Married-civ-spouse, Craft-repair, Husband, White, Male, United-States, <=50K
70.62736,112629.05,11.540796,-1050.8394,47.915325,37.673016, Private, HS-grad, Divorced, Exec-managerial, Own-child, White, Female, United-States, <=50K
14.551307,562568.44,6.2186,-1019.1086,-196.87357,34.407673, Federal-gov, 11th, Separated, Handlers-cleaners, Unmarried, White, Male, United-States, <=50K
20.1154,288749.1,9.680276,-1858.7437,-148.48062,124.28378, Self-emp-inc, Some-college, Married-civ-spouse, Handlers-cleaners, Husband, White, Male, United-States, <=50K
-24.327354,27395.406,10.50168,745.8282,6.268239,30.798779, Local-gov, Some-college, Never-married, Other-service, Not-in-family, White, Male, United-States, <=50K
37.8923,261508.95,10.916741,-1436.7861,-24.942888,57.493244, Local-gov, HS-grad, Married-civ-spouse, Other-service, Husband, White, Male, United-States, <=50K
66.702675,49812.125,12.684739,209.68176,-8.976977,38.92717, Private, Bachelors, Married-civ-spouse, Exec-managerial, Husband, White, Male, United-States, >50K
67.5003,253337.28,15.737414,2102.1138,-149.80919,57.65907, ?, Bachelors, Never-married, ?, Not-in-family, White, Male, United-States, >50K
43.33845,-35270.625,10.586399,-714.54987,-67.28867,42.06759, Self-emp-inc, Some-college, Never-married, Prof-specialty, Own-child, White, Female, United-States, >50K
-5.9057546,325556.3,10.46943,395.29193,-27.440744,36.78486, Local-gov, Some-college, Married-spouse-absent, Craft-repair, Unmarried, White, Female, United-States, <=50K
13.593768,234278.0,5.950384,-239.69598,49.277668,88.81814, Private, 9th, Never-married, Protective-serv, Husband, White, Male, United-States, <=50K
110.36985,134106.12,13.976656,-564.8786,45.186577,-19.631342, Private, Masters, Married-civ-spouse, Prof-specialty, Husband, White, Male, United-States, >50K
45.050797,350975.62,8.626449,-667.3681,16.737883,-12.089029, Private, HS-grad, Never-married, Craft-repair, Not-in-family, White, Male, United-States, <=50K
50.38056,-115077.516,13.060571,-1253.7117,-125.112175,27.424923, Private, Masters, Divorced, Other-service, Own-child, White, Female, United-States, <=50K
43.09133,153665.02,9.777816,936.3064,-31.221254,82.152855, Self-emp-not-inc, Some-college, Divorced, Sales, Not-in-family, White, Male, United-States, <=50K
1.2053331,448441.16,9.358842,2610.07,93.96573,84.05958, State-gov, HS-grad, Married-civ-spouse, Sales, Own-child, White, Male, United-States, <=50K
34.478283,-121368.8,9.6300125,-305.51337,-55.125484,55.987007, Private, HS-grad, Never-married, Adm-clerical, Not-in-family, White, Male, United-States, <=50K
24.230673,349670.22,9.508037,810.6628,-5.1200285,13.885468, Private, Some-college, Never-married, Other-service, Unmarried, White, Female, United-States, <=50K
22.259972,240563.48,9.64978,139.651,-7.5789595,77.832855, Private, HS-grad, Married-civ-spouse, Other-service, Husband, White, Male, United-States, <=50K
28.718794,-123557.95,6.552713,250.36426,-100.30779,-19.402987, Private, 9th, Widowed, Adm-clerical, Unmarried, White, Female, United-States, <=50K
33.82971,333378.1,10.080032,934.2908,38.148098,-23.793875, ?, Some-college, Never-married, ?, Other-relative, White, Female, United-States, <=50K
81.02039,84213.64,10.449121,-927.2934,-9.416667,44.793102, Private, Some-college, Never-married, Exec-managerial, Not-in-family, White, Male, United-States, <=50K
38.083134,797603.7,13.466752,-327.18622,-2.1486006,41.25405, Private, Masters, Widowed, Sales, Not-in-family, White, Male, United-States, >50K
80.023415,681226.1,14.559335,3733.745,26.549387,25.794294, Private, Masters, Married-civ-spouse, Other-service, Wife, White, Female, United-States, >50K
19.82065,383898.1,9.925807,-401.0622,7.437726,103.88778, State-gov, Some-college, Married-civ-spouse, Protective-serv, Husband, White, Male, United-States, <=50K
35.98867,210524.78,12.684642,1080.7185,-24.291636,54.525616, Private, Bachelors, Never-married, Tech-support, Not-in-family, White, Male, United-States, <=50K
54.062737,102521.6,9.196426,-1083.3223,-18.444513,17.096874, Private, HS-grad, Never-married, Other-service, Not-in-family, White, Female, United-States, <=50K
9.936803,-107904.516,9.09822,-702.22614,-11.304217,27.836296, Private, HS-grad, Never-married, Sales, Own-child, White, Male, United-States, <=50K
5.3645396,111153.17,9.608516,1702.3047,-21.4844,55.15116, Self-emp-not-inc, HS-grad, Married-civ-spouse, Craft-repair, Husband, White, Male, United-States, <=50K
84.849106,847896.6,8.944602,10567.926,-13.124469,67.771164, Private, HS-grad, Married-civ-spouse, Adm-clerical, Husband, White, Male, United-States, >50K
12.913573,438298.4,11.395345,-1476.751,39.51348,76.99396, Private, HS-grad, Never-married, Farming-fishing, Not-in-family, White, Female, United-States, <=50K
17.901724,902822.2,8.472908,730.84344,-24.626802,21.124537, Private, HS-grad, Married-civ-spouse, Adm-clerical, Husband, White, Male, United-States, <=50K
34.917656,-83551.984,9.040014,-887.60565,24.522352,6.22381, Private, Some-college, Widowed, Transport-moving, Unmarried, White, Female, United-States, <=50K
29.873514,486507.97,9.092413,-449.18658,-60.82124,19.240986, Private, HS-grad, Divorced, Handlers-cleaners, Not-in-family, White, Female, United-States, <=50K
14.196666,606895.56,8.706668,1531.5095,72.038666,4.467615, Private, HS-grad, Never-married, Farming-fishing, Other-relative, White, Female, United-States, <=50K
10.456063,-21377.734,12.069136,1414.8157,3958.8801,0.83582866, Private, Some-college, Never-married, Sales, Not-in-family, White, Female, United-States, <=50K
9.471215,528208.56,10.522333,-983.8674,2.9510012,-34.140778, Private, Bachelors, Married-civ-spouse, Handlers-cleaners, Wife, White, Female, United-States, <=50K
75.47265,671545.94,9.968115,-441.47003,-70.731285,34.058765, Private, Some-college, Never-married, Priv-house-serv, Own-child, White, Female, United-States, <=50K
62.7186,400635.97,15.282081,262.84747,587.2912,52.56314, Private, Assoc-acdm, Married-civ-spouse, Prof-specialty, Husband, White, Male, United-States, >50K
22.115421,-102012.67,9.937148,-435.63605,-27.040049,-1.5764066, Private, HS-grad, Never-married, Sales, Own-child, White, Female, United-States, <=50K
9.437295,133055.62,11.245229,307.4134,18.883924,27.786905, Private, Some-college, Never-married, Adm-clerical, Not-in-family, White, Female, United-States, <=50K
30.449583,161808.47,9.339526,329.06696,-11.33694,109.30817, Private, HS-grad, Married-civ-spouse, Farming-fishing, Husband, White, Male, United-States, <=50K
39.17018,-78912.64,10.050745,150.06036,-46.81599,60.35961, Private, Some-college, Married-civ-spouse, Craft-repair, Husband, White, Male, United-States, >50K
60.03471,1.0930919e+06,12.265692,535.45654,-96.88018,9.159271, Private, Masters, Married-civ-spouse, Sales, Husband, White, Female, United-States, <=50K
35.042603,802881.4,8.757969,3190.7747,53.771797,44.913624, Private, HS-grad, Married-spouse-absent, Other-service, Not-in-family, White, Female, United-States, <=50K
7.711345,-17667.297,8.841972,276.16327,22.614485,67.2553, Private, HS-grad, Married-civ-spouse, Exec-managerial, Wife, White, Female, United-States, <=50K
63.43111,-59465.594,9.566279,-1152.9822,-63.559322,9.556408, Private, Bachelors, Married-civ-spouse, Prof-specialty, Husband, White, Female, United-States, <=50K
58.158276,-171826.08,9.066867,-1479.7795,-16.166544,2.83296, Private, Some-college, Divorced, Other-service, Unmarried, White, Female, United-States, <=50K
43.21518,313757.1,8.788213,1066.8912,63.17021,39.516552, Private, HS-grad, Divorced, Protective-serv, Not-in-family, White, Male, United-States, <=50K
24.708923,89137.8,12.66736,-327.4389,8.076604,58.384365, ?, Bachelors, Never-married, ?, Own-child, White, Female, United-States, <=50K
47.986717,47470.17,9.20952,1740.5459,-4.3642225,68.0317, Self-emp-not-inc, HS-grad, Married-civ-spouse, Farming-fishing, Husband, White, Male, United-States, <=50K
15.847667,244842.27,10.958493,-24.417423,5.7066927,93.479, Private, Some-college, Never-married, Other-service, Not-in-family, White, Male, United-States, <=50K
16.234303,-58643.844,10.103668,958.97754,44.544594,38.31828, Private, HS-grad, Divorced, Protective-serv, Not-in-family, White, Male, United-States, <=50K
57.718082,611990.8,8.957318,-715.67535,13.212552,38.772877, Local-gov, HS-grad, Divorced, Adm-clerical, Husband, White, Male, United-States, <=50K
29.359398,38201.203,11.4955225,205.33234,16.095022,-19.662794, Private, Masters, Never-married, Other-service, Unmarried, White, Female, United-States, <=50K
94.594086,-96473.36,9.880341,-439.83148,-55.958797,40.504513, Private, Some-college, Widowed, Exec-managerial, Unmarried, White, Female, United-States, <=50K
78.66946,238771.23,9.963103,-1063.013,6.1355104,82.405174, Private, HS-grad, Never-married, Exec-managerial, Not-in-family, White, Female, United-States, <=50K
19.651558,59337.984,6.762362,-449.71527,-47.944668,21.360672, Private, 11th, Never-married, Prof-specialty, Not-in-family, White, Male, United-States, <=50K
43.197678,340542.44,8.551409,-661.80414,-40.417316,26.22956, Local-gov, HS-grad, Divorced, Transport-moving, Not-in-family, White, Female, United-States, <=50K
4.83287,-71627.16,10.773111,586.59784,51.97167,-14.515085, ?, Assoc-acdm, Never-married, ?, Not-in-family, White, Female, United-States, <=50K
40.810787,102984.26,12.016046,-959.1691,-55.918102,34.361187, Private, Bachelors, Married-civ-spouse, Sales, Husband, White, Male, United-States, <=50K
25.321102,264716.47,9.020494,481.14996,-10.403567,4.642065, Private, HS-grad, Never-married, Exec-managerial, Not-in-family, White, Female, United-States, <=50K
68.049614,87252.7,10.038987,-1068.0508,-15.751544,92.82525, Private, Some-college, Married-civ-spouse, Tech-support, Husband, White, Male, United-States, >50K
29.526882,969529.2,10.0750265,290.66522,-46.901745,20.33285, Private, HS-grad, Never-married, Sales, Own-child, White, Male, United-States, <=50K
65.97986,181906.88,8.890375,-24.293766,-9.49821,24.584354, Private, HS-grad, Never-married, Adm-clerical, Unmarried, White, Female, United-States, <=50K
32.523643,61818.71,9.854238,107.606316,2789.5906,96.055, Private, HS-grad, Divorced, Sales, Unmarried, White, Male, United-States, <=50K
18.440178,171426.17,11.231071,-684.03326,-22.602472,63.87684, Private, Bachelors, Married-civ-spouse, Exec-managerial, Husband, White, Male, United-States, <=50K
7.872129,193363.86,9.537904,-271.88873,27.793436,50.421448, Self-emp-not-inc, Some-college, Married-civ-spouse, Sales, Own-child, White, Female, United-States, <=50K
48.92795,-40679.86,9.1044235,-932.1136,-44.119,13.925743, ?, HS-grad, Never-married, ?, Own-child, White, Female, United-States, <=50K
14.173413,340702.28,10.873681,835.8339,-12.962993,80.71291, Private, HS-grad, Married-civ-spouse, Protective-serv, Husband, White, Male, United-States, <=50K
48.38022,200196.6,11.870257,-1552.2864,-6.6397886,16.99897, Private, Masters, Divorced, Craft-repair, Not-in-family, White, Male, United-States, <=50K
77.00736,-217517.52,11.529829,-1623.5198,41.617115,-10.118322, Private, Some-college, Never-married, Craft-repair, Not-in-family, White, Male, United-States, <=50K
104.24825,360734.5,9.428638,-1569.9812,-70.52152,10.570797, Private, HS-grad, Never-married, Protective-serv, Own-child, White, Male, United-States, <=50K
76.306496,76300.734,13.781536,490.84064,7.3078585,34.979946, Private, Bachelors, Married-civ-spouse, Exec-managerial, Husband, White, Male, United-States, >50K
63.56148,32205.875,8.8678255,-75.27143,-34.711903,73.69699, Private, 10th, Married-civ-spouse, Prof-specialty, Husband, White, Male, United-States, >50K
49.09239,-82700.45,9.215482,356.88354,-29.519808,79.1685, Private, HS-grad, Married-civ-spouse, Craft-repair, Husband, White, Male, United-States, <=50K
6.893327,470254.38,10.717542,1285.4198,-24.850473,30.887362, Private, Some-college, Never-married, Prof-specialty, Not-in-family, White, Male, United-States, <=50K
41.400265,916611.5,7.6188984,1048.1354,-18.038668,53.050106, Private, Some-college, Married-civ-spouse, Sales, Husband, White, Male, United-States, <=50K
138.74646,22825.984,12.690571,2043.1514,-52.26959,38.669563, ?, Bachelors, Married-civ-spouse, ?, Husband, White, Male, United-States, >50K
46.77023,-28455.922,10.205187,231.37494,-7.9067335,-13.784819, Private, Some-college, Never-married, Tech-support, Husband, White, Male, United-States, <=50K
71.64706,144377.14,9.612047,-399.06793,-39.958828,7.665003, Private, Some-college, Divorced, Adm-clerical, Unmarried, White, Male, United-States, <=50K
31.550766,585028.6,9.373344,-70.78889,-40.104465,46.234314, Private, HS-grad, Separated, Machine-op-inspct, Not-in-family, White, Male, United-States, <=50K
11.250867,-74148.3,9.139351,287.57465,-10.540225,45.93169, Private, HS-grad, Never-married, Other-service, Own-child, White, Female, United-States, <=50K
23.233717,27090.828,9.326974,-30.07465,18.00717,16.90303, Private, HS-grad, Never-married, Craft-repair, Not-in-family, White, Male, United-States, <=50K
47.3611,155341.03,9.372334,232.34216,-71.43325,98.14853, Private, HS-grad, Separated, Handlers-cleaners, Not-in-family, White, Male, United-States, <=50K
79.34787,-13931.28,9.378064,126.31927,-21.104609,-27.743093, Private, HS-grad, Never-married, Exec-managerial, Not-in-family, White, Female, United-States, <=50K
24.099703,-114647.516,9.666326,1277.9053,151.99367,-25.930532, Federal-gov, 11th, Never-married, Tech-support, Not-in-family, White, Female, United-States, <=50K
78.53888,8763.673,9.305342,-238.28094,-112.71604,66.00583, Self-emp-inc, HS-grad, Married-civ-spouse, Exec-managerial, Husband, White, Male, United-States, <=50K
62.744507,67052.1,8.733172,-14.629948,-42.308544,58.76166, Private, HS-grad, Divorced, Adm-clerical, Unmarried, White, Female, United-States, <=50K
15.170367,267040.44,12.748559,431.44598,-54.398678,-2.921057, Private, Bachelors, Never-married, Priv-house-serv, Not-in-family, White, Female, United-States, <=50K
-4.1849217,531358.2,10.270613,331.6333,25.295126,47.298267, Private, Bachelors, Never-married, Exec-managerial, Not-in-family, White, Male, United-States, <=50K
47.421856,143156.86,9.008893,84.85888,-2.67023,84.11695, Private, HS-grad, Married-civ-spouse, Other-service, Husband, White, Male, United-States, <=50K
28.408106,-118816.266,11.59966,584.9227,32.36124,24.849361, State-gov, Masters, Married-civ-spouse, Prof-specialty, Husband, White, Male, United-States, <=50K
16.671793,758060.6,9.298954,1306.2465,-138.2848,-14.408979, Private, Some-college, Married-civ-spouse, Sales, Husband, White, Male, United-States, <=50K
36.121037,523686.34,12.536983,155.67102,1.8412219,48.264633, Private, Bachelors, Married-civ-spouse, Machine-op-inspct, Husband, White, Male, United-States, <=50K
14.751441,218937.17,12.2632475,-25.112614,-5.2875013,73.75992, Private, HS-grad, Married-civ-spouse, Exec-managerial, Husband, White, Male, United-States, <=50K
107.24403,673177.0,13.409021,425.81323,-133.6936,2.4920022, Federal-gov, Bachelors, Divorced, Prof-specialty, Not-in-family, White, Female, United-States, <=50K
80.02603,150196.0,9.926379,1641.7462,9.5427065,54.028427, Private, HS-grad, Never-married, Adm-clerical, Not-in-family, White, Female, United-States, <=50K
96.732346,112833.55,11.877346,-393.4549,-85.693474,24.047668, Private, Bachelors, Married-civ-spouse, Other-service, Husband, White, Male, United-States, <=50K
86.9769,70248.68,9.450779,631.14,23.453585,-4.2725735, Private, HS-grad, Married-civ-spouse, Craft-repair, Husband, White, Male, United-States, <=50K
50.26821,495379.28,9.487605,-61.431583,103.28783,29.179102, Private, HS-grad, Married-civ-spouse, Machine-op-inspct, Husband, White, Male, United-States, <=50K
0.01005872,434494.75,10.044297,283.13263,76.46572,45.031277, Private, HS-grad, Married-civ-spouse, Craft-repair, Husband, White, Male, United-States, <=50K
8.561189,245161.58,7.8794866,-78.0019,92.79175,16.40398, Private, HS-grad, Married-civ-spouse, Handlers-cleaners, Own-child, White, Female, United-States, <=50K
28.559902,251573.39,5.142935,-109.4051,34.531548,54.877674, Private, 9th, Married-civ-spouse, Adm-clerical, Husband, White, Male, United-States, <=50K
60.197414,-79595.016,13.041069,-343.50958,-69.61671,97.94797, Self-emp-inc, Bachelors, Married-civ-spouse, Exec-managerial, Husband, White, Male, United-States, >50K
-4.9416165,365195.72,9.369201,1953.7384,2.2804155,5.567953, ?, Some-college, Never-married, ?, Own-child, White, Female, United-States, <=50K
7.820579,311061.1,9.085732,808.99835,-10.416636,39.98465, State-gov, HS-grad, Married-civ-spouse, Sales, Husband, White, Male, United-States, <=50K
57.16104,108705.234,12.840872,-595.1298,23.528536,40.701122, Private, Bachelors, Married-civ-spouse, Prof-specialty, Husband, White, Male, United-States, <=50K
47.732376,280903.84,10.977677,571.70325,37.582233,65.10169, Private, Assoc-voc, Married-civ-spouse, Prof-specialty, Wife, White, Female, United-States, >50K
68.812294,-90033.266,9.48625,-868.4711,-22.628984,17.711168, Self-emp-not-inc, HS-grad, Married-civ-spouse, Sales, Husband, White, Male, United-States, <=50K
6.3513637,303120.78,10.560773,-459.57965,20.433966,33.90445, Private, HS-grad, Married-civ-spouse, Sales, Husband, White, Male, United-States, <=50K
10.031806,1.082003e+06,8.506237,1057.6665,34.76676,63.064953, Self-emp-not-inc, 10th, Married-civ-spouse, Farming-fishing, Husband, White, Male, United-States, <=50K
21.927748,123784.34,8.738771,-102.641304,109.362656,56.51965, Private, HS-grad, Married-civ-spouse, Craft-repair, Husband, White, Male, United-States, <=50K
51.599556,118435.8,8.368885,-500.28143,-12.649112,38.48168, Federal-gov, HS-grad, Never-married, Other-service, Other-relative, White, Female, United-States, <=50K
16.153381,32582.11,4.3963323,-307.7564,229.1154,5.8040066, Private, 9th, Married-civ-spouse, Craft-repair, Husband, White, Male, United-States, <=50K
33.86948,612574.4,10.289277,3189.6704,-116.72265,-10.762445, Private, Assoc-voc, Married-civ-spouse, Prof-specialty, Husband, White, Male, United-States, <=50K
-1.1849295,277557.38,6.51397,1677.3889,-28.157114,16.52547, Private, 11th, Never-married, Handlers-cleaners, Own-child, White, Male, United-States, <=50K
46.789417,407714.78,9.348892,-363.6103,-34.288723,48.061012, ?, HS-grad, Never-married, ?, Own-child, White, Male, United-States, <=50K
71.9198,-97192.484,5.56913,367.53656,-41.52441,27.571749, Private, 10th, Married-civ-spouse, Craft-repair, Husband, White, Male, United-States, >50K
27.723715,94274.65,10.400734,-338.87872,9.354314,66.08925, Private, HS-grad, Never-married, Tech-support, Unmarried, White, Female, United-States, <=50K
9.511756,368364.1,12.159703,-922.41473,-1.6889294,57.11029, Private, Assoc-voc, Married-civ-spouse, Other-service, Husband, White, Male, United-States, <=50K
36.419197,233846.36,7.8455706,891.8291,-84.37093,22.774874, Private, HS-grad, Never-married, Handlers-cleaners, Other-relative, White, Female, United-States, <=50K
30.8503,455528.2,10.59183,-693.3741,-32.383244,49.7005, Private, Some-college, Divorced, Machine-op-inspct, Not-in-family, White, Female, United-States, <=50K
83.37647,396490.97,18.01065,25237.857,13.589528,35.23577, Self-emp-inc, Masters, Married-civ-spouse, Sales, Husband, White, Male, United-States, >50K
33.227104,-161675.92,9.11795,488.95953,9.602071,53.889324, Private, HS-grad, Never-married, Adm-clerical, Not-in-family, White, Male, United-States, <=50K
23.274334,396925.47,11.636306,-506.6303,-19.537622,53.732964, Private, Assoc-voc, Married-civ-spouse, Prof-specialty, Husband, White, Male, United-States, >50K
-0.48141542,50253.875,9.280843,1772.885,136.5238,-33.75489, Private, HS-grad, Never-married, Sales, Not-in-family, White, Male, United-States, <=50K
45.38084,171184.55,8.648804,334.11005,-25.263018,25.230091, Private, HS-grad, Never-married, Prof-specialty, Own-child, White, Female, United-States, <=50K
31.837399,476640.06,9.387515,-385.1286,12.573369,3.3180444, ?, HS-grad, Never-married, ?, Not-in-family, White, Male, United-States, <=50K
63.901188,170757.52,8.417381,-331.54034,4.344289,32.55062, Private, HS-grad, Married-civ-spouse, Craft-repair, Husband, White, Male, United-States, <=50K
40.748085,-242860.23,9.560745,-448.09662,-10.287517,21.892452, Private, HS-grad, Married-civ-spouse, Prof-specialty, Husband, White, Male, United-States, >50K
37.648224,56894.22,10.942063,757.30023,-4.5859632,99.50663, Private, Assoc-voc, Divorced, Protective-serv, Not-in-family, White, Female, United-States, <=50K
78.59357,-260004.61,10.522168,-819.2518,-114.962746,5.5992146, Self-emp-not-inc, HS-grad, Divorced, Farming-fishing, Unmarried, White, Female, United-States, >50K
7.9608264,314392.25,3.1427093,4738.2695,-24.18471,88.65754, Federal-gov, 9th, Married-civ-spouse, Farming-fishing, Husband, White, Male, United-States, <=50K
61.58352,653085.44,8.631274,-973.65936,2.3769274,51.719105, Private, HS-grad, Married-civ-spouse, Handlers-cleaners, Husband, White, Male, United-States, <=50K
32.638515,584739.75,8.34112,2284.5752,-58.519085,-6.6311283, Private, HS-grad, Never-married, Other-service, Other-relative, White, Female, United-States, <=50K
61.341286,952142.6,9.643691,258.22522,-18.11806,88.687294, Private, Some-college, Married-civ-spouse, Prof-specialty, Husband, White, Male, United-States, <=50K
80.63983,8782.001,9.256091,-1177.4932,-92.203545,89.90042, Private, Some-college, Married-civ-spouse, Farming-fishing, Husband, White, Male, United-States, <=50K
41.439064,203869.69,9.212198,227.453,0.7355548,70.04962, Private, HS-grad, Divorced, Protective-serv, Unmarried, White, Male, United-States, <=50K
67.103004,99557.336,8.769636,-400.2591,-35.920696,70.02527, Private, HS-grad, Separated, Sales, Unmarried, White, Female, United-States, <=50K
30.321033,9450.095,9.299799,-311.24567,-3.736186,49.731644, Private, HS-grad, Married-civ-spouse, Tech-support, Wife, White, Female, United-States, >50K
53.923138,888118.56,9.049199,399.73535,-58.496807,17.490532, Private, HS-grad, Separated, Tech-support, Not-in-family, White, Male, United-States, <=50K
110.63098,-36414.797,9.314001,-1204.8018,-73.32726,3.1557405, Private, Some-college, Married-civ-spouse, ?, Own-child, White, Male, United-States, <=50K
31.378736,408074.12,9.436649,142.0899,-15.792163,62.410023, Private, Some-college, Married-civ-spouse, Exec-managerial, Husband, White, Male, United-States, <=50K
12.5554,531837.06,11.218997,20986.219,58.766293,122.99171, Private, Some-college, Married-civ-spouse, Protective-serv, Husband, White, Male, United-States, >50K
14.960338,261439.4,9.547715,-179.33746,-1.9436597,-12.451586, ?, Some-college, Never-married, ?, Not-in-family, White, Male, United-States, <=50K
90.326805,55783.86,12.07224,40.601498,-106.61408,33.280758, Self-emp-not-inc, Masters, Married-civ-spouse, Farming-fishing, Husband, White, Male, United-States, <=50K
51.448887,125465.484,10.22111,1289.3743,8.265759,64.86192, Private, Some-college, Never-married, Sales, Own-child, White, Female, United-States, <=50K
31.23726,272310.8,12.373625,729.1534,-1.3613461,53.74081, Private, Some-college, Married-civ-spouse, Farming-fishing, Husband, White, Male, United-States, <=50K
35.011955,666091.2,8.609342,1539.1964,-34.505047,0.12112223, Private, HS-grad, Married-civ-spouse, Machine-op-inspct, Husband, White, Male, United-States, <=50K
47.782063,-27380.734,15.818225,9922.365,-5.3119154,107.772644, Private, Some-college, Married-civ-spouse, Other-service, Husband, White, Male, United-States, <=50K
33.17786,694451.2,9.894037,1206.0735,-41.209408,40.70077, Private, HS-grad, Never-married, Tech-support, Not-in-family, White, Male, United-States, >50K
39.669277,84711.555,13.574406,5901.53,-49.763073,53.98196, Private, Assoc-acdm, Married-civ-spouse, Craft-repair, Husband, White, Male, United-States, >50K
63.31908,-369760.5,10.304798,-788.1092,-30.270113,1.1016253, Private, Bachelors, Widowed, Other-service, Not-in-family, White, Female, United-States, <=50K
24.857052,305209.44,9.520361,-288.71344,-32.629467,-7.3183956, State-gov, HS-grad, Never-married, Adm-clerical, Own-child, White, Male, United-States, <=50K
21.80196,698217.6,9.7023535,-542.77875,2094.364,37.576057, Private, HS-grad, Never-married, Tech-support, Other-relative, White, Male, United-States, <=50K
44.611874,13606.001,10.3217,-261.26642,40.68108,22.890133, Private, HS-grad, Never-married, Sales, Not-in-family, White, Male, United-States, <=50K
20.74894,106951.57,12.666434,-385.08698,-39.675404,26.590189, Private, Bachelors, Married-civ-spouse, Sales, Husband, White, Male, United-States, <=50K
37.127533,104010.58,10.144763,-238.20905,-22.905268,68.729774, Private, Some-college, Married-civ-spouse, Sales, Husband, White, Male, United-States, >50K
72.677765,14825.626,11.097043,-591.5434,-32.29112,67.487946, Self-emp-not-inc, HS-grad, Divorced, Adm-clerical, Not-in-family, White, Male, United-States, <=50K
-9.464456,600920.06,10.218277,793.60126,65.76549,21.41274, Private, HS-grad, Married-civ-spouse, Sales, Wife, White, Female, United-States, <=50K
90.23364,119324.61,10.857814,-1868.8376,-40.792416,-25.778913, Private, Assoc-voc, Never-married, Adm-clerical, Not-in-family, White, Male, United-States, <=50K
40.579845,693675.25,11.679778,4663.2764,-134.56012,-20.360773, State-gov, HS-grad, Never-married, Protective-serv, Not-in-family, White, Female, United-States, <=50K
62.47563,61393.85,9.08117,-609.6364,-40.132183,73.46942, Private, HS-grad, Married-civ-spouse, Transport-moving, Husband, White, Male, United-States, <=50K
-0.043408077,136474.16,7.4505863,-735.4631,-45.954494,-6.998724, Self-emp-not-inc, Some-college, Separated, ?, Wife, White, Female, United-States, <=50K
20.796162,302030.75,14.085347,-767.9908,42.07104,43.948967, Local-gov, Masters, Divorced, Handlers-cleaners, Unmarried, White, Female, United-States, >50K
88.52464,852454.0,10.871665,1581.3004,-157.72449,-11.224859, ?, HS-grad, Married-civ-spouse, ?, Husband, White, Male, United-States, <=50K
48.882668,-35735.094,14.323811,-301.65594,19.30741,101.61179, Self-emp-not-inc, Masters, Married-civ-spouse, Exec-managerial, Husband, White, Male, United-States, <=50K
73.0187,-132307.58,10.392824,9052.697,-31.199228,69.34664, ?, HS-grad, Widowed, Exec-managerial, Not-in-family, White, Female, United-States, <=50K
35.52335,-196774.73,10.728815,-988.028,-10.3448515,26.783222, Private, Assoc-voc, Never-married, Adm-clerical, Unmarried, White, Female, United-States, <=50K
43.72437,176599.3,9.217517,-253.14447,-27.085276,146.56963, Private, HS-grad, Never-married, Protective-serv, Not-in-family, White, Male, United-States, <=50K
48.120857,176836.78,11.012497,-946.26886,-53.180676,2.8508127, Private, Bachelors, Never-married, Prof-specialty, Own-child, White, Male, United-States, <=50K
30.475798,-190667.92,10.61701,-1397.6353,414.7546,11.376694, Private, HS-grad, Married-civ-spouse, Sales, Husband, White, Male, United-States, <=50K
26.85223,515821.4,15.786144,-1303.0837,-57.523678,56.937195, Federal-gov, Assoc-acdm, Married-civ-spouse, Prof-specialty, Husband, White, Male, United-States, >50K
42.879276,400373.8,13.143288,36.746944,23.071646,45.01945, Private, Bachelors, Married-spouse-absent, Farming-fishing, Not-in-family, White, Male, United-States, >50K
41.17616,-14234.593,8.651584,-1410.1641,-127.266426,99.333084, Private, HS-grad, Divorced, Handlers-cleaners, Not-in-family, White, Male, United-States, <=50K
51.449837,314607.56,5.982567,2309.8652,9.732236,41.395584, Self-emp-inc, 9th, Married-civ-spouse, Other-service, Husband, White, Male, United-States, <=50K
49.323414,517496.03,10.341746,248.02472,8.346791,93.822426, Private, HS-grad, Never-married, Sales, Not-in-family, White, Male, United-States, <=50K
77.22512,261370.73,8.229543,-1476.8071,-27.945131,58.016453, Local-gov, Some-college, Married-civ-spouse, Handlers-cleaners, Husband, White, Male, United-States, <=50K
79.52183,-41443.203,9.343343,-151.91791,-67.463036,29.751204, Self-emp-not-inc, HS-grad, Married-civ-spouse, Tech-support, Husband, White, Male, United-States, <=50K
24.396297,144942.62,11.805021,142.60162,-44.263012,87.52847, Private, Some-college, Never-married, Adm-clerical, Not-in-family, White, Male, United-States, <=50K
43.715435,103418.086,9.08927,3306.962,37.045437,7.6248875, Local-gov, HS-grad, Never-married, Handlers-cleaners, Not-in-family, White, Female, United-States, <=50K
-10.552873,452504.53,8.883685,575.99756,-3.8091764,50.96598, Private, HS-grad, Married-civ-spouse, Protective-serv, Not-in-family, White, Male, United-States, <=50K
41.539375,2185.5945,8.449526,-1489.2754,49.697014,-17.382238, Private, 12th, Married-civ-spouse, Transport-moving, Wife, White, Male, United-States, <=50K
24.150007,-16254.812,9.151063,-757.60443,-25.63634,19.967266, Private, HS-grad, Never-married, Priv-house-serv, Not-in-family, White, Female, United-States, <=50K
103.14208,125565.35,11.134448,-452.78558,-52.432995,24.029785, Private, HS-grad, Married-civ-spouse, Prof-specialty, Husband, White, Male, United-States, >50K
95.989174,17719.64,10.517126,-873.3433,-118.771,38.052105, Private, HS-grad, Never-married, Sales, Not-in-family, White, Male, United-States, <=50K
30.711855,-71463.14,11.02106,-1040.1304,90.25262,24.173641, Self-emp-not-inc, Some-college, Never-married, Sales, Not-in-family, White, Male, United-States, <=50K
6.806844,-51721.344,10.172799,451.22437,72.99678,46.092426, Private, Bachelors, Married-civ-spouse, Other-service, Husband, White, Male, United-States, <=50K
47.74513,903327.06,4.546467,2179.925,-12.443233,19.688562, Private, 9th, Married-civ-spouse, Other-service, Husband, White, Male, United-States, <=50K
-6.14848,89603.17,10.647592,-13.65131,0.041180715,83.32327, Private, HS-grad, Never-married, Protective-serv, Not-in-family, White, Male, United-States, <=50K
18.646255,34635.594,11.017909,-92.158394,-0.38920867,52.3337, Private, Assoc-voc, Never-married, Tech-support, Husband, White, Male, United-States, <=50K
76.018814,105430.71,9.167497,-486.30365,7.512601,13.064764, Private, HS-grad, Never-married, Tech-support, Not-in-family, White, Male, United-States, <=50K
7.5636764,178010.36,9.890689,1998.8922,32.533825,62.199936, Private, HS-grad, Married-civ-spouse, Adm-clerical, Wife, White, Female, United-States, <=50K
22.19407,247730.27,9.326545,-354.28143,5.6379976,60.255165, Self-emp-inc, HS-grad, Married-civ-spouse, Sales, Husband, White, Male, United-States, <=50K
45.53844,689675.0,8.971597,1169.6852,-14.870349,84.22792, Private, HS-grad, Married-civ-spouse, Prof-specialty, Husband, White, Male, United-States, <=50K
25.736027,17680.406,8.213068,-144.80573,-39.40495,40.92911, Private, 9th, Married-civ-spouse, Sales, Husband, White, Male, United-States, <=50K
29.54763,85333.65,10.035937,-254.1087,1786.7438,27.549198, Private, Some-college, Married-civ-spouse, Craft-repair, Husband, White, Female, United-States, <=50K
17.399065,167339.66,14.084013,-335.0313,279.09015,50.931053, Private, Bachelors, Never-married, Exec-managerial, Own-child, White, Male, United-States, >50K
21.789328,-31865.61,12.910187,65.06469,-36.88431,69.189545, Private, Bachelors, Never-married, Exec-managerial, Not-in-family, White, Female, United-States, <=50K
8.628184,37291.188,9.513017,-148.95831,-45.692196,54.32343, Private, Some-college, Married-civ-spouse, Adm-clerical, Wife, White, Female, United-States, <=50K
29.350384,8712.595,10.599111,-391.21344,50.846706,61.2088, Private, HS-grad, Married-civ-spouse, Exec-managerial, Husband, White, Male, United-States, >50K
36.81312,76784.086,7.6070385,1263.7667,-23.679255,43.428036, Private, HS-grad, Separated, Other-service, Unmarried, White, Female, United-States, <=50K
36.88676,1.4618388e+06,10.110745,-313.85626,-170.534,10.384478, Private, HS-grad, Married-civ-spouse, Exec-managerial, Husband, White, Male, United-States, <=50K
85.15584,-407476.2,14.480951,2699.186,-31.770884,-23.436922, State-gov, Masters, Widowed, ?, Unmarried, White, Female, United-States, <=50K
13.746459,-29077.156,9.048222,279.65503,-14.485118,86.49863, Private, HS-grad, Married-civ-spouse, Transport-moving, Wife, White, Male, United-States, <=50K
54.45412,241798.72,10.240942,4399.897,-3.4650145,48.517593, Private, Some-college, Married-civ-spouse, Sales, Husband, White, Female, United-States, <=50K
65.78751,-222010.02,9.82539,526.55383,-24.925547,52.012493, Private, Some-college, Married-spouse-absent, Sales, Unmarried, White, Female, United-States, <=50K
37.76793,110246.51,15.659609,2450.783,1141.6984,-23.129385, Private, Masters, Married-civ-spouse, Prof-specialty, Wife, White, Female, United-States, >50K
14.80618,130453.06,12.702327,1120.0227,-29.537783,4.479353, Private, Bachelors, Married-civ-spouse, Sales, Husband, White, Male, United-States, <=50K
59.385002,128084.88,12.003008,-547.366,71.06629,-31.156576, Private, Masters, Divorced, Other-service, Not-in-family, White, Female, United-States, <=50K
49.29249,171951.5,10.603335,621.2509,31.475134,0.10784709, Private, Assoc-voc, Married-civ-spouse, Adm-clerical, Husband, White, Male, United-States, <=50K
46.89627,505133.75,7.452389,355.77643,29.97302,57.061146, Private, HS-grad, Never-married, Craft-repair, Not-in-family, White, Female, United-States, <=50K
16.266537,353949.78,10.04357,1227.0546,-17.070696,44.551197, Private, Some-college, Never-married, Craft-repair, Own-child, White, Male, United-States, <=50K
22.26285,-25970.281,14.37866,783.79877,283.5679,29.239628, Private, Bachelors, Never-married, Adm-clerical, Not-in-family, White, Female, United-States, <=50K
27.697563,-27824.86,10.386255,4800.9893,-17.444841,34.115917, Private, HS-grad, Married-civ-spouse, Prof-specialty, Husband, White, Male, United-States, <=50K
58.94596,761929.06,8.86389,-300.0412,62.33746,83.94005, Private, HS-grad, Married-civ-spouse, Exec-managerial, Husband, White, Male, United-States, <=50K
96.415886,144821.78,9.630526,344.97144,-10.863009,27.629932, Private, HS-grad, Never-married, Tech-support, Not-in-family, White, Male, United-States, <=50K
1.223678,237295.5,9.38907,-82.502266,-53.14944,56.897236, Private, HS-grad, Separated, Sales, Wife, White, Female, United-States, <=50K
133.92482,79514.06,10.162834,-74.72773,-71.50063,49.515728, Private, HS-grad, Divorced, Adm-clerical, Not-in-family, White, Female, United-States, <=50K
5.99068,75755.29,4.1001377,-133.82977,40.282043,60.18435, Private, 9th, Married-civ-spouse, Craft-repair, Husband, White, Male, United-States, <=50K
35.015533,254273.58,9.317743,-753.6684,-45.705166,33.01739, State-gov, Bachelors, Married-civ-spouse, Prof-specialty, Husband, White, Male, United-States, <=50K
43.525234,-109906.45,9.833289,446.80664,-3.9330244,26.663195, Private, Some-college, Never-married, Sales, Not-in-family, White, Female, United-States, <=50K
16.129349,207055.14,8.973498,-252.74982,30.441088,92.4892, Private, HS-grad, Married-civ-spouse, Machine-op-inspct, Husband, White, Male, United-States, >50K
100.00102,267562.97,9.129587,20.784481,-92.00771,-3.0624144, Private, HS-grad, Never-married, Adm-clerical, Not-in-family, White, Female, United-States, <=50K
72.97872,647610.44,8.919527,55.803463,-22.468546,38.860874, Private, HS-grad, Married-civ-spouse, Craft-repair, Husband, White, Male, United-States, <=50K
64.96247,4777.344,13.377859,6321.3716,-27.243517,28.039448, Private, Masters, Married-civ-spouse, Exec-managerial, Husband, White, Male, United-States, >50K
16.22303,724231.6,8.436866,8252.183,-98.20525,11.132534, Local-gov, HS-grad, Married-civ-spouse, Protective-serv, Husband, White, Male, United-States, <=50K
10.020034,970017.7,13.606414,-177.49701,-12.590632,31.542198, Self-emp-not-inc, Masters, Never-married, Adm-clerical, Not-in-family, White, Male, United-States, <=50K
48.349083,394946.8,3.5441494,1902.9121,239.31868,26.032578, Self-emp-not-inc, 9th, Divorced, Machine-op-inspct, Not-in-family, White, Male, United-States, <=50K
63.976383,111087.65,9.108841,43.89477,-57.255917,-19.554403, Private, HS-grad, Never-married, Other-service, Own-child, White, Female, United-States, <=50K
102.41768,370110.56,9.786823,1591.8528,-158.52795,-25.242147, ?, HS-grad, Divorced, ?, Not-in-family, White, Female, United-States, <=50K
97.94056,196038.66,9.052598,-552.9178,-52.390392,32.807808, Private, HS-grad, Married-civ-spouse, Adm-clerical, Husband, White, Male, United-States, <=50K
86.69512,570217.0,8.215685,929.3243,-73.95188,11.5880375, Private, HS-grad, Divorced, Transport-moving, Own-child, White, Male, United-States, <=50K
45.023758,50590.0,10.511461,-700.8632,-51.61453,85.30409, Self-emp-not-inc, Some-college, Widowed, Exec-managerial, Wife, White, Female, United-States, >50K
33.322235,191842.9,9.987363,-117.34345,-15.771457,55.79505, Private, 10th, Married-civ-spouse, Exec-managerial, Husband, White, Male, United-States, <=50K
8.40146,-207421.11,9.598982,1080.4587,34.1822,-20.701777, Private, HS-grad, Never-married, Craft-repair, Unmarried, White, Male, United-States, <=50K
44.754642,709356.1,10.794701,31.835262,15.048505,49.069736, Private, HS-grad, Never-married, Other-service, Own-child, White, Female, United-States, <=50K
0.7787927,348998.75,9.776005,321.9386,101.6836,35.699604, Private, Some-college, Never-married, Sales, Own-child, White, Male, United-States, <=50K
56.47074,231457.44,12.268813,-628.2314,-13.504725,21.493032, State-gov, Some-college, Never-married, Prof-specialty, Not-in-family, White, Female, United-States, <=50K
104.412025,253885.22,8.743408,-1751.1836,-93.832405,86.89064, Private, HS-grad, Married-civ-spouse, Handlers-cleaners, Husband, White, Male, United-States, <=50K
7.3208385,1.4005261e+06,12.652702,192.32452,-40.152073,80.57881, Private, Assoc-voc, Married-civ-spouse, Protective-serv, Husband, White, Male, United-States, >50K
21.308342,167448.92,9.530693,473.03052,-46.76019,62.627747, Private, HS-grad, Married-civ-spouse, Other-service, Husband, White, Male, United-States, <=50K
49.182465,383590.47,9.139982,1788.3058,31.896582,57.793304, Private, HS-grad, Never-married, Adm-clerical, Own-child, White, Female, United-States, <=50K
95.08166,88083.4,11.557218,-19.815372,-1.3518704,71.67154, Private, Some-college, Divorced, Adm-clerical, Not-in-family, White, Female, United-States, <=50K
51.935513,-187126.92,11.576921,10877.508,58.295822,-28.800993, Private, Assoc-acdm, Married-civ-spouse, Adm-clerical, Not-in-family, White, Female, United-States, >50K
49.757103,714160.56,8.755591,1468.967,-82.2783,14.288723, Private, HS-grad, Married-civ-spouse, Machine-op-inspct, Husband, White, Female, United-States, <=50K
77.383125,-164626.73,9.7188,-160.14581,-38.40153,34.74233, Local-gov, HS-grad, Widowed, Exec-managerial, Not-in-family, White, Male, United-States, <=50K
30.635645,652302.7,9.206976,-215.65717,1.7162372,70.54771, Private, HS-grad, Married-civ-spouse, Sales, Husband, White, Male, United-States, <=50K
19.901789,21934.516,8.8921175,272.0077,22.169691,59.99914, Private, HS-grad, Married-civ-spouse, Sales, Husband, White, Male, United-States, <=50K
19.31135,281652.53,9.13367,42.98846,-4.5028486,60.24442, Private, HS-grad, Never-married, Sales, Own-child, White, Female, United-States, <=50K
94.7709,1.3054628e+06,9.385497,5714.6494,-144.86331,60.13453, ?, HS-grad, Separated, ?, Not-in-family, White, Female, United-States, >50K
12.160787,219634.28,8.591612,-446.51715,-27.045115,61.52857, Private, HS-grad, Married-civ-spouse, Adm-clerical, Husband, White, Male, United-States, <=50K
50.687824,89675.82,9.319694,816.9064,12.88152,67.164, Private, HS-grad, Married-civ-spouse, Transport-moving, Husband, White, Male, United-States, <=50K
77.76936,255026.72,14.509604,311.72882,-179.66519,-24.421911, Private, Bachelors, Married-spouse-absent, Sales, Not-in-family, White, Female, United-States, <=50K
21.204458,492155.4,9.000782,141.97803,-45.11276,28.091438, Private, HS-grad, Married-civ-spouse, Sales, Husband, White, Male, United-States, >50K
-0.65837926,836587.56,12.098525,-658.1873,-20.310831,11.842119, Private, HS-grad, Married-civ-spouse, Other-service, Husband, White, Male, United-States, >50K
62.732986,157171.94,10.05883,-133.18146,-3.9057112,16.401476, Private, Some-college, Never-married, Transport-moving, Own-child, White, Male, United-States, <=50K
42.88086,349764.75,19.688028,7620.7173,48.176533,85.96485, State-gov, Masters, Married-civ-spouse, Prof-specialty, Husband, White, Male, United-States, >50K
-12.153123,895244.75,6.9300523,2222.9675,-115.90731,-2.1647246, Private, HS-grad, Married-civ-spouse, Adm-clerical, Own-child, White, Male, United-States, <=50K
25.114656,407269.75,9.347899,-129.34552,26.237322,14.851721, Private, HS-grad, Divorced, Sales, Not-in-family, White, Male, United-States, <=50K
81.81033,466157.4,9.113104,-68.17072,-1.0583829,50.001102, Federal-gov, HS-grad, Never-married, Machine-op-inspct, Not-in-family, White, Female, United-States, <=50K
50.039696,89781.26,10.073514,935.63696,103.625145,-91.28864, Private, HS-grad, Married-civ-spouse, Farming-fishing, Not-in-family, White, Male, United-States, <=50K
23.41741,230243.67,9.240872,-649.731,46.258522,-30.065817, Self-emp-inc, Some-college, Never-married, Adm-clerical, Own-child, White, Male, United-States, >50K
3.7486947,505030.53,16.482206,658.4156,-75.69373,43.869003, Private, Assoc-acdm, Never-married, Prof-specialty, Own-child, White, Female, United-States, <=50K
