39, 77516, 13, 2174, 0, 40, State-gov, Bachelors, Never-married, Adm-clerical, Not-in-family, White, Male, United-States, <=50K
65.32026,304230.22,15.078195,-557.8321,-0.24879731,9.861696, Private, Bachelors, Widowed, ?, Not-in-family, White, Female, United-States, <=50K
31.68895,214657.6,8.772593,-684.63715,-40.831936,46.535732, Private, HS-grad, Never-married, Sales, Other-relative, White, Female, United-States, <=50K
55.576233,201386.05,8.793992,8700.705,25.034788,39.729214, Private, HS-grad, Married-civ-spouse, Exec-managerial, Husband, White, Male, United-States, >50K
16.328184,160912.06,7.1618896,271.89557,-35.99075,35.92447, ?, Some-college, Never-married, ?, Own-child, White, Female, United-States, <=50K
33.695255,180302.58,8.508795,-546.04755,16.497442,40.264866, Private, HS-grad, Divorced, Exec-managerial, Unmarried, White, Female, United-States, <=50K
33.87271,40265.53,9.521135,-541.2475,9.86839,42.78798, Private, Some-college, Divorced, Other-service, Not-in-family, White, Female, United-States, <=50K
36.806618,56254.72,9.411913,-1734.7769,-59.3549,30.706226, Private, HS-grad, Divorced, Sales, Own-child, White, Female, United-States, <=50K
63.939938,368732.28,14.2781,65.52166,25.787012,42.843224, Private, Bachelors, Married-civ-spouse, Prof-specialty, Husband, White, Male, United-States, >50K
25.892735,84271.01,8.23533,-497.34784,17.319098,36.73468, Private, HS-grad, Married-civ-spouse, Craft-repair, Husband, White, Male, United-States, <=50K
52.691048,168315.66,10.015378,-731.58307,46.121983,35.031853, Private, HS-grad, Married-civ-spouse, Machine-op-inspct, Husband, White, Male, United-States, >50K
31.192665,159692.06,12.389953,762.4474,-19.350763,39.329464, Private, Bachelors, Divorced, Prof-specialty, Wife, White, Female, United-States, >50K
60.362457,148064.61,6.2275577,-422.24847,-3.7983885,34.238632, Private, Some-college, Married-civ-spouse, Protective-serv, Husband, White, Male, United-States, >50K
39.522312,56768.453,7.0121565,-573.3857,-12.500819,40.523052, Private, Some-college, Divorced, Prof-specialty, Unmarried, White, Female, United-States, <=50K
31.374855,170122.67,10.119497,73.454094,-56.950603,31.374548, Private, Assoc-voc, Separated, Sales, Not-in-family, White, Female, United-States, <=50K
24.41351,94205.44,8.9986515,862.03644,33.138275,23.795132, ?, Some-college, Never-married, ?, Not-in-family, White, Female, United-States, <=50K
32.44645,145141.3,8.94877,275.3225,-26.851786,47.893444, Private, HS-grad, Never-married, Exec-managerial, Not-in-family, White, Male, United-States, <=50K
32.146187,214609.97,10.331705,-1198.4348,-5.065921,68.39741, Private, Assoc-voc, Married-civ-spouse, Exec-managerial, Wife, White, Female, United-States, >50K
23.433462,88075.62,9.553419,-795.8859,-14.680293,40.057655, Private, Some-college, Married-civ-spouse, Sales, Husband, White, Male, United-States, <=50K
24.688478,152148.5,9.44273,-977.51825,3.3525743,55.465405, Private, Some-college, Married-civ-spouse, Transport-moving, Husband, White, Male, United-States, >50K
32.551186,169242.47,8.312713,-334.52545,11.50295,37.553143, ?, HS-grad, Never-married, ?, Not-in-family, White, Male, United-States, <=50K
38.285694,351255.8,5.23896,-54.051212,-5.3289824,38.49319, Private, HS-grad, Married-civ-spouse, Craft-repair, Husband, White, Male, United-States, <=50K
16.917768,326667.75,8.779211,14.753963,18.027754,25.72416, Private, HS-grad, Never-married, Other-service, Own-child, White, Female, United-States, <=50K
27.037668,156426.56,8.980568,722.3301,-50.57548,35.884254, Private, HS-grad, Never-married, Tech-support, Not-in-family, White, Female, United-States, <=50K
59.58797,138738.67,10.7303095,-2022.5593,16.643972,55.454887, Private, Assoc-voc, Divorced, Other-service, Other-relative, White, Male, United-States, >50K
45.000595,180919.77,1.9800816,-208.08893,-40.442852,46.921787, Private, Some-college, Separated, Handlers-cleaners, Not-in-family, White, Male, United-States, <=50K
27.697523,219996.9,9.199162,-261.64154,-0.8462018,48.845257, Private, Some-college, Never-married, Protective-serv, Own-child, White, Male, United-States, <=50K
43.078594,111835.73,8.479104,3313.0789,10.809285,67.071846, Private, HS-grad, Divorced, Farming-fishing, Not-in-family, White, Male, United-States, <=50K
26.182457,185654.8,11.17682,-173.33942,1813.7599,38.750572, Private, Assoc-acdm, Married-civ-spouse, Exec-managerial, Wife, White, Female, United-States, >50K
25.1162,182243.02,9.018474,-303.87274,28.264048,29.395958, Private, HS-grad, Never-married, Exec-managerial, Unmarried, White, Female, United-States, <=50K
21.046604,198600.25,8.766387,-532.24274,-27.710459,36.04485, ?, Some-college, Never-married, ?, Own-child, White, Female, United-States, <=50K
26.72234,93841.04,8.812465,4246.774,-23.200953,35.528954, Private, HS-grad, Married-civ-spouse, Transport-moving, Husband, White, Male, United-States, <=50K
33.376488,69479.41,12.228061,-722.34576,-1.7124661,43.5036, Private, Bachelors, Separated, Exec-managerial, Husband, White, Male, United-States, <=50K
35.13494,166761.6,12.735734,-10.91254,2.9899416,41.658276, Private, Bachelors, Married-civ-spouse, Adm-clerical, Wife, White, Female, United-States, >50K
33.83187,394158.6,9.056801,104.42211,-21.211039,19.231358, Private, HS-grad, Never-married, Handlers-cleaners, Own-child, White, Male, United-States, <=50K
32.59991,128813.6,8.60177,3809.1704,-1.1683453,21.08901, Private, HS-grad, Married-civ-spouse, Other-service, Wife, White, Female, United-States, <=50K
35.502956,155458.11,12.759831,-943.3389,21.624434,42.630207, Private, Bachelors, Married-civ-spouse, Prof-specialty, Husband, White, Male, United-States, <=50K
38.03584,212779.31,13.007155,-495.7403,-26.514307,40.483315, Private, Bachelors, Never-married, Tech-support, Not-in-family, White, Female, United-States, <=50K
47.094624,149452.02,12.644593,-1210.5901,16.840147,42.812263, Private, Bachelors, Married-civ-spouse, Farming-fishing, Husband, White, Male, United-States, >50K
28.409004,130906.336,14.619556,513.56665,17.793043,21.740414, Private, Bachelors, Never-married, Prof-specialty, Unmarried, White, Male, United-States, <=50K
44.42101,303586.28,9.054748,99.66497,-12.793361,39.582436, Private, HS-grad, Never-married, Craft-repair, Not-in-family, White, Male, United-States, <=50K
38.29488,98488.74,9.290759,-1138.1082,44.088505,54.28051, Private, HS-grad, Divorced, Other-service, Unmarried, White, Male, United-States, <=50K
35.99644,191679.8,12.9686775,-311.33063,14.984555,40.881107, Private, Bachelors, Never-married, Exec-managerial, Not-in-family, White, Male, United-States, <=50K
37.20955,447864.3,8.854977,-546.35065,-2.2790937,42.12825, Private, Some-college, Married-civ-spouse, Exec-managerial, Husband, White, Male, United-States, <=50K
36.71311,168015.02,12.9087925,-396.90363,-1.0590695,42.214157, Private, Bachelors, Married-civ-spouse, Prof-specialty, Husband, White, Male, United-States, <=50K
46.41475,169734.77,9.25312,3885.9143,-15.06309,36.59525, Private, HS-grad, Never-married, Adm-clerical, Unmarried, White, Male, United-States, <=50K
24.839628,154748.3,9.447842,-234.10468,31.79817,38.478474, Private, Some-college, Married-civ-spouse, Exec-managerial, Husband, White, Male, United-States, <=50K
27.792023,283705.7,7.6498632,18505.123,-0.72529876,40.833103, Private, Some-college, Married-civ-spouse, Tech-support, Husband, White, Male, United-States, >50K
27.992905,86413.66,4.7542953,394.29895,17.726164,39.83271, ?, Some-college, Never-married, ?, Not-in-family, White, Male, United-States, <=50K
26.764454,154414.08,9.1665745,1339.4319,25.290888,24.322372, Private, HS-grad, Never-married, Craft-repair, Unmarried, White, Female, United-States, <=50K
46.624676,101160.695,10.827508,-1537.6052,-6.808734,47.47561, Private, Assoc-acdm, Married-civ-spouse, Other-service, Husband, White, Male, United-States, >50K
24.594269,113353.48,8.692435,-476.5157,-18.17586,29.889576, ?, HS-grad, Never-married, ?, Unmarried, White, Male, United-States, <=50K
24.343105,474038.1,12.467139,-219.80621,28.114641,36.73469, Private, Bachelors, Never-married, Adm-clerical, Unmarried, White, Female, United-States, <=50K
32.976513,259330.22,12.684336,-1844.885,-0.5259656,41.654068, Private, Bachelors, Married-civ-spouse, Adm-clerical, Wife, White, Female, United-States, <=50K
38.51138,72150.81,8.919195,-618.1556,-2.7399702,58.889725, Private, HS-grad, Married-civ-spouse, Exec-managerial, Husband, White, Male, United-States, <=50K
31.368238,141501.98,9.847346,-143.62799,29.797594,50.991997, Private, HS-grad, Married-civ-spouse, Sales, Husband, White, Male, United-States, >50K
64.53012,170369.56,9.820753,-1063.741,11.71346,42.386185, Private, Some-college, Married-civ-spouse, Exec-managerial, Husband, White, Male, United-States, >50K
20.618294,303182.3,8.857122,-246.98956,-22.900019,33.333935, Private, HS-grad, Never-married, Other-service, Own-child, White, Female, United-States, <=50K
61.834652,237378.17,8.973309,1205.3308,0.16190825,28.107817, Private, HS-grad, Divorced, Craft-repair, Not-in-family, White, Male, United-States, <=50K
29.98168,288712.72,8.555599,130.935,-31.976297,39.266544, Private, HS-grad, Divorced, Adm-clerical, Not-in-family, White, Female, United-States, <=50K
55.745228,20185.312,8.319638,-1695.2422,1935.9498,27.632677, Private, HS-grad, Divorced, Adm-clerical, Unmarried, White, Female, United-States, <=50K
39.70537,116796.28,9.053729,-228.22931,-15.434955,42.189816, Private, HS-grad, Married-civ-spouse, Craft-repair, Other-relative, White, Female, United-States, >50K
35.897427,141794.06,9.611687,113.56139,-15.786296,45.308033, Private, Some-college, Never-married, Sales, Not-in-family, White, Male, United-States, <=50K
24.588308,61137.047,9.040586,-270.05304,24.126036,54.930656, Private, Some-college, Divorced, Exec-managerial, Not-in-family, White, Male, United-States, <=50K
35.33928,224391.95,9.376249,530.4649,-6.509555,29.214987, Private, Some-college, Never-married, Other-service, Not-in-family, White, Female, United-States, <=50K
30.970905,200271.8,9.0219755,-511.59174,-3.1680174,39.851486, Private, HS-grad, Never-married, Craft-repair, Not-in-family, White, Male, United-States, <=50K
49.973667,239106.44,13.561286,25865.428,-30.20495,40.364292, Private, Bachelors, Married-civ-spouse, Exec-managerial, Husband, White, Male, United-States, >50K
22.566065,127274.695,7.868581,-227.79144,-4.596118,20.081587, Private, HS-grad, Never-married, Machine-op-inspct, Own-child, White, Female, United-States, <=50K
35.26972,49836.016,8.841466,-1217.9363,19.487555,40.913517, Private, HS-grad, Married-civ-spouse, Machine-op-inspct, Not-in-family, White, Male, United-States, <=50K
42.564693,145296.95,10.460467,-1240.0969,1124.7783,58.709034, Private, Assoc-voc, Married-civ-spouse, Prof-specialty, Husband, White, Male, United-States, >50K
56.166065,158861.19,9.405931,189.27106,20.460066,27.101677, Private, HS-grad, Married-civ-spouse, Craft-repair, Husband, White, Male, United-States, >50K
15.111392,365099.3,6.533163,-439.6916,20.606527,30.0124, Private, Some-college, Never-married, Craft-repair, Own-child, White, Male, United-States, <=50K
30.923592,132835.62,8.549651,-405.46234,33.59887,43.625557, Private, HS-grad, Married-civ-spouse, Machine-op-inspct, Husband, White, Male, United-States, <=50K
42.825115,190762.2,8.894066,-1311.6772,-16.36349,40.148514, Private, HS-grad, Married-civ-spouse, Craft-repair, Husband, White, Male, United-States, >50K
36.18993,78188.44,10.455191,1215.4171,-6.4065657,57.537014, Private, Assoc-acdm, Never-married, Protective-serv, Not-in-family, White, Male, United-States, >50K
36.898766,198916.69,8.963544,-77.15815,-11.685267,37.44897, Private, HS-grad, Married-civ-spouse, Craft-repair, Husband, White, Male, United-States, <=50K
27.412823,54536.203,4.732872,-2279.8645,28.588793,78.247116, Private, Some-college, Married-civ-spouse, Machine-op-inspct, Husband, White, Male, United-States, <=50K
24.89957,306097.9,4.585612,-182.2547,-19.214281,38.657856, Private, Some-college, Never-married, Transport-moving, Not-in-family, White, Male, United-States, <=50K
49.652817,322908.38,12.107587,306.29248,1437.966,45.287907, Private, Bachelors, Married-civ-spouse, Prof-specialty, Husband, White, Male, United-States, >50K
47.959522,197017.33,8.051019,-1224.4753,8.237218,33.725918, Private, HS-grad, Married-civ-spouse, Craft-repair, Husband, White, Male, United-States, <=50K
38.05383,256966.8,13.009385,-706.24725,-17.77785,49.746353, Private, Bachelors, Divorced, Protective-serv, Not-in-family, White, Male, United-States, <=50K
27.998583,215122.05,12.231033,405.41693,-1.8704938,38.166424, Private, Assoc-acdm, Never-married, Other-service, Not-in-family, White, Male, United-States, <=50K
37.75777,213317.02,9.918918,-380.35736,10.385579,41.596252, Private, Some-college, Married-civ-spouse, Protective-serv, Husband, White, Male, United-States, <=50K
31.786598,67031.484,9.890237,-515.2861,40.884262,38.893204, Private, HS-grad, Married-civ-spouse, Other-service, Husband, White, Male, United-States, <=50K
48.302895,368974.8,14.67722,9373.663,41.381596,71.843544, Private, Bachelors, Never-married, Farming-fishing, Not-in-family, White, Male, United-States, >50K
24.310863,131671.02,11.190584,-952.00714,14.489652,42.10715, Private, Assoc-voc, Married-civ-spouse, Craft-repair, Husband, White, Male, United-States, <=50K
53.96144,276416.1,11.794053,39.279964,18.733099,43.5352, Private, Bachelors, Married-civ-spouse, Exec-managerial, Husband, White, Male, United-States, >50K
34.197598,212371.3,9.2608,112.1347,-70.61689,31.194342, Private, HS-grad, Never-married, Prof-specialty, Not-in-family, White, Female, United-States, <=50K
31.257343,138187.47,13.050042,1735.9879,79.096695,59.64053, Private, Bachelors, Married-civ-spouse, Exec-managerial, Husband, White, Male, United-States, >50K
21.147932,277675.78,12.36822,-364.11285,-15.747996,39.62975, Private, Bachelors, Never-married, Adm-clerical, Not-in-family, White, Female, United-States, <=50K
86.245674,58058.67,8.891211,531.4691,-47.262127,44.613544, Private, HS-grad, Widowed, Machine-op-inspct, Not-in-family, White, Female, United-States, <=50K
42.73373,171280.88,9.041176,-500.51385,-41.185024,38.138836, Private, HS-grad, Never-married, Handlers-cleaners, Not-in-family, White, Female, United-States, <=50K
61.595394,95432.41,9.765033,-896.2348,5.249501,39.216454, Private, Some-college, Married-civ-spouse, Tech-support, Husband, White, Male, United-States, >50K
32.93791,96836.57,8.9492445,-94.93122,8.2042055,32.713696, Private, HS-grad, Never-married, Machine-op-inspct, Not-in-family, White, Female, United-States, <=50K
46.18182,388929.97,8.030756,-552.04156,18.16355,44.765106, Private, HS-grad, Married-civ-spouse, Craft-repair, Husband, White, Male, United-States, >50K
31.8695,205985.53,8.646131,-355.67523,4.704755,33.188156, ?, HS-grad, Never-married, ?, Other-relative, White, Male, United-States, <=50K
36.912823,69447.695,12.2953415,-1159.5103,-15.175006,60.554134, Private, Bachelors, Separated, Exec-managerial, Not-in-family, White, Male, United-States, <=50K
43.784584,29527.172,13.687358,720.31165,-22.966852,38.49463, Private, Bachelors, Never-married, Protective-serv, Not-in-family, White, Male, United-States, <=50K
28.77978,155661.2,8.9921055,30847.889,7.187688,42.225605, Private, HS-grad, Married-civ-spouse, Adm-clerical, Husband, White, Male, United-States, >50K
38.197075,177628.69,12.935091,-63.39362,31.925406,50.02759, Private, Bachelors, Married-civ-spouse, Exec-managerial, Husband, White, Male, United-States, <=50K
46.217358,114505.17,7.2283797,1191.1108,-41.22157,35.910484, Private, HS-grad, Never-married, Adm-clerical, Unmarried, White, Female, United-States, <=50K
61.6415,46484.875,8.695733,22.327084,48.93655,43.632885, Private, HS-grad, Divorced, Exec-managerial, Not-in-family, White, Male, United-States, <=50K
24.0341,360241.56,8.863645,22.704891,-1.437785,42.102737, Private, HS-grad, Never-married, Sales, Not-in-family, White, Male, United-States, <=50K
49.48715,60777.273,4.1157265,-731.26105,-36.745083,73.65939, Private, Some-college, Divorced, Other-service, Not-in-family, White, Male, United-States, <=50K
64.90424,202402.45,11.268183,-640.8509,-22.129175,41.20627, Private, Assoc-voc, Married-civ-spouse, Adm-clerical, Husband, White, Male, United-States, <=50K
35.190174,30863.36,8.52275,7004.2754,57.26678,55.592648, Private, HS-grad, Married-civ-spouse, Machine-op-inspct, Husband, White, Male, United-States, <=50K
27.081333,139818.2,6.9135356,-139.59589,1290.7778,29.69603, Private, Some-college, Never-married, Transport-moving, Own-child, White, Male, United-States, <=50K
47.7776,83934.164,8.742831,-20.363468,8.616437,39.990566, Private, HS-grad, Divorced, Craft-repair, Unmarried, White, Female, United-States, <=50K
41.78705,17888.438,8.842985,-949.85004,-6.7860746,46.805374, Private, HS-grad, Married-civ-spouse, Craft-repair, Husband, White, Male, United-States, >50K
47.296513,125374.71,12.526317,2324.685,-4.114154,48.361557, Private, Bachelors, Married-civ-spouse, Tech-support, Husband, White, Male, United-States, >50K
33.6895,119550.7,13.163961,-347.22137,8.217595,45.512543, Private, Bachelors, Married-civ-spouse, Prof-specialty, Husband, White, Male, United-States, <=50K
47.79679,158677.16,8.816196,-224.90643,-26.263575,56.822712, Private, HS-grad, Divorced, Craft-repair, Not-in-family, White, Male, United-States, <=50K
25.456766,151332.0,9.784597,-624.84064,-1.6671399,42.3709, Private, Some-college, Never-married, Transport-moving, Unmarried, White, Male, United-States, <=50K
32.1774,218072.9,13.881636,4964.26,-20.890024,42.36356, Private, Bachelors, Married-civ-spouse, Sales, Husband, White, Male, United-States, >50K
18.462233,387222.62,8.217745,121.85937,-13.195758,30.188766, Private, HS-grad, Never-married, Handlers-cleaners, Not-in-family, White, Male, United-States, <=50K
51.101147,112634.69,8.700297,-311.78156,20.862768,44.47202, Private, HS-grad, Married-civ-spouse, Other-service, Husband, White, Male, United-States, <=50K
28.238764,168170.81,11.081477,-279.4865,58.52615,46.09264, Private, Assoc-voc, Married-civ-spouse, Machine-op-inspct, Husband, White, Male, United-States, <=50K
27.31314,125445.43,13.292612,8415.043,37.267887,23.174553, Private, Bachelors, Married-civ-spouse, Craft-repair, Wife, White, Female, United-States, >50K
37.449684,238533.58,12.006604,-1320.3984,8.622388,57.10385, Private, Bachelors, Married-civ-spouse, Sales, Wife, White, Female, United-States, >50K
46.664185,322261.06,11.787288,-607.612,-11.864612,44.152172, Private, Bachelors, Divorced, Sales, Not-in-family, White, Female, United-States, <=50K
32.78303,379298.5,8.576296,593.2945,1.432172,40.515583, Private, HS-grad, Married-civ-spouse, Craft-repair, Husband, White, Male, United-States, <=50K
29.685326,110761.45,13.577857,-2.0423014,46.683956,21.9692, Private, Bachelors, Married-civ-spouse, Adm-clerical, Wife, White, Female, United-States, <=50K
30.779808,283108.3,9.749906,-922.86456,-28.21647,38.411148, Private, Some-college, Married-civ-spouse, Exec-managerial, Own-child, White, Male, United-States, <=50K
29.836002,287359.0,13.552037,-1130.4163,-19.700556,54.753006, Private, Bachelors, Never-married, Other-service, Not-in-family, White, Male, United-States, >50K
48.73899,192947.12,8.918894,-1233.8037,12.920331,42.720253, Private, HS-grad, Widowed, Craft-repair, Not-in-family, White, Male, United-States, <=50K
30.540417,199118.55,7.6450815,230.34064,-16.953989,38.14169, Private, HS-grad, Separated, Adm-clerical, Not-in-family, White, Male, United-States, <=50K
41.086708,329167.97,8.8710785,-80.139595,1.8800555,49.08088, Private, HS-grad, Married-civ-spouse, Craft-repair, Husband, White, Male, United-States, >50K
33.242256,177917.25,11.228705,-1132.679,-21.412691,43.593414, Private, Assoc-voc, Married-civ-spouse, Tech-support, Husband, White, Male, United-States, <=50K
43.67227,194223.17,8.862628,-567.5107,4.6544237,47.70855, Private, HS-grad, Divorced, Craft-repair, Not-in-family, White, Male, United-States, <=50K
27.150679,236797.6,8.858555,-515.7994,33.74693,34.242546, Private, HS-grad, Married-civ-spouse, Machine-op-inspct, Wife, White, Female, United-States, <=50K
35.007607,214302.94,9.943346,-811.1298,9.884244,38.773796, Private, Some-college, Married-civ-spouse, Machine-op-inspct, Wife, White, Female, United-States, <=50K
21.486568,299081.47,9.165175,1425.6757,11.83093,55.233932, Private, HS-grad, Never-married, Protective-serv, Not-in-family, White, Male, United-States, <=50K
27.52276,281915.47,10.072511,-118.82075,-44.459057,35.73797, Private, HS-grad, Married-civ-spouse, Sales, Other-relative, White, Female, United-States, <=50K
42.911957,385622.47,9.479537,233.88086,-3.018962,37.21508, Private, HS-grad, Divorced, Prof-specialty, Not-in-family, White, Female, United-States, <=50K
40.796276,146943.98,13.242987,-463.1839,54.99023,48.844, Private, Bachelors, Married-spouse-absent, Machine-op-inspct, Husband, White, Male, United-States, <=50K
37.83087,160416.25,8.611293,-1146.812,0.0643283,63.753925, Private, Some-college, Married-civ-spouse, Transport-moving, Husband, White, Male, United-States, <=50K
34.27749,278340.12,11.337645,-496.82635,16.403662,35.42429, Private, Assoc-voc, Never-married, Machine-op-inspct, Not-in-family, White, Male, United-States, <=50K
34.834087,233808.34,10.760457,-942.4206,-29.728617,41.37146, Private, Assoc-voc, Married-civ-spouse, Sales, Husband, White, Male, United-States, <=50K
43.594543,244637.02,9.003984,-1031.9121,0.2194873,29.565506, ?, HS-grad, Married-civ-spouse, ?, Other-relative, White, Female, United-States, <=50K
47.71126,299008.9,13.153546,-416.0362,17.453672,33.285347, Private, Bachelors, Married-civ-spouse, Craft-repair, Husband, White, Male, United-States, <=50K
31.350975,346622.1,5.0181923,78.57543,16.732641,35.264603, ?, Some-college, Never-married, ?, Unmarried, White, Female, United-States, <=50K
24.84925,327212.38,9.706165,181.09949,21.350859,43.34806, Private, Some-college, Separated, Adm-clerical, Not-in-family, White, Male, United-States, <=50K
43.899708,211460.69,10.2965975,-561.60297,-21.25493,53.949036, Private, HS-grad, Divorced, Adm-clerical, Not-in-family, White, Female, United-States, <=50K
35.296017,222955.67,13.467512,343.8941,38.951958,33.91128, Private, Bachelors, Married-civ-spouse, Prof-specialty, Husband, White, Male, United-States, >50K
44.663853,353043.22,3.4972339,-429.95355,14.531003,26.381401, Private, HS-grad, Married-spouse-absent, Sales, Not-in-family, White, Male, United-States, <=50K
17.775373,169498.48,12.076884,-628.8411,3.7479067,38.85978, Private, Bachelors, Never-married, Adm-clerical, Not-in-family, White, Female, United-States, <=50K
58.376457,184672.66,12.619762,-253.41425,2.8751574,48.429935, Private, Bachelors, Married-civ-spouse, Tech-support, Wife, White, Female, United-States, >50K
26.043928,374375.3,9.5274315,-300.66742,30.483126,38.303757, Private, Some-college, Never-married, Machine-op-inspct, Own-child, White, Male, United-States, <=50K
45.04444,194837.27,12.529568,-944.6027,20.404875,30.676928, Private, Bachelors, Never-married, Adm-clerical, Own-child, White, Male, United-States, <=50K
57.37617,210128.22,8.762556,-437.2016,16.094145,39.518764, Private, HS-grad, Married-civ-spouse, Prof-specialty, Husband, White, Male, United-States, <=50K
31.199669,99228.84,5.214955,-548.45294,10.101041,43.21511, Private, HS-grad, Married-civ-spouse, Other-service, Husband, White, Male, United-States, <=50K
72.93629,259176.5,6.2831516,-38.264347,-29.923258,17.525625, ?, HS-grad, Married-civ-spouse, ?, Husband, White, Male, United-States, <=50K
29.413683,174778.88,9.83464,101.0476,-12.114268,28.27606, Private, Some-college, Never-married, Adm-clerical, Own-child, White, Female, United-States, <=50K
41.376297,199898.56,8.577036,-1216.9949,-9.79729,45.466095, Private, HS-grad, Separated, Transport-moving, Own-child, White, Male, United-States, <=50K
25.346874,156660.73,7.2791376,-428.9715,-14.837314,32.331497, Private, HS-grad, Never-married, Prof-specialty, Own-child, White, Male, United-States, <=50K
29.466125,34280.28,10.306459,477.25995,16.433805,41.18773, Private, Some-college, Married-civ-spouse, Exec-managerial, Husband, White, Male, United-States, <=50K
33.79142,144935.36,13.414487,1124.5961,-42.443096,43.55094, Private, Bachelors, Married-civ-spouse, Protective-serv, Husband, White, Male, United-States, >50K
50.03273,87088.58,15.766424,-2030.6907,2084.3936,42.024433, Private, Bachelors, Divorced, Prof-specialty, Wife, White, Female, United-States, >50K
46.03366,54717.562,13.411988,1356.8918,51.575794,38.86057, Private, Bachelors, Married-civ-spouse, Sales, Husband, White, Male, United-States, <=50K
15.571879,204763.77,7.535057,-559.3719,10.4175005,36.837746, Private, Some-college, Never-married, Other-service, Own-child, White, Male, United-States, <=50K
68.36678,248596.67,8.24046,2795.3486,21.367895,39.47916, Private, HS-grad, Married-civ-spouse, Transport-moving, Husband, White, Male, United-States, >50K
20.878454,96992.586,8.414169,-204.23651,-11.202624,23.603788, Private, HS-grad, Never-married, Craft-repair, Own-child, White, Female, United-States, <=50K
56.215683,15974.032,10.3388,237.38007,-38.796963,26.662113, Private, Assoc-voc, Divorced, Sales, Not-in-family, White, Male, United-States, <=50K
20.06495,71095.06,9.371382,-506.33514,25.622652,32.51411, Private, Some-college, Never-married, Adm-clerical, Not-in-family, White, Male, United-States, <=50K
26.621397,144025.48,8.539407,-483.3377,42.07965,41.618797, Private, HS-grad, Married-civ-spouse, Machine-op-inspct, Husband, White, Male, United-States, >50K
31.032116,410781.47,7.2643776,-669.2994,-13.575564,39.293903, Private, Some-college, Divorced, Sales, Unmarried, White, Male, United-States, <=50K
66.55598,83042.14,8.897342,-10.878849,-19.407694,48.65259, Private, HS-grad, Married-civ-spouse, Farming-fishing, Husband, White, Male, United-States, <=50K
68.391464,153048.17,13.3224745,1009.5366,28.676668,5.8234844, Private, Bachelors, Married-civ-spouse, Handlers-cleaners, Husband, White, Male, United-States, >50K
25.489182,376073.72,11.905308,-819.05426,-34.29893,31.578218, Private, Bachelors, Never-married, Prof-specialty, Own-child, White, Female, United-States, <=50K
25.647219,384080.44,9.848091,-519.9548,1.3290225,19.754253, Private, HS-grad, Never-married, Other-service, Own-child, White, Male, United-States, <=50K
49.978817,97814.76,6.822298,444.2165,14.821012,50.28535, Private, HS-grad, Married-civ-spouse, Adm-clerical, Husband, White, Male, United-States, >50K
53.24619,180955.31,8.116218,133.58649,-5.6762724,40.895542, Private, HS-grad, Married-civ-spouse, Farming-fishing, Husband, White, Male, United-States, <=50K
20.212683,103133.98,9.524816,2.9780843,-16.950106,28.531687, Private, Some-college, Never-married, Sales, Own-child, White, Female, United-States, <=50K
37.57962,136274.11,8.486835,765.2094,-21.21451,46.406906, Private, HS-grad, Married-civ-spouse, Exec-managerial, Husband, White, Male, United-States, <=50K
51.745037,177016.97,8.354646,-430.41278,24.53131,39.268085, Private, HS-grad, Married-civ-spouse, Other-service, Husband, White, Male, United-States, >50K
28.003393,158893.48,6.2474437,581.9808,3.3480196,33.74571, Private, HS-grad, Married-civ-spouse, Craft-repair, Not-in-family, White, Male, United-States, <=50K
27.297981,404433.28,10.041213,-631.9417,-17.208376,40.441227, Private, Some-college, Married-civ-spouse, Adm-clerical, Husband, White, Male, United-States, <=50K
56.758102,271357.4,8.737144,-582.14703,6.229604,34.340927, Private, HS-grad, Married-civ-spouse, Adm-clerical, Husband, White, Male, United-States, <=50K
27.440409,413941.84,10.873754,-525.3067,-12.51855,49.24656, Private, Assoc-voc, Married-civ-spouse, Handlers-cleaners, Husband, White, Male, United-States, <=50K
51.008286,381247.62,8.922666,-433.87726,-10.385478,40.05858, Private, HS-grad, Married-civ-spouse, Handlers-cleaners, Husband, White, Male, United-States, <=50K
44.13266,92879.984,6.4728265,747.5373,2.3356447,35.871826, Private, HS-grad, Never-married, Other-service, Not-in-family, White, Male, United-States, <=50K
31.141918,141224.23,10.308914,-856.0629,-46.895092,60.957325, Private, Assoc-voc, Never-married, Protective-serv, Own-child, White, Female, United-States, <=50K
50.170277,56450.484,12.38516,-298.68988,24.45527,39.854454, Private, Bachelors, Married-civ-spouse, Exec-managerial, Husband, White, Male, United-States, <=50K
41.640114,87309.016,8.373598,-972.65765,5.7778826,50.34634, Private, HS-grad, Married-civ-spouse, Craft-repair, Husband, White, Male, United-States, <=50K
28.377346,260638.17,11.112302,5078.21,13.8302355,38.60904, Private, Assoc-acdm, Married-civ-spouse, Exec-managerial, Wife, White, Female, United-States, >50K
32.14186,272039.22,9.619118,-701.0534,-32.67268,21.333115, Private, Some-college, Married-civ-spouse, Sales, Own-child, White, Male, United-States, <=50K
61.931263,77505.25,9.718367,-349.27155,-4.8447447,40.338223, Private, Some-college, Married-civ-spouse, Exec-managerial, Husband, White, Male, United-States, <=50K
36.951138,116089.66,9.581557,4288.1343,-12.010722,41.17593, Private, Some-college, Married-civ-spouse, Tech-support, Husband, White, Male, United-States, <=50K
45.497765,97891.85,9.603697,823.9846,31.543753,57.111492, Private, Assoc-acdm, Married-civ-spouse, Exec-managerial, Husband, White, Male, United-States, >50K
29.559946,136020.33,8.822506,24.048885,-11.019443,41.415184, Private, HS-grad, Separated, Exec-managerial, Not-in-family, White, Male, United-States, <=50K
31.476103,209163.58,12.6805725,2949.0137,23.389666,37.209034, Private, Bachelors, Married-civ-spouse, Prof-specialty, Wife, White, Female, United-States, >50K
25.96163,252230.7,8.616289,3217.178,20.096197,27.453203, Private, HS-grad, Never-married, Other-service, Own-child, White, Male, United-States, <=50K
28.240578,165059.73,8.7922535,-96.77924,46.124493,23.58839, ?, HS-grad, Married-civ-spouse, ?, Wife, White, Female, United-States, <=50K
46.134754,70062.92,8.624184,-178.60675,16.503965,41.02241, Private, HS-grad, Married-civ-spouse, Craft-repair, Husband, White, Male, United-States, <=50K
52.471004,272684.7,12.1089,0.9708822,1762.4785,52.194183, Private, Bachelors, Married-civ-spouse, Sales, Husband, White, Male, United-States, >50K
56.74513,106589.65,5.4977202,116.38708,-18.350199,43.11502, Private, Some-college, Married-spouse-absent, Sales, Not-in-family, White, Female, United-States, <=50K
28.277542,157221.94,13.072252,-252.9726,-4.098895,26.64447, Private, Bachelors, Never-married, Prof-specialty, Not-in-family, White, Female, United-States, <=50K
31.548773,123376.2,12.156543,417.43103,44.483036,37.73764, Private, Bachelors, Never-married, Exec-managerial, Unmarried, White, Female, United-States, <=50K
38.770397,327855.03,9.205329,-706.71747,7.0164537,44.17889, Private, HS-grad, Married-spouse-absent, Adm-clerical, Not-in-family, White, Male, United-States, >50K
30.172451,178362.84,9.890663,-215.05963,-4.5760603,38.14127, Private, Some-college, Never-married, Tech-support, Not-in-family, White, Female, United-States, <=50K
23.987577,81475.01,9.777224,-1462.8142,-9.386264,37.424015, Private, Some-college, Never-married, Sales, Other-relative, White, Male, United-States, <=50K
44.089825,200334.36,12.090118,-1154.5889,23.624582,41.92781, Private, Bachelors, Married-civ-spouse, Adm-clerical, Wife, White, Female, United-States, <=50K
23.609892,138351.77,9.025473,431.95972,1.127576,38.922745, Private, HS-grad, Never-married, Craft-repair, Not-in-family, White, Female, United-States, <=50K
32.032017,51531.594,11.750151,39.012875,-21.652758,22.607395, ?, Bachelors, Never-married, ?, Other-relative, White, Female, United-States, <=50K
17.066273,337528.94,9.124122,-73.6258,-16.600672,41.852615, Private, HS-grad, Never-married, Handlers-cleaners, Not-in-family, White, Male, United-States, <=50K
44.075905,398772.44,12.273087,-953.3715,19.297949,40.333237, Private, Bachelors, Married-civ-spouse, Exec-managerial, Husband, White, Male, United-States, >50K
34.99982,319830.84,9.113805,-375.4876,-13.272906,31.051458, Private, HS-grad, Divorced, Adm-clerical, Not-in-family, White, Female, United-States, <=50K
18.550121,170976.6,9.877199,43.229855,-31.851984,39.17262, Private, Some-college, Never-married, Exec-managerial, Unmarried, White, Female, United-States, <=50K
21.786335,340748.62,7.161908,-731.57794,-61.904705,49.80004, Private, Some-college, Separated, Craft-repair, Other-relative, White, Male, United-States, <=50K
50.180973,159979.88,4.7357287,73.49084,485.6508,45.241623, Private, Some-college, Separated, Prof-specialty, Not-in-family, White, Male, United-States, <=50K
17.799553,109958.586,8.778918,-1461.3918,1.2328845,35.024185, Private, HS-grad, Never-married, Other-service, Own-child, White, Female, United-States, >50K
42.776333,97703.375,12.156986,-980.4222,5.7501345,37.99697, Private, Bachelors, Divorced, Exec-managerial, Not-in-family, White, Female, United-States, >50K
29.99417,98911.94,8.999283,346.1881,-21.709314,34.618946, ?, HS-grad, Divorced, ?, Unmarried, White, Female, United-States, <=50K
36.930775,6956.4067,12.6537485,-948.85504,-3.1117353,63.352463, Private, Bachelors, Married-civ-spouse, Sales, Husband, White, Male, United-States, >50K
33.066933,354692.78,9.014286,-101.13007,-5.5232573,41.28532, Private, HS-grad, Never-married, Protective-serv, Not-in-family, White, Male, United-States, <=50K
52.635014,206287.08,11.931232,-1176.551,19.852919,38.30244, ?, Bachelors, Married-civ-spouse, ?, Husband, White, Male, United-States, <=50K
68.21285,194046.45,9.684371,-151.73798,-41.00021,34.272663, Private, Some-college, Never-married, Other-service, Not-in-family, White, Female, United-States, <=50K
20.763294,18687.703,8.554903,293.1939,24.533442,12.993654, ?, HS-grad, Separated, ?, Unmarried, White, Female, United-States, <=50K
48.731026,95140.05,8.987066,-261.18964,13.980245,66.09128, Private, HS-grad, Married-civ-spouse, Exec-managerial, Husband, White, Male, United-States, >50K
56.043137,11518.626,12.501122,-622.1662,13.811376,38.68917, Private, Bachelors, Divorced, Prof-specialty, Not-in-family, White, Male, United-States, <=50K
35.32372,220429.9,8.003771,466.0114,0.8444263,39.35853, Private, HS-grad, Married-civ-spouse, Adm-clerical, Husband, White, Male, United-States, <=50K
62.935284,183486.86,12.990702,-740.73627,-3.6209059,42.73829, Private, Bachelors, Married-civ-spouse, Prof-specialty, Husband, White, Male, United-States, <=50K
28.012918,216392.92,12.774198,3251.757,1.5139362,54.266956, Private, Bachelors, Never-married, Exec-managerial, Own-child, White, Male, United-States, >50K
17.394545,104384.38,8.780587,450.49567,0.9589969,37.8285, Private, HS-grad, Married-civ-spouse, Craft-repair, Husband, White, Male, United-States, <=50K
49.4327,187835.36,8.866762,716.7387,5.5480165,38.847725, Private, HS-grad, Divorced, Adm-clerical, Not-in-family, White, Female, United-States, <=50K
61.19631,239617.33,9.836075,-396.6673,10.85288,33.791553, Private, Some-college, Married-civ-spouse, Machine-op-inspct, Husband, White, Male, United-States, >50K
32.168293,437527.2,10.167576,-934.4727,3.9719667,39.88085, Private, Some-college, Divorced, Other-service, Wife, White, Female, United-States, <=50K
31.784163,98683.27,9.197584,-1259.4744,-7.238406,41.444176, Private, HS-grad, Married-civ-spouse, Adm-clerical, Husband, White, Male, United-States, <=50K
42.600952,67115.61,11.7568035,-745.15643,-12.0051985,41.844585, Private, Bachelors, Married-civ-spouse, Adm-clerical, Husband, White, Male, United-States, <=50K
37.733517,134533.52,6.248279,-941.4793,23.801249,41.94074, Private, Some-college, Married-spouse-absent, Adm-clerical, Not-in-family, White, Male, United-States, <=50K
41.12872,216104.38,12.178013,-1583.5371,-6.497958,45.68224, Private, Bachelors, Married-civ-spouse, Adm-clerical, Husband, White, Male, United-States, <=50K
26.46065,62649.82,9.5076065,-759.7546,24.979921,36.73553, Private, Some-college, Divorced, Exec-managerial, Unmarried, White, Female, United-States, <=50K
41.011166,116863.36,9.637839,-181.2608,16.138182,43.68267, Private, Some-college, Married-civ-spouse, Other-service, Husband, White, Male, United-States, <=50K
53.847523,153979.2,12.086597,149.04779,-22.653452,38.46262, Private, Bachelors, Divorced, Adm-clerical, Other-relative, White, Female, United-States, <=50K
46.953457,94882.44,10.095517,95.233696,3.883603,40.398438, Private, Some-college, Never-married, Sales, Not-in-family, White, Female, United-States, <=50K
46.583904,116032.0,14.0928335,79.55761,37.640675,37.962067, Private, Bachelors, Married-civ-spouse, Exec-managerial, Husband, White, Male, United-States, <=50K
26.217402,247045.72,11.67769,-682.1524,1.4667712,43.123325, Private, Bachelors, Never-married, Machine-op-inspct, Not-in-family, White, Male, United-States, <=50K
31.340595,172182.88,9.002257,-342.20502,9.354909,43.719563, ?, HS-grad, Never-married, ?, Not-in-family, White, Male, United-States, <=50K
22.06834,148390.88,9.690377,-368.97906,-6.5953703,34.229836, Private, Some-college, Never-married, Sales, Not-in-family, White, Male, United-States, <=50K
35.23136,220816.0,8.554484,1025.0497,-13.050044,38.23254, Private, HS-grad, Married-civ-spouse, Prof-specialty, Husband, White, Male, United-States, >50K
48.145912,141480.61,12.486671,-423.84613,27.953497,42.925484, Private, Bachelors, Divorced, Exec-managerial, Not-in-family, White, Female, United-States, <=50K
48.68324,243647.28,14.193841,-1046.4053,9.292363,46.597828, Private, Bachelors, Married-civ-spouse, Exec-managerial, Wife, White, Female, United-States, >50K
39.740517,201423.86,8.742514,-509.1391,21.746214,33.56038, Private, HS-grad, Married-civ-spouse, Other-service, Husband, White, Male, United-States, <=50K
50.871048,298177.94,8.99651,-215.46722,4.143903,30.56514, Private, HS-grad, Married-civ-spouse, Adm-clerical, Husband, White, Male, United-States, <=50K
74.05683,90838.64,9.440694,-1094.9172,10.008336,43.785286, Private, Some-college, Widowed, Prof-specialty, Not-in-family, White, Female, United-States, >50K
43.56024,157500.7,8.760067,-1155.9338,-7.188777,71.26487, Private, HS-grad, Married-civ-spouse, Transport-moving, Husband, White, Male, United-States, <=50K
52.01641,49346.516,8.834287,-1820.156,1744.4417,29.91662, Private, HS-grad, Married-civ-spouse, Adm-clerical, Husband, White, Male, United-States, <=50K
48.608246,197570.86,12.700715,281.08984,-2.8846464,43.873726, Private, Bachelors, Never-married, Prof-specialty, Not-in-family, White, Female, United-States, <=50K
23.472025,224901.42,13.461882,-219.5523,54.67642,39.084354, Private, Bachelors, Married-civ-spouse, Prof-specialty, Husband, White, Male, United-States, <=50K
35.888847,311629.38,5.144683,-411.86664,29.706263,39.932392, Private, HS-grad, Married-spouse-absent, Machine-op-inspct, Not-in-family, White, Male, United-States, <=50K
61.551838,119135.82,8.881657,-394.6397,-25.845476,34.01322, Private, HS-grad, Divorced, Prof-specialty, Not-in-family, White, Male, United-States, <=50K
57.208027,213613.52,9.079393,-15.778629,4.3016634,6.7977467, Private, HS-grad, Never-married, Handlers-cleaners, Not-in-family, White, Male, United-States, <=50K
36.52211,192641.03,8.76656,4515.759,-8.977458,38.32064, Private, Some-college, Married-civ-spouse, Transport-moving, Husband, White, Male, United-States, >50K
25.050797,337464.53,8.841657,-770.388,0.66400635,40.588963, Private, HS-grad, Never-married, Adm-clerical, Own-child, White, Female, United-States, <=50K
27.794954,286084.47,12.815628,-577.81256,-40.44441,37.824528, Private, Bachelors, Never-married, Prof-specialty, Own-child, White, Male, United-States, <=50K
56.815197,156969.06,9.353864,-179.90863,19.821157,42.02552, Private, HS-grad, Widowed, Exec-managerial, Unmarried, White, Female, United-States, <=50K
33.356,195286.36,12.607329,-843.086,-14.173633,43.30441, Private, Bachelors, Never-married, Sales, Not-in-family, White, Female, United-States, <=50K
38.211475,174308.64,13.227591,957.2323,-8.931239,61.077854, Private, Bachelors, Widowed, Exec-managerial, Unmarried, White, Male, United-States, <=50K
50.046127,185159.89,9.651762,-1068.0049,2000.966,30.565804, Private, HS-grad, Married-civ-spouse, Adm-clerical, Husband, White, Male, United-States, >50K
48.969555,158723.69,8.81716,-21.375797,1.4447833,41.128292, Private, HS-grad, Never-married, Sales, Not-in-family, White, Female, United-States, <=50K
40.396675,191617.95,11.591241,33.002377,53.246246,40.303394, ?, Assoc-acdm, Married-civ-spouse, ?, Husband, White, Male, United-States, >50K
38.636665,297118.6,13.06227,-1143.9622,2137.2717,54.482224, Private, Bachelors, Never-married, Prof-specialty, Not-in-family, White, Male, United-States, <=50K
27.335644,68267.1,10.91797,-844.3902,-7.010516,42.113422, Private, Assoc-voc, Divorced, Machine-op-inspct, Not-in-family, White, Male, United-States, <=50K
31.946043,169442.22,8.735518,-288.8781,-7.853404,14.89777, ?, HS-grad, Never-married, ?, Own-child, White, Female, United-States, <=50K
54.31482,302253.5,13.997711,-644.25433,-8.818561,37.55654, Private, Bachelors, Married-civ-spouse, Prof-specialty, Husband, White, Male, United-States, <=50K
21.022474,177282.17,8.42643,3469.1921,-6.752551,46.801693, Private, HS-grad, Never-married, Transport-moving, Own-child, White, Male, United-States, <=50K
37.31828,262752.3,5.1012216,-561.1165,-0.14847077,1.9731387, ?, HS-grad, Divorced, ?, Unmarried, White, Female, United-States, <=50K
25.714094,73417.77,12.684957,-210.48871,34.554543,27.105377, Private, Bachelors, Married-civ-spouse, Other-service, Husband, White, Male, United-States, <=50K
56.242344,43154.03,9.026642,17760.135,1044.5437,45.53737, Private, HS-grad, Married-civ-spouse, Farming-fishing, Own-child, White, Male, United-States, >50K
41.93152,166579.69,12.682081,307.9933,11.849484,39.83816, Private, Bachelors, Married-civ-spouse, Exec-managerial, Husband, White, Male, United-States, <=50K
28.296354,143727.73,9.72872,-619.4483,-17.6727,43.819084, Private, Some-college, Divorced, Craft-repair, Own-child, White, Male, United-States, <=50K
26.15518,89466.69,8.638249,-410.53815,1654.339,27.197168, Private, HS-grad, Married-civ-spouse, Other-service, Husband, White, Male, United-States, >50K
34.82274,323371.44,13.462528,-1097.8792,19.104368,63.469555, Private, Bachelors, Married-civ-spouse, Farming-fishing, Husband, White, Male, United-States, >50K
49.744476,57651.484,8.986487,6634.9614,-25.327929,54.750927, Private, HS-grad, Divorced, Craft-repair, Not-in-family, White, Male, United-States, >50K
37.379894,341563.1,2.3724718,-447.40997,2.1908083,42.721992, Private, HS-grad, Married-civ-spouse, Other-service, Husband, White, Male, United-States, <=50K
23.471926,249432.6,11.952646,-1178.8999,-10.350085,38.606632, Private, Bachelors, Married-civ-spouse, Exec-managerial, Wife, White, Female, United-States, <=50K
32.071613,253683.56,8.632064,-530.3554,16.493757,43.357594, Private, HS-grad, Married-civ-spouse, Transport-moving, Husband, White, Male, United-States, <=50K
26.302696,268563.97,12.538472,-832.4605,20.612669,50.805977, Private, Bachelors, Never-married, Sales, Not-in-family, White, Male, United-States, <=50K
25.850618,65137.414,10.0633955,-316.42816,20.739462,20.28222, Private, Some-college, Never-married, Other-service, Not-in-family, White, Male, United-States, <=50K
29.853508,280939.44,8.692631,3634.5942,12.960385,46.572147, Private, HS-grad, Married-civ-spouse, Other-service, Husband, White, Male, United-States, >50K
59.77856,232098.94,10.168166,78834.086,-62.726772,55.86469, Private, HS-grad, Married-civ-spouse, Prof-specialty, Husband, White, Male, United-States, >50K
19.868938,64063.086,9.400184,-646.9666,-9.856654,38.174335, Private, Some-college, Never-married, Craft-repair, Own-child, White, Male, United-States, <=50K
40.589832,355313.1,2.3006501,-464.67108,-19.64622,35.06226, Private, Some-college, Married-civ-spouse, Transport-moving, Husband, White, Male, United-States, <=50K
55.850956,139279.8,9.114481,723.28705,-44.421734,-2.3669302, Private, HS-grad, Widowed, Prof-specialty, Not-in-family, White, Female, United-States, <=50K
35.49857,227744.52,8.503896,-115.363106,-44.84004,45.93942, Private, HS-grad, Separated, Sales, Not-in-family, White, Female, United-States, <=50K
42.21914,186074.64,8.734469,-72.79377,6.3585176,40.29866, Private, HS-grad, Never-married, Other-service, Not-in-family, White, Male, United-States, <=50K
37.09232,151165.53,13.355196,8238.608,32.904762,46.023067, Private, Bachelors, Married-civ-spouse, Adm-clerical, Husband, White, Male, United-States, >50K
22.334362,286962.84,9.848876,-436.5628,-6.6883574,37.1304, Private, Some-college, Never-married, Adm-clerical, Own-child, White, Female, United-States, <=50K
23.392948,269387.12,7.315334,-1224.0664,-6.8506804,55.901035, Private, Some-college, Never-married, Exec-managerial, Own-child, White, Male, United-States, <=50K
46.933475,218996.06,9.014829,224.90497,8.2814,43.92065, Private, HS-grad, Married-civ-spouse, Sales, Husband, White, Male, United-States, <=50K
24.229818,146790.2,8.871231,-365.99396,0.246091,16.89509, Private, HS-grad, Never-married, Prof-specialty, Own-child, White, Female, United-States, <=50K
39.376675,85035.51,4.7226734,-366.8885,26.789724,46.27613, Private, HS-grad, Never-married, Other-service, Unmarried, White, Male, United-States, <=50K
43.926647,287182.62,12.852934,1422.9403,7.1362276,48.242714, Private, Bachelors, Married-civ-spouse, Sales, Husband, White, Male, United-States, >50K
40.90786,163843.1,9.148306,42446.836,-13.523105,38.414257, Private, HS-grad, Married-civ-spouse, Exec-managerial, Husband, White, Male, United-States, >50K
37.072693,60248.656,8.443291,190.55188,17.801596,39.46612, Private, HS-grad, Separated, Machine-op-inspct, Unmarried, White, Male, United-States, <=50K
29.588556,211435.14,12.554495,-1386.9263,-9.414836,35.48419, Private, Bachelors, Married-civ-spouse, Transport-moving, Wife, White, Female, United-States, <=50K
20.884733,93645.62,9.7882395,-538.2513,15.209325,35.857998, Private, Some-college, Never-married, Craft-repair, Own-child, White, Male, United-States, <=50K
27.471014,163220.27,9.841645,-739.7426,10.719075,41.73606, Private, Some-college, Married-civ-spouse, Adm-clerical, Husband, White, Male, United-States, <=50K
39.26376,87921.875,8.919242,-1006.5605,-11.436465,85.35712, Private, HS-grad, Married-civ-spouse, Transport-moving, Husband, White, Male, United-States, >50K
30.462254,169671.0,12.966348,-711.4141,-4.030528,36.468975, Private, Bachelors, Never-married, Prof-specialty, Own-child, White, Female, United-States, <=50K
43.857914,138684.66,10.66131,-256.8365,22.14868,37.08691, Private, Bachelors, Married-civ-spouse, Prof-specialty, Husband, White, Male, United-States, >50K
32.430256,34930.266,4.6407437,117.84142,-5.8276167,38.71536, Private, HS-grad, Married-civ-spouse, Exec-managerial, Husband, White, Male, United-States, <=50K
24.482203,190533.84,13.207437,-665.1774,2.1323366,40.106712, Private, Bachelors, Married-civ-spouse, Sales, Husband, White, Male, United-States, <=50K
61.40489,172358.25,12.839395,-306.4926,7.4007998,39.395245, Private, Bachelors, Married-civ-spouse, Tech-support, Husband, White, Male, United-States, <=50K
32.129093,215129.9,11.615347,-488.38495,-16.618998,42.929173, Private, Assoc-acdm, Never-married, Adm-clerical, Not-in-family, White, Male, United-States, <=50K
33.52092,142367.39,14.285388,-664.0131,41.273182,54.61076, Private, Bachelors, Married-civ-spouse, Machine-op-inspct, Husband, White, Male, United-States, >50K
37.35038,133068.69,6.05165,620.1368,-10.145648,41.308628, Private, HS-grad, Never-married, Other-service, Not-in-family, White, Male, United-States, <=50K
22.366934,154204.14,8.906676,852.7313,-27.51803,42.996826, Private, HS-grad, Divorced, Adm-clerical, Unmarried, White, Female, United-States, <=50K
39.558804,75013.625,8.766888,-876.71747,19.99977,37.667088, Private, HS-grad, Married-civ-spouse, Adm-clerical, Husband, White, Male, United-States, <=50K
45.01961,226447.05,14.066277,5372.103,27.17338,44.421585, Private, Bachelors, Married-civ-spouse, Craft-repair, Husband, White, Male, United-States, >50K
28.559938,187980.98,8.792091,-989.86005,31.118544,42.840538, Private, HS-grad, Married-civ-spouse, Other-service, Husband, White, Male, United-States, <=50K
54.74206,107760.805,8.993786,-1079.5898,-7.553088,44.389324, Private, Some-college, Divorced, Other-service, Other-relative, White, Male, United-States, <=50K
43.81118,209395.94,13.127099,-425.9322,1.6144458,35.767765, Private, Bachelors, Married-civ-spouse, Sales, Husband, White, Male, United-States, >50K
65.74283,170346.47,6.1444287,-166.66571,-19.994608,48.05743, Private, Some-college, Married-civ-spouse, Sales, Husband, White, Male, United-States, <=50K
41.206955,102372.125,8.861628,-1105.0098,10.531728,42.796227, Private, HS-grad, Married-civ-spouse, Craft-repair, Not-in-family, White, Male, United-States, <=50K
42.66622,191173.28,8.892748,168.86615,-24.562204,31.09738, Private, HS-grad, Never-married, Protective-serv, Own-child, White, Male, United-States, <=50K
13.428803,149435.19,9.065019,46.507076,-0.63562286,15.744968, Private, Some-college, Never-married, Sales, Own-child, White, Male, United-States, <=50K
45.24528,362240.3,8.545261,-1305.4199,-11.895366,38.917233, Private, HS-grad, Divorced, Handlers-cleaners, Not-in-family, White, Male, United-States, >50K
23.427547,139317.02,8.514093,-189.17169,10.011228,42.928627, Private, HS-grad, Married-civ-spouse, Other-service, Husband, White, Male, United-States, <=50K
61.31138,185564.44,8.764154,-1088.6543,22.63931,18.610481, Private, HS-grad, Divorced, Other-service, Unmarried, White, Male, United-States, <=50K
51.01505,222087.02,12.756504,-573.05096,20.158445,41.10938, Private, Bachelors, Married-civ-spouse, Other-service, Husband, White, Male, United-States, <=50K
23.680336,214765.31,8.867227,316.33887,-2.3362684,25.654, Private, HS-grad, Never-married, Handlers-cleaners, Own-child, White, Male, United-States, <=50K
57.428562,68903.414,11.114159,405.3678,-16.424936,39.51908, Private, Assoc-voc, Married-civ-spouse, Protective-serv, Husband, White, Male, United-States, >50K
42.11452,127177.984,8.891417,-624.2718,-14.828448,42.324684, Private, HS-grad, Married-civ-spouse, Protective-serv, Wife, White, Female, United-States, <=50K
22.85713,114620.67,9.609724,23.734432,-18.029558,34.009956, Private, Some-college, Never-married, Other-service, Other-relative, White, Male, United-States, <=50K
28.459175,-4691.859,9.649371,-207.63092,-4.498103,44.43945, Private, Some-college, Married-civ-spouse, Prof-specialty, Husband, White, Male, United-States, <=50K
55.458244,109985.47,8.19182,-913.78986,8.487462,40.95282, Private, Some-college, Married-civ-spouse, Craft-repair, Husband, White, Male, United-States, <=50K
26.332241,472884.38,7.231978,137.05371,28.233564,43.5153, Private, Some-college, Never-married, Farming-fishing, Not-in-family, White, Male, United-States, <=50K
43.280697,109818.89,8.885592,-496.3719,30.240198,44.741123, ?, HS-grad, Married-civ-spouse, Craft-repair, Husband, White, Male, United-States, <=50K
35.19161,218122.66,8.959557,-493.1336,11.009488,41.742985, Private, HS-grad, Never-married, Adm-clerical, Not-in-family, White, Male, United-States, <=50K
15.883819,111591.73,6.401622,-689.7983,1.3472797,35.19267, Private, HS-grad, Never-married, Other-service, Own-child, White, Male, United-States, <=50K
36.549915,176616.7,8.914932,78.230644,9.384305,43.20368, Private, Some-college, Never-married, Exec-managerial, Not-in-family, White, Female, United-States, >50K
49.29688,95081.07,8.94871,-510.6452,13.00105,33.276382, Private, HS-grad, Married-civ-spouse, Adm-clerical, Husband, White, Male, United-States, <=50K
60.08979,85597.59,8.929929,-69.37446,-31.1317,42.369816, Private, HS-grad, Separated, Machine-op-inspct, Not-in-family, White, Female, United-States, <=50K
50.4558,377009.53,8.184727,-257.95404,-16.72886,42.305653, Private, Some-college, Married-civ-spouse, Machine-op-inspct, Husband, White, Male, United-States, <=50K
36.313816,106138.57,8.734897,-95.10273,-4.5645323,48.049194, Private, HS-grad, Divorced, Exec-managerial, Unmarried, White, Female, United-States, <=50K
48.94543,227052.44,9.838684,179.71393,9.649655,48.822994, Private, Some-college, Married-civ-spouse, Sales, Husband, White, Male, United-States, <=50K
18.510773,62010.727,9.12218,-136.8493,-52.007763,30.217138, Private, HS-grad, Never-married, Adm-clerical, Other-relative, White, Female, United-States, <=50K
47.880962,94591.24,9.761168,-96.071724,12.760396,44.769928, Private, Some-college, Married-civ-spouse, Protective-serv, Husband, White, Male, United-States, <=50K
31.609377,312433.47,13.177813,2098.361,47.739204,33.130432, Private, Bachelors, Married-civ-spouse, Craft-repair, Husband, White, Male, United-States, >50K
26.238419,711918.1,9.938628,-451.1518,31.567911,49.78166, Private, Some-college, Never-married, Craft-repair, Not-in-family, White, Female, United-States, <=50K
27.209867,76162.29,8.694755,2184.8584,30.128126,40.595795, Private, HS-grad, Never-married, Craft-repair, Own-child, White, Male, United-States, <=50K
47.605186,169231.97,9.076502,-676.4118,22.645536,59.763325, Private, HS-grad, Married-civ-spouse, Craft-repair, Husband, White, Male, United-States, >50K
38.349422,101103.5,8.042395,-438.3897,-1.7413281,40.975662, Private, HS-grad, Married-civ-spouse, Sales, Husband, White, Male, United-States, <=50K
21.053453,40284.14,8.970456,-297.3946,-48.170803,35.330048, Private, HS-grad, Never-married, Exec-managerial, Own-child, White, Male, United-States, <=50K
37.647957,179415.19,8.925255,1245.5486,63.315853,36.481625, Private, HS-grad, Married-civ-spouse, Farming-fishing, Husband, White, Male, United-States, <=50K
56.075096,18787.172,8.569769,-813.26117,15.308766,45.480343, Private, HS-grad, Married-civ-spouse, Machine-op-inspct, Husband, White, Male, United-States, <=50K
41.800724,394533.6,7.3253555,-334.7066,16.729559,35.96081, Private, Some-college, Married-civ-spouse, Other-service, Husband, White, Male, United-States, <=50K
26.781204,128568.77,8.594515,44.31744,-15.353244,41.19907, Private, HS-grad, Never-married, Craft-repair, Not-in-family, White, Male, United-States, <=50K
31.707724,279363.0,11.665454,-506.34406,-28.7698,32.085537, Private, Bachelors, Never-married, Prof-specialty, Own-child, White, Female, United-States, <=50K
36.663475,95780.13,8.543222,-100.64887,-21.707598,69.99559, Private, HS-grad, Separated, Exec-managerial, Own-child, White, Female, United-States, <=50K
54.38044,111366.86,10.17856,-190.22662,15.620236,44.20091, Private, Some-college, Divorced, Farming-fishing, Not-in-family, White, Male, United-States, <=50K
55.327442,134363.03,9.472563,278.62292,-4.838443,32.769787, Private, Some-college, Divorced, Adm-clerical, Not-in-family, White, Female, United-States, <=50K
33.167545,77431.15,8.455995,-152.6065,0.68012726,39.37865, Private, HS-grad, Divorced, Other-service, Not-in-family, White, Female, United-States, <=50K
27.592863,123901.33,8.504502,-574.05255,20.848845,34.351757, Private, HS-grad, Never-married, Other-service, Not-in-family, White, Male, United-States, <=50K
23.646105,384058.9,9.090372,-32.528263,-35.75124,39.690193, Private, HS-grad, Never-married, Sales, Own-child, White, Female, United-States, <=50K
56.568886,228572.78,10.952436,-855.43427,-4.568492,42.568787, Private, Assoc-voc, Married-civ-spouse, Prof-specialty, Husband, White, Male, United-States, >50K
50.01822,107419.56,9.609048,-1512.6936,-6.2449293,82.71865, Private, Assoc-voc, Married-civ-spouse, Prof-specialty, Husband, White, Male, United-States, >50K
51.08176,253788.94,10.956738,-929.38666,-29.891375,39.9077, Private, Some-college, Never-married, Tech-support, Own-child, White, Female, United-States, <=50K
56.960957,266381.66,9.057898,-1894.273,-5.558154,34.482952, Private, HS-grad, Divorced, Craft-repair, Not-in-family, White, Male, United-States, >50K
48.258297,160072.11,9.809997,357.04492,17.983442,48.54706, Private, Some-college, Never-married, Adm-clerical, Not-in-family, White, Male, United-States, <=50K
48.856888,48518.22,7.480748,-834.6347,25.313318,34.924595, Private, HS-grad, Never-married, Machine-op-inspct, Unmarried, White, Male, United-States, <=50K
54.891766,123460.414,5.746903,494.94623,-8.339541,34.12164, Private, HS-grad, Divorced, Farming-fishing, Not-in-family, White, Male, United-States, <=50K
31.367025,108512.58,9.735556,-1229.9011,-6.8057127,29.885775, Private, Some-college, Married-civ-spouse, Other-service, Wife, White, Female, United-States, <=50K
44.930576,85534.95,14.057132,-412.84125,26.970602,43.621067, Private, Bachelors, Married-civ-spouse, Other-service, Husband, White, Male, United-States, >50K
27.932322,574090.7,7.739936,44.27508,38.96225,41.636044, Private, Some-college, Never-married, Craft-repair, Not-in-family, White, Male, United-States, <=50K
31.768375,40787.625,13.317916,-566.2973,-10.98244,40.21915, Private, Bachelors, Never-married, Tech-support, Not-in-family, White, Female, United-States, <=50K
23.368395,194037.64,11.581573,-395.53265,1100.3951,44.821236, Private, Bachelors, Never-married, Tech-support, Other-relative, White, Male, United-States, <=50K
60.49606,112019.16,11.823275,554.664,-0.44450653,50.70339, Private, Assoc-voc, Widowed, Craft-repair, Unmarried, White, Female, United-States, >50K
25.087238,113339.3,8.887764,-249.04596,-16.64023,39.385105, Private, HS-grad, Married-civ-spouse, Farming-fishing, Husband, White, Male, United-States, <=50K
38.668358,492162.78,5.354774,-476.36676,9.800336,37.552387, Private, HS-grad, Married-civ-spouse, Other-service, Husband, White, Male, United-States, <=50K
32.142544,221863.1,9.881733,-418.46796,-10.079196,35.761272, Private, Some-college, Never-married, Exec-managerial, Own-child, White, Male, United-States, <=50K
30.785887,84825.6,8.755286,166.21259,11.373403,41.13257, Private, HS-grad, Married-civ-spouse, Other-service, Husband, White, Male, United-States, >50K
50.63249,268266.2,8.9234705,-187.74408,7.3447237,40.39684, Private, HS-grad, Married-civ-spouse, Craft-repair, Other-relative, White, Male, United-States, <=50K
47.577553,177400.47,4.2455997,25.571224,1.6123325,39.761204, Private, HS-grad, Divorced, Machine-op-inspct, Not-in-family, White, Female, United-States, <=50K
63.054012,311820.7,8.998701,262.86755,-20.242922,25.725727, Private, HS-grad, Never-married, Craft-repair, Unmarried, White, Male, United-States, <=50K
22.740509,87334.945,11.61189,-792.4748,-55.56631,36.95668, Private, Assoc-voc, Separated, Tech-support, Other-relative, White, Female, United-States, <=50K
22.143429,158577.56,12.934432,28409.98,217.35771,50.288654, Private, Bachelors, Married-civ-spouse, Prof-specialty, Wife, White, Male, United-States, >50K
24.362343,164408.97,9.62617,-445.78522,9.708577,43.47772, Private, HS-grad, Married-civ-spouse, Craft-repair, Husband, White, Male, United-States, <=50K
20.933453,343374.84,8.171034,-1413.7808,-39.345318,38.922344, Private, HS-grad, Separated, Craft-repair, Unmarried, White, Male, United-States, <=50K
44.60956,146293.52,9.727391,-380.59552,20.556555,53.234913, Private, Some-college, Never-married, Protective-serv, Not-in-family, White, Male, United-States, <=50K
50.398346,140711.33,9.965203,-460.5135,-22.076792,39.54437, Private, HS-grad, Married-civ-spouse, Prof-specialty, Husband, White, Male, United-States, <=50K
61.70421,165247.56,8.918135,5620.0176,28.097273,39.44395, ?, HS-grad, Married-civ-spouse, ?, Husband, White, Male, United-States, <=50K
18.69458,320275.78,8.823471,114.282585,-8.948794,38.05038, Private, HS-grad, Married-civ-spouse, Handlers-cleaners, Husband, White, Male, United-States, <=50K
26.243763,114979.87,9.690156,-375.80536,-1.3856763,41.4294, Private, Some-college, Divorced, Adm-clerical, Not-in-family, White, Female, United-States, <=50K
74.772705,39879.11,11.736614,-1401.8298,3.5173159,42.80969, Private, Bachelors, Married-civ-spouse, Prof-specialty, Husband, White, Male, United-States, <=50K
56.086338,217721.5,13.916533,-1070.5835,1913.8301,52.684925, Private, Bachelors, Married-civ-spouse, Exec-managerial, Husband, White, Male, United-States, >50K
29.711227,98579.27,9.109572,-305.40875,-23.99399,39.93427, Private, HS-grad, Never-married, Craft-repair, Not-in-family, White, Male, United-States, <=50K
72.565636,148724.64,8.587766,-829.68634,399.55252,40.930332, Private, HS-grad, Widowed, Handlers-cleaners, Not-in-family, White, Female, United-States, <=50K
32.54813,152114.72,11.776092,751.70294,-16.130167,5.234499, ?, Bachelors, Never-married, ?, Not-in-family, White, Female, United-States, <=50K
41.56935,281290.56,8.95684,-306.206,5.037648,45.74203, Private, HS-grad, Married-civ-spouse, Prof-specialty, Husband, White, Male, United-States, <=50K
35.125507,113620.06,8.917551,-900.82574,-11.910922,49.078686, Private, HS-grad, Married-civ-spouse, Transport-moving, Husband, White, Male, United-States, >50K
43.994984,311020.6,13.52405,-1438.9446,25.88938,62.55834, Private, Bachelors, Married-civ-spouse, Exec-managerial, Wife, White, Female, United-States, >50K
22.583195,153386.48,3.76859,-755.52106,-28.721636,40.280888, Private, HS-grad, Never-married, Protective-serv, Own-child, White, Male, United-States, <=50K
35.498337,264946.4,9.832972,-700.81256,-33.213284,31.374208, Private, Some-college, Divorced, Craft-repair, Not-in-family, White, Female, United-States, <=50K
33.06341,161102.86,11.383244,-535.8448,41.406513,42.86514, Private, Assoc-voc, Married-civ-spouse, Craft-repair, Husband, White, Male, United-States, >50K
42.42987,92258.25,10.002753,6379.4087,-14.626636,41.584, Private, Assoc-voc, Married-civ-spouse, Exec-managerial, Husband, White, Male, United-States, >50K
32.320133,164208.27,6.6517053,130.97302,-2.3619642,1.5808429, Private, Some-college, Never-married, Craft-repair, Unmarried, White, Female, United-States, <=50K
37.875336,107721.38,8.724783,-57.773502,6.230115,39.530197, Private, HS-grad, Divorced, Adm-clerical, Unmarried, White, Female, United-States, <=50K
27.169971,178420.67,9.928825,22807.223,14.473241,68.612686, Private, Some-college, Married-civ-spouse, Adm-clerical, Husband, White, Male, United-States, >50K
42.312706,191631.5,9.753377,-82.60798,4.2971544,18.169035, Private, Some-college, Married-civ-spouse, Adm-clerical, Wife, White, Female, United-States, <=50K
28.430853,172603.98,8.96108,46.933407,-50.713177,38.12145, Private, HS-grad, Never-married, Handlers-cleaners, Own-child, White, Female, United-States, <=50K
53.069805,66645.766,6.0680094,-1280.0183,-17.341585,34.369408, ?, HS-grad, Widowed, ?, Own-child, White, Female, United-States, <=50K
23.961258,41772.484,10.762008,202.59119,6.515134,30.709848, Private, Assoc-voc, Never-married, Prof-specialty, Not-in-family, White, Female, United-States, <=50K
19.482904,272513.5,9.639119,-565.0444,14.100163,45.706036, Private, Some-college, Married-civ-spouse, Machine-op-inspct, Own-child, White, Female, United-States, <=50K
35.04131,134307.39,11.604168,-774.1424,21.245,66.55453, Private, Assoc-acdm, Married-civ-spouse, Prof-specialty, Husband, White, Male, United-States, <=50K
29.360203,80223.18,8.667696,-833.6591,-20.32834,37.14557, Private, HS-grad, Married-civ-spouse, Sales, Own-child, White, Female, United-States, <=50K
64.578575,141084.45,9.820372,-284.9959,-7.586726,38.693867, Private, Some-college, Married-civ-spouse, Exec-managerial, Wife, White, Female, United-States, <=50K
19.649763,391019.5,8.541576,1563.1055,-8.042392,31.62152, Private, Some-college, Never-married, Handlers-cleaners, Own-child, White, Male, United-States, <=50K
26.891022,239116.2,9.741328,-38.86237,-5.6809797,17.35804, ?, Some-college, Never-married, ?, Own-child, White, Male, United-States, <=50K
39.190514,334521.28,6.197919,75.93774,-19.34318,39.57167, Private, HS-grad, Married-civ-spouse, Handlers-cleaners, Husband, White, Male, United-States, <=50K
38.63759,278011.7,13.898085,-1101.532,0.40299714,44.212902, Private, Bachelors, Married-civ-spouse, Prof-specialty, Husband, White, Male, United-States, <=50K
55.278313,220666.0,7.460387,-623.60504,-8.270312,31.061422, Private, HS-grad, Divorced, Other-service, Unmarried, White, Female, United-States, <=50K
55.82428,250088.1,3.9737859,-532.12885,-10.092868,42.207474, Private, Some-college, Married-civ-spouse, Protective-serv, Husband, White, Male, United-States, >50K
33.525517,155912.33,9.795796,-932.07404,7.0819063,52.13375, Private, Some-college, Married-civ-spouse, Exec-managerial, Husband, White, Male, United-States, <=50K
46.74858,160564.75,8.190871,1138.5377,-0.042376414,38.178528, Private, HS-grad, Divorced, Exec-managerial, Husband, White, Male, United-States, <=50K
32.236794,151635.98,12.336015,167.84637,28.80977,49.95559, Private, Bachelors, Never-married, Machine-op-inspct, Not-in-family, White, Male, United-States, <=50K
28.596935,78323.65,9.554075,-862.62103,-60.8426,14.530895, Private, Some-college, Married-civ-spouse, Sales, Own-child, White, Female, United-States, <=50K
52.49857,161861.4,12.9819145,-615.1866,10.830823,44.776104, Private, Bachelors, Divorced, Prof-specialty, Not-in-family, White, Male, United-States, <=50K
46.08263,579139.5,12.369251,-372.62506,-19.264643,49.988167, Private, Bachelors, Never-married, Prof-specialty, Own-child, White, Female, United-States, <=50K
36.47572,212162.52,8.70883,111.82665,31.957865,42.67598, Private, HS-grad, Divorced, Adm-clerical, Unmarried, White, Male, United-States, <=50K
25.923601,229935.39,12.017764,4306.0527,34.803894,48.74473, Private, Bachelors, Married-civ-spouse, Prof-specialty, Husband, White, Male, United-States, <=50K
34.175014,392296.1,9.1417055,-671.7044,19.264494,46.362663, Private, HS-grad, Married-spouse-absent, Machine-op-inspct, Husband, White, Male, United-States, <=50K
38.98382,22426.86,10.995761,-1247.178,19.89044,43.457535, Private, Assoc-acdm, Never-married, Other-service, Not-in-family, White, Female, United-States, <=50K
35.87991,76774.76,13.423423,1825.6794,24.368734,41.36601, Private, Bachelors, Married-civ-spouse, Exec-managerial, Wife, White, Female, United-States, >50K
40.670437,178622.53,9.2043495,-937.7652,-3.9982786,36.617123, Private, HS-grad, Never-married, Exec-managerial, Other-relative, White, Male, United-States, >50K
43.29724,259312.77,7.5983887,2283.0112,-1.6753644,40.22454, Private, HS-grad, Married-civ-spouse, Exec-managerial, Husband, White, Male, United-States, <=50K
46.49238,170581.92,13.206137,65370.566,-64.35525,42.391502, Private, Bachelors, Married-spouse-absent, Protective-serv, Husband, White, Male, United-States, >50K
45.783035,19400.797,6.8745527,-1293.9182,-10.379619,39.545246, Private, HS-grad, Never-married, Other-service, Own-child, White, Male, United-States, <=50K
36.975292,71593.35,7.892541,-993.788,3.4208193,42.14242, Private, HS-grad, Divorced, Craft-repair, Unmarried, White, Male, United-States, <=50K
68.75918,65194.17,12.9603615,-736.0124,36.61986,24.523994, Private, Bachelors, Married-civ-spouse, Prof-specialty, Husband, White, Male, United-States, >50K
37.377747,134097.25,8.6802,2631.2388,-32.004063,41.088333, Private, HS-grad, Married-civ-spouse, Other-service, Wife, White, Female, United-States, >50K
27.84267,300450.12,12.648349,409.34772,8.2063875,32.627884, Private, Bachelors, Separated, Tech-support, Not-in-family, White, Male, United-States, <=50K
48.731503,142306.23,8.317755,358.34778,-39.181957,88.03366, Private, HS-grad, Never-married, Sales, Not-in-family, White, Male, United-States, <=50K
35.507355,94988.516,8.628,-381.8332,-16.153894,33.322517, Private, Some-college, Married-civ-spouse, Adm-clerical, Wife, White, Female, United-States, <=50K
26.480963,144039.55,4.8342595,-68.51606,13.433263,8.849333, Private, Some-college, Married-civ-spouse, Other-service, Own-child, White, Male, United-States, <=50K
53.261204,132380.14,15.212168,-1312.7063,41.4965,46.32607, Private, Bachelors, Widowed, Prof-specialty, Not-in-family, White, Female, United-States, <=50K
28.618336,223621.69,8.902671,1279.3027,-16.762293,49.36117, Private, Some-college, Married-civ-spouse, Sales, Husband, White, Male, United-States, <=50K
24.697157,63314.85,12.284578,-446.44305,28.30419,45.51965, Private, Bachelors, Separated, Prof-specialty, Not-in-family, White, Male, United-States, <=50K
42.747635,216742.11,9.58379,278.74548,9.940297,11.991329, Private, HS-grad, Married-civ-spouse, Sales, Husband, White, Male, United-States, <=50K
41.833874,246565.88,14.556572,-377.4671,8.672086,49.084198, Private, Bachelors, Married-civ-spouse, Exec-managerial, Husband, White, Male, United-States, >50K
38.59933,37218.047,14.54252,379.18878,44.712162,58.379864, Private, Bachelors, Married-civ-spouse, Prof-specialty, Husband, White, Male, United-States, >50K
43.112064,55824.25,8.9961,-299.0573,-27.75268,27.833796, ?, HS-grad, Never-married, ?, Not-in-family, White, Male, United-States, <=50K
44.37254,164314.89,9.014159,405.7342,2198.3423,42.569138, Private, HS-grad, Separated, Prof-specialty, Other-relative, White, Female, United-States, <=50K
40.075077,249280.06,9.693846,2924.6533,-15.685046,18.7165, Private, HS-grad, Married-civ-spouse, Exec-managerial, Wife, White, Female, United-States, >50K
57.559906,132909.34,5.3605833,-105.01826,20.361738,43.14344, Private, Some-college, Divorced, Craft-repair, Unmarried, White, Male, United-States, <=50K
34.77684,88952.6,11.862646,-370.25067,46.600132,46.25798, Private, Bachelors, Married-civ-spouse, Adm-clerical, Husband, White, Male, United-States, >50K
49.167458,261415.48,13.978945,-569.56244,16.999884,50.01478, Private, Bachelors, Married-civ-spouse, Sales, Husband, White, Male, United-States, <=50K
44.915962,195278.28,14.256797,407.19098,20.867537,73.99756, Private, Bachelors, Married-civ-spouse, Prof-specialty, Husband, White, Male, United-States, <=50K
51.257076,364655.7,9.2293005,-357.87848,-26.310999,58.3679, Private, HS-grad, Married-civ-spouse, Craft-repair, Husband, White, Male, United-States, >50K
29.741564,190675.11,9.153779,-1204.9629,17.54878,50.35363, Private, HS-grad, Married-civ-spouse, Prof-specialty, Husband, White, Male, United-States, <=50K
28.476473,284546.75,8.898205,732.71124,7.9368563,32.654827, Private, HS-grad, Married-civ-spouse, Adm-clerical, Husband, White, Male, United-States, <=50K
44.01353,157605.6,12.626562,-908.2341,-14.729548,43.837708, Private, Bachelors, Never-married, Prof-specialty, Own-child, White, Male, United-States, <=50K
16.763227,160740.3,9.842897,-49.96735,-11.524074,40.23422, Private, Some-college, Separated, Tech-support, Not-in-family, White, Female, United-States, <=50K
41.379112,229509.38,13.259274,-492.17108,-8.861918,38.415073, Private, Bachelors, Widowed, Adm-clerical, Unmarried, White, Female, United-States, <=50K
37.800064,78986.43,11.119323,-1073.3037,-0.9950665,30.027357, Private, Assoc-acdm, Divorced, Adm-clerical, Unmarried, White, Female, United-States, <=50K
37.461536,142814.11,11.916529,498.34888,8.223744,66.95309, Private, Bachelors, Married-civ-spouse, Craft-repair, Husband, White, Male, United-States, >50K
71.73966,86058.34,13.947173,1543.8889,20.6499,56.39851, Private, Bachelors, Widowed, Prof-specialty, Unmarried, White, Female, United-States, >50K
52.238674,234051.77,8.780566,122.37829,-20.809717,27.282295, Private, HS-grad, Divorced, Other-service, Not-in-family, White, Female, United-States, <=50K
41.45807,190865.28,9.109544,-257.31427,-7.4447737,5.214308, Private, HS-grad, Married-spouse-absent, Adm-clerical, Not-in-family, White, Male, United-States, <=50K
43.212646,430000.94,8.817855,242.51697,-3.6773481,34.589466, Private, HS-grad, Divorced, ?, Not-in-family, White, Female, United-States, <=50K
20.673449,71820.38,8.735157,-733.45294,877.7241,35.92829, Private, HS-grad, Separated, Other-service, Not-in-family, White, Male, United-States, <=50K
39.252804,209830.83,12.550197,-2312.5813,-11.100581,44.816055, Private, Bachelors, Divorced, Adm-clerical, Not-in-family, White, Male, United-States, >50K
23.463379,210304.95,9.9729805,2244.2742,-9.386897,53.24452, Private, HS-grad, Never-married, Machine-op-inspct, Own-child, White, Male, United-States, <=50K
22.707243,214469.28,8.571626,-1204.5339,8.833852,34.84439, Private, HS-grad, Divorced, Craft-repair, Own-child, White, Female, United-States, <=50K
50.0306,246771.92,9.011287,-1428.5784,2.132329,37.536327, Private, Some-college, Married-civ-spouse, Craft-repair, Husband, White, Male, United-States, <=50K
28.009651,98409.875,8.89135,-887.2293,-19.775599,46.104477, Private, HS-grad, Never-married, Handlers-cleaners, Own-child, White, Female, United-States, <=50K
48.05458,212263.12,13.350155,2039.6324,30.30947,41.11342, Private, Bachelors, Married-civ-spouse, Sales, Husband, White, Male, United-States, <=50K
34.3338,133074.58,8.844009,-253.52594,-13.695132,58.864468, Private, HS-grad, Divorced, Craft-repair, Unmarried, White, Male, United-States, <=50K
40.76613,106146.95,5.0487885,-111.660835,35.491367,41.237476, Private, HS-grad, Never-married, Farming-fishing, Not-in-family, White, Male, United-States, <=50K
54.060513,264586.4,13.677105,-1101.3171,16.230558,34.038376, ?, Bachelors, Divorced, ?, Not-in-family, White, Female, United-States, <=50K
23.520317,239278.48,9.848209,-126.795845,-14.586642,23.23466, ?, Some-college, Never-married, ?, Own-child, White, Male, United-States, <=50K
40.010242,226042.47,10.998682,-29.10419,-38.369617,28.972895, Private, Assoc-voc, Widowed, Craft-repair, Unmarried, White, Female, United-States, <=50K
39.759014,266822.53,13.644615,-417.75677,21.213804,30.57546, Private, Bachelors, Never-married, Prof-specialty, Own-child, White, Male, United-States, <=50K
37.785595,123357.766,10.094053,136.823,1.6765338,19.006529, Private, Some-college, Never-married, Craft-repair, Not-in-family, White, Female, United-States, <=50K
40.86559,146354.8,8.953545,477.3521,-33.81216,45.64712, Private, HS-grad, Never-married, Other-service, Not-in-family, White, Female, United-States, <=50K
18.744188,68511.18,9.0098295,-1321.2944,239.141,55.84037, Private, Some-college, Never-married, Handlers-cleaners, Own-child, White, Male, United-States, <=50K
41.03596,125659.47,10.279967,413.47778,-14.041385,70.33607, Private, HS-grad, Married-civ-spouse, Transport-moving, Husband, White, Male, United-States, <=50K
54.45954,176265.02,8.933979,4697.795,-32.84052,43.37388, Private, HS-grad, Divorced, Farming-fishing, Not-in-family, White, Male, United-States, >50K
51.20714,145907.06,12.689279,-369.50446,-5.506068,34.409206, Private, Bachelors, Never-married, Prof-specialty, Not-in-family, White, Female, United-States, <=50K
47.588432,178966.58,12.401863,-980.4041,25.139097,27.132263, ?, Assoc-acdm, Married-civ-spouse, ?, Not-in-family, White, Male, United-States, >50K
49.398937,225494.36,7.8770666,-272.47235,22.516348,28.472946, Private, HS-grad, Married-civ-spouse, Other-service, Husband, White, Male, United-States, <=50K
32.825302,242793.02,6.181714,664.5085,7.92455,43.01766, Private, HS-grad, Never-married, Exec-managerial, Not-in-family, White, Male, United-States, <=50K
30.296766,186287.17,9.709722,-690.39996,6.2150164,62.56361, Private, Some-college, Married-civ-spouse, Sales, Husband, White, Male, United-States, <=50K
29.671648,169758.4,9.950844,-171.45746,-6.747569,59.42691, Private, Some-college, Married-civ-spouse, Exec-managerial, Wife, White, Female, United-States, <=50K
42.60201,131170.73,9.059588,159.09955,13.00604,51.512703, Private, HS-grad, Never-married, Machine-op-inspct, Unmarried, White, Female, United-States, <=50K
28.760746,94935.73,3.9545412,-145.22198,-0.98448455,52.922886, Private, Some-college, Never-married, Other-service, Not-in-family, White, Male, United-States, <=50K
25.999044,99649.56,8.966989,748.9688,1241.1802,41.33074, Private, HS-grad, Never-married, Exec-managerial, Own-child, White, Male, United-States, <=50K
31.523352,205945.39,8.787506,1128.1475,2.550458,39.08508, Private, HS-grad, Married-civ-spouse, Transport-moving, Husband, White, Male, United-States, <=50K
44.96902,197199.98,8.73159,154.77716,13.443936,34.65512, Private, HS-grad, Married-civ-spouse, Craft-repair, Husband, White, Male, United-States, <=50K
25.091175,190845.95,9.532991,-283.68524,-11.40433,47.60313, Private, Some-college, Never-married, Handlers-cleaners, Not-in-family, White, Male, United-States, <=50K
22.897345,83441.445,8.511766,789.0735,-11.26414,25.039242, ?, HS-grad, Separated, ?, Not-in-family, White, Female, United-States, <=50K
53.46493,139657.25,10.164458,1046.8677,10.006932,35.95897, Private, Some-college, Married-civ-spouse, Protective-serv, Husband, White, Male, United-States, <=50K
37.475872,69155.375,9.88723,-1027.0383,-28.331911,35.488747, Private, HS-grad, Never-married, Sales, Other-relative, White, Female, United-States, <=50K
24.321629,285229.2,9.019701,14.242001,-0.12909974,23.19929, Private, Some-college, Never-married, Other-service, Own-child, White, Male, United-States, <=50K
39.805225,255815.0,12.480276,-832.4611,0.908208,44.742252, Private, Bachelors, Married-civ-spouse, Craft-repair, Husband, White, Male, United-States, <=50K
48.78842,123440.64,8.815152,282.34448,15.9371,50.638313, Private, HS-grad, Separated, Exec-managerial, Other-relative, White, Female, United-States, <=50K
21.790417,270595.97,7.9378953,-69.80915,-27.186213,50.238808, Private, HS-grad, Divorced, Farming-fishing, Own-child, White, Female, United-States, <=50K
43.59691,97744.1,8.914661,5304.3174,-4.2619505,38.682003, Private, HS-grad, Married-civ-spouse, Craft-repair, Husband, White, Male, United-States, >50K
15.312266,451030.66,5.6796083,-44.090397,13.703862,38.72365, Private, HS-grad, Never-married, Machine-op-inspct, Own-child, White, Female, United-States, <=50K
40.250378,195717.39,13.030554,-757.41864,-25.247103,29.41245, Private, Bachelors, Divorced, Machine-op-inspct, Unmarried, White, Male, United-States, <=50K
34.5569,304686.5,13.184619,-1149.0469,11.346921,46.024204, Private, Bachelors, Married-civ-spouse, Exec-managerial, Husband, White, Male, United-States, >50K
37.5683,123788.6,13.269957,-665.78644,28.706923,39.47012, Private, Bachelors, Married-civ-spouse, Prof-specialty, Husband, White, Male, United-States, >50K
44.25828,187779.39,11.635874,688.7151,16.0146,41.02044, Private, Assoc-voc, Married-civ-spouse, Craft-repair, Husband, White, Male, United-States, >50K
23.35192,137319.33,9.801483,-387.44867,17.070349,39.174324, Private, Some-college, Never-married, Adm-clerical, Own-child, White, Female, United-States, <=50K
45.53743,90815.25,14.727387,1907.7576,59.08359,38.496674, Private, Bachelors, Married-civ-spouse, Prof-specialty, Husband, White, Male, United-States, <=50K
47.9394,113840.11,9.394392,-341.2431,51.588234,36.602028, Private, Some-college, Married-civ-spouse, Sales, Husband, White, Male, United-States, <=50K
53.969955,43154.67,1.5734787,-245.67975,12.42442,37.638287, Private, HS-grad, Married-civ-spouse, Craft-repair, Husband, White, Male, United-States, <=50K
59.079197,202911.95,7.5760574,-344.52118,30.842794,20.771147, Private, HS-grad, Divorced, Other-service, Unmarried, White, Male, United-States, <=50K
25.430708,198939.64,9.789115,-29.613956,8.8084,41.458115, Private, Some-college, Never-married, Handlers-cleaners, Own-child, White, Male, United-States, <=50K
56.131382,166367.8,9.018036,527.74164,15.221608,24.81243, Private, HS-grad, Married-civ-spouse, Craft-repair, Husband, White, Male, United-States, <=50K
44.526585,87741.484,13.86423,-731.8619,-24.131418,56.559193, Private, Bachelors, Married-civ-spouse, Prof-specialty, Husband, White, Male, United-States, >50K
19.66119,326708.66,9.734205,45.299557,-33.00987,41.45701, Private, Some-college, Separated, Sales, Other-relative, White, Female, United-States, <=50K
36.140907,423963.28,8.337363,59.152157,9.911153,27.280022, ?, HS-grad, Never-married, ?, Other-relative, White, Male, United-States, <=50K
18.854172,233033.39,9.176518,-108.446236,-2.623088,32.341553, Private, HS-grad, Never-married, Craft-repair, Not-in-family, White, Female, United-States, <=50K
45.53783,132447.9,7.463627,576.12744,-9.312167,33.996315, Private, HS-grad, Separated, Exec-managerial, Unmarried, White, Male, United-States, <=50K
42.63608,167475.72,8.959467,38.73022,15.379285,34.03623, Private, HS-grad, Separated, Machine-op-inspct, Not-in-family, White, Female, United-States, <=50K
36.082268,114640.32,9.877232,-1080.1604,-6.2404356,54.315605, Private, Assoc-acdm, Married-spouse-absent, Other-service, Husband, White, Male, United-States, <=50K
25.21677,109193.49,13.710627,1551.6241,42.344585,64.787544, Private, Bachelors, Never-married, Protective-serv, Not-in-family, White, Male, United-States, <=50K
47.17355,62595.414,13.283614,-226.47894,25.529028,66.92965, Private, Bachelors, Married-civ-spouse, Transport-moving, Husband, White, Male, United-States, >50K
36.102222,213862.36,6.350849,3320.728,-38.666637,39.558907, Private, Some-college, Never-married, Tech-support, Own-child, White, Male, United-States, <=50K
61.60555,95116.086,8.832138,-204.76947,-5.4952726,41.52206, Private, HS-grad, Married-civ-spouse, Exec-managerial, Husband, White, Male, United-States, <=50K
45.112095,315615.0,8.3071,-1245.8345,-32.762447,12.877569, Private, HS-grad, Separated, Tech-support, Own-child, White, Female, United-States, <=50K
53.350304,56417.953,9.018617,-1102.8318,3.0686312,60.096096, Private, HS-grad, Married-civ-spouse, Craft-repair, Husband, White, Male, United-States, <=50K
63.758896,376943.22,8.814868,1081.1102,-10.487727,26.092525, ?, HS-grad, Divorced, ?, Not-in-family, White, Female, United-States, <=50K
53.77525,95893.94,4.0831323,324.02783,-14.109447,44.30834, ?, HS-grad, Married-spouse-absent, ?, Not-in-family, White, Male, United-States, <=50K
43.660294,131113.03,9.7053,-12.38129,-9.446826,26.906687, Private, Some-college, Divorced, Exec-managerial, Unmarried, White, Female, United-States, <=50K
78.40218,178688.0,7.959396,-1047.8022,-22.419588,50.271996, Private, Some-college, Married-civ-spouse, Sales, Husband, White, Male, United-States, >50K
33.58875,265670.44,8.371124,-39.035343,-10.276141,46.233982, Private, HS-grad, Divorced, Sales, Not-in-family, White, Male, United-States, <=50K
17.450579,198551.8,8.606102,3941.5693,-11.657512,24.4935, Private, HS-grad, Never-married, Handlers-cleaners, Own-child, White, Male, United-States, <=50K
41.7881,139952.06,9.434365,396.2602,8.283566,39.24568, Private, Assoc-voc, Married-civ-spouse, Sales, Husband, White, Male, United-States, <=50K
45.10322,44157.953,12.430375,-145.47565,36.600994,66.714066, Private, Bachelors, Married-civ-spouse, Other-service, Husband, White, Male, United-States, <=50K
18.743914,251132.67,5.467442,-84.562325,-29.102655,27.985994, Private, Some-college, Never-married, Handlers-cleaners, Own-child, White, Male, United-States, <=50K
38.688698,144194.42,11.428455,-388.67853,-19.934,64.65191, Private, Assoc-voc, Married-civ-spouse, Prof-specialty, Wife, White, Female, United-States, >50K
33.46606,43768.344,13.482131,-796.6949,14.124806,76.107216, Private, Bachelors, Married-civ-spouse, Prof-specialty, Husband, White, Female, United-States, <=50K
39.56001,142259.78,9.709911,-1435.5735,-4.491107,46.709675, Private, Some-college, Never-married, Sales, Not-in-family, White, Male, United-States, >50K
33.000233,167081.44,11.418973,-298.94525,23.51954,29.954563, ?, Assoc-voc, Married-civ-spouse, ?, Own-child, White, Female, United-States, <=50K
32.12923,440184.3,10.109111,-543.8566,-7.750247,48.615498, Private, Some-college, Never-married, Adm-clerical, Own-child, White, Female, United-States, <=50K
44.32829,158468.73,7.9022293,549.1368,-43.70123,46.143753, Private, HS-grad, Separated, Adm-clerical, Not-in-family, White, Female, United-States, <=50K
36.607964,117458.66,14.737489,-187.03583,4.689412,36.828186, Private, Bachelors, Never-married, Other-service, Not-in-family, White, Female, United-States, <=50K
35.68123,160935.38,14.064879,2447.8213,17.044172,51.168198, Private, Bachelors, Divorced, Prof-specialty, Not-in-family, White, Male, United-States, >50K
41.404434,72943.32,8.899741,172.54675,-49.139095,46.07117, Private, HS-grad, Never-married, Farming-fishing, Other-relative, White, Male, United-States, <=50K
29.302519,233520.48,11.138156,-637.84296,-35.230152,35.573772, Private, Assoc-voc, Married-civ-spouse, Prof-specialty, Wife, White, Female, United-States, <=50K
41.07188,138299.75,11.829766,-454.12177,1.7563449,38.328358, Private, Bachelors, Married-civ-spouse, Sales, Husband, White, Male, United-States, <=50K
41.88825,188816.55,9.76011,-181.95636,-11.542117,22.883732, ?, Some-college, Divorced, ?, Not-in-family, White, Female, United-States, <=50K
41.504192,342667.4,9.532518,-592.8593,-2.8016539,38.53644, Private, HS-grad, Divorced, Machine-op-inspct, Not-in-family, White, Female, United-States, <=50K
47.428246,181145.0,8.527781,4255.006,-27.472315,40.65978, Private, HS-grad, Married-civ-spouse, Prof-specialty, Husband, White, Male, United-States, >50K
27.415329,157010.97,9.8722105,-752.6785,28.187956,38.26644, Private, Some-college, Married-civ-spouse, Craft-repair, Husband, White, Male, United-States, <=50K
34.511948,220804.6,7.2159824,885.4712,-1.561984,32.90653, Private, HS-grad, Married-civ-spouse, Sales, Husband, White, Male, United-States, <=50K
27.085812,252512.94,12.707355,-1245.8259,78.595406,16.628187, Private, Bachelors, Married-civ-spouse, Sales, Other-relative, White, Male, United-States, <=50K
60.568012,197704.67,6.743248,-703.705,2.2982454,42.011074, ?, Some-college, Divorced, ?, Not-in-family, White, Male, United-States, <=50K
43.230812,99525.32,13.454809,205.66736,-5.858897,42.51578, Private, Bachelors, Separated, Adm-clerical, Other-relative, White, Male, United-States, >50K
50.1483,149954.78,13.147372,-516.4743,27.374136,42.222126, Private, Bachelors, Never-married, Other-service, Not-in-family, White, Female, United-States, >50K
31.030092,147866.97,11.246976,-463.71637,18.547293,57.352077, Private, Assoc-voc, Never-married, Machine-op-inspct, Not-in-family, White, Male, United-States, <=50K
32.533916,186666.86,9.718398,-31.219303,-26.813967,22.543526, Private, Some-college, Never-married, Sales, Own-child, White, Female, United-States, <=50K
56.378822,71834.875,12.816393,1791.9827,-14.60905,33.979584, Private, Bachelors, Married-civ-spouse, Farming-fishing, Husband, White, Male, United-States, >50K
52.75864,34961.17,11.991409,-225.28827,-12.406489,40.523598, Private, Bachelors, Divorced, Prof-specialty, Not-in-family, White, Female, United-States, <=50K
43.70185,69711.11,12.805363,2051.0776,63.764393,38.115917, Private, Bachelors, Married-civ-spouse, Prof-specialty, Husband, White, Male, United-States, <=50K
23.40851,132973.33,9.737891,65.29937,-19.612055,41.89638, Private, Some-college, Never-married, Sales, Not-in-family, White, Female, United-States, <=50K
18.698616,338497.47,5.14001,254.92834,-10.011058,41.325836, Private, HS-grad, Married-civ-spouse, Machine-op-inspct, Husband, White, Male, United-States, <=50K
18.81877,150541.44,8.881199,-889.84076,-9.888026,19.444525, Private, HS-grad, Never-married, Prof-specialty, Own-child, White, Male, United-States, <=50K
25.03585,234207.05,9.872378,-797.8713,-17.892405,46.481293, Private, Some-college, Never-married, Exec-managerial, Not-in-family, White, Female, United-States, <=50K
65.78378,143964.31,7.973373,-524.09235,9.259999,41.06604, Private, HS-grad, Married-civ-spouse, Transport-moving, Husband, White, Male, United-States, >50K
21.692537,346710.7,11.825356,-440.2209,30.371367,38.380154, Private, Assoc-acdm, Never-married, Exec-managerial, Unmarried, White, Female, United-States, <=50K
42.77289,264177.25,12.094871,-642.0744,38.04891,46.538322, Private, Bachelors, Married-civ-spouse, Other-service, Husband, White, Male, United-States, >50K
60.841873,107016.07,12.109297,-220.85406,-12.238757,33.967937, Private, Bachelors, Married-civ-spouse, Sales, Husband, White, Male, United-States, <=50K
28.65711,88532.29,9.642434,452.4787,13.039144,40.567345, Private, Some-college, Never-married, Craft-repair, Not-in-family, White, Male, United-States, <=50K
38.600075,116063.49,8.956037,-779.2978,1.6840411,34.673965, Private, HS-grad, Married-civ-spouse, Craft-repair, Husband, White, Male, United-States, >50K
50.30995,123408.95,12.025533,-842.22125,59.223854,52.75558, Private, Bachelors, Married-civ-spouse, Other-service, Husband, White, Male, United-States, <=50K
45.21861,61530.6,9.0281105,1146.0159,34.82757,45.567753, Private, HS-grad, Married-civ-spouse, Adm-clerical, Wife, White, Female, United-States, >50K
34.487347,290194.5,12.508251,-1038.251,-0.9365033,38.484715, Private, Bachelors, Married-civ-spouse, Adm-clerical, Husband, White, Male, United-States, <=50K
60.35774,189732.89,12.518397,242.33386,-6.401469,50.039192, Private, Bachelors, Married-civ-spouse, Prof-specialty, Husband, White, Male, United-States, >50K
39.9396,281820.66,7.8683205,2479.5044,-9.639491,44.196857, Private, Some-college, Married-civ-spouse, Transport-moving, Husband, White, Male, United-States, >50K
27.369032,355793.72,3.9823008,-498.6081,-18.119043,28.294304, Private, HS-grad, Separated, Machine-op-inspct, Unmarried, White, Female, United-States, <=50K
26.070175,326191.84,9.780704,-327.5661,-29.25081,27.265854, Private, Some-college, Separated, Craft-repair, Own-child, White, Male, United-States, <=50K
21.951916,168451.25,9.092849,-555.45465,-2.5366545,38.169483, Private, HS-grad, Never-married, ?, Own-child, White, Female, United-States, <=50K
21.857098,259647.67,9.858503,-407.95563,23.207586,43.654373, Private, Some-college, Married-civ-spouse, Craft-repair, Husband, White, Male, United-States, <=50K
55.077007,121867.26,8.916064,352.8664,-19.81788,38.723274, Private, HS-grad, Divorced, Craft-repair, Not-in-family, White, Female, United-States, <=50K
32.046986,225629.95,13.019357,2322.755,12.143849,62.350357, Private, Bachelors, Married-civ-spouse, Exec-managerial, Husband, White, Male, United-States, >50K
48.615673,230893.02,12.202043,5960.6104,1060.4249,37.289555, Private, Bachelors, Married-civ-spouse, Exec-managerial, Husband, White, Male, United-States, >50K
48.758625,185240.0,14.10042,13461.153,11.848645,52.35887, Private, Bachelors, Married-civ-spouse, Prof-specialty, Husband, White, Male, United-States, >50K
23.324028,127897.39,8.671338,-117.724434,-19.11757,27.201292, Private, HS-grad, Never-married, Other-service, Own-child, White, Male, United-States, <=50K
42.051414,181403.83,13.026283,-830.4268,19.030005,39.645622, Private, Bachelors, Married-civ-spouse, Exec-managerial, Husband, White, Male, United-States, >50K
25.451262,252937.34,9.000394,-352.06268,10.204366,35.5682, Private, HS-grad, Never-married, Craft-repair, Own-child, White, Male, United-States, <=50K
30.787355,185109.25,14.100695,-765.7575,27.20619,12.666849, Private, Bachelors, Married-civ-spouse, Prof-specialty, Wife, White, Female, United-States, >50K
44.68896,358242.62,8.054559,-561.96295,13.630826,42.350643, Private, Some-college, Married-civ-spouse, Other-service, Husband, White, Male, United-States, <=50K
28.595938,63643.977,9.99255,-681.94403,43.48158,54.797398, Private, Some-college, Married-civ-spouse, Exec-managerial, Husband, White, Male, United-States, >50K
42.06,84327.12,8.840944,-911.9476,493.7563,38.276783, Private, HS-grad, Divorced, Other-service, Not-in-family, White, Male, United-States, <=50K
30.070366,150910.94,9.002032,-154.70013,-57.457027,49.47259, Private, HS-grad, Separated, Prof-specialty, Unmarried, White, Female, United-States, <=50K
34.218452,142378.7,11.292641,-1522.3782,-32.225544,73.95206, Private, Assoc-acdm, Divorced, Craft-repair, Unmarried, White, Male, United-States, <=50K
23.374214,107318.77,11.688907,-1089.2698,-15.376391,38.562435, Private, Bachelors, Never-married, Sales, Own-child, White, Male, United-States, <=50K
45.686146,356021.97,12.925606,-385.82904,25.738897,41.842316, Private, Bachelors, Married-civ-spouse, Sales, Husband, White, Male, United-States, <=50K
49.760002,346658.6,8.421935,-591.3525,5.5251284,42.129833, Private, HS-grad, Married-civ-spouse, Craft-repair, Husband, White, Male, United-States, >50K
52.777645,94079.125,9.091754,5919.1494,9.499219,38.545826, Private, HS-grad, Married-civ-spouse, Machine-op-inspct, Husband, White, Male, United-States, <=50K
43.478172,269893.56,8.5984125,-638.9681,17.505774,36.863697, Private, HS-grad, Married-civ-spouse, Sales, Husband, White, Male, United-States, <=50K
30.74599,249885.17,8.101356,8693.144,14.922254,43.64237, Private, HS-grad, Married-civ-spouse, Exec-managerial, Husband, White, Male, United-States, >50K
34.48189,241321.23,8.952298,-1044.1799,19.879263,69.06387, Private, HS-grad, Married-civ-spouse, Other-service, Husband, White, Male, United-States, >50K
63.020008,293252.0,12.09358,-1046.2964,29.22598,33.65284, Private, Bachelors, Married-civ-spouse, Other-service, Not-in-family, White, Male, United-States, <=50K
19.383213,59756.977,9.816198,-250.00006,5.460248,20.272554, Private, Some-college, Never-married, Adm-clerical, Own-child, White, Female, United-States, <=50K
41.582592,44071.75,9.98052,-483.9754,9.806958,47.42896, Private, Some-college, Never-married, Sales, Not-in-family, White, Male, United-States, <=50K
48.01264,54721.39,9.042104,-799.39166,-4.526347,76.87382, Private, HS-grad, Married-civ-spouse, Prof-specialty, Husband, White, Male, United-States, >50K
50.496975,280254.78,8.799238,-720.89825,10.570165,41.6579, Private, HS-grad, Married-civ-spouse, Exec-managerial, Husband, White, Male, United-States, >50K
25.05977,447544.8,7.8072286,-1003.1342,8.514691,55.935535, Private, HS-grad, Never-married, Adm-clerical, Own-child, White, Male, United-States, <=50K
33.03358,274240.03,13.103684,161.1084,-20.600252,11.313345, Private, Bachelors, Never-married, Prof-specialty, Unmarried, White, Female, United-States, <=50K
30.459856,238547.25,11.521402,-619.6589,-43.98866,43.130013, Private, Bachelors, Never-married, Other-service, Own-child, White, Female, United-States, <=50K
32.196964,146889.92,15.729304,-325.93024,11.59715,40.553555, Private, Bachelors, Never-married, Exec-managerial, Unmarried, White, Female, United-States, >50K
39.68533,133210.12,12.522083,-546.5479,9.9875765,34.53998, Private, Bachelors, Married-civ-spouse, Prof-specialty, Husband, White, Male, United-States, <=50K
30.072283,214613.47,8.6236315,-930.79156,-36.487377,32.394207, Private, HS-grad, Never-married, Transport-moving, Own-child, White, Male, United-States, <=50K
38.31171,178768.72,13.310012,-740.4925,15.684316,54.814034, Private, Bachelors, Never-married, Exec-managerial, Not-in-family, White, Male, United-States, <=50K
31.161425,133222.42,14.282945,-1059.7175,68.511215,73.42103, Private, Bachelors, Married-civ-spouse, Prof-specialty, Husband, White, Male, United-States, >50K
39.10826,265710.47,8.845175,-134.55975,22.73609,40.87923, Private, HS-grad, Married-civ-spouse, Craft-repair, Husband, White, Male, United-States, <=50K
61.301334,114004.06,11.683805,-634.32623,-12.945247,51.104336, Private, Bachelors, Married-civ-spouse, Prof-specialty, Husband, White, Male, United-States, >50K
33.85243,128333.13,12.508914,-1428.7573,43.691387,31.155264, Private, Bachelors, Married-civ-spouse, Sales, Husband, White, Male, United-States, >50K
31.232187,169718.8,13.084435,-519.18964,20.188131,39.39974, Private, Bachelors, Married-civ-spouse, Sales, Husband, White, Male, United-States, >50K
31.661654,127172.695,9.300143,6935.0957,17.257627,42.676277, Private, HS-grad, Married-civ-spouse, Adm-clerical, Husband, White, Male, United-States, >50K
37.552917,146938.47,6.2153816,-1072.0149,5.9368563,49.07752, Private, Some-college, Married-civ-spouse, Transport-moving, Husband, White, Male, United-States, <=50K
41.43177,81033.83,13.702888,823.6168,15.962605,52.134186, Private, Bachelors, Married-civ-spouse, Exec-managerial, Not-in-family, White, Male, United-States, <=50K
31.193998,132673.95,9.785003,-496.73846,21.859808,41.34207, Private, Some-college, Married-civ-spouse, Sales, Husband, White, Male, United-States, <=50K
34.305634,420719.06,9.257026,-694.1209,-45.859386,53.083614, Private, HS-grad, Never-married, Handlers-cleaners, Unmarried, White, Male, United-States, <=50K
40.169834,229962.38,5.630171,494.76044,19.876806,40.682026, Private, HS-grad, Married-civ-spouse, Machine-op-inspct, Husband, White, Male, United-States, <=50K
36.738636,443075.16,8.949617,-1082.0027,52.230667,41.117683, Private, HS-grad, Married-civ-spouse, Adm-clerical, Wife, White, Female, United-States, >50K
24.269531,207065.88,11.22819,457.13232,-14.257998,48.79484, Private, Assoc-acdm, Never-married, Protective-serv, Own-child, White, Male, United-States, <=50K
49.620716,154271.36,9.286457,-94.04194,-19.554773,38.6205, Private, HS-grad, Never-married, Sales, Not-in-family, White, Male, United-States, <=50K
45.686123,224339.22,9.564297,585.07336,-18.132372,36.62919, Private, HS-grad, Married-civ-spouse, Transport-moving, Not-in-family, White, Male, United-States, >50K
97.192894,88844.13,8.633101,-107.795845,-15.865054,19.354399, Private, HS-grad, Married-civ-spouse, Handlers-cleaners, Husband, White, Male, United-States, <=50K
33.448513,82835.734,12.405371,54687.195,-29.434534,36.472553, Private, Assoc-acdm, Married-civ-spouse, Machine-op-inspct, Husband, White, Male, United-States, <=50K
26.440397,170930.9,12.105986,-920.86957,-10.218799,42.481647, Private, Bachelors, Never-married, Craft-repair, Own-child, White, Male, United-States, <=50K
44.076023,225679.06,9.634092,-894.1088,11.995519,46.34959, Private, Some-college, Married-civ-spouse, Sales, Husband, White, Male, United-States, <=50K
30.455854,136162.75,12.975661,290.01422,-51.462414,40.21551, Private, Bachelors, Married-civ-spouse, Sales, Own-child, White, Male, United-States, >50K
51.445004,263042.47,4.620369,-433.17035,-21.070543,31.617369, Private, Some-college, Married-civ-spouse, Handlers-cleaners, Husband, White, Male, United-States, >50K
52.332447,149065.23,11.94885,-351.24994,18.0967,38.83207, Private, Assoc-acdm, Married-civ-spouse, Prof-specialty, Husband, White, Male, United-States, >50K
36.647427,76786.36,12.762045,-976.3825,10.6113405,33.281254, Private, Bachelors, Divorced, Prof-specialty, Unmarried, White, Female, United-States, >50K
60.944115,137552.0,8.809484,-790.378,-11.754481,38.031834, Private, HS-grad, Married-civ-spouse, Machine-op-inspct, Husband, White, Male, United-States, <=50K
30.634804,128393.6,9.746565,-831.20404,17.681005,40.29292, Private, Some-college, Married-civ-spouse, Adm-clerical, Husband, White, Male, United-States, >50K
34.109768,244662.8,13.388982,-349.03766,13.309346,30.966534, Private, Bachelors, Never-married, Prof-specialty, Not-in-family, White, Female, United-States, <=50K
38.366688,214228.34,8.734998,753.3474,12.263349,37.561054, Private, HS-grad, Separated, Adm-clerical, Not-in-family, White, Male, United-States, <=50K
24.11492,204669.16,10.445688,-165.93085,16.2227,34.258762, ?, Some-college, Married-civ-spouse, ?, Wife, White, Female, United-States, <=50K
40.372437,319327.16,9.66333,-493.3249,-2.2794752,38.852215, Private, Some-college, Divorced, Craft-repair, Not-in-family, White, Male, United-States, <=50K
37.891968,289110.5,12.249298,-60.535465,8.407422,40.312176, Private, Bachelors, Widowed, Other-service, Not-in-family, White, Male, United-States, >50K
35.384842,277046.28,8.904876,-237.72601,28.451036,39.222084, Private, HS-grad, Married-civ-spouse, Machine-op-inspct, Husband, White, Male, United-States, <=50K
56.01548,160548.08,9.87927,-454.41998,3.1767702,45.060883, Private, Some-college, Married-civ-spouse, Prof-specialty, Husband, White, Male, United-States, <=50K
35.13093,236739.28,12.928423,-515.42474,-103.59899,40.475105, Private, Bachelors, Married-spouse-absent, Sales, Own-child, White, Female, United-States, >50K
35.52023,9415.188,9.907275,-1599.2827,-11.299006,2.4873178, Private, Some-college, Married-civ-spouse, Sales, Husband, White, Female, United-States, >50K
27.272001,367366.3,8.988379,-851.9528,28.65341,38.236404, Private, HS-grad, Married-civ-spouse, Other-service, Husband, White, Male, United-States, <=50K
41.37375,549774.5,13.045269,340.7928,21.716322,39.021397, Private, Assoc-acdm, Married-spouse-absent, Prof-specialty, Unmarried, White, Female, United-States, <=50K
67.75967,336352.94,4.779918,841.3433,-0.39063537,36.40385, ?, HS-grad, Divorced, ?, Unmarried, White, Female, United-States, <=50K
38.90365,367168.06,9.790755,-391.13324,-2.5152082,42.112076, Private, Some-college, Married-civ-spouse, Exec-managerial, Husband, White, Male, United-States, >50K
49.58433,413688.9,12.899447,4020.479,21.685736,35.56388, Private, Bachelors, Married-civ-spouse, Prof-specialty, Wife, White, Female, United-States, >50K
32.706417,403071.0,12.616761,2015.2667,13.002439,63.165005, Private, Bachelors, Married-civ-spouse, Prof-specialty, Husband, White, Male, United-States, >50K
24.066307,383003.7,4.6528616,-71.52705,-54.19151,30.794472, Private, Some-college, Married-civ-spouse, Prof-specialty, Husband, White, Male, United-States, <=50K
49.261517,118248.16,9.677705,285.00958,-46.37991,43.025635, Private, Some-college, Never-married, Adm-clerical, Unmarried, White, Female, United-States, <=50K
32.118305,93186.09,13.661887,-182.70734,0.02312194,47.047215, Private, Bachelors, Widowed, Exec-managerial, Not-in-family, White, Female, United-States, <=50K
30.315351,126897.7,8.869883,-303.50775,2.8711214,40.602566, Private, HS-grad, Married-civ-spouse, Exec-managerial, Husband, White, Male, United-States, <=50K
22.678612,204457.72,11.825455,119.4696,7.4001513,41.452217, ?, Bachelors, Never-married, ?, Own-child, White, Male, United-States, <=50K
47.198505,115882.164,9.782207,-535.85834,11.070798,56.766785, Private, HS-grad, Married-civ-spouse, Exec-managerial, Husband, White, Male, United-States, >50K
29.87783,204172.34,8.899974,-800.6878,11.712178,44.499886, Private, HS-grad, Married-civ-spouse, Craft-repair, Husband, White, Male, United-States, <=50K
21.58821,87307.0,8.400569,7472.2817,5.09937,33.064545, Private, HS-grad, Never-married, Sales, Own-child, White, Male, United-States, <=50K
36.30657,94294.07,9.716326,-167.90228,-39.82616,37.090435, Private, Some-college, Never-married, Craft-repair, Own-child, White, Female, United-States, <=50K
30.370394,223464.62,8.968745,-9.028629,-37.82014,11.008032, Private, HS-grad, Widowed, Handlers-cleaners, Not-in-family, White, Female, United-States, <=50K
32.02191,270025.06,11.92319,-130.77045,18.953344,43.359764, Private, Bachelors, Married-civ-spouse, Exec-managerial, Husband, White, Male, United-States, >50K
62.432003,182137.2,11.496056,-689.99493,1.2134067,6.710478, Private, Assoc-voc, Married-civ-spouse, Prof-specialty, Wife, White, Female, United-States, <=50K
18.479382,527654.6,7.742952,-412.45404,-52.252575,31.143044, Private, HS-grad, Separated, Handlers-cleaners, Own-child, White, Female, United-States, <=50K
37.45999,22803.64,8.770667,-1286.6521,204.0002,34.324356, Private, HS-grad, Divorced, Prof-specialty, Own-child, White, Female, United-States, <=50K
44.68194,103693.26,9.781709,-1266.1982,12.491223,49.486263, Private, Some-college, Married-civ-spouse, Transport-moving, Husband, White, Male, United-States, <=50K
42.003635,94074.88,12.998492,524.7906,12.762067,62.403828, Private, Bachelors, Married-civ-spouse, Prof-specialty, Husband, White, Male, United-States, >50K
63.785313,186410.84,8.35722,-178.20587,1145.0988,39.797424, Private, HS-grad, Married-civ-spouse, Transport-moving, Husband, White, Male, United-States, <=50K
31.47027,228869.2,9.759839,-230.40704,-24.465586,22.42636, Private, Some-college, Never-married, Sales, Own-child, White, Male, United-States, <=50K
34.04796,198099.34,11.949774,35.0675,21.128408,40.90115, Private, Bachelors, Married-civ-spouse, Sales, Husband, White, Male, United-States, >50K
51.050575,198931.05,9.861324,-1385.8716,-20.45193,19.941675, Private, Some-college, Married-civ-spouse, Farming-fishing, Wife, White, Female, United-States, <=50K
47.491615,33112.766,8.88905,119.94897,2.2805681,46.766933, Private, HS-grad, Divorced, Machine-op-inspct, Not-in-family, White, Female, United-States, <=50K
46.348763,60789.234,9.146548,719.47205,-42.223843,52.062153, Private, HS-grad, Married-civ-spouse, Adm-clerical, Husband, White, Male, United-States, <=50K
35.35644,166858.72,4.359644,-881.8647,-35.188564,17.87628, Private, Some-college, Never-married, Transport-moving, Own-child, White, Male, United-States, <=50K
32.229588,198353.14,11.477404,3762.489,-23.054308,42.71478, Private, Assoc-acdm, Married-civ-spouse, Prof-specialty, Husband, White, Male, United-States, >50K
39.395912,275066.16,11.763499,-1046.4585,-19.909266,44.956116, Private, Bachelors, Divorced, Prof-specialty, Unmarried, White, Female, United-States, <=50K
46.36394,363548.44,7.0231433,396.54358,3.442357,39.749607, Private, Some-college, Married-civ-spouse, Handlers-cleaners, Husband, White, Male, United-States, <=50K
27.156181,180215.81,13.200056,2530.9502,39.458645,43.842503, Private, Bachelors, Never-married, Machine-op-inspct, Own-child, White, Male, United-States, <=50K
17.760447,451274.4,9.52008,-75.60236,-25.493029,40.98353, Private, Some-college, Separated, Craft-repair, Own-child, White, Female, United-States, <=50K
40.35573,403025.78,13.186448,-129.93927,0.2664081,32.65775, Private, Bachelors, Married-civ-spouse, Prof-specialty, Husband, White, Male, United-States, >50K
42.190334,169698.36,8.823912,722.06586,12.128972,40.663963, Private, HS-grad, Never-married, Craft-repair, Not-in-family, White, Male, United-States, <=50K
48.10469,104471.38,12.870486,-1058.938,34.05202,42.65445, Private, Bachelors, Married-civ-spouse, Prof-specialty, Husband, White, Male, United-States, <=50K
24.89937,118345.93,9.776619,-1544.4487,-11.961818,48.784714, Private, Some-college, Never-married, Sales, Own-child, White, Male, United-States, <=50K
47.80235,123563.28,6.784716,-777.7635,-18.294596,32.05201, Private, HS-grad, Married-civ-spouse, Craft-repair, Other-relative, White, Male, United-States, <=50K
27.418264,230237.64,7.5743375,-1102.5691,4.3880816,34.383568, Private, HS-grad, Never-married, Other-service, Not-in-family, White, Male, United-States, >50K
43.982033,278896.62,10.097315,-1089.1936,3.137044,12.9246025, Private, Some-college, Married-civ-spouse, Prof-specialty, Husband, White, Male, United-States, <=50K
25.176117,111328.8,8.626491,43.41589,-11.802272,66.32536, Private, HS-grad, Never-married, Adm-clerical, Unmarried, White, Female, United-States, <=50K
66.046135,228054.5,2.49432,291.34515,-23.14071,40.62224, Private, Some-college, Married-civ-spouse, Handlers-cleaners, Husband, White, Male, United-States, <=50K
59.072533,201557.95,8.593145,709.4937,-21.545603,35.397015, ?, HS-grad, Separated, ?, Other-relative, White, Female, United-States, <=50K
36.2256,207778.66,9.605002,149.19891,-21.28995,46.7694, Private, Some-college, Divorced, Exec-managerial, Unmarried, White, Female, United-States, <=50K
24.007608,147955.3,8.536951,439.5066,3.2356768,30.703968, Private, HS-grad, Never-married, Craft-repair, Unmarried, White, Male, United-States, <=50K
36.140106,298545.25,9.006079,572.8696,54.73068,46.687878, Private, HS-grad, Married-civ-spouse, Machine-op-inspct, Husband, White, Male, United-States, >50K
51.701637,190724.69,11.77203,4994.021,3.6985292,48.654427, Private, Assoc-acdm, Married-civ-spouse, Adm-clerical, Own-child, White, Female, United-States, <=50K
30.634062,132461.4,8.261177,-82.705635,-1.1572446,48.574142, Private, Some-college, Never-married, Craft-repair, Not-in-family, White, Female, United-States, <=50K
20.473465,324460.4,10.194036,-70.89423,-10.05614,28.704733, Private, Assoc-acdm, Married-spouse-absent, Sales, Own-child, White, Female, United-States, <=50K
52.74855,103605.4,10.208029,-707.06696,21.022871,41.402756, Private, HS-grad, Married-civ-spouse, Sales, Wife, White, Female, United-States, <=50K
23.542547,79012.88,9.566648,-738.5247,34.43433,40.533535, Private, Some-college, Divorced, Exec-managerial, Unmarried, White, Female, United-States, <=50K
33.721104,260301.89,12.84281,-758.17096,30.330103,53.24165, Private, Bachelors, Married-civ-spouse, Sales, Husband, White, Male, United-States, >50K
69.732254,63126.164,15.040405,-1064.1133,-20.319117,55.083405, Private, Bachelors, Married-civ-spouse, Prof-specialty, Husband, White, Male, United-States, <=50K
35.48878,63484.47,13.587572,-349.88055,43.61861,24.659748, Private, Bachelors, Married-civ-spouse, Exec-managerial, Not-in-family, White, Male, United-States, <=50K
56.763184,45113.78,12.597941,4030.0544,12.038709,67.9575, Private, Bachelors, Married-civ-spouse, Prof-specialty, Husband, White, Male, United-States, >50K
36.0294,302494.62,9.047692,-77.05244,-0.6286191,57.585793, Private, HS-grad, Never-married, Sales, Own-child, White, Female, United-States, <=50K
23.343266,207348.77,7.932488,-491.51324,25.10237,40.46222, Private, HS-grad, Married-civ-spouse, Craft-repair, Husband, White, Male, United-States, <=50K
26.318663,107800.016,10.335197,-862.28766,31.98393,66.01064, Private, Some-college, Never-married, Other-service, Not-in-family, White, Male, United-States, <=50K
26.945255,192990.02,9.557392,-309.48566,-23.856005,73.28631, Private, Some-college, Never-married, Other-service, Unmarried, White, Male, United-States, <=50K
50.66694,140756.88,6.3953185,347.3938,-30.98482,20.57313, Private, HS-grad, Never-married, Adm-clerical, Unmarried, White, Female, United-States, <=50K
48.9304,161641.38,4.8717904,-220.59369,13.782277,41.97772, Private, HS-grad, Married-civ-spouse, Machine-op-inspct, Husband, White, Male, United-States, <=50K
41.759876,57149.594,8.874273,-201.7796,-20.227198,41.978992, Private, HS-grad, Never-married, Other-service, Not-in-family, White, Male, United-States, <=50K
41.601627,211363.16,9.15581,-354.46576,4.3169374,42.211147, Private, HS-grad, Married-civ-spouse, Other-service, Husband, White, Male, United-States, <=50K
32.281105,71847.36,8.568879,-180.87738,9.357007,40.80834, Private, HS-grad, Widowed, Other-service, Unmarried, White, Female, United-States, <=50K
47.22084,643676.56,5.177096,10.187313,-17.952326,39.433125, Private, Some-college, Married-civ-spouse, ?, Husband, White, Male, United-States, <=50K
26.843334,60011.5,9.099104,448.4818,-27.460573,44.09375, Private, HS-grad, Never-married, Prof-specialty, Not-in-family, White, Female, United-States, <=50K
24.495441,100201.72,8.969918,3863.0537,-20.835215,38.79006, Private, HS-grad, Never-married, Exec-managerial, Own-child, White, Male, United-States, <=50K
27.791197,69175.234,6.3337183,-1062.8318,-23.090921,29.787085, Private, Some-college, Married-civ-spouse, Adm-clerical, Husband, White, Male, United-States, <=50K
50.61742,53226.14,8.892575,-995.41327,-12.813128,47.73714, Private, HS-grad, Divorced, Craft-repair, Own-child, White, Male, United-States, <=50K
49.971966,159458.23,8.644132,-884.21075,-13.885356,25.422007, Private, HS-grad, Widowed, Other-service, Unmarried, White, Female, United-States, <=50K
50.414875,162543.33,8.284687,-1336.7244,11.7972,46.645134, ?, HS-grad, Married-civ-spouse, ?, Husband, White, Male, United-States, >50K
38.223415,186425.83,13.405767,-708.60406,22.746092,57.050354, Private, Bachelors, Married-civ-spouse, Craft-repair, Husband, White, Male, United-States, <=50K
32.834805,124666.24,13.497296,-180.54218,-11.452884,33.11103, ?, Bachelors, Married-spouse-absent, ?, Own-child, White, Male, United-States, <=50K
25.722889,67554.15,9.013181,1244.2452,-4.4823637,38.88511, Private, HS-grad, Never-married, Adm-clerical, Not-in-family, White, Female, United-States, <=50K
58.12048,159442.52,12.551897,-871.5954,-2.7057142,44.66885, Private, Bachelors, Married-civ-spouse, Adm-clerical, Husband, White, Male, United-States, >50K
50.00925,164702.66,8.475207,735.98645,-9.767711,-5.246599, Private, Some-college, Married-civ-spouse, Prof-specialty, Husband, White, Male, United-States, >50K
31.891415,374959.8,11.804234,1404.5477,28.900503,39.166786, Private, Bachelors, Married-civ-spouse, Sales, Husband, White, Male, United-States, <=50K
57.631626,209679.3,9.596151,-1105.4641,1.8932468,36.649708, Private, Some-college, Married-civ-spouse, Transport-moving, Husband, White, Male, United-States, >50K
50.214016,319949.47,6.9480095,-159.37775,-25.921968,29.689913, Private, HS-grad, Never-married, Other-service, Other-relative, White, Male, United-States, <=50K
26.425434,153252.6,9.039611,102.888054,-7.7090635,40.464813, Private, HS-grad, Never-married, Craft-repair, Own-child, White, Female, United-States, <=50K
52.982872,261451.25,3.1411753,498.39856,11.589284,44.034607, Private, Some-college, Divorced, Craft-repair, Not-in-family, White, Male, United-States, <=50K
44.442303,153946.56,4.568348,-332.55463,-1.8639325,41.353104, Private, Some-college, Divorced, Craft-repair, Not-in-family, White, Male, United-States, <=50K
24.002016,261715.55,4.001977,-215.60529,-2.086215,38.459026, Private, Some-college, Married-civ-spouse, Sales, Husband, White, Male, United-States, <=50K
24.649502,131534.64,11.452528,-1623.3428,57.07605,40.07024, Private, Assoc-voc, Divorced, Craft-repair, Unmarried, White, Male, United-States, <=50K
51.26947,210312.23,11.690431,211.63745,-51.648876,37.783546, Private, Bachelors, Separated, Farming-fishing, Not-in-family, White, Male, United-States, <=50K
33.581074,204177.6,7.406912,-53.448673,-11.431605,26.258272, Private, HS-grad, Married-civ-spouse, Sales, Husband, White, Male, United-States, <=50K
33.45715,101388.98,10.563801,-467.8543,5.132016,33.020744, ?, Some-college, Never-married, ?, Not-in-family, White, Male, United-States, <=50K
35.22449,228032.1,13.220728,5262.849,30.44552,44.4751, Private, Bachelors, Married-civ-spouse, Exec-managerial, Husband, White, Male, United-States, >50K
45.295242,307428.47,9.225192,4615.3345,-5.765155,39.13531, Private, HS-grad, Married-civ-spouse, Sales, Husband, White, Male, United-States, >50K
32.978462,203625.11,5.087737,-46.797672,-26.406816,41.503826, Private, Some-college, Divorced, Sales, Unmarried, White, Female, United-States, <=50K
51.300327,119568.93,8.863145,-814.28705,13.010846,25.080101, Private, HS-grad, Divorced, Craft-repair, Not-in-family, White, Male, United-States, <=50K
34.488274,305947.0,8.900959,-306.41766,-5.598254,39.204666, Private, HS-grad, Married-civ-spouse, Sales, Husband, White, Male, United-States, <=50K
45.72383,266256.75,9.5011425,-476.92926,-37.067303,26.500412, Private, Some-college, Divorced, Adm-clerical, Unmarried, White, Female, United-States, <=50K
29.860817,193870.4,12.608704,-252.09686,13.729871,44.146927, Private, Bachelors, Married-spouse-absent, Exec-managerial, Not-in-family, White, Female, United-States, <=50K
34.638107,264063.34,8.827062,950.12067,20.870222,40.33595, Private, HS-grad, Married-civ-spouse, Craft-repair, Husband, White, Male, United-States, <=50K
26.453217,136413.23,12.688949,353.54034,-16.446718,38.40295, Private, Bachelors, Never-married, Prof-specialty, Not-in-family, White, Male, United-States, <=50K
41.28245,70928.28,11.229638,2685.3271,-39.18253,73.17956, Private, Assoc-acdm, Married-civ-spouse, Sales, Husband, White, Male, United-States, >50K
59.287567,101860.9,10.031808,-19.303043,-9.562579,40.344563, Private, Assoc-voc, Divorced, Other-service, Not-in-family, White, Male, United-States, <=50K
46.976646,44868.61,8.846214,-711.9449,-17.349329,38.577095, Private, HS-grad, Divorced, Prof-specialty, Unmarried, White, Female, United-States, <=50K
36.147064,184435.58,9.519857,211.45636,3.607808,34.940388, Private, Some-college, Divorced, Adm-clerical, Unmarried, White, Female, United-States, <=50K
38.963963,177682.8,12.560274,-610.55145,8.674291,42.019646, Private, Bachelors, Never-married, Adm-clerical, Not-in-family, White, Female, United-States, <=50K
61.699066,181001.56,9.99666,-99.4228,-37.82034,39.275745, Private, Some-college, Divorced, Exec-managerial, Not-in-family, White, Female, United-States, <=50K
21.66991,131561.16,9.171626,282.99786,-2.2530851,63.058548, Private, Some-college, Never-married, Other-service, Not-in-family, White, Male, United-States, <=50K
35.58591,297987.97,9.404138,344.9074,2.4724092,52.20063, Private, HS-grad, Married-civ-spouse, Craft-repair, Husband, White, Male, United-States, <=50K
30.646488,95869.89,9.732579,-951.613,-8.265132,41.362053, Private, Some-college, Never-married, Craft-repair, Own-child, White, Male, United-States, <=50K
36.970684,250435.36,8.132802,-355.54584,1.0250751,57.823753, Private, HS-grad, Never-married, Craft-repair, Not-in-family, White, Male, United-States, <=50K
33.3675,254439.92,8.658658,267.1443,-49.645107,26.459345, Private, HS-grad, Never-married, Sales, Own-child, White, Female, United-States, <=50K
32.371143,386418.7,10.080414,-134.71881,20.171629,37.38445, Private, Some-college, Never-married, Adm-clerical, Not-in-family, White, Male, United-States, <=50K
27.324339,169252.31,11.667405,282.04016,24.289759,41.198578, Private, Assoc-acdm, Never-married, Machine-op-inspct, Unmarried, White, Male, United-States, <=50K
23.36302,128565.22,8.988514,-433.044,-24.098818,46.03268, Private, HS-grad, Never-married, Craft-repair, Own-child, White, Male, United-States, <=50K
26.56397,55502.297,8.195327,-1150.9873,-35.656315,46.040813, Private, HS-grad, Never-married, Sales, Own-child, White, Male, United-States, <=50K
43.152275,217340.52,9.301097,-6.9385414,-5.6222563,36.040234, Private, HS-grad, Divorced, Craft-repair, Not-in-family, White, Female, United-States, <=50K
47.842045,213629.83,8.831215,-110.62873,-17.41894,43.464645, Private, HS-grad, Never-married, Other-service, Not-in-family, White, Male, United-States, <=50K
29.60481,117532.31,4.4102707,1060.011,-45.730175,21.77778, Private, Some-college, Divorced, Prof-specialty, Unmarried, White, Female, United-States, <=50K
43.189713,155886.33,13.077857,42528.07,17.833273,39.32252, Private, Bachelors, Married-civ-spouse, Prof-specialty, Husband, White, Male, United-States, >50K
57.025948,360942.4,8.714787,-226.33673,-0.92538726,33.16993, ?, HS-grad, Divorced, ?, Not-in-family, White, Female, United-States, <=50K
35.395943,133672.34,10.805346,-866.64703,26.133543,44.308483, Private, Bachelors, Married-civ-spouse, Prof-specialty, Husband, White, Male, United-States, >50K
44.935326,106317.56,11.948249,-333.1872,24.118227,46.889915, Private, Assoc-acdm, Married-civ-spouse, Adm-clerical, Wife, White, Female, United-States, >50K
49.90658,206896.6,11.880102,728.24023,-4.9453077,45.629787, Private, Bachelors, Never-married, Prof-specialty, Not-in-family, White, Male, United-States, <=50K
30.844652,83824.766,10.212221,-1214.1514,1810.4703,34.887672, Private, Some-college, Married-civ-spouse, Adm-clerical, Husband, White, Male, United-States, >50K
17.283146,290483.84,6.396762,-725.9653,-11.721965,43.191704, Private, Some-college, Never-married, Handlers-cleaners, Own-child, White, Male, United-States, <=50K
26.074024,162504.95,13.090247,-348.10785,37.87151,24.902206, Private, Bachelors, Never-married, Adm-clerical, Not-in-family, White, Male, United-States, <=50K
20.56021,354395.84,12.249511,-312.5291,17.18028,36.560284, Private, Bachelors, Never-married, Craft-repair, Not-in-family, White, Male, United-States, <=50K
37.71973,163200.58,13.144482,-606.1381,17.317175,37.41069, Private, Bachelors, Divorced, Adm-clerical, Not-in-family, White, Female, United-States, <=50K
27.366064,157626.36,9.045985,-1094.9849,37.561703,26.699026, Private, HS-grad, Divorced, Adm-clerical, Unmarried, White, Female, United-States, <=50K
45.24552,178637.03,9.037861,1800.5029,13.468549,40.77053, Private, HS-grad, Married-civ-spouse, Exec-managerial, Husband, White, Male, United-States, >50K
28.527456,216043.64,12.892806,-474.34943,9.422284,59.8072, Private, Bachelors, Married-civ-spouse, Farming-fishing, Husband, White, Male, United-States, <=50K
41.988506,338406.9,10.254158,-1173.2195,-29.473597,39.870327, Private, Some-college, Divorced, Machine-op-inspct, Own-child, White, Male, United-States, <=50K
33.245632,180595.45,9.806185,-1401.0562,8.927358,43.826904, Private, HS-grad, Married-civ-spouse, Adm-clerical, Wife, White, Female, United-States, <=50K
39.016342,432795.28,9.80096,-36.736515,4.5671434,39.39658, Private, Some-college, Married-civ-spouse, Sales, Husband, White, Male, United-States, <=50K
28.098423,332620.38,13.192887,-648.9898,-20.565912,37.41777, Private, Bachelors, Never-married, Craft-repair, Own-child, White, Male, United-States, <=50K
56.923874,159477.92,8.815583,-228.68903,20.02677,36.312214, Private, HS-grad, Married-civ-spouse, Machine-op-inspct, Husband, White, Male, United-States, <=50K
26.387531,172316.25,9.782992,-419.50006,3.6193285,36.2206, Private, Some-college, Married-civ-spouse, Sales, Husband, White, Male, United-States, <=50K
43.71992,89267.59,12.910626,-661.3016,14.728551,52.648018, Private, Bachelors, Married-civ-spouse, Exec-managerial, Wife, White, Female, United-States, >50K
35.49452,91461.016,8.882416,-346.88983,-3.7882795,22.216139, Private, HS-grad, Never-married, Other-service, Not-in-family, White, Male, United-States, <=50K
57.138912,157549.67,8.50169,-335.71295,-21.993074,33.668625, Private, HS-grad, Married-civ-spouse, Sales, Husband, White, Male, United-States, <=50K
34.835674,299328.44,3.3210874,-390.16315,-10.136508,17.9369, Private, Some-college, Never-married, Handlers-cleaners, Not-in-family, White, Female, United-States, <=50K
57.38241,101688.67,8.7234125,-570.4571,20.469381,40.676968, Private, HS-grad, Married-civ-spouse, Exec-managerial, Husband, White, Male, United-States, <=50K
41.665203,76725.56,14.283799,-1065.4009,36.169285,45.942123, Private, Bachelors, Divorced, Prof-specialty, Not-in-family, White, Male, United-States, >50K
42.204704,168757.92,13.092156,-737.71027,38.954487,33.505936, Private, Bachelors, Divorced, Prof-specialty, Not-in-family, White, Male, United-States, <=50K
45.119064,268442.28,6.1233873,500.7475,12.82491,5.0663548, Private, Some-college, Married-civ-spouse, Prof-specialty, Husband, White, Male, United-States, <=50K
47.88541,204910.95,9.58006,-422.1419,-9.852252,54.39555, Private, Some-college, Divorced, Exec-managerial, Not-in-family, White, Male, United-States, <=50K
26.859043,188065.62,8.785449,-295.57745,4.2394075,49.638058, Private, HS-grad, Never-married, Sales, Own-child, White, Male, United-States, <=50K
43.72678,139172.47,9.923908,-825.9952,-3.0115461,45.99271, Private, Some-college, Married-civ-spouse, Prof-specialty, Husband, White, Male, United-States, >50K
32.798664,197826.64,9.649575,224.4173,-0.33043182,31.705322, Private, Some-college, Married-civ-spouse, Sales, Husband, White, Male, United-States, <=50K
47.881752,215869.64,13.066248,-992.8249,-1.260867,51.374302, Private, Bachelors, Married-civ-spouse, Transport-moving, Husband, White, Male, United-States, >50K
33.748123,137856.05,12.303572,-697.6369,26.11656,43.244427, Private, Bachelors, Married-civ-spouse, Exec-managerial, Husband, White, Male, United-States, >50K
58.150745,240407.48,8.357952,-72.58149,-23.093287,33.898403, ?, Some-college, Divorced, ?, Not-in-family, White, Female, United-States, <=50K
27.996748,106665.86,9.466102,-328.4771,14.983739,33.472187, Private, Some-college, Divorced, Other-service, Unmarried, White, Male, United-States, <=50K
29.140232,71961.836,14.017713,-954.5186,30.825903,37.674355, Private, Bachelors, Married-civ-spouse, Prof-specialty, Husband, White, Male, United-States, <=50K
18.843079,289400.25,9.7967825,-381.3211,-3.357707,28.601358, Private, Some-college, Never-married, Craft-repair, Own-child, White, Male, United-States, <=50K
44.23466,222180.31,13.854817,-893.89764,-10.775088,39.157482, Private, Bachelors, Married-civ-spouse, Prof-specialty, Husband, White, Male, United-States, >50K
33.062115,108339.29,13.380106,-278.24835,12.116574,44.11969, Private, Bachelors, Never-married, Tech-support, Not-in-family, White, Male, United-States, >50K
25.598793,184325.47,9.343341,-466.05023,-11.266948,40.267166, Private, Some-college, Divorced, Handlers-cleaners, Unmarried, White, Female, United-States, <=50K
31.534887,352909.78,8.869336,-730.0317,31.480165,41.609653, Private, HS-grad, Married-civ-spouse, Transport-moving, Husband, White, Male, United-States, <=50K
31.379242,269666.28,12.747713,-345.14557,-9.316066,47.326015, Private, Bachelors, Married-civ-spouse, Prof-specialty, Husband, White, Male, United-States, >50K
26.638264,142604.92,8.589942,6649.4766,40.907185,42.242424, Private, HS-grad, Never-married, Handlers-cleaners, Unmarried, White, Male, United-States, <=50K
27.80975,203834.19,11.8413925,3816.9287,-24.933558,41.021492, Private, Assoc-acdm, Never-married, Sales, Not-in-family, White, Male, United-States, >50K
34.319073,188226.61,9.044088,-127.651924,19.952665,49.99177, ?, HS-grad, Married-civ-spouse, ?, Husband, White, Male, United-States, <=50K
20.299873,157363.02,9.165175,254.11194,8.246526,27.636616, Private, HS-grad, Never-married, Machine-op-inspct, Not-in-family, White, Female, United-States, <=50K
49.5865,108648.984,10.046322,41.856808,2.1498613,47.03686, Private, HS-grad, Married-civ-spouse, Sales, Husband, White, Male, United-States, <=50K
34.907585,84559.69,12.084858,-514.8442,4.035344,40.30124, Private, Assoc-acdm, Married-civ-spouse, Craft-repair, Husband, White, Male, United-States, <=50K
41.40954,101856.56,6.744581,120.195366,-45.873775,92.87466, Private, Some-college, Widowed, Other-service, Not-in-family, White, Female, United-States, <=50K
32.133274,144663.16,11.4382305,-656.87006,-4.8591566,40.702816, Private, Assoc-voc, Never-married, Adm-clerical, Own-child, White, Female, United-States, <=50K
21.199987,351466.53,9.04122,-731.6501,-8.0540495,30.003508, Private, HS-grad, Never-married, Craft-repair, Own-child, White, Male, United-States, <=50K
32.791767,54494.188,9.802819,-235.69855,14.452649,36.568825, Private, Some-college, Married-civ-spouse, Sales, Husband, White, Male, United-States, <=50K
34.33164,97263.47,4.8372707,-191.5921,8.311917,43.114532, ?, Some-college, Widowed, ?, Unmarried, White, Female, United-States, <=50K
50.391937,203494.64,15.076986,-257.60797,30.410673,55.45154, Private, Bachelors, Married-civ-spouse, Prof-specialty, Husband, White, Male, United-States, >50K
36.336056,62193.016,8.717632,1189.205,9.473302,48.681053, Private, HS-grad, Married-civ-spouse, Craft-repair, Husband, White, Male, United-States, <=50K
37.53877,257588.47,8.963363,-625.39386,27.905432,10.300058, Private, HS-grad, Married-civ-spouse, Craft-repair, Wife, White, Female, United-States, <=50K
17.518751,163098.98,8.555231,361.68018,-10.897883,35.49013, Private, HS-grad, Never-married, Craft-repair, Own-child, White, Male, United-States, <=50K
32.100506,217364.97,1.8239098,201.07489,18.002996,50.174713, Private, HS-grad, Never-married, Machine-op-inspct, Not-in-family, White, Male, United-States, <=50K
55.636234,137833.5,8.633403,-107.61799,-28.50458,44.394302, Private, HS-grad, Divorced, Sales, Not-in-family, White, Female, United-States, <=50K
31.880323,186146.9,5.5073614,-114.66364,-26.929056,43.131615, Private, Some-college, Never-married, Craft-repair, Unmarried, White, Male, United-States, <=50K
19.168713,122386.08,9.33467,-74.797066,29.22085,40.82198, Private, Some-college, Never-married, Craft-repair, Not-in-family, White, Male, United-States, <=50K
16.907034,184494.52,9.781018,-81.05695,-31.360353,33.625572, Private, Some-college, Never-married, Tech-support, Own-child, White, Male, United-States, <=50K
51.433033,135106.98,9.059244,-1826.4783,-22.326967,10.40708, Private, HS-grad, Widowed, Exec-managerial, Own-child, White, Female, United-States, >50K
52.465973,157264.64,10.635872,-167.35382,-17.215334,62.3667, Private, HS-grad, Married-civ-spouse, Farming-fishing, Husband, White, Male, United-States, >50K
51.523014,106780.805,13.012271,-165.4278,19.271849,38.19291, Private, Bachelors, Divorced, Machine-op-inspct, Unmarried, White, Female, United-States, <=50K
13.925092,140405.94,7.9792213,882.2209,2.7699022,-0.49985325, ?, Some-college, Never-married, ?, Own-child, White, Female, United-States, <=50K
39.10522,272104.72,3.622427,-1614.4421,-12.042766,42.86483, Private, Some-college, Married-civ-spouse, Exec-managerial, Not-in-family, White, Male, United-States, >50K
31.682379,91172.914,9.798038,83.150566,-24.632242,38.445747, Private, Some-college, Never-married, Sales, Not-in-family, White, Female, United-States, <=50K
63.236732,221970.45,8.820255,-41.930485,356.27942,46.078808, Private, HS-grad, Separated, Prof-specialty, Not-in-family, White, Male, United-States, <=50K
44.05993,145010.14,12.792213,-478.04987,-3.6684217,40.184425, Private, Bachelors, Never-married, Prof-specialty, Not-in-family, White, Male, United-States, <=50K
49.39916,135959.81,13.932532,-41.056705,31.97418,39.022583, Private, Bachelors, Married-civ-spouse, Craft-repair, Husband, White, Male, United-States, <=50K
48.089954,128351.47,9.213051,-1538.5273,12.543317,38.730846, Private, HS-grad, Married-civ-spouse, Sales, Wife, White, Female, United-States, <=50K
48.91492,272753.66,12.895878,-1007.2419,16.866621,61.30978, Private, Bachelors, Divorced, Prof-specialty, Not-in-family, White, Male, United-States, >50K
31.249079,44813.625,9.155128,2409.1333,29.218882,71.96807, Private, HS-grad, Married-civ-spouse, Craft-repair, Husband, White, Male, United-States, >50K
41.8986,322124.12,9.012699,-699.32916,53.388885,41.49505, Private, HS-grad, Married-civ-spouse, Machine-op-inspct, Husband, White, Male, United-States, >50K
34.68865,279359.38,5.8350124,-240.98431,-7.373149,20.41155, Private, Some-college, Widowed, Other-service, Unmarried, White, Female, United-States, <=50K
27.933113,121556.99,6.1095757,-896.7037,9.101567,60.002083, Private, HS-grad, Married-civ-spouse, Other-service, Own-child, White, Male, United-States, <=50K
51.58705,134703.36,9.712623,-497.03033,1.2589847,49.733124, Private, Some-college, Divorced, Machine-op-inspct, Unmarried, White, Female, United-States, <=50K
34.214897,43921.844,12.432741,7.1845055,14.461667,40.446365, Private, Bachelors, Married-civ-spouse, Sales, Husband, White, Male, United-States, <=50K
25.0716,188225.77,9.919645,-293.20013,-11.953631,25.277597, Private, Some-college, Never-married, Craft-repair, Own-child, White, Male, United-States, <=50K
36.532616,117013.42,9.7813835,1989.5642,3.4991426,42.846134, Private, Some-college, Married-civ-spouse, Tech-support, Husband, White, Male, United-States, <=50K
19.91728,155586.73,8.518134,-792.75726,-20.832888,37.10042, Private, HS-grad, Never-married, Exec-managerial, Not-in-family, White, Male, United-States, <=50K
34.215427,207351.25,9.48347,-420.86224,-13.9156065,17.355055, ?, HS-grad, Never-married, ?, Not-in-family, White, Female, United-States, <=50K
32.451122,398060.9,8.5379,-1304.8364,11.496083,41.74747, Private, HS-grad, Married-civ-spouse, Exec-managerial, Husband, White, Male, United-States, >50K
32.56792,277485.56,12.00636,1470.1514,34.216362,41.737656, Private, Assoc-acdm, Married-civ-spouse, Craft-repair, Husband, White, Male, United-States, >50K
53.278824,138513.92,12.547563,-869.8095,-4.0599623,38.61029, Private, Bachelors, Married-civ-spouse, Adm-clerical, Husband, White, Female, United-States, >50K
38.443073,103717.336,12.825207,1072.6487,27.896208,13.071753, Private, Bachelors, Never-married, Sales, Not-in-family, White, Male, United-States, <=50K
48.669918,55335.453,3.411336,-549.66925,-25.394335,55.4722, Private, Some-college, Married-civ-spouse, Transport-moving, Husband, White, Male, United-States, <=50K
21.932604,108522.305,6.2678266,-369.61688,-25.84501,40.59474, Private, HS-grad, Never-married, Sales, Own-child, White, Male, United-States, <=50K
50.5724,180427.36,10.374134,-328.23297,-9.411128,-2.7862647, Private, Some-college, Married-civ-spouse, Prof-specialty, Husband, White, Male, United-States, <=50K
38.74801,117320.64,12.5337925,-37.716618,16.842253,33.86963, Private, Bachelors, Married-civ-spouse, Other-service, Husband, White, Male, United-States, <=50K
46.65216,107820.51,9.230213,2868.4277,-29.154116,48.657394, Private, Some-college, Married-civ-spouse, Sales, Husband, White, Male, United-States, >50K
18.528635,188863.52,9.7669,171.1012,-3.6859617,34.13008, Private, Some-college, Never-married, Sales, Not-in-family, White, Female, United-States, <=50K
64.79429,160205.31,10.561873,-494.799,-1.3026379,45.96224, Private, Assoc-acdm, Married-civ-spouse, Sales, Husband, White, Male, United-States, <=50K
36.61459,236102.6,13.613553,244.82599,18.288725,59.085167, Private, Bachelors, Married-spouse-absent, Exec-managerial, Not-in-family, White, Female, United-States, <=50K
23.768211,119311.16,9.913546,-1052.4155,34.476543,35.618538, Private, Some-college, Married-civ-spouse, Adm-clerical, Not-in-family, White, Male, United-States, <=50K
28.006874,127899.984,8.066888,-846.6949,3.8453798,34.696484, Private, HS-grad, Married-civ-spouse, Prof-specialty, Husband, White, Male, United-States, <=50K
42.27844,39505.906,12.12543,-963.5269,3.749341,42.084846, Private, Bachelors, Divorced, Craft-repair, Unmarried, White, Male, United-States, <=50K
46.678352,127668.664,9.816178,-265.8001,26.746359,41.719627, Private, Some-college, Divorced, Adm-clerical, Not-in-family, White, Male, United-States, <=50K
23.328682,183036.22,8.785911,-166.92792,21.903097,45.67108, Private, HS-grad, Never-married, Other-service, Unmarried, White, Female, United-States, <=50K
43.858253,166831.62,10.0498,142.35565,16.250456,39.783375, Private, Assoc-voc, Never-married, Adm-clerical, Not-in-family, White, Female, United-States, <=50K
56.475483,148685.03,11.658927,-758.89935,20.45873,57.215103, Private, Bachelors, Divorced, Exec-managerial, Unmarried, White, Male, United-States, <=50K
46.66914,171045.52,9.450336,3758.7986,1951.0703,43.750862, Private, HS-grad, Married-civ-spouse, Adm-clerical, Husband, White, Male, United-States, >50K
39.766132,48505.14,9.458699,-488.33344,15.50929,41.082, Private, HS-grad, Married-civ-spouse, Craft-repair, Husband, White, Male, United-States, <=50K
33.129044,154449.33,9.497634,-771.7725,6.011258,46.261044, Private, Some-college, Married-civ-spouse, Other-service, Husband, White, Male, United-States, <=50K
27.952864,211560.8,11.021008,-1120.8137,29.416407,47.359516, Private, Bachelors, Married-civ-spouse, Prof-specialty, Husband, White, Male, United-States, >50K
30.902914,371872.25,10.039232,178.97937,-39.56808,48.43605, Private, Some-college, Separated, Tech-support, Unmarried, White, Female, United-States, <=50K
43.31067,146123.14,8.987695,-50.49445,-26.194613,57.64049, Private, HS-grad, Never-married, Sales, Not-in-family, White, Male, United-States, >50K
37.846622,134127.66,12.601709,-664.3212,47.23748,41.23083, Private, Bachelors, Married-civ-spouse, Other-service, Husband, White, Male, United-States, <=50K
56.25221,242462.2,11.608425,-835.7172,-13.666141,72.01605, Private, Assoc-voc, Married-civ-spouse, Farming-fishing, Husband, White, Male, United-States, <=50K
46.419044,170397.78,14.06133,-931.43243,15.187428,54.693985, Private, Bachelors, Married-civ-spouse, Exec-managerial, Husband, White, Male, United-States, >50K
54.46276,181304.73,11.262823,-2429.7517,40.731396,45.988068, Private, Assoc-acdm, Married-civ-spouse, Other-service, Husband, White, Male, United-States, >50K
36.69538,264688.97,8.186399,340.61395,-10.458758,48.58613, Private, HS-grad, Divorced, Other-service, Not-in-family, White, Female, United-States, <=50K
29.913443,19710.422,12.454809,1468.4315,20.549444,40.60536, Private, Bachelors, Married-civ-spouse, Exec-managerial, Husband, White, Male, United-States, >50K
50.49875,159269.9,12.561066,1393.806,-7.801692,35.718433, Private, Assoc-acdm, Married-civ-spouse, Machine-op-inspct, Husband, White, Male, United-States, <=50K
21.961071,66074.66,8.774773,-537.53375,-42.25546,45.128193, Private, HS-grad, Never-married, Adm-clerical, Other-relative, White, Male, United-States, <=50K
30.867119,83790.88,13.479278,-353.5705,29.657644,39.32286, Private, Bachelors, Married-civ-spouse, Prof-specialty, Husband, White, Male, United-States, <=50K
81.67414,33722.125,13.6182785,6992.363,14.953435,38.29491, ?, Bachelors, Married-civ-spouse, ?, Husband, White, Male, United-States, >50K
44.155605,120043.59,9.169571,8912.768,29.831564,43.623043, Private, HS-grad, Married-civ-spouse, Machine-op-inspct, Husband, White, Male, United-States, <=50K
14.487802,208142.14,9.865122,-64.5174,-15.146167,31.217424, Private, Some-college, Never-married, Sales, Other-relative, White, Female, United-States, <=50K
27.703344,100092.83,9.033572,-828.5108,-8.390147,34.701427, Private, Some-college, Married-civ-spouse, Prof-specialty, Husband, White, Male, United-States, <=50K
23.558075,296695.53,9.4358425,-131.19525,-8.4216795,44.230606, Private, Some-college, Never-married, Farming-fishing, Not-in-family, White, Male, United-States, <=50K
34.08111,87222.72,8.851527,3463.9658,-28.911837,42.13275, Private, HS-grad, Married-civ-spouse, Prof-specialty, Wife, White, Female, United-States, <=50K
29.66242,488291.12,8.951189,888.9684,7.6425295,44.967846, Private, HS-grad, Never-married, Adm-clerical, Not-in-family, White, Male, United-States, <=50K
50.72203,284231.5,13.313528,-981.6534,-6.2221174,32.99878, ?, Bachelors, Married-civ-spouse, ?, Husband, White, Male, United-States, >50K
37.921417,347608.66,8.87303,-298.25226,16.793554,40.31252, Private, HS-grad, Married-civ-spouse, Machine-op-inspct, Husband, White, Male, United-States, <=50K
31.780039,569983.94,3.4246826,-17.89899,-35.3745,24.638536, Private, Some-college, Married-civ-spouse, Craft-repair, Husband, White, Male, United-States, <=50K
33.887196,76045.62,9.0265665,-397.34552,9.655667,37.546967, Private, HS-grad, Married-civ-spouse, Other-service, Husband, White, Male, United-States, <=50K
30.38215,183715.86,8.74526,-291.7934,12.598065,32.68551, Private, HS-grad, Married-civ-spouse, Protective-serv, Wife, White, Female, United-States, <=50K
31.570265,116658.28,8.881315,761.74524,-6.991412,46.914024, Private, HS-grad, Divorced, Craft-repair, Unmarried, White, Female, United-States, <=50K
43.90527,49306.797,9.743101,802.0645,3.2110415,38.476006, Private, Some-college, Never-married, Exec-managerial, Not-in-family, White, Male, United-States, <=50K
44.270332,174450.73,9.150509,-14.09235,-93.992516,47.049175, Private, HS-grad, Separated, Adm-clerical, Unmarried, White, Female, United-States, <=50K
25.241304,92866.125,9.565276,-770.79,-7.6541853,39.533295, Private, HS-grad, Divorced, Machine-op-inspct, Unmarried, White, Female, United-States, <=50K
27.85293,310838.47,9.033107,-515.6047,4.1828203,7.154402, Private, HS-grad, Never-married, Sales, Own-child, White, Male, United-States, <=50K
63.31793,189985.08,13.503109,1504.7919,-11.658626,43.548023, Private, Bachelors, Divorced, Prof-specialty, Unmarried, White, Male, United-States, <=50K
30.17324,98939.02,8.710304,-452.1419,-5.717494,42.8402, Private, HS-grad, Married-civ-spouse, Prof-specialty, Wife, White, Female, United-States, <=50K
42.84869,89372.78,12.843232,1178.6318,42.175495,43.954666, Private, Bachelors, Married-civ-spouse, Exec-managerial, Husband, White, Male, United-States, <=50K
28.095549,311685.28,10.197792,-1163.364,-20.882898,50.52963, Private, Some-college, Never-married, Craft-repair, Other-relative, White, Male, United-States, >50K
21.760767,84213.69,9.950316,-100.23383,18.54666,36.321804, ?, Some-college, Never-married, ?, Not-in-family, White, Male, United-States, <=50K
34.784122,95430.14,7.726152,12.730404,18.713285,20.989977, Private, Some-college, Never-married, ?, Not-in-family, White, Male, United-States, <=50K
36.70861,248791.19,11.722517,502.08685,-42.73498,37.910957, Private, Bachelors, Married-spouse-absent, Sales, Unmarried, White, Male, United-States, <=50K
47.2014,107068.33,9.266946,-20.41547,-9.649966,36.463867, Private, HS-grad, Never-married, Prof-specialty, Unmarried, White, Female, United-States, <=50K
26.196749,279975.25,7.9159093,-1250.6641,41.84039,20.340172, Private, HS-grad, Married-civ-spouse, Other-service, Husband, White, Male, United-States, <=50K
28.868647,147933.12,12.591505,-380.98334,-30.908213,42.52573, Private, Bachelors, Separated, Exec-managerial, Own-child, White, Male, United-States, <=50K
55.64592,91318.03,8.851642,1091.02,-8.4952345,35.653435, ?, HS-grad, Never-married, ?, Unmarried, White, Female, United-States, <=50K
31.022928,157126.39,8.799438,5506.859,5.8820467,46.12012, Private, HS-grad, Married-spouse-absent, Transport-moving, Not-in-family, White, Male, United-States, >50K
38.32691,317028.97,8.587211,356.64728,-35.772503,37.88268, Private, HS-grad, Divorced, Sales, Not-in-family, White, Female, United-States, <=50K
51.515175,275475.03,9.002005,214.77405,5.814542,39.7268, Private, HS-grad, Never-married, Prof-specialty, Unmarried, White, Male, United-States, <=50K
39.81014,258564.55,9.239795,-208.49005,1601.0569,46.753117, Private, HS-grad, Divorced, Prof-specialty, Not-in-family, White, Male, United-States, >50K
35.50504,329862.3,8.609898,288.8806,-29.39261,37.998886, Private, HS-grad, Never-married, Handlers-cleaners, Own-child, White, Male, United-States, <=50K
26.63218,224369.33,9.845702,-158.90936,42.492325,11.895708, Private, Some-college, Never-married, Sales, Not-in-family, White, Male, United-States, <=50K
43.12435,240757.55,4.1034346,-274.44916,1089.9025,45.04663, Private, Some-college, Married-civ-spouse, Exec-managerial, Husband, White, Male, United-States, >50K
70.32715,207988.05,4.5094767,-589.6767,-0.5501126,43.376778, Private, Some-college, Married-civ-spouse, Sales, Husband, White, Male, United-States, <=50K
68.22114,289672.94,10.070634,-25.622135,1297.5826,39.956337, Private, HS-grad, Married-civ-spouse, Exec-managerial, Husband, White, Male, United-States, <=50K
31.646917,467971.16,13.498356,619.87695,67.69831,45.54594, Private, Bachelors, Separated, Prof-specialty, Not-in-family, White, Female, United-States, <=50K
34.359623,205552.36,12.962281,1192.8661,14.910054,42.430862, Private, Bachelors, Divorced, Exec-managerial, Unmarried, White, Male, United-States, <=50K
65.759575,119165.836,13.328841,1732.6836,21.76814,32.96872, Private, Bachelors, Divorced, Sales, Not-in-family, White, Female, United-States, <=50K
44.96558,233562.0,2.378193,1003.38464,-6.705043,40.225258, Private, HS-grad, Married-civ-spouse, Handlers-cleaners, Husband, White, Male, United-States, >50K
54.803555,496507.0,8.552997,-877.3437,20.869574,41.73715, Private, HS-grad, Married-civ-spouse, Other-service, Husband, White, Male, United-States, <=50K
29.697079,183363.95,6.765288,-827.9014,-27.796968,22.354132, Private, HS-grad, Never-married, Sales, Own-child, White, Male, United-States, <=50K
48.342823,178845.69,12.774936,3325.5193,24.082228,47.75733, Private, Bachelors, Married-civ-spouse, Exec-managerial, Husband, White, Male, United-States, >50K
41.231445,165104.39,13.325117,-735.35895,7.9203997,51.73853, Private, Bachelors, Married-civ-spouse, Exec-managerial, Husband, White, Male, United-States, >50K
43.096687,430309.28,8.616847,1639.4092,-10.880107,49.336525, Private, HS-grad, Married-civ-spouse, Exec-managerial, Husband, White, Male, United-States, >50K
53.41713,156666.5,-1.5434456,836.5722,7.7574053,37.38924, Private, Some-college, Divorced, Farming-fishing, Not-in-family, White, Male, United-States, <=50K
19.530529,297679.28,8.942521,736.1502,-9.948237,35.062447, Private, HS-grad, Married-civ-spouse, Protective-serv, Husband, White, Male, United-States, <=50K
19.480228,219868.58,5.11338,-900.2226,-43.781002,1.1893023, Private, Some-college, Never-married, Sales, Own-child, White, Female, United-States, <=50K
32.551846,140102.88,11.223227,6395.582,22.316023,41.41267, Private, Assoc-acdm, Married-civ-spouse, Prof-specialty, Husband, White, Male, United-States, <=50K
31.59898,70449.1,10.830872,-642.0573,0.6407367,46.816578, Private, Some-college, Married-civ-spouse, Sales, Husband, White, Male, United-States, >50K
40.795456,45486.656,12.150597,-1201.1396,-8.632129,23.143145, Private, Bachelors, Married-civ-spouse, Adm-clerical, Husband, White, Male, United-States, <=50K
46.612835,171191.38,9.481284,423.53845,35.764645,10.442474, ?, HS-grad, Never-married, ?, Not-in-family, White, Female, United-States, <=50K
29.90021,195823.47,9.002659,-400.55072,-27.254648,24.598621, Private, HS-grad, Separated, Craft-repair, Own-child, White, Female, United-States, <=50K
29.544573,353590.84,9.673251,1346.3398,-21.80176,56.538593, Private, Some-college, Married-civ-spouse, Sales, Own-child, White, Male, United-States, <=50K
67.58378,193371.56,5.134678,-93.051094,-31.290674,3.1360376, Private, HS-grad, Married-civ-spouse, Handlers-cleaners, Wife, White, Female, United-States, <=50K
24.541216,146263.23,9.721376,-287.09283,-19.84041,36.87989, Private, Some-college, Never-married, Other-service, Own-child, White, Female, United-States, <=50K
51.285187,102776.766,5.155448,-441.67645,19.708868,59.29987, Private, Some-college, Married-civ-spouse, Other-service, Husband, White, Male, United-States, <=50K
47.582973,66936.77,14.656221,6892.39,0.21553527,36.52588, Private, Bachelors, Married-civ-spouse, Farming-fishing, Husband, White, Male, United-States, >50K
23.901117,109024.13,9.048041,525.8649,0.23474608,34.908394, Private, HS-grad, Never-married, Machine-op-inspct, Not-in-family, White, Male, United-States, <=50K
28.236118,283238.06,8.681298,-462.52032,-21.14371,42.535248, ?, HS-grad, Never-married, ?, Not-in-family, White, Female, United-States, <=50K
27.878765,63536.203,3.622221,-436.69183,39.859505,52.277096, Private, HS-grad, Never-married, Other-service, Own-child, White, Male, United-States, <=50K
39.69203,223111.61,13.227423,51.2608,-19.05713,41.16175, Private, Bachelors, Never-married, Handlers-cleaners, Own-child, White, Female, United-States, <=50K
29.965359,213418.75,9.791821,-502.11188,-26.007013,24.595158, Private, Some-college, Never-married, Adm-clerical, Own-child, White, Female, United-States, <=50K
72.17594,54434.797,8.696204,-807.9462,-13.632266,39.55976, Private, HS-grad, Married-civ-spouse, Farming-fishing, Husband, White, Male, United-States, >50K
25.02922,207122.88,9.871727,-779.4849,5.0822344,47.141666, Private, Some-college, Married-civ-spouse, Farming-fishing, Husband, White, Male, United-States, <=50K
21.405321,403758.78,9.207862,-532.7531,-3.941638,50.62437, Private, HS-grad, Never-married, Machine-op-inspct, Not-in-family, White, Male, United-States, <=50K
28.692938,190683.67,11.857573,-196.14313,27.2018,38.69484, ?, Bachelors, Married-civ-spouse, ?, Wife, White, Female, United-States, >50K
38.88822,225957.02,9.672949,1250.6107,-45.51884,38.14942, Private, HS-grad, Widowed, Adm-clerical, Unmarried, White, Female, United-States, <=50K
33.82444,136098.58,9.855915,-1150.2322,-12.016734,48.96938, Private, Assoc-voc, Married-civ-spouse, Handlers-cleaners, Wife, White, Female, United-States, >50K
57.735867,141172.56,11.963568,380.42352,8.09258,32.243107, Private, Assoc-acdm, Married-civ-spouse, Prof-specialty, Husband, White, Male, United-States, <=50K
24.258593,85363.64,6.172127,-673.6164,8.361157,31.927916, Private, HS-grad, Never-married, Other-service, Own-child, White, Female, United-States, <=50K
32.854404,204037.55,9.788448,216.21973,-31.838778,22.168112, ?, Some-college, Never-married, ?, Own-child, White, Female, United-States, <=50K
53.73205,320345.66,8.646468,-770.8582,-9.951922,40.33086, Private, HS-grad, Married-civ-spouse, Sales, Not-in-family, White, Male, United-States, >50K
34.873604,137473.77,8.971605,365.88782,14.850408,38.671886, Private, HS-grad, Never-married, Adm-clerical, Not-in-family, White, Female, United-States, <=50K
44.79385,95431.16,11.017209,-204.42279,-27.124163,41.49984, Private, Assoc-voc, Married-civ-spouse, Prof-specialty, Husband, White, Male, United-States, >50K
38.646484,199877.4,9.345484,-619.9007,25.44781,46.409294, Private, HS-grad, Married-civ-spouse, Craft-repair, Husband, White, Male, United-States, >50K
42.058083,329754.75,4.2137113,640.43536,-37.616543,33.706085, Private, Some-college, Never-married, Handlers-cleaners, Not-in-family, White, Male, United-States, <=50K
44.357147,137430.94,13.420804,7113.3486,12.17043,51.894615, Private, Bachelors, Married-civ-spouse, Prof-specialty, Husband, White, Male, United-States, >50K
50.407795,163443.9,5.868623,290.1355,-0.8308209,43.692844, Private, Some-college, Married-civ-spouse, Handlers-cleaners, Husband, White, Male, United-States, <=50K
26.81643,258430.61,9.1124,-820.4838,-53.76492,44.93241, Private, HS-grad, Married-civ-spouse, Handlers-cleaners, Husband, White, Male, United-States, <=50K
32.412674,23896.953,6.4179883,-726.965,-7.5626707,37.16791, Private, Some-college, Never-married, Other-service, Own-child, White, Female, United-States, <=50K
32.006493,251627.66,10.602646,-1033.7668,37.000355,28.120708, Private, Some-college, Married-civ-spouse, Adm-clerical, Husband, White, Male, United-States, >50K
36.230583,210514.0,9.005285,19289.59,19.023146,40.90733, Private, HS-grad, Married-civ-spouse, Adm-clerical, Husband, White, Male, United-States, >50K
33.26078,257579.67,14.024559,1995.2994,1873.1146,59.126385, Private, Bachelors, Married-civ-spouse, Prof-specialty, Husband, White, Male, United-States, >50K
34.7587,153487.69,14.571119,93.18462,19.955053,40.648567, Private, Bachelors, Never-married, Farming-fishing, Not-in-family, White, Male, United-States, <=50K
31.546562,166474.4,13.866262,-307.80817,4.5988283,40.716225, Private, Bachelors, Never-married, Prof-specialty, Not-in-family, White, Female, United-States, <=50K
43.380478,190033.42,14.51886,-1151.2522,22.349722,52.158516, Private, Bachelors, Married-civ-spouse, Prof-specialty, Husband, White, Male, United-States, >50K
47.687,103636.7,12.17785,47126.31,15.738866,60.209736, Private, Bachelors, Married-civ-spouse, Adm-clerical, Husband, White, Male, United-States, >50K
24.86958,131825.34,9.79842,-50.28388,-5.803813,40.85804, Private, Some-college, Never-married, Craft-repair, Own-child, White, Male, United-States, <=50K
35.390858,272263.12,8.916861,-977.37555,-41.42494,40.454357, Private, HS-grad, Married-civ-spouse, Adm-clerical, Own-child, White, Female, United-States, <=50K
36.753876,117855.91,13.544445,-578.5787,12.273595,47.42478, Private, Bachelors, Married-civ-spouse, Craft-repair, Husband, White, Male, United-States, >50K
34.538937,164076.48,12.1768055,-908.88336,8.784421,19.221567, ?, Assoc-acdm, Married-civ-spouse, ?, Husband, White, Male, United-States, <=50K
49.879272,118874.06,7.5971055,792.3018,-12.856288,12.397848, Private, HS-grad, Married-civ-spouse, Handlers-cleaners, Husband, White, Male, United-States, <=50K
59.778328,94079.85,10.87515,-580.59784,18.637747,50.528915, Private, Assoc-acdm, Divorced, Exec-managerial, Husband, White, Male, United-States, <=50K
37.124626,233389.83,0.36943337,1124.3767,22.611235,37.75217, Private, HS-grad, Married-spouse-absent, Machine-op-inspct, Not-in-family, White, Male, United-States, <=50K
34.57242,151838.77,8.674691,129.18365,-11.732661,55.40475, Private, HS-grad, Divorced, Machine-op-inspct, Not-in-family, White, Female, United-States, <=50K
31.84886,194080.36,8.855651,-123.49934,10.360463,46.566532, Private, HS-grad, Never-married, Machine-op-inspct, Not-in-family, White, Female, United-States, <=50K
35.077652,177424.36,9.5602665,-932.70856,-18.30581,34.676697, Private, HS-grad, Married-civ-spouse, Exec-managerial, Wife, White, Female, United-States, <=50K
24.944353,135597.34,4.680973,-569.62994,-8.881946,41.15178, Private, Some-college, Never-married, Other-service, Not-in-family, White, Male, United-States, <=50K
37.145035,225723.58,8.274519,2108.303,32.802155,39.373516, Private, HS-grad, Married-civ-spouse, Transport-moving, Husband, White, Male, United-States, <=50K
63.70739,290954.0,13.960558,-942.1718,14.135015,35.203136, Private, Bachelors, Married-civ-spouse, Prof-specialty, Husband, White, Male, United-States, >50K
35.302826,412186.2,13.785586,235.62366,42.14873,58.359066, Private, Bachelors, Married-civ-spouse, Adm-clerical, Husband, White, Male, United-States, >50K
49.303543,131915.05,11.787745,1364.3749,3.654149,39.72379, Private, Assoc-acdm, Divorced, Exec-managerial, Not-in-family, White, Female, United-States, <=50K
20.41532,227926.72,9.107616,177.1593,17.418676,43.915207, Private, HS-grad, Never-married, Machine-op-inspct, Own-child, White, Female, United-States, <=50K
25.867245,75782.17,8.657843,-1444.3335,1831.816,39.98242, Private, HS-grad, Never-married, Transport-moving, Own-child, White, Male, United-States, <=50K
53.839,210979.9,8.793734,-981.8715,-1.2153119,44.441784, Private, HS-grad, Married-civ-spouse, Other-service, Husband, White, Male, United-States, <=50K
31.575806,733077.44,9.683484,-597.387,-57.72079,36.744896, Private, Some-college, Never-married, Tech-support, Own-child, White, Female, United-States, <=50K
69.21964,146762.8,0.8797846,74.21874,-45.051357,30.177454, Private, Some-college, Never-married, Machine-op-inspct, Not-in-family, White, Male, United-States, <=50K
43.361576,207293.86,9.815955,-327.0937,-47.587048,8.077787, Private, Some-college, Never-married, Sales, Own-child, White, Female, United-States, <=50K
32.665936,81097.94,3.9979358,171.58167,25.247885,40.81959, ?, HS-grad, Separated, ?, Unmarried, White, Female, United-States, <=50K
43.72849,79067.53,13.280045,-367.95233,-6.278804,56.418343, ?, Bachelors, Married-civ-spouse, Prof-specialty, Husband, White, Male, United-States, <=50K
17.764256,189037.17,8.35729,-1056.6909,-18.383204,29.791561, Private, HS-grad, Married-civ-spouse, Other-service, Own-child, White, Male, United-States, <=50K
19.207298,150869.61,9.722013,-497.54742,-37.310757,32.949203, Private, Some-college, Never-married, Tech-support, Own-child, White, Female, United-States, <=50K
47.407055,143719.48,8.921346,-126.46345,-29.683443,38.2673, Private, HS-grad, Married-civ-spouse, Machine-op-inspct, Wife, White, Female, United-States, >50K
21.669352,19655.031,8.23051,-141.02484,-31.037561,35.589188, Private, HS-grad, Never-married, Adm-clerical, Own-child, White, Female, United-States, <=50K
52.377407,131896.19,12.299155,-369.52667,-59.339703,77.59184, Private, Bachelors, Separated, Prof-specialty, Not-in-family, White, Female, United-States, <=50K
42.03278,401204.94,13.373363,-663.5225,2.658513,53.92608, Private, Bachelors, Married-civ-spouse, Craft-repair, Husband, White, Male, United-States, >50K
44.603565,125724.69,13.927215,13.596249,-39.128223,54.332783, Private, Bachelors, Separated, Prof-specialty, Unmarried, White, Female, United-States, <=50K
35.058586,206136.16,11.700705,-701.4052,7.654416,64.4433, Private, Bachelors, Married-civ-spouse, Exec-managerial, Husband, White, Male, United-States, >50K
24.468702,127672.2,12.433443,-62.51923,95.72114,33.970684, Private, Bachelors, Married-civ-spouse, Prof-specialty, Husband, White, Male, United-States, <=50K
25.91903,282329.84,12.121807,-1057.1755,8.594045,60.2054, Private, Bachelors, Married-civ-spouse, Prof-specialty, Not-in-family, White, Male, United-States, <=50K
37.854565,334580.5,10.117818,92.86065,-51.65356,38.443394, Private, Assoc-acdm, Married-civ-spouse, Prof-specialty, Husband, White, Male, United-States, >50K
27.89196,46916.547,9.5950775,-441.64972,-6.9563704,13.829828, Private, Some-college, Divorced, Other-service, Unmarried, White, Female, United-States, <=50K
59.15853,88857.1,8.96578,-447.38947,18.944136,39.1994, Private, HS-grad, Married-civ-spouse, Machine-op-inspct, Husband, White, Male, United-States, <=50K
53.466236,160942.62,14.236817,-1082.7158,12.431615,66.5508, Private, Bachelors, Divorced, Exec-managerial, Not-in-family, White, Male, United-States, >50K
40.574314,23456.781,8.827727,1273.2272,12.754415,69.96612, Private, HS-grad, Married-civ-spouse, Machine-op-inspct, Husband, White, Male, United-States, >50K
42.37142,200845.89,12.358985,17629.531,-74.757484,44.491795, Private, Bachelors, Married-civ-spouse, Sales, Own-child, White, Male, United-States, >50K
38.919796,260917.66,7.939027,1305.6757,-23.032457,5.2077236, ?, Some-college, Married-civ-spouse, ?, Own-child, White, Male, United-States, <=50K
21.145227,161147.12,9.767475,246.945,-1.7447842,44.86556, Private, Some-college, Never-married, Craft-repair, Not-in-family, White, Male, United-States, <=50K
26.358837,23978.594,10.281976,318.16205,-35.887608,33.32699, Private, Some-college, Never-married, Prof-specialty, Unmarried, White, Female, United-States, <=50K
26.778164,94756.555,13.847289,16.267147,-20.592936,23.747568, Private, Bachelors, Divorced, Tech-support, Not-in-family, White, Female, United-States, <=50K
68.96009,82868.32,11.285842,-270.2414,-8.933017,42.02072, Private, Assoc-voc, Married-civ-spouse, Prof-specialty, Husband, White, Male, United-States, <=50K
47.865906,364775.75,12.281942,-365.08136,26.721903,44.83585, Private, Assoc-acdm, Married-civ-spouse, Other-service, Husband, White, Male, United-States, <=50K
30.356344,35796.53,8.748239,204.21747,21.07527,38.16183, Private, HS-grad, Divorced, Exec-managerial, Unmarried, White, Female, United-States, <=50K
38.631348,200409.61,5.0260115,37.105953,18.007994,40.640537, ?, Some-college, Never-married, ?, Not-in-family, White, Male, United-States, <=50K
60.071907,262889.88,7.2685013,-23.42023,-25.086985,7.8368435, Private, HS-grad, Married-civ-spouse, Sales, Husband, White, Male, United-States, <=50K
27.428745,302300.4,11.897728,438.46533,23.877348,8.9553795, Private, Assoc-acdm, Never-married, Adm-clerical, Own-child, White, Male, United-States, <=50K
27.775269,541092.75,6.8898125,-1532.063,8.923963,46.16135, Private, HS-grad, Married-civ-spouse, Transport-moving, Husband, White, Male, United-States, <=50K
24.005764,434051.0,11.212125,1335.3739,26.148085,50.789944, Private, Assoc-acdm, Married-civ-spouse, Other-service, Husband, White, Male, United-States, >50K
54.84432,398573.12,8.622657,-1026.9187,0.9380237,38.04898, Private, HS-grad, Married-civ-spouse, Other-service, Husband, White, Male, United-States, >50K
24.6265,46854.312,8.855776,-239.55133,-29.044214,32.852318, Private, HS-grad, Never-married, Prof-specialty, Own-child, White, Female, United-States, <=50K
45.9209,52579.984,12.677978,-621.5439,18.280401,59.114468, Private, Bachelors, Married-civ-spouse, Exec-managerial, Husband, White, Male, United-States, >50K
34.236748,153896.52,8.621577,-820.7128,1410.625,35.05445, Private, HS-grad, Married-civ-spouse, Exec-managerial, Husband, White, Male, United-States, <=50K
30.283655,237709.14,12.684414,-627.445,10.555852,16.878254, Private, Bachelors, Never-married, Adm-clerical, Own-child, White, Female, United-States, <=50K
27.614454,137486.8,9.0536175,2131.8074,-21.285997,41.475243, Private, HS-grad, Married-civ-spouse, Transport-moving, Husband, White, Male, United-States, >50K
18.391336,196333.47,9.711291,-116.15351,-23.47809,40.379417, Private, Some-college, Never-married, Sales, Own-child, White, Female, United-States, <=50K
38.123978,197181.17,12.621839,-89.4333,32.00383,43.53464, Private, Bachelors, Married-civ-spouse, Machine-op-inspct, Husband, White, Male, United-States, <=50K
55.000885,311988.06,4.2538357,482.07947,-41.024334,35.626034, Private, Some-college, Widowed, Other-service, Unmarried, White, Female, United-States, <=50K
23.252928,163143.25,8.718759,-764.3472,6.4664354,36.161457, Private, HS-grad, Never-married, Machine-op-inspct, Unmarried, White, Male, United-States, <=50K
56.72682,146967.75,8.201442,-513.7928,24.084879,40.679623, Private, HS-grad, Married-civ-spouse, Adm-clerical, Husband, White, Male, United-States, <=50K
22.427166,102308.07,8.788516,-119.94904,-24.813257,34.635105, Private, HS-grad, Never-married, Sales, Unmarried, White, Female, United-States, <=50K
27.910194,182242.4,8.799007,-268.2918,30.620173,34.082935, Private, HS-grad, Never-married, Machine-op-inspct, Own-child, White, Male, United-States, <=50K
35.755577,245716.47,8.769557,-488.41693,-11.434054,40.15013, Private, HS-grad, Divorced, Craft-repair, Unmarried, White, Female, United-States, <=50K
41.49433,163379.27,9.847291,-902.47894,-6.5703154,38.828293, ?, Some-college, Divorced, Craft-repair, Unmarried, White, Female, United-States, <=50K
40.99214,129338.35,12.815215,-809.3195,-37.43015,38.058533, Private, Bachelors, Separated, Exec-managerial, Own-child, White, Female, United-States, <=50K
34.00899,279852.44,9.580088,-694.5483,3.3338594,49.827168, Private, Some-college, Never-married, Tech-support, Not-in-family, White, Male, United-States, <=50K
65.326515,91771.42,13.271882,169.73663,0.25061524,37.759888, Private, Bachelors, Married-civ-spouse, Machine-op-inspct, Husband, White, Male, United-States, >50K
46.817413,304481.72,11.174368,-494.79633,23.95912,38.93539, Private, Assoc-voc, Married-civ-spouse, Sales, Husband, White, Male, United-States, <=50K
43.224792,170489.33,14.1857605,-620.3774,20.517645,41.459923, Private, Bachelors, Married-civ-spouse, Prof-specialty, Husband, White, Male, United-States, >50K
24.930632,119618.16,9.001804,521.7218,-25.358706,38.135967, Private, HS-grad, Never-married, Handlers-cleaners, Not-in-family, White, Female, United-States, <=50K
21.912552,106410.93,9.596852,-516.81036,-44.342678,36.809143, Private, Some-college, Divorced, Sales, Own-child, White, Female, United-States, <=50K
40.257202,107485.945,8.686278,382.48676,7.3926516,26.542467, Private, HS-grad, Separated, Machine-op-inspct, Not-in-family, White, Male, United-States, <=50K
55.99126,107728.266,14.091206,-1219.9966,16.1398,24.602907, Private, Bachelors, Never-married, Prof-specialty, Not-in-family, White, Female, United-States, <=50K
26.459951,60057.984,10.234426,-500.6032,11.269887,51.57498, Private, Some-college, Never-married, Machine-op-inspct, Not-in-family, White, Male, United-States, <=50K
27.978556,196082.86,8.965883,-364.2083,-3.722354,15.955265, Private, HS-grad, Never-married, Protective-serv, Own-child, White, Female, United-States, <=50K
45.468365,79093.89,12.354589,-646.1065,-3.8424864,40.23512, Private, Bachelors, Divorced, Exec-managerial, Unmarried, White, Female, United-States, <=50K
31.706373,55939.234,8.77549,-1163.435,12.578641,40.121243, Private, HS-grad, Married-civ-spouse, Machine-op-inspct, Husband, White, Male, United-States, <=50K
25.286535,121319.336,12.737696,-283.6103,35.95103,40.449448, Private, Bachelors, Never-married, Adm-clerical, Not-in-family, White, Male, United-States, <=50K
55.353146,173261.47,8.791582,-0.36236978,6.595433,37.15371, Private, HS-grad, Married-civ-spouse, Adm-clerical, Husband, White, Male, United-States, <=50K
58.91117,83920.5,9.472122,79.51397,-7.8708906,42.739235, Private, Some-college, Widowed, Adm-clerical, Not-in-family, White, Female, United-States, <=50K
54.865425,46912.297,12.682115,-823.3648,-0.1827649,40.765877, Private, Bachelors, Divorced, Prof-specialty, Not-in-family, White, Male, United-States, <=50K
40.271603,59805.227,8.854302,33.397823,-7.340701,39.615494, Private, HS-grad, Married-civ-spouse, Handlers-cleaners, Wife, White, Female, United-States, <=50K
65.42412,155708.27,9.911777,-787.30634,-1.882121,37.706444, Private, Some-college, Married-civ-spouse, Adm-clerical, Husband, White, Male, United-States, <=50K
61.80122,265299.84,8.408247,-510.0351,31.48921,45.712635, Private, Some-college, Married-civ-spouse, Sales, Husband, White, Male, United-States, <=50K
31.635914,90310.1,14.450911,1163.1385,3.0073977,9.441101, ?, Bachelors, Never-married, ?, Not-in-family, White, Female, United-States, <=50K
33.673477,213302.36,9.92621,148.9483,-53.201,23.791822, Private, Some-college, Divorced, Prof-specialty, Not-in-family, White, Female, United-States, <=50K
16.13367,94651.945,9.461702,-285.99298,7.5932665,32.669342, Private, Some-college, Never-married, Other-service, Own-child, White, Male, United-States, <=50K
42.277493,87347.89,7.404774,524.48444,-7.1402693,48.49776, Private, HS-grad, Married-civ-spouse, Transport-moving, Husband, White, Male, United-States, <=50K
41.672756,61028.242,12.966963,469.85706,42.92045,45.645924, Private, Bachelors, Married-civ-spouse, Adm-clerical, Husband, White, Male, United-States, >50K
40.849987,154826.3,9.882274,-472.87054,9.141164,45.428585, Private, Some-college, Married-civ-spouse, Exec-managerial, Husband, White, Male, United-States, <=50K
38.250572,175054.2,15.394152,-978.04767,2126.0808,48.043697, Private, Bachelors, Married-civ-spouse, Prof-specialty, Husband, White, Male, United-States, >50K
51.382725,324797.78,8.641879,-168.51007,26.08301,48.848057, Private, HS-grad, Divorced, Other-service, Not-in-family, White, Male, United-States, <=50K
47.356537,298521.94,13.80451,753.59515,25.543951,44.81768, Private, Bachelors, Married-civ-spouse, Sales, Husband, White, Male, United-States, >50K
45.47027,296637.75,12.291065,990.3393,-22.680407,39.409573, Private, Assoc-acdm, Divorced, Prof-specialty, Unmarried, White, Female, United-States, <=50K
46.36257,80957.71,14.462018,-1186.375,1533.9778,18.65194, Private, Bachelors, Never-married, Prof-specialty, Not-in-family, White, Female, United-States, <=50K
19.649014,229772.7,13.380275,-840.42035,2.288167,33.827797, Private, Bachelors, Never-married, Prof-specialty, Own-child, White, Male, United-States, <=50K
50.346752,114436.75,8.464714,-232.89777,-12.498637,44.509518, Private, HS-grad, Separated, Transport-moving, Husband, White, Male, United-States, <=50K
22.717548,98944.13,5.705164,-558.37213,-3.4538145,23.173733, Private, HS-grad, Never-married, Machine-op-inspct, Own-child, White, Female, United-States, <=50K
41.226154,174126.38,13.611484,-719.1645,-27.141756,42.4871, Private, Bachelors, Married-civ-spouse, Sales, Husband, White, Male, United-States, <=50K
42.817196,161699.8,8.622083,-492.2729,-12.258204,43.66267, Private, HS-grad, Divorced, Craft-repair, Not-in-family, White, Male, United-States, <=50K
36.63223,223361.23,9.664102,-934.76373,-1.0110577,55.787872, Private, Some-college, Married-civ-spouse, Other-service, Husband, White, Male, United-States, >50K
40.588623,461615.78,14.973854,-819.50275,6.574361,32.346333, Private, Bachelors, Married-civ-spouse, Prof-specialty, Husband, White, Male, United-States, >50K
34.406155,259254.22,10.098747,-754.1132,9.154691,33.89506, Private, Some-college, Married-civ-spouse, Craft-repair, Husband, White, Male, United-States, <=50K
44.845184,179227.5,7.8308964,93.035576,16.093122,38.192913, Private, HS-grad, Married-civ-spouse, Machine-op-inspct, Husband, White, Male, United-States, <=50K
40.50519,192530.77,9.005974,6563.786,20.999853,55.30132, Private, HS-grad, Married-civ-spouse, Sales, Husband, White, Male, United-States, >50K
58.55787,97699.96,13.457203,-520.84515,-22.591799,30.854078, Private, Bachelors, Married-civ-spouse, Prof-specialty, Husband, White, Male, United-States, <=50K
26.97164,523281.84,8.8148575,191.2431,-22.820795,48.370037, Private, Some-college, Married-civ-spouse, Tech-support, Husband, White, Male, United-States, <=50K
43.329056,132996.58,8.978036,4289.754,34.76282,45.477875, Private, HS-grad, Married-civ-spouse, Machine-op-inspct, Husband, White, Male, United-States, >50K
55.2421,226077.55,8.942274,-45.122746,2.9262285,45.301765, Private, HS-grad, Married-civ-spouse, Craft-repair, Husband, White, Male, United-States, <=50K
23.743708,173133.16,6.3676844,-382.71515,7.4640017,45.560753, Private, Some-college, Married-civ-spouse, Craft-repair, Husband, White, Male, United-States, <=50K
14.149411,247445.9,8.696597,-295.71515,-20.149828,44.605225, Private, HS-grad, Never-married, Sales, Not-in-family, White, Male, United-States, <=50K
59.325943,158287.9,9.245586,-525.5245,0.52735627,37.57136, ?, HS-grad, Never-married, ?, Not-in-family, White, Male, United-States, <=50K
24.835548,149124.05,5.201686,-448.25482,-32.547756,48.798546, Private, Some-college, Never-married, Prof-specialty, Not-in-family, White, Female, United-States, <=50K
39.99976,255547.1,8.608818,-1306.6172,3.9270067,46.439423, Private, HS-grad, Married-civ-spouse, Adm-clerical, Husband, White, Male, United-States, >50K
48.790165,272630.78,6.8562813,-757.4532,16.421919,-2.947859, ?, HS-grad, Married-civ-spouse, ?, Wife, White, Female, United-States, <=50K
26.88574,226020.64,5.7650623,387.9673,-20.95901,37.9174, Private, HS-grad, Never-married, Handlers-cleaners, Own-child, White, Male, United-States, <=50K
24.05048,167978.03,10.270318,-177.35822,1310.7906,43.34086, Private, Assoc-voc, Never-married, Sales, Other-relative, White, Male, United-States, <=50K
18.392025,161876.19,9.28446,-811.37225,22.331213,30.533941, Private, HS-grad, Never-married, Adm-clerical, Other-relative, White, Female, United-States, <=50K
45.29311,180623.64,14.134462,-850.8591,43.169365,43.000225, Private, Bachelors, Married-civ-spouse, Exec-managerial, Not-in-family, White, Male, United-States, >50K
21.833593,203817.81,9.035303,377.19116,-26.634386,42.12274, Private, HS-grad, Never-married, Sales, Not-in-family, White, Female, United-States, <=50K
42.25193,258558.58,10.066338,9404.28,-45.672237,37.55905, Private, HS-grad, Married-civ-spouse, Adm-clerical, Husband, White, Male, United-States, >50K
47.38353,204764.38,5.9349103,-196.40729,-27.198702,44.03715, Private, Some-college, Never-married, Sales, Not-in-family, White, Male, United-States, <=50K
36.65983,244016.62,10.361268,-434.5451,33.417175,39.613647, Private, Some-college, Married-civ-spouse, Exec-managerial, Husband, White, Male, United-States, <=50K
46.846416,243013.17,6.645149,491.5904,-6.4426756,41.859303, Private, HS-grad, Never-married, Other-service, Not-in-family, White, Male, United-States, <=50K
23.976433,220925.84,9.221889,-384.1087,-15.335162,34.602108, Private, HS-grad, Married-spouse-absent, Other-service, Husband, White, Male, United-States, <=50K
23.935713,92142.7,9.326655,-1057.4768,-13.80749,23.3348, Private, Some-college, Never-married, Sales, Not-in-family, White, Male, United-States, <=50K
24.48115,271111.56,8.236915,-1255.375,28.915483,32.19199, ?, HS-grad, Never-married, ?, Other-relative, White, Male, United-States, <=50K
35.11093,185132.55,8.793242,-880.4025,-19.656572,48.617737, Private, HS-grad, Divorced, Sales, Not-in-family, White, Male, United-States, <=50K
20.820793,81975.26,12.837377,-1601.2705,15.263593,46.11668, Private, Bachelors, Never-married, Adm-clerical, Own-child, White, Female, United-States, <=50K
52.737843,187082.75,9.360759,3112.116,-18.890512,40.87747, Private, HS-grad, Divorced, Machine-op-inspct, Own-child, White, Male, United-States, >50K
25.766485,100456.13,12.092906,-880.8825,11.191472,45.945396, Private, Bachelors, Never-married, Adm-clerical, Own-child, White, Female, United-States, <=50K
23.030746,116805.33,9.002321,-804.9489,39.538395,35.26828, Private, HS-grad, Never-married, Craft-repair, Own-child, White, Female, United-States, <=50K
20.34955,148849.12,8.918454,-221.39899,6.6137514,39.87042, ?, Some-college, Never-married, ?, Own-child, White, Female, United-States, <=50K
18.152412,246745.72,8.983331,-645.409,-14.768962,34.451267, Private, HS-grad, Never-married, Exec-managerial, Own-child, White, Female, United-States, <=50K
48.39212,83994.945,8.939799,-909.4544,8.494412,39.230125, Private, HS-grad, Separated, Adm-clerical, Not-in-family, White, Male, United-States, <=50K
32.849094,121995.0,13.91917,1669.9076,19.80898,71.82862, Private, Bachelors, Never-married, Exec-managerial, Not-in-family, White, Male, United-States, >50K
18.448772,156161.03,9.10888,899.16565,-36.27074,19.918926, Private, HS-grad, Never-married, Handlers-cleaners, Not-in-family, White, Female, United-States, <=50K
34.093063,274026.97,11.604767,-309.68585,-15.795848,47.094604, Private, Assoc-voc, Married-civ-spouse, Sales, Husband, White, Male, United-States, >50K
35.04026,103250.85,13.346621,-732.8349,25.149736,50.181866, Private, Bachelors, Married-civ-spouse, Craft-repair, Husband, White, Male, United-States, <=50K
20.602161,142503.7,10.619216,-105.35346,-5.260989,38.86254, Private, Assoc-voc, Never-married, Craft-repair, Not-in-family, White, Female, United-States, <=50K
49.72142,98406.44,12.431101,-564.4412,-2.9454298,39.433067, Private, Bachelors, Married-civ-spouse, Tech-support, Husband, White, Male, United-States, >50K
46.187946,61661.133,9.946843,-519.05023,-7.033984,42.9999, Private, Some-college, Married-spouse-absent, Sales, Other-relative, White, Male, United-States, <=50K
37.743553,272494.84,10.223273,-1098.6089,3.459813,35.770515, ?, Assoc-voc, Divorced, ?, Unmarried, White, Female, United-States, <=50K
45.195515,202755.45,11.87341,-341.56134,78.11835,42.901413, Private, Bachelors, Divorced, Machine-op-inspct, Not-in-family, White, Male, United-States, <=50K
44.51816,149322.97,8.862996,-477.8499,28.053118,37.067345, Private, HS-grad, Married-civ-spouse, Craft-repair, Husband, White, Male, United-States, <=50K
27.483704,30722.875,9.13738,296.15924,-4.297038,72.28648, Private, HS-grad, Married-civ-spouse, Prof-specialty, Husband, White, Male, United-States, <=50K
27.526266,330006.1,12.32195,-1019.09174,22.149519,40.40573, Private, Assoc-acdm, Married-civ-spouse, Adm-clerical, Husband, White, Male, United-States, <=50K
24.583916,181542.86,7.1409845,-836.0799,-28.957521,30.246624, Private, HS-grad, Married-spouse-absent, Other-service, Own-child, White, Male, United-States, <=50K
36.47988,245373.28,9.411363,-453.6541,-86.39129,35.257797, Private, Some-college, Divorced, Tech-support, Own-child, White, Female, United-States, <=50K
51.029675,156755.11,8.963563,-443.82916,24.166025,18.567574, Private, HS-grad, Married-civ-spouse, Craft-repair, Husband, White, Male, United-States, <=50K
23.936102,233131.1,9.694631,-1320.9861,-1.7912015,35.07191, Private, Some-college, Married-civ-spouse, Craft-repair, Other-relative, White, Male, United-States, <=50K
43.947132,72357.695,9.771195,210.67767,-27.573336,38.8608, Private, Some-college, Never-married, Adm-clerical, Not-in-family, White, Female, United-States, <=50K
46.585083,468960.47,11.975781,-229.68036,-4.6337004,40.990486, Private, Bachelors, Divorced, Craft-repair, Not-in-family, White, Male, United-States, <=50K
34.57122,267030.88,8.833908,-1721.7124,434.03323,34.96726, Private, HS-grad, Married-civ-spouse, Farming-fishing, Other-relative, White, Male, United-States, >50K
63.33184,206214.66,12.821447,342.1374,-17.392405,21.631752, Private, Bachelors, Divorced, Prof-specialty, Not-in-family, White, Female, United-States, <=50K
23.157213,140409.83,8.902544,-32.618595,1.381612,47.77442, Private, HS-grad, Separated, Machine-op-inspct, Own-child, White, Female, United-States, <=50K
44.31619,141087.8,12.262296,-1586.1392,22.169699,47.33498, Private, Bachelors, Married-civ-spouse, Prof-specialty, Husband, White, Male, United-States, <=50K
36.689365,271027.8,14.364314,34323.82,51.009003,46.54851, Private, Bachelors, Married-civ-spouse, Prof-specialty, Husband, White, Male, United-States, >50K
52.446663,169833.36,12.766829,1455.1989,-20.196947,40.087006, Private, Bachelors, Divorced, Exec-managerial, Not-in-family, White, Female, United-States, <=50K
31.158676,195245.98,9.7904415,-361.54608,-16.686457,30.085127, Private, Some-college, Never-married, Adm-clerical, Unmarried, White, Male, United-States, <=50K
39.80609,170890.81,5.1716857,-829.27277,-36.409763,44.467995, Private, Some-college, Widowed, Prof-specialty, Unmarried, White, Female, United-States, <=50K
40.23333,63113.04,13.770415,-977.19147,30.998552,43.681328, Private, Bachelors, Married-civ-spouse, Prof-specialty, Husband, White, Male, United-States, >50K
61.978737,27208.61,4.4414945,-22.45319,4.527478,42.280727, ?, HS-grad, Married-civ-spouse, ?, Husband, White, Male, United-States, <=50K
20.18054,72504.39,9.842281,-301.43622,-4.7785673,49.752747, Private, Some-college, Never-married, Machine-op-inspct, Own-child, White, Male, United-States, <=50K
34.91954,124073.45,8.733674,-24.969791,-5.1204786,38.708458, Private, HS-grad, Separated, Exec-managerial, Not-in-family, White, Male, United-States, <=50K
28.74856,112156.4,9.307316,-241.75385,15.641995,37.581547, Private, Some-college, Never-married, Craft-repair, Own-child, White, Male, United-States, <=50K
59.01474,39435.406,8.493811,-344.48663,-10.157908,39.02556, Private, HS-grad, Divorced, Craft-repair, Not-in-family, White, Male, United-States, <=50K
50.014824,48639.75,4.8564086,-563.72687,11.923474,34.435497, Private, Some-college, Married-civ-spouse, Exec-managerial, Husband, White, Male, United-States, <=50K
54.11295,107701.445,14.274318,-695.64935,6.5946093,40.950127, Private, Bachelors, Married-civ-spouse, Prof-specialty, Husband, White, Male, United-States, >50K
32.219063,85804.54,3.5336432,-510.83832,-10.321124,41.144512, Private, Some-college, Never-married, Transport-moving, Not-in-family, White, Male, United-States, <=50K
72.950356,192231.11,9.095072,501.50104,-39.905437,40.766106, Private, HS-grad, Separated, Adm-clerical, Husband, White, Male, United-States, <=50K
30.398075,389581.8,8.959577,-433.0854,9.43208,24.433147, ?, Some-college, Married-civ-spouse, ?, Wife, White, Female, United-States, <=50K
35.861137,60625.977,8.6353445,-39.181828,-7.853862,50.31223, Private, HS-grad, Divorced, Exec-managerial, Not-in-family, White, Female, United-States, <=50K
27.069798,98090.92,12.616855,-1199.375,42.47473,47.23155, Private, Bachelors, Married-civ-spouse, Prof-specialty, Other-relative, White, Male, United-States, >50K
30.851007,106695.305,9.763855,498.2619,-13.120616,39.647915, Private, Some-college, Married-civ-spouse, Sales, Husband, White, Male, United-States, <=50K
33.40931,417288.94,13.771144,6841.3735,11.567868,40.729504, Private, Bachelors, Never-married, Adm-clerical, Own-child, White, Male, United-States, >50K
15.88639,235201.94,4.933945,708.26416,19.172163,39.449444, ?, Some-college, Never-married, ?, Own-child, White, Male, United-States, <=50K
35.780735,95849.48,8.776796,-146.64618,76.40395,34.536858, Private, HS-grad, Separated, Exec-managerial, Not-in-family, White, Male, United-States, <=50K
47.491333,147458.22,4.6217585,-507.6646,-13.869288,52.60779, Private, HS-grad, Married-civ-spouse, Machine-op-inspct, Husband, White, Male, United-States, <=50K
44.15916,152343.53,6.624449,-24.709904,7.847478,31.186447, Private, HS-grad, Married-civ-spouse, Adm-clerical, Husband, White, Male, United-States, <=50K
29.326113,137620.81,10.570312,1999.3959,-25.336878,18.694592, Private, Assoc-acdm, Married-civ-spouse, Sales, Wife, White, Female, United-States, >50K
48.983433,254882.92,10.470856,-757.3918,3.06783,43.943424, Private, Some-college, Married-civ-spouse, Craft-repair, Husband, White, Male, United-States, >50K
49.14736,49529.016,9.008485,341.86444,2.703496,51.21626, Private, HS-grad, Married-civ-spouse, Prof-specialty, Husband, White, Male, United-States, >50K
44.0901,159823.98,8.371294,-895.7576,-2.2506132,45.57927, Private, HS-grad, Married-civ-spouse, Craft-repair, Husband, White, Male, United-States, <=50K
45.790455,130067.27,12.124137,-1001.02875,4.7243547,42.217003, Private, Bachelors, Divorced, Machine-op-inspct, Own-child, White, Male, United-States, <=50K
46.551994,210353.55,4.5119715,469.492,-2.1796217,42.828403, Private, HS-grad, Married-spouse-absent, Craft-repair, Unmarried, White, Male, United-States, <=50K
18.193192,420276.53,9.263749,-625.84576,-16.474901,20.63896, Private, Some-college, Never-married, Other-service, Own-child, White, Male, United-States, <=50K
52.485928,91380.7,10.669836,-1135.3164,-0.34099853,46.153316, Private, Assoc-voc, Married-civ-spouse, Handlers-cleaners, Husband, White, Male, United-States, >50K
21.674389,196587.72,13.280844,-743.71454,-17.63814,36.8434, ?, Bachelors, Never-married, ?, Own-child, White, Male, United-States, <=50K
30.281408,219360.06,7.5839334,1412.7034,-6.0331373,41.16832, Private, HS-grad, Married-spouse-absent, Adm-clerical, Not-in-family, White, Male, United-States, <=50K
50.149494,270849.8,9.956686,-172.48395,18.944471,40.585503, Private, Some-college, Married-civ-spouse, Exec-managerial, Husband, White, Male, United-States, <=50K
24.792881,157569.58,12.633319,-495.07684,28.298159,21.314169, Private, Bachelors, Never-married, Other-service, Own-child, White, Male, United-States, <=50K
18.196815,132103.5,9.3534775,-1651.7087,-11.575198,42.95835, Private, Some-college, Never-married, Other-service, Other-relative, White, Male, United-States, <=50K
34.683846,224721.39,10.051106,-921.0712,73.35475,35.534435, Private, Some-college, Married-civ-spouse, Farming-fishing, Husband, White, Male, United-States, <=50K
50.557438,173438.84,9.594247,-704.76276,28.469809,43.082314, Private, Some-college, Married-civ-spouse, Other-service, Husband, White, Male, United-States, <=50K
27.501442,183273.02,13.105572,-785.71466,19.870459,34.581867, Private, Bachelors, Never-married, Prof-specialty, Own-child, White, Female, United-States, <=50K
44.210606,140338.81,14.361424,1511.6534,-20.6552,34.603542, Private, Bachelors, Married-civ-spouse, Exec-managerial, Wife, White, Female, United-States, >50K
47.244656,106174.516,12.433633,874.7889,-36.39053,39.85076, Private, Bachelors, Divorced, Prof-specialty, Not-in-family, White, Female, United-States, >50K
37.603195,143443.12,8.89774,90.781425,2.6467714,40.63751, Private, HS-grad, Divorced, Craft-repair, Unmarried, White, Female, United-States, <=50K
28.30985,72170.48,9.958406,-851.1202,11.077176,66.78806, Private, Assoc-voc, Married-civ-spouse, Other-service, Husband, White, Male, United-States, <=50K
33.54386,255988.72,8.783037,-538.63153,-22.149172,40.31456, Private, HS-grad, Divorced, Handlers-cleaners, Unmarried, White, Male, United-States, <=50K
58.491756,272965.03,8.987412,-504.17914,-8.18864,46.049217, Private, HS-grad, Separated, Machine-op-inspct, Unmarried, White, Female, United-States, <=50K
71.09423,109854.375,9.063106,1077.3912,35.197365,25.600836, Private, HS-grad, Married-civ-spouse, Machine-op-inspct, Husband, White, Male, United-States, <=50K
46.666916,224304.42,8.389135,-787.86993,-12.109355,62.42963, Private, HS-grad, Married-civ-spouse, Transport-moving, Husband, White, Male, United-States, >50K
20.13887,210497.33,8.256772,-575.2128,0.52909577,40.842026, Private, HS-grad, Never-married, Other-service, Own-child, White, Male, United-States, <=50K
41.017128,47340.734,9.360778,-979.6623,-17.642328,37.436646, Private, Some-college, Divorced, Other-service, Own-child, White, Male, United-States, <=50K
55.457947,125527.14,5.3701644,-101.84101,-19.795534,9.560453, Private, HS-grad, Married-civ-spouse, Sales, Husband, White, Male, United-States, <=50K
49.225677,110157.125,12.411693,1120.564,23.426203,41.03642, Private, Bachelors, Divorced, Exec-managerial, Not-in-family, White, Female, United-States, <=50K
42.656548,80918.43,14.317476,-536.65094,40.46813,48.405537, Private, Bachelors, Married-civ-spouse, Exec-managerial, Husband, White, Male, United-States, <=50K
32.11894,292747.56,9.489624,629.69214,-30.459131,38.415604, Private, HS-grad, Never-married, Prof-specialty, Other-relative, White, Male, United-States, >50K
49.260082,197312.77,9.608624,-221.47894,-16.904345,41.133064, Private, Some-college, Divorced, Farming-fishing, Not-in-family, White, Male, United-States, <=50K
60.284794,108873.27,8.77209,88.07317,-2.5749998,39.472378, Private, HS-grad, Married-civ-spouse, Adm-clerical, Husband, White, Male, United-States, <=50K
44.303833,29893.844,8.820915,-75.33552,-17.196833,43.828236, Private, HS-grad, Married-civ-spouse, Craft-repair, Husband, White, Male, United-States, <=50K
65.23059,230782.08,9.842794,232.3493,-21.395525,38.637936, Private, HS-grad, Married-civ-spouse, Sales, Husband, White, Male, United-States, <=50K
50.05062,254825.73,4.2606597,222.17029,-16.603586,47.92553, Private, Some-college, Never-married, Adm-clerical, Unmarried, White, Male, United-States, <=50K
35.988094,74229.47,5.827099,-637.63824,11.631581,32.236046, Private, HS-grad, Never-married, Craft-repair, Own-child, White, Male, United-States, <=50K
36.37047,273207.8,8.000366,30.889584,-42.33401,89.02618, Private, HS-grad, Married-civ-spouse, Sales, Husband, White, Male, United-States, >50K
47.334064,48578.812,12.666222,-1233.7598,12.880124,42.18957, Private, Bachelors, Married-civ-spouse, Prof-specialty, Wife, White, Female, United-States, >50K
58.037956,129751.37,14.484548,-1075.9192,8.337285,47.3859, Private, Bachelors, Married-civ-spouse, Prof-specialty, Wife, White, Female, United-States, >50K
22.555384,103547.36,10.377191,-238.91681,4.0244417,37.57854, Private, Assoc-voc, Never-married, Adm-clerical, Own-child, White, Female, United-States, <=50K
40.138718,284336.97,6.6604304,176.33276,19.307066,37.415764, Private, Some-college, Separated, Other-service, Not-in-family, White, Male, United-States, <=50K
17.30437,55242.47,7.928965,-592.2802,-7.084697,17.753263, Private, HS-grad, Never-married, Other-service, Own-child, White, Male, United-States, <=50K
22.426699,395681.38,9.007161,463.5545,30.116392,45.045467, Private, HS-grad, Never-married, Machine-op-inspct, Not-in-family, White, Female, United-States, <=50K
19.612902,428738.5,5.751737,-53.40009,-37.675846,36.75958, Private, Some-college, Divorced, Sales, Not-in-family, White, Male, United-States, <=50K
32.84049,319751.5,9.696675,-209.04718,-13.866397,38.305725, Private, Some-college, Married-civ-spouse, Handlers-cleaners, Husband, White, Male, United-States, <=50K
50.585636,244344.66,8.88782,-764.9318,-1.0250653,42.138214, Private, HS-grad, Married-civ-spouse, Sales, Husband, White, Male, United-States, >50K
60.685043,128631.195,14.857962,-53.756046,10.214322,30.541658, Private, Bachelors, Never-married, Exec-managerial, Not-in-family, White, Female, United-States, <=50K
54.294052,145601.45,9.082903,-79.46137,-36.661297,47.86731, Private, HS-grad, Never-married, Handlers-cleaners, Not-in-family, White, Male, United-States, <=50K
37.63517,200708.2,8.41378,-6.5567055,-4.23067,62.6591, Private, Some-college, Separated, Other-service, Not-in-family, White, Male, United-States, <=50K
57.492825,198042.4,12.971374,-605.0131,1641.772,35.947643, Private, Bachelors, Married-civ-spouse, Machine-op-inspct, Husband, White, Male, United-States, <=50K
32.848396,233611.33,8.8984,-371.40533,-77.2369,34.282032, Private, HS-grad, Separated, Prof-specialty, Not-in-family, White, Female, United-States, <=50K
54.941494,227222.97,13.319807,5213.0317,-45.60925,62.42337, Private, Bachelors, Married-civ-spouse, Prof-specialty, Husband, White, Male, United-States, >50K
28.566065,101794.67,9.920997,140.39429,-9.9746275,52.502304, Private, Some-college, Never-married, Exec-managerial, Not-in-family, White, Female, United-States, <=50K
47.59472,227877.58,9.977421,-501.32135,8.746015,39.65584, Private, Some-college, Married-civ-spouse, Adm-clerical, Husband, White, Male, United-States, <=50K
48.605743,235233.73,4.5839505,65.89605,-4.3862486,34.57831, Private, Some-college, Married-civ-spouse, Sales, Husband, White, Male, United-States, <=50K
28.619492,181530.9,9.04015,42.354,24.078665,39.49501, Private, HS-grad, Never-married, Adm-clerical, Unmarried, White, Female, United-States, <=50K
40.990555,186667.19,8.678124,-564.2419,-0.55832946,31.604492, Private, HS-grad, Married-civ-spouse, Prof-specialty, Wife, White, Female, United-States, <=50K
28.41126,191516.02,9.00062,-436.9715,-9.794169,33.590187, Private, HS-grad, Never-married, Adm-clerical, Own-child, White, Female, United-States, <=50K
59.516975,195417.73,9.470892,538.8748,23.352339,56.437332, Private, Some-college, Widowed, Other-service, Not-in-family, White, Male, United-States, <=50K
45.309998,181782.97,7.327714,2327.598,49.407845,-4.147669, ?, HS-grad, Married-civ-spouse, ?, Wife, White, Female, United-States, <=50K
49.64202,121474.99,13.959141,-831.2791,21.115522,63.001663, Private, Bachelors, Married-civ-spouse, Prof-specialty, Husband, White, Male, United-States, >50K
30.613157,108561.875,5.933945,-94.32612,19.64028,39.474857, Private, HS-grad, Married-civ-spouse, Craft-repair, Husband, White, Male, United-States, <=50K
23.629993,23606.781,10.4264,488.3067,73.33968,29.822372, Private, Some-college, Married-civ-spouse, Machine-op-inspct, Husband, White, Male, United-States, <=50K
18.942488,118637.85,10.427411,-633.82086,16.595404,34.24314, Private, Some-college, Never-married, Sales, Not-in-family, White, Male, United-States, <=50K
29.57124,81565.68,8.956741,-255.98749,7.875905,37.549084, Private, HS-grad, Separated, Craft-repair, Not-in-family, White, Male, United-States, <=50K
46.589172,86715.9,9.963173,-145.8172,40.605236,34.68336, Private, Some-college, Married-civ-spouse, Machine-op-inspct, Husband, White, Male, United-States, <=50K
29.904959,51336.797,8.942578,145.09094,15.364743,38.54446, Private, HS-grad, Never-married, Machine-op-inspct, Unmarried, White, Female, United-States, <=50K
32.01161,255651.53,9.108546,-368.89386,-42.95271,42.402676, Private, HS-grad, Never-married, Other-service, Not-in-family, White, Female, United-States, <=50K
46.05379,577710.3,9.652149,-32.467472,15.962247,32.55168, Private, Some-college, Divorced, Other-service, Not-in-family, White, Male, United-States, <=50K
26.065533,296458.88,-0.7176399,-236.0274,-48.493893,45.190468, Private, Some-college, Married-civ-spouse, Sales, Wife, White, Female, United-States, <=50K
32.423878,40567.953,9.52249,-357.69623,5.199254,22.863209, Private, Some-college, Married-civ-spouse, Prof-specialty, Husband, White, Male, United-States, <=50K
33.811535,259856.19,13.045871,12399.302,35.3917,40.8451, Private, Bachelors, Married-civ-spouse, Exec-managerial, Wife, White, Female, United-States, >50K
73.95973,205367.08,9.009268,73.51623,53.313015,28.727486, Private, HS-grad, Never-married, Handlers-cleaners, Not-in-family, White, Male, United-States, <=50K
22.122265,172504.12,9.420028,-344.3487,-7.9728193,43.71652, Private, Some-college, Never-married, Craft-repair, Own-child, White, Male, United-States, <=50K
26.209465,209736.75,5.827973,-480.69904,-4.778659,38.112114, Private, Some-college, Never-married, Craft-repair, Own-child, White, Male, United-States, <=50K
19.847448,268846.9,9.605816,-831.04205,-45.719707,37.835606, Private, Some-college, Never-married, Sales, Own-child, White, Male, United-States, <=50K
47.041306,190407.55,9.299914,-1038.2266,20.725248,30.278406, Private, HS-grad, Married-civ-spouse, Prof-specialty, Husband, White, Male, United-States, <=50K
77.88901,254674.89,14.847266,966.9791,26.990934,31.746996, Private, Bachelors, Married-civ-spouse, Adm-clerical, Husband, White, Male, United-States, >50K
47.795254,17388.688,13.300541,-369.3239,-8.2389555,64.016464, Private, Bachelors, Divorced, Prof-specialty, Not-in-family, White, Female, United-States, >50K
36.750015,33535.688,5.690324,-78.41816,-26.226854,23.579866, Private, HS-grad, Never-married, Sales, Own-child, White, Female, United-States, <=50K
40.272606,221209.86,14.147765,-840.41486,23.866167,47.94669, Private, Bachelors, Married-civ-spouse, Prof-specialty, Husband, White, Male, United-States, <=50K
17.213568,244880.61,6.37376,-877.3588,-17.189821,31.236012, Private, Some-college, Never-married, Exec-managerial, Own-child, White, Male, United-States, <=50K
28.206217,214678.25,13.0375595,46.817562,2.2555437,43.631733, Private, Bachelors, Never-married, Prof-specialty, Not-in-family, White, Male, United-States, <=50K
43.550926,210510.64,13.676786,-890.7452,14.932546,48.156307, Private, Bachelors, Married-civ-spouse, Exec-managerial, Husband, White, Male, United-States, <=50K
32.4409,272393.62,8.941101,-507.9969,-20.445978,45.028843, Private, HS-grad, Married-civ-spouse, Machine-op-inspct, Wife, White, Female, United-States, <=50K
40.09273,276561.56,12.765111,-940.3935,16.77542,44.00587, Private, Bachelors, Married-civ-spouse, Prof-specialty, Husband, White, Male, United-States, <=50K
39.8909,123496.09,8.755299,-594.7131,24.428244,69.59162, Private, HS-grad, Married-civ-spouse, Other-service, Husband, White, Male, United-States, <=50K
53.79147,86330.41,8.723103,-537.1624,0.05222045,42.303596, Private, HS-grad, Married-civ-spouse, Craft-repair, Husband, White, Male, United-States, <=50K
63.226048,132006.58,9.0941725,867.8607,-14.868503,50.129704, Private, HS-grad, Widowed, Prof-specialty, Unmarried, White, Male, United-States, <=50K
32.212162,421542.56,9.170229,-475.0517,-22.141794,44.45649, Private, Some-college, Married-civ-spouse, Handlers-cleaners, Husband, White, Male, United-States, <=50K
34.8632,232873.88,8.374187,-250.40326,-17.181658,39.514305, Private, HS-grad, Married-civ-spouse, Craft-repair, Husband, White, Male, United-States, >50K
28.44573,128806.23,9.583881,85.86669,8.791837,38.731274, Private, HS-grad, Married-civ-spouse, Other-service, Husband, White, Male, United-States, <=50K
26.408636,320736.2,9.513007,141.26422,-26.646051,43.22516, Private, Some-college, Divorced, Adm-clerical, Unmarried, White, Female, United-States, <=50K
35.698727,127212.75,9.780613,6.917782,-13.374904,44.70158, Private, Some-college, Divorced, Adm-clerical, Not-in-family, White, Female, United-States, <=50K
39.64492,367955.62,9.461369,-475.1767,-30.85966,49.57094, Private, Some-college, Married-civ-spouse, Sales, Husband, White, Male, United-States, >50K
27.555424,103805.66,5.7526307,-447.1021,0.9564258,42.8358, Private, Some-college, Never-married, Handlers-cleaners, Own-child, White, Male, United-States, <=50K
47.04699,189107.92,13.155724,-568.9472,42.998093,7.283907, Private, Bachelors, Married-civ-spouse, Exec-managerial, Husband, White, Male, United-States, <=50K
42.27672,298938.03,8.93569,-5.488102,-36.677097,40.530624, Private, HS-grad, Married-civ-spouse, Prof-specialty, Other-relative, White, Male, United-States, <=50K
33.951416,352130.7,6.19999,-29.545597,-38.241238,40.656452, Private, Some-college, Married-civ-spouse, Sales, Husband, White, Male, United-States, <=50K
37.506084,235448.14,12.057862,-1409.1592,8.072713,62.19496, Private, Bachelors, Married-civ-spouse, Prof-specialty, Husband, White, Male, United-States, >50K
25.936415,288917.38,11.438657,-889.2298,-0.9559506,36.444828, Private, Bachelors, Never-married, Other-service, Other-relative, White, Male, United-States, <=50K
33.632305,83996.52,13.507032,-82.18281,0.49088013,39.94458, Private, Bachelors, Divorced, Prof-specialty, Not-in-family, White, Female, United-States, <=50K
46.932724,89279.61,12.709403,-352.3471,30.988836,38.785736, Private, Bachelors, Married-civ-spouse, Exec-managerial, Husband, White, Male, United-States, <=50K
43.10278,167205.44,12.620154,873.26086,39.83864,62.966972, Private, Bachelors, Divorced, Exec-managerial, Not-in-family, White, Male, United-States, <=50K
30.214039,468517.94,12.1780405,-1015.5351,3.1125994,52.19121, Private, Bachelors, Married-civ-spouse, Sales, Husband, White, Male, United-States, <=50K
36.661854,338801.6,9.869176,173.9372,-12.357051,35.90263, Private, Some-college, Divorced, Craft-repair, Husband, White, Male, United-States, <=50K
61.07389,18436.484,9.211664,-1582.832,56.669117,44.63347, Private, HS-grad, Married-spouse-absent, Other-service, Other-relative, White, Male, United-States, <=50K
20.053406,248654.77,9.746212,-806.03107,-22.499155,40.310368, Private, Some-college, Never-married, Other-service, Own-child, White, Male, United-States, <=50K
36.350727,399379.28,8.572574,-192.13922,-28.876955,29.546415, Private, Some-college, Married-civ-spouse, Sales, Husband, White, Male, United-States, <=50K
37.526215,445186.44,12.204303,-2680.0159,-16.088808,52.048046, Private, Assoc-acdm, Married-spouse-absent, Other-service, Not-in-family, White, Female, United-States, >50K
29.303755,45815.156,8.8956175,1372.811,34.620846,42.68342, Private, HS-grad, Married-civ-spouse, Machine-op-inspct, Husband, White, Male, United-States, <=50K
50.09688,375560.22,10.061001,-1141.283,12.737798,38.485638, Private, Some-college, Married-civ-spouse, Craft-repair, Husband, White, Male, United-States, <=50K
35.118885,341345.62,13.4085245,1520.7384,47.138046,35.932022, Private, Bachelors, Married-civ-spouse, Handlers-cleaners, Husband, White, Male, United-States, >50K
35.73408,224531.62,13.401533,-593.0267,34.504047,41.93961, Private, Bachelors, Never-married, Adm-clerical, Not-in-family, White, Male, United-States, <=50K
44.651993,266189.9,11.647755,-1349.7756,-26.245768,40.85446, Private, Assoc-voc, Divorced, Prof-specialty, Not-in-family, White, Male, United-States, >50K
69.570946,197095.7,10.089399,-784.0976,-3.6827345,40.119263, Private, Some-college, Married-civ-spouse, Protective-serv, Husband, White, Male, United-States, >50K
58.975533,159722.44,13.552349,-539.47577,21.730825,46.101112, Private, Bachelors, Married-civ-spouse, Prof-specialty, Husband, White, Male, United-States, <=50K
32.01928,188254.23,9.558812,-198.52008,9.076726,41.266403, Private, Assoc-voc, Married-civ-spouse, Sales, Husband, White, Male, United-States, >50K
29.409971,232199.77,9.112728,-502.21747,38.753315,14.237944, Private, HS-grad, Married-civ-spouse, Protective-serv, Not-in-family, White, Male, United-States, <=50K
37.654163,238753.31,12.704942,329.7517,14.278562,44.837887, Private, Bachelors, Married-civ-spouse, Exec-managerial, Husband, White, Male, United-States, >50K
29.597881,147120.02,8.979849,-93.08112,179.80872,42.2477, Private, Assoc-voc, Separated, Sales, Other-relative, White, Male, United-States, <=50K
30.105026,213757.03,7.213387,28.802792,-20.02846,46.88828, Private, Some-college, Never-married, Handlers-cleaners, Own-child, White, Male, United-States, <=50K
26.100447,297469.1,8.9361925,-26.047184,-1.8841428,45.595108, Private, HS-grad, Never-married, Other-service, Not-in-family, White, Female, United-States, <=50K
20.689243,198060.75,7.76067,-979.75775,9.0284395,58.77497, Private, Some-college, Never-married, Transport-moving, Not-in-family, White, Male, United-States, <=50K
37.087032,257448.23,13.142569,-162.57758,4.1189547,21.090473, Private, Bachelors, Widowed, Prof-specialty, Unmarried, White, Female, United-States, <=50K
39.47264,151015.31,10.006482,931.4802,-18.79445,37.63432, Private, Some-college, Separated, Adm-clerical, Not-in-family, White, Female, United-States, <=50K
37.109154,99045.91,12.770648,1841.6492,48.177326,51.201046, Private, Bachelors, Married-civ-spouse, Exec-managerial, Husband, White, Male, United-States, >50K
36.906097,67204.3,9.238469,112.85369,-2.1503325,50.31729, Private, HS-grad, Divorced, Exec-managerial, Not-in-family, White, Female, United-States, <=50K
20.599989,111627.89,8.0893135,-65.166695,-2.735736,36.99961, Private, HS-grad, Never-married, Adm-clerical, Own-child, White, Female, United-States, <=50K
55.380978,88029.27,11.48309,1630.9445,51.0569,49.193363, Private, Assoc-voc, Married-civ-spouse, Prof-specialty, Husband, White, Male, United-States, <=50K
28.912987,236980.9,13.241603,-522.9975,20.246237,39.181145, Private, Bachelors, Married-civ-spouse, Prof-specialty, Husband, White, Male, United-States, <=50K
54.54242,125251.766,14.047688,-160.00934,27.552351,45.10658, Private, Bachelors, Married-civ-spouse, Exec-managerial, Husband, White, Male, United-States, >50K
19.230354,224215.5,8.430082,-230.5285,-8.848392,34.629402, Private, Some-college, Married-civ-spouse, Prof-specialty, Husband, White, Male, United-States, <=50K
20.450575,346334.22,12.498429,-1255.3291,328.79626,38.91749, Private, Bachelors, Never-married, Handlers-cleaners, Own-child, White, Female, United-States, <=50K
45.245777,425791.12,12.779526,107.360344,-33.81535,50.30075, Private, Bachelors, Separated, Prof-specialty, Unmarried, White, Male, United-States, >50K
23.37865,150488.05,9.719284,-352.77948,-26.816256,36.29648, Private, Some-college, Never-married, Sales, Own-child, White, Female, United-States, <=50K
47.15818,138020.84,9.741294,-96.67597,1654.8616,42.076355, Private, HS-grad, Widowed, Craft-repair, Not-in-family, White, Male, United-States, <=50K
37.947186,131235.98,8.999516,412.55054,9.075894,47.17322, Private, HS-grad, Never-married, Exec-managerial, Not-in-family, White, Female, United-States, >50K
36.3267,124222.09,8.752801,-504.8128,11.93501,39.95571, Private, HS-grad, Divorced, Craft-repair, Unmarried, White, Female, United-States, <=50K
31.407513,272841.1,9.83005,-631.16205,11.959287,43.97387, Private, Some-college, Married-civ-spouse, Craft-repair, Husband, White, Male, United-States, <=50K
52.83005,174150.81,8.774168,-245.85846,0.40699494,39.91073, Private, HS-grad, Married-civ-spouse, Sales, Husband, White, Male, United-States, <=50K
28.16506,178505.08,11.043928,361.07697,-36.094685,31.223299, Private, Assoc-voc, Never-married, Tech-support, Not-in-family, White, Female, United-States, <=50K
42.451633,336330.1,13.345073,-1373.3193,-0.10554017,53.116005, Private, Bachelors, Married-civ-spouse, Prof-specialty, Wife, White, Female, United-States, >50K
30.835718,197534.97,8.93475,-704.67413,-4.2902937,48.077312, Private, HS-grad, Married-civ-spouse, Sales, Husband, White, Male, United-States, >50K
37.742104,72241.4,9.092856,-1277.0205,16.479582,35.240192, Private, HS-grad, Married-civ-spouse, Other-service, Wife, White, Female, United-States, >50K
29.004513,99125.67,8.574847,-1077.9758,37.604164,46.798286, Private, HS-grad, Married-civ-spouse, Sales, Other-relative, White, Male, United-States, >50K
38.687614,143379.27,12.868285,-423.7071,31.34358,40.002754, Private, Bachelors, Married-spouse-absent, Other-service, Not-in-family, White, Female, United-States, <=50K
37.989784,237709.44,8.215749,2438.473,1458.4312,42.832657, Private, Some-college, Married-civ-spouse, Handlers-cleaners, Husband, White, Male, United-States, >50K
53.463203,513426.53,10.306018,1017.48126,-9.467471,41.198265, Private, Some-college, Married-civ-spouse, Farming-fishing, Husband, White, Male, United-States, <=50K
48.665257,246583.73,7.6330853,1084.6842,-53.40402,36.606953, ?, HS-grad, Separated, ?, Not-in-family, White, Female, United-States, <=50K
35.18282,40478.97,8.807256,-201.62323,-1.1473569,42.058266, Private, HS-grad, Married-civ-spouse, Craft-repair, Husband, White, Male, United-States, <=50K
21.839926,290815.22,11.949683,-549.91656,-44.899715,44.45673, Private, Bachelors, Never-married, Adm-clerical, Not-in-family, White, Female, United-States, <=50K
52.44051,180616.3,9.807343,1445.9679,53.94065,50.54854, Private, HS-grad, Married-civ-spouse, Machine-op-inspct, Husband, White, Male, United-States, >50K
58.74877,63724.555,13.697805,-216.22638,19.304953,32.849503, Private, Bachelors, Married-civ-spouse, Prof-specialty, Husband, White, Male, United-States, <=50K
34.607594,339524.7,8.564263,3069.0952,1.3117038,44.254387, Private, HS-grad, Married-civ-spouse, Adm-clerical, Husband, White, Male, United-States, >50K
21.476559,85857.93,9.755361,559.37244,-46.602306,26.227364, Private, Some-college, Never-married, Sales, Other-relative, White, Female, United-States, <=50K
37.588127,273217.72,10.179537,222.2074,865.2474,38.014378, Private, Some-college, Separated, Sales, Not-in-family, White, Male, United-States, <=50K
20.295622,130716.625,8.033853,-639.2458,-28.771128,30.43423, ?, Some-college, Never-married, ?, Own-child, White, Female, United-States, <=50K
26.520468,122833.484,9.169178,-554.84735,26.202158,26.310152, Private, HS-grad, Married-civ-spouse, Craft-repair, Wife, White, Female, United-States, <=50K
27.14948,177289.23,8.70799,-907.53424,-7.6856413,39.81677, Private, HS-grad, Never-married, Craft-repair, Own-child, White, Male, United-States, <=50K
44.18785,221445.62,8.738281,-1214.9636,15.799878,43.27455, Private, HS-grad, Married-civ-spouse, Other-service, Wife, White, Female, United-States, >50K
39.841496,207078.19,9.219631,-2341.442,21.656164,38.623035, ?, HS-grad, Married-civ-spouse, ?, Husband, White, Male, United-States, >50K
22.442461,178447.11,11.889187,189.31592,-14.161998,57.25065, Private, Bachelors, Never-married, Prof-specialty, Not-in-family, White, Female, United-States, <=50K
28.725075,171171.1,7.1105905,-1294.136,-13.72951,39.940414, Private, Some-college, Married-civ-spouse, Transport-moving, Husband, White, Male, United-States, <=50K
47.92906,274141.62,12.171771,-76.23139,-17.409418,21.676252, ?, Bachelors, Married-spouse-absent, ?, Unmarried, White, Female, United-States, <=50K
46.769356,149560.75,9.109674,-1397.939,-4.238391,37.838837, Private, HS-grad, Married-civ-spouse, Prof-specialty, Wife, White, Female, United-States, >50K
34.181473,98376.91,12.683963,-205.14789,-0.181857,37.528408, Private, Bachelors, Never-married, Exec-managerial, Other-relative, White, Male, United-States, <=50K
38.01414,398297.16,9.188709,-1142.0417,-2.1154966,40.69761, Private, HS-grad, Married-civ-spouse, Craft-repair, Other-relative, White, Male, United-States, <=50K
52.515793,201912.33,13.060746,-945.70306,-8.211848,48.576717, Private, Bachelors, Married-civ-spouse, Adm-clerical, Husband, White, Male, United-States, >50K
47.843273,353033.2,9.83214,125.35027,27.753908,35.85975, Private, Some-college, Divorced, Exec-managerial, Not-in-family, White, Female, United-States, <=50K
38.716457,158006.97,8.986932,-476.35858,10.806088,41.440147, Private, HS-grad, Married-civ-spouse, Machine-op-inspct, Husband, White, Male, United-States, <=50K
48.56641,87112.55,12.753093,257.0642,26.235888,43.088707, Private, Bachelors, Divorced, Transport-moving, Unmarried, White, Female, United-States, <=50K
60.342735,220733.17,9.065971,9058.936,-21.327997,39.436768, Private, HS-grad, Divorced, Adm-clerical, Not-in-family, White, Male, United-States, >50K
40.414898,193609.61,14.129609,2979.3337,9.629071,47.097733, Private, Bachelors, Married-civ-spouse, Prof-specialty, Husband, White, Male, United-States, >50K
37.526333,510631.25,13.363266,-489.31976,-12.683902,48.85237, Private, Bachelors, Married-civ-spouse, Prof-specialty, Husband, White, Male, United-States, >50K
30.336092,200473.92,12.661934,-111.95527,17.24156,21.480452, Private, Bachelors, Never-married, Prof-specialty, Not-in-family, White, Female, United-States, <=50K
53.42805,104541.64,14.553305,-321.08356,-2.0900297,32.770725, Private, Bachelors, Married-civ-spouse, Tech-support, Unmarried, White, Female, United-States, >50K
35.66407,59838.83,8.587816,-462.36896,31.423883,48.54346, Private, HS-grad, Married-civ-spouse, Machine-op-inspct, Husband, White, Male, United-States, <=50K
36.12974,183761.78,9.127651,20578.854,-51.3466,28.11963, Private, HS-grad, Married-civ-spouse, Sales, Own-child, White, Male, United-States, <=50K
32.886116,97387.66,12.894708,138.34967,40.851257,44.42814, Private, Bachelors, Married-civ-spouse, Prof-specialty, Husband, White, Male, United-States, >50K
34.443344,168232.97,8.758733,1232.148,-5.944026,73.43343, Private, HS-grad, Married-civ-spouse, Sales, Husband, White, Male, United-States, <=50K
49.06734,98448.43,13.518976,-428.3371,20.826689,49.70693, Private, Bachelors, Divorced, Prof-specialty, Unmarried, White, Female, United-States, <=50K
71.4687,160924.97,8.433284,-736.5938,4.1997194,37.403522, Private, HS-grad, Married-civ-spouse, Transport-moving, Husband, White, Male, United-States, >50K
37.917953,200929.72,14.398454,-780.92755,27.298613,31.835516, Private, Bachelors, Married-civ-spouse, Prof-specialty, Husband, White, Male, United-States, <=50K
49.06577,168145.88,9.793748,745.74005,-18.617884,-1.9360181, Private, HS-grad, Never-married, Prof-specialty, Own-child, White, Female, United-States, <=50K
41.7821,306953.38,5.6442475,416.56598,-13.145328,42.01102, Private, HS-grad, Divorced, Craft-repair, Not-in-family, White, Male, United-States, <=50K
51.996563,53928.61,8.914846,-438.11554,-16.028208,34.65529, ?, HS-grad, Married-civ-spouse, ?, Husband, White, Male, United-States, <=50K
44.21335,181591.11,8.956033,-882.9483,-7.0392714,37.809464, Private, HS-grad, Never-married, Sales, Not-in-family, White, Male, United-States, <=50K
43.715233,292650.94,8.839593,-463.87823,-63.76173,37.96249, Private, HS-grad, Separated, Sales, Own-child, White, Female, United-States, <=50K
43.324196,163782.67,8.321903,-272.21246,-24.346796,53.10449, Private, Some-college, Married-civ-spouse, Sales, Husband, White, Male, United-States, >50K
31.634779,123687.055,9.725173,-888.94525,13.004933,33.99326, Private, Some-college, Married-civ-spouse, Other-service, Husband, White, Male, United-States, <=50K
30.372286,116771.984,12.267497,324.94586,21.118406,39.56759, Private, Bachelors, Never-married, Machine-op-inspct, Not-in-family, White, Male, United-States, <=50K
55.70882,141176.39,8.545912,14917.772,4.175893,42.425056, Private, HS-grad, Married-civ-spouse, Transport-moving, Husband, White, Male, United-States, >50K
46.49048,150379.34,8.562876,173.3042,16.51229,39.61082, Private, HS-grad, Married-civ-spouse, Adm-clerical, Husband, White, Male, United-States, <=50K
41.377174,201864.61,12.896356,-774.94977,2.202756,48.72967, Private, Bachelors, Divorced, Adm-clerical, Not-in-family, White, Male, United-States, >50K
28.816435,232409.25,8.871241,457.1754,-0.3595761,22.272219, Private, Some-college, Never-married, Protective-serv, Not-in-family, White, Female, United-States, <=50K
45.66215,147365.55,13.191452,-0.4309733,1725.4619,44.97738, Private, Bachelors, Married-civ-spouse, Adm-clerical, Husband, White, Male, United-States, >50K
27.447342,64460.35,10.751803,-556.41815,2047.6082,53.202072, Private, Assoc-acdm, Married-civ-spouse, Other-service, Husband, White, Male, United-States, <=50K
33.28699,100362.48,9.007437,-1255.4929,-48.851772,76.094315, Private, HS-grad, Never-married, Other-service, Not-in-family, White, Male, United-States, >50K
21.451517,106323.69,12.862025,-677.1612,-20.937197,29.327051, Private, Bachelors, Never-married, Tech-support, Own-child, White, Female, United-States, <=50K
46.637928,73425.22,8.626435,-1519.6304,670.50446,40.818695, Private, HS-grad, Separated, Protective-serv, Other-relative, White, Male, United-States, <=50K
18.144556,145522.53,8.485062,1056.6385,45.031395,44.047264, Private, HS-grad, Separated, Handlers-cleaners, Own-child, White, Male, United-States, <=50K
61.299824,257725.45,13.180684,106.28869,-13.9546,35.860546, Private, Bachelors, Never-married, Prof-specialty, Not-in-family, White, Female, United-States, <=50K
35.79194,170299.78,9.998498,-566.75543,3.6524324,49.765884, Private, Assoc-voc, Married-civ-spouse, Prof-specialty, Husband, White, Male, United-States, <=50K
51.017673,404949.94,12.616695,-297.54425,-20.194902,70.167725, Private, Bachelors, Married-civ-spouse, Prof-specialty, Husband, White, Male, United-States, >50K
50.76387,267047.47,13.254254,-679.9993,26.02001,47.646057, Private, Bachelors, Divorced, Adm-clerical, Not-in-family, White, Male, United-States, <=50K
30.25805,134449.77,13.167433,-1047.019,163.44064,38.265163, Private, Bachelors, Divorced, Prof-specialty, Not-in-family, White, Male, United-States, <=50K
30.339346,266817.28,10.183935,1591.9917,-1.3277081,44.30538, Private, Some-college, Never-married, Tech-support, Unmarried, White, Male, United-States, <=50K
24.053577,296813.3,8.860014,-374.21454,-2.6320524,33.189156, Private, HS-grad, Never-married, Craft-repair, Own-child, White, Male, United-States, <=50K
18.849821,205553.36,9.716324,-184.4035,-10.742244,22.875536, Private, Some-college, Never-married, Other-service, Other-relative, White, Male, United-States, <=50K
34.48739,23027.969,9.197861,-470.90863,4.26254,43.84208, Private, HS-grad, Widowed, Craft-repair, Not-in-family, White, Female, United-States, >50K
36.88215,100284.01,9.264695,-336.03107,-6.4041166,35.967506, Private, HS-grad, Never-married, Craft-repair, Not-in-family, White, Male, United-States, <=50K
40.134968,216091.31,12.361031,-741.62897,23.668604,68.02536, Private, Bachelors, Married-civ-spouse, Transport-moving, Husband, White, Male, United-States, <=50K
73.8453,113513.1,11.08185,13737.977,-41.90057,60.40015, Private, Assoc-voc, Married-civ-spouse, Farming-fishing, Husband, White, Male, United-States, >50K
29.058758,79701.04,8.897888,305.20233,-17.080538,38.547783, Private, HS-grad, Never-married, Prof-specialty, Not-in-family, White, Female, United-States, <=50K
62.011536,120598.87,10.104661,-281.46442,20.823545,38.20012, ?, HS-grad, Married-civ-spouse, ?, Husband, White, Male, United-States, <=50K
49.24242,54903.266,13.528343,-1071.7073,53.05941,57.8937, Private, Bachelors, Divorced, Exec-managerial, Not-in-family, White, Male, United-States, <=50K
51.026394,203563.16,9.217968,-453.79144,-20.135706,38.4276, Private, HS-grad, Married-civ-spouse, Prof-specialty, Husband, White, Male, United-States, <=50K
25.119722,198426.55,6.8130174,-23.916935,3.462163,35.032978, Private, Some-college, Never-married, Other-service, Not-in-family, White, Female, United-States, <=50K
24.68271,102841.45,8.059686,801.1756,-4.0491514,39.822926, Private, HS-grad, Married-civ-spouse, Other-service, Husband, White, Male, United-States, >50K
50.744816,320102.62,3.9900918,392.31805,-7.962489,37.386055, Private, Some-college, Married-civ-spouse, Farming-fishing, Husband, White, Male, United-States, <=50K
26.68718,156233.39,9.675854,-931.0319,-0.9464215,41.96688, Private, HS-grad, Divorced, Handlers-cleaners, Not-in-family, White, Male, United-States, <=50K
25.62092,91836.37,8.76199,-1244.1814,-16.039782,39.547077, Private, HS-grad, Never-married, Sales, Husband, White, Male, United-States, <=50K
26.326256,98545.586,8.873378,-268.00763,-15.780139,48.12327, Private, HS-grad, Married-civ-spouse, Handlers-cleaners, Husband, White, Male, United-States, <=50K
62.769447,184997.38,11.799584,-196.19562,4.365407,43.389957, Private, Bachelors, Married-civ-spouse, Machine-op-inspct, Husband, White, Male, United-States, <=50K
53.161716,138859.73,9.978805,-459.2802,17.313314,44.877636, Private, Some-college, Married-civ-spouse, Adm-clerical, Husband, White, Male, United-States, <=50K
65.376785,148536.61,8.904383,-114.37324,-31.069742,33.657158, Private, HS-grad, Married-civ-spouse, Prof-specialty, Husband, White, Male, United-States, <=50K
32.308537,216863.22,14.198338,1761.3816,19.55696,64.50727, Private, Bachelors, Never-married, Prof-specialty, Not-in-family, White, Male, United-States, <=50K
78.49026,212295.53,8.1939335,2019.2157,19.69319,34.703556, Private, HS-grad, Married-civ-spouse, Adm-clerical, Husband, White, Male, United-States, >50K
62.52702,40938.062,7.80378,-480.37592,-10.196818,32.73556, Private, HS-grad, Married-civ-spouse, Craft-repair, Husband, White, Male, United-States, <=50K
29.050001,115949.89,10.755568,-981.674,21.13481,35.708473, Private, Some-college, Divorced, Farming-fishing, Unmarried, White, Male, United-States, <=50K
36.100323,345351.0,8.820084,-61.36542,-58.146053,40.626347, Private, HS-grad, Separated, Adm-clerical, Unmarried, White, Female, United-States, <=50K
42.635326,60559.727,13.851267,-654.6895,19.130613,42.3308, Private, Bachelors, Married-civ-spouse, Prof-specialty, Husband, White, Male, United-States, <=50K
60.975113,91624.95,7.0082254,-161.3648,-59.990673,43.14927, Private, HS-grad, Divorced, Adm-clerical, Not-in-family, White, Female, United-States, <=50K
39.33157,245825.7,12.049113,348.08813,-3.5627165,37.872066, Private, Bachelors, Never-married, Other-service, Not-in-family, White, Male, United-States, <=50K
61.008984,127754.92,10.068555,-413.85443,22.905539,38.254326, Private, Some-college, Married-civ-spouse, Exec-managerial, Husband, White, Male, United-States, <=50K
41.839798,173514.61,15.583932,12220.825,9.711949,56.536133, Private, Bachelors, Married-civ-spouse, Prof-specialty, Husband, White, Male, United-States, >50K
36.44593,109802.65,8.75139,-319.24005,-20.355295,39.714153, Private, HS-grad, Divorced, Craft-repair, Unmarried, White, Female, United-States, <=50K
40.004745,359423.16,8.895766,-817.3234,-11.801265,41.086998, Private, HS-grad, Married-civ-spouse, Craft-repair, Not-in-family, White, Male, United-States, >50K
38.21015,164137.72,8.902901,-140.40338,13.547124,38.904385, Private, HS-grad, Married-civ-spouse, Prof-specialty, Wife, White, Female, United-States, <=50K
19.535051,207936.94,8.997534,-332.8509,1.8636066,29.589228, Private, HS-grad, Never-married, Adm-clerical, Own-child, White, Female, United-States, <=50K
79.84467,208323.14,9.375414,-163.49347,8.550931,38.000206, Private, HS-grad, Married-civ-spouse, ?, Husband, White, Male, United-States, <=50K
33.609547,229634.28,14.044698,-290.32172,29.807562,48.24951, Private, Bachelors, Married-spouse-absent, Prof-specialty, Unmarried, White, Female, United-States, <=50K
48.757015,113021.234,8.748518,-385.95978,-14.712092,40.01074, Private, HS-grad, Never-married, Handlers-cleaners, Not-in-family, White, Male, United-States, <=50K
25.869112,670817.56,6.3480015,177.69666,-21.393343,39.925488, Private, Some-college, Never-married, Craft-repair, Not-in-family, White, Male, United-States, <=50K
57.00192,215491.61,8.631977,-20.165226,2.3956041,39.889168, Private, HS-grad, Widowed, Other-service, Unmarried, White, Female, United-States, <=50K
58.05892,101332.305,8.85529,2023.1979,-0.6914395,30.519571, Private, HS-grad, Married-civ-spouse, Sales, Husband, White, Male, United-States, >50K
14.745332,205373.02,9.906844,-80.20869,-2.143962,7.9879436, Private, Some-college, Never-married, Adm-clerical, Own-child, White, Female, United-States, <=50K
52.79754,311516.16,15.264473,-16.53339,3.701314,52.399048, Private, Bachelors, Married-civ-spouse, Prof-specialty, Husband, White, Male, United-States, >50K
34.26048,157557.48,8.863108,-902.7281,-17.495005,45.576714, Private, HS-grad, Married-civ-spouse, Other-service, Own-child, White, Male, United-States, <=50K
54.369495,231802.44,12.192817,-1421.2139,16.726835,34.728657, Private, Bachelors, Married-civ-spouse, Adm-clerical, Husband, White, Male, United-States, <=50K
39.20957,369041.94,8.260228,6892.451,-32.818226,44.464767, Private, HS-grad, Married-civ-spouse, Prof-specialty, Husband, White, Male, United-States, >50K
20.515263,218600.25,9.060569,-391.99493,-16.38486,38.016926, Private, HS-grad, Married-civ-spouse, Adm-clerical, Other-relative, White, Female, United-States, <=50K
40.702488,279916.9,9.480549,-563.00055,-16.077364,33.327072, Private, Some-college, Divorced, Other-service, Own-child, White, Female, United-States, <=50K
49.19589,239301.72,10.048677,-1898.2202,7.7871065,40.88256, Private, Some-college, Married-civ-spouse, Adm-clerical, Husband, White, Male, United-States, >50K
22.156954,156144.61,9.963928,448.39142,5.1307573,29.718616, Private, Some-college, Never-married, Adm-clerical, Unmarried, White, Female, United-States, <=50K
39.898815,395298.1,9.43949,27.617489,33.37024,41.456165, Private, HS-grad, Never-married, Craft-repair, Unmarried, White, Female, United-States, <=50K
57.876854,67933.15,13.179046,-552.5081,10.112554,51.67819, Private, Bachelors, Married-civ-spouse, Prof-specialty, Husband, White, Male, United-States, >50K
31.180294,421497.47,9.43978,-2011.8596,-71.55245,32.880566, Private, HS-grad, Never-married, Sales, Own-child, White, Male, United-States, <=50K
47.81811,147605.5,9.069866,-187.78668,5.955037,17.051811, Private, HS-grad, Married-civ-spouse, Adm-clerical, Wife, White, Female, United-States, >50K
58.82398,161718.2,9.551713,-1293.3076,1775.7926,39.778877, Private, Some-college, Married-civ-spouse, Exec-managerial, Husband, White, Male, United-States, >50K
26.898632,258071.55,11.863308,-626.512,-59.462353,39.94588, Private, Bachelors, Divorced, Sales, Unmarried, White, Male, United-States, <=50K
41.871502,113213.05,9.151894,-1207.8894,18.692076,34.485794, Private, HS-grad, Divorced, Craft-repair, Own-child, White, Male, United-States, <=50K
34.091442,55031.484,5.9814506,-966.1628,23.78496,59.892143, Private, HS-grad, Married-civ-spouse, Transport-moving, Husband, White, Male, United-States, <=50K
32.37445,299139.25,12.650706,-439.81256,2.1443224,41.425823, Private, Bachelors, Never-married, Sales, Not-in-family, White, Female, United-States, <=50K
46.82496,195512.53,8.932411,-962.4434,-6.661502,52.796104, Private, HS-grad, Divorced, Craft-repair, Unmarried, White, Male, United-States, <=50K
34.96274,86220.695,8.719149,6268.5864,16.371862,48.97854, Private, HS-grad, Married-civ-spouse, Exec-managerial, Wife, White, Female, United-States, >50K
44.630608,211913.78,11.472161,-534.0815,-18.210512,47.579693, Private, Assoc-acdm, Divorced, Farming-fishing, Not-in-family, White, Male, United-States, <=50K
28.552511,358380.0,10.389848,-689.0877,11.812314,43.058693, Private, Some-college, Married-civ-spouse, Other-service, Husband, White, Male, United-States, <=50K
40.73593,194537.39,9.775562,-1023.7487,7.394994,41.070835, Private, Some-college, Married-civ-spouse, Sales, Husband, White, Male, United-States, >50K
39.42732,172539.16,9.006582,-1087.7141,-15.958468,44.470676, Private, HS-grad, Divorced, Craft-repair, Wife, White, Female, United-States, >50K
32.14815,152455.64,9.894981,234.26819,36.038403,35.65397, Private, Some-college, Never-married, Craft-repair, Not-in-family, White, Male, United-States, <=50K
40.44874,48440.92,11.591914,-264.86945,37.779987,34.827835, Private, Bachelors, Married-civ-spouse, Sales, Husband, White, Male, United-States, <=50K
61.468483,125306.11,14.600566,-1488.3999,1265.0293,25.095514, Private, Bachelors, Never-married, Prof-specialty, Not-in-family, White, Female, United-States, >50K
35.90985,23379.312,9.023931,-1347.2925,0.6226245,46.927063, Private, HS-grad, Married-civ-spouse, Craft-repair, Husband, White, Male, United-States, <=50K
40.33233,202728.55,14.168424,-686.36163,1748.6464,36.035168, Private, Bachelors, Married-civ-spouse, Prof-specialty, Husband, White, Male, United-States, >50K
60.92285,53895.25,12.136352,-1166.9158,-6.2231474,51.86482, Private, Bachelors, Married-civ-spouse, Sales, Husband, White, Male, United-States, <=50K
67.43529,154145.98,8.864783,2092.1416,-0.003764047,47.25966, Private, HS-grad, Never-married, Handlers-cleaners, Not-in-family, White, Male, United-States, <=50K
39.51445,191412.0,9.485421,-516.1508,25.322817,41.64395, Private, HS-grad, Married-civ-spouse, Machine-op-inspct, Husband, White, Male, United-States, <=50K
27.656857,-20138.594,6.0253434,906.3853,19.110365,48.757664, Private, HS-grad, Married-civ-spouse, Craft-repair, Husband, White, Male, United-States, <=50K
46.604435,261668.77,14.808235,100286.49,-27.593874,37.70279, Private, Bachelors, Married-civ-spouse, Prof-specialty, Husband, White, Male, United-States, >50K
52.50842,156956.8,8.966792,-546.8515,-19.23791,46.47469, Private, HS-grad, Divorced, Craft-repair, Not-in-family, White, Male, United-States, >50K
43.670593,154387.53,8.474974,-769.73224,1.5348636,40.121197, Private, HS-grad, Divorced, Craft-repair, Unmarried, White, Male, United-States, <=50K
36.834045,166359.25,13.741829,2.595516,-15.804912,40.528088, Private, Bachelors, Never-married, Farming-fishing, Own-child, White, Male, United-States, <=50K
27.135563,279945.62,8.858914,-1211.8494,14.375157,36.49314, Private, HS-grad, Married-civ-spouse, Exec-managerial, Own-child, White, Female, United-States, <=50K
32.33008,332731.75,11.24507,-726.90607,-1.4673947,41.940872, Private, Assoc-acdm, Married-civ-spouse, Sales, Husband, White, Male, United-States, >50K
30.023083,129033.77,6.3208957,-192.67365,31.078478,30.65319, Private, HS-grad, Never-married, Handlers-cleaners, Own-child, White, Male, United-States, <=50K
52.14019,178105.52,8.939602,208.2865,261.02783,52.195107, Private, HS-grad, Separated, Farming-fishing, Not-in-family, White, Male, United-States, <=50K
43.24442,145727.33,9.512412,636.9414,30.990934,38.71684, Private, HS-grad, Married-civ-spouse, Sales, Husband, White, Male, United-States, >50K
33.79964,440046.22,8.8370075,-71.27924,54.35689,39.27416, Private, HS-grad, Divorced, Prof-specialty, Not-in-family, White, Male, United-States, <=50K
39.868958,615805.2,9.69782,352.4118,-27.153276,43.353264, Private, Some-college, Divorced, Adm-clerical, Unmarried, White, Female, United-States, <=50K
35.98032,266304.1,12.543335,-888.6954,7.21848,50.177933, Private, Bachelors, Never-married, Sales, Own-child, White, Male, United-States, <=50K
36.86788,191997.39,12.441992,2890.6099,-11.822078,35.60685, Private, Bachelors, Never-married, Sales, Not-in-family, White, Male, United-States, <=50K
33.20891,268147.06,8.90764,-520.97687,11.679814,37.91886, Private, HS-grad, Married-civ-spouse, Other-service, Husband, White, Male, United-States, >50K
81.15778,402053.84,10.024338,886.78613,-1.6772717,16.047462, Private, HS-grad, Married-civ-spouse, Handlers-cleaners, Husband, White, Male, United-States, <=50K
39.072456,96826.695,8.885432,49.158688,21.632788,50.378223, Private, HS-grad, Divorced, Exec-managerial, Not-in-family, White, Female, United-States, <=50K
39.64128,158226.23,13.272172,-297.8559,31.167398,46.057537, Private, Bachelors, Married-civ-spouse, Prof-specialty, Husband, White, Male, United-States, <=50K
36.3972,162582.47,9.014745,45.03668,-9.94974,40.87498, Private, HS-grad, Never-married, Other-service, Not-in-family, White, Male, United-States, <=50K
29.159163,111800.37,9.68635,-33.10895,-7.700618,27.987995, Private, Some-college, Never-married, Other-service, Not-in-family, White, Female, United-States, <=50K
66.994354,65432.047,9.112677,-181.40765,7.055623,39.957233, Private, HS-grad, Never-married, Sales, Not-in-family, White, Male, United-States, >50K
22.151115,186415.27,10.476203,-793.9974,17.494093,37.970745, Private, Some-college, Never-married, Adm-clerical, Other-relative, White, Male, United-States, <=50K
20.130968,258204.78,9.042379,1017.6406,3.2224855,36.737144, Private, HS-grad, Married-civ-spouse, Machine-op-inspct, Husband, White, Male, United-States, <=50K
33.592297,48717.688,10.686919,-267.08282,26.76151,47.957706, Private, Assoc-voc, Married-civ-spouse, Exec-managerial, Husband, White, Male, United-States, >50K
58.811428,266043.28,8.410848,-713.6716,-4.6236906,42.986183, Private, HS-grad, Divorced, Adm-clerical, Husband, White, Male, United-States, <=50K
17.824293,86912.84,8.98703,-375.77985,-34.300198,38.597748, Private, HS-grad, Never-married, Adm-clerical, Unmarried, White, Female, United-States, <=50K
41.65053,170464.5,8.642121,3961.4814,12.917623,50.356255, Private, HS-grad, Married-civ-spouse, Transport-moving, Husband, White, Male, United-States, >50K
38.253662,167707.52,14.467422,879.39264,23.37712,39.545433, Private, Bachelors, Never-married, Exec-managerial, Own-child, White, Male, United-States, <=50K
50.95841,60218.555,9.95277,12091.104,-29.221819,39.658466, Private, HS-grad, Married-civ-spouse, Adm-clerical, Husband, White, Male, United-States, >50K
20.9457,85852.94,8.876617,-287.92963,15.071973,39.990177, Private, HS-grad, Married-civ-spouse, Machine-op-inspct, Wife, White, Female, United-States, <=50K
27.441154,112705.49,9.835187,-407.2813,-31.96982,20.21288, Private, Some-college, Divorced, Sales, Husband, White, Male, United-States, <=50K
37.06808,77693.81,9.776967,-1050.1528,14.9943285,69.41183, Private, Some-college, Married-spouse-absent, Adm-clerical, Own-child, White, Female, United-States, <=50K
34.652637,280395.22,8.8972435,-443.32562,-14.227374,34.263275, Private, HS-grad, Married-civ-spouse, Farming-fishing, Wife, White, Female, United-States, <=50K
56.890686,232325.72,8.6076,-1094.9956,9.909368,38.538303, Private, HS-grad, Married-civ-spouse, Other-service, Husband, White, Male, United-States, >50K
40.049805,122119.46,9.787664,-423.3299,7.2032366,54.348633, Private, Some-college, Married-civ-spouse, Exec-managerial, Husband, White, Male, United-States, <=50K
28.140808,305474.06,9.714435,-94.834175,-59.493923,43.23852, Private, Some-college, Never-married, Craft-repair, Own-child, White, Female, United-States, <=50K
47.28203,43529.234,8.780351,-27.095524,-16.579271,46.269547, Private, HS-grad, Divorced, Craft-repair, Unmarried, White, Male, United-States, <=50K
51.404915,125561.22,13.199818,94.95495,14.886472,35.554546, Private, Bachelors, Married-civ-spouse, Prof-specialty, Husband, White, Male, United-States, >50K
35.032497,284085.22,9.815362,149.633,-3.5458632,38.105324, Private, Some-college, Divorced, Handlers-cleaners, Husband, White, Male, United-States, <=50K
46.53856,170550.31,13.541217,-50.554386,24.224493,45.42497, Private, Bachelors, Divorced, Adm-clerical, Not-in-family, White, Female, United-States, >50K
48.267002,229952.0,5.9445577,39.492428,-20.39979,40.319847, Private, HS-grad, Married-civ-spouse, Transport-moving, Wife, White, Female, United-States, <=50K
44.641155,306623.34,12.497266,14.289852,27.342455,40.006493, Private, Bachelors, Married-civ-spouse, Exec-managerial, Wife, White, Female, United-States, <=50K
43.933228,85196.984,8.779151,-630.7674,-17.698626,60.770836, Private, HS-grad, Married-civ-spouse, Prof-specialty, Husband, White, Male, United-States, <=50K
66.91918,133619.16,8.764909,573.3645,-11.531634,31.11885, Private, HS-grad, Married-civ-spouse, Sales, Husband, White, Male, United-States, <=50K
30.858515,171586.22,8.78575,-668.1364,7.148198,28.325794, Private, HS-grad, Married-civ-spouse, Transport-moving, Husband, White, Male, United-States, <=50K
18.220373,95970.67,8.082036,30.058773,-13.480632,36.241856, Private, HS-grad, Never-married, Adm-clerical, Own-child, White, Female, United-States, <=50K
25.872835,253911.12,6.5771613,430.21057,-27.698656,47.083134, Private, HS-grad, Married-civ-spouse, Sales, Husband, White, Male, United-States, <=50K
33.152153,395830.16,10.315194,4.655941,8.222478,35.642704, Private, Assoc-acdm, Married-civ-spouse, Machine-op-inspct, Husband, White, Male, United-States, <=50K
38.11812,234742.27,13.306329,2702.3599,23.636759,39.65476, Private, Bachelors, Divorced, Prof-specialty, Wife, White, Female, United-States, >50K
50.145847,151437.58,11.618321,-1620.4583,-5.615115,46.340107, Private, Bachelors, Divorced, Craft-repair, Other-relative, White, Male, United-States, <=50K
25.299618,184526.34,5.198745,-549.06757,-29.923151,40.32224, Private, Some-college, Married-civ-spouse, Sales, Husband, White, Male, United-States, <=50K
24.779474,285615.66,9.528609,-876.9665,8.841794,13.0025425, Private, HS-grad, Never-married, Machine-op-inspct, Not-in-family, White, Female, United-States, <=50K
31.153652,85459.766,12.478919,320.2063,-3.1100187,41.88247, Private, Bachelors, Never-married, Other-service, Not-in-family, White, Male, United-States, <=50K
31.229452,123255.03,9.823878,-1123.6875,-7.868457,34.063335, Private, Some-college, Married-spouse-absent, Sales, Unmarried, White, Male, United-States, <=50K
46.086517,93452.23,13.386704,-1039.1787,19.975874,64.21367, Private, Bachelors, Never-married, Adm-clerical, Not-in-family, White, Male, United-States, <=50K
59.535225,254701.52,1.8682976,-448.75018,-6.057971,37.035927, Private, Some-college, Divorced, Craft-repair, Not-in-family, White, Male, United-States, <=50K
40.880928,302846.28,8.99936,-2153.7598,12.287892,39.453438, Private, HS-grad, Married-civ-spouse, Exec-managerial, Wife, White, Female, United-States, >50K
60.936184,109989.95,9.375005,-44.305973,7.2045183,26.39099, Private, HS-grad, Married-civ-spouse, Other-service, Husband, White, Male, United-States, <=50K
23.920198,104829.53,9.721172,-537.53986,25.082552,44.70009, Private, Some-college, Married-civ-spouse, Machine-op-inspct, Husband, White, Male, United-States, <=50K
33.58955,7445.6567,9.970861,-431.7376,-30.773554,33.994358, Private, Some-college, Widowed, Prof-specialty, Not-in-family, White, Female, United-States, <=50K
55.932766,148001.25,6.0990286,163.40277,-6.5205107,37.97816, Private, HS-grad, Married-civ-spouse, Sales, Husband, White, Male, United-States, <=50K
23.380527,140878.6,9.32836,-444.72516,19.325636,25.18604, Private, HS-grad, Never-married, Transport-moving, Not-in-family, White, Male, United-States, <=50K
55.81315,162688.36,8.4275875,-1049.4622,-7.9379835,48.757504, Private, HS-grad, Married-civ-spouse, Other-service, Husband, White, Male, United-States, <=50K
45.338104,56074.5,12.536956,-795.2183,-21.017015,57.161713, Private, Bachelors, Divorced, Transport-moving, Unmarried, White, Male, United-States, <=50K
58.94208,80079.52,10.096442,-130.52594,5.921178,48.721043, Private, Some-college, Married-civ-spouse, Exec-managerial, Husband, White, Male, United-States, <=50K
47.415794,250817.89,14.506283,-172.30914,-24.377993,50.905636, Private, Bachelors, Married-civ-spouse, Prof-specialty, Wife, White, Female, United-States, >50K
35.738163,228140.06,9.866643,-425.3659,9.745236,53.340878, Private, Some-college, Married-civ-spouse, Adm-clerical, Husband, White, Male, United-States, <=50K
27.555458,328209.5,6.4305105,189.12427,-35.59409,37.899155, Private, Some-college, Divorced, Adm-clerical, Not-in-family, White, Female, United-States, <=50K
22.779139,418839.06,9.876507,549.56104,-10.091395,34.729576, Private, Some-college, Never-married, Tech-support, Not-in-family, White, Female, United-States, <=50K
53.684536,151628.48,8.999389,-1130.929,16.297834,39.456825, Private, HS-grad, Married-civ-spouse, Prof-specialty, Husband, White, Male, United-States, >50K
45.993145,37183.08,7.5693545,122.80065,-39.67393,78.81208, Private, Some-college, Separated, Sales, Not-in-family, White, Male, United-States, <=50K
47.0677,92501.05,9.576344,-543.14056,10.146909,42.099125, Private, HS-grad, Married-civ-spouse, Transport-moving, Husband, White, Male, United-States, <=50K
23.722267,274435.72,8.801381,-697.3122,-35.54685,37.20863, Private, HS-grad, Married-civ-spouse, Handlers-cleaners, Husband, White, Male, United-States, <=50K
33.65801,34170.016,12.561222,-95.44367,0.41950715,54.921352, Private, Bachelors, Never-married, Prof-specialty, Not-in-family, White, Male, United-States, <=50K
30.863543,186599.27,8.642735,-541.73615,-10.710582,36.669975, Private, HS-grad, Never-married, Protective-serv, Own-child, White, Male, United-States, <=50K
56.06662,79331.97,8.798869,-581.2974,14.9967165,26.377354, Private, HS-grad, Married-civ-spouse, Other-service, Husband, White, Male, United-States, <=50K
26.216599,105822.875,8.881383,717.25665,-3.5260496,45.776207, Private, HS-grad, Never-married, Machine-op-inspct, Not-in-family, White, Male, United-States, <=50K
20.680096,84805.87,8.425924,-909.8516,1.532674,40.323822, Private, HS-grad, Never-married, Adm-clerical, Own-child, White, Male, United-States, <=50K
39.539436,80761.49,10.3753195,-496.43866,-29.49174,42.48349, Private, Some-college, Never-married, Sales, Not-in-family, White, Male, United-States, <=50K
39.196247,165466.28,8.786091,-67.28217,3.8547335,44.241165, Private, HS-grad, Married-civ-spouse, Exec-managerial, Husband, White, Male, United-States, <=50K
53.09011,451461.62,10.186498,-249.3327,-31.24682,40.55963, Private, Some-college, Separated, Craft-repair, Not-in-family, White, Male, United-States, <=50K
36.882248,390183.94,8.954276,655.543,-2.670207,40.891068, Private, HS-grad, Married-civ-spouse, Sales, Husband, White, Male, United-States, <=50K
53.341984,237188.23,15.944471,-1706.073,52.4319,52.46182, Private, Bachelors, Never-married, Prof-specialty, Not-in-family, White, Male, United-States, >50K
56.323734,301470.4,9.780934,-1379.6931,-3.6533766,43.002254, Private, Some-college, Married-civ-spouse, Farming-fishing, Husband, White, Male, United-States, <=50K
43.269875,91352.56,9.0142975,-594.4766,-3.4127073,29.297415, Private, HS-grad, Separated, Prof-specialty, Unmarried, White, Female, United-States, <=50K
34.87834,255927.42,6.7757206,-825.1568,873.6319,44.608795, Private, Some-college, Married-civ-spouse, Prof-specialty, Husband, White, Male, United-States, <=50K
53.43205,205943.84,12.636166,-554.0185,3.7867098,37.830563, Private, Bachelors, Married-civ-spouse, Farming-fishing, Husband, White, Male, United-States, <=50K
41.562855,183053.95,9.010253,1295.4142,17.829107,41.894997, Private, HS-grad, Married-civ-spouse, Transport-moving, Husband, White, Male, United-States, >50K
58.80855,242708.94,8.982329,9296.116,10.820897,51.600735, Private, HS-grad, Married-civ-spouse, Transport-moving, Husband, White, Male, United-States, >50K
43.915764,245564.4,9.082525,-658.61945,29.098509,41.766922, Private, Some-college, Married-civ-spouse, Craft-repair, Husband, White, Male, United-States, <=50K
54.233692,119399.59,6.097711,130.80493,44.17332,41.404297, Private, Some-college, Married-civ-spouse, Machine-op-inspct, Husband, White, Male, United-States, <=50K
42.72651,170989.1,7.8765736,-778.6961,-51.001965,21.491486, Private, Some-college, Married-civ-spouse, Handlers-cleaners, Other-relative, White, Female, United-States, <=50K
52.47119,35547.094,12.462358,65114.883,-29.284891,47.16491, Private, Bachelors, Married-civ-spouse, Exec-managerial, Husband, White, Male, United-States, >50K
40.27636,280054.75,10.056304,-768.99664,-9.051616,22.123678, Private, Some-college, Never-married, Handlers-cleaners, Not-in-family, White, Male, United-States, <=50K
60.302635,64919.03,8.845305,3075.4033,6.7518435,42.4804, Private, HS-grad, Married-civ-spouse, Transport-moving, Husband, White, Male, United-States, >50K
41.80457,283318.72,9.81293,-862.3659,7.351018,43.697063, Private, Some-college, Married-civ-spouse, Craft-repair, Husband, White, Male, United-States, <=50K
32.193287,103069.04,8.717937,728.76447,13.515767,38.48234, Private, HS-grad, Married-civ-spouse, Sales, Husband, White, Male, United-States, <=50K
26.039015,159336.08,9.92064,35.800533,8.687886,20.678417, Private, Some-college, Never-married, Handlers-cleaners, Not-in-family, White, Male, United-States, <=50K
66.288574,43764.39,9.585137,55.45709,0.98434174,36.27637, Private, Some-college, Married-civ-spouse, Adm-clerical, Husband, White, Male, United-States, <=50K
40.834198,228480.02,6.720686,162.70856,14.300786,36.85387, Private, HS-grad, Married-civ-spouse, Protective-serv, Husband, White, Male, United-States, <=50K
30.204315,523319.06,12.7902355,-581.8426,-32.207188,39.85475, Private, Bachelors, Never-married, Tech-support, Not-in-family, White, Female, United-States, >50K
15.436229,128887.586,8.985063,747.06714,-13.785457,20.286755, Private, HS-grad, Never-married, Handlers-cleaners, Own-child, White, Female, United-States, <=50K
62.44871,187675.1,8.765428,-916.642,26.660185,41.616352, Private, HS-grad, Married-civ-spouse, Craft-repair, Husband, White, Male, United-States, >50K
54.336548,373352.28,12.22386,-210.56061,1921.8427,43.125, Private, Bachelors, Married-civ-spouse, Exec-managerial, Husband, White, Male, United-States, <=50K
35.323154,13571.392,10.288255,6731.3877,24.269258,41.599167, Private, Some-college, Married-civ-spouse, Exec-managerial, Husband, White, Male, United-States, >50K
43.02814,143269.55,13.043,9431.245,6.1256456,40.135902, Private, Bachelors, Married-civ-spouse, Exec-managerial, Husband, White, Male, United-States, >50K
29.859425,248235.5,11.674004,-1012.83466,5.9226427,60.062973, Private, Assoc-acdm, Married-spouse-absent, Exec-managerial, Husband, White, Male, United-States, <=50K
41.523754,113346.516,7.2844706,96.608086,-15.307277,40.50326, Private, Some-college, Divorced, Exec-managerial, Unmarried, White, Female, United-States, <=50K
44.542316,111602.74,12.401198,-946.12115,-9.224681,43.076424, Private, Bachelors, Never-married, Other-service, Not-in-family, White, Male, United-States, <=50K
40.1977,69999.74,7.0911574,529.1936,7.1250734,26.870222, Private, HS-grad, Never-married, Other-service, Unmarried, White, Female, United-States, <=50K
26.185057,92414.13,8.5103855,-1034.9333,-1.1070889,26.660227, Private, HS-grad, Married-civ-spouse, Other-service, Own-child, White, Female, United-States, <=50K
54.2417,93790.2,8.765218,-1042.4663,4.934087,37.11541, Private, HS-grad, Married-civ-spouse, Craft-repair, Husband, White, Male, United-States, >50K
25.167313,329966.03,9.929257,-230.3327,18.519995,39.25882, Private, Some-college, Never-married, Adm-clerical, Not-in-family, White, Male, United-States, <=50K
45.63415,72479.99,13.028493,-445.79303,1.9053851,40.635353, Private, Bachelors, Never-married, Prof-specialty, Not-in-family, White, Female, United-States, <=50K
22.114288,222354.52,9.774199,-865.5041,-1.7051114,34.67157, Private, Some-college, Never-married, Machine-op-inspct, Own-child, White, Female, United-States, <=50K
31.917135,127600.19,10.706179,128.59369,0.58902466,22.110893, Private, Some-college, Never-married, Sales, Not-in-family, White, Female, United-States, <=50K
28.80732,111789.36,11.091678,-328.88763,-7.4736967,41.233757, Private, Bachelors, Never-married, Sales, Not-in-family, White, Female, United-States, <=50K
21.119991,260340.05,8.404727,-358.56354,28.410975,34.84968, Private, HS-grad, Never-married, Craft-repair, Own-child, White, Male, United-States, <=50K
47.14937,185954.34,9.030521,-1581.3779,-6.724925,43.63533, Private, HS-grad, Married-civ-spouse, Craft-repair, Husband, White, Male, United-States, >50K
41.395485,247234.33,9.693849,-958.3482,9.342793,40.864807, Private, Some-college, Married-civ-spouse, Exec-managerial, Husband, White, Male, United-States, >50K
22.504925,140122.28,5.6337566,-266.58075,-52.869778,32.101315, Private, HS-grad, Separated, Adm-clerical, Own-child, White, Female, United-States, <=50K
46.453823,147736.8,13.11292,652.2847,9.162633,49.727764, Private, Bachelors, Divorced, Sales, Not-in-family, White, Male, United-States, <=50K
29.355957,70333.24,12.746474,-750.252,36.08282,58.891388, Private, Bachelors, Married-civ-spouse, Other-service, Husband, White, Male, United-States, <=50K
31.418964,445881.22,9.613922,-145.84479,-36.842594,38.500267, Private, Some-college, Never-married, Exec-managerial, Other-relative, White, Female, United-States, <=50K
26.211365,351928.78,9.071286,-331.95245,18.3189,35.901955, Private, Some-college, Never-married, Other-service, Other-relative, White, Male, United-States, <=50K
23.303566,156234.58,5.8784814,121.704216,29.986963,25.958384, Private, HS-grad, Never-married, ?, Not-in-family, White, Male, United-States, <=50K
20.676498,349798.47,8.545746,-1770.2,-24.662355,59.64129, Private, Some-college, Married-civ-spouse, Adm-clerical, Wife, White, Female, United-States, <=50K
40.299667,194082.31,9.019805,-20.85175,-15.058238,14.790726, Private, HS-grad, Married-civ-spouse, Other-service, Husband, White, Male, United-States, <=50K
29.534082,209313.6,12.869992,-447.70282,-15.020106,33.818157, Private, Bachelors, Separated, Adm-clerical, Own-child, White, Male, United-States, <=50K
26.063772,208022.52,12.102872,-961.9871,55.34435,43.09568, Private, Bachelors, Married-civ-spouse, Machine-op-inspct, Husband, White, Male, United-States, <=50K
54.577328,82824.75,14.105754,-1181.1321,-3.4440107,55.171295, Private, Bachelors, Married-civ-spouse, Prof-specialty, Husband, White, Male, United-States, >50K
74.04637,185487.75,1.1248121,870.0163,-13.7202635,17.442099, Private, Some-college, Divorced, Sales, Not-in-family, White, Female, United-States, <=50K
49.533382,143546.98,9.396826,-1822.291,1465.0698,32.748203, Private, Some-college, Married-civ-spouse, Prof-specialty, Husband, White, Male, United-States, >50K
55.402096,232592.12,13.3800745,-693.46027,-11.462123,45.764915, Private, Bachelors, Married-civ-spouse, Prof-specialty, Husband, White, Male, United-States, <=50K
53.623363,55922.812,8.609792,-507.75092,31.011602,33.15006, Private, Some-college, Married-civ-spouse, Craft-repair, Husband, White, Male, United-States, <=50K
28.923975,117920.81,9.228495,-356.9052,12.622571,36.896343, Private, HS-grad, Never-married, Adm-clerical, Not-in-family, White, Male, United-States, <=50K
24.139221,153209.08,11.658761,-56.07172,-45.277065,39.203644, Private, Bachelors, Never-married, Sales, Not-in-family, White, Female, United-States, <=50K
35.186947,92970.23,12.530331,2002.2169,21.314634,43.222622, Private, Bachelors, Married-civ-spouse, Craft-repair, Husband, White, Male, United-States, >50K
37.00646,128051.586,13.563956,-1300.2883,33.670013,48.037724, Private, Bachelors, Married-spouse-absent, Sales, Not-in-family, White, Male, United-States, <=50K
34.323814,181436.72,12.537133,-1126.5742,-8.84653,53.123882, Private, Bachelors, Separated, Exec-managerial, Own-child, White, Male, United-States, <=50K
22.585966,189898.73,11.862564,-272.7481,2.6305285,36.353775, Private, Assoc-acdm, Never-married, Prof-specialty, Not-in-family, White, Male, United-States, <=50K
19.268002,469355.84,9.019037,-53.56354,11.00726,34.30713, Private, HS-grad, Never-married, Adm-clerical, Own-child, White, Female, United-States, <=50K
41.77157,178969.62,10.828956,-397.40375,22.947508,37.125168, Private, Assoc-voc, Married-civ-spouse, Exec-managerial, Wife, White, Female, United-States, >50K
38.585358,368513.0,13.015246,-613.7961,14.885785,38.878036, Private, Bachelors, Married-civ-spouse, Craft-repair, Husband, White, Male, United-States, <=50K
28.226074,465715.03,9.696652,-1097.6294,-24.888597,39.82497, Private, Assoc-voc, Married-civ-spouse, Sales, Wife, White, Female, United-States, <=50K
39.81916,483217.22,8.778082,-4.907902,15.796323,53.322464, Private, HS-grad, Divorced, Craft-repair, Not-in-family, White, Male, United-States, <=50K
21.37699,63987.438,8.706573,354.36786,6.385068,40.056255, Private, HS-grad, Never-married, Prof-specialty, Own-child, White, Male, United-States, <=50K
56.22966,286180.34,6.8314977,33148.863,17.416075,42.58468, Private, Some-college, Married-civ-spouse, Exec-managerial, Husband, White, Male, United-States, >50K
44.29825,172150.2,13.5947895,18504.219,40.051758,60.329567, Private, Bachelors, Married-civ-spouse, Exec-managerial, Husband, White, Male, United-States, >50K
35.872734,179774.72,4.3673573,-576.0395,-72.96488,34.0027, Private, HS-grad, Separated, Handlers-cleaners, Own-child, White, Female, United-States, <=50K
24.602427,152583.1,5.9982314,-109.855415,1270.0547,27.359613, Private, Some-college, Married-civ-spouse, Transport-moving, Own-child, White, Male, United-States, <=50K
23.95198,148778.0,8.993674,-521.86053,14.772344,43.28524, ?, HS-grad, Never-married, ?, Other-relative, White, Male, United-States, <=50K
23.312693,121480.016,9.599276,506.03247,642.0009,18.234953, Private, Some-college, Married-civ-spouse, Sales, Husband, White, Male, United-States, <=50K
43.168007,65501.25,13.094865,-1145.2732,20.230093,53.908302, ?, Bachelors, Divorced, ?, Unmarried, White, Female, United-States, <=50K
44.522293,154754.84,9.608851,332.4431,-3.433467,43.264133, Private, Some-college, Divorced, Exec-managerial, Not-in-family, White, Female, United-States, <=50K
45.41562,168612.83,8.920704,-276.20477,14.332013,38.41899, Private, HS-grad, Married-civ-spouse, Craft-repair, Husband, White, Male, United-States, <=50K
52.335945,236383.22,12.037877,-1193.5525,637.86816,45.01363, Private, Bachelors, Divorced, Tech-support, Wife, White, Female, United-States, <=50K
23.490559,486431.34,8.3403425,-1063.8257,-4.092746,34.400867, Private, HS-grad, Never-married, Other-service, Own-child, White, Male, United-States, <=50K
58.300278,121271.44,12.155257,401.99023,-18.276781,9.716347, Private, Bachelors, Separated, Adm-clerical, Unmarried, White, Female, United-States, <=50K
48.974262,302718.34,8.996451,-269.2801,0.019940482,33.07756, Private, HS-grad, Divorced, Machine-op-inspct, Not-in-family, White, Female, United-States, <=50K
36.42426,96908.32,9.040261,-74.467354,0.052746877,40.309433, Private, HS-grad, Never-married, Machine-op-inspct, Not-in-family, White, Male, United-States, <=50K
43.780914,270166.56,8.466964,-314.49786,13.659909,-0.9074727, Private, HS-grad, Never-married, Other-service, Not-in-family, White, Female, United-States, <=50K
38.013664,68950.94,9.822763,-875.0291,16.802855,39.43535, Private, Some-college, Married-civ-spouse, Craft-repair, Husband, White, Male, United-States, <=50K
58.30328,240100.17,5.72704,-483.04645,-5.246791,33.40347, Private, Some-college, Married-civ-spouse, Exec-managerial, Husband, White, Male, United-States, <=50K
43.562756,223823.75,11.4065695,1758.774,6.4859133,24.516378, Private, Assoc-acdm, Married-civ-spouse, Adm-clerical, Husband, White, Female, United-States, <=50K
33.57014,19630.953,9.993021,726.25806,49.91658,37.1631, ?, Some-college, Married-civ-spouse, ?, Husband, White, Male, United-States, >50K
24.872952,141690.67,9.566438,-769.33417,-8.912913,40.94843, Private, Some-college, Married-civ-spouse, Sales, Husband, White, Male, United-States, <=50K
41.01465,334381.0,1.5947914,255.169,-47.34083,40.227478, Private, Some-college, Separated, Machine-op-inspct, Not-in-family, White, Female, United-States, <=50K
47.2391,98474.12,12.680123,19659.67,-10.962802,40.520893, Private, Bachelors, Married-civ-spouse, Adm-clerical, Husband, White, Male, United-States, >50K
44.04276,169408.25,13.080768,-17.585148,15.820317,12.609041, Private, Bachelors, Married-civ-spouse, Adm-clerical, Wife, White, Female, United-States, <=50K
28.19607,390514.5,8.978439,-107.211494,13.063062,35.962795, Private, HS-grad, Married-civ-spouse, Craft-repair, Husband, White, Male, United-States, <=50K
60.590927,141410.75,5.930397,-302.18988,-9.398784,41.43253, Private, HS-grad, Married-civ-spouse, Machine-op-inspct, Husband, White, Male, United-States, <=50K
22.916845,139146.72,5.757465,-938.4764,8.620748,33.953514, Private, Some-college, Never-married, Other-service, Own-child, White, Male, United-States, <=50K
64.74781,163662.66,9.806216,184.54614,1.7557727,40.879055, Private, Some-college, Married-civ-spouse, Craft-repair, Husband, White, Male, United-States, >50K
18.923105,164305.81,8.918097,-351.00385,-5.535121,36.30104, Private, HS-grad, Never-married, Adm-clerical, Other-relative, White, Male, United-States, <=50K
59.507217,195115.38,13.380685,383.03693,10.455548,36.20717, Private, Bachelors, Separated, Prof-specialty, Not-in-family, White, Male, United-States, <=50K
46.985912,170404.61,14.38957,-559.711,1.1832324,63.312607, Private, Bachelors, Married-civ-spouse, Prof-specialty, Husband, White, Male, United-States, >50K
44.44687,114336.07,8.874314,-890.55695,-23.247675,38.520603, Private, HS-grad, Never-married, Handlers-cleaners, Other-relative, White, Female, United-States, <=50K
34.109505,161714.14,9.70046,-2024.5464,1636.2224,66.39376, Private, Some-college, Divorced, Protective-serv, Unmarried, White, Male, United-States, >50K
60.057228,170718.14,8.120876,-624.737,11.68234,37.692764, Private, HS-grad, Married-civ-spouse, Transport-moving, Husband, White, Male, United-States, <=50K
34.099785,96061.92,10.889474,49.45825,-11.108394,46.546883, Private, Assoc-acdm, Never-married, ?, Not-in-family, White, Female, United-States, <=50K
41.378,148924.61,8.89222,277.31854,6.132329,43.75632, Private, HS-grad, Divorced, Craft-repair, Not-in-family, White, Male, United-States, >50K
47.8033,187030.92,9.780103,-523.6788,-26.275408,37.56234, Private, Some-college, Divorced, Tech-support, Not-in-family, White, Female, United-States, <=50K
54.9607,174042.39,12.754529,-867.8769,29.57224,40.406097, Private, Bachelors, Married-civ-spouse, Craft-repair, Husband, White, Male, United-States, <=50K
54.641914,136162.34,9.217674,56.650692,-18.422579,20.073568, Private, Some-college, Never-married, Adm-clerical, Own-child, White, Male, United-States, <=50K
28.774158,124551.5,8.763403,5.7745934,-19.173761,41.340347, Private, HS-grad, Never-married, Exec-managerial, Not-in-family, White, Male, United-States, <=50K
44.739834,242148.52,6.9709363,-795.68036,-7.504916,35.509167, ?, HS-grad, Divorced, ?, Unmarried, White, Female, United-States, <=50K
51.529057,201052.25,6.595501,410.65118,-32.671192,18.368616, Private, Some-college, Widowed, Other-service, Unmarried, White, Female, United-States, <=50K
56.17047,124217.92,12.335643,1373.2493,-3.9778395,27.409317, Private, Bachelors, Married-civ-spouse, Prof-specialty, Husband, White, Male, United-States, >50K
25.498625,195623.47,9.050733,-182.0993,-14.287959,40.807148, Private, HS-grad, Separated, Craft-repair, Other-relative, White, Male, United-States, <=50K
39.425533,334350.56,6.341934,91.185356,15.574712,38.66324, Private, HS-grad, Married-civ-spouse, Other-service, Husband, White, Male, United-States, <=50K
44.753426,169950.73,12.450078,-666.0107,20.5958,68.50032, Private, Bachelors, Married-civ-spouse, Adm-clerical, Husband, White, Male, United-States, <=50K
45.252987,206635.06,8.68821,-194.21735,-26.345797,24.929842, Private, HS-grad, Divorced, Sales, Unmarried, White, Female, United-States, <=50K
59.28851,140261.92,9.93703,-1109.9402,-5.130351,66.59161, Private, Some-college, Married-civ-spouse, Sales, Husband, White, Male, United-States, >50K
22.550083,238653.19,9.915414,222.7937,24.468283,19.492462, Private, Some-college, Never-married, Adm-clerical, Not-in-family, White, Female, United-States, <=50K
50.646385,211515.5,9.617654,-447.2978,-8.7854185,38.643738, Private, Some-college, Divorced, Adm-clerical, Not-in-family, White, Female, United-States, <=50K
24.438812,-8881.39,8.7102165,-206.62628,7.935132,42.56843, Private, HS-grad, Never-married, Prof-specialty, Not-in-family, White, Male, United-States, <=50K
42.336445,66390.266,9.184842,-776.6281,8.506635,51.00817, Private, Some-college, Married-civ-spouse, Prof-specialty, Husband, White, Male, United-States, <=50K
34.439274,197388.45,6.651808,481.26532,5.122731,49.298702, Private, HS-grad, Divorced, Machine-op-inspct, Not-in-family, White, Male, United-States, <=50K
50.01703,20908.89,8.90642,-33.37653,-28.020319,9.38633, Private, HS-grad, Widowed, Prof-specialty, Not-in-family, White, Female, United-States, <=50K
55.913956,74861.64,8.669622,-794.74164,7.9606676,43.92113, Private, HS-grad, Divorced, Other-service, Unmarried, White, Female, United-States, <=50K
36.04275,161008.53,13.104784,-938.2873,-2.5021696,38.419617, Private, Bachelors, Married-civ-spouse, Exec-managerial, Wife, White, Female, United-States, <=50K
45.495213,195150.34,9.561186,6620.2334,23.780714,46.671963, Private, HS-grad, Married-civ-spouse, Other-service, Husband, White, Male, United-States, >50K
27.749928,184361.97,10.402155,604.0809,-17.024538,7.9162235, ?, Some-college, Never-married, ?, Other-relative, White, Female, United-States, <=50K
35.007526,95479.43,9.703855,-35.349796,-5.3920393,34.343197, Private, Some-college, Separated, Adm-clerical, Own-child, White, Female, United-States, <=50K
41.04949,134094.33,9.667461,1520.7955,-20.66553,71.58934, Private, HS-grad, Never-married, Adm-clerical, Not-in-family, White, Male, United-States, <=50K
47.565525,119656.234,8.940194,217.0285,-4.3572493,57.570415, Private, HS-grad, Separated, Craft-repair, Not-in-family, White, Male, United-States, <=50K
30.223469,210485.16,9.708267,68.23974,40.789154,47.190857, Private, Some-college, Never-married, Craft-repair, Not-in-family, White, Male, United-States, <=50K
28.266388,241278.61,8.562161,-1398.856,14.327657,43.03137, Private, HS-grad, Married-civ-spouse, Other-service, Husband, White, Male, United-States, <=50K
41.44094,97501.35,9.941416,-271.2381,-13.446734,59.452168, Private, HS-grad, Married-civ-spouse, Craft-repair, Husband, White, Male, United-States, <=50K
34.977676,392799.84,9.138924,149.1416,9.567021,44.92492, Private, HS-grad, Married-civ-spouse, Transport-moving, Husband, White, Male, United-States, <=50K
28.086353,90354.14,8.729334,-1134.4187,-15.334758,39.546654, Private, HS-grad, Married-civ-spouse, Handlers-cleaners, Husband, White, Male, United-States, >50K
51.23563,96168.82,10.859847,-582.7238,-27.848742,72.19651, Private, Assoc-voc, Married-civ-spouse, Exec-managerial, Husband, White, Male, United-States, <=50K
40.867878,203652.88,9.852545,-380.81232,260.25253,25.999243, Private, Some-college, Married-civ-spouse, Sales, Husband, White, Male, United-States, <=50K
21.89316,157356.1,9.4723015,449.71893,-34.267887,13.820749, ?, Some-college, Never-married, ?, Other-relative, White, Female, United-States, <=50K
24.380487,205510.67,11.273633,598.0232,-35.98042,32.436104, ?, Assoc-voc, Never-married, ?, Other-relative, White, Female, United-States, <=50K
37.041473,219999.98,8.592591,158.91309,-38.38236,50.862553, Private, HS-grad, Separated, Farming-fishing, Own-child, White, Male, United-States, <=50K
68.39558,60344.664,8.876232,66.55901,-15.099971,41.45449, Private, HS-grad, Married-civ-spouse, Craft-repair, Husband, White, Male, United-States, <=50K
40.018925,27705.578,13.021605,-377.1949,-19.589205,43.708054, Private, Bachelors, Never-married, Sales, Not-in-family, White, Female, United-States, <=50K
54.049843,1372.2506,8.76804,1519.8782,6.0603456,50.141182, Private, HS-grad, Divorced, Machine-op-inspct, Not-in-family, White, Male, United-States, <=50K
28.537962,158878.0,9.950781,-1070.249,-17.043238,34.820503, Private, Some-college, Married-civ-spouse, Tech-support, Husband, White, Male, United-States, <=50K
35.380997,50498.875,12.9495945,-372.9405,-9.852603,-0.6909429, Private, Bachelors, Never-married, Prof-specialty, Own-child, White, Female, United-States, <=50K
20.882376,168379.94,8.537361,-889.1567,-11.750918,38.594547, Private, HS-grad, Married-civ-spouse, Sales, Husband, White, Male, United-States, <=50K
24.959631,320444.53,9.722456,-193.9372,-34.644115,38.537518, Private, Some-college, Never-married, Sales, Own-child, White, Female, United-States, <=50K
36.416603,207955.61,8.260552,-802.07477,6.2966814,37.664696, Private, HS-grad, Never-married, Sales, Not-in-family, White, Male, United-States, <=50K
34.386234,316585.34,12.015509,-772.33514,4.9855547,35.974945, Private, Assoc-acdm, Divorced, Adm-clerical, Not-in-family, White, Female, United-States, <=50K
50.193127,421043.84,8.5827465,-249.77118,19.730497,38.676804, Private, HS-grad, Married-civ-spouse, Sales, Own-child, White, Male, United-States, <=50K
58.094547,229817.17,10.213851,-88.72431,21.716581,25.862064, Private, Some-college, Never-married, Adm-clerical, Not-in-family, White, Female, United-States, <=50K
62.1234,226171.4,12.511376,-783.08734,0.5703708,49.497738, ?, Bachelors, Married-civ-spouse, ?, Wife, White, Female, United-States, >50K
39.052532,169747.73,12.050849,-853.3581,2014.7809,54.15053, Private, Bachelors, Married-civ-spouse, Prof-specialty, Husband, White, Male, United-States, >50K
37.167473,112184.21,9.795604,-465.77484,41.227097,51.016373, Private, Some-college, Divorced, Craft-repair, Not-in-family, White, Male, United-States, <=50K
47.91998,267187.12,8.571245,-1156.2483,3.8928652,47.781796, Private, HS-grad, Married-civ-spouse, Craft-repair, Husband, White, Male, United-States, <=50K
57.1826,297075.7,8.274285,-1390.3943,10.69106,49.683697, Private, HS-grad, Married-civ-spouse, Transport-moving, Husband, White, Male, United-States, >50K
64.72204,114519.95,9.0662365,-775.63214,10.293416,29.789804, Private, HS-grad, Married-civ-spouse, Machine-op-inspct, Husband, White, Male, United-States, <=50K
43.44565,176644.98,9.695121,-1440.8589,1809.874,45.941666, Private, HS-grad, Married-civ-spouse, Adm-clerical, Husband, White, Male, United-States, <=50K
58.771084,345007.56,8.949588,883.9398,-7.241954,39.140316, Private, HS-grad, Married-civ-spouse, Exec-managerial, Husband, White, Male, United-States, <=50K
25.464005,405655.25,6.7417026,-780.8421,-31.286547,38.26226, Private, Some-college, Divorced, ?, Unmarried, White, Female, United-States, <=50K
47.482533,100495.07,8.941746,-448.9931,2.9064226,43.34959, Private, HS-grad, Married-civ-spouse, Handlers-cleaners, Wife, White, Female, United-States, >50K
58.92906,32890.5,8.850295,-50.52387,10.887975,38.126972, Private, HS-grad, Married-civ-spouse, Sales, Husband, White, Female, United-States, <=50K
39.79711,103508.27,12.8859825,318.46344,6.189847,42.656113, Private, Bachelors, Married-civ-spouse, Prof-specialty, Husband, White, Female, United-States, <=50K
59.78643,76537.55,9.568936,-670.6053,-6.5596037,59.265594, Private, Some-college, Married-civ-spouse, Tech-support, Husband, White, Male, United-States, >50K
21.726984,515726.66,0.84283733,-593.16595,-37.480274,51.03077, Private, Some-college, Never-married, Sales, Own-child, White, Male, United-States, <=50K
33.450333,315718.25,9.730499,-1102.6267,-15.01266,57.43082, Private, Some-college, Divorced, Adm-clerical, Not-in-family, White, Male, United-States, >50K
50.197006,283619.03,10.623558,6109.8657,12.912656,37.698185, Private, Some-college, Married-civ-spouse, Sales, Husband, White, Male, United-States, >50K
49.412838,254394.28,8.641887,-1100.7412,19.350622,84.90199, Private, HS-grad, Married-civ-spouse, Transport-moving, Husband, White, Male, United-States, <=50K
29.914587,131858.25,5.5005136,-630.6818,0.6882373,38.961323, Private, HS-grad, Married-civ-spouse, Machine-op-inspct, Other-relative, White, Female, United-States, <=50K
47.710163,128517.04,9.648152,698.96185,-35.417034,44.390156, Private, HS-grad, Married-civ-spouse, Transport-moving, Own-child, White, Male, United-States, <=50K
41.344574,205001.11,8.820906,-65.00092,19.384672,40.689476, Private, HS-grad, Married-civ-spouse, Machine-op-inspct, Husband, White, Male, United-States, <=50K
25.466938,140629.14,11.131691,-584.6822,-35.309017,45.189545, Private, Some-college, Never-married, Tech-support, Own-child, White, Male, United-States, <=50K
57.09258,188799.72,9.930188,-1187.1135,-17.255892,51.15168, Private, Some-college, Married-civ-spouse, Protective-serv, Husband, White, Male, United-States, >50K
33.92523,156241.1,12.321829,891.1402,26.39744,53.828476, Private, Bachelors, Married-civ-spouse, Exec-managerial, Husband, White, Male, United-States, <=50K
26.486868,311264.0,12.828697,-702.8254,2.94917,41.61858, Private, Bachelors, Married-civ-spouse, Prof-specialty, Husband, White, Male, United-States, <=50K
54.406406,177973.56,8.753572,-568.15826,35.16212,15.26671, Private, HS-grad, Married-civ-spouse, Craft-repair, Wife, White, Female, United-States, <=50K
37.461544,101773.93,8.694892,268.01428,-11.383548,33.654007, Private, HS-grad, Never-married, Farming-fishing, Not-in-family, White, Male, United-States, <=50K
23.989914,59843.312,8.851051,-634.3853,10.699468,41.05632, Private, HS-grad, Never-married, Other-service, Other-relative, White, Male, United-States, <=50K
34.292706,205637.86,17.078066,3326.1863,39.34694,53.690712, Private, Bachelors, Married-civ-spouse, Prof-specialty, Husband, White, Male, United-States, >50K
47.48293,171681.88,12.652815,-326.73724,10.828206,23.227888, Private, Assoc-acdm, Divorced, Prof-specialty, Unmarried, White, Female, United-States, <=50K
30.953167,159025.92,9.167337,-1628.8887,1809.8584,36.05201, Private, HS-grad, Married-civ-spouse, Adm-clerical, Husband, White, Male, United-States, <=50K
43.325863,221501.48,9.241289,1022.9966,0.34803498,41.99036, Private, HS-grad, Married-civ-spouse, Craft-repair, Husband, White, Male, United-States, <=50K
62.74149,27932.906,9.066901,-752.51874,4.7304125,22.199572, Private, HS-grad, Married-civ-spouse, Other-service, Husband, White, Male, United-States, >50K
26.928688,91519.56,10.254431,-1536.0752,30.236685,41.3048, Private, Some-college, Married-civ-spouse, Adm-clerical, Husband, White, Male, United-States, <=50K
44.129494,193258.16,10.206641,198.57672,-4.8737135,38.832394, ?, Assoc-acdm, Married-civ-spouse, ?, Husband, White, Male, United-States, <=50K
42.66613,85919.56,10.6656275,-455.7674,-17.007166,39.60091, Private, Assoc-acdm, Divorced, Craft-repair, Unmarried, White, Male, United-States, <=50K
59.14379,352150.56,9.51869,-757.21356,-2.1060438,9.119934, Private, HS-grad, Married-civ-spouse, Sales, Wife, White, Female, United-States, <=50K
29.961678,290921.28,9.046314,-71.03571,-35.3989,29.721601, Private, HS-grad, Never-married, Prof-specialty, Other-relative, White, Female, United-States, <=50K
47.86923,91875.91,4.675919,920.5737,-5.425685,9.215874, Private, HS-grad, Married-civ-spouse, Craft-repair, Husband, White, Male, United-States, <=50K
44.878483,187266.17,10.039456,1083.8651,-9.518748,63.514053, Private, Some-college, Married-civ-spouse, Adm-clerical, Husband, White, Male, United-States, >50K
66.74178,206251.14,9.8356085,-643.83014,8.696424,41.43766, ?, Some-college, Married-civ-spouse, ?, Husband, White, Male, United-States, <=50K
46.493446,94055.62,8.4355,874.6298,-25.366396,23.41809, Private, HS-grad, Married-civ-spouse, Other-service, Own-child, White, Female, United-States, <=50K
78.5856,214729.86,8.738959,936.1393,-10.985141,39.92034, Private, HS-grad, Widowed, Tech-support, Not-in-family, White, Female, United-States, <=50K
55.03327,228337.61,13.441486,2450.4094,20.146315,32.997875, ?, Bachelors, Married-civ-spouse, ?, Wife, White, Female, United-States, <=50K
26.26101,204755.19,8.955981,-690.83307,-22.941912,32.248028, ?, HS-grad, Divorced, ?, Not-in-family, White, Male, United-States, <=50K
29.477814,15973.313,13.260897,-575.42584,16.298544,22.142183, Private, Bachelors, Married-civ-spouse, Prof-specialty, Wife, White, Female, United-States, <=50K
31.852346,106519.01,12.725952,-423.07782,16.214567,30.170492, Private, Bachelors, Never-married, Adm-clerical, Own-child, White, Male, United-States, <=50K
54.741318,123317.06,9.02733,1227.2067,4.871213,32.33961, Private, HS-grad, Married-civ-spouse, Adm-clerical, Wife, White, Female, United-States, <=50K
50.148537,413048.78,8.857543,59.444454,-11.765147,35.22208, Private, HS-grad, Married-civ-spouse, Craft-repair, Husband, White, Male, United-States, <=50K
24.46217,92001.6,8.682804,139.96478,-42.473354,38.264027, Private, HS-grad, Married-civ-spouse, Craft-repair, Own-child, White, Male, United-States, <=50K
50.510876,124382.72,9.384647,-601.7066,-6.821025,39.169228, Private, Some-college, Divorced, Adm-clerical, Not-in-family, White, Female, United-States, <=50K
65.48058,177622.73,12.781599,-2750.393,30.98651,69.327484, ?, Bachelors, Married-civ-spouse, ?, Husband, White, Male, United-States, >50K
24.80784,101162.1,8.858901,156.7063,-11.651996,41.722065, Private, HS-grad, Never-married, Protective-serv, Not-in-family, White, Male, United-States, <=50K
22.331009,265681.1,9.729071,-304.0827,-51.869167,11.650396, Private, Some-college, Never-married, Sales, Own-child, White, Female, United-States, <=50K
48.482704,73989.28,11.068011,4138.538,32.28801,67.800705, Private, Some-college, Married-civ-spouse, Exec-managerial, Husband, White, Male, United-States, >50K
56.703526,56560.797,9.01656,-2078.2927,10.913777,40.963257, ?, HS-grad, Married-civ-spouse, ?, Wife, White, Female, United-States, >50K
70.69375,80534.914,13.723758,1806.9631,-9.266788,41.78623, Private, Bachelors, Never-married, Prof-specialty, Not-in-family, White, Female, United-States, <=50K
70.06427,270798.94,9.953894,-1081.5796,-2.1939573,38.496433, Private, Some-college, Married-civ-spouse, Exec-managerial, Husband, White, Male, United-States, <=50K
30.155556,349079.8,13.088668,-758.2437,2.22305,35.091164, Private, Bachelors, Divorced, Exec-managerial, Unmarried, White, Female, United-States, <=50K
29.043367,373860.97,8.43819,-475.07513,1.3339359,39.620255, Private, HS-grad, Married-civ-spouse, Craft-repair, Husband, White, Male, United-States, <=50K
36.68531,335950.22,11.481557,-538.9299,-1.4982556,44.834114, Private, Assoc-voc, Divorced, Farming-fishing, Not-in-family, White, Male, United-States, <=50K
32.744743,186411.88,4.587492,-581.7481,21.01692,62.384926, Private, HS-grad, Married-civ-spouse, Other-service, Husband, White, Male, United-States, <=50K
51.46386,211834.58,12.774088,-1459.6882,19.647253,39.64564, Private, Bachelors, Married-civ-spouse, Exec-managerial, Husband, White, Male, United-States, <=50K
54.20623,225525.81,9.214728,-1160.2224,34.65473,44.059883, Private, HS-grad, Married-civ-spouse, Craft-repair, Wife, White, Female, United-States, <=50K
44.420532,435437.12,13.424971,-509.9478,19.524923,50.58731, Private, Bachelors, Married-civ-spouse, Protective-serv, Husband, White, Male, United-States, >50K
37.333733,248464.34,9.52284,6.0577965,21.214437,40.322216, ?, Some-college, Never-married, ?, Not-in-family, White, Male, United-States, <=50K
53.487347,177735.22,9.4808855,-794.5395,1.674718,35.938435, Private, Some-college, Married-civ-spouse, Adm-clerical, Husband, White, Male, United-States, <=50K
23.221088,172575.9,9.893819,-149.93695,11.794461,36.794376, Private, Some-college, Never-married, Sales, Not-in-family, White, Male, United-States, <=50K
39.389004,239809.39,8.759841,1461.9229,-41.297848,37.253567, ?, HS-grad, Widowed, ?, Unmarried, White, Female, United-States, <=50K
50.537346,165527.88,12.902695,-779.3743,22.822256,51.789566, Private, Bachelors, Married-civ-spouse, Exec-managerial, Husband, White, Male, United-States, <=50K
55.82343,3960.8914,8.7951,-457.80438,-27.303339,47.040787, Private, HS-grad, Divorced, Sales, Not-in-family, White, Female, United-States, <=50K
51.094517,160249.19,9.871883,-792.3719,-21.177523,45.360184, Private, Some-college, Widowed, Tech-support, Unmarried, White, Female, United-States, <=50K
25.415298,115711.625,9.853259,-801.3973,37.321293,39.303295, Private, Some-college, Married-civ-spouse, Craft-repair, Own-child, White, Male, United-States, <=50K
41.688023,129795.08,9.614094,-717.7177,21.881758,42.06187, Private, Some-college, Married-civ-spouse, Craft-repair, Husband, White, Male, United-States, <=50K
49.051495,59605.562,9.013775,-259.62518,25.433653,41.444912, ?, HS-grad, Married-civ-spouse, ?, Husband, White, Male, United-States, <=50K
33.103127,115131.2,9.521578,259.41174,14.372083,32.79939, Private, Some-college, Never-married, Other-service, Unmarried, White, Male, United-States, <=50K
16.326292,217087.06,8.312572,-260.9323,-64.98356,30.202044, Private, HS-grad, Never-married, Sales, Not-in-family, White, Female, United-States, <=50K
43.45572,457911.44,1.6050854,-487.25116,-24.303415,59.920082, Private, HS-grad, Divorced, Craft-repair, Not-in-family, White, Male, United-States, <=50K
24.426607,162230.05,9.82493,-378.63617,58.11448,23.877203, Private, Some-college, Never-married, Other-service, Not-in-family, White, Male, United-States, <=50K
43.676537,130885.65,12.908744,-1207.5244,12.152501,47.400158, Private, Bachelors, Married-civ-spouse, Prof-specialty, Husband, White, Male, United-States, <=50K
23.004635,83999.72,12.731259,-350.34222,-15.03519,30.438215, Private, Assoc-acdm, Never-married, Machine-op-inspct, Unmarried, White, Male, United-States, <=50K
60.964394,243726.17,7.926133,-833.06415,1.8361408,28.826214, Private, HS-grad, Married-civ-spouse, Other-service, Husband, White, Male, United-States, >50K
27.63018,226665.84,8.890836,-907.1381,-10.506396,50.60319, Private, HS-grad, Never-married, Sales, Not-in-family, White, Male, United-States, <=50K
25.507275,116677.46,13.422475,741.9128,-8.052371,43.318176, Private, Bachelors, Married-civ-spouse, Sales, Husband, White, Male, United-States, <=50K
33.071728,68320.21,11.187615,50129.305,48.367924,44.33934, Private, Assoc-acdm, Married-civ-spouse, Exec-managerial, Husband, White, Male, United-States, >50K
27.92261,262615.94,8.720338,-544.0883,-0.49108398,37.957954, Private, HS-grad, Married-civ-spouse, Adm-clerical, Wife, White, Female, United-States, <=50K
38.588425,341743.3,9.0125,-262.46075,-27.475145,49.08137, Private, HS-grad, Never-married, Prof-specialty, Not-in-family, White, Male, United-States, <=50K
58.23213,35197.17,12.78468,825.4695,-2.4669142,30.434357, Private, Bachelors, Married-civ-spouse, Sales, Husband, White, Male, United-States, >50K
51.521275,242684.64,12.883502,-549.075,-0.99019134,38.47919, Private, Bachelors, Never-married, Exec-managerial, Not-in-family, White, Male, United-States, <=50K
51.782074,240002.78,8.236861,690.4965,-22.264193,35.715782, Private, Some-college, Divorced, Adm-clerical, Not-in-family, White, Female, United-States, <=50K
41.793903,223576.06,7.3639603,4.590145,-11.735148,43.040184, Private, Some-college, Never-married, Adm-clerical, Own-child, White, Male, United-States, <=50K
34.408268,145220.45,9.259794,413.84894,-21.63341,39.884285, Private, HS-grad, Widowed, Machine-op-inspct, Unmarried, White, Female, United-States, <=50K
54.801582,39360.234,8.734499,5437.463,8.037763,51.05934, Private, HS-grad, Married-civ-spouse, Other-service, Husband, White, Male, United-States, >50K
25.901745,231490.11,11.900483,3000.995,-3.4930143,34.54349, Private, Assoc-acdm, Never-married, Craft-repair, Unmarried, White, Male, United-States, <=50K
26.517935,137250.8,8.7188,102.42681,24.113546,40.264156, Private, HS-grad, Married-civ-spouse, Machine-op-inspct, Husband, White, Male, United-States, <=50K
45.181396,292622.53,8.078584,614.8962,9.738576,33.21168, Private, HS-grad, Divorced, Machine-op-inspct, Unmarried, White, Male, United-States, <=50K
28.305424,398630.38,8.734495,-795.37616,-4.9318495,46.92034, Private, HS-grad, Never-married, Other-service, Own-child, White, Male, United-States, <=50K
35.609108,154726.53,12.533425,281.60852,7.848691,41.199825, Private, Bachelors, Divorced, Machine-op-inspct, Not-in-family, White, Female, United-States, <=50K
24.55277,290524.53,8.858078,-758.37885,-10.248698,35.551968, Private, HS-grad, Divorced, Craft-repair, Not-in-family, White, Male, United-States, <=50K
20.929098,193262.39,7.219315,101.85723,-37.81394,41.34473, ?, HS-grad, Separated, ?, Own-child, White, Female, United-States, <=50K
60.05681,43840.734,9.10867,-1268.6599,5.4539614,46.307938, Private, HS-grad, Married-civ-spouse, Craft-repair, Husband, White, Male, United-States, <=50K
38.329044,50708.03,11.341065,1785.0787,-11.404971,44.43518, Private, Bachelors, Married-civ-spouse, Transport-moving, Husband, White, Male, United-States, >50K
39.875134,210718.89,7.6325393,-1258.2886,-33.00826,68.83767, Private, HS-grad, Married-civ-spouse, Adm-clerical, Husband, White, Male, United-States, >50K
46.128494,118698.39,9.733283,351.6928,18.605772,40.39743, Private, Some-college, Married-civ-spouse, Other-service, Husband, White, Male, United-States, <=50K
50.16804,170985.97,9.756582,-639.64777,4.202405,42.024643, Private, Some-college, Married-civ-spouse, Adm-clerical, Husband, White, Male, United-States, <=50K
20.29165,241737.89,6.8386517,-971.4924,-6.2805586,25.72538, Private, HS-grad, Never-married, Other-service, Own-child, White, Female, United-States, <=50K
36.74396,96854.914,10.775277,-445.59772,-52.120037,45.464867, Private, Assoc-voc, Never-married, Sales, Not-in-family, White, Female, United-States, <=50K
24.707537,325976.5,9.39565,-196.39081,0.85629,38.837673, Private, HS-grad, Never-married, Exec-managerial, Not-in-family, White, Male, United-States, <=50K
25.82443,294047.25,13.540731,550.7374,39.506752,45.407333, Private, Bachelors, Married-civ-spouse, Prof-specialty, Husband, White, Male, United-States, >50K
30.855799,119385.87,10.043986,-415.01263,-30.13627,41.932243, Private, Some-college, Never-married, Handlers-cleaners, Own-child, White, Male, United-States, <=50K
53.864174,188245.88,14.894293,14520.192,51.121925,47.753796, Private, Bachelors, Married-civ-spouse, Exec-managerial, Husband, White, Male, United-States, >50K
31.681509,448238.28,12.827075,-344.80768,-22.113832,43.805046, Private, Bachelors, Never-married, Craft-repair, Own-child, White, Male, United-States, <=50K
50.28905,171302.08,13.683699,1878.5342,-39.36558,43.046574, Private, Bachelors, Separated, Prof-specialty, Husband, White, Male, United-States, >50K
26.925354,162397.9,8.525978,822.3414,22.139418,32.27947, Private, HS-grad, Married-civ-spouse, Craft-repair, Husband, White, Male, United-States, <=50K
21.99519,36990.25,9.569712,-166.2055,-6.1724424,37.730736, ?, Some-college, Never-married, ?, Own-child, White, Male, United-States, <=50K
35.768204,272506.4,3.344603,-436.31805,-11.014956,33.532745, Private, HS-grad, Never-married, Farming-fishing, Not-in-family, White, Male, United-States, <=50K
23.860529,198038.03,13.06843,-1282.8833,-10.672641,38.057808, Private, Bachelors, Married-civ-spouse, Adm-clerical, Husband, White, Male, United-States, <=50K
30.053846,221642.78,12.204151,368.3589,19.114447,40.15282, Private, Assoc-acdm, Never-married, Machine-op-inspct, Not-in-family, White, Male, United-States, <=50K
65.44953,121290.625,8.878967,-1242.95,5.2416887,37.51567, Private, HS-grad, Divorced, Craft-repair, Other-relative, White, Male, United-States, <=50K
23.49805,93940.88,8.9090395,-34.707706,10.91113,38.0633, Private, HS-grad, Never-married, Craft-repair, Not-in-family, White, Male, United-States, <=50K
29.901571,71754.64,12.36915,489.899,53.71529,46.76126, Private, Bachelors, Never-married, Prof-specialty, Own-child, White, Male, United-States, <=50K
28.32476,74753.695,13.328486,-298.39435,5.713254,30.636156, Private, Bachelors, Never-married, Prof-specialty, Not-in-family, White, Female, United-States, <=50K
48.915085,71965.12,12.179098,673.4457,1.519704,47.108727, Private, Bachelors, Married-civ-spouse, Adm-clerical, Husband, White, Male, United-States, >50K
30.338556,56214.547,9.588238,-2978.1829,56.458927,34.02532, Private, Some-college, Divorced, Other-service, Own-child, White, Male, United-States, >50K
23.989828,168240.11,9.2583275,3124.893,-16.265162,36.139233, Private, HS-grad, Divorced, Craft-repair, Unmarried, White, Male, United-States, <=50K
44.379036,53459.203,6.462344,378.92688,-33.26469,45.75912, Private, Some-college, Divorced, Exec-managerial, Not-in-family, White, Female, United-States, <=50K
51.433155,174130.22,8.808724,210.62097,-29.376543,34.31764, Private, HS-grad, Divorced, Adm-clerical, Unmarried, White, Female, United-States, <=50K
52.94656,137506.28,8.982237,-699.80023,-39.657986,52.92438, Private, HS-grad, Never-married, Craft-repair, Own-child, White, Male, United-States, <=50K
39.462322,121563.25,12.68465,-881.4085,7.2458086,39.44514, Private, Bachelors, Married-civ-spouse, Farming-fishing, Husband, White, Male, United-States, <=50K
60.64144,162663.95,8.108204,128.55804,3.9900866,36.37167, Private, HS-grad, Divorced, Machine-op-inspct, Not-in-family, White, Male, United-States, <=50K
32.272972,150705.3,13.165016,353.47205,20.355055,47.26697, Private, Bachelors, Married-civ-spouse, Prof-specialty, Husband, White, Male, United-States, >50K
23.21234,209312.66,9.273192,-235.45892,-29.209963,12.72546, Private, HS-grad, Never-married, Sales, Own-child, White, Male, United-States, <=50K
43.637527,151394.06,12.795114,-286.0728,-29.76024,42.469822, Private, Bachelors, Separated, Farming-fishing, Own-child, White, Female, United-States, <=50K
50.285557,114325.805,9.630165,-712.6766,15.426831,46.24284, Private, Some-college, Married-civ-spouse, Other-service, Husband, White, Male, United-States, >50K
48.650536,310890.22,9.038409,-633.5253,-21.715754,43.438053, Private, HS-grad, Married-civ-spouse, Prof-specialty, Husband, White, Male, United-States, >50K
30.62448,176686.95,13.620199,-287.79694,37.720554,42.03276, Private, Bachelors, Married-civ-spouse, Exec-managerial, Husband, White, Male, United-States, <=50K
48.22471,33607.39,8.853437,-1347.7883,-58.726177,42.02021, Private, HS-grad, Married-civ-spouse, Handlers-cleaners, Husband, White, Male, United-States, <=50K
31.075193,361446.78,8.788688,-456.05865,16.431715,31.942741, Private, HS-grad, Separated, Sales, Not-in-family, White, Male, United-States, <=50K
25.091476,73722.0,12.103861,-1131.3916,27.07429,40.417263, Private, Assoc-acdm, Never-married, Protective-serv, Unmarried, White, Female, United-States, <=50K
33.804043,-8275.437,8.919082,705.27875,-21.41028,35.058853, Private, HS-grad, Never-married, Craft-repair, Not-in-family, White, Male, United-States, <=50K
40.857597,145196.53,12.832041,-556.6955,-3.763606,27.155401, Private, Bachelors, Never-married, Sales, Own-child, White, Male, United-States, <=50K
53.81437,167620.1,8.659288,669.76587,-9.435252,43.296505, Private, HS-grad, Married-civ-spouse, Adm-clerical, Husband, White, Male, United-States, <=50K
60.45478,198992.44,8.750528,3457.8044,32.944885,41.984562, Private, HS-grad, Married-civ-spouse, Exec-managerial, Husband, White, Male, United-States, <=50K
27.608395,150050.17,13.036359,189.45459,7.7496233,40.25438, Private, Bachelors, Never-married, Adm-clerical, Not-in-family, White, Female, United-States, <=50K
38.17768,193926.7,9.035532,-133.05768,6.241498,40.33259, Private, HS-grad, Separated, Machine-op-inspct, Not-in-family, White, Female, United-States, <=50K
43.348278,322344.88,4.990679,-1672.6963,14.9229555,43.425724, Private, Some-college, Married-spouse-absent, Other-service, Unmarried, White, Female, United-States, <=50K
22.099077,127679.66,12.5170555,-1526.8303,16.820631,43.981735, Private, Bachelors, Never-married, Craft-repair, Own-child, White, Male, United-States, <=50K
24.527775,141896.84,13.084251,5633.352,-11.284411,51.231716, Private, Bachelors, Never-married, Exec-managerial, Own-child, White, Male, United-States, <=50K
71.953255,116591.484,8.332937,838.8667,-29.989214,33.920273, ?, Some-college, Widowed, ?, Not-in-family, White, Female, United-States, <=50K
43.781673,56481.83,9.183734,-888.8752,20.891378,41.453907, Private, HS-grad, Married-civ-spouse, Handlers-cleaners, Husband, White, Male, United-States, >50K
45.08759,181855.66,8.406506,-1094.4316,12.855855,44.38688, Private, HS-grad, Married-civ-spouse, Exec-managerial, Husband, White, Male, United-States, >50K
16.189165,134471.7,9.658241,-410.4361,16.362684,39.223377, Private, Some-college, Never-married, Craft-repair, Own-child, White, Male, United-States, <=50K
32.9763,284329.4,12.834172,-314.78534,13.453893,42.460884, Private, Bachelors, Married-civ-spouse, Other-service, Husband, White, Male, United-States, >50K
37.61269,192207.73,9.102973,333.5161,20.390417,40.444374, Private, HS-grad, Married-civ-spouse, Sales, Husband, White, Male, United-States, <=50K
48.09729,102352.62,13.414451,11.888973,24.83233,37.52248, Private, Bachelors, Divorced, Adm-clerical, Own-child, White, Female, United-States, >50K
48.54959,149218.61,11.834667,-75.93,10.301251,39.552288, Private, Bachelors, Married-civ-spouse, Exec-managerial, Husband, White, Male, United-States, >50K
50.040344,203564.17,7.953969,-779.1635,-25.881449,25.778776, Private, Some-college, Married-civ-spouse, Adm-clerical, Husband, White, Male, United-States, <=50K
53.69757,237707.42,11.792238,7547.0825,-49.373257,77.34514, Private, Assoc-acdm, Never-married, Prof-specialty, Not-in-family, White, Male, United-States, <=50K
36.4918,181318.89,3.795504,-143.6806,8.867848,34.114033, Private, HS-grad, Married-civ-spouse, Other-service, Husband, White, Male, United-States, <=50K
33.40288,208887.23,8.4013,-791.71954,5.468892,43.53633, ?, HS-grad, Never-married, ?, Own-child, White, Male, United-States, <=50K
43.49617,221394.6,10.571571,-79.81147,-1.5881604,30.68623, Private, Assoc-voc, Never-married, Craft-repair, Not-in-family, White, Male, United-States, <=50K
36.430946,283905.97,8.428419,-1556.8308,2.5562792,42.12957, Private, HS-grad, Married-civ-spouse, Transport-moving, Other-relative, White, Male, United-States, <=50K
24.30113,196918.2,11.566707,-126.15656,-7.8752394,44.4203, Private, Assoc-acdm, Never-married, Sales, Own-child, White, Female, United-States, <=50K
16.527414,198998.61,5.8714676,1589.9188,6.698987,36.67255, Private, Some-college, Never-married, Handlers-cleaners, Own-child, White, Male, United-States, <=50K
38.295334,182704.27,10.074365,-1262.7678,0.85000336,35.939663, Private, Some-college, Married-civ-spouse, Craft-repair, Husband, White, Male, United-States, <=50K
29.263023,183964.95,13.567794,-411.529,-10.100848,45.70974, Private, Bachelors, Never-married, Adm-clerical, Not-in-family, White, Female, United-States, <=50K
24.200191,83093.125,11.375634,-770.2629,-2.727687,30.005325, Private, Assoc-acdm, Never-married, Other-service, Own-child, White, Female, United-States, <=50K
58.369057,143033.6,8.417474,471.06476,-24.501139,40.05502, Private, HS-grad, Divorced, Transport-moving, Not-in-family, White, Male, United-States, <=50K
29.259289,132714.3,8.9487915,241.88495,-10.453769,39.39441, Private, Some-college, Never-married, Machine-op-inspct, Not-in-family, White, Female, United-States, <=50K
56.24561,236079.22,8.854219,511.71332,-32.89459,38.531784, Private, HS-grad, Married-civ-spouse, Craft-repair, Husband, White, Male, United-States, >50K
31.911034,194616.4,8.890852,-208.25055,-16.324694,97.624855, Private, HS-grad, Married-civ-spouse, Craft-repair, Husband, White, Male, United-States, >50K
36.4314,164240.27,13.033169,-688.6558,6.694562,62.517628, Private, Bachelors, Married-civ-spouse, Prof-specialty, Husband, White, Male, United-States, <=50K
39.819897,249798.1,9.505908,-1225.23,38.518326,50.007084, Private, Some-college, Married-civ-spouse, Other-service, Husband, White, Male, United-States, <=50K
40.42665,127957.016,8.668352,-839.512,13.196439,44.038624, Private, HS-grad, Married-civ-spouse, Machine-op-inspct, Husband, White, Male, United-States, <=50K
47.340023,-25008.828,13.335843,4081.1755,-10.641643,47.961666, Private, Bachelors, Never-married, Prof-specialty, Not-in-family, White, Female, United-States, >50K
46.590683,509040.28,12.226051,-216.80511,-90.939705,39.942173, Private, Bachelors, Separated, Prof-specialty, Own-child, White, Female, United-States, <=50K
37.0648,302687.44,5.1433024,-795.0308,-5.931384,56.54169, Private, Some-college, Married-civ-spouse, Transport-moving, Husband, White, Male, United-States, <=50K
28.021894,171749.7,8.877777,483.39203,-25.262537,24.57513, ?, HS-grad, Never-married, ?, Unmarried, White, Male, United-States, <=50K
54.282284,86171.65,12.65327,-106.738716,24.351019,53.983185, Private, Bachelors, Married-civ-spouse, Farming-fishing, Husband, White, Male, United-States, <=50K
46.71647,204483.47,12.8918495,-503.8404,20.078192,46.714848, Private, Bachelors, Married-civ-spouse, Exec-managerial, Husband, White, Male, United-States, <=50K
22.298695,378759.16,9.910993,-841.83185,23.777365,35.360367, Private, Some-college, Married-civ-spouse, ?, Husband, White, Male, United-States, <=50K
22.432333,222234.19,8.591313,49.47906,14.26653,42.179222, Private, HS-grad, Never-married, Adm-clerical, Unmarried, White, Female, United-States, <=50K
23.823769,162278.75,13.037059,1220.3124,-0.040453807,36.989014, Private, Bachelors, Never-married, Prof-specialty, Unmarried, White, Male, United-States, <=50K
22.983057,124794.56,10.134896,-343.57135,-2.3959227,40.36534, Private, Some-college, Never-married, Exec-managerial, Not-in-family, White, Male, United-States, <=50K
41.818565,229223.86,9.172889,-103.73444,4.601323,37.985493, Private, HS-grad, Never-married, Craft-repair, Not-in-family, White, Male, United-States, <=50K
22.517452,339226.34,10.280788,71.13079,31.444094,22.90329, Private, Some-college, Never-married, Adm-clerical, Not-in-family, White, Female, United-States, <=50K
24.646557,257502.44,13.15039,-219.04193,-21.334284,42.339832, Private, Bachelors, Never-married, Transport-moving, Unmarried, White, Female, United-States, <=50K
25.105581,133597.2,9.798886,-210.26276,-14.709239,37.674038, Private, Some-college, Never-married, ?, Own-child, White, Female, United-States, <=50K
39.882507,249751.66,3.8056617,817.5281,14.246343,36.693367, Private, Some-college, Divorced, Farming-fishing, Not-in-family, White, Male, United-States, <=50K
51.276623,128969.695,8.968609,818.60626,-23.849169,60.354454, Private, HS-grad, Married-civ-spouse, Farming-fishing, Husband, White, Male, United-States, >50K
26.58964,-5199.312,8.900351,-1086.2766,-20.767466,36.641712, Private, HS-grad, Never-married, Transport-moving, Not-in-family, White, Male, United-States, <=50K
37.73141,593610.94,12.043275,-1103.4824,-32.51656,48.752724, Private, Bachelors, Married-civ-spouse, Sales, Husband, White, Male, United-States, <=50K
48.851017,239682.56,10.202416,444.59552,-60.573498,-11.104948, Private, HS-grad, Separated, ?, Unmarried, White, Female, United-States, <=50K
59.282993,40106.5,8.419138,-984.1872,-1.3054532,41.65775, Private, HS-grad, Divorced, Adm-clerical, Unmarried, White, Female, United-States, <=50K
68.63637,223150.1,12.650733,-318.15826,11.429936,40.2309, Private, Bachelors, Married-civ-spouse, Sales, Husband, White, Female, United-States, <=50K
41.944305,212494.72,8.928945,-481.6728,-7.9801435,28.353134, Private, HS-grad, Divorced, Other-service, Not-in-family, White, Female, United-States, <=50K
38.168327,226326.69,6.8720636,-464.75677,-2.5760908,48.243694, Private, Some-college, Divorced, Machine-op-inspct, Unmarried, White, Male, United-States, <=50K
42.33956,330542.22,9.225205,-1075.6423,25.728655,34.815083, Private, HS-grad, Married-civ-spouse, Other-service, Husband, White, Male, United-States, <=50K
43.720306,343693.34,13.437935,-1020.96063,14.647603,63.08049, Private, Bachelors, Married-civ-spouse, Craft-repair, Husband, White, Male, United-States, <=50K
60.91377,230946.94,8.730345,-268.92767,-23.86452,29.747608, Private, HS-grad, Divorced, Sales, Unmarried, White, Female, United-States, <=50K
33.154736,267367.66,13.067375,-1445.0037,-11.705951,54.066208, ?, Bachelors, Never-married, ?, Unmarried, White, Male, United-States, <=50K
38.40949,154981.27,9.100141,-839.8171,-2.7457457,46.730022, Private, Some-college, Married-civ-spouse, Adm-clerical, Husband, White, Male, United-States, >50K
27.988235,99847.31,7.8697257,-243.5169,2.8217974,39.131256, Private, HS-grad, Never-married, Other-service, Other-relative, White, Male, United-States, <=50K
31.22462,216585.05,10.941898,67.43145,11.615048,44.59782, Private, Assoc-voc, Married-civ-spouse, ?, Husband, White, Male, United-States, <=50K
35.513035,198530.64,13.174709,-457.6214,36.548775,48.570175, Private, Bachelors, Never-married, Craft-repair, Not-in-family, White, Male, United-States, <=50K
24.457117,66050.04,8.791998,-274.97247,10.285176,40.7008, Private, HS-grad, Never-married, Transport-moving, Husband, White, Male, United-States, <=50K
20.875374,138205.03,9.035139,424.56146,5.4374666,19.094843, ?, HS-grad, Never-married, ?, Unmarried, White, Female, United-States, <=50K
42.438007,261256.62,13.331569,6333.6763,17.278234,40.964058, Private, Bachelors, Married-civ-spouse, Exec-managerial, Husband, White, Male, United-States, >50K
29.155554,273604.6,8.758512,99.69927,-3.1855726,41.77081, Private, HS-grad, Never-married, Craft-repair, Not-in-family, White, Male, United-States, <=50K
41.03804,-25846.594,8.713207,-284.90985,-22.697115,39.299107, Private, HS-grad, Divorced, Other-service, Unmarried, White, Female, United-States, <=50K
28.22449,203219.34,10.099731,-45.838566,573.2614,39.000652, Private, Assoc-voc, Never-married, Prof-specialty, Not-in-family, White, Male, United-States, <=50K
28.607418,94016.445,8.841659,-663.7067,-33.992558,40.00787, Private, HS-grad, Never-married, Adm-clerical, Own-child, White, Male, United-States, <=50K
38.060917,120979.77,8.82119,287.37677,-22.272875,38.33047, Private, HS-grad, Separated, Craft-repair, Unmarried, White, Male, United-States, <=50K
33.86319,295706.1,12.712972,571.64374,-24.909334,40.80336, ?, Bachelors, Married-civ-spouse, ?, Husband, White, Male, United-States, >50K
21.391409,421417.44,12.943637,-722.0118,23.790308,46.651596, Private, Bachelors, Never-married, Sales, Not-in-family, White, Male, United-States, <=50K
34.537266,218811.19,11.63705,-849.836,-14.675494,38.572254, ?, Bachelors, Married-civ-spouse, ?, Own-child, White, Female, United-States, <=50K
35.150963,170126.34,8.6503725,-857.23224,-11.936748,45.82258, Private, HS-grad, Married-civ-spouse, Farming-fishing, Husband, White, Male, United-States, <=50K
22.76683,462001.3,8.452102,-2013.9988,-7.9378614,39.1345, Private, HS-grad, Never-married, Craft-repair, Own-child, White, Male, United-States, <=50K
19.600931,310427.78,9.861423,-98.0445,-10.483577,28.981686, Private, Some-college, Never-married, Adm-clerical, Own-child, White, Female, United-States, <=50K
16.856361,79597.21,9.347171,-743.2967,5.4721804,39.570347, Private, Some-college, Never-married, Prof-specialty, Other-relative, White, Male, United-States, <=50K
25.192451,75107.39,8.571208,320.56573,22.011106,37.896484, Private, HS-grad, Never-married, Craft-repair, Unmarried, White, Male, United-States, <=50K
32.303844,152592.58,9.511519,5465.99,54.419315,27.69254, Private, HS-grad, Divorced, Exec-managerial, Not-in-family, White, Male, United-States, <=50K
37.854237,186158.27,11.259973,16.812191,12.853673,35.27318, Private, Bachelors, Married-civ-spouse, Protective-serv, Husband, White, Male, United-States, <=50K
48.22142,261452.94,13.0549755,9204.211,114.78265,43.262623, Private, Bachelors, Married-civ-spouse, Craft-repair, Husband, White, Male, United-States, >50K
57.28912,108570.77,8.817954,1535.1807,-18.403109,41.41274, Private, HS-grad, Married-civ-spouse, Sales, Husband, White, Male, United-States, <=50K
31.97635,166433.5,11.033922,-466.7613,-14.812015,57.756588, Private, Assoc-voc, Never-married, Sales, Not-in-family, White, Male, United-States, >50K
34.933266,239206.86,9.669446,-456.09515,-23.940958,35.541763, Private, Some-college, Never-married, Sales, Own-child, White, Male, United-States, <=50K
63.861275,193350.38,13.804256,-536.9047,1.2480823,46.222256, Private, Bachelors, Married-civ-spouse, Prof-specialty, Husband, White, Male, United-States, <=50K
63.957554,203625.64,8.4617815,48076.004,-60.959972,45.003258, Private, HS-grad, Divorced, Machine-op-inspct, Not-in-family, White, Male, United-States, >50K
41.45821,269800.25,13.397228,-825.3455,34.39484,43.193985, Private, Bachelors, Never-married, Craft-repair, Not-in-family, White, Male, United-States, <=50K
39.044144,236584.92,8.923118,-703.82794,-41.385372,49.65111, Private, HS-grad, Separated, Craft-repair, Unmarried, White, Male, United-States, <=50K
29.47431,176010.8,8.827588,-59.75629,-15.130763,49.363743, Private, HS-grad, Never-married, Other-service, Not-in-family, White, Male, United-States, <=50K
35.503857,161769.08,8.456788,-823.85394,42.76547,73.03619, Private, HS-grad, Never-married, Transport-moving, Other-relative, White, Male, United-States, <=50K
34.03238,188065.67,4.6884465,264.2671,461.66586,45.483276, Private, Some-college, Married-civ-spouse, Sales, Husband, White, Male, United-States, <=50K
45.36898,171514.5,11.704113,-749.57745,-17.98865,42.157944, Private, Bachelors, Divorced, Prof-specialty, Not-in-family, White, Male, United-States, <=50K
37.562794,66858.29,9.139544,269.3011,6.1464815,34.47782, Private, Some-college, Never-married, Exec-managerial, Unmarried, White, Female, United-States, <=50K
47.64559,135272.61,8.497055,1950.4562,19.711103,42.3812, Private, HS-grad, Married-civ-spouse, Transport-moving, Husband, White, Male, United-States, >50K
32.20598,95153.945,12.252198,-1669.7722,71.79406,29.936974, Private, Bachelors, Married-civ-spouse, Sales, Other-relative, White, Female, United-States, <=50K
28.350723,174570.64,12.66503,-1421.8025,-4.6156797,46.130894, Private, Bachelors, Married-civ-spouse, Sales, Husband, White, Male, United-States, >50K
44.88058,245813.39,8.592521,-536.46124,0.7211124,47.376907, Private, HS-grad, Married-civ-spouse, Transport-moving, Husband, White, Male, United-States, >50K
28.246754,182899.31,12.322771,7414.8384,26.519075,15.163792, Private, Assoc-acdm, Married-civ-spouse, Adm-clerical, Wife, White, Female, United-States, >50K
46.18246,208755.97,13.710518,524.7877,25.967615,57.10052, Private, Bachelors, Married-civ-spouse, Exec-managerial, Husband, White, Male, United-States, <=50K
41.024002,38993.97,8.920791,-1024.4375,-4.001422,17.960133, Private, HS-grad, Married-civ-spouse, Other-service, Husband, White, Male, United-States, <=50K
52.69135,239756.27,13.368744,-741.054,11.723393,13.356363, Private, Bachelors, Never-married, Sales, Not-in-family, White, Male, United-States, <=50K
57.58986,69946.42,8.646262,4462.63,21.48287,39.62324, Private, HS-grad, Married-civ-spouse, Other-service, Husband, White, Male, United-States, >50K
34.840096,98960.484,8.238985,10555.504,-87.18194,49.095303, Private, HS-grad, Married-spouse-absent, Sales, Own-child, White, Male, United-States, >50K
38.197445,52293.406,9.989445,-471.403,65.11081,43.775623, Private, Some-college, Married-civ-spouse, Craft-repair, Husband, White, Male, United-States, >50K
25.116201,191774.17,9.861827,-385.39655,-2.019763,26.871613, Private, Some-college, Never-married, Sales, Not-in-family, White, Male, United-States, <=50K
23.252045,557514.94,12.763759,206.68213,-6.505458,38.806004, Private, Bachelors, Never-married, Tech-support, Not-in-family, White, Male, United-States, <=50K
28.906263,62408.89,12.696727,-256.32013,17.859938,49.852524, Private, Bachelors, Never-married, Sales, Not-in-family, White, Male, United-States, <=50K
33.678722,175329.36,14.826829,397.9206,40.330673,-2.0552466, Private, Bachelors, Widowed, ?, Unmarried, White, Female, United-States, <=50K
41.50557,123140.76,12.223213,-1064.175,25.816545,43.25564, Private, Bachelors, Married-civ-spouse, Exec-managerial, Wife, White, Female, United-States, <=50K
61.75741,103138.45,12.088909,-1447.6082,-12.587283,38.057568, Private, Bachelors, Divorced, Prof-specialty, Not-in-family, White, Female, United-States, <=50K
46.844704,174269.72,9.552441,64.86498,-40.94282,29.767794, Private, Some-college, Never-married, Adm-clerical, Own-child, White, Male, United-States, <=50K
23.780718,349985.47,9.774487,-234.19086,-5.122508,39.243958, ?, Some-college, Never-married, ?, Not-in-family, White, Male, United-States, <=50K
29.889622,96828.54,4.6883044,-210.14886,-1.6137112,45.89468, Private, Some-college, Married-civ-spouse, Other-service, Husband, White, Male, United-States, <=50K
25.271841,272793.84,12.210321,-375.8194,-36.27885,47.981903, Private, Bachelors, Never-married, Exec-managerial, Unmarried, White, Female, United-States, <=50K
53.21822,202429.84,9.737056,-10.528629,15.764607,38.854374, Private, Some-college, Never-married, Exec-managerial, Not-in-family, White, Male, United-States, <=50K
21.012213,79681.3,8.724594,1221.9136,-19.978128,28.460587, Private, HS-grad, Never-married, Adm-clerical, Own-child, White, Male, United-States, <=50K
46.74694,8487.36,8.665676,892.89996,1.2243167,38.60645, Private, HS-grad, Divorced, Craft-repair, Own-child, White, Male, United-States, <=50K
54.74882,195438.92,9.750081,-155.383,1.1213962,47.244102, Private, Some-college, Married-civ-spouse, Other-service, Husband, White, Male, United-States, <=50K
15.60078,244821.16,9.448375,-662.3669,19.376059,30.591436, Private, Some-college, Never-married, Machine-op-inspct, Not-in-family, White, Male, United-States, <=50K
37.87297,35212.797,8.805425,-639.5174,-47.19154,40.49046, Private, HS-grad, Never-married, Machine-op-inspct, Own-child, White, Female, United-States, >50K
42.403625,136534.95,12.067173,-587.612,29.740988,24.23311, Private, Bachelors, Widowed, Other-service, Not-in-family, White, Male, United-States, <=50K
28.084963,75079.74,7.097457,-1025.273,28.812876,54.331482, Private, HS-grad, Married-civ-spouse, Farming-fishing, Husband, White, Male, United-States, <=50K
19.975018,104111.94,8.764176,-547.79535,2.284215,33.691727, Private, HS-grad, Never-married, Craft-repair, Own-child, White, Male, United-States, <=50K
29.331799,225129.84,9.366573,-100.11701,-27.160746,36.771202, ?, Some-college, Separated, ?, Unmarried, White, Female, United-States, <=50K
30.600918,495980.25,9.778772,-188.20013,-16.24251,43.923645, ?, Some-college, Never-married, ?, Own-child, White, Female, United-States, <=50K
48.6451,140658.39,8.81401,-128.94342,7.3827333,59.314255, Private, HS-grad, Married-civ-spouse, Transport-moving, Husband, White, Male, United-States, <=50K
26.390612,95813.95,9.24837,-675.68427,18.564123,38.27674, Private, HS-grad, Married-civ-spouse, Craft-repair, Husband, White, Male, United-States, <=50K
56.81439,118666.984,11.0687,927.5137,-13.89165,40.397438, Private, Assoc-voc, Never-married, Exec-managerial, Not-in-family, White, Female, United-States, <=50K
32.3242,111669.805,9.001128,137.03699,-34.683414,34.622208, Private, HS-grad, Married-civ-spouse, Craft-repair, Own-child, White, Male, United-States, <=50K
23.242168,302325.6,9.178921,1265.9688,-30.47407,41.25072, Private, HS-grad, Never-married, Protective-serv, Not-in-family, White, Male, United-States, <=50K
37.274612,225902.66,9.404506,-1314.0007,19.257849,79.23104, Private, HS-grad, Married-civ-spouse, Other-service, Husband, White, Male, United-States, <=50K
25.754337,93778.055,8.418459,389.79297,7.031247,28.212105, Private, HS-grad, Married-civ-spouse, Adm-clerical, Husband, White, Male, United-States, <=50K
22.030954,149722.92,9.872211,90.17754,-17.155611,32.404026, Private, Some-college, Never-married, Sales, Not-in-family, White, Female, United-States, <=50K
30.658112,80521.51,13.296194,-785.08734,22.620848,55.158005, Private, Bachelors, Never-married, Exec-managerial, Not-in-family, White, Male, United-States, <=50K
41.12034,259271.36,10.023594,1553.6412,23.063978,48.358883, Private, Some-college, Married-civ-spouse, Machine-op-inspct, Husband, White, Male, United-States, >50K
21.246035,80429.664,9.786798,641.28345,42.084545,44.72902, Private, Some-college, Never-married, Exec-managerial, Own-child, White, Male, United-States, <=50K
29.448715,158344.6,9.9140215,672.61523,-15.15742,10.251923, Private, Some-college, Married-civ-spouse, Exec-managerial, Own-child, White, Male, United-States, <=50K
35.578068,113154.625,9.050028,-307.43915,-17.775293,42.67718, Private, HS-grad, Never-married, Exec-managerial, Not-in-family, White, Female, United-States, <=50K
30.691795,206966.81,10.47006,487.4618,-14.787013,40.85721, ?, Some-college, Never-married, ?, Unmarried, White, Female, United-States, <=50K
33.833893,116860.47,11.723192,-1422.5334,73.47704,41.31947, ?, Assoc-acdm, Married-spouse-absent, ?, Husband, White, Female, United-States, <=50K
63.15933,395.98502,12.873491,744.50995,9.315488,21.367968, Private, Bachelors, Divorced, Adm-clerical, Unmarried, White, Female, United-States, <=50K
23.923544,195910.78,9.8521,-53.50043,8.907659,29.686218, Private, Some-college, Never-married, Adm-clerical, Own-child, White, Female, United-States, <=50K
39.7331,104498.09,10.523683,-406.47284,-15.308871,44.905262, Private, Assoc-acdm, Married-civ-spouse, Adm-clerical, Husband, White, Male, United-States, <=50K
49.332413,100848.11,9.0900135,-834.10236,-11.507884,46.318306, Private, Some-college, Married-civ-spouse, Craft-repair, Wife, White, Female, United-States, >50K
61.74364,190870.1,8.603407,171.82086,-17.526392,35.161373, Private, HS-grad, Widowed, Other-service, Not-in-family, White, Female, United-States, <=50K
37.370346,176819.53,9.8774605,330.1411,-28.264963,40.999947, Private, Some-college, Divorced, Adm-clerical, Not-in-family, White, Female, United-States, <=50K
65.82675,137278.8,7.9980874,-393.826,24.403307,37.691097, Private, HS-grad, Married-civ-spouse, Other-service, Husband, White, Male, United-States, <=50K
35.27691,145107.55,9.750452,-951.69684,-29.238794,47.76371, Private, Some-college, Married-civ-spouse, Sales, Other-relative, White, Male, United-States, <=50K
53.170467,38198.016,9.040055,255.58588,-30.96892,40.56322, Private, HS-grad, Married-civ-spouse, Prof-specialty, Husband, White, Male, United-States, <=50K
26.000986,227698.77,9.4551115,-1451.4841,13.203549,45.88262, Private, HS-grad, Married-civ-spouse, Other-service, Husband, White, Male, United-States, <=50K
50.05525,422592.97,9.815867,-387.11554,-7.4874754,42.71623, Private, Some-college, Married-civ-spouse, Exec-managerial, Husband, White, Male, United-States, >50K
34.369835,211937.53,14.025333,-789.7459,10.905835,30.42388, Private, Bachelors, Never-married, Prof-specialty, Not-in-family, White, Male, United-States, <=50K
31.15089,158553.88,12.746397,5775.9136,38.36246,37.844246, Private, Bachelors, Married-civ-spouse, Adm-clerical, Wife, White, Female, United-States, >50K
50.797726,98757.69,9.000374,1842.7671,23.367285,39.66126, Private, HS-grad, Married-civ-spouse, Machine-op-inspct, Husband, White, Male, United-States, <=50K
34.2139,99481.07,12.741057,-448.669,10.8279085,88.8838, Private, Bachelors, Married-civ-spouse, Prof-specialty, Husband, White, Male, United-States, >50K
24.940407,68762.86,12.70122,-704.50934,3.647565,56.113388, Private, Bachelors, Never-married, ?, Not-in-family, White, Male, United-States, <=50K
64.13343,75459.46,6.597071,1889.0603,0.977872,36.24957, Private, HS-grad, Married-civ-spouse, Handlers-cleaners, Husband, White, Male, United-States, <=50K
41.397762,171933.36,10.7608,-1453.5222,-0.39057434,81.12886, Private, Some-college, Married-civ-spouse, Exec-managerial, Husband, White, Male, United-States, >50K
38.12726,46080.75,9.158513,-1203.416,10.844457,51.281517, Private, HS-grad, Married-civ-spouse, Craft-repair, Not-in-family, White, Male, United-States, <=50K
26.10802,142041.75,11.273168,-463.50067,46.96962,36.02296, Private, Assoc-voc, Married-civ-spouse, Craft-repair, Husband, White, Male, United-States, <=50K
41.070362,196000.31,10.0187845,522.54297,-26.041742,41.162773, Private, HS-grad, Divorced, Craft-repair, Unmarried, White, Male, United-States, <=50K
57.892998,176733.78,5.038714,-1254.3657,12.74323,33.600452, Private, Some-college, Married-civ-spouse, Other-service, Other-relative, White, Male, United-States, <=50K
46.065495,146954.14,10.955042,-128.3034,-21.344011,49.27933, Private, Assoc-voc, Divorced, Sales, Unmarried, White, Female, United-States, <=50K
48.897194,153696.39,4.3513813,-149.12164,-2.9861631,38.477123, Private, Some-college, Married-civ-spouse, Farming-fishing, Husband, White, Male, United-States, <=50K
45.942326,101324.086,9.14173,15911.072,20.727575,39.5243, Private, HS-grad, Married-civ-spouse, Adm-clerical, Wife, White, Female, United-States, >50K
42.51292,181229.9,9.806634,-671.2216,1.6419498,38.97854, Private, Some-college, Never-married, Adm-clerical, Own-child, White, Male, United-States, <=50K
47.30997,194202.33,8.325265,526.83295,-57.070034,41.34107, Private, Some-college, Separated, Sales, Unmarried, White, Female, United-States, <=50K
33.94544,149451.84,12.057277,-341.6131,33.016148,41.72082, Private, Bachelors, Divorced, Machine-op-inspct, Not-in-family, White, Male, United-States, <=50K
19.768053,79189.02,9.216882,43.420345,-29.307245,43.344635, Private, HS-grad, Never-married, Craft-repair, Not-in-family, White, Female, United-States, <=50K
44.173306,255822.69,13.356116,-752.48444,-15.871615,37.817513, Private, Bachelors, Divorced, Prof-specialty, Not-in-family, White, Male, United-States, <=50K
41.910324,344120.12,9.666284,-617.03595,18.68501,42.083637, Private, Some-college, Divorced, Exec-managerial, Unmarried, White, Female, United-States, <=50K
37.884598,230292.08,10.3079605,-764.67255,969.33215,45.10671, Private, Some-college, Married-civ-spouse, Farming-fishing, Husband, White, Male, United-States, <=50K
41.37222,-2886.89,7.391959,-527.61505,-2.2663755,37.63158, Private, HS-grad, Divorced, Farming-fishing, Not-in-family, White, Male, United-States, <=50K
54.614815,167321.16,8.743256,-403.55634,-21.607332,38.304905, Private, HS-grad, Divorced, Other-service, Not-in-family, White, Female, United-States, <=50K
61.029335,136486.42,9.932832,-755.32184,-3.9209852,52.946064, ?, Some-college, Divorced, ?, Own-child, White, Male, United-States, <=50K
31.334492,219978.6,12.888363,-295.2126,23.259771,39.10621, Private, Bachelors, Never-married, Adm-clerical, Not-in-family, White, Female, United-States, <=50K
28.951227,142039.44,9.948786,-138.62982,0.5685855,34.859753, Private, Assoc-acdm, Divorced, Other-service, Unmarried, White, Female, United-States, <=50K
27.125513,191787.81,8.946907,-148.1148,-19.482828,45.485497, Private, HS-grad, Divorced, Adm-clerical, Own-child, White, Female, United-States, <=50K
21.486618,170837.77,12.456286,-818.1922,25.607252,29.90699, Private, Bachelors, Never-married, Craft-repair, Own-child, White, Female, United-States, <=50K
62.784386,282305.03,12.0089855,476.67218,-27.578135,37.80955, Private, Bachelors, Widowed, Exec-managerial, Not-in-family, White, Female, United-States, <=50K
34.110348,220595.58,9.178456,-97.69294,-11.324283,52.366955, Private, HS-grad, Never-married, Other-service, Not-in-family, White, Female, United-States, <=50K
29.497595,197216.86,8.606847,-1027.6978,-0.16026582,36.52567, Private, HS-grad, Married-civ-spouse, Other-service, Wife, White, Female, United-States, <=50K
72.2017,170989.33,8.631218,294.9511,2.4591265,35.486633, Private, HS-grad, Married-civ-spouse, Handlers-cleaners, Wife, White, Female, United-States, <=50K
51.542896,139287.31,8.4126625,-252.24457,22.6033,42.22736, Private, HS-grad, Divorced, Adm-clerical, Not-in-family, White, Male, United-States, <=50K
26.78248,305371.25,9.17772,-1610.4524,-67.64007,33.59207, Private, HS-grad, Divorced, Sales, Own-child, White, Female, United-States, <=50K
46.652054,160159.75,8.919348,-156.17596,14.864293,36.708202, Private, Some-college, Married-civ-spouse, Craft-repair, Husband, White, Male, United-States, >50K
17.548885,376757.78,9.542604,137.57611,-16.677645,37.944332, Private, Some-college, Never-married, Other-service, Own-child, White, Female, United-States, <=50K
26.849455,175072.28,8.784422,-478.54254,19.744207,38.51357, Private, HS-grad, Married-spouse-absent, Handlers-cleaners, Unmarried, White, Female, United-States, <=50K
54.963398,46000.875,13.2543745,-406.28265,-12.762912,40.48796, Private, Bachelors, Married-civ-spouse, Adm-clerical, Husband, White, Male, United-States, <=50K
44.310093,236541.3,9.208308,-803.8383,15.4941,44.114677, Private, HS-grad, Married-civ-spouse, Craft-repair, Husband, White, Male, United-States, >50K
27.263077,171945.3,9.498076,-195.74323,-10.840167,42.543163, Private, Some-college, Never-married, Other-service, Own-child, White, Male, United-States, <=50K
41.45112,140418.31,8.991406,1364.9788,-49.19372,37.751003, Private, HS-grad, Never-married, Farming-fishing, Not-in-family, White, Female, United-States, >50K
22.755026,173251.6,11.940231,441.77618,109.338165,42.63357, Private, Bachelors, Married-civ-spouse, Adm-clerical, Husband, White, Male, United-States, >50K
42.53569,101246.586,4.5827417,-921.19464,2.8583345,41.083336, Private, Some-college, Divorced, Adm-clerical, Not-in-family, White, Male, United-States, <=50K
64.08163,157406.81,12.987984,20880.674,11.772954,54.986168, Private, Bachelors, Married-civ-spouse, Other-service, Wife, White, Female, United-States, >50K
47.03957,62053.594,13.984469,-1600.054,1754.8458,46.68209, Private, Bachelors, Divorced, Prof-specialty, Not-in-family, White, Male, United-States, >50K
34.270836,72722.85,5.5904317,209.34723,6.363492,41.021164, Private, HS-grad, Divorced, Other-service, Not-in-family, White, Male, United-States, <=50K
55.676754,176795.02,8.239715,490.33875,25.988329,38.81243, Private, HS-grad, Never-married, Other-service, Not-in-family, White, Male, United-States, <=50K
15.203425,135399.55,8.33948,2633.4436,-30.157763,40.601883, Private, Some-college, Never-married, Farming-fishing, Own-child, White, Male, United-States, <=50K
47.649796,223711.2,13.358048,-854.28815,34.178097,58.295288, Private, Bachelors, Never-married, Exec-managerial, Not-in-family, White, Male, United-States, <=50K
60.53845,77244.87,10.163205,199.61469,-9.76295,40.20743, Private, Assoc-voc, Never-married, Prof-specialty, Not-in-family, White, Male, United-States, <=50K
26.695297,113433.68,9.276666,99.4873,15.703046,40.81288, Private, HS-grad, Never-married, Machine-op-inspct, Own-child, White, Male, United-States, <=50K
60.878452,159672.5,4.011006,-853.2796,-0.3951825,36.368423, Private, HS-grad, Married-civ-spouse, Machine-op-inspct, Other-relative, White, Male, United-States, <=50K
55.1953,293748.6,9.762418,-1307.5266,-26.483706,39.767544, Private, Some-college, Married-civ-spouse, Tech-support, Husband, White, Male, United-States, >50K
37.62101,315630.1,8.792618,-118.3039,-9.552707,41.872215, Private, HS-grad, Divorced, Craft-repair, Unmarried, White, Male, United-States, <=50K
47.81244,390547.3,13.653336,-1131.4834,5.752141,42.417885, Private, Bachelors, Married-civ-spouse, Exec-managerial, Husband, White, Male, United-States, >50K
16.18967,24182.875,8.4056015,957.5113,51.363655,14.255072, Private, HS-grad, Never-married, Handlers-cleaners, Own-child, White, Female, United-States, <=50K
41.83983,6911.063,8.906545,-471.5053,-0.13701905,38.599632, Private, HS-grad, Married-civ-spouse, Craft-repair, Husband, White, Male, United-States, <=50K
54.62487,236462.77,10.019686,524.8386,-27.551088,13.195114, Private, Some-college, Widowed, Craft-repair, Unmarried, White, Female, United-States, <=50K
29.781673,239495.38,8.8207445,7.4047203,-32.530903,10.376783, Private, HS-grad, Married-civ-spouse, Sales, Own-child, White, Male, United-States, <=50K
53.109894,180200.77,6.1929865,-712.919,-46.022152,37.71717, Private, HS-grad, Married-civ-spouse, Transport-moving, Own-child, White, Male, United-States, <=50K
40.663452,191903.31,8.418617,-825.554,0.3890277,40.35453, Private, HS-grad, Divorced, Exec-managerial, Other-relative, White, Female, United-States, <=50K
33.656116,97775.29,13.509259,-133.68097,2.8949862,33.53499, Private, Bachelors, Married-civ-spouse, Prof-specialty, Husband, White, Male, United-States, <=50K
25.452665,246516.98,6.625758,-536.29645,27.122976,37.463673, Private, Some-college, Never-married, Adm-clerical, Unmarried, White, Female, United-States, <=50K
24.242758,157196.02,8.77417,-1122.1089,-32.826145,51.672028, Private, HS-grad, Never-married, Other-service, Own-child, White, Female, United-States, <=50K
20.54312,124992.74,8.541298,-878.4368,-2.383525,33.20175, Private, HS-grad, Never-married, Sales, Own-child, White, Female, United-States, <=50K
65.18589,185858.67,13.162201,-0.74286294,-3.2400923,37.039497, Private, Bachelors, Never-married, Other-service, Not-in-family, White, Female, United-States, <=50K
35.921524,54266.438,9.72394,-822.3405,6.1091585,39.76963, Private, Some-college, Married-civ-spouse, Sales, Husband, White, Male, United-States, <=50K
24.238453,236951.27,9.407992,-118.017525,1677.5364,44.251896, Private, Some-college, Married-civ-spouse, Other-service, Husband, White, Male, United-States, <=50K
45.806393,263667.06,9.318689,-946.36163,-22.484034,74.331566, Private, HS-grad, Never-married, Sales, Not-in-family, White, Male, United-States, <=50K
35.852177,242072.88,11.35345,796.5101,-13.69826,16.54485, Private, Assoc-acdm, Separated, Prof-specialty, Not-in-family, White, Female, United-States, <=50K
52.88804,291217.56,8.020387,-1262.1013,36.33218,42.02397, Private, HS-grad, Married-civ-spouse, Other-service, Husband, White, Male, United-States, >50K
26.578358,133010.78,6.9561334,-446.94232,15.179631,40.277073, Private, HS-grad, Married-civ-spouse, Craft-repair, Husband, White, Male, United-States, <=50K
37.39675,143170.03,10.595766,234.3988,-37.483326,22.076897, Private, Some-college, Widowed, Sales, Unmarried, White, Female, United-States, <=50K
36.277306,365283.78,13.04497,-1012.81537,1.3844424,41.745857, Private, Bachelors, Married-civ-spouse, Craft-repair, Husband, White, Male, United-States, <=50K
37.822613,129059.02,7.299141,-548.9799,-23.582056,36.34001, Private, HS-grad, Married-civ-spouse, Craft-repair, Husband, White, Male, United-States, <=50K
37.409412,133927.77,9.220018,-954.2541,12.673703,62.929462, Private, HS-grad, Married-civ-spouse, Prof-specialty, Husband, White, Male, United-States, >50K
61.351406,242698.08,13.580735,2199.7207,32.279457,38.199314, Private, Bachelors, Married-civ-spouse, Exec-managerial, Husband, White, Male, United-States, >50K
21.814255,322885.3,8.848881,-570.73883,-20.353998,40.553505, Private, HS-grad, Divorced, Farming-fishing, Not-in-family, White, Male, United-States, <=50K
21.938492,144721.22,12.0096855,-508.43597,4.2942095,41.459827, ?, Bachelors, Never-married, ?, Own-child, White, Female, United-States, <=50K
42.36953,176450.33,10.010215,-552.2039,37.40054,55.622116, Private, Some-college, Married-civ-spouse, Exec-managerial, Husband, White, Male, United-States, >50K
32.07722,160247.83,8.851158,93.28985,-6.576213,50.613735, Private, HS-grad, Widowed, Exec-managerial, Not-in-family, White, Female, United-States, <=50K
24.333776,141533.81,11.7372875,-516.1038,-27.199121,39.585045, Private, Bachelors, Never-married, Handlers-cleaners, Own-child, White, Female, United-States, <=50K
67.338356,149493.72,13.347843,-104.02363,53.16059,44.76398, Private, Bachelors, Married-civ-spouse, Sales, Husband, White, Male, United-States, <=50K
34.680534,197645.73,5.175168,-295.326,-3.4032087,29.460686, ?, HS-grad, Married-spouse-absent, ?, Not-in-family, White, Female, United-States, <=50K
52.71965,187190.64,8.753284,-10.347599,11.740582,39.014374, Private, HS-grad, Married-civ-spouse, Sales, Husband, White, Male, United-States, <=50K
49.695934,230500.55,10.145608,566.2986,-16.881044,39.487087, Private, HS-grad, Never-married, Other-service, Not-in-family, White, Male, United-States, <=50K
28.672174,282547.1,7.78614,1216.9238,-6.7337523,44.202404, Private, HS-grad, Married-civ-spouse, Sales, Husband, White, Male, United-States, <=50K
34.701714,235481.83,8.50852,-350.42023,-15.933871,43.500694, Private, HS-grad, Married-civ-spouse, Sales, Wife, White, Female, United-States, <=50K
37.32497,70412.2,12.972016,-697.85333,7.3445024,37.676994, Private, Bachelors, Widowed, Sales, Not-in-family, White, Female, United-States, <=50K
37.22328,107804.44,11.669614,1315.9469,58.21207,39.079857, Private, Assoc-acdm, Married-civ-spouse, Machine-op-inspct, Husband, White, Male, United-States, >50K
26.130697,141270.22,12.481821,-927.58,1571.884,49.551857, Private, Bachelors, Married-civ-spouse, Sales, Husband, White, Male, United-States, <=50K
28.51237,199041.05,8.889476,-1037.145,0.55486023,36.639618, Private, HS-grad, Never-married, Tech-support, Other-relative, White, Male, United-States, <=50K
25.184168,44778.92,10.794887,-1292.5754,668.74,40.43078, Private, Assoc-voc, Never-married, Prof-specialty, Own-child, White, Male, United-States, <=50K
40.247337,89484.06,12.169974,-865.86237,0.29182923,30.167196, ?, Bachelors, Divorced, ?, Unmarried, White, Male, United-States, <=50K
55.33081,262190.16,8.907641,-85.41096,-38.91583,38.755142, Private, HS-grad, Never-married, Other-service, Not-in-family, White, Female, United-States, <=50K
40.903152,321648.53,8.87002,-288.45355,-16.696764,9.126081, Private, HS-grad, Never-married, Craft-repair, Own-child, White, Male, United-States, <=50K
35.22239,267361.16,8.588044,-216.9295,-10.077708,32.356186, Private, HS-grad, Never-married, Craft-repair, Unmarried, White, Male, United-States, <=50K
31.63652,83775.055,12.381076,-290.99518,-16.303247,43.023853, Private, Bachelors, Divorced, Prof-specialty, Not-in-family, White, Female, United-States, <=50K
65.46699,70462.91,8.928154,717.16595,-9.718135,44.24224, Private, HS-grad, Married-civ-spouse, Other-service, Husband, White, Male, United-States, >50K
59.93329,111440.61,11.987998,1537.3843,21.716284,36.627724, Private, Assoc-acdm, Divorced, Adm-clerical, Not-in-family, White, Male, United-States, <=50K
20.34534,229841.42,11.5898485,-51.135197,16.75186,29.24804, Private, Assoc-voc, Never-married, Adm-clerical, Own-child, White, Female, United-States, <=50K
46.28246,223948.03,12.366664,-1352.8308,-1.4359158,77.91353, Private, Assoc-acdm, Married-civ-spouse, Adm-clerical, Husband, White, Male, United-States, >50K
60.62899,171842.11,9.0427885,-883.9532,24.935236,51.360332, Private, HS-grad, Married-civ-spouse, Sales, Husband, White, Male, United-States, >50K
34.794506,120723.516,9.003102,-776.6431,5.432683,43.275013, Private, HS-grad, Married-civ-spouse, Prof-specialty, Wife, White, Female, United-States, >50K
39.266285,90267.3,8.63699,-1089.877,-20.62037,32.860317, Private, HS-grad, Divorced, Transport-moving, Own-child, White, Female, United-States, <=50K
24.723833,157833.12,9.130126,479.77264,10.778256,39.50985, Private, HS-grad, Never-married, Sales, Own-child, White, Female, United-States, <=50K
53.598038,5150.891,9.977504,-185.85675,4.26785,37.913834, ?, Some-college, Married-civ-spouse, ?, Husband, White, Male, United-States, <=50K
21.938572,155091.42,9.807329,5670.1353,38.237843,19.147907, Private, Some-college, Married-civ-spouse, Transport-moving, Husband, White, Male, United-States, >50K
37.305664,83772.914,9.862951,-975.95575,-3.3798857,40.398155, Private, Some-college, Divorced, Adm-clerical, Unmarried, White, Female, United-States, <=50K
24.61295,232063.19,8.798067,-36.53864,-25.005228,32.565315, Private, HS-grad, Never-married, Transport-moving, Other-relative, White, Female, United-States, <=50K
27.70592,312815.2,9.070412,287.84198,-30.871508,42.396465, Private, HS-grad, Never-married, Exec-managerial, Own-child, White, Male, United-States, <=50K
33.57046,53998.453,13.195379,2.2670248,-13.795733,38.84778, Private, Bachelors, Divorced, Prof-specialty, Unmarried, White, Female, United-States, <=50K
70.940186,153416.62,9.349911,30.37164,10.710088,36.467667, ?, HS-grad, Widowed, ?, Not-in-family, White, Female, United-States, <=50K
37.001892,216922.27,9.083783,36.788265,14.627217,40.6544, ?, HS-grad, Separated, ?, Not-in-family, White, Female, United-States, <=50K
41.853436,230166.7,10.054834,242.39734,9.073255,30.852879, Private, Assoc-voc, Never-married, Exec-managerial, Not-in-family, White, Male, United-States, <=50K
50.377533,217232.19,8.96557,265.78162,-28.01671,39.628174, Private, HS-grad, Separated, Prof-specialty, Unmarried, White, Female, United-States, <=50K
22.106762,91079.555,9.758687,-435.66132,22.993437,41.39978, Private, Some-college, Never-married, Adm-clerical, Not-in-family, White, Male, United-States, <=50K
45.685078,367804.22,9.920435,-171.21942,34.22855,36.173485, Private, Some-college, Married-civ-spouse, Adm-clerical, Husband, White, Male, United-States, <=50K
49.69211,125566.55,14.577312,1698.8816,26.50818,50.889313, Private, Bachelors, Married-civ-spouse, Prof-specialty, Husband, White, Male, United-States, <=50K
38.482006,41526.78,8.9332285,-31.861393,22.547033,39.45829, Private, HS-grad, Divorced, Craft-repair, Not-in-family, White, Male, United-States, <=50K
49.122726,86829.27,9.018941,-777.5518,6.8665667,41.364407, Private, HS-grad, Married-civ-spouse, Machine-op-inspct, Husband, White, Male, United-States, <=50K
37.50819,241025.06,13.073698,1087.9403,36.437767,39.056374, Private, Bachelors, Married-civ-spouse, Exec-managerial, Husband, White, Male, United-States, <=50K
31.17376,114363.734,11.495563,-702.5201,-14.09064,38.379215, Private, Assoc-voc, Divorced, Craft-repair, Not-in-family, White, Female, United-States, <=50K
65.04488,165490.5,8.47462,-575.57806,-21.989367,35.456863, Private, HS-grad, Married-civ-spouse, Handlers-cleaners, Husband, White, Male, United-States, <=50K
33.59441,115405.234,11.737567,-846.54926,-64.34988,54.921597, Private, Bachelors, Never-married, Tech-support, Own-child, White, Female, United-States, <=50K
21.87901,167541.42,7.1331043,14.777401,376.3939,51.859, Private, HS-grad, Separated, Craft-repair, Not-in-family, White, Male, United-States, <=50K
34.074062,238132.75,6.3468146,2865.491,18.136206,39.305668, Private, HS-grad, Married-civ-spouse, Transport-moving, Husband, White, Male, United-States, <=50K
41.110085,366321.88,8.957146,-196.57,-11.247798,37.70824, Private, HS-grad, Married-civ-spouse, Craft-repair, Husband, White, Male, United-States, <=50K
34.050068,210308.86,12.700336,-591.24896,18.943274,26.907532, Private, Bachelors, Never-married, Adm-clerical, Not-in-family, White, Female, United-States, <=50K
42.17448,44333.344,10.863355,-1077.6062,-1.5928982,49.38972, Private, Assoc-voc, Married-civ-spouse, Sales, Husband, White, Male, United-States, <=50K
26.552563,92462.88,8.170263,255.08545,-1.5960568,45.308857, Private, Some-college, Never-married, Exec-managerial, Own-child, White, Male, United-States, <=50K
45.5712,144076.6,9.228426,-239.65033,21.695555,49.499584, Private, HS-grad, Married-civ-spouse, Exec-managerial, Husband, White, Male, United-States, >50K
36.166058,171605.86,10.781757,4645.524,-30.576433,52.623756, Private, Assoc-voc, Married-civ-spouse, Prof-specialty, Husband, White, Male, United-States, >50K
51.879753,230660.77,5.230016,11371.194,-37.658527,4.0529575, Private, Some-college, Married-civ-spouse, Prof-specialty, Husband, White, Male, United-States, >50K
35.0108,77607.16,11.331998,-1180.238,42.167072,29.550554, Private, Assoc-voc, Married-civ-spouse, Prof-specialty, Wife, White, Female, United-States, >50K
30.104013,194457.05,13.076718,-236.3609,22.690458,27.692026, Private, Bachelors, Married-civ-spouse, Prof-specialty, Husband, White, Male, United-States, <=50K
35.10135,149069.11,9.061308,-221.50714,13.392957,30.56287, Private, HS-grad, Never-married, Adm-clerical, Unmarried, White, Female, United-States, <=50K
24.617317,106161.625,8.782628,973.1033,35.653328,37.104534, Private, HS-grad, Never-married, Machine-op-inspct, Own-child, White, Male, United-States, <=50K
36.548336,204636.14,9.620049,-1184.6982,9.5151415,34.386646, Private, Some-college, Married-civ-spouse, Other-service, Husband, White, Male, United-States, <=50K
47.218147,7251.1724,9.2711,-629.60236,-8.5807905,29.331295, Private, Some-college, Never-married, Other-service, Own-child, White, Female, United-States, <=50K
23.16079,252872.92,7.7425833,648.51227,29.722277,42.10904, Private, HS-grad, Never-married, Adm-clerical, Other-relative, White, Male, United-States, <=50K
27.428808,141576.55,11.349806,-753.49396,1961.3574,25.603725, Private, Bachelors, Never-married, Machine-op-inspct, Other-relative, White, Male, United-States, <=50K
60.48537,83320.78,8.848713,-1800.9656,40.736446,44.658398, Private, HS-grad, Married-civ-spouse, Exec-managerial, Husband, White, Male, United-States, >50K
38.850525,35259.39,9.185167,-1419.1951,-5.65919,46.423035, Private, HS-grad, Married-civ-spouse, Sales, Wife, White, Female, United-States, >50K
24.979687,118402.05,13.249896,-485.9986,16.51084,38.69616, Private, Bachelors, Never-married, Prof-specialty, Not-in-family, White, Male, United-States, <=50K
42.597576,256773.83,15.142878,-577.1429,16.898298,51.53934, Private, Bachelors, Married-civ-spouse, Adm-clerical, Husband, White, Male, United-States, >50K
32.941048,255532.03,12.464099,-498.0771,11.832692,42.18822, ?, Bachelors, Married-civ-spouse, ?, Wife, White, Female, United-States, <=50K
51.77311,264757.66,8.996858,-57.879826,9.043912,30.548342, Private, HS-grad, Married-civ-spouse, Protective-serv, Husband, White, Male, United-States, <=50K
26.147776,97688.63,9.0525255,37.236507,0.65541565,19.9463, Private, HS-grad, Never-married, Prof-specialty, Unmarried, White, Female, United-States, <=50K
21.882122,137750.27,7.222128,39.75427,-14.533229,20.678328, Private, Some-college, Never-married, Handlers-cleaners, Own-child, White, Female, United-States, <=50K
49.183468,153691.7,8.14019,252.58496,-22.39361,39.385475, Private, Some-college, Never-married, Sales, Unmarried, White, Male, United-States, <=50K
29.173725,150488.73,9.069796,261.98285,10.1237,42.996666, Private, HS-grad, Never-married, Machine-op-inspct, Unmarried, White, Female, United-States, <=50K
45.265224,403320.78,13.558147,2280.074,-31.068087,42.503902, Private, Bachelors, Divorced, Prof-specialty, Not-in-family, White, Female, United-States, >50K
30.293459,362103.97,9.658572,-355.20294,-12.576068,43.745686, Private, Some-college, Married-civ-spouse, Sales, Husband, White, Male, United-States, <=50K
52.06369,146603.97,8.988133,-930.3112,4.4622087,31.73259, Private, HS-grad, Widowed, Other-service, Not-in-family, White, Female, United-States, >50K
32.510338,202096.06,9.538292,-845.8698,-5.4594145,46.115253, Private, Some-college, Married-civ-spouse, Adm-clerical, Husband, White, Male, United-States, >50K
33.27355,111128.266,9.899224,-736.72076,14.759381,44.03594, Private, Some-college, Married-civ-spouse, Sales, Husband, White, Male, United-States, <=50K
46.43505,113749.77,13.938481,-335.27863,14.836843,54.211475, Private, Bachelors, Married-civ-spouse, Sales, Husband, White, Male, United-States, <=50K
28.404295,137194.25,12.0243435,-855.9289,-10.00043,47.95877, Private, Bachelors, Married-civ-spouse, Exec-managerial, Wife, White, Female, United-States, <=50K
51.90613,77149.96,9.054441,-907.6302,-4.531352,52.297325, Private, HS-grad, Married-civ-spouse, Protective-serv, Husband, White, Male, United-States, >50K
27.212538,256097.97,8.847794,-156.52667,26.0324,54.39806, Private, HS-grad, Never-married, Exec-managerial, Not-in-family, White, Male, United-States, <=50K
49.546776,139183.64,9.546787,-789.8343,-23.441324,44.03143, Private, Some-college, Married-civ-spouse, Transport-moving, Husband, White, Male, United-States, <=50K
29.736393,189661.06,10.991863,1643.5542,-3.526843,22.589334, Private, Assoc-acdm, Married-civ-spouse, Tech-support, Wife, White, Female, United-States, <=50K
31.662535,122372.43,12.222783,-348.94232,-9.543628,38.782757, Private, Assoc-acdm, Never-married, Adm-clerical, Not-in-family, White, Male, United-States, <=50K
27.58345,227744.9,9.631882,-909.3471,-42.214077,55.35216, Private, Some-college, Married-civ-spouse, Sales, Other-relative, White, Female, United-States, >50K
52.063908,101941.99,8.710074,96.64501,-21.800013,37.800434, Private, HS-grad, Separated, Adm-clerical, Other-relative, White, Female, United-States, <=50K
41.510563,8453.532,14.638929,16.675228,6.8749514,45.920013, Private, Bachelors, Never-married, Prof-specialty, Not-in-family, White, Male, United-States, <=50K
29.224434,190573.0,8.881227,-544.3974,-8.550593,40.312737, Private, HS-grad, Never-married, Sales, Not-in-family, White, Male, United-States, <=50K
38.732414,166072.52,11.0196295,3413.3481,130.10713,33.133114, Private, Assoc-voc, Married-civ-spouse, Prof-specialty, Husband, White, Male, United-States, >50K
61.00448,183778.33,8.366553,754.302,1465.5303,69.22608, Private, HS-grad, Married-civ-spouse, Exec-managerial, Husband, White, Male, United-States, >50K
36.64578,246044.88,8.905872,-362.05573,-10.321704,42.199177, Private, HS-grad, Married-civ-spouse, Craft-repair, Husband, White, Male, United-States, <=50K
26.90878,260161.02,14.053936,-423.71063,6.1203127,32.492126, Private, Bachelors, Never-married, Other-service, Own-child, White, Female, United-States, <=50K
37.793476,239462.67,12.553956,3035.8186,33.1741,43.54857, Private, Bachelors, Married-civ-spouse, Exec-managerial, Husband, White, Male, United-States, >50K
25.650135,187297.8,9.746821,307.13727,49.41874,65.78161, Private, Some-college, Married-civ-spouse, Other-service, Husband, White, Male, United-States, <=50K
26.752968,379209.28,9.29778,-493.8144,1.124242,33.4676, Private, HS-grad, Separated, Machine-op-inspct, Unmarried, White, Female, United-States, <=50K
55.090107,236264.3,8.150311,-1116.8057,5.422223,59.21973, Private, HS-grad, Married-civ-spouse, Other-service, Husband, White, Male, United-States, >50K
58.313213,172222.34,10.751939,-275.9583,-31.643358,52.624405, Private, Assoc-acdm, Married-civ-spouse, Sales, Husband, White, Male, United-States, <=50K
43.2461,126536.97,5.512365,-222.48602,11.37663,42.2351, Private, HS-grad, Married-civ-spouse, Other-service, Husband, White, Male, United-States, <=50K
62.57583,60149.664,8.753452,-850.7817,16.569822,32.613564, Private, HS-grad, Married-civ-spouse, Sales, Wife, White, Female, United-States, <=50K
23.088371,441383.62,9.223589,-57.273746,21.271933,36.8951, Private, HS-grad, Never-married, Prof-specialty, Unmarried, White, Female, United-States, <=50K
39.097164,130118.06,11.68581,50.58978,-2.8905592,40.375267, Private, Assoc-acdm, Married-civ-spouse, Handlers-cleaners, Husband, White, Male, United-States, <=50K
40.311886,158498.34,8.926558,193.77759,2.174985,38.809326, Private, HS-grad, Never-married, Machine-op-inspct, Not-in-family, White, Female, United-States, <=50K
19.867924,267848.8,9.684744,-700.80914,-22.31421,31.437204, Private, Some-college, Divorced, Adm-clerical, Own-child, White, Female, United-States, <=50K
51.980247,22870.531,9.83711,2185.5046,4.806546,44.56904, Private, Assoc-voc, Married-civ-spouse, Exec-managerial, Husband, White, Male, United-States, <=50K
50.520348,248431.73,8.683257,-333.3792,16.322271,36.527935, Private, HS-grad, Married-civ-spouse, Craft-repair, Husband, White, Male, United-States, <=50K
41.878944,217626.94,5.5519137,162.91766,-17.511637,24.517, ?, Some-college, Widowed, ?, Not-in-family, White, Female, United-States, <=50K
25.584164,252028.83,9.682453,807.6372,22.484,35.448254, Private, Some-college, Separated, Exec-managerial, Own-child, White, Female, United-States, <=50K
40.95809,50459.17,13.039166,-862.3923,9.497472,39.320953, Private, Bachelors, Married-civ-spouse, Exec-managerial, Husband, White, Male, United-States, <=50K
41.464462,145887.22,7.688523,-184.70184,-43.550137,32.500904, Private, HS-grad, Divorced, Adm-clerical, Other-relative, White, Female, United-States, <=50K
45.22562,207538.2,4.274282,-59.05097,-19.15037,22.389877, Private, HS-grad, Divorced, Adm-clerical, Unmarried, White, Female, United-States, <=50K
31.77239,98197.586,8.560549,-703.44244,21.694334,43.019928, Private, HS-grad, Married-civ-spouse, Machine-op-inspct, Husband, White, Male, United-States, <=50K
27.769644,277549.25,12.154935,-777.09406,-6.103671,34.70718, Private, Assoc-acdm, Never-married, Prof-specialty, Not-in-family, White, Male, United-States, <=50K
21.135994,98791.195,9.333416,631.9516,1509.2224,17.897867, Private, HS-grad, Never-married, Prof-specialty, Not-in-family, White, Female, United-States, <=50K
33.3275,75719.805,8.598339,-780.0201,-4.3200407,60.32572, Private, HS-grad, Married-civ-spouse, Sales, Husband, White, Male, United-States, <=50K
62.037937,68817.59,8.792091,6829.914,7.729863,41.459415, Private, HS-grad, Married-civ-spouse, Adm-clerical, Husband, White, Male, United-States, >50K
29.08994,126394.28,12.038748,-639.5849,55.281563,30.250187, Private, Bachelors, Married-civ-spouse, Adm-clerical, Wife, White, Female, United-States, <=50K
38.777042,279303.4,8.9072,-452.51935,-35.003918,37.510086, Private, HS-grad, Married-civ-spouse, Adm-clerical, Husband, White, Male, United-States, <=50K
16.479574,179976.53,9.715723,-1191.9502,-41.565228,45.565277, Private, Some-college, Never-married, Sales, Own-child, White, Male, United-States, <=50K
30.823656,67480.52,12.259996,-48.220768,-8.850108,38.036255, Private, Bachelors, Married-civ-spouse, Sales, Own-child, White, Female, United-States, <=50K
55.847023,99680.07,8.839026,323.99152,-10.234111,34.89864, Private, HS-grad, Never-married, Craft-repair, Not-in-family, White, Female, United-States, <=50K
35.522636,314704.25,15.249338,-549.3431,20.332785,51.00967, Private, Bachelors, Married-civ-spouse, Prof-specialty, Husband, White, Male, United-States, >50K
33.842476,195136.45,12.96787,-934.66766,31.80395,36.286674, Private, Bachelors, Married-civ-spouse, Adm-clerical, Husband, White, Male, United-States, >50K
41.268353,71565.234,9.228653,471.47247,-24.30636,46.801502, Private, HS-grad, Never-married, Craft-repair, Not-in-family, White, Female, United-States, <=50K
40.466763,117924.63,9.854982,-716.99457,24.660559,41.422016, Private, Some-college, Married-civ-spouse, Adm-clerical, Husband, White, Male, United-States, <=50K
20.976578,179465.73,8.638278,1038.4277,11.888112,42.36748, Private, HS-grad, Divorced, Prof-specialty, Not-in-family, White, Female, United-States, <=50K
64.81895,259254.58,5.201803,-1563.9976,26.441751,33.780796, ?, HS-grad, Married-civ-spouse, ?, Husband, White, Male, United-States, >50K
45.980244,3809.8757,9.841302,-1273.8267,996.8403,46.598976, Private, Some-college, Married-civ-spouse, Machine-op-inspct, Husband, White, Male, United-States, <=50K
57.296734,163373.55,11.813173,-530.0589,7.46507,28.415392, Private, Bachelors, Divorced, Exec-managerial, Not-in-family, White, Male, United-States, <=50K
60.59456,238737.64,10.722458,-178.84357,577.33575,27.988298, Private, Assoc-voc, Separated, Adm-clerical, Own-child, White, Female, United-States, <=50K
50.01792,54124.766,11.890817,-218.49152,-37.61179,48.56821, Private, Bachelors, Divorced, Prof-specialty, Unmarried, White, Female, United-States, <=50K
34.842606,125733.48,8.975529,-502.643,4.139287,19.273832, Private, HS-grad, Never-married, Other-service, Not-in-family, White, Male, United-States, <=50K
40.28615,187139.23,13.089303,-414.89484,2.192319,50.251713, Private, Bachelors, Never-married, Prof-specialty, Not-in-family, White, Female, United-States, <=50K
54.176624,306576.28,8.186593,132.6388,1.4968997,35.806652, Private, Some-college, Married-civ-spouse, Prof-specialty, Husband, White, Male, United-States, <=50K
23.994114,165181.34,10.067737,178.63037,1.3741275,47.01591, Private, Some-college, Divorced, Craft-repair, Not-in-family, White, Male, United-States, <=50K
40.788765,44918.703,12.727919,823.43976,23.28279,45.544407, Private, Bachelors, Married-civ-spouse, Prof-specialty, Husband, White, Male, United-States, >50K
59.338886,84654.58,13.420668,6847.737,44.463467,38.405552, Private, Bachelors, Married-civ-spouse, Prof-specialty, Husband, White, Male, United-States, >50K
40.528652,49956.5,11.600795,-125.215034,58.66044,32.88899, ?, Bachelors, Married-civ-spouse, ?, Wife, White, Female, United-States, >50K
38.479782,113133.52,6.8018126,-151.29144,-43.708508,40.00031, Private, Some-college, Never-married, Prof-specialty, Unmarried, White, Female, United-States, <=50K
57.274963,220561.6,8.710882,-453.331,26.811197,39.359436, Private, HS-grad, Widowed, Machine-op-inspct, Unmarried, White, Female, United-States, <=50K
49.34144,83570.71,9.059429,989.0247,-11.056682,35.27973, ?, HS-grad, Married-civ-spouse, ?, Wife, White, Female, United-States, <=50K
57.040573,176403.77,6.420091,-998.60077,1.0450717,63.712425, Private, Some-college, Married-civ-spouse, Transport-moving, Husband, White, Male, United-States, <=50K
39.87996,146206.23,9.753334,-1218.6033,23.82662,42.31324, Private, Some-college, Married-civ-spouse, Craft-repair, Husband, White, Male, United-States, <=50K
60.860474,64603.6,8.977765,1091.2332,30.143366,48.115185, Private, HS-grad, Married-civ-spouse, Other-service, Husband, White, Male, United-States, <=50K
23.632545,117035.86,8.796866,-104.178535,20.800734,40.860554, Private, HS-grad, Never-married, Sales, Own-child, White, Female, United-States, <=50K
27.28589,163417.47,8.647603,-899.74445,-37.64671,28.339516, Private, HS-grad, Separated, Transport-moving, Unmarried, White, Female, United-States, <=50K
51.93897,152679.06,9.587204,-106.92597,-6.3810377,41.658627, Private, Some-college, Divorced, Exec-managerial, Unmarried, White, Female, United-States, <=50K
24.359848,218003.03,9.348308,-377.11224,4.2552004,26.622128, ?, HS-grad, Never-married, ?, Not-in-family, White, Male, United-States, <=50K
46.755234,116620.47,9.327037,242.12769,-10.635341,37.356094, Private, Some-college, Widowed, Craft-repair, Unmarried, White, Female, United-States, <=50K
29.34198,232803.75,9.521809,8.17767,-46.979076,40.76896, Private, Some-college, Married-civ-spouse, Exec-managerial, Other-relative, White, Female, United-States, <=50K
29.368177,231531.8,9.951782,-50.232,-4.9698896,30.040796, Private, Some-college, Married-civ-spouse, Adm-clerical, Husband, White, Male, United-States, <=50K
43.628616,116760.586,13.542487,-1105.2136,10.986951,45.240166, Private, Bachelors, Married-civ-spouse, Exec-managerial, Wife, White, Female, United-States, >50K
34.37351,183128.3,8.95809,1264.9138,-5.4828825,8.760729, Private, HS-grad, Divorced, Other-service, Unmarried, White, Female, United-States, <=50K
56.533737,114049.484,8.817194,-484.34552,-0.1943921,21.65316, Private, HS-grad, Married-civ-spouse, Adm-clerical, Husband, White, Male, United-States, <=50K
54.254593,86952.14,8.581983,3175.4705,18.029615,34.120403, Private, HS-grad, Married-civ-spouse, Sales, Husband, White, Male, United-States, <=50K
35.38056,340707.7,9.174885,-845.21246,14.917096,46.50043, Private, HS-grad, Married-civ-spouse, Craft-repair, Husband, White, Male, United-States, >50K
29.656137,68351.336,6.068363,42.294308,-30.354776,3.1726282, Private, Some-college, Never-married, Adm-clerical, Unmarried, White, Female, United-States, <=50K
47.603256,162625.0,9.740029,-162.77374,-21.30955,28.608414, Private, Some-college, Never-married, Exec-managerial, Not-in-family, White, Female, United-States, <=50K
21.081347,115815.99,8.285707,-1030.2759,25.612467,37.00547, Private, Some-college, Married-civ-spouse, Craft-repair, Wife, White, Female, United-States, <=50K
46.55201,95377.0,10.048496,-1428.2732,0.9188434,72.79964, Private, Assoc-voc, Married-civ-spouse, Sales, Husband, White, Male, United-States, >50K
39.154205,198560.08,9.894686,263.49725,-5.110942,42.779488, Private, Some-college, Divorced, Exec-managerial, Not-in-family, White, Male, United-States, <=50K
53.54582,144897.72,12.19575,-2231.1868,1679.4396,38.746124, Private, Bachelors, Divorced, Adm-clerical, Not-in-family, White, Female, United-States, <=50K
63.156677,96865.56,12.239282,-624.99835,1.6588947,41.66415, Private, Bachelors, Divorced, Exec-managerial, Not-in-family, White, Female, United-States, >50K
54.80892,172653.73,8.810514,370.12848,0.9656879,38.12414, Private, HS-grad, Divorced, Other-service, Not-in-family, White, Male, United-States, <=50K
33.677525,198942.64,8.948918,5647.4575,33.60025,66.131355, Private, HS-grad, Married-civ-spouse, Machine-op-inspct, Husband, White, Male, United-States, <=50K
29.413927,193935.53,6.396175,121.17315,33.25566,27.64167, ?, Some-college, Married-civ-spouse, Craft-repair, Husband, White, Male, United-States, <=50K
39.385296,306047.1,8.827142,542.3154,19.309881,49.312695, Private, HS-grad, Never-married, Machine-op-inspct, Not-in-family, White, Male, United-States, <=50K
33.6013,132501.83,12.118757,-504.22552,-22.564264,41.672703, ?, Bachelors, Never-married, Prof-specialty, Not-in-family, White, Female, United-States, <=50K
47.74262,370048.28,11.209226,-367.70746,-19.69134,34.601505, Private, Some-college, Divorced, Adm-clerical, Not-in-family, White, Female, United-States, <=50K
27.444427,36045.5,8.872729,-1116.6389,1693.548,33.115555, Private, HS-grad, Separated, Exec-managerial, Unmarried, White, Female, United-States, <=50K
22.462444,71353.234,8.944182,-282.35516,-16.928682,29.535109, Private, HS-grad, Separated, Other-service, Not-in-family, White, Female, United-States, <=50K
38.71998,163428.55,9.303747,1444.575,-18.065569,43.02519, Private, HS-grad, Never-married, Sales, Not-in-family, White, Male, United-States, <=50K
46.61284,330493.4,3.9724088,-509.97052,9.233167,40.445484, Private, Some-college, Married-civ-spouse, Handlers-cleaners, Husband, White, Male, United-States, <=50K
62.517094,129297.71,8.75967,-153.44537,0.6824161,40.57678, Private, HS-grad, Married-civ-spouse, Sales, Husband, White, Male, United-States, <=50K
44.519855,63341.11,10.934546,-1649.1033,4.323682,51.838017, Private, Assoc-voc, Never-married, ?, Not-in-family, White, Male, United-States, >50K
55.347313,95026.13,12.462562,-302.50226,16.121954,45.08586, Private, Assoc-acdm, Married-civ-spouse, Exec-managerial, Husband, White, Male, United-States, <=50K
33.537876,110236.55,12.163014,-199.51044,30.007746,47.78486, Private, Bachelors, Married-civ-spouse, Other-service, Husband, White, Male, United-States, <=50K
46.15739,140235.72,10.298483,330.45184,-21.127184,36.60509, Private, Some-college, Never-married, Machine-op-inspct, Not-in-family, White, Female, United-States, <=50K
25.715382,163491.03,6.99929,-211.13531,24.300806,44.06298, Private, HS-grad, Never-married, Other-service, Unmarried, White, Male, United-States, <=50K
56.54689,122606.695,9.552589,-1315.8838,17.617262,35.567913, Private, HS-grad, Divorced, Craft-repair, Unmarried, White, Female, United-States, <=50K
45.459076,120638.875,13.095834,-672.7596,10.845456,49.2418, Private, Bachelors, Married-civ-spouse, Prof-specialty, Husband, White, Male, United-States, >50K
37.85006,260766.45,13.64802,4010.568,65.03223,48.59691, Private, Bachelors, Widowed, Adm-clerical, Not-in-family, White, Female, United-States, <=50K
25.919703,206923.58,11.620256,-1.4144938,-27.833796,43.005207, Private, Assoc-acdm, Married-civ-spouse, Tech-support, Other-relative, White, Male, United-States, >50K
37.074093,196597.39,12.560117,-1067.4963,25.731138,50.352074, Private, Bachelors, Married-civ-spouse, Exec-managerial, Wife, White, Female, United-States, >50K
65.814606,161183.88,10.592914,-137.74542,17.384573,35.314655, Private, Some-college, Married-civ-spouse, Exec-managerial, Husband, White, Male, United-States, <=50K
43.58049,174334.19,6.7759385,4059.3147,-2.4205122,58.754967, Private, Some-college, Married-civ-spouse, Sales, Husband, White, Male, United-States, >50K
38.000435,126277.39,9.783107,-783.0063,5.687482,39.93493, Private, Some-college, Married-civ-spouse, Adm-clerical, Wife, White, Female, United-States, <=50K
18.93839,177139.0,9.020464,-545.2255,-57.772243,31.698595, Private, HS-grad, Never-married, Sales, Unmarried, White, Female, United-States, <=50K
45.437107,314302.8,12.653126,-174.51385,-26.366213,40.730846, Private, Bachelors, Widowed, Adm-clerical, Unmarried, White, Female, United-States, <=50K
42.49571,110846.06,8.870994,-790.5184,1807.3516,37.147858, Private, HS-grad, Divorced, Exec-managerial, Not-in-family, White, Female, United-States, <=50K
41.485794,77832.55,8.68048,2948.3557,1328.0795,51.06457, Private, HS-grad, Married-civ-spouse, Tech-support, Husband, White, Male, United-States, <=50K
23.327675,288101.28,10.064833,-99.580025,-20.491419,32.811527, Private, Some-college, Never-married, Other-service, Own-child, White, Female, United-States, <=50K
37.0547,42600.89,12.3091345,-226.96881,13.726399,21.036812, Private, Bachelors, Married-civ-spouse, Sales, Husband, White, Male, United-States, <=50K
52.037457,62887.484,9.006166,41.52618,-3.4412336,45.53669, Private, HS-grad, Separated, Machine-op-inspct, Not-in-family, White, Male, United-States, <=50K
37.64783,107319.26,9.655428,6593.377,34.48411,73.6784, Private, Some-college, Married-civ-spouse, Protective-serv, Husband, White, Male, United-States, >50K
44.459423,332125.3,9.407024,-444.59613,23.47674,29.664564, Private, HS-grad, Married-civ-spouse, Handlers-cleaners, Husband, White, Male, United-States, <=50K
43.78975,284008.66,12.52512,670.0051,-21.10489,47.074066, Private, Bachelors, Separated, Adm-clerical, Husband, White, Male, United-States, >50K
53.52387,91571.7,13.98051,-1681.9348,-25.20753,37.711693, Private, Bachelors, Divorced, Prof-specialty, Not-in-family, White, Female, United-States, >50K
44.396202,108866.1,9.459885,-69.204414,-10.895778,44.06044, Private, Some-college, Widowed, Adm-clerical, Not-in-family, White, Female, United-States, <=50K
36.95701,275718.34,9.025811,-1036.0,5.634145,48.222237, Private, HS-grad, Married-civ-spouse, Exec-managerial, Husband, White, Male, United-States, >50K
23.76548,27974.938,9.850967,-261.39484,-6.6539564,42.229206, Private, Some-college, Never-married, Craft-repair, Not-in-family, White, Female, United-States, <=50K
22.431875,438208.25,9.0720005,1451.2087,-4.220195,42.86875, Private, HS-grad, Never-married, Adm-clerical, Not-in-family, White, Male, United-States, <=50K
41.596516,155868.52,9.368235,-973.97906,-49.681896,38.088627, Private, Some-college, Separated, Sales, Own-child, White, Male, United-States, <=50K
40.796352,117969.6,8.877939,3139.9973,-4.447734,46.744457, Private, HS-grad, Married-civ-spouse, Craft-repair, Husband, White, Male, United-States, >50K
26.983421,206839.0,11.526941,251.16394,-7.4243345,34.759617, Private, Assoc-voc, Never-married, Tech-support, Not-in-family, White, Female, United-States, <=50K
29.728853,243768.77,8.748941,-560.7559,-10.292712,45.60859, Private, Some-college, Never-married, Other-service, Not-in-family, White, Male, United-States, <=50K
28.582066,666095.56,13.422858,-88.0091,6.23779,33.226536, Private, Bachelors, Never-married, Prof-specialty, Not-in-family, White, Male, United-States, <=50K
36.702454,66756.18,9.206473,2984.5413,-9.46136,82.03353, Private, Some-college, Married-civ-spouse, Transport-moving, Husband, White, Male, United-States, >50K
64.35811,196124.27,8.046758,-160.68646,-12.59788,38.64038, Private, HS-grad, Divorced, Other-service, Not-in-family, White, Female, United-States, <=50K
29.002718,80004.68,13.642045,-238.29034,-10.214824,43.98318, Private, Bachelors, Never-married, Prof-specialty, Own-child, White, Female, United-States, <=50K
36.87076,249696.31,9.849038,985.5037,18.142874,41.24087, Private, Some-college, Never-married, Sales, Not-in-family, White, Male, United-States, <=50K
38.38899,211686.75,9.707503,-899.10895,7.494359,58.70199, Private, Some-college, Married-civ-spouse, Adm-clerical, Husband, White, Male, United-States, <=50K
26.708775,266043.47,9.226628,156.33527,418.09625,25.7053, Private, Some-college, Separated, Sales, Own-child, White, Male, United-States, <=50K
18.82783,22435.844,5.5378895,-72.536934,3.1046038,16.93771, Private, HS-grad, Never-married, Craft-repair, Own-child, White, Female, United-States, <=50K
44.311775,193023.88,13.423088,975.1614,0.81407654,42.235317, Private, Bachelors, Married-civ-spouse, Prof-specialty, Husband, White, Male, United-States, >50K
28.675234,116615.42,6.998223,1225.9757,2058.53,16.695585, Private, HS-grad, Never-married, Handlers-cleaners, Not-in-family, White, Male, United-States, <=50K
36.98005,89445.625,9.084377,-1095.6145,38.11502,52.92309, Private, HS-grad, Married-civ-spouse, Craft-repair, Husband, White, Male, United-States, >50K
64.260605,275400.53,9.67851,1742.2408,-8.540591,46.558506, Private, Some-college, Married-civ-spouse, Exec-managerial, Wife, White, Female, United-States, >50K
31.401047,69359.03,4.647832,-1351.648,-9.587108,52.50295, Private, Some-college, Divorced, Protective-serv, Unmarried, White, Male, United-States, <=50K
67.826805,101129.79,8.993725,7301.6245,15.653356,41.59266, Private, HS-grad, Married-civ-spouse, Protective-serv, Husband, White, Male, United-States, <=50K
43.548405,144140.81,9.60862,-350.63336,6.82108,42.470425, Private, Some-college, Married-civ-spouse, Exec-managerial, Husband, White, Male, United-States, >50K
23.407045,387899.4,9.6988535,183.25336,-21.015314,11.052788, Private, Some-college, Married-civ-spouse, Sales, Husband, White, Male, United-States, <=50K
36.122383,245656.36,12.001287,537.07,4.7632723,27.579187, Private, Assoc-acdm, Married-civ-spouse, Prof-specialty, Own-child, White, Female, United-States, <=50K
39.872303,288611.34,10.192526,-171.31268,-8.089229,39.816326, Private, Some-college, Married-spouse-absent, Adm-clerical, Not-in-family, White, Male, United-States, <=50K
54.981827,55265.875,14.391531,1877.2014,8.919774,41.168053, Private, Bachelors, Never-married, Farming-fishing, Not-in-family, White, Female, United-States, <=50K
21.633179,143323.08,10.284228,-52.559147,-8.684978,37.74127, Private, Some-college, Never-married, Adm-clerical, Own-child, White, Male, United-States, <=50K
31.72867,143974.98,11.287759,-1551.3455,9.3070345,35.31886, Private, Bachelors, Divorced, Exec-managerial, Unmarried, White, Female, United-States, <=50K
26.101114,301552.72,8.797637,-741.9318,-0.043261424,38.496025, Private, HS-grad, Married-civ-spouse, Handlers-cleaners, Not-in-family, White, Male, United-States, <=50K
33.03103,224589.23,12.003035,-777.74835,35.53911,22.45376, ?, Bachelors, Never-married, ?, Not-in-family, White, Male, United-States, <=50K
25.55012,383530.72,13.10578,-305.59894,16.615606,43.65537, Private, Bachelors, Married-civ-spouse, Exec-managerial, Husband, White, Male, United-States, <=50K
41.16919,163132.6,6.4829817,-638.92413,-15.295558,20.714464, Private, Some-college, Divorced, Exec-managerial, Unmarried, White, Female, United-States, <=50K
50.73257,244945.86,9.486089,-765.0374,-12.261287,53.442062, Private, HS-grad, Married-civ-spouse, Prof-specialty, Husband, White, Male, United-States, >50K
52.927563,198018.25,6.2551274,-333.11285,-6.0473814,39.689816, Private, Some-college, Divorced, Exec-managerial, Unmarried, White, Female, United-States, <=50K
23.146212,93629.75,9.144873,2982.5994,-35.9455,37.949757, Private, HS-grad, Never-married, Sales, Own-child, White, Male, United-States, <=50K
38.21846,65726.66,9.397469,7470.5835,1735.6674,74.121735, Private, Some-college, Married-civ-spouse, Transport-moving, Husband, White, Male, United-States, >50K
18.644257,515485.22,8.288283,-64.74506,-32.496418,37.886208, Private, HS-grad, Married-civ-spouse, Adm-clerical, Own-child, White, Female, United-States, <=50K
54.7675,231984.75,10.856952,-816.2957,1733.3247,46.74422, Private, Assoc-voc, Divorced, Tech-support, Other-relative, White, Male, United-States, <=50K
24.90372,73989.26,9.662983,-1.4412272,-3.878787,33.84437, Private, Some-college, Never-married, Transport-moving, Not-in-family, White, Male, United-States, <=50K
13.776298,86455.42,7.3659935,127.1737,118.11461,11.084658, Private, HS-grad, Never-married, Craft-repair, Own-child, White, Male, United-States, <=50K
47.817696,91651.31,12.624545,83997.28,-23.563417,50.342857, Private, Bachelors, Married-civ-spouse, Prof-specialty, Wife, White, Female, United-States, >50K
23.956848,202372.12,8.966204,-71.463326,-15.860644,83.85663, Private, HS-grad, Never-married, Handlers-cleaners, Not-in-family, White, Male, United-States, <=50K
19.09538,119640.39,9.118816,782.06226,17.611685,34.269817, Private, HS-grad, Never-married, Exec-managerial, Not-in-family, White, Female, United-States, <=50K
33.542988,50223.312,12.961184,-12.28986,16.276403,47.63122, Private, Bachelors, Married-civ-spouse, Other-service, Husband, White, Male, United-States, >50K
27.741478,301522.8,11.682034,1297.8608,-27.680407,16.774088, Private, Assoc-acdm, Never-married, Other-service, Own-child, White, Male, United-States, <=50K
51.552444,133584.22,13.056844,-620.77985,18.966574,41.610508, Private, Bachelors, Married-civ-spouse, Prof-specialty, Wife, White, Female, United-States, >50K
22.117657,277353.44,8.721426,4137.948,-40.297146,43.18206, Private, HS-grad, Never-married, Adm-clerical, Own-child, White, Male, United-States, <=50K
51.11006,158502.27,12.741264,68655.71,38.793728,46.011166, Private, Bachelors, Married-civ-spouse, Exec-managerial, Husband, White, Male, United-States, >50K
53.482067,131612.78,6.2512817,-37.344547,-25.844957,42.11552, Private, Some-college, Never-married, Sales, Not-in-family, White, Female, United-States, <=50K
33.128918,149254.92,8.908704,105.21233,21.1547,47.416046, Private, HS-grad, Divorced, Machine-op-inspct, Unmarried, White, Female, United-States, <=50K
17.98024,200956.9,9.737589,-589.32684,-6.457988,37.066288, Private, Some-college, Never-married, Adm-clerical, Own-child, White, Male, United-States, <=50K
44.927464,135678.39,8.265225,69.282524,-8.860301,86.63545, Private, HS-grad, Married-civ-spouse, Farming-fishing, Not-in-family, White, Male, United-States, <=50K
21.567272,175399.06,10.075548,-489.04315,-14.491298,37.802174, Private, Some-college, Married-spouse-absent, Tech-support, Husband, White, Male, United-States, <=50K
19.1333,88416.59,8.711617,-352.5611,6.3710833,8.433428, Private, HS-grad, Never-married, Prof-specialty, Own-child, White, Male, United-States, <=50K
26.866539,69681.68,9.194502,-137.97797,-26.196527,29.692755, Private, HS-grad, Never-married, Farming-fishing, Other-relative, White, Male, United-States, <=50K
29.189953,79896.234,12.349775,-1090.3525,27.217093,58.59485, Private, Bachelors, Never-married, Protective-serv, Not-in-family, White, Male, United-States, <=50K
54.674454,279807.2,11.268916,172.49756,-7.8062162,39.446316, Private, Assoc-acdm, Never-married, Other-service, Not-in-family, White, Male, United-States, <=50K
32.091877,146337.05,4.4975467,4.7001305,-7.3332624,40.252743, Private, Some-college, Never-married, Adm-clerical, Unmarried, White, Female, United-States, <=50K
39.45867,174342.02,6.704537,-1547.3701,4.918912,73.447624, Private, HS-grad, Married-civ-spouse, Machine-op-inspct, Husband, White, Male, United-States, <=50K
41.872646,130431.46,14.558891,817.7804,39.40508,68.82485, Private, Bachelors, Divorced, Exec-managerial, Not-in-family, White, Male, United-States, >50K
26.589571,279473.94,12.916601,-547.168,15.53172,31.996643, Private, Bachelors, Never-married, Farming-fishing, Unmarried, White, Female, United-States, <=50K
41.15494,441785.97,11.4044075,661.47504,29.394156,31.086678, Private, Some-college, Married-civ-spouse, Adm-clerical, Husband, White, Male, United-States, <=50K
36.296364,326589.66,14.13444,-921.4506,23.10214,42.967888, Private, Bachelors, Married-civ-spouse, Prof-specialty, Husband, White, Male, United-States, <=50K
49.967113,160610.11,9.90804,-311.36346,-9.809802,39.927612, Private, Assoc-voc, Never-married, Prof-specialty, Not-in-family, White, Female, United-States, <=50K
19.203264,52535.312,8.88716,4698.8643,9.050275,10.158031, Private, HS-grad, Never-married, Craft-repair, Own-child, White, Male, United-States, <=50K
28.360523,259074.12,8.83862,-341.03082,28.341845,38.5216, Private, HS-grad, Never-married, Craft-repair, Not-in-family, White, Male, United-States, <=50K
49.254814,81156.88,9.00729,-1218.7405,-3.529376,42.512688, Private, HS-grad, Married-civ-spouse, Adm-clerical, Wife, White, Female, United-States, >50K
35.72346,141614.89,8.962478,-368.03754,-8.990718,41.648468, Private, HS-grad, Never-married, Adm-clerical, Not-in-family, White, Female, United-States, <=50K
40.44268,207059.48,13.60908,697.30804,-0.84250915,34.738605, Private, Bachelors, Never-married, Prof-specialty, Not-in-family, White, Female, United-States, <=50K
61.039177,247408.48,9.742287,-56.530704,-36.920506,29.422455, ?, Some-college, Separated, ?, Other-relative, White, Male, United-States, <=50K
63.606518,244002.39,10.511342,-401.0058,41.30535,33.33046, Private, HS-grad, Widowed, Machine-op-inspct, Not-in-family, White, Male, United-States, <=50K
33.513515,382718.2,3.904571,818.24493,18.73892,50.84669, Private, Some-college, Separated, Other-service, Not-in-family, White, Male, United-States, <=50K
42.35594,70194.734,6.3164477,-847.6423,16.05081,42.399742, Private, HS-grad, Married-civ-spouse, Craft-repair, Husband, White, Male, United-States, <=50K
41.414818,359491.72,9.112306,-652.9382,-6.4999723,39.594334, Private, HS-grad, Married-civ-spouse, Craft-repair, Husband, White, Male, United-States, >50K
51.31384,428010.66,8.824547,-527.60895,30.564924,38.773476, ?, HS-grad, Never-married, ?, Not-in-family, White, Male, United-States, <=50K
39.3761,177173.11,8.9750595,-323.3819,13.185483,19.717907, Private, HS-grad, Never-married, Sales, Other-relative, White, Male, United-States, <=50K
29.729723,149948.62,8.798716,320.00122,18.091818,41.004696, Private, HS-grad, Married-civ-spouse, Craft-repair, Husband, White, Male, United-States, <=50K
25.227583,135971.62,7.0822787,-1647.8,-22.791277,25.437038, Private, HS-grad, Widowed, Craft-repair, Own-child, White, Female, United-States, <=50K
40.44668,136499.9,9.682202,42.45068,-15.200206,46.624798, Private, Some-college, Never-married, Adm-clerical, Not-in-family, White, Female, United-States, <=50K
47.64889,164154.94,8.87371,-168.66962,-1.3039349,44.200615, Private, HS-grad, Married-civ-spouse, Farming-fishing, Husband, White, Female, United-States, >50K
19.4548,139492.89,8.972697,61.904415,15.360646,29.952085, Private, HS-grad, Divorced, Handlers-cleaners, Unmarried, White, Female, United-States, <=50K
49.410744,521235.2,13.613666,584.01874,12.5762,39.762325, Private, Bachelors, Married-civ-spouse, Protective-serv, Husband, White, Male, United-States, >50K
21.058413,80283.586,9.065204,605.6753,17.259611,36.36788, Private, HS-grad, Divorced, Sales, Not-in-family, White, Female, United-States, <=50K
60.800552,277254.97,7.7961254,8406.115,-13.456546,61.61103, Private, HS-grad, Married-civ-spouse, Exec-managerial, Husband, White, Male, United-States, >50K
44.54245,197726.03,8.8694105,713.4989,-22.444689,59.256046, Private, HS-grad, Divorced, Exec-managerial, Not-in-family, White, Female, United-States, <=50K
54.71104,423179.28,8.668737,-565.7651,9.272893,36.30327, Private, HS-grad, Married-civ-spouse, Sales, Husband, White, Male, United-States, <=50K
27.115257,99524.89,11.935882,-230.56305,17.947432,41.561646, Private, Bachelors, Never-married, Exec-managerial, Not-in-family, White, Male, United-States, <=50K
77.04789,244805.23,8.667796,175.67694,-16.726221,37.72343, Private, HS-grad, Married-civ-spouse, ?, Husband, White, Male, United-States, <=50K
36.120636,133234.38,6.653804,1012.7795,-23.715136,40.55625, Private, Some-college, Never-married, Handlers-cleaners, Not-in-family, White, Male, United-States, <=50K
38.826077,189450.73,13.646856,-767.72394,29.718256,43.777386, Private, Bachelors, Married-civ-spouse, Exec-managerial, Wife, White, Female, United-States, >50K
28.484293,287254.06,8.869919,-613.6203,8.370954,39.123817, Private, HS-grad, Married-civ-spouse, Adm-clerical, Wife, White, Female, United-States, <=50K
47.949444,108534.11,12.980452,-273.55878,5.9387255,39.812614, Private, Bachelors, Never-married, Prof-specialty, Own-child, White, Male, United-States, <=50K
18.796267,57464.438,9.622255,-442.11823,15.786092,33.12638, Private, Some-college, Never-married, Craft-repair, Own-child, White, Male, United-States, <=50K
28.889103,68531.516,8.793146,-1057.5798,-17.15816,46.30425, Private, HS-grad, Never-married, Other-service, Own-child, White, Female, United-States, <=50K
31.340065,121337.89,9.150405,-85.986885,14.306676,32.61603, Private, HS-grad, Divorced, Machine-op-inspct, Not-in-family, White, Male, United-States, <=50K
33.677975,390538.62,13.429751,5068.5977,-1.7437161,43.65796, Private, Bachelors, Married-civ-spouse, Sales, Husband, White, Male, United-States, <=50K
28.113771,35651.03,8.417202,-823.5363,22.48728,38.26054, Private, Some-college, Divorced, Other-service, Unmarried, White, Female, United-States, <=50K
22.311178,124472.5,9.6327,-104.91718,1.439397,31.93708, Private, Some-college, Never-married, Other-service, Own-child, White, Male, United-States, <=50K
34.156845,273928.78,12.407117,-1031.6418,-35.970966,39.383, Private, Bachelors, Married-spouse-absent, Sales, Own-child, White, Female, United-States, <=50K
24.02578,276656.44,6.662613,-94.50483,-50.327602,22.03292, Private, Some-college, Never-married, Sales, Not-in-family, White, Female, United-States, <=50K
45.282837,389819.3,9.053415,266.19012,60.752792,12.423494, Private, HS-grad, Married-civ-spouse, Craft-repair, Husband, White, Male, United-States, <=50K
38.89175,77449.31,12.212186,-9.061466,37.16714,62.48116, Private, Bachelors, Married-civ-spouse, Other-service, Husband, White, Male, United-States, <=50K
23.343916,155376.25,8.028109,-1019.36884,25.395498,41.41377, Private, Some-college, Divorced, Craft-repair, Unmarried, White, Male, United-States, <=50K
51.981644,162799.86,8.592747,-271.14203,10.443982,43.025692, Private, HS-grad, Married-civ-spouse, Sales, Husband, White, Male, United-States, >50K
38.81956,272849.75,12.198274,-231.47601,-29.155725,43.966404, Private, Bachelors, Never-married, Adm-clerical, Unmarried, White, Female, United-States, <=50K
39.205643,94087.01,9.182845,-478.627,7.368085,54.299416, Private, HS-grad, Married-civ-spouse, Craft-repair, Husband, White, Male, United-States, >50K
31.492468,49624.547,9.323694,39907.18,29.81338,37.668316, Private, HS-grad, Married-civ-spouse, Exec-managerial, Husband, White, Male, United-States, >50K
48.610737,115235.016,14.982848,686.97235,26.824259,67.419106, Private, Bachelors, Married-civ-spouse, Prof-specialty, Husband, White, Male, United-States, >50K
45.20783,33044.562,7.1074977,985.3881,12.3643465,53.05356, Private, Some-college, Married-civ-spouse, Handlers-cleaners, Husband, White, Male, United-States, <=50K
26.815378,92344.4,13.597165,-374.44794,27.75015,38.594284, Private, Bachelors, Married-civ-spouse, Prof-specialty, Husband, White, Male, United-States, <=50K
66.67651,271755.2,5.409201,-358.64484,-24.321589,39.569496, Private, Some-college, Married-civ-spouse, Sales, Husband, White, Male, United-States, <=50K
44.104477,177692.72,9.890655,255.58087,-2.0686598,34.192112, Private, HS-grad, Never-married, Other-service, Not-in-family, White, Male, United-States, <=50K
30.27606,82814.63,9.549361,57.153316,13.783803,48.026943, ?, Some-college, Never-married, ?, Not-in-family, White, Female, United-States, <=50K
40.220455,226273.03,10.991862,315.83807,-29.299128,50.07825, Private, Assoc-voc, Separated, Other-service, Not-in-family, White, Female, United-States, <=50K
26.845839,169389.2,14.138142,-585.75543,22.685637,19.352055, Private, Bachelors, Never-married, Craft-repair, Other-relative, White, Male, United-States, <=50K
40.321095,294132.28,3.925253,187.85583,-39.703175,41.85446, Private, HS-grad, Married-civ-spouse, Handlers-cleaners, Husband, White, Male, United-States, <=50K
34.8466,160463.17,8.9266615,-1099.1052,5.5954943,45.249996, Private, HS-grad, Married-civ-spouse, Other-service, Not-in-family, White, Male, United-States, <=50K
39.05658,91075.88,11.802091,1699.4,-8.080035,82.22799, Private, Assoc-acdm, Married-civ-spouse, Prof-specialty, Husband, White, Male, United-States, >50K
50.378803,205532.86,8.748303,92.16424,41.996857,31.184069, Private, HS-grad, Married-civ-spouse, Other-service, Husband, White, Male, United-States, >50K
22.390654,192648.97,8.893482,484.53058,-19.673876,39.26468, Private, HS-grad, Never-married, Adm-clerical, Own-child, White, Female, United-States, <=50K
38.31497,164354.3,10.856804,-382.18158,44.230865,39.55722, Private, Some-college, Divorced, Exec-managerial, Not-in-family, White, Male, United-States, >50K
18.882536,332383.56,9.736217,-8.054874,-45.621517,34.645252, Private, Some-college, Never-married, Prof-specialty, Own-child, White, Male, United-States, <=50K
33.429268,238668.77,9.844503,-146.49603,1.9352847,41.482895, Private, Some-college, Never-married, Adm-clerical, Not-in-family, White, Male, United-States, <=50K
19.794876,214461.58,11.250571,-593.4919,-3.359233,41.692497, Private, Assoc-voc, Never-married, Craft-repair, Other-relative, White, Male, United-States, <=50K
57.096264,109855.29,8.842834,-100.88447,-2.8424711,45.88911, Private, HS-grad, Married-civ-spouse, Handlers-cleaners, Husband, White, Male, United-States, <=50K
35.085075,324509.4,9.926301,-860.1619,-38.778843,10.770157, Private, Some-college, Never-married, Sales, Own-child, White, Male, United-States, <=50K
24.664299,306913.53,10.073858,79.78576,11.985173,43.78882, Private, Some-college, Married-civ-spouse, Exec-managerial, Husband, White, Male, United-States, <=50K
37.817585,141758.84,9.00227,-1208.3696,1764.3905,24.450329, Private, HS-grad, Married-civ-spouse, Exec-managerial, Husband, White, Male, United-States, >50K
46.16335,87607.414,8.8574295,3799.2349,26.000746,39.022564, Private, HS-grad, Married-civ-spouse, Handlers-cleaners, Husband, White, Male, United-States, <=50K
46.239082,363489.5,9.910555,295.95026,14.711759,38.4391, Private, Some-college, Married-civ-spouse, Exec-managerial, Husband, White, Male, United-States, <=50K
22.143072,39807.656,9.760157,291.38654,-23.670427,30.053589, ?, Some-college, Never-married, ?, Not-in-family, White, Female, United-States, <=50K
45.607086,60645.195,5.6800046,-438.72833,-16.046267,31.886192, Private, Some-college, Married-civ-spouse, Sales, Husband, White, Male, United-States, <=50K
37.673775,142328.11,12.060508,-427.65826,4.2928057,33.440277, Private, Bachelors, Divorced, Sales, Unmarried, White, Female, United-States, <=50K
26.24275,180112.83,9.759771,694.1447,12.154408,28.010487, Private, Some-college, Married-civ-spouse, Other-service, Husband, White, Male, United-States, <=50K
42.461834,149886.23,12.814525,-112.17414,15.606465,51.822006, Private, Bachelors, Divorced, Exec-managerial, Not-in-family, White, Female, United-States, >50K
37.714233,160030.53,10.75454,212.29431,-3.982295,39.023712, Private, Assoc-voc, Never-married, Craft-repair, Not-in-family, White, Male, United-States, <=50K
35.78847,465788.25,9.899861,-763.74713,21.84767,41.824093, Private, Some-college, Married-civ-spouse, Handlers-cleaners, Husband, White, Male, United-States, >50K
34.966873,157779.05,10.256177,-305.74396,26.950472,27.342186, Private, Some-college, Married-civ-spouse, Other-service, Husband, White, Male, United-States, <=50K
31.370424,138049.97,9.847625,-529.12103,-20.545458,45.63921, Private, Some-college, Married-spouse-absent, Adm-clerical, Own-child, White, Male, United-States, <=50K
45.813488,228073.22,9.577971,-800.6025,9.448842,39.026184, Private, Some-college, Married-civ-spouse, Craft-repair, Wife, White, Female, United-States, <=50K
21.4144,189907.72,12.415498,-789.04034,17.990927,51.71478, Private, Bachelors, Never-married, Prof-specialty, Own-child, White, Male, United-States, <=50K
19.427643,184046.27,8.635863,-173.46588,-3.700572,35.62141, ?, HS-grad, Never-married, ?, Own-child, White, Female, United-States, <=50K
33.15694,292324.12,9.560013,-819.91815,-18.566805,56.24205, Private, Some-college, Married-civ-spouse, Adm-clerical, Husband, White, Male, United-States, >50K
33.94719,136308.53,8.840248,-530.97894,-17.28808,50.08027, Private, HS-grad, Never-married, Sales, Own-child, White, Female, United-States, <=50K
26.543482,130391.6,9.472529,-526.54877,-22.521357,36.85096, Private, Some-college, Never-married, Other-service, Not-in-family, White, Female, United-States, <=50K
75.91399,210189.34,8.923631,-881.23126,31.138239,27.45352, ?, HS-grad, Divorced, ?, Not-in-family, White, Male, United-States, <=50K
30.96278,191193.86,13.301982,-213.72626,21.364988,57.39571, Private, Bachelors, Married-civ-spouse, Craft-repair, Husband, White, Male, United-States, <=50K
50.41133,141993.55,14.128645,-629.21796,17.607092,49.25738, Private, Bachelors, Married-civ-spouse, Prof-specialty, Husband, White, Male, United-States, <=50K
39.56891,109034.18,9.287586,-879.6391,1.267728,46.95453, Private, HS-grad, Divorced, Craft-repair, Not-in-family, White, Male, United-States, <=50K
38.859512,327308.66,11.368757,-338.49677,-30.468416,40.49093, Private, Assoc-voc, Never-married, Exec-managerial, Not-in-family, White, Female, United-States, >50K
69.70938,105459.625,8.916874,528.95197,-64.22596,34.31507, Private, HS-grad, Widowed, Handlers-cleaners, Not-in-family, White, Female, United-States, <=50K
52.078762,104777.016,9.487539,-1036.9346,17.965536,66.999565, Private, HS-grad, Married-civ-spouse, Other-service, Husband, White, Male, United-States, >50K
64.07183,61966.64,14.0080595,-895.16925,14.962949,34.108414, Private, Bachelors, Married-civ-spouse, Prof-specialty, Husband, White, Male, United-States, <=50K
36.957035,165723.83,8.895763,190.70007,-11.002688,46.861618, Private, HS-grad, Never-married, Sales, Unmarried, White, Female, United-States, <=50K
19.655714,343956.66,8.158693,-22.955265,-17.16691,39.677174, Private, Some-college, Never-married, Craft-repair, Own-child, White, Female, United-States, <=50K
56.29359,303621.8,9.056,-786.51276,28.88257,49.313965, Private, HS-grad, Married-civ-spouse, Machine-op-inspct, Husband, White, Male, United-States, >50K
43.908894,304201.3,14.218347,-547.3847,-2.4902067,43.628113, Private, Bachelors, Never-married, Prof-specialty, Not-in-family, White, Male, United-States, <=50K
43.503395,141338.6,8.653767,-594.15265,-3.4929457,40.330505, Private, HS-grad, Married-civ-spouse, Prof-specialty, Husband, White, Male, United-States, <=50K
20.110373,110908.805,11.503748,-599.2021,30.358698,36.82431, Private, Bachelors, Married-civ-spouse, Handlers-cleaners, Wife, White, Female, United-States, <=50K
20.002792,404715.6,7.0997515,-655.3497,12.919538,30.123417, Private, Some-college, Never-married, Other-service, Own-child, White, Male, United-States, <=50K
19.415997,132588.98,11.045026,-408.5268,33.84278,36.387463, Private, Bachelors, Never-married, Craft-repair, Own-child, White, Male, United-States, <=50K
36.775223,240348.64,13.156513,40504.152,48.269913,39.10995, Private, Bachelors, Married-civ-spouse, Exec-managerial, Husband, White, Male, United-States, >50K
52.839333,318187.97,14.960427,12357.416,-3.792407,44.914017, Private, Bachelors, Married-civ-spouse, Prof-specialty, Husband, White, Male, United-States, >50K
51.13389,116722.125,13.079157,-424.72577,45.06024,41.42174, Private, Bachelors, Widowed, Exec-managerial, Not-in-family, White, Female, United-States, <=50K
64.95973,145478.31,10.0335,-1265.1992,12.2716875,43.697124, Private, Some-college, Divorced, Craft-repair, Husband, White, Male, United-States, <=50K
24.799582,74118.24,8.047411,-926.9664,-12.822795,65.55958, Private, HS-grad, Never-married, Other-service, Own-child, White, Male, United-States, <=50K
25.698433,254259.92,8.8994255,74.2116,17.088545,42.602345, Private, HS-grad, Never-married, Machine-op-inspct, Not-in-family, White, Female, United-States, <=50K
46.99707,83669.625,14.033032,168.9939,-0.8859433,41.059147, Private, Bachelors, Married-civ-spouse, Protective-serv, Husband, White, Male, United-States, <=50K
33.527317,167345.97,8.86142,-1035.3188,-9.883922,34.046005, Private, HS-grad, Never-married, Machine-op-inspct, Own-child, White, Male, United-States, <=50K
39.069878,112314.1,9.926706,-1043.8564,-33.56674,23.455894, Private, Some-college, Married-civ-spouse, Protective-serv, Husband, White, Male, United-States, <=50K
17.917133,87015.41,8.262461,6259.957,56.324165,37.811924, Private, HS-grad, Never-married, Machine-op-inspct, Own-child, White, Male, United-States, <=50K
34.38003,161275.1,9.6237545,312.00238,-6.2848997,66.10899, Private, Some-college, Separated, Exec-managerial, Not-in-family, White, Male, United-States, <=50K
33.69546,161962.98,12.704766,682.0421,19.369223,54.866547, Private, Bachelors, Married-civ-spouse, Exec-managerial, Husband, White, Male, United-States, >50K
44.203106,330715.8,9.401694,-966.9909,-24.523546,20.210316, ?, Some-college, Divorced, ?, Other-relative, White, Female, United-States, <=50K
39.5861,70705.086,14.131284,560.87305,1986.5543,55.85759, Private, Bachelors, Divorced, Prof-specialty, Unmarried, White, Male, United-States, >50K
20.480848,111363.13,8.706869,664.9865,-22.764826,36.602123, Private, HS-grad, Never-married, Exec-managerial, Own-child, White, Female, United-States, <=50K
31.994047,231320.81,8.754214,-1003.7404,-4.0332136,59.068607, Private, HS-grad, Married-civ-spouse, Sales, Wife, White, Female, United-States, <=50K
25.319277,177409.02,11.457856,-426.2127,13.008954,37.85585, Private, Assoc-voc, Married-civ-spouse, Adm-clerical, Wife, White, Female, United-States, <=50K
27.35753,227105.78,8.184451,-392.17303,36.783577,38.551834, Private, Some-college, Divorced, Adm-clerical, Unmarried, White, Female, United-States, <=50K
50.17503,210247.39,8.976535,-47.997013,-33.207935,42.983006, Private, HS-grad, Divorced, Adm-clerical, Unmarried, White, Female, United-States, <=50K
22.972155,336279.7,9.940592,441.1278,-51.413586,40.67044, Private, Assoc-voc, Never-married, Prof-specialty, Not-in-family, White, Female, United-States, <=50K
32.440372,171505.08,12.624888,-906.26886,1.9691058,51.860237, Private, Bachelors, Never-married, Sales, Not-in-family, White, Male, United-States, >50K
35.912952,128910.375,12.847517,-330.80267,14.358197,53.266106, Private, Bachelors, Married-civ-spouse, Sales, Husband, White, Male, United-States, <=50K
24.030855,223051.42,8.710908,54.811214,52.372597,41.722073, Private, HS-grad, Never-married, Machine-op-inspct, Unmarried, White, Female, United-States, <=50K
46.358707,239414.88,8.294257,-2019.6814,-33.28732,47.120506, Private, HS-grad, Never-married, Sales, Own-child, White, Female, United-States, <=50K
17.301113,123400.65,9.631242,-111.81538,-30.512156,41.33125, Private, Some-college, Never-married, Sales, Own-child, White, Female, United-States, <=50K
31.119669,156021.97,8.847889,185.21497,-12.383052,37.47742, Private, HS-grad, Divorced, Exec-managerial, Not-in-family, White, Female, United-States, <=50K
26.166113,362738.12,9.578113,-886.5988,-23.260958,37.482574, Private, Some-college, Never-married, Other-service, Own-child, White, Male, United-States, <=50K
59.84625,234129.3,12.16986,-301.35004,2.1548662,46.85443, Private, Bachelors, Divorced, Prof-specialty, Not-in-family, White, Male, United-States, <=50K
38.600834,170939.75,8.654781,10998.216,-51.76971,97.26846, Private, HS-grad, Married-civ-spouse, Transport-moving, Husband, White, Male, United-States, >50K
30.644693,233337.8,9.361988,233.4588,-7.0852385,77.99283, Private, Some-college, Divorced, Other-service, Not-in-family, White, Male, United-States, <=50K
20.997135,159756.86,11.38143,55.908627,5.1187716,43.20866, Private, Assoc-voc, Never-married, Craft-repair, Not-in-family, White, Male, United-States, <=50K
49.477375,81074.164,10.752013,-439.47235,-4.0271406,41.011765, Private, Assoc-voc, Married-civ-spouse, Exec-managerial, Husband, White, Male, United-States, <=50K
38.72362,263867.3,6.2038,76.53661,23.810556,41.99485, Private, HS-grad, Married-civ-spouse, Machine-op-inspct, Husband, White, Male, United-States, <=50K
52.62837,221491.72,13.409923,458.51257,-1.2785367,41.261703, Private, Bachelors, Married-civ-spouse, Exec-managerial, Husband, White, Male, United-States, <=50K
67.58985,135322.1,12.159315,356.07178,-33.06616,51.856533, Private, Bachelors, Married-civ-spouse, Prof-specialty, Husband, White, Male, United-States, >50K
16.90532,252356.81,7.561365,-199.93097,1.8106357,31.77691, Private, Some-college, Widowed, Other-service, Own-child, White, Female, United-States, <=50K
56.42056,142034.52,2.9355292,29.800106,24.390253,34.120388, ?, Some-college, Married-civ-spouse, ?, Husband, White, Male, United-States, <=50K
75.265724,229263.39,11.173237,-710.62946,-33.746998,19.51455, Private, Assoc-voc, Widowed, Prof-specialty, Not-in-family, White, Female, United-States, <=50K
42.372787,23951.797,14.321594,20830.592,44.1813,39.42308, Private, Bachelors, Married-civ-spouse, Exec-managerial, Husband, White, Male, United-States, >50K
41.621365,123288.234,8.936916,244.75665,-54.919613,41.537407, Private, HS-grad, Widowed, Craft-repair, Not-in-family, White, Female, United-States, <=50K
40.636345,129228.24,8.651077,-353.28607,6.113614,38.12634, Private, HS-grad, Married-civ-spouse, Craft-repair, Husband, White, Male, United-States, <=50K
46.65118,184989.45,8.668289,-540.1475,2.6374025,50.05732, Private, HS-grad, Married-spouse-absent, Other-service, Not-in-family, White, Male, United-States, <=50K
49.626884,165516.94,12.5884075,-75.91218,-2.6204557,39.747177, Private, Bachelors, Divorced, Machine-op-inspct, Not-in-family, White, Female, United-States, <=50K
53.017406,218386.2,10.173573,8.830013,4.471326,5.84091, Private, Some-college, Divorced, Adm-clerical, Not-in-family, White, Female, United-States, >50K
45.771664,183724.47,8.712863,7709.555,2.276929,43.174732, Private, HS-grad, Widowed, Adm-clerical, Not-in-family, White, Male, United-States, <=50K
49.396313,90108.516,9.765694,-136.23004,-1.3185147,27.887545, Private, Some-college, Married-civ-spouse, Adm-clerical, Wife, White, Female, United-States, >50K
46.90903,202939.89,10.07627,-952.5339,-15.966182,51.202885, Private, Some-college, Married-civ-spouse, Sales, Husband, White, Male, United-States, >50K
36.61521,73749.72,10.486755,-1890.6416,1498.0381,44.268925, Private, Assoc-voc, Divorced, Adm-clerical, Unmarried, White, Female, United-States, <=50K
27.363327,117387.24,10.77516,-779.5373,0.8320285,37.32522, Private, Some-college, Married-spouse-absent, Adm-clerical, Unmarried, White, Female, United-States, <=50K
42.6731,154764.77,9.699938,-352.68695,1.2481891,39.783936, Private, Some-college, Divorced, Craft-repair, Not-in-family, White, Male, United-States, <=50K
50.680695,120562.734,9.899325,1069.893,0.6971637,10.885187, Private, HS-grad, Married-civ-spouse, Other-service, Husband, White, Male, United-States, <=50K
62.46387,140219.75,9.111779,-761.81036,-67.84824,47.29377, Private, HS-grad, Divorced, Prof-specialty, Other-relative, White, Female, United-States, >50K
49.030743,109003.26,12.895297,399.88806,10.090665,36.693146, Private, Bachelors, Married-civ-spouse, Craft-repair, Husband, White, Male, United-States, >50K
25.06277,164872.88,8.545491,-354.71844,33.083958,37.900085, Private, Some-college, Married-civ-spouse, Craft-repair, Own-child, White, Female, United-States, <=50K
60.7976,78849.5,9.583939,523.3763,-34.18085,35.283382, Private, Some-college, Widowed, Exec-managerial, Unmarried, White, Female, United-States, <=50K
36.398132,199984.64,12.3935375,-262.95392,-12.665057,41.065014, Private, Bachelors, Widowed, Other-service, Not-in-family, White, Female, United-States, <=50K
19.45515,92319.62,8.971715,154.5102,-14.702174,36.47929, Private, HS-grad, Never-married, Handlers-cleaners, Own-child, White, Male, United-States, <=50K
44.075306,90181.79,4.511731,-443.84613,-0.5556668,46.42424, Private, Some-college, Married-civ-spouse, Sales, Husband, White, Male, United-States, >50K
31.184061,118969.86,11.152735,5407.3213,2.5189638,36.636097, Private, Some-college, Married-civ-spouse, Tech-support, Husband, White, Male, United-States, <=50K
62.89401,112599.46,8.155867,8160.8413,11.95844,48.85902, Private, Some-college, Married-civ-spouse, Exec-managerial, Husband, White, Male, United-States, >50K
52.828045,184820.22,9.811773,-522.4952,-4.5332747,38.333218, Private, Some-college, Never-married, Transport-moving, Own-child, White, Male, United-States, <=50K
51.508842,232066.62,12.376871,-961.4019,510.1598,37.27547, Private, Bachelors, Divorced, Craft-repair, Unmarried, White, Male, United-States, <=50K
26.272165,313250.47,9.087529,-487.29218,32.135723,43.990643, Private, HS-grad, Never-married, Exec-managerial, Unmarried, White, Female, United-States, <=50K
38.197712,293877.38,13.407043,223.4964,-3.8202314,50.056244, Private, Bachelors, Married-civ-spouse, Prof-specialty, Wife, White, Female, United-States, >50K
43.75503,271200.8,10.846856,-777.20795,-35.09412,52.8847, Private, Assoc-voc, Married-civ-spouse, Sales, Husband, White, Male, United-States, <=50K
38.852787,158832.86,8.802141,45605.55,62.079796,44.938183, Private, HS-grad, Married-civ-spouse, Adm-clerical, Husband, White, Male, United-States, >50K
34.396137,155173.05,8.972433,10113.76,-38.321125,53.82344, Private, HS-grad, Married-civ-spouse, Handlers-cleaners, Husband, White, Male, United-States, >50K
38.927017,262879.7,13.398726,167.38898,-15.098727,42.06395, Private, Bachelors, Divorced, Protective-serv, Not-in-family, White, Female, United-States, <=50K
34.27612,110481.62,9.764309,-972.3111,0.67065156,45.07331, Private, Some-college, Married-civ-spouse, Adm-clerical, Husband, White, Male, United-States, >50K
24.432177,75077.51,6.9659076,96.53509,-2.1643705,19.798292, Private, HS-grad, Never-married, Prof-specialty, Not-in-family, White, Female, United-States, <=50K
24.450695,301402.8,12.488158,-1395.7002,-34.931324,56.055984, Private, Bachelors, Married-civ-spouse, Prof-specialty, Husband, White, Male, United-States, <=50K
16.283697,215536.03,9.748282,891.99274,-22.463839,19.396305, Private, Some-college, Never-married, Handlers-cleaners, Own-child, White, Male, United-States, <=50K
33.969387,226292.31,9.214862,-1442.5662,-56.49841,42.900185, Private, HS-grad, Divorced, Adm-clerical, Not-in-family, White, Female, United-States, >50K
62.69532,94144.11,11.892431,60300.875,15.473866,54.15349, Private, Bachelors, Married-civ-spouse, Protective-serv, Husband, White, Male, United-States, >50K
58.372482,122145.61,11.976696,2482.6194,80.880516,42.45635, Private, Bachelors, Never-married, Adm-clerical, Not-in-family, White, Male, United-States, <=50K
34.32533,186503.14,9.074451,-254.71674,10.337239,41.03691, Private, HS-grad, Never-married, Craft-repair, Not-in-family, White, Male, United-States, <=50K
25.519674,74240.54,6.832541,91.13146,-16.569696,-6.915251, Private, HS-grad, Never-married, Craft-repair, Own-child, White, Male, United-States, <=50K
40.710262,225081.12,13.2481785,-743.0014,8.368588,48.71327, Private, Bachelors, Never-married, Adm-clerical, Not-in-family, White, Male, United-States, <=50K
24.572378,343360.6,8.152739,133.08856,-34.294613,44.920055, Private, HS-grad, Never-married, Handlers-cleaners, Own-child, White, Male, United-States, <=50K
27.743435,14998.782,8.828106,12744.8125,11.1134615,39.763794, Private, HS-grad, Married-civ-spouse, Craft-repair, Husband, White, Male, United-States, >50K
37.824482,380963.97,3.8642707,973.235,-13.487132,22.557842, Private, Some-college, Married-civ-spouse, Sales, Wife, White, Female, United-States, <=50K
44.932613,187411.88,10.3268385,-194.49725,4.415105,38.038193, Private, Assoc-voc, Married-civ-spouse, Prof-specialty, Husband, White, Male, United-States, >50K
48.028244,134162.72,8.454916,-480.54608,27.270052,39.48143, Private, HS-grad, Married-civ-spouse, Craft-repair, Wife, White, Female, United-States, <=50K
29.6444,228027.89,11.770507,-685.9987,38.873528,39.14181, Private, Bachelors, Never-married, Craft-repair, Not-in-family, White, Male, United-States, <=50K
17.312159,166869.69,12.364413,-410.0042,-11.079303,40.357365, Private, Bachelors, Never-married, Prof-specialty, Not-in-family, White, Male, United-States, <=50K
46.06777,55050.97,7.9116287,68.013664,-18.830057,30.460695, Private, Some-college, Divorced, Other-service, Unmarried, White, Female, United-States, <=50K
65.36234,67077.6,8.612997,-2138.7026,875.6001,51.480606, Private, HS-grad, Married-civ-spouse, Prof-specialty, Other-relative, White, Male, United-States, <=50K
30.584648,242384.11,9.950223,-280.8222,4.4031267,41.690674, Private, Some-college, Never-married, Sales, Not-in-family, White, Male, United-States, <=50K
33.20109,302856.16,3.3308597,-564.35736,-24.733057,23.275883, Private, HS-grad, Never-married, Transport-moving, Unmarried, White, Male, United-States, <=50K
29.573002,363883.56,8.468034,-402.36334,-16.403978,39.02735, Private, HS-grad, Married-civ-spouse, Craft-repair, Own-child, White, Male, United-States, <=50K
37.672504,178701.11,9.041653,834.89667,-39.864124,35.14815, Private, HS-grad, Married-civ-spouse, Sales, Husband, White, Male, United-States, <=50K
51.554615,195269.39,8.964848,15448.006,-5.685817,34.485794, Private, HS-grad, Married-civ-spouse, Protective-serv, Husband, White, Male, United-States, >50K
24.789087,166811.4,9.458017,-290.34088,1.4625446,25.118895, ?, Some-college, Never-married, ?, Own-child, White, Male, United-States, <=50K
32.78376,124919.63,9.209159,-635.0483,11.6739855,36.740917, Private, HS-grad, Married-civ-spouse, Machine-op-inspct, Wife, White, Female, United-States, >50K
44.070232,165877.64,8.716075,696.7005,11.174619,37.234543, Private, HS-grad, Married-civ-spouse, Exec-managerial, Husband, White, Male, United-States, >50K
39.299145,47352.844,9.1375475,-1032.2454,11.460286,41.816643, Private, HS-grad, Divorced, Craft-repair, Not-in-family, White, Female, United-States, <=50K
41.55933,79541.11,12.788635,-820.7884,33.75067,59.816147, Private, Bachelors, Married-civ-spouse, Exec-managerial, Husband, White, Male, United-States, >50K
46.958122,119633.77,14.465066,3985.6345,11.262822,43.22409, Private, Bachelors, Married-civ-spouse, Prof-specialty, Husband, White, Male, United-States, >50K
21.065647,368041.9,9.175693,-149.93439,-1.9037961,39.13373, Private, HS-grad, Never-married, Adm-clerical, Own-child, White, Female, United-States, <=50K
36.5022,192946.0,8.67835,-349.62225,-27.439615,88.78478, Private, HS-grad, Married-civ-spouse, Protective-serv, Husband, White, Male, United-States, >50K
52.210354,73802.55,8.708018,-330.06342,1.7179233,41.355522, Private, HS-grad, Married-civ-spouse, Other-service, Husband, White, Male, United-States, <=50K
37.707123,240487.89,10.258454,-910.2082,16.57546,41.98115, Private, Some-college, Married-civ-spouse, Machine-op-inspct, Husband, White, Male, United-States, <=50K
42.995014,184303.6,3.5290422,2.4337728,16.20648,60.936337, Private, Some-college, Married-civ-spouse, Craft-repair, Husband, White, Male, United-States, <=50K
35.8336,214213.72,9.011416,2244.003,2.0509005,17.034187, Private, HS-grad, Never-married, Handlers-cleaners, Own-child, White, Male, United-States, <=50K
31.23373,48416.188,8.875885,1385.1259,-16.071459,37.739265, Private, HS-grad, Married-civ-spouse, Transport-moving, Husband, White, Male, United-States, <=50K
45.251236,91137.81,8.8216,-1163.6165,1.087392,40.53982, Private, HS-grad, Married-civ-spouse, Exec-managerial, Wife, White, Female, United-States, >50K
56.924175,188566.1,12.788665,93.96984,-11.840022,37.52818, Private, Bachelors, Married-civ-spouse, Sales, Husband, White, Male, United-States, <=50K
22.569519,91484.59,12.49082,-620.5041,47.33806,37.363255, Private, Bachelors, Never-married, Adm-clerical, Not-in-family, White, Male, United-States, <=50K
16.626875,67155.34,8.373247,-297.7105,3.6129198,19.845982, Private, HS-grad, Never-married, Craft-repair, Own-child, White, Male, United-States, <=50K
64.155014,217294.6,10.4069195,3614.581,-70.34237,9.19099, Private, HS-grad, Widowed, Prof-specialty, Unmarried, White, Female, United-States, <=50K
34.773926,274898.53,8.854084,1189.3065,4.953885,33.724144, Private, HS-grad, Married-civ-spouse, Craft-repair, Husband, White, Male, United-States, <=50K
40.996296,157769.17,9.096572,211.58423,-16.520662,38.484863, Private, HS-grad, Never-married, Adm-clerical, Not-in-family, White, Male, United-States, <=50K
47.442287,289696.06,9.038057,55.6275,11.442616,17.75036, Private, HS-grad, Separated, Adm-clerical, Unmarried, White, Female, United-States, <=50K
48.22584,208231.66,8.086763,-655.1452,-13.925815,52.824654, Private, Some-college, Married-civ-spouse, Adm-clerical, Husband, White, Male, United-States, <=50K
39.143192,110097.805,8.996077,1091.6055,7.3765917,51.907604, Private, HS-grad, Married-civ-spouse, Craft-repair, Husband, White, Male, United-States, >50K
24.993412,99514.695,7.3606815,-1605.2461,-1.2661847,46.82967, Private, Some-college, Divorced, Transport-moving, Not-in-family, White, Male, United-States, >50K
28.12238,170148.23,8.070399,669.3845,10.835584,32.651012, ?, HS-grad, Never-married, ?, Other-relative, White, Male, United-States, <=50K
55.267784,143174.81,8.989723,-316.45892,-56.093563,32.458805, Private, HS-grad, Never-married, Handlers-cleaners, Own-child, White, Female, United-States, <=50K
36.513165,76540.664,8.525784,-1659.3782,6.268384,48.266003, Private, HS-grad, Married-civ-spouse, Machine-op-inspct, Not-in-family, White, Female, United-States, <=50K
31.321877,100886.15,12.6908045,339.3706,0.2757312,45.189514, Private, Bachelors, Divorced, Prof-specialty, Not-in-family, White, Male, United-States, <=50K
27.509504,257222.55,9.856506,-484.69928,-26.828554,39.49737, Private, Some-college, Divorced, Adm-clerical, Unmarried, White, Male, United-States, <=50K
49.01949,324989.97,13.49801,430.6405,14.377027,36.311325, Private, Bachelors, Married-civ-spouse, Prof-specialty, Husband, White, Male, United-States, <=50K
62.856773,70387.586,14.576224,13054.211,-11.727519,52.546715, Private, Bachelors, Married-civ-spouse, Prof-specialty, Husband, White, Male, United-States, >50K
49.0262,99299.79,13.347412,-932.7801,7.4833345,10.12504, ?, Bachelors, Married-civ-spouse, ?, Husband, White, Male, United-States, <=50K
44.29219,102710.08,13.205995,8128.004,25.60044,58.479805, Private, Bachelors, Married-civ-spouse, Exec-managerial, Husband, White, Male, United-States, >50K
50.11016,118123.62,12.746531,262.38306,17.774984,52.630337, Private, Bachelors, Married-civ-spouse, Exec-managerial, Husband, White, Male, United-States, >50K
54.54899,291549.78,8.838515,-165.27264,-7.652293,31.424152, Private, HS-grad, Married-civ-spouse, Craft-repair, Husband, White, Male, United-States, <=50K
51.331516,229977.08,12.1042,990.75195,-14.8027525,39.42838, Private, Bachelors, Never-married, Adm-clerical, Not-in-family, White, Female, United-States, <=50K
47.88817,62055.805,13.148815,-657.523,29.535559,40.96466, Private, Bachelors, Married-civ-spouse, Other-service, Husband, White, Male, United-States, >50K
47.76302,468896.97,8.801777,-538.5196,-14.304866,54.803165, Private, HS-grad, Married-civ-spouse, Sales, Husband, White, Male, United-States, <=50K
34.762062,214007.19,11.53608,-1106.9038,-2.015544,43.756256, Private, Bachelors, Widowed, Exec-managerial, Unmarried, White, Female, United-States, <=50K
38.46828,228909.67,8.973969,328.39972,-17.907007,35.137737, Private, HS-grad, Married-spouse-absent, Craft-repair, Unmarried, White, Male, United-States, <=50K
74.770645,133625.84,9.343861,-414.89825,-9.664561,49.832024, Private, Some-college, Married-civ-spouse, Adm-clerical, Husband, White, Male, United-States, <=50K
25.915287,228821.58,12.31445,-1441.1357,33.94046,43.06266, Private, Bachelors, Married-civ-spouse, Other-service, Husband, White, Male, United-States, <=50K
41.30119,359209.44,14.061721,-667.4318,1933.6655,47.95393, Private, Bachelors, Married-civ-spouse, Prof-specialty, Husband, White, Male, United-States, >50K
32.24207,153323.62,8.060683,1200.1096,27.575727,24.33053, Private, Some-college, Married-civ-spouse, Protective-serv, Husband, White, Male, United-States, >50K
35.565884,240078.45,9.631304,-561.6651,-30.98218,38.43536, Private, Some-college, Never-married, Transport-moving, Own-child, White, Male, United-States, <=50K
13.910069,555140.2,8.360934,202.4458,-35.56052,40.004665, Private, Some-college, Never-married, Protective-serv, Not-in-family, White, Female, United-States, <=50K
38.18228,245230.03,13.253364,-296.55768,36.479397,60.30744, Private, Bachelors, Never-married, Prof-specialty, Own-child, White, Male, United-States, <=50K
34.191235,239929.9,9.806525,-0.53180337,-34.1403,51.09999, Private, Some-college, Never-married, Other-service, Not-in-family, White, Female, United-States, <=50K
30.808619,273148.44,12.389878,-1033.699,47.106236,37.897236, Private, Bachelors, Married-civ-spouse, Protective-serv, Other-relative, White, Male, United-States, >50K
25.679983,144404.67,8.356139,-102.912056,10.628713,37.078125, Private, HS-grad, Never-married, Adm-clerical, Not-in-family, White, Male, United-States, <=50K
47.327602,175407.64,8.804677,1256.9064,21.67983,38.38483, Private, HS-grad, Married-civ-spouse, Machine-op-inspct, Husband, White, Male, United-States, >50K
34.120728,94203.92,9.006856,-7.989933,-24.517763,39.833916, Private, HS-grad, Never-married, Sales, Unmarried, White, Female, United-States, <=50K
60.54678,311145.78,10.066188,-1186.1987,0.027981864,44.109535, Private, Some-college, Married-civ-spouse, ?, Husband, White, Male, United-States, <=50K
20.250532,152374.98,9.640793,208.85828,-34.35555,23.588121, Private, Some-college, Never-married, Handlers-cleaners, Own-child, White, Female, United-States, <=50K
52.47941,205475.03,8.785178,542.4853,1.6042835,40.75503, Private, HS-grad, Married-civ-spouse, Craft-repair, Husband, White, Male, United-States, >50K
54.796623,307075.03,8.929912,217.5539,-11.908595,38.022385, Private, HS-grad, Divorced, Handlers-cleaners, Not-in-family, White, Female, United-States, <=50K
40.485477,129908.1,11.476869,-725.4792,5.560872,59.448494, Private, Assoc-acdm, Married-civ-spouse, Machine-op-inspct, Husband, White, Male, United-States, >50K
43.687943,213691.27,8.7202835,-330.1989,9.072827,42.760975, Private, HS-grad, Married-civ-spouse, Exec-managerial, Husband, White, Male, United-States, <=50K
27.098894,257228.84,5.613254,84.33587,2.021924,41.63596, Private, Some-college, Married-civ-spouse, Handlers-cleaners, Husband, White, Male, United-States, <=50K
58.1592,172352.19,13.473032,49334.36,42.93675,31.116, Private, Bachelors, Married-civ-spouse, Exec-managerial, Husband, White, Male, United-States, >50K
38.976955,54638.203,14.422234,2770.4998,53.520172,62.868214, Private, Bachelors, Married-civ-spouse, Prof-specialty, Husband, White, Male, United-States, >50K
50.39455,216620.69,9.705991,-522.6768,-11.1356535,40.70551, Private, Some-college, Divorced, Adm-clerical, Unmarried, White, Female, United-States, <=50K
24.135035,135940.05,13.060998,-1230.377,53.521725,22.425426, Private, Bachelors, Married-civ-spouse, Prof-specialty, Husband, White, Male, United-States, <=50K
31.40481,362751.22,8.911316,-591.84894,-27.865824,64.72777, Private, HS-grad, Never-married, Farming-fishing, Not-in-family, White, Male, United-States, <=50K
25.815083,108826.55,11.767928,-173.24274,-9.184947,44.312542, Private, Bachelors, Never-married, Transport-moving, Own-child, White, Female, United-States, <=50K
41.660507,92973.34,14.5987,882.32166,-40.767956,50.486008, Private, Bachelors, Married-civ-spouse, Prof-specialty, Husband, White, Male, United-States, >50K
21.98953,117765.0,6.815922,218.77673,9.04659,37.36374, Private, Some-college, Never-married, Machine-op-inspct, Not-in-family, White, Male, United-States, <=50K
57.452377,46867.453,9.098207,-1087.3137,10.174787,42.433987, Private, HS-grad, Married-civ-spouse, Craft-repair, Husband, White, Male, United-States, >50K
37.445126,54015.156,8.529286,1013.2229,29.59857,42.084568, Private, HS-grad, Married-civ-spouse, Machine-op-inspct, Husband, White, Male, United-States, <=50K
36.902184,133621.53,9.284738,-235.04645,-29.772005,11.05673, Private, HS-grad, Married-civ-spouse, Prof-specialty, Husband, White, Male, United-States, <=50K
68.02113,159060.44,9.644528,-121.507515,1.7448703,17.014858, Private, Some-college, Married-civ-spouse, Sales, Husband, White, Male, United-States, <=50K
50.177433,101356.11,8.993713,-239.91107,-2.237506,42.488247, Private, HS-grad, Married-civ-spouse, Farming-fishing, Husband, White, Male, United-States, <=50K
34.263306,270403.22,8.7077055,387.75476,0.40992463,54.345802, Private, HS-grad, Separated, Other-service, Not-in-family, White, Male, United-States, <=50K
37.539772,165343.06,7.272329,73.58013,26.9671,38.479244, Private, HS-grad, Married-civ-spouse, Craft-repair, Husband, White, Male, United-States, <=50K
42.887962,389945.47,11.624027,-1451.0308,-59.772747,38.23989, Private, Assoc-voc, Divorced, Handlers-cleaners, Unmarried, White, Female, United-States, <=50K
60.880463,204587.11,13.725198,-77.231636,-14.680797,24.579119, Private, Bachelors, Widowed, Prof-specialty, Not-in-family, White, Female, United-States, <=50K
40.726723,232943.03,9.0847645,5215.2295,19.208319,38.36178, Private, HS-grad, Married-civ-spouse, Exec-managerial, Husband, White, Male, United-States, <=50K
23.782524,251022.8,5.3308897,-649.59235,-23.834414,7.9180317, Private, HS-grad, Never-married, Sales, Own-child, White, Female, United-States, <=50K
24.322031,124876.1,9.050185,-162.49518,-42.069286,28.369934, Private, HS-grad, Never-married, Exec-managerial, Not-in-family, White, Female, United-States, <=50K
18.86915,161789.28,9.216749,-623.456,-52.626553,34.91182, Private, Some-college, Never-married, Sales, Own-child, White, Male, United-States, <=50K
25.73095,263925.5,8.635086,1410.9111,12.037213,34.90023, Private, HS-grad, Never-married, Adm-clerical, Own-child, White, Male, United-States, <=50K
56.75149,221050.22,9.141261,415.31042,25.764124,41.364388, Private, HS-grad, Married-civ-spouse, Exec-managerial, Husband, White, Male, United-States, <=50K
40.5237,279174.53,8.961282,-513.36285,29.03095,51.59677, Private, HS-grad, Married-civ-spouse, Machine-op-inspct, Husband, White, Male, United-States, <=50K
34.349636,288539.9,9.885027,-1215.292,9.043775,45.660275, Private, Some-college, Married-civ-spouse, Craft-repair, Husband, White, Male, United-States, >50K
34.614098,137806.7,14.23109,-94.544624,12.626653,54.496075, Private, Bachelors, Never-married, Exec-managerial, Not-in-family, White, Male, United-States, >50K
22.214476,-6139.1245,8.723907,489.16083,-18.326159,3.0514772, ?, HS-grad, Never-married, ?, Own-child, White, Female, United-States, <=50K
30.64447,216953.4,6.3731947,112.04949,23.630758,42.86491, Private, HS-grad, Never-married, Adm-clerical, Unmarried, White, Female, United-States, <=50K
22.324686,415617.75,9.13635,-894.6751,-25.876665,41.540318, Private, HS-grad, Never-married, Prof-specialty, Own-child, White, Male, United-States, <=50K
26.799942,170601.72,11.898155,-535.8914,14.625211,47.784584, Private, Bachelors, Never-married, Prof-specialty, Own-child, White, Female, United-States, <=50K
42.828773,354842.88,7.0857368,-281.33063,33.19146,42.535225, Private, HS-grad, Married-civ-spouse, Other-service, Husband, White, Male, United-States, <=50K
38.87425,96034.45,4.6331215,-816.5627,7.4558,44.40488, Private, Some-college, Married-civ-spouse, Exec-managerial, Husband, White, Male, United-States, <=50K
49.195755,80664.04,8.86074,2645.9314,8.299886,40.04253, Private, HS-grad, Married-civ-spouse, Sales, Husband, White, Male, United-States, >50K
27.961021,152750.0,13.210598,-864.5389,6.57755,44.746216, Private, Bachelors, Never-married, Sales, Not-in-family, White, Male, United-States, <=50K
59.5463,214585.02,8.820068,-288.83136,11.830495,30.333801, Private, HS-grad, Divorced, Exec-managerial, Not-in-family, White, Female, United-States, <=50K
30.7023,81117.35,8.6425705,504.7174,-1.8685864,22.185404, ?, HS-grad, Married-civ-spouse, ?, Wife, White, Female, United-States, <=50K
33.4008,193406.39,14.465625,-566.58356,7.265218,23.055367, Private, Bachelors, Never-married, Prof-specialty, Own-child, White, Male, United-States, <=50K
42.42503,351546.12,8.430505,346.9104,-6.140605,32.723797, Private, HS-grad, Separated, Other-service, Not-in-family, White, Male, United-States, <=50K
28.144995,287580.28,10.1044655,-83.31159,13.479512,40.035213, Private, Some-college, Never-married, Machine-op-inspct, Not-in-family, White, Male, United-States, <=50K
45.95383,197975.02,10.155923,2115.9277,-40.793957,43.02914, Private, Assoc-acdm, Never-married, Adm-clerical, Unmarried, White, Female, United-States, <=50K
20.903818,234642.73,9.860402,-173.7138,-2.2039366,33.870182, Private, Some-college, Never-married, Handlers-cleaners, Own-child, White, Male, United-States, <=50K
44.137493,99432.4,13.999249,391.71057,15.25372,39.188858, Private, Bachelors, Separated, Farming-fishing, Not-in-family, White, Male, United-States, <=50K
23.112577,334222.5,9.255393,-176.1474,-9.517032,39.8655, Private, HS-grad, Never-married, Prof-specialty, Own-child, White, Male, United-States, <=50K
37.841595,145609.64,14.063023,69.14324,8.840032,40.519768, Private, Bachelors, Never-married, Exec-managerial, Not-in-family, White, Male, United-States, >50K
38.02251,148382.95,9.033075,62.385494,27.677137,23.460382, Private, HS-grad, Never-married, Machine-op-inspct, Not-in-family, White, Female, United-States, <=50K
42.538754,75058.44,8.956564,280.08746,-20.396364,29.726767, Private, HS-grad, Divorced, Adm-clerical, Not-in-family, White, Female, United-States, <=50K
84.88906,267597.9,8.449462,20856.69,-78.961525,49.906136, Private, HS-grad, Married-civ-spouse, Tech-support, Husband, White, Male, United-States, >50K
22.201002,188015.06,9.774837,-1010.5986,-20.320475,39.55523, Private, Some-college, Married-civ-spouse, Sales, Husband, White, Male, United-States, <=50K
26.399342,179523.47,13.091932,-907.78436,6.5491304,44.01279, Private, Bachelors, Never-married, Sales, Not-in-family, White, Female, United-States, <=50K
27.770536,296502.1,13.1563635,-782.53375,336.10193,38.04588, Private, Bachelors, Separated, Sales, Own-child, White, Male, United-States, <=50K
24.84703,139601.86,9.8735285,-74.67902,26.019194,35.71764, Private, Some-college, Never-married, Exec-managerial, Own-child, White, Female, United-States, <=50K
35.698627,188166.36,8.475311,190.20184,-32.770947,37.189995, Private, HS-grad, Widowed, Other-service, Unmarried, White, Female, United-States, <=50K
55.840572,342442.72,14.765765,-1159.7278,59.02542,29.710817, Private, Bachelors, Never-married, Adm-clerical, Not-in-family, White, Male, United-States, <=50K
31.349316,241699.17,4.901074,128.24689,-1.0470303,37.460945, ?, Some-college, Never-married, ?, Not-in-family, White, Male, United-States, <=50K
36.1598,89176.53,8.793425,-256.31903,-21.836832,76.46086, Private, HS-grad, Divorced, Protective-serv, Not-in-family, White, Male, United-States, <=50K
16.444569,304634.16,9.891988,209.59875,-9.147052,35.30489, Private, Some-college, Never-married, Sales, Not-in-family, White, Male, United-States, <=50K
57.19918,86299.88,8.634297,-540.0191,-30.95189,41.145973, Private, HS-grad, Separated, Craft-repair, Other-relative, White, Male, United-States, <=50K
31.465805,103352.34,6.1513767,-783.16046,4.662381,41.135975, Private, Some-college, Married-civ-spouse, Adm-clerical, Husband, White, Male, United-States, >50K
24.44825,133238.14,6.0732503,392.09326,-7.2662,71.49536, Private, Some-college, Never-married, Farming-fishing, Not-in-family, White, Male, United-States, <=50K
48.031525,238012.5,12.907985,47.397762,21.531233,70.76293, Private, Bachelors, Divorced, Exec-managerial, Not-in-family, White, Male, United-States, <=50K
40.599316,41258.78,13.470269,2283.1062,48.1811,45.078865, Private, Bachelors, Married-civ-spouse, Adm-clerical, Husband, White, Male, United-States, >50K
53.697903,209035.44,9.048323,-388.85895,-40.71841,12.170403, Private, HS-grad, Separated, Prof-specialty, Own-child, White, Male, United-States, <=50K
64.98275,307173.56,10.426642,-834.9876,15.704488,37.89772, Private, Assoc-acdm, Never-married, Other-service, Not-in-family, White, Male, United-States, >50K
44.6485,252076.33,14.64797,-964.5258,1811.8466,38.14439, Private, Bachelors, Never-married, Prof-specialty, Not-in-family, White, Male, United-States, >50K
51.163803,141249.17,10.161489,-454.7746,-20.092607,97.732376, Private, Some-college, Married-civ-spouse, Prof-specialty, Husband, White, Male, United-States, >50K
42.444073,20813.188,10.321801,51.843746,8.67439,39.01489, Private, Assoc-acdm, Married-civ-spouse, Sales, Husband, White, Male, United-States, <=50K
19.58039,173754.95,9.753957,-289.50177,10.785848,36.980602, Private, Some-college, Never-married, Craft-repair, Own-child, White, Male, United-States, <=50K
46.052547,401479.94,9.00749,-1148.417,6.208295,32.86633, Private, HS-grad, Married-civ-spouse, Other-service, Husband, White, Male, United-States, <=50K
26.137295,162115.23,9.7158375,-38.838688,-3.6459227,35.664917, ?, Some-college, Never-married, ?, Own-child, White, Female, United-States, <=50K
56.324303,223623.66,13.360918,-237.75336,-2.0034132,38.65145, Private, Bachelors, Never-married, Exec-managerial, Not-in-family, White, Male, United-States, >50K
31.412298,55512.484,13.288705,-511.88068,-10.467792,44.277027, Private, Bachelors, Widowed, Sales, Unmarried, White, Female, United-States, <=50K
37.026287,214317.61,8.857905,-722.4056,14.559049,53.082035, Private, HS-grad, Married-civ-spouse, Other-service, Husband, White, Male, United-States, >50K
65.20014,109606.14,10.088718,-145.65314,-12.587474,52.553833, Private, Assoc-voc, Widowed, Sales, Not-in-family, White, Male, United-States, >50K
15.998317,196905.94,9.758472,30.389828,22.07755,30.18635, Private, Some-college, Never-married, Adm-clerical, Own-child, White, Female, United-States, <=50K
33.94884,541344.75,9.0514965,481.63678,4.087804,35.618244, Private, HS-grad, Never-married, Tech-support, Not-in-family, White, Male, United-States, <=50K
33.19117,260707.83,9.779787,-2039.6792,3.3881426,56.957504, Private, Some-college, Married-civ-spouse, Adm-clerical, Husband, White, Male, United-States, >50K
29.027283,215786.28,8.73809,2108.6863,21.614767,40.735207, Private, HS-grad, Never-married, Craft-repair, Not-in-family, White, Male, United-States, <=50K
52.218227,152497.84,9.508891,-1006.8676,103.75841,37.714565, Private, Some-college, Divorced, Craft-repair, Not-in-family, White, Female, United-States, <=50K
33.0841,151642.47,11.121579,-284.5744,1894.5278,48.4786, Private, Assoc-acdm, Married-civ-spouse, Prof-specialty, Husband, White, Male, United-States, <=50K
44.01365,233966.66,12.050471,-493.2553,14.710584,39.019543, Private, Bachelors, Married-civ-spouse, Adm-clerical, Husband, White, Male, United-States, <=50K
45.949696,159961.73,10.380328,119.003716,6.7268267,49.046158, Private, Assoc-acdm, Divorced, Other-service, Unmarried, White, Female, United-States, <=50K
22.896233,201919.97,8.752763,-570.9904,-24.169039,36.01705, Private, HS-grad, Never-married, Sales, Own-child, White, Female, United-States, <=50K
52.638157,333403.88,11.542922,-160.1518,-9.73566,44.206585, Private, Assoc-acdm, Married-civ-spouse, Craft-repair, Husband, White, Male, United-States, <=50K
18.923002,115985.25,9.390554,165.89252,-38.86433,12.611584, ?, HS-grad, Never-married, ?, Own-child, White, Female, United-States, <=50K
38.436707,61564.297,8.189129,-242.48676,-1.2659634,33.905178, Private, HS-grad, Never-married, Machine-op-inspct, Other-relative, White, Female, United-States, <=50K
24.936724,151388.25,9.235181,-796.832,-36.45769,82.36612, Private, HS-grad, Never-married, Prof-specialty, Own-child, White, Male, United-States, <=50K
34.74593,262006.44,8.823244,-1093.4231,13.899938,46.448074, Private, HS-grad, Married-civ-spouse, Exec-managerial, Husband, White, Male, United-States, >50K
36.656525,111055.09,12.298554,-488.0423,2.69106,31.690279, Private, Bachelors, Never-married, Prof-specialty, Own-child, White, Female, United-States, <=50K
55.269413,145727.61,13.334026,-344.1662,-7.542018,49.864548, Private, Bachelors, Married-civ-spouse, Craft-repair, Husband, White, Male, United-States, <=50K
36.55215,211184.58,12.20269,-132.32465,25.18162,40.994766, ?, Bachelors, Married-civ-spouse, ?, Husband, White, Male, United-States, <=50K
46.142315,79089.36,9.879951,-840.6567,-0.39195526,30.25229, Private, Some-college, Married-civ-spouse, Sales, Husband, White, Male, United-States, >50K
45.37898,224691.77,13.22557,-529.86115,29.886587,37.35072, Private, Bachelors, Married-civ-spouse, Craft-repair, Husband, White, Male, United-States, <=50K
22.382483,64981.67,8.833268,-482.37396,20.694418,40.420776, Private, HS-grad, Never-married, Sales, Not-in-family, White, Male, United-States, <=50K
55.01923,232875.52,13.29855,949.564,14.746907,33.739643, Private, Bachelors, Married-civ-spouse, Prof-specialty, Husband, White, Male, United-States, >50K
36.519337,183973.47,8.855045,-813.82916,-19.767511,54.638653, Private, HS-grad, Never-married, Protective-serv, Own-child, White, Male, United-States, <=50K
49.8374,57423.688,3.7834468,39.781673,-13.064631,58.55922, Private, Some-college, Married-civ-spouse, Handlers-cleaners, Husband, White, Male, United-States, <=50K
38.170113,225507.98,12.77282,-446.4361,18.41812,43.523735, Private, Bachelors, Never-married, Prof-specialty, Not-in-family, White, Female, United-States, <=50K
34.821507,68823.23,5.6979775,-1756.9326,-81.662315,39.399155, Private, Some-college, Married-spouse-absent, Sales, Own-child, White, Female, United-States, >50K
25.24232,337125.72,10.706586,-620.0236,13.813535,46.793262, Private, Assoc-voc, Married-civ-spouse, Craft-repair, Husband, White, Male, United-States, <=50K
40.556576,114420.875,14.398869,8141.2227,-35.045628,46.006973, Private, Bachelors, Married-civ-spouse, Craft-repair, Husband, White, Male, United-States, >50K
29.607975,258504.61,9.31356,820.4036,1209.243,78.5086, Private, HS-grad, Never-married, Exec-managerial, Other-relative, White, Male, United-States, >50K
38.57428,270468.72,12.927733,8859.985,-20.84163,76.46932, Private, Bachelors, Married-civ-spouse, Prof-specialty, Husband, White, Male, United-States, >50K
43.890797,199115.0,8.672477,-288.0041,-34.41257,38.386806, Private, HS-grad, Never-married, Handlers-cleaners, Own-child, White, Male, United-States, <=50K
28.437735,253356.56,9.724017,-548.68646,14.420751,40.44662, Private, Some-college, Divorced, Machine-op-inspct, Not-in-family, White, Female, United-States, <=50K
29.658543,208119.81,5.947769,-35.448673,3.1475115,43.99836, Private, Some-college, Married-spouse-absent, Craft-repair, Not-in-family, White, Male, United-States, <=50K
53.064594,140721.5,8.876842,-145.29022,-29.499605,45.437004, Private, HS-grad, Never-married, Prof-specialty, Unmarried, White, Female, United-States, <=50K
22.515839,77410.43,9.893769,-187.76825,24.896227,47.08768, Private, Some-college, Divorced, Farming-fishing, Not-in-family, White, Male, United-States, <=50K
41.13818,170627.16,9.707068,-838.75824,-6.42274,19.48469, ?, Some-college, Divorced, ?, Other-relative, White, Female, United-States, <=50K
47.556,202582.17,8.830931,-892.7929,13.021176,42.0567, Private, HS-grad, Married-civ-spouse, Craft-repair, Husband, White, Male, United-States, <=50K
39.467495,303611.75,12.130488,44.64117,-31.756594,60.63793, Private, Bachelors, Never-married, Farming-fishing, Own-child, White, Female, United-States, <=50K
31.624454,140504.44,10.663194,-410.649,4.705167,48.41018, Private, Assoc-acdm, Married-spouse-absent, Transport-moving, Not-in-family, White, Male, United-States, <=50K
25.044188,97538.19,12.275769,-625.00665,-4.611888,30.981754, Private, Bachelors, Never-married, Other-service, Own-child, White, Female, United-States, <=50K
29.318949,397717.94,7.499202,1187.1013,0.21701537,27.499456, Private, Some-college, Married-civ-spouse, Adm-clerical, Husband, White, Male, United-States, <=50K
47.331715,120295.71,8.887799,105.641594,17.195028,51.75026, Private, HS-grad, Married-civ-spouse, Craft-repair, Husband, White, Male, United-States, <=50K
32.4003,243629.02,13.260277,-311.80804,-5.9343824,54.120945, Private, Bachelors, Divorced, Craft-repair, Own-child, White, Male, United-States, <=50K
64.46036,108756.38,9.851965,-67.89863,4.760091,0.84766567, Private, HS-grad, Divorced, Adm-clerical, Not-in-family, White, Female, United-States, <=50K
39.07478,142509.53,9.554286,686.23224,21.564962,61.384388, Private, Some-college, Never-married, Machine-op-inspct, Not-in-family, White, Male, United-States, <=50K
54.265892,100270.766,12.394971,-991.1049,3.2744722,49.529785, Private, Bachelors, Married-civ-spouse, Exec-managerial, Wife, White, Female, United-States, >50K
35.420765,137205.33,13.493814,-514.71,9.8818865,44.486343, Private, Bachelors, Never-married, Handlers-cleaners, Not-in-family, White, Male, United-States, >50K
45.33959,126572.31,8.812985,-261.69904,1.0003787,42.87509, Private, HS-grad, Widowed, Craft-repair, Unmarried, White, Male, United-States, <=50K
66.34346,285903.72,9.165839,-568.06024,8.218038,34.00128, Private, HS-grad, Married-civ-spouse, Adm-clerical, Husband, White, Male, United-States, >50K
26.829342,96766.79,10.013591,-56.032536,-16.29751,37.36591, Private, Some-college, Never-married, Craft-repair, Own-child, White, Male, United-States, <=50K
29.08983,316487.62,9.948472,118.336845,-24.379503,40.177094, Private, HS-grad, Never-married, Prof-specialty, Not-in-family, White, Male, United-States, <=50K
48.677555,204926.83,13.85231,-495.2199,-7.384967,44.938072, Private, Bachelors, Never-married, Prof-specialty, Not-in-family, White, Female, United-States, >50K
40.338226,171458.06,9.495976,-0.1344645,-2.1815825,26.363169, Private, HS-grad, Married-civ-spouse, Sales, Husband, White, Male, United-States, <=50K
44.314568,160521.95,9.159099,-132.89447,-33.110783,57.19965, Private, Some-college, Married-civ-spouse, Sales, Husband, White, Male, United-States, >50K
26.562891,152222.78,11.194204,-589.674,10.467664,37.52766, Private, Assoc-voc, Married-civ-spouse, Adm-clerical, Wife, White, Female, United-States, <=50K
33.957333,157462.39,10.717991,15344.264,-16.519243,50.67683, Private, Assoc-acdm, Married-civ-spouse, Sales, Husband, White, Male, United-States, >50K
21.438093,241312.38,9.50405,-357.3271,4.605054,50.834877, Private, HS-grad, Never-married, Exec-managerial, Unmarried, White, Male, United-States, <=50K
26.92238,257786.02,12.388182,-458.2508,-29.181444,43.656044, Private, Bachelors, Married-civ-spouse, Prof-specialty, Husband, White, Male, United-States, <=50K
41.391567,187979.42,8.77223,-1377.0898,-35.797863,40.81895, Private, HS-grad, Separated, Sales, Not-in-family, White, Male, United-States, <=50K
21.904493,215417.8,8.773312,-422.4737,6.4046144,39.94853, Private, HS-grad, Married-civ-spouse, Other-service, Husband, White, Male, United-States, <=50K
27.917912,135420.73,13.858943,325.8694,41.247246,40.42058, Private, Bachelors, Married-civ-spouse, Prof-specialty, Husband, White, Male, United-States, <=50K
33.04196,271333.97,6.571628,-438.39215,21.264174,41.954456, ?, HS-grad, Never-married, ?, Own-child, White, Female, United-States, <=50K
27.775368,49080.406,12.320395,3534.789,-21.175394,13.979012, Private, Assoc-acdm, Married-civ-spouse, Other-service, Husband, White, Male, United-States, <=50K
33.710392,507186.2,13.083419,-459.9123,1.0191852,29.13175, Private, Bachelors, Never-married, Prof-specialty, Not-in-family, White, Female, United-States, <=50K
42.520313,110177.914,9.067758,52.56146,20.575087,67.08527, Private, HS-grad, Married-civ-spouse, Exec-managerial, Husband, White, Male, United-States, <=50K
31.386145,117433.76,8.943206,-912.78546,-12.442378,43.13613, Private, HS-grad, Married-civ-spouse, Sales, Wife, White, Female, United-States, >50K
43.378845,167856.98,13.207589,466.23328,-22.318186,39.01279, Private, Bachelors, Separated, Other-service, Unmarried, White, Female, United-States, <=50K
36.482082,172118.83,13.99458,-1212.7124,1969.1863,40.78767, Private, Bachelors, Married-civ-spouse, Prof-specialty, Husband, White, Male, United-States, >50K
26.46292,344702.06,8.901696,-922.418,-8.343638,43.626778, Private, HS-grad, Never-married, Craft-repair, Own-child, White, Male, United-States, <=50K
41.843674,80191.336,8.924138,-504.67462,0.19450103,26.749035, Private, HS-grad, Married-civ-spouse, Protective-serv, Husband, White, Male, United-States, >50K
24.834478,47631.688,12.746531,-1199.5334,27.959673,37.646687, Private, Bachelors, Divorced, Adm-clerical, Unmarried, White, Female, United-States, <=50K
29.64813,300307.44,6.2023687,-172.06927,15.284894,44.77071, Private, HS-grad, Divorced, Craft-repair, Not-in-family, White, Male, United-States, <=50K
30.595009,177520.44,13.403946,-1016.1965,29.980078,40.811165, Private, Bachelors, Married-civ-spouse, Exec-managerial, Husband, White, Male, United-States, >50K
42.036488,73845.24,8.860298,-1116.9614,-12.79404,32.837814, Private, HS-grad, Divorced, Prof-specialty, Unmarried, White, Female, United-States, <=50K
34.341805,79364.13,9.70496,-450.63605,15.471623,57.942734, Private, Some-college, Divorced, Exec-managerial, Wife, White, Female, United-States, <=50K
41.206913,165367.61,8.198083,-1629.2766,-33.8277,28.21725, Private, HS-grad, Never-married, Sales, Own-child, White, Male, United-States, <=50K
63.46771,72868.69,5.2783976,593.1815,28.773664,44.085876, Private, Some-college, Married-civ-spouse, Tech-support, Husband, White, Male, United-States, >50K
36.820232,78266.91,12.824956,874.06226,31.00738,45.068344, Private, Bachelors, Married-civ-spouse, Adm-clerical, Husband, White, Male, United-States, <=50K
40.33429,60579.68,9.890576,4289.4023,-4.555232,46.828484, Private, Some-college, Married-civ-spouse, Tech-support, Husband, White, Male, United-States, <=50K
31.110722,197278.84,8.529661,4115.063,-4.1447554,26.090391, ?, HS-grad, Married-civ-spouse, ?, Husband, White, Male, United-States, >50K
57.338436,306967.4,8.803775,-608.23553,12.987027,40.01912, Private, HS-grad, Married-civ-spouse, Exec-managerial, Husband, White, Male, United-States, >50K
23.119852,168628.52,4.910437,-626.73663,32.11845,33.51654, Private, HS-grad, Never-married, Machine-op-inspct, Own-child, White, Female, United-States, <=50K
41.912853,776541.75,15.118382,384.09027,-21.297731,32.82058, Private, Bachelors, Married-civ-spouse, Prof-specialty, Husband, White, Male, United-States, <=50K
61.198975,113699.305,15.303222,-770.80133,19.929693,5.847784, Private, Bachelors, Never-married, Prof-specialty, Unmarried, White, Female, United-States, <=50K
58.056824,162023.55,4.469604,-212.00885,-25.068323,39.988213, Private, HS-grad, Married-civ-spouse, Adm-clerical, Wife, White, Female, United-States, <=50K
48.453934,86920.14,8.857151,89.54803,-7.829173,19.639767, Private, HS-grad, Married-civ-spouse, Sales, Husband, White, Male, United-States, <=50K
30.959888,205628.1,13.129019,-765.10175,3.8787584,37.921154, Private, Bachelors, Never-married, Prof-specialty, Own-child, White, Female, United-States, <=50K
33.395885,85868.12,8.74046,114.90557,19.457518,39.74796, Private, HS-grad, Married-civ-spouse, Sales, Husband, White, Male, United-States, <=50K
21.657232,312975.94,8.90338,700.8171,13.238782,51.795437, Private, Some-college, Never-married, Other-service, Unmarried, White, Male, United-States, <=50K
25.63861,84546.05,7.5195966,265.5172,41.29016,36.60659, Private, HS-grad, Never-married, Machine-op-inspct, Unmarried, White, Female, United-States, <=50K
19.195799,153087.67,9.696802,171.04602,-27.99885,36.24729, Private, Some-college, Never-married, Adm-clerical, Own-child, White, Female, United-States, <=50K
40.672665,158856.47,8.915069,-420.5622,-36.16386,56.02816, Private, HS-grad, Never-married, Sales, Unmarried, White, Female, United-States, <=50K
34.799717,101447.21,8.764312,448.3286,-13.751689,47.385296, Private, HS-grad, Married-civ-spouse, Protective-serv, Husband, White, Male, United-States, <=50K
25.177975,378868.88,9.990223,-55.63727,-27.256937,-2.1071875, Private, Some-college, Never-married, Handlers-cleaners, Own-child, White, Male, United-States, <=50K
28.884357,161262.2,8.94344,-735.68427,16.061888,39.84408, Private, HS-grad, Divorced, Machine-op-inspct, Unmarried, White, Female, United-States, <=50K
32.733147,261929.66,13.229403,-878.62897,25.283606,37.816486, Private, Bachelors, Married-civ-spouse, Adm-clerical, Husband, White, Male, United-States, <=50K
36.040234,198086.9,11.772495,-1386.8333,26.852758,50.06115, Private, Assoc-voc, Married-civ-spouse, Craft-repair, Husband, White, Male, United-States, >50K
27.98183,89980.27,12.519294,10.707333,5.138303,33.29286, Private, Bachelors, Never-married, Prof-specialty, Not-in-family, White, Male, United-States, <=50K
32.786205,96548.57,12.406905,-1061.7388,28.891054,62.278545, Private, Bachelors, Married-civ-spouse, Farming-fishing, Husband, White, Male, United-States, <=50K
23.203201,279308.66,6.5804954,-707.0887,-13.309062,33.865585, Private, HS-grad, Never-married, Prof-specialty, Own-child, White, Male, United-States, <=50K
21.927547,127308.32,5.0693326,54.691402,3.8155336,38.045837, Private, Some-college, Separated, Craft-repair, Not-in-family, White, Male, United-States, <=50K
42.03595,193231.58,10.386261,-132.32123,-31.913576,26.848051, Private, Some-college, Widowed, Sales, Not-in-family, White, Female, United-States, <=50K
35.70113,17280.047,8.914979,-269.3482,-22.188349,40.220737, ?, HS-grad, Never-married, ?, Own-child, White, Female, United-States, <=50K
43.1914,142296.08,13.364157,1173.3339,24.851198,38.5055, Private, Bachelors, Married-civ-spouse, Prof-specialty, Husband, White, Male, United-States, <=50K
46.607796,284163.6,7.0763807,31.011288,-46.402508,36.14139, Private, HS-grad, Never-married, Sales, Unmarried, White, Female, United-States, <=50K
56.89345,171282.22,7.0446663,16707.445,-82.82629,30.124676, Private, Some-college, Divorced, Exec-managerial, Unmarried, White, Male, United-States, >50K
25.783268,233597.75,8.964995,-837.6827,6.078244,36.027164, Private, HS-grad, Divorced, Machine-op-inspct, Unmarried, White, Female, United-States, <=50K
41.29919,267721.2,9.652415,441.16492,3.1102953,6.7221355, ?, Some-college, Never-married, ?, Own-child, White, Female, United-States, <=50K
49.978992,76429.836,12.452921,-31.660221,1.3738986,40.351357, Private, Bachelors, Married-civ-spouse, Sales, Husband, White, Male, United-States, >50K
60.252693,82702.61,11.8873825,-800.1774,-33.422993,51.10094, Private, Bachelors, Married-civ-spouse, Adm-clerical, Husband, White, Male, United-States, >50K
38.141838,234606.81,8.933613,113.47961,20.358946,46.144314, Private, HS-grad, Divorced, Machine-op-inspct, Unmarried, White, Female, United-States, <=50K
29.81365,114251.44,9.482484,-721.46246,15.34686,46.034245, Private, Some-college, Divorced, Other-service, Not-in-family, White, Male, United-States, <=50K
61.078587,274497.72,8.417608,1409.4402,-11.968768,59.71497, Private, HS-grad, Married-civ-spouse, Transport-moving, Husband, White, Male, United-States, >50K
29.121029,240418.75,9.185063,99.31878,-4.3188887,38.47224, Private, HS-grad, Never-married, Machine-op-inspct, Own-child, White, Female, United-States, <=50K
39.38019,95044.12,9.654479,-95.86591,24.52231,45.999866, Private, Some-college, Married-civ-spouse, Other-service, Husband, White, Male, United-States, <=50K
60.48261,103593.83,10.0018,84.253716,11.860051,47.859173, Private, Some-college, Married-civ-spouse, Exec-managerial, Husband, White, Male, United-States, >50K
58.721165,294457.9,13.285474,1086.1747,227.01971,51.61847, Private, Bachelors, Divorced, Farming-fishing, Not-in-family, White, Male, United-States, <=50K
51.352432,40528.33,12.380301,-883.5124,-23.05311,44.64818, Private, Bachelors, Never-married, Handlers-cleaners, Other-relative, White, Male, United-States, <=50K
32.71122,234492.52,5.521375,739.92163,-30.889444,38.216896, Private, HS-grad, Widowed, Craft-repair, Not-in-family, White, Female, United-States, <=50K
22.593086,63482.945,8.202101,-638.4152,15.828519,38.31459, Private, HS-grad, Married-civ-spouse, Machine-op-inspct, Wife, White, Female, United-States, <=50K
50.924965,174188.5,9.334367,-830.7308,3.3526735,37.648643, Private, HS-grad, Divorced, Machine-op-inspct, Not-in-family, White, Female, United-States, >50K
40.24719,170929.33,8.916255,483.0495,-17.442286,20.012915, Private, HS-grad, Married-civ-spouse, Prof-specialty, Husband, White, Male, United-States, <=50K
47.76356,453291.88,8.660989,733.1119,-30.725824,40.040405, Private, HS-grad, Widowed, Sales, Not-in-family, White, Female, United-States, <=50K
27.437365,181847.56,12.50353,-924.863,42.509174,43.354755, Private, Bachelors, Married-civ-spouse, Machine-op-inspct, Husband, White, Male, United-States, <=50K
46.131416,217949.61,9.644637,791.74335,0.085026845,33.783398, Private, Some-college, Divorced, Tech-support, Unmarried, White, Male, United-States, <=50K
46.851852,138180.22,8.75186,-1337.9783,2.8316927,46.31825, Private, HS-grad, Married-civ-spouse, Exec-managerial, Husband, White, Male, United-States, >50K
48.73274,155301.4,14.069559,-1667.1396,32.333725,32.846943, Private, Bachelors, Married-civ-spouse, Prof-specialty, Husband, White, Male, United-States, >50K
28.013006,219155.19,11.041852,-581.4583,-4.865947,38.090015, Private, Assoc-acdm, Divorced, Prof-specialty, Not-in-family, White, Male, United-States, <=50K
40.302315,251622.67,8.844205,-600.71515,-49.147015,35.840267, Private, HS-grad, Separated, Farming-fishing, Unmarried, White, Male, United-States, <=50K
59.000397,101880.61,9.962337,631.1318,9.067494,38.117508, Private, Some-college, Married-civ-spouse, Craft-repair, Husband, White, Male, United-States, <=50K
37.93354,243313.72,9.81334,-799.6363,35.39844,29.428534, Private, Some-college, Married-civ-spouse, Adm-clerical, Husband, White, Male, United-States, <=50K
58.17833,292002.56,0.55051327,2058.9648,4.14507,44.852627, Private, Some-college, Married-civ-spouse, Adm-clerical, Husband, White, Male, United-States, <=50K
40.484905,184249.81,13.67251,9271.125,14.703412,46.836777, Private, Bachelors, Married-civ-spouse, Prof-specialty, Husband, White, Male, United-States, >50K
60.835133,50011.72,8.8015375,7155.4487,1.5993625,39.80837, Private, HS-grad, Married-civ-spouse, Exec-managerial, Husband, White, Male, United-States, >50K
27.733152,59068.4,13.378002,-301.53082,27.65597,40.600933, Private, Bachelors, Never-married, Adm-clerical, Not-in-family, White, Male, United-States, <=50K
48.273357,213949.73,8.629016,-1031.106,-12.229182,61.01992, Private, Some-college, Married-civ-spouse, ?, Husband, White, Male, United-States, >50K
51.591988,85147.164,13.786103,173.42426,-3.155589,47.325394, Private, Bachelors, Never-married, Prof-specialty, Not-in-family, White, Female, United-States, <=50K
21.77183,84783.22,9.499525,4961.968,7.099309,20.232252, Private, HS-grad, Never-married, Protective-serv, Unmarried, White, Male, United-States, <=50K
26.181126,309865.44,9.633791,-407.11493,-38.968845,43.715176, Private, Some-college, Never-married, Other-service, Not-in-family, White, Male, United-States, <=50K
52.458485,388746.16,7.757524,402.92462,29.40722,42.676735, Private, Some-college, Never-married, Other-service, Not-in-family, White, Male, United-States, <=50K
70.63899,179028.38,9.583083,-478.0097,-6.950244,36.616264, Private, Some-college, Married-civ-spouse, Exec-managerial, Husband, White, Male, United-States, <=50K
19.0233,149786.33,9.098571,-397.12054,-22.591593,18.383163, Private, HS-grad, Never-married, Sales, Own-child, White, Female, United-States, <=50K
27.526573,76363.65,13.197506,-302.9793,17.419767,44.203228, Private, Bachelors, Never-married, Prof-specialty, Not-in-family, White, Male, United-States, <=50K
27.480938,75632.97,9.927454,-222.8526,25.145864,13.078548, ?, Some-college, Never-married, ?, Other-relative, White, Male, United-States, <=50K
49.937145,190825.73,8.725092,-129.9881,-13.579051,41.47726, Private, HS-grad, Divorced, Craft-repair, Not-in-family, White, Male, United-States, <=50K
16.91559,134749.27,8.186403,-317.5428,1.5648395,30.946352, Private, Some-college, Never-married, Other-service, Own-child, White, Female, United-States, <=50K
42.491318,105205.88,9.689908,505.98248,-10.064311,52.120483, Private, Some-college, Divorced, Craft-repair, Not-in-family, White, Female, United-States, <=50K
53.491806,511152.16,8.941433,-316.21808,-11.6578245,37.27171, Private, HS-grad, Divorced, Adm-clerical, Unmarried, White, Female, United-States, <=50K
29.71071,38397.25,12.511111,278.326,21.77793,37.300247, Private, Bachelors, Married-civ-spouse, Other-service, Husband, White, Male, United-States, >50K
17.99899,183766.47,12.298827,-372.20953,27.845705,32.15892, Private, Bachelors, Never-married, Other-service, Other-relative, White, Male, United-States, <=50K
36.585587,321227.16,3.9438524,1784.6945,24.880526,44.74138, Private, Some-college, Married-civ-spouse, Adm-clerical, Husband, White, Male, United-States, >50K
41.7883,65205.1,8.833661,5443.254,6.0487566,41.955296, Private, HS-grad, Never-married, Handlers-cleaners, Unmarried, White, Female, United-States, <=50K
40.474663,95474.93,9.728453,-753.15326,-2.2443647,46.57082, Private, Some-college, Married-civ-spouse, Exec-managerial, Husband, White, Male, United-States, >50K
36.768112,318704.06,9.883438,591.4086,19.123549,40.275978, Private, Some-college, Never-married, Craft-repair, Not-in-family, White, Male, United-States, <=50K
58.788555,320502.8,8.771081,-136.78107,-7.034114,41.39094, Private, HS-grad, Married-civ-spouse, Craft-repair, Husband, White, Male, United-States, >50K
59.532288,151758.14,11.424654,-413.19977,2.9692965,40.209824, Private, Assoc-acdm, Widowed, Prof-specialty, Unmarried, White, Male, United-States, >50K
44.49504,275806.84,6.0842433,-183.08453,14.15598,33.289627, Private, HS-grad, Married-civ-spouse, Other-service, Husband, White, Male, United-States, <=50K
36.57801,119595.164,11.249566,187.84955,65.93199,44.920612, ?, Assoc-voc, Married-civ-spouse, ?, Husband, White, Male, United-States, <=50K
35.42144,189681.97,8.813744,3647.0374,12.456372,42.606365, Private, HS-grad, Married-civ-spouse, Exec-managerial, Husband, White, Male, United-States, <=50K
54.552277,186876.88,7.334532,-419.84015,-47.34512,42.013657, Private, HS-grad, Divorced, Sales, Other-relative, White, Female, United-States, <=50K
65.38212,64123.016,10.432655,4512.1855,-33.22089,31.322872, Private, Assoc-voc, Divorced, Prof-specialty, Not-in-family, White, Male, United-States, >50K
43.138123,147085.42,13.271011,-358.36786,27.401556,40.709244, Private, Bachelors, Married-civ-spouse, Prof-specialty, Husband, White, Male, United-States, <=50K
38.117577,326272.9,8.674837,267.66034,-12.487971,42.33983, Private, HS-grad, Married-civ-spouse, Tech-support, Wife, White, Female, United-States, <=50K
34.52438,369605.5,11.543023,922.5177,-14.926295,47.921432, Private, Assoc-voc, Married-civ-spouse, Adm-clerical, Wife, White, Female, United-States, >50K
53.175632,41393.766,8.166733,-1523.6277,18.320593,48.084858, Private, HS-grad, Married-civ-spouse, Machine-op-inspct, Husband, White, Male, United-States, >50K
40.744408,110398.3,12.619417,-149.05206,21.920195,30.870457, Private, Bachelors, Never-married, Adm-clerical, Not-in-family, White, Male, United-States, <=50K
70.58783,70526.016,10.608091,-400.21344,-4.1404753,37.935238, Private, HS-grad, Married-civ-spouse, Prof-specialty, Husband, White, Male, United-States, <=50K
32.096794,238718.7,8.492508,-836.96686,9.332257,44.554504, Private, HS-grad, Married-civ-spouse, Craft-repair, Husband, White, Male, United-States, <=50K
17.744888,228288.1,9.63553,813.97217,11.180287,12.061817, Private, Some-college, Never-married, Sales, Own-child, White, Male, United-States, <=50K
21.110456,235410.75,8.052275,-1639.5552,-5.354251,48.025257, Private, HS-grad, Never-married, Other-service, Own-child, White, Male, United-States, <=50K
18.87157,210134.38,7.511266,-110.3332,13.909886,32.51454, Private, Some-college, Never-married, Other-service, Not-in-family, White, Male, United-States, <=50K
60.036312,274216.6,12.404606,9888.1875,2.7349215,45.13765, Private, Bachelors, Married-civ-spouse, Exec-managerial, Husband, White, Male, United-States, >50K
36.258045,120498.83,5.833773,-256.65887,-37.65054,8.376383, Private, Some-college, Never-married, Sales, Own-child, White, Female, United-States, <=50K
20.155603,393204.16,9.8513565,10.225643,-26.07895,35.229168, Private, Some-college, Never-married, Sales, Own-child, White, Female, United-States, <=50K
57.798004,161361.23,8.274959,516.8461,-11.47288,51.238396, Private, Some-college, Married-civ-spouse, Protective-serv, Husband, White, Male, United-States, >50K
48.839428,107731.445,12.352308,-994.7331,-2.2121077,36.024323, Private, Bachelors, Married-civ-spouse, Sales, Husband, White, Male, United-States, <=50K
28.335785,151231.95,5.342255,-1454.7417,26.655184,38.27794, Private, HS-grad, Married-spouse-absent, Machine-op-inspct, Not-in-family, White, Female, United-States, <=50K
18.718338,535630.7,8.600571,-797.2005,17.24735,41.166405, Private, HS-grad, Never-married, Sales, Own-child, White, Male, United-States, <=50K
40.17428,454622.03,5.7666407,-548.9101,4.748395,28.45553, Private, Some-college, Married-civ-spouse, Transport-moving, Husband, White, Male, United-States, <=50K
26.719896,185670.77,6.7564845,-116.2624,55.20394,10.613176, Private, Some-college, Never-married, Craft-repair, Not-in-family, White, Male, United-States, <=50K
63.61131,242288.42,12.860906,14913.022,-33.477634,57.323593, Private, Bachelors, Married-civ-spouse, Prof-specialty, Husband, White, Male, United-States, >50K
30.167482,15786.688,13.803169,4412.0938,31.686605,39.740417, Private, Bachelors, Never-married, Tech-support, Not-in-family, White, Male, United-States, <=50K
26.673525,152641.8,8.551401,-170.87433,98.81325,40.52078, Private, Some-college, Married-civ-spouse, Sales, Husband, White, Male, United-States, <=50K
52.792404,108062.84,12.387652,-914.2557,18.455519,38.828613, ?, Bachelors, Married-civ-spouse, ?, Husband, White, Male, United-States, <=50K
65.32824,203878.22,12.55231,36.17248,-10.870944,45.552242, Private, Bachelors, Married-civ-spouse, Handlers-cleaners, Husband, White, Male, United-States, >50K
41.519154,122742.05,8.014904,-664.68195,27.985403,38.229626, Private, Some-college, Divorced, Prof-specialty, Not-in-family, White, Female, United-States, <=50K
41.318794,94821.53,8.900882,160.0982,-27.38402,-3.0091307, Private, HS-grad, Widowed, ?, Unmarried, White, Female, United-States, <=50K
30.056982,319959.38,9.510086,-604.9299,-5.046527,29.471645, Private, Some-college, Married-civ-spouse, Prof-specialty, Husband, White, Male, United-States, <=50K
33.215576,176052.06,9.679905,7617.1694,-18.293085,44.255318, Private, Some-college, Married-civ-spouse, Sales, Husband, White, Male, United-States, >50K
31.312332,51571.53,7.1419735,-401.95026,-47.80409,26.273514, Private, Some-college, Never-married, Adm-clerical, Own-child, White, Female, United-States, <=50K
26.387678,148779.92,10.147722,-622.9184,-20.674326,38.38653, Private, Some-college, Widowed, Adm-clerical, Unmarried, White, Female, United-States, <=50K
54.786377,140095.27,9.573992,1448.974,4.234029,43.482384, Private, HS-grad, Married-civ-spouse, Protective-serv, Husband, White, Male, United-States, >50K
25.553596,186880.61,8.954366,188.3064,-35.743946,27.684336, Private, HS-grad, Never-married, ?, Not-in-family, White, Female, United-States, <=50K
45.93551,320260.3,12.811689,-827.1281,26.778822,41.403027, Private, Bachelors, Divorced, Machine-op-inspct, Not-in-family, White, Male, United-States, <=50K
57.62226,206319.36,10.867526,1245.3785,18.70339,38.35291, Private, Assoc-acdm, Married-civ-spouse, Other-service, Husband, White, Male, United-States, >50K
18.937502,208209.8,9.003498,-871.8581,9.29102,51.388737, Private, HS-grad, Married-civ-spouse, Craft-repair, Husband, White, Male, United-States, <=50K
25.561087,103049.31,9.616899,-113.56452,-19.605898,32.26206, Private, Some-college, Never-married, Prof-specialty, Other-relative, White, Male, United-States, <=50K
48.041492,78559.25,10.089767,-426.42303,2.0199099,26.074928, Private, Some-college, Married-civ-spouse, Craft-repair, Husband, White, Male, United-States, <=50K
43.072838,146864.17,11.894064,-1048.6052,16.587584,41.77467, Private, Bachelors, Married-civ-spouse, Exec-managerial, Husband, White, Male, United-States, <=50K
27.159883,67780.734,8.8287735,811.6167,5.98763,47.23448, Private, HS-grad, Never-married, Exec-managerial, Not-in-family, White, Female, United-States, <=50K
47.837223,91173.59,8.860832,-418.3548,-5.5519514,38.32372, Private, HS-grad, Married-civ-spouse, Adm-clerical, Husband, White, Male, United-States, <=50K
16.18236,332344.56,9.811446,-412.5617,-23.653322,25.287722, Private, Some-college, Never-married, Exec-managerial, Own-child, White, Male, United-States, <=50K
38.09661,255955.84,9.179507,-1440.6426,37.729996,35.53706, Private, Some-college, Married-civ-spouse, Craft-repair, Husband, White, Male, United-States, <=50K
30.79081,122053.086,8.978516,-141.24518,-2.018878,41.177395, Private, HS-grad, Never-married, Sales, Not-in-family, White, Female, United-States, <=50K
46.092354,90823.78,10.216217,-467.63763,5.6635637,43.926357, Private, HS-grad, Married-civ-spouse, Sales, Husband, White, Male, United-States, <=50K
50.10347,102303.28,8.439078,-850.6772,-37.12183,29.64735, Private, HS-grad, Never-married, Tech-support, Own-child, White, Female, United-States, <=50K
49.80572,109198.98,12.042088,617.33307,73.38131,39.90723, Private, Bachelors, Married-civ-spouse, Transport-moving, Husband, White, Male, United-States, <=50K
70.272064,122658.83,6.243957,-243.27448,6.6636477,40.52174, Private, HS-grad, Married-civ-spouse, Transport-moving, Husband, White, Male, United-States, >50K
36.672115,185915.44,8.791525,-787.23395,-29.49975,38.807926, Private, HS-grad, Married-civ-spouse, Adm-clerical, Wife, White, Female, United-States, <=50K
56.7367,51663.266,9.7438135,-627.44525,9.841588,37.765663, Private, Some-college, Married-civ-spouse, Adm-clerical, Husband, White, Male, United-States, >50K
30.549383,40993.188,13.229442,-197.05463,5.7560854,46.87418, Private, Bachelors, Divorced, Prof-specialty, Not-in-family, White, Male, United-States, <=50K
36.793705,88232.414,13.568305,-833.7464,9.2458315,36.264683, Private, Bachelors, Never-married, Tech-support, Not-in-family, White, Female, United-States, <=50K
49.246326,260877.6,6.191178,-546.11444,9.174146,65.60418, Private, HS-grad, Married-civ-spouse, Other-service, Husband, White, Male, United-States, <=50K
40.691914,196655.28,8.504532,-466.4046,-33.175594,22.677654, Private, Some-college, Married-civ-spouse, Handlers-cleaners, Husband, White, Male, United-States, <=50K
34.035473,88321.77,7.1359825,-33.30292,21.161383,31.361235, Private, Some-college, Never-married, Craft-repair, Unmarried, White, Male, United-States, <=50K
39.84738,202050.45,8.972972,-39.94721,7.8237734,40.47198, Private, HS-grad, Married-civ-spouse, Machine-op-inspct, Husband, White, Male, United-States, <=50K
41.042496,101553.12,11.544238,1459.9852,-17.565142,38.243885, Private, Assoc-acdm, Divorced, Prof-specialty, Not-in-family, White, Male, United-States, >50K
22.065905,37391.953,8.955703,-468.6524,-4.42155,23.973969, Private, Some-college, Never-married, Sales, Own-child, White, Male, United-States, <=50K
36.690086,122635.21,12.141181,-547.86053,1888.2604,47.20548, Private, Bachelors, Married-civ-spouse, Craft-repair, Husband, White, Male, United-States, >50K
54.544746,219531.95,4.8802257,102.34826,-43.134594,34.373108, Private, Some-college, Widowed, Sales, Own-child, White, Female, United-States, <=50K
45.456326,472665.66,4.8652816,816.7808,-48.96658,34.533623, Private, Some-college, Never-married, Sales, Not-in-family, White, Male, United-States, <=50K
45.589603,97086.19,9.98592,480.09595,14.259015,40.918087, Private, Some-college, Married-civ-spouse, Exec-managerial, Husband, White, Male, United-States, <=50K
41.784134,101310.68,9.08346,-1107.8811,-18.378984,41.2093, Private, HS-grad, Married-civ-spouse, Adm-clerical, Husband, White, Male, United-States, <=50K
26.113241,175207.16,9.51737,-279.7503,-46.21487,33.148773, Private, Some-college, Divorced, Sales, Own-child, White, Female, United-States, <=50K
41.031376,121428.79,8.700497,-457.1989,-22.594492,47.43347, Private, HS-grad, Married-civ-spouse, Sales, Husband, White, Male, United-States, <=50K
27.88911,516383.6,12.86661,-1156.218,19.698805,51.814987, Private, Bachelors, Never-married, Protective-serv, Not-in-family, White, Male, United-States, <=50K
48.342327,162448.11,9.433321,-80.603096,-44.77406,35.03244, Private, HS-grad, Married-civ-spouse, Tech-support, Not-in-family, White, Female, United-States, <=50K
42.450665,135135.83,13.898275,-716.85675,-4.065608,20.615421, Private, Bachelors, Married-civ-spouse, Sales, Husband, White, Male, United-States, <=50K
38.664295,94323.46,5.7442064,-432.4886,1.2526294,45.857872, Private, HS-grad, Married-civ-spouse, Craft-repair, Husband, White, Male, United-States, <=50K
34.45645,205570.22,12.331395,-1181.9434,19.046766,39.816216, Private, Bachelors, Married-civ-spouse, Craft-repair, Own-child, White, Male, United-States, <=50K
19.890306,62970.656,8.0881815,-195.32391,12.0850115,40.49712, ?, HS-grad, Never-married, ?, Own-child, White, Male, United-States, <=50K
44.710205,160994.0,12.007557,-1376.9822,29.85871,47.774616, Private, Bachelors, Married-civ-spouse, Exec-managerial, Husband, White, Male, United-States, <=50K
50.62458,67065.695,13.130089,-95.36042,0.5839282,40.75189, Private, Bachelors, Separated, Prof-specialty, Husband, White, Male, United-States, >50K
47.88946,254448.78,10.043006,-638.54254,2.4728518,40.00553, Private, Some-college, Married-civ-spouse, Prof-specialty, Husband, White, Male, United-States, <=50K
46.255383,46101.61,9.409938,-860.6624,-1.5435895,48.707886, Private, Some-college, Married-civ-spouse, Exec-managerial, Not-in-family, White, Male, United-States, <=50K
38.940063,97625.2,8.824115,133.4884,-50.16119,31.167723, Private, Some-college, Married-spouse-absent, Sales, Husband, White, Male, United-States, <=50K
44.416206,129943.164,8.480326,2474.6135,20.648497,57.943134, Private, HS-grad, Married-civ-spouse, Exec-managerial, Husband, White, Male, United-States, >50K
48.668602,347382.66,6.2474833,2571.3003,-3.1720533,45.277954, Private, Some-college, Married-civ-spouse, Transport-moving, Husband, White, Male, United-States, >50K
33.848507,91602.2,8.734494,22.602352,11.481816,44.81012, Private, HS-grad, Divorced, Machine-op-inspct, Unmarried, White, Female, United-States, <=50K
22.500591,209947.6,8.988225,5434.0913,-17.856874,20.92076, Private, HS-grad, Never-married, Sales, Own-child, White, Male, United-States, <=50K
21.9149,157185.8,8.754757,-728.48627,-20.132006,38.7148, Private, HS-grad, Never-married, Protective-serv, Unmarried, White, Male, United-States, <=50K
43.111443,174229.05,13.795908,-169.17084,5.3236055,35.1434, Private, Bachelors, Married-spouse-absent, Exec-managerial, Not-in-family, White, Female, United-States, >50K
35.27215,173572.31,9.153492,-691.41974,15.899823,18.558083, Private, Some-college, Married-civ-spouse, Other-service, Husband, White, Male, United-States, <=50K
66.09365,58763.1,12.739989,-1225.4468,32.14047,43.71783, Private, Bachelors, Married-civ-spouse, Exec-managerial, Husband, White, Male, United-States, >50K
22.52429,157645.19,8.844199,-363.85297,38.349876,28.971106, Private, HS-grad, Married-civ-spouse, Craft-repair, Husband, White, Male, United-States, <=50K
41.706207,203271.56,12.973188,-926.2203,13.970761,40.579136, Private, Bachelors, Married-civ-spouse, Craft-repair, Husband, White, Male, United-States, <=50K
57.169563,182015.06,12.096769,475.46802,27.619032,42.882545, Private, Bachelors, Married-civ-spouse, Sales, Husband, White, Male, United-States, <=50K
22.014032,260221.84,10.018005,-546.25653,-2.187686,38.329445, Private, Some-college, Never-married, Protective-serv, Own-child, White, Female, United-States, <=50K
29.39147,94555.49,12.669713,-564.15826,30.163523,45.53171, Private, Bachelors, Never-married, Craft-repair, Own-child, White, Male, United-States, <=50K
46.683544,179726.39,8.921934,176.83618,624.33673,42.365726, Private, HS-grad, Married-civ-spouse, Exec-managerial, Husband, White, Male, United-States, <=50K
57.500122,220942.0,8.952096,193.52075,-15.05022,40.73399, Private, HS-grad, Widowed, Machine-op-inspct, Not-in-family, White, Female, United-States, <=50K
31.919704,126484.25,13.690263,-641.92865,37.451794,12.278818, Private, Bachelors, Married-civ-spouse, Prof-specialty, Husband, White, Male, United-States, <=50K
38.36506,179450.34,8.500267,5786.2783,2.2926302,45.48769, Private, HS-grad, Married-civ-spouse, Handlers-cleaners, Husband, White, Male, United-States, >50K
29.995213,220083.98,11.679739,-877.4069,-12.8791,43.03865, Private, Bachelors, Never-married, Sales, Own-child, White, Male, United-States, <=50K
25.566645,246752.16,9.350546,-203.45233,-4.8941755,41.215515, Private, HS-grad, Married-civ-spouse, Sales, Not-in-family, White, Male, United-States, <=50K
40.240963,226986.67,10.80372,-1374.0203,29.30797,56.531902, Private, Assoc-voc, Married-civ-spouse, Handlers-cleaners, Husband, White, Male, United-States, <=50K
54.171124,192628.92,5.652868,-627.07477,-10.270389,45.18346, ?, HS-grad, Married-civ-spouse, ?, Husband, White, Male, United-States, <=50K
52.595932,126147.86,8.726222,-55.915836,-4.0399046,29.485374, Private, HS-grad, Married-civ-spouse, Adm-clerical, Husband, White, Male, United-States, >50K
37.602497,213348.7,14.173044,402.95917,10.547536,66.45141, Private, Bachelors, Married-spouse-absent, Prof-specialty, Not-in-family, White, Female, United-States, <=50K
73.93518,76494.02,8.428707,-299.57416,0.34490693,47.076866, Private, HS-grad, Married-civ-spouse, Exec-managerial, Husband, White, Male, United-States, >50K
46.290577,111432.266,10.818788,-552.6834,11.45876,39.40731, Private, Assoc-voc, Married-civ-spouse, Sales, Husband, White, Male, United-States, <=50K
24.996855,269217.72,6.7531834,147.32306,20.338133,38.355793, Private, HS-grad, Married-civ-spouse, Other-service, Husband, White, Male, United-States, <=50K
36.841465,176665.66,9.111818,-697.2553,-31.274263,37.254284, ?, HS-grad, Never-married, ?, Not-in-family, White, Female, United-States, <=50K
19.36836,143875.83,12.163232,-858.42975,3.099965,30.832787, Private, Bachelors, Never-married, Adm-clerical, Own-child, White, Male, United-States, <=50K
25.93199,191730.06,8.836531,-377.42072,-26.597536,41.30271, Private, HS-grad, Separated, Adm-clerical, Own-child, White, Female, United-States, <=50K
29.40547,367828.75,12.737597,12848.621,22.878965,32.17269, Private, Assoc-acdm, Widowed, Prof-specialty, Unmarried, White, Male, United-States, <=50K
39.24426,123044.95,9.998875,-1091.105,34.166332,44.032616, Private, Some-college, Married-civ-spouse, Exec-managerial, Husband, White, Male, United-States, <=50K
12.901282,166456.2,9.727667,-203.9743,-19.488398,27.203318, ?, Some-college, Never-married, ?, Own-child, White, Female, United-States, <=50K
32.889935,191314.16,9.396635,-552.23334,-20.43397,42.00675, Private, HS-grad, Married-civ-spouse, Protective-serv, Wife, White, Female, United-States, >50K
38.145317,220393.92,8.280389,213.8982,-8.485194,51.261925, Private, HS-grad, Married-civ-spouse, Sales, Husband, White, Male, United-States, <=50K
30.076681,385547.16,4.387422,-168.56439,-6.1609983,28.090212, Private, HS-grad, Married-civ-spouse, Adm-clerical, Wife, White, Female, United-States, <=50K
23.342512,87364.92,9.826838,507.32404,240.65224,31.163534, Private, Some-college, Married-civ-spouse, Adm-clerical, Own-child, White, Male, United-States, <=50K
22.0212,37095.047,8.775,-975.35956,25.394491,45.18035, Private, HS-grad, Married-civ-spouse, Craft-repair, Husband, White, Male, United-States, <=50K
17.249023,138436.73,5.9343433,28.644466,29.855627,34.49753, Private, HS-grad, Never-married, Craft-repair, Own-child, White, Male, United-States, <=50K
34.358982,176873.48,8.53048,-286.9666,-17.736338,45.9484, Private, HS-grad, Never-married, Sales, Other-relative, White, Male, United-States, >50K
60.46815,159865.36,7.9927073,-366.29742,8.1403475,41.48069, Private, HS-grad, Married-civ-spouse, Protective-serv, Husband, White, Male, United-States, <=50K
39.00864,292102.97,11.155443,-988.42206,12.424901,41.96247, Private, Assoc-voc, Married-civ-spouse, Craft-repair, Husband, White, Male, United-States, <=50K
38.128548,145423.95,9.377567,-260.72614,-0.45009124,34.97248, ?, Some-college, Divorced, ?, Not-in-family, White, Female, United-States, <=50K
38.1934,158308.6,8.931206,-249.56622,-37.592724,41.5742, Private, HS-grad, Divorced, Prof-specialty, Not-in-family, White, Female, United-States, <=50K
26.156023,141244.38,8.890583,-506.46918,-26.902048,18.964943, Private, HS-grad, Never-married, Exec-managerial, Own-child, White, Female, United-States, <=50K
42.079895,404516.78,5.012645,5495.259,-1.5902966,40.452446, Private, HS-grad, Married-civ-spouse, Machine-op-inspct, Husband, White, Male, United-States, >50K
29.273304,302716.94,8.603554,-145.43878,-10.806277,49.19573, Private, HS-grad, Married-civ-spouse, Other-service, Husband, White, Male, United-States, <=50K
23.908289,213211.9,8.575996,-598.0859,-12.182055,40.463615, Private, HS-grad, Married-civ-spouse, Exec-managerial, Husband, White, Male, United-States, <=50K
28.024382,180247.31,12.226754,-829.9273,-3.073802,36.51581, Private, Assoc-acdm, Divorced, Adm-clerical, Unmarried, White, Female, United-States, <=50K
41.417828,69386.4,12.912804,1862.2682,0.07051574,36.557823, Private, Bachelors, Never-married, Farming-fishing, Not-in-family, White, Male, United-States, <=50K
45.14423,193221.39,10.079147,-68.116035,-21.69745,25.838408, Private, Some-college, Never-married, Sales, Not-in-family, White, Female, United-States, <=50K
40.55776,254223.03,13.437071,2550.494,-5.6344786,66.87767, Private, Bachelors, Married-civ-spouse, Craft-repair, Husband, White, Male, United-States, >50K
25.916962,69034.19,10.557466,-599.7756,6.6447344,41.139343, Private, HS-grad, Never-married, Machine-op-inspct, Own-child, White, Male, United-States, <=50K
29.714594,164401.17,13.987777,-536.5903,25.087072,51.445568, Private, Bachelors, Married-civ-spouse, Other-service, Husband, White, Male, United-States, >50K
23.855562,304537.78,11.155947,1807.1859,-22.09749,40.887943, Private, Bachelors, Married-civ-spouse, Sales, Own-child, White, Male, United-States, >50K
34.36445,165966.05,9.753423,-280.0047,16.21247,43.75374, Private, Some-college, Married-civ-spouse, Exec-managerial, Husband, White, Male, United-States, <=50K
39.730427,259341.9,8.967257,-1050.2041,2.2728624,41.50455, Private, HS-grad, Married-civ-spouse, Craft-repair, Husband, White, Male, United-States, >50K
29.52657,283262.22,10.123859,-484.82306,5.236127,39.432034, Private, Some-college, Married-civ-spouse, Sales, Husband, White, Male, United-States, <=50K
36.864727,219781.72,8.966627,-468.4405,2.725751,40.28379, Private, HS-grad, Married-civ-spouse, Adm-clerical, Wife, White, Female, United-States, <=50K
32.84358,174264.12,7.0362,-559.9765,4.608533,36.259254, Private, HS-grad, Divorced, Other-service, Unmarried, White, Female, United-States, <=50K
39.817657,52816.734,12.989465,-185.05682,24.116007,40.69687, Private, Bachelors, Married-civ-spouse, Prof-specialty, Husband, White, Male, United-States, <=50K
18.63031,132234.78,9.753616,79.997185,27.565123,19.218231, ?, Some-college, Never-married, ?, Own-child, White, Female, United-States, <=50K
35.081177,118253.41,12.156598,-745.9205,-2.4722166,43.32419, Private, Bachelors, Never-married, Sales, Not-in-family, White, Male, United-States, <=50K
30.988432,118772.32,8.975441,-267.95355,29.519999,35.099678, Private, HS-grad, Married-civ-spouse, Adm-clerical, Husband, White, Male, United-States, <=50K
28.661175,213396.84,8.8607855,1337.9613,19.818617,28.269836, Private, HS-grad, Married-civ-spouse, Craft-repair, Husband, White, Male, United-States, <=50K
47.37095,140297.92,8.719102,-826.61615,2227.307,43.30084, Private, HS-grad, Divorced, Adm-clerical, Wife, White, Female, United-States, >50K
58.74239,109314.15,5.065072,-308.9007,-8.797282,40.948757, Private, Some-college, Married-civ-spouse, Other-service, Not-in-family, White, Male, United-States, <=50K
43.195877,202074.17,4.1525416,-522.2509,13.495244,49.377296, Private, Some-college, Married-civ-spouse, Machine-op-inspct, Husband, White, Male, United-States, <=50K
38.436043,240893.72,9.140784,-88.63508,20.256178,38.698677, Private, HS-grad, Married-civ-spouse, Craft-repair, Husband, White, Male, United-States, <=50K
25.20453,185661.31,13.780135,287.44604,1.8270389,44.215218, Private, Bachelors, Never-married, Prof-specialty, Husband, White, Male, United-States, >50K
39.890285,97751.16,9.1288805,1188.5492,27.756834,40.344498, Private, HS-grad, Married-civ-spouse, Machine-op-inspct, Husband, White, Male, United-States, <=50K
21.551558,124951.98,8.86108,-120.93354,54.105167,35.33318, Private, HS-grad, Never-married, Exec-managerial, Own-child, White, Female, United-States, <=50K
48.279964,262793.2,7.90208,-575.34515,-25.5339,55.138523, Private, Some-college, Married-civ-spouse, Adm-clerical, Husband, White, Male, United-States, >50K
39.85692,202030.47,10.561932,13.272884,38.467472,31.783234, Private, Some-college, Married-civ-spouse, Adm-clerical, Husband, White, Male, United-States, <=50K
31.606468,211263.1,10.816726,-540.4925,-6.955737,48.84222, ?, Assoc-voc, Never-married, ?, Own-child, White, Female, United-States, <=50K
39.174465,139048.77,11.887438,-969.362,40.36067,45.988873, Private, Bachelors, Married-civ-spouse, Craft-repair, Husband, White, Male, United-States, >50K
29.655264,57687.125,9.775975,520.6284,-3.7682219,21.317509, Private, Some-college, Never-married, Other-service, Unmarried, White, Female, United-States, <=50K
26.539057,234203.08,9.072161,246.39941,-14.458621,41.460285, Private, HS-grad, Separated, Adm-clerical, Not-in-family, White, Female, United-States, <=50K
27.750772,348525.56,11.945887,-10.237614,-23.940523,52.965458, Private, Bachelors, Divorced, Adm-clerical, Wife, White, Female, United-States, <=50K
31.985384,315236.84,7.481237,122.02276,21.955122,41.522606, Private, Some-college, Never-married, Other-service, Not-in-family, White, Female, United-States, <=50K
38.89688,195753.03,9.802295,-125.21125,-12.077693,41.494244, Private, Some-college, Married-civ-spouse, Handlers-cleaners, Husband, White, Male, United-States, <=50K
37.110447,108975.305,9.153586,-296.15204,26.648287,66.754074, Private, HS-grad, Married-civ-spouse, Other-service, Husband, White, Male, United-States, >50K
36.361706,85846.46,13.187138,-372.90204,14.62988,46.3258, Private, Bachelors, Never-married, Exec-managerial, Own-child, White, Female, United-States, <=50K
28.257063,79653.36,9.79988,-654.8875,-7.6997175,29.871258, Private, Some-college, Divorced, Tech-support, Not-in-family, White, Female, United-States, <=50K
48.105263,200344.08,12.763301,-426.8482,21.671797,51.465733, Private, Bachelors, Divorced, Exec-managerial, Not-in-family, White, Female, United-States, <=50K
44.30005,288339.16,13.010352,-495.72272,-9.627498,37.42064, ?, Bachelors, Never-married, ?, Not-in-family, White, Male, United-States, <=50K
52.659473,279732.9,13.296313,-1098.3096,27.28478,42.271698, Private, Bachelors, Married-civ-spouse, Machine-op-inspct, Wife, White, Female, United-States, >50K
36.79323,291528.78,5.789055,-2680.1787,-63.954433,7.9697437, Private, Some-college, Divorced, Prof-specialty, Own-child, White, Female, United-States, >50K
56.15214,151251.23,9.080338,1534.3802,14.996755,43.91949, Private, HS-grad, Married-civ-spouse, Exec-managerial, Husband, White, Male, United-States, <=50K
37.252674,42766.58,8.615962,-1066.124,-8.162692,40.967014, Private, HS-grad, Married-civ-spouse, Transport-moving, Husband, White, Male, United-States, <=50K
34.15753,77833.1,12.538224,-91.409004,-17.647593,44.423225, Private, Bachelors, Never-married, Exec-managerial, Own-child, White, Male, United-States, >50K
27.842363,188242.89,9.601219,-467.65326,31.453554,43.418682, Private, Some-college, Married-civ-spouse, Other-service, Husband, White, Male, United-States, <=50K
46.582836,60145.688,8.807324,1277.4081,-9.30247,51.70659, Private, HS-grad, Married-civ-spouse, Farming-fishing, Husband, White, Male, United-States, >50K
74.753204,108310.04,11.244791,-782.41644,2.5107088,42.65412, Private, Some-college, Divorced, Adm-clerical, Not-in-family, White, Female, United-States, <=50K
57.035957,175465.38,9.989423,-1192.5708,-1.5566815,59.014893, Private, Some-college, Married-civ-spouse, Sales, Husband, White, Male, United-States, >50K
36.948227,329440.6,5.754742,1057.4976,-40.01205,19.096462, ?, Some-college, Married-civ-spouse, ?, Wife, White, Female, United-States, <=50K
51.37307,120108.95,9.178653,-575.23724,-16.89374,32.831326, Private, HS-grad, Divorced, Adm-clerical, Not-in-family, White, Female, United-States, <=50K
20.630327,229947.08,13.505169,-268.5876,25.043795,49.899963, Private, Bachelors, Never-married, Exec-managerial, Not-in-family, White, Male, United-States, <=50K
37.4463,103747.74,9.282735,282.17242,-10.773974,40.072468, Private, Some-college, Divorced, Exec-managerial, Not-in-family, White, Female, United-States, <=50K
38.46063,73047.86,9.066009,-1176.167,-5.3032255,52.190285, Private, HS-grad, Married-civ-spouse, Machine-op-inspct, Husband, White, Male, United-States, >50K
38.099487,123789.04,14.0528,4288.0605,-12.51308,45.494595, Private, Bachelors, Married-civ-spouse, Prof-specialty, Wife, White, Female, United-States, >50K
59.721348,74038.984,10.544662,-883.8344,-1.442828,-1.7238561, ?, Some-college, Married-civ-spouse, ?, Husband, White, Male, United-States, <=50K
84.42878,133731.5,10.028364,192.49402,-16.872011,21.295523, ?, HS-grad, Married-civ-spouse, Prof-specialty, Husband, White, Male, United-States, <=50K
28.040432,162972.1,13.205425,-129.49603,-1.2098264,38.719463, Private, Bachelors, Divorced, Sales, Unmarried, White, Male, United-States, <=50K
32.674507,226697.47,13.787493,-237.98444,26.809694,41.38605, Private, Bachelors, Never-married, Exec-managerial, Own-child, White, Male, United-States, <=50K
34.721554,198318.02,13.997828,-1404.7568,-0.0938672,51.72397, Private, Bachelors, Never-married, Sales, Not-in-family, White, Male, United-States, >50K
30.649677,236693.25,13.228684,-472.31183,27.130041,44.284485, Private, Bachelors, Never-married, Adm-clerical, Not-in-family, White, Male, United-States, <=50K
33.157364,162317.72,9.571997,-1550.6504,-34.485912,40.559605, Private, Some-college, Married-civ-spouse, Sales, Other-relative, White, Female, United-States, <=50K
31.808645,221010.36,10.195905,-1078.8567,30.479792,43.80029, ?, Some-college, Married-civ-spouse, ?, Husband, White, Male, United-States, <=50K
32.226646,220186.66,14.867053,-461.69525,24.310198,47.97913, Private, Bachelors, Married-civ-spouse, Prof-specialty, Husband, White, Male, United-States, >50K
41.080227,216693.55,7.455202,-1131.946,-4.8876524,32.14498, Private, HS-grad, Married-civ-spouse, Sales, Husband, White, Male, United-States, <=50K
34.90357,203779.52,8.639889,726.47626,1773.133,67.28987, Private, HS-grad, Married-civ-spouse, Transport-moving, Husband, White, Male, United-States, <=50K
54.509502,115143.65,13.101411,-999.66986,3.9052477,45.205322, Private, Bachelors, Married-civ-spouse, Adm-clerical, Wife, White, Female, United-States, >50K
38.267105,128862.05,13.029855,-350.99908,-12.453906,49.884506, Private, Bachelors, Divorced, Prof-specialty, Wife, White, Female, United-States, <=50K
56.492004,128666.28,9.037768,1457.6327,-17.1813,51.830917, Private, HS-grad, Never-married, Exec-managerial, Not-in-family, White, Female, United-States, <=50K
36.803318,73418.48,9.299821,6220.4326,-15.220996,3.6230333, Private, HS-grad, Never-married, Machine-op-inspct, Own-child, White, Male, United-States, <=50K
25.52063,471821.2,10.002083,263.987,10.911672,42.555054, Private, Some-college, Never-married, Adm-clerical, Unmarried, White, Female, United-States, <=50K
21.321608,47939.58,9.136657,770.0402,40.766018,20.166523, Private, HS-grad, Never-married, Machine-op-inspct, Not-in-family, White, Female, United-States, <=50K
49.376976,75828.76,9.545229,-620.5256,26.074049,29.872547, Private, HS-grad, Married-civ-spouse, Other-service, Husband, White, Male, United-States, <=50K
44.64087,199206.33,10.01737,-490.59918,-48.855343,45.59075, Private, Assoc-voc, Divorced, Sales, Unmarried, White, Female, United-States, <=50K
35.802284,580302.8,9.891244,572.4768,-23.211458,46.650852, Private, Some-college, Married-civ-spouse, Sales, Husband, White, Male, United-States, <=50K
52.77355,115200.88,14.28884,-648.3846,135.66002,41.37308, Private, Bachelors, Married-civ-spouse, Prof-specialty, Husband, White, Male, United-States, >50K
25.473665,75052.21,8.656057,2652.7478,-3.832652,55.551514, Private, HS-grad, Never-married, Transport-moving, Not-in-family, White, Male, United-States, <=50K
34.488533,139268.64,8.730754,-582.3476,12.292363,38.125122, Private, HS-grad, Never-married, Craft-repair, Own-child, White, Male, United-States, <=50K
47.539967,154259.11,9.523467,-424.18976,9.874455,45.3932, Private, Some-college, Divorced, Transport-moving, Not-in-family, White, Male, United-States, <=50K
57.66856,28845.625,13.703018,-93.413155,24.055754,47.903564, Private, Bachelors, Divorced, Prof-specialty, Not-in-family, White, Female, United-States, >50K
29.592985,168067.2,8.7774935,-1140.5222,16.645811,35.03441, Private, HS-grad, Married-civ-spouse, Other-service, Wife, White, Female, United-States, <=50K
37.30872,-6357.2964,10.229008,-216.20941,21.891058,35.317097, Private, Some-college, Divorced, Machine-op-inspct, Unmarried, White, Female, United-States, <=50K
31.622227,137864.33,9.139565,-1289.9785,5.9144335,55.96851, Private, HS-grad, Married-civ-spouse, Prof-specialty, Husband, White, Male, United-States, >50K
31.77114,66930.81,11.27933,-640.1584,48.87353,34.3445, Private, Bachelors, Married-civ-spouse, Craft-repair, Husband, White, Male, United-States, >50K
31.876404,93475.06,6.6287045,-294.04034,29.2143,36.79264, Private, HS-grad, Married-civ-spouse, Craft-repair, Husband, White, Male, United-States, <=50K
36.703365,172259.27,9.818838,-511.08173,-8.089305,53.147243, Private, Some-college, Married-civ-spouse, Handlers-cleaners, Husband, White, Male, United-States, <=50K
28.110413,34898.17,8.803752,1030.928,-14.882548,39.306282, Private, HS-grad, Never-married, Adm-clerical, Not-in-family, White, Female, United-States, <=50K
28.683546,169362.39,8.36004,-595.26825,14.898694,41.050545, Private, Some-college, Divorced, Other-service, Not-in-family, White, Female, United-States, <=50K
45.44682,209726.06,8.897547,89.215385,5.759633,37.349564, Private, HS-grad, Married-civ-spouse, Craft-repair, Husband, White, Male, United-States, <=50K
30.563051,293499.8,7.978786,-1336.541,-14.464602,47.87258, Private, HS-grad, Married-civ-spouse, Craft-repair, Husband, White, Male, United-States, <=50K
44.759964,139400.12,13.262798,-1030.4973,1939.7374,44.464626, Private, Bachelors, Married-civ-spouse, Sales, Husband, White, Male, United-States, >50K
44.623306,175903.47,13.02181,11579.732,35.49955,42.35765, Private, Bachelors, Married-civ-spouse, Exec-managerial, Husband, White, Male, United-States, >50K
56.569023,60160.875,4.8467083,-410.2431,16.242277,54.3387, Private, Some-college, Divorced, Craft-repair, Husband, White, Male, United-States, <=50K
34.675644,112588.56,8.784984,3626.176,6.084096,37.05706, Private, HS-grad, Married-civ-spouse, Craft-repair, Wife, White, Female, United-States, >50K
47.00256,189154.05,8.712313,182.5686,-35.53632,40.02485, Private, HS-grad, Separated, Exec-managerial, Not-in-family, White, Male, United-States, <=50K
40.340534,173583.1,11.519163,-82.959175,6.8919954,37.046627, Private, Bachelors, Married-civ-spouse, Craft-repair, Husband, White, Male, United-States, <=50K
25.156727,203207.48,9.117256,-571.59845,-38.14786,29.462324, Private, HS-grad, Never-married, Prof-specialty, Own-child, White, Female, United-States, <=50K
46.73121,163356.28,13.929047,-889.3908,6.6848726,70.410446, Private, Bachelors, Married-civ-spouse, Prof-specialty, Husband, White, Male, United-States, <=50K
42.898106,39340.39,12.360623,-950.44305,-18.922396,41.42053, Private, Bachelors, Divorced, Sales, Unmarried, White, Female, United-States, <=50K
35.31864,326452.03,8.496901,-937.05914,2.0947847,41.202885, Private, HS-grad, Divorced, Machine-op-inspct, Not-in-family, White, Male, United-States, <=50K
50.08879,84752.625,8.839254,-65.45844,-9.032016,38.03399, Private, HS-grad, Separated, Craft-repair, Husband, White, Male, United-States, <=50K
33.1427,152336.77,9.581502,22392.932,18.802984,45.197758, Private, HS-grad, Married-civ-spouse, Machine-op-inspct, Husband, White, Male, United-States, >50K
32.312725,121184.63,9.652596,-616.36945,0.37439454,40.942417, Private, Some-college, Married-civ-spouse, Sales, Husband, White, Male, United-States, <=50K
33.18404,134408.7,8.6391735,-170.05865,40.73914,45.427635, Private, HS-grad, Never-married, Craft-repair, Other-relative, White, Male, United-States, <=50K
56.487366,132210.31,13.269312,-676.09283,10.360578,41.86741, Private, Bachelors, Married-civ-spouse, Prof-specialty, Husband, White, Male, United-States, <=50K
33.213066,159941.64,9.939369,-343.5207,21.580656,33.11295, Private, Some-college, Never-married, Adm-clerical, Husband, White, Male, United-States, <=50K
42.674656,68077.3,9.279762,751.92377,-25.548906,39.367096, Private, HS-grad, Divorced, Craft-repair, Not-in-family, White, Female, United-States, <=50K
58.456127,87285.086,8.88204,-740.05206,-39.67568,27.288763, Private, HS-grad, Divorced, Protective-serv, Not-in-family, White, Female, United-States, <=50K
42.915424,444796.97,5.080651,-724.5776,29.699514,48.28623, Private, Some-college, Married-civ-spouse, Craft-repair, Husband, White, Male, United-States, <=50K
49.31474,293211.1,9.771669,-735.34406,-4.3610106,45.99936, Private, Some-college, Married-civ-spouse, Exec-managerial, Husband, White, Male, United-States, >50K
31.722878,60200.58,9.958242,-170.39081,-34.88982,39.903843, Private, Some-college, Divorced, Adm-clerical, Other-relative, White, Female, United-States, <=50K
23.62531,132331.86,8.853036,-520.58246,-3.9280272,41.99071, Private, HS-grad, Never-married, Craft-repair, Own-child, White, Male, United-States, <=50K
47.14925,290143.0,3.7425656,-153.49286,1.711568,37.65084, Private, Some-college, Married-civ-spouse, Protective-serv, Husband, White, Male, United-States, <=50K
39.272865,364399.25,9.177527,-766.7481,-9.256938,47.872173, Private, HS-grad, Divorced, Prof-specialty, Not-in-family, White, Male, United-States, <=50K
17.576654,196531.48,9.558759,22.141659,3.5589876,41.06781, Private, Some-college, Never-married, Craft-repair, Not-in-family, White, Male, United-States, <=50K
34.708397,170401.23,5.289465,-452.8692,17.915823,43.06818, Private, HS-grad, Married-civ-spouse, Other-service, Husband, White, Male, United-States, <=50K
20.523556,257850.73,12.342113,-521.43195,45.71039,22.19785, Private, Bachelors, Never-married, Adm-clerical, Own-child, White, Male, United-States, <=50K
21.040178,251889.72,8.836572,160.38751,-17.399584,43.99014, Private, HS-grad, Never-married, Sales, Own-child, White, Female, United-States, <=50K
52.868427,94046.14,9.142368,-1300.0212,9.913121,46.804462, Private, HS-grad, Married-civ-spouse, Craft-repair, Husband, White, Male, United-States, >50K
17.69743,21482.14,13.213757,-365.83136,0.79931366,40.878857, Private, Bachelors, Never-married, Prof-specialty, Own-child, White, Female, United-States, <=50K
20.660608,193302.47,8.977464,-533.325,-26.542116,39.41606, Private, HS-grad, Separated, Exec-managerial, Own-child, White, Female, United-States, <=50K
28.658905,30200.89,7.366083,-222.60846,10.160039,31.458359, Private, Some-college, Never-married, Craft-repair, Own-child, White, Female, United-States, <=50K
33.312744,230711.6,4.4155354,-123.411934,-23.120287,21.255919, ?, Some-college, Divorced, ?, Not-in-family, White, Male, United-States, <=50K
38.215824,139882.45,8.707885,182.08392,4.6207323,40.131565, Private, HS-grad, Married-civ-spouse, Transport-moving, Husband, White, Male, United-States, <=50K
19.738834,288372.5,9.888213,-598.3223,-27.56853,19.719967, Private, Some-college, Never-married, Protective-serv, Own-child, White, Male, United-States, <=50K
37.13779,167848.38,9.167279,82.188835,42.199646,-9.820681, Private, HS-grad, Never-married, Machine-op-inspct, Own-child, White, Male, United-States, <=50K
28.196375,109510.95,8.513315,-974.11224,4.0849504,23.557428, Private, HS-grad, Never-married, Other-service, Own-child, White, Male, United-States, <=50K
35.389355,304143.38,13.2595005,-741.2176,1795.2476,43.598164, Private, Bachelors, Married-civ-spouse, Protective-serv, Husband, White, Male, United-States, >50K
54.673218,308224.72,12.569994,18108.023,-15.668109,39.883923, Private, Bachelors, Divorced, Adm-clerical, Not-in-family, White, Male, United-States, >50K
56.332256,218403.81,9.415934,662.4225,-27.48498,45.24614, Private, HS-grad, Never-married, Handlers-cleaners, Unmarried, White, Female, United-States, <=50K
67.984085,191628.31,7.1064715,-497.34625,-24.280756,46.675705, Private, HS-grad, Divorced, Transport-moving, Unmarried, White, Female, United-States, <=50K
26.821903,203479.52,9.808698,-1109.127,24.160246,41.75804, Private, Some-college, Married-civ-spouse, Machine-op-inspct, Husband, White, Male, United-States, <=50K
15.868596,143892.36,7.3637724,0.16045737,16.387396,26.651213, ?, HS-grad, Never-married, ?, Own-child, White, Female, United-States, <=50K
23.851395,295584.88,12.416998,-600.0806,4.5840273,45.30274, Private, Bachelors, Never-married, Prof-specialty, Not-in-family, White, Male, United-States, <=50K
69.191124,415863.7,9.115902,-573.0496,-24.554537,42.056866, Private, HS-grad, Married-civ-spouse, Prof-specialty, Husband, White, Male, United-States, >50K
25.428808,196531.12,5.035096,-144.85419,3.4671907,42.105717, Private, Some-college, Separated, Craft-repair, Not-in-family, White, Male, United-States, <=50K
37.211136,159841.95,13.561689,8048.44,-18.122995,45.805107, Private, Bachelors, Married-civ-spouse, Exec-managerial, Own-child, White, Male, United-States, >50K
52.86893,40245.28,9.155824,-385.6325,8.944081,42.129276, Private, Some-college, Divorced, Other-service, Not-in-family, White, Male, United-States, <=50K
30.906563,368971.75,9.674369,-13.796452,-24.367525,44.241856, Private, Some-college, Separated, Prof-specialty, Unmarried, White, Female, United-States, <=50K
42.56945,302945.38,12.013775,-165.9704,4.2064333,36.01151, Private, Bachelors, Widowed, Other-service, Not-in-family, White, Female, United-States, <=50K
24.531881,290690.8,9.583892,792.8631,-13.680713,40.21247, Private, HS-grad, Never-married, Exec-managerial, Not-in-family, White, Female, United-States, <=50K
23.143219,157841.86,12.06456,-1039.4526,-31.424837,35.425755, Private, Bachelors, Never-married, Sales, Own-child, White, Female, United-States, <=50K
52.692802,92124.04,8.844855,-680.21967,47.516903,43.07939, Private, HS-grad, Married-civ-spouse, Craft-repair, Husband, White, Male, United-States, <=50K
30.08248,124669.07,8.765069,-507.21307,1.4152957,32.830967, Private, Some-college, Divorced, Other-service, Wife, White, Female, United-States, <=50K
35.335743,130425.88,12.435577,-1503.1211,-2.6230345,40.288357, Private, Bachelors, Never-married, Sales, Own-child, White, Male, United-States, <=50K
47.286068,135634.48,9.791879,172.28937,-5.1575193,49.66016, Private, Some-college, Married-civ-spouse, Sales, Husband, White, Male, United-States, <=50K
43.217686,177915.92,12.022224,-718.73285,31.15322,46.695633, Private, Bachelors, Married-civ-spouse, Adm-clerical, Husband, White, Male, United-States, >50K
33.246662,119613.836,10.36433,-678.2182,16.850782,40.95474, Private, Some-college, Married-civ-spouse, Prof-specialty, Husband, White, Male, United-States, >50K
21.169706,204852.08,9.15439,-1293.0144,47.666912,41.758858, Private, Some-college, Married-civ-spouse, Prof-specialty, Other-relative, White, Male, United-States, <=50K
47.661102,156664.11,14.086431,2307.9104,32.577602,39.480755, Private, Bachelors, Married-civ-spouse, Craft-repair, Husband, White, Male, United-States, >50K
38.525352,55872.094,9.343262,189.23181,-3.3709745,43.387676, Private, Some-college, Married-civ-spouse, Exec-managerial, Husband, White, Male, United-States, >50K
28.462439,300233.28,15.001578,-939.48175,14.86266,33.306072, Private, Bachelors, Never-married, Prof-specialty, Own-child, White, Male, United-States, <=50K
38.53605,40274.97,9.363384,-156.83514,-1.3801373,41.13953, ?, Some-college, Never-married, ?, Not-in-family, White, Female, United-States, <=50K
21.172503,296685.75,5.91619,-435.47296,7.6088076,41.858917, ?, Some-college, Never-married, ?, Own-child, White, Male, United-States, <=50K
30.891655,127037.76,5.925689,230.70331,-3.3276854,35.48069, Private, Some-college, Married-civ-spouse, Craft-repair, Husband, White, Male, United-States, <=50K
33.501705,134548.47,13.427726,-410.13678,28.216627,33.6863, Private, Bachelors, Never-married, Prof-specialty, Not-in-family, White, Male, United-States, <=50K
61.76551,186280.08,9.674013,-973.3156,10.532811,40.745438, Private, Some-college, Married-civ-spouse, Transport-moving, Husband, White, Male, United-States, >50K
42.90599,104313.24,9.646353,-1210.0901,-25.9032,46.733513, Private, Some-college, Married-civ-spouse, Sales, Husband, White, Male, United-States, >50K
42.936,261871.31,8.916844,-512.62714,-4.0291243,39.45699, Private, HS-grad, Divorced, Adm-clerical, Unmarried, White, Female, United-States, <=50K
54.69127,206530.72,11.854489,159.271,18.255377,33.94799, Private, Bachelors, Widowed, Adm-clerical, Not-in-family, White, Female, United-States, <=50K
28.110723,63724.086,9.847222,-1510.792,11.155065,42.92914, Private, Some-college, Married-civ-spouse, Tech-support, Husband, White, Male, United-States, <=50K
28.106714,242971.53,9.909505,-201.02667,4.898816,39.16988, Private, Some-college, Never-married, Craft-repair, Not-in-family, White, Male, United-States, <=50K
21.421911,197260.58,7.638811,-404.97028,22.89665,51.197693, Private, HS-grad, Never-married, Machine-op-inspct, Not-in-family, White, Male, United-States, <=50K
70.82225,150904.12,9.108275,150.54755,1.9087573,24.321007, Private, HS-grad, Widowed, ?, Not-in-family, White, Female, United-States, <=50K
48.75746,92290.17,8.769718,10451.099,54.183357,39.049915, Private, HS-grad, Married-civ-spouse, Transport-moving, Husband, White, Male, United-States, <=50K
26.95325,204126.23,4.862773,-1172.8716,-17.103647,30.036451, Private, Some-college, Married-civ-spouse, Sales, Wife, White, Female, United-States, <=50K
26.662436,222907.66,8.7223015,-451.1148,-2.3496733,33.91823, Private, HS-grad, Divorced, Sales, Not-in-family, White, Female, United-States, <=50K
49.68161,178346.84,8.628859,-687.08124,-3.6458235,53.653263, Private, HS-grad, Married-civ-spouse, Handlers-cleaners, Husband, White, Male, United-States, >50K
71.05917,135189.56,8.533757,-858.82623,15.613645,39.206158, Private, HS-grad, Married-civ-spouse, Machine-op-inspct, Husband, White, Male, United-States, >50K
27.547396,158062.92,8.643059,-572.9383,-8.640956,41.905975, Private, HS-grad, Separated, Other-service, Not-in-family, White, Male, United-States, <=50K
46.83164,153999.45,9.614313,754.169,-2.3820372,36.637913, Private, Some-college, Never-married, Adm-clerical, Unmarried, White, Female, United-States, <=50K
55.876602,554524.5,13.792852,19065.385,-46.759502,37.14939, Private, Bachelors, Married-civ-spouse, Exec-managerial, Own-child, White, Male, United-States, >50K
44.582233,222950.47,8.692203,-586.99286,-23.018076,30.108898, Private, HS-grad, Separated, Adm-clerical, Husband, White, Male, United-States, <=50K
37.7907,213616.44,8.473638,-558.6126,-24.303934,46.745377, Private, Some-college, Married-civ-spouse, Sales, Husband, White, Male, United-States, <=50K
25.949158,153951.53,12.564635,-1808.8069,1569.6377,46.199635, Private, Bachelors, Married-civ-spouse, Prof-specialty, Husband, White, Male, United-States, >50K
23.30465,241167.69,12.545259,-1063.0967,5.458112,39.254246, Private, Bachelors, Never-married, Prof-specialty, Not-in-family, White, Female, United-States, <=50K
30.284615,175301.66,9.305606,236.3714,-15.895877,37.276875, Private, HS-grad, Never-married, Other-service, Not-in-family, White, Female, United-States, <=50K
30.564556,67730.76,9.5642,-518.6691,17.264463,41.99418, Private, Some-college, Married-civ-spouse, Adm-clerical, Husband, White, Male, United-States, <=50K
43.691036,236089.55,8.598459,336.38,8.591237,29.405588, Private, HS-grad, Married-spouse-absent, Other-service, Not-in-family, White, Male, United-States, <=50K
24.748375,189003.19,8.822265,286.29358,-10.957774,40.106674, Private, HS-grad, Never-married, Sales, Not-in-family, White, Male, United-States, <=50K
41.83569,73659.34,9.860131,-852.63995,16.085798,34.10154, Private, Some-college, Married-civ-spouse, Exec-managerial, Husband, White, Male, United-States, >50K
23.109306,213212.81,9.879991,-543.87396,-22.859003,45.815395, Private, Some-college, Never-married, Sales, Own-child, White, Male, United-States, <=50K
25.851965,294391.25,9.266061,-466.2055,-13.111415,43.657925, Private, HS-grad, Never-married, Craft-repair, Not-in-family, White, Male, United-States, <=50K
36.084717,84018.88,5.7511253,-328.22577,38.071938,38.38953, Private, HS-grad, Married-civ-spouse, Craft-repair, Husband, White, Male, United-States, <=50K
23.175936,223652.36,5.9426847,173.51251,16.54283,16.853687, ?, Some-college, Never-married, ?, Own-child, White, Male, United-States, <=50K
30.437302,383524.9,8.852827,-447.14532,-21.239565,41.872135, Private, HS-grad, Married-civ-spouse, Machine-op-inspct, Wife, White, Female, United-States, <=50K
48.53799,390896.94,4.2040606,-222.74457,14.222081,66.98456, Private, Some-college, Married-civ-spouse, Transport-moving, Husband, White, Male, United-States, <=50K
30.619364,116089.52,8.807649,-705.4527,10.906537,42.731434, Private, HS-grad, Married-civ-spouse, Craft-repair, Husband, White, Male, United-States, <=50K
43.666485,264694.6,13.250194,-1370.8027,20.791853,47.95424, Private, Bachelors, Divorced, Handlers-cleaners, Not-in-family, White, Male, United-States, >50K
30.370007,88365.18,6.559256,-62.995426,48.436237,41.04705, Private, Some-college, Never-married, Machine-op-inspct, Not-in-family, White, Male, United-States, <=50K
61.467094,141597.78,12.187492,-23.61591,13.932546,42.355747, Private, Bachelors, Married-spouse-absent, Craft-repair, Not-in-family, White, Male, United-States, <=50K
36.99885,70209.125,14.001036,-701.1785,27.726366,42.362072, Private, Bachelors, Never-married, Prof-specialty, Own-child, White, Male, United-States, <=50K
30.35634,205775.03,7.0056295,-584.04315,-8.333529,48.828197, Private, Some-college, Married-civ-spouse, Craft-repair, Husband, White, Male, United-States, <=50K
54.07899,100744.22,5.8968873,-239.9002,4.085538,29.95481, Private, HS-grad, Married-civ-spouse, Exec-managerial, Husband, White, Male, United-States, <=50K
38.603764,32489.078,8.653121,316.64362,21.967505,41.373596, Private, HS-grad, Divorced, Craft-repair, Own-child, White, Male, United-States, <=50K
33.54196,82869.74,11.668477,-571.6849,50.853455,43.423836, Private, Assoc-acdm, Married-spouse-absent, Machine-op-inspct, Not-in-family, White, Male, United-States, <=50K
39.19306,193946.72,10.383724,-375.97394,20.522093,42.674866, Private, HS-grad, Married-civ-spouse, Craft-repair, Husband, White, Male, United-States, >50K
62.006386,159719.81,12.902935,971.0195,-23.29249,38.337383, Private, Bachelors, Divorced, Prof-specialty, Not-in-family, White, Female, United-States, <=50K
67.3898,212874.48,11.30358,-1447.6216,24.122713,18.465355, Private, Assoc-voc, Married-civ-spouse, Protective-serv, Husband, White, Male, United-States, <=50K
61.343243,133376.89,8.884914,18.067684,-5.462764,31.116186, Private, HS-grad, Divorced, Prof-specialty, Unmarried, White, Female, United-States, <=50K
50.813755,200653.95,8.879712,-44.69367,19.527517,42.193974, Private, HS-grad, Married-civ-spouse, Transport-moving, Husband, White, Male, United-States, <=50K
22.885958,254541.48,8.830195,-440.45074,-16.50184,27.988873, Private, Some-college, Never-married, Transport-moving, Own-child, White, Male, United-States, <=50K
58.144176,15260.798,11.268178,-10.434635,20.062063,16.38232, Private, Assoc-voc, Married-civ-spouse, Craft-repair, Husband, White, Male, United-States, <=50K
27.688745,423553.38,12.980113,-72.655464,27.7573,36.648186, ?, Bachelors, Married-civ-spouse, ?, Husband, White, Male, United-States, <=50K
27.944248,141281.48,7.055716,-904.7266,4.866452,41.518127, Private, Some-college, Married-civ-spouse, Exec-managerial, Husband, White, Male, United-States, <=50K
46.45626,230242.28,6.601063,302.3058,-16.565569,36.239365, Private, HS-grad, Widowed, Other-service, Unmarried, White, Female, United-States, <=50K
43.6475,18796.328,8.853129,393.0061,-16.037012,35.850224, Private, HS-grad, Widowed, Craft-repair, Not-in-family, White, Female, United-States, <=50K
38.437557,109217.33,10.153391,6153.2856,-17.106188,45.216225, Private, Some-college, Married-civ-spouse, Sales, Husband, White, Male, United-States, >50K
51.81664,54209.11,12.877159,7522.669,-6.40948,33.481525, Private, Bachelors, Married-civ-spouse, Exec-managerial, Husband, White, Male, United-States, >50K
36.46795,72802.305,9.790124,-1414.4207,11.731824,40.090088, Private, Some-college, Married-civ-spouse, Transport-moving, Husband, White, Male, United-States, >50K
39.483414,158700.38,9.623559,-454.04303,6.2690325,46.82325, Private, Some-college, Divorced, Exec-managerial, Other-relative, White, Female, United-States, <=50K
35.359875,173806.67,12.566698,-294.61542,12.229039,8.120684, Private, Bachelors, Married-civ-spouse, Adm-clerical, Wife, White, Female, United-States, <=50K
51.595665,198004.1,8.539422,-735.7205,18.1359,47.21893, Private, Some-college, Married-civ-spouse, Other-service, Husband, White, Male, United-States, >50K
41.88053,97501.266,9.260912,-497.6231,398.93002,38.86991, Private, Assoc-voc, Married-civ-spouse, Handlers-cleaners, Husband, White, Male, United-States, >50K
36.894604,108499.19,7.9382005,108.290215,-24.190348,69.011566, Private, HS-grad, Divorced, Adm-clerical, Unmarried, White, Female, United-States, <=50K
42.663975,176152.05,9.73153,79.871086,-32.676083,45.485443, Private, Some-college, Married-civ-spouse, Exec-managerial, Husband, White, Male, United-States, >50K
31.06311,94713.87,9.691659,-771.1142,-17.509508,41.656685, Private, Some-college, Never-married, Craft-repair, Unmarried, White, Male, United-States, <=50K
64.295616,320598.9,13.0058,-117.330025,14.301953,40.585358, Private, Bachelors, Married-civ-spouse, Exec-managerial, Husband, White, Male, United-States, >50K
45.02742,379646.28,7.0321546,-438.07037,38.59146,40.590736, Private, HS-grad, Divorced, Machine-op-inspct, Not-in-family, White, Male, United-States, <=50K
59.80761,89832.31,8.787812,-938.1165,19.434668,46.385677, Private, HS-grad, Married-civ-spouse, Craft-repair, Husband, White, Male, United-States, >50K
36.75838,74388.89,12.6210985,-718.347,27.226675,44.675907, Private, Bachelors, Married-civ-spouse, Machine-op-inspct, Husband, White, Male, United-States, <=50K
44.9221,188510.4,8.502925,-314.16937,-2.5129347,44.73448, Private, HS-grad, Married-civ-spouse, Machine-op-inspct, Husband, White, Male, United-States, <=50K
22.178324,120726.305,8.912233,-541.54034,-11.621997,32.46181, Private, HS-grad, Married-civ-spouse, Other-service, Own-child, White, Male, United-States, <=50K
27.988792,92047.09,8.955845,1277.7067,1.119939,40.340084, Private, HS-grad, Never-married, Machine-op-inspct, Not-in-family, White, Male, United-States, <=50K
15.547002,128912.35,8.674452,-947.3923,3.4428377,24.61313, Private, HS-grad, Never-married, Other-service, Own-child, White, Female, United-States, <=50K
30.706823,266117.6,9.736644,-443.16412,1113.605,40.576477, Private, Some-college, Separated, Exec-managerial, Own-child, White, Female, United-States, <=50K
25.28863,293278.44,2.3182263,-21.374454,-4.405284,42.42119, Private, Some-college, Married-spouse-absent, Sales, Not-in-family, White, Female, United-States, <=50K
21.47744,132611.3,9.533816,-73.6197,-8.777682,36.37982, ?, Some-college, Never-married, ?, Own-child, White, Male, United-States, <=50K
28.972588,267353.38,9.663124,-743.6702,3.1587572,39.50302, Private, Some-college, Married-civ-spouse, Exec-managerial, Wife, White, Female, United-States, <=50K
17.371828,309068.38,10.125499,-195.08514,-1.5266141,28.785511, Private, Some-college, Never-married, Other-service, Own-child, White, Female, United-States, <=50K
48.982826,117764.21,9.872864,117.992,5.790921,51.61136, Private, HS-grad, Divorced, Other-service, Not-in-family, White, Female, United-States, <=50K
40.203438,126474.22,8.821235,-677.5804,31.731176,39.856476, Private, HS-grad, Married-civ-spouse, Other-service, Husband, White, Male, United-States, <=50K
34.428757,318252.97,12.668927,-660.4517,-0.66948974,52.0027, Private, Bachelors, Married-civ-spouse, Prof-specialty, Husband, White, Male, United-States, >50K
45.039143,95056.76,6.3837714,-69.16096,12.326695,30.672718, Private, Some-college, Married-civ-spouse, Sales, Husband, White, Male, United-States, <=50K
59.869568,168681.86,8.585987,-1305.6113,7.1554003,44.617764, Private, HS-grad, Married-civ-spouse, Machine-op-inspct, Husband, White, Male, United-States, <=50K
30.388224,199695.12,8.745057,-629.97516,42.020706,53.663677, Private, HS-grad, Separated, Farming-fishing, Husband, White, Male, United-States, <=50K
35.837017,97613.89,12.105438,-696.4659,-3.1374464,45.49903, Private, Bachelors, Married-civ-spouse, Sales, Husband, White, Male, United-States, >50K
60.625057,51386.53,8.530631,-308.15887,-1.7207822,41.42938, Private, HS-grad, Divorced, Other-service, Unmarried, White, Male, United-States, <=50K
39.217236,315837.56,8.369111,117.98638,-30.697527,31.043182, Private, HS-grad, Married-civ-spouse, Craft-repair, Wife, White, Female, United-States, >50K
46.20182,269859.72,8.248986,-1678.5276,-5.542918,41.80325, Private, Some-college, Divorced, Craft-repair, Other-relative, White, Male, United-States, >50K
36.04635,118969.58,8.84504,-125.69184,15.1303,46.383827, Private, HS-grad, Married-civ-spouse, Craft-repair, Husband, White, Male, United-States, <=50K
35.861675,236875.6,11.908152,-2357.6296,-0.0002545256,42.124424, ?, Bachelors, Married-civ-spouse, ?, Wife, White, Female, United-States, >50K
40.26589,236211.42,8.695637,-579.4388,0.8808185,50.600937, Private, HS-grad, Married-civ-spouse, Prof-specialty, Husband, White, Male, United-States, <=50K
89.736984,241477.67,5.3987255,-1724.2771,22.400038,37.82004, Private, HS-grad, Married-civ-spouse, Exec-managerial, Other-relative, White, Male, United-States, <=50K
50.47119,33550.688,10.980686,-110.85053,-4.1433973,47.503845, Private, Assoc-acdm, Married-civ-spouse, Protective-serv, Husband, White, Male, United-States, >50K
49.19086,88210.625,8.729178,-214.26508,23.896852,44.915676, Private, HS-grad, Married-civ-spouse, Other-service, Husband, White, Male, United-States, <=50K
20.325281,82664.03,11.886033,-343.6004,-4.1718397,39.71006, Private, Assoc-voc, Never-married, Adm-clerical, Own-child, White, Female, United-States, <=50K
24.702116,203328.61,9.401479,-946.9725,-6.9752073,46.37244, Private, HS-grad, Divorced, Craft-repair, Not-in-family, White, Male, United-States, <=50K
48.85656,149803.36,9.897416,-1045.1953,33.10061,75.196365, Private, Some-college, Married-civ-spouse, Exec-managerial, Husband, White, Male, United-States, <=50K
45.868233,66902.68,12.660884,-599.2027,17.39408,46.235798, Private, Bachelors, Married-civ-spouse, Machine-op-inspct, Husband, White, Male, United-States, <=50K
43.79884,70562.586,13.94284,7826.723,29.835524,44.248745, Private, Bachelors, Married-civ-spouse, Exec-managerial, Husband, White, Male, United-States, >50K
58.08658,288680.34,3.4039793,-691.7841,-12.223727,39.53981, Private, HS-grad, Married-civ-spouse, Machine-op-inspct, Husband, White, Male, United-States, <=50K
47.100887,109444.82,8.928249,-893.6757,9.65125,40.514084, Private, HS-grad, Married-civ-spouse, Craft-repair, Husband, White, Male, United-States, <=50K
51.611126,218473.64,9.954943,-370.12787,-6.184512,38.449417, Private, Some-college, Married-civ-spouse, Handlers-cleaners, Wife, White, Female, United-States, <=50K
46.844624,160539.53,9.090981,-1244.9429,23.31098,40.36244, Private, HS-grad, Married-civ-spouse, Craft-repair, Husband, White, Male, United-States, >50K
41.619316,153229.34,10.05088,-224.94794,17.09561,45.217415, ?, HS-grad, Married-civ-spouse, ?, Husband, White, Male, United-States, <=50K
46.455215,270080.0,12.771982,-644.2354,12.6564,22.54082, Private, Bachelors, Married-civ-spouse, Prof-specialty, Own-child, White, Male, United-States, <=50K
37.688465,180691.55,8.839576,-894.8936,-45.269756,46.922207, Private, HS-grad, Never-married, Sales, Own-child, White, Female, United-States, <=50K
31.469898,207004.53,11.547898,-762.2109,22.364737,40.109856, Private, Bachelors, Married-civ-spouse, Sales, Husband, White, Male, United-States, <=50K
28.586296,77806.805,9.054563,-136.07819,-32.71107,33.49612, Private, HS-grad, Never-married, Prof-specialty, Not-in-family, White, Male, United-States, <=50K
34.967194,212584.11,5.5626035,-458.61566,-5.8725233,43.895744, Private, Some-college, Married-civ-spouse, Transport-moving, Not-in-family, White, Male, United-States, <=50K
45.796795,244047.47,12.816113,167.10187,12.602254,48.60771, Private, Bachelors, Divorced, Exec-managerial, Not-in-family, White, Female, United-States, <=50K
27.481316,146678.3,11.660808,-233.11798,22.673368,46.018208, Private, Assoc-voc, Married-civ-spouse, Prof-specialty, Husband, White, Male, United-States, >50K
73.5095,129486.2,8.707902,4475.2,-12.125796,40.418076, Private, HS-grad, Married-civ-spouse, Protective-serv, Husband, White, Male, United-States, >50K
24.785704,172889.48,9.425468,-1074.9863,-7.890315,41.423664, Private, Some-college, Divorced, Craft-repair, Unmarried, White, Male, United-States, <=50K
36.748062,67009.445,10.003296,-673.2337,-10.210208,37.196457, Private, Some-college, Never-married, Adm-clerical, Other-relative, White, Male, United-States, <=50K
58.02079,131837.53,12.969732,397.68805,55.276237,67.93542, Private, Bachelors, Divorced, Exec-managerial, Not-in-family, White, Female, United-States, <=50K
23.509245,86096.945,9.979957,410.71558,-16.698755,33.25494, Private, Some-college, Never-married, Tech-support, Unmarried, White, Female, United-States, <=50K
59.873566,59817.406,8.909136,1111.2429,20.382032,34.4729, Private, HS-grad, Married-civ-spouse, Machine-op-inspct, Husband, White, Male, United-States, <=50K
36.330544,171986.14,12.687262,-624.94354,-20.006205,39.071537, Private, Bachelors, Divorced, Adm-clerical, Unmarried, White, Male, United-States, <=50K
45.964893,301421.75,13.3920965,-834.8133,-11.142047,42.41488, Private, Bachelors, Married-civ-spouse, Prof-specialty, Other-relative, White, Female, United-States, >50K
51.588047,436281.8,9.750982,-774.2458,37.753136,46.421787, Private, Some-college, Divorced, Other-service, Not-in-family, White, Male, United-States, <=50K
25.281643,157795.05,12.048189,895.75757,10.667661,22.79772, Private, Assoc-acdm, Married-civ-spouse, Craft-repair, Wife, White, Female, United-States, <=50K
43.326138,66425.11,9.634436,-1535.9121,-8.062602,79.9114, Private, Some-college, Married-civ-spouse, Exec-managerial, Other-relative, White, Male, United-States, <=50K
24.207153,230853.7,8.822589,-895.6729,49.04657,38.385468, Private, HS-grad, Divorced, Adm-clerical, Not-in-family, White, Female, United-States, <=50K
57.57445,187423.05,4.3576236,-42.109318,-23.758028,32.277294, Private, Some-college, Married-civ-spouse, Handlers-cleaners, Husband, White, Male, United-States, <=50K
25.822727,274689.1,9.067181,-459.3349,-16.389902,35.938, Private, HS-grad, Never-married, Sales, Not-in-family, White, Male, United-States, <=50K
45.515224,115684.68,11.832855,12752.032,-38.178783,33.816845, Private, Assoc-acdm, Married-civ-spouse, Sales, Husband, White, Male, United-States, >50K
37.538593,130191.71,9.655719,-233.5091,-8.77035,35.40388, Private, Some-college, Divorced, Protective-serv, Not-in-family, White, Male, United-States, <=50K
61.45642,101940.12,8.593675,-659.48456,-1.296359,46.18972, Private, HS-grad, Married-civ-spouse, Adm-clerical, Husband, White, Male, United-States, <=50K
33.774055,142559.11,9.005314,-888.4653,2.5027895,40.508747, Private, HS-grad, Married-civ-spouse, Craft-repair, Husband, White, Male, United-States, <=50K
42.85161,226993.8,9.6925535,330.15894,21.17671,31.164925, Private, Some-college, Never-married, Other-service, Not-in-family, White, Male, United-States, <=50K
22.293484,159427.23,10.251207,-895.0003,42.657345,38.585556, Private, Assoc-acdm, Separated, Exec-managerial, Own-child, White, Female, United-States, <=50K
54.273495,234962.8,8.725685,-326.50873,-39.541378,29.32613, Private, HS-grad, Never-married, Craft-repair, Own-child, White, Male, United-States, <=50K
30.800886,48817.14,8.866383,-1101.5203,-9.64284,41.507954, Private, Some-college, Married-civ-spouse, Sales, Husband, White, Male, United-States, <=50K
46.177784,298102.56,4.719583,-455.45953,-5.67953,46.061367, Private, Some-college, Married-civ-spouse, Exec-managerial, Husband, White, Male, United-States, <=50K
48.077858,376232.78,13.664862,-1154.4187,1631.7429,34.480118, Private, Bachelors, Never-married, Tech-support, Not-in-family, White, Male, United-States, <=50K
74.31991,185913.11,7.6681223,-805.993,17.748274,38.422474, ?, HS-grad, Married-civ-spouse, ?, Husband, White, Male, United-States, >50K
49.50127,209331.06,13.831379,-177.34076,29.292017,35.708954, Private, Bachelors, Married-civ-spouse, Prof-specialty, Husband, White, Male, United-States, <=50K
30.651165,72965.65,8.696529,925.2142,24.921766,38.971535, Private, HS-grad, Separated, Machine-op-inspct, Unmarried, White, Female, United-States, <=50K
51.56059,99556.99,12.252172,-1643.1953,3.8948488,32.241936, Private, Bachelors, Married-civ-spouse, Protective-serv, Husband, White, Male, United-States, <=50K
31.50533,189130.98,8.887619,-863.94696,1706.641,33.884586, Private, HS-grad, Separated, Prof-specialty, Not-in-family, White, Male, United-States, <=50K
37.697807,163015.88,8.363352,-684.2967,22.659933,44.68296, Private, HS-grad, Married-civ-spouse, Machine-op-inspct, Husband, White, Male, United-States, <=50K
24.00515,170643.9,11.874664,3035.6235,-7.6673,60.53048, Private, Bachelors, Married-civ-spouse, Prof-specialty, Husband, White, Male, United-States, >50K
24.332006,219573.1,8.816301,-699.55035,0.61652863,40.714367, Private, HS-grad, Never-married, Transport-moving, Not-in-family, White, Male, United-States, <=50K
50.303673,284925.97,14.733966,-952.9604,18.869871,45.994, Private, Bachelors, Married-civ-spouse, Prof-specialty, Husband, White, Male, United-States, <=50K
27.785042,104042.86,9.035007,-350.92133,34.03211,33.006718, Private, HS-grad, Married-civ-spouse, Prof-specialty, Husband, White, Male, United-States, <=50K
51.725555,92324.6,9.112968,237.36224,13.901883,23.645407, Private, HS-grad, Never-married, Adm-clerical, Not-in-family, White, Male, United-States, <=50K
44.878708,78435.44,8.711859,-465.86713,7.948598,73.63333, Private, HS-grad, Married-civ-spouse, Transport-moving, Husband, White, Male, United-States, <=50K
52.999607,183955.56,9.482646,-1029.5969,-12.466136,53.987133, Private, HS-grad, Married-civ-spouse, Adm-clerical, Husband, White, Male, United-States, >50K
16.964188,218341.66,9.499697,-428.97968,-6.026469,38.556297, ?, Some-college, Separated, ?, Own-child, White, Female, United-States, <=50K
48.752132,61731.508,9.828256,-707.5993,8.633977,34.47671, Private, Some-college, Married-civ-spouse, Handlers-cleaners, Husband, White, Male, United-States, <=50K
27.868603,53493.047,9.6872,-103.64057,36.74199,36.766037, ?, Some-college, Married-civ-spouse, ?, Own-child, White, Female, United-States, <=50K
29.666637,147373.05,12.819076,-812.5162,13.450543,44.43143, Private, Bachelors, Never-married, Adm-clerical, Own-child, White, Female, United-States, <=50K
23.14359,106613.19,8.11519,19.00079,-33.322414,44.11407, ?, HS-grad, Never-married, ?, Own-child, White, Female, United-States, <=50K
23.793873,174045.05,13.114863,-335.1181,-3.7552824,73.6506, Private, Bachelors, Never-married, Prof-specialty, Own-child, White, Male, United-States, <=50K
54.759865,199575.56,8.58061,3145.18,-16.175516,39.184998, Private, HS-grad, Married-civ-spouse, Adm-clerical, Husband, White, Male, United-States, >50K
36.3548,128614.24,9.079894,288.49493,13.0967,67.945335, Private, Some-college, Never-married, Other-service, Not-in-family, White, Male, United-States, <=50K
62.475243,359332.44,8.364812,22348.06,-21.349817,41.798862, Private, HS-grad, Married-civ-spouse, Transport-moving, Husband, White, Male, United-States, >50K
29.154816,116323.98,9.096895,174.13818,21.156248,51.183296, Private, HS-grad, Never-married, Other-service, Not-in-family, White, Female, United-States, <=50K
25.780634,285560.7,10.38145,411.37976,21.942327,34.18296, ?, Assoc-acdm, Married-civ-spouse, Handlers-cleaners, Wife, White, Female, United-States, <=50K
36.60205,189313.84,12.848803,-636.2089,-2.5787458,43.059937, Private, Bachelors, Never-married, Exec-managerial, Not-in-family, White, Male, United-States, >50K
34.942947,180350.11,12.304889,-881.01117,-27.287386,37.41269, Private, Bachelors, Never-married, Exec-managerial, Own-child, White, Female, United-States, <=50K
64.02433,191839.67,13.398295,-844.8692,31.605814,31.470362, ?, Bachelors, Married-spouse-absent, ?, Not-in-family, White, Male, United-States, <=50K
26.602917,171791.19,9.9019785,16.926693,1.0782138,38.65011, Private, Some-college, Never-married, Sales, Unmarried, White, Male, United-States, <=50K
41.81049,168740.84,12.870981,-159.82733,-41.994183,31.333899, Private, Bachelors, Separated, Prof-specialty, Unmarried, White, Female, United-States, <=50K
60.259224,383613.25,13.237744,-238.99823,42.173706,49.746124, Private, Bachelors, Divorced, Adm-clerical, Unmarried, White, Female, United-States, <=50K
54.97957,37218.03,8.7781105,-288.0661,-33.771496,67.12619, Private, HS-grad, Never-married, Sales, Other-relative, White, Male, United-States, >50K
33.885296,184675.2,9.367134,-862.46136,-17.492037,45.495255, Private, Some-college, Married-civ-spouse, Sales, Husband, White, Male, United-States, >50K
30.771835,219996.3,12.912441,609.9456,32.074387,40.63078, Private, Bachelors, Married-civ-spouse, Other-service, Husband, White, Male, United-States, >50K
46.215816,251092.97,11.417189,-1038.6223,7.7504625,56.529778, Private, Assoc-voc, Married-civ-spouse, Sales, Husband, White, Male, United-States, <=50K
22.086857,143036.14,10.972896,-779.2961,14.462155,46.724503, Private, Assoc-voc, Married-civ-spouse, Exec-managerial, Husband, White, Male, United-States, <=50K
29.90261,152557.02,13.124901,1920.0972,9.273816,33.337082, Private, Bachelors, Never-married, Tech-support, Not-in-family, White, Female, United-States, <=50K
65.0393,215810.88,14.377857,-1062.197,28.24304,36.660553, Private, Bachelors, Married-civ-spouse, Sales, Husband, White, Male, United-States, >50K
18.643215,237625.8,4.9021807,675.5159,36.746414,38.828156, Private, Some-college, Never-married, Farming-fishing, Unmarried, White, Male, United-States, <=50K
27.099562,130432.45,12.270652,-853.6982,8.783437,25.734848, Private, Bachelors, Married-civ-spouse, Exec-managerial, Wife, White, Female, United-States, <=50K
19.535658,263746.38,9.296504,-436.71417,-32.55846,21.191376, Private, HS-grad, Never-married, Handlers-cleaners, Husband, White, Male, United-States, <=50K
21.515436,28170.516,8.945356,-33.003117,67.353546,40.802235, Private, Some-college, Married-civ-spouse, Prof-specialty, Husband, White, Male, United-States, <=50K
28.8825,297107.5,12.545303,1160.9825,13.709142,39.38258, Private, Bachelors, Never-married, Exec-managerial, Not-in-family, White, Male, United-States, <=50K
36.64188,90324.03,6.9534116,-1050.1375,18.15367,43.491215, Private, HS-grad, Separated, Adm-clerical, Not-in-family, White, Male, United-States, <=50K
64.63111,64840.594,8.811573,-148.52533,4.588849,41.37779, Private, HS-grad, Divorced, Exec-managerial, Not-in-family, White, Female, United-States, <=50K
46.33078,134521.39,8.660341,-1580.4661,-13.783053,42.929615, Private, HS-grad, Married-civ-spouse, Transport-moving, Husband, White, Male, United-States, >50K
34.69955,175098.78,13.193285,-900.99713,14.911824,42.131287, Private, Bachelors, Married-civ-spouse, Prof-specialty, Husband, White, Male, United-States, <=50K
35.875286,339339.78,12.818649,1734.6466,-11.783404,52.838573, Private, Bachelors, Married-civ-spouse, Protective-serv, Husband, White, Male, United-States, >50K
58.10064,1924.7506,7.504612,-358.74957,3.1383486,39.722546, Private, HS-grad, Never-married, Handlers-cleaners, Own-child, White, Male, United-States, <=50K
19.252056,93735.984,9.778651,-233.36957,17.041136,41.802086, Private, Some-college, Never-married, Craft-repair, Own-child, White, Male, United-States, <=50K
62.799046,110477.375,9.154394,-2309.5342,-20.489367,56.568516, Private, HS-grad, Married-civ-spouse, Sales, Husband, White, Male, United-States, >50K
42.662262,110056.516,9.041542,109.14648,-17.958696,6.731806, Private, HS-grad, Never-married, Craft-repair, Own-child, White, Female, United-States, <=50K
32.014984,198075.72,8.956076,-207.19562,-25.715143,39.60537, Private, HS-grad, Never-married, Craft-repair, Unmarried, White, Male, United-States, <=50K
19.50665,180500.53,8.979886,-555.2703,-26.720163,12.76309, Private, HS-grad, Never-married, Craft-repair, Own-child, White, Male, United-States, <=50K
37.63116,387638.66,12.916911,-786.8841,-29.908693,37.85782, Private, Bachelors, Married-civ-spouse, Adm-clerical, Own-child, White, Male, United-States, <=50K
53.532177,134180.47,11.050587,-721.9416,28.901484,39.844124, Private, Bachelors, Married-civ-spouse, Exec-managerial, Husband, White, Male, United-States, >50K
51.353813,108528.29,8.891706,201.07709,-0.16353883,43.66938, Private, HS-grad, Married-civ-spouse, Exec-managerial, Husband, White, Male, United-States, <=50K
44.985252,128597.65,8.69343,394.91193,-22.371431,40.74757, Private, HS-grad, Married-civ-spouse, Craft-repair, Husband, White, Male, United-States, >50K
26.528498,89130.266,4.8630633,-203.90436,21.21198,46.236473, Private, HS-grad, Never-married, Transport-moving, Unmarried, White, Male, United-States, <=50K
53.004894,138048.58,9.560258,-182.73578,1.2013141,45.306763, Private, HS-grad, Never-married, Machine-op-inspct, Not-in-family, White, Female, United-States, <=50K
45.67941,226981.75,15.620653,-1226.9673,46.94485,37.141453, Private, Bachelors, Married-civ-spouse, Prof-specialty, Husband, White, Male, United-States, >50K
28.995413,72637.24,9.108216,-1067.2476,6.5127993,39.903435, Private, Some-college, Married-civ-spouse, Other-service, Husband, White, Male, United-States, <=50K
34.19378,93370.47,13.883196,-225.61029,17.588842,19.936436, Private, Bachelors, Married-civ-spouse, Other-service, Husband, White, Male, United-States, <=50K
52.73344,138863.92,8.951828,-351.78497,6.0676775,54.571472, Private, HS-grad, Never-married, Other-service, Not-in-family, White, Male, United-States, <=50K
61.43929,250010.84,8.8219795,-685.3521,-8.139453,26.962782, Private, HS-grad, Divorced, Sales, Not-in-family, White, Female, United-States, <=50K
43.339386,224515.94,11.934269,-1035.9385,-3.5195951,38.048485, Private, Bachelors, Divorced, Exec-managerial, Other-relative, White, Female, United-States, <=50K
40.21667,161837.14,13.220515,-333.3072,24.370714,50.7601, Private, Bachelors, Married-civ-spouse, Adm-clerical, Husband, White, Male, United-States, >50K
58.162884,151323.25,8.950933,-803.5446,-17.29384,58.795143, Private, HS-grad, Married-civ-spouse, Adm-clerical, Husband, White, Male, United-States, <=50K
17.81494,201574.28,9.889405,358.13922,-36.31692,11.752247, Private, Some-college, Never-married, Tech-support, Own-child, White, Female, United-States, <=50K
40.126877,74928.836,12.342574,65471.51,50.60896,45.6661, Private, Bachelors, Never-married, Adm-clerical, Own-child, White, Male, United-States, >50K
50.820354,408850.28,8.856161,740.98334,8.107488,36.184788, Private, HS-grad, Married-civ-spouse, Exec-managerial, Husband, White, Male, United-States, <=50K
41.683228,180170.78,9.795688,167.19885,12.689359,39.939823, Private, Some-college, Married-civ-spouse, Craft-repair, Husband, White, Male, United-States, <=50K
54.58428,240020.9,2.8922105,146.50714,24.366179,18.76506, Private, Some-college, Widowed, Prof-specialty, Unmarried, White, Female, United-States, <=50K
37.87242,98075.88,9.012895,-294.72064,17.757833,39.993336, Private, HS-grad, Divorced, Exec-managerial, Not-in-family, White, Male, United-States, <=50K
33.87534,266500.3,9.048634,-515.5351,7.188863,48.316193, Private, HS-grad, Married-civ-spouse, Machine-op-inspct, Husband, White, Male, United-States, <=50K
56.87526,281054.7,9.669453,814.6696,-22.809572,40.372616, Private, Some-college, Never-married, Exec-managerial, Not-in-family, White, Male, United-States, <=50K
43.585995,253760.25,8.829436,-728.8404,7.633893,48.787487, Private, HS-grad, Married-civ-spouse, Craft-repair, Husband, White, Male, United-States, >50K
26.761276,41440.266,10.771304,-1051.947,6.4104204,48.07199, Private, Assoc-acdm, Married-spouse-absent, Other-service, Unmarried, White, Female, United-States, <=50K
24.839659,248291.16,9.481922,-100.49421,6.6256456,41.20357, Private, Some-college, Never-married, Other-service, Not-in-family, White, Male, United-States, <=50K
49.947487,93282.95,9.503466,-543.64703,0.11885558,45.51212, Private, Some-college, Widowed, Other-service, Unmarried, White, Female, United-States, <=50K
20.660242,210792.6,11.756496,-915.13873,-14.979854,36.47104, Private, Bachelors, Never-married, Sales, Own-child, White, Female, United-States, <=50K
39.755093,164559.02,12.326032,-1362.9558,-7.181712,47.042313, Private, Bachelors, Married-civ-spouse, Tech-support, Wife, White, Female, United-States, >50K
