39, 77516, 13, 2174, 0, 40, State-gov, Bachelors, Never-married, Adm-clerical, Not-in-family, White, Male, United-States, <=50K
51.353466,148061.69,7.0046315,25.991512,4.6460466,27.953081, State-gov, 11th, Married-civ-spouse, Adm-clerical, Wife, White, Female, United-States, <=50K
46.2547,190002.05,12.496226,14586.908,12.386678,44.596966, Private, Bachelors, Divorced, Sales, Not-in-family, White, Male, United-States, >50K
50.985744,278315.25,9.305104,528.74536,-0.2439145,18.814142, Private, HS-grad, Married-spouse-absent, Other-service, Own-child, White, Male, United-States, <=50K
26.151085,149582.2,10.031865,112.313286,6.7025423,40.564148, Private, Some-college, Never-married, Craft-repair, Own-child, White, Male, United-States, <=50K
17.334753,256238.78,7.5774794,-121.21821,1.7260562,33.0092, Private, 11th, Never-married, Adm-clerical, Own-child, White, Male, United-States, <=50K
31.5364,298035.06,13.00771,-274.4051,-13.584056,56.605152, Private, Bachelors, Married-civ-spouse, Adm-clerical, Wife, White, Male, United-States, >50K
41.452568,299530.28,1.4820633,715.76556,39.476185,70.028145, Private, 10th, Never-married, Adm-clerical, Unmarried, White, Female, United-States, <=50K
32.340008,96686.33,10.026479,27.93768,-10.949145,46.13991, Private, Some-college, Married-civ-spouse, Tech-support, Husband, White, Male, United-States, <=50K
41.227276,358405.2,12.948847,1876.4191,-10.7528105,37.55374, Private, Bachelors, Married-civ-spouse, Prof-specialty, Husband, White, Male, United-States, <=50K
43.989925,191847.52,15.423647,-279.95306,-6.62675,44.551277, Local-gov, Assoc-acdm, Never-married, Prof-specialty, Not-in-family, White, Male, United-States, >50K
19.947699,61750.016,7.0135922,-359.80756,-0.3397168,38.632526, Self-emp-inc, 11th, Never-married, Adm-clerical, Own-child, White, Male, United-States, <=50K
37.306484,187789.78,11.377544,170.17542,-0.666438,36.207695, Private, Assoc-voc, Married-civ-spouse, Sales, Husband, White, Male, United-States, >50K
51.106945,108373.5,9.193652,-119.45698,1375.4175,41.150047, ?, HS-grad, Married-civ-spouse, ?, Husband, White, Male, United-States, <=50K
22.930794,195454.7,11.925339,-254.41998,29.802622,55.860016, Private, Bachelors, Never-married, Prof-specialty, Not-in-family, White, Male, United-States, <=50K
21.80453,205272.69,9.060831,26.838192,3.6891527,43.365654, Private, HS-grad, Never-married, Sales, Own-child, White, Female, United-States, <=50K
37.360962,303687.62,10.011733,92.23119,2.344449,53.646694, Private, Some-college, Divorced, Transport-moving, Not-in-family, White, Male, United-States, >50K
28.893248,388512.4,9.008406,-169.13593,-5.5523863,44.136265, Private, HS-grad, Married-civ-spouse, Adm-clerical, Husband, White, Male, United-States, <=50K
31.152925,63042.25,9.086738,-39.053165,1626.8552,55.122826, Local-gov, HS-grad, Married-civ-spouse, Protective-serv, Husband, White, Male, United-States, >50K
20.772903,242173.05,9.984152,88.91473,1.1040698,44.21746, Private, Some-college, Never-married, Sales, Not-in-family, White, Female, United-States, <=50K
57.744488,47853.33,8.979212,90.8883,19.824087,36.838272, Private, HS-grad, Divorced, Sales, Unmarried, White, Male, United-States, <=50K
25.380754,277817.66,9.047861,404.16748,3.467084,23.802832, Private, HS-grad, Never-married, Adm-clerical, Own-child, White, Male, United-States, <=50K
33.94371,211964.12,5.8124013,-15.338322,18.36492,56.673176, Private, 9th, Married-civ-spouse, Transport-moving, Husband, White, Male, United-States, <=50K
44.02971,84803.63,15.230403,433.97388,0.39964783,29.270275, Private, Bachelors, Divorced, Adm-clerical, Not-in-family, White, Female, United-States, <=50K
42.04983,127012.16,9.044918,431.23608,0.051480398,29.65198, Private, HS-grad, Divorced, Sales, Not-in-family, White, Female, United-States, <=50K
36.75214,238176.78,8.987276,0.8211019,0.38682282,56.127754, Private, HS-grad, Married-civ-spouse, Transport-moving, Husband, White, Male, United-States, <=50K
34.599823,226414.69,10.065219,182.00647,3.0278444,5.3151417, State-gov, Some-college, Never-married, Adm-clerical, Not-in-family, White, Female, United-States, <=50K
26.627861,175030.64,8.921365,1902.7637,-2.0673323,34.682114, State-gov, HS-grad, Never-married, Machine-op-inspct, Unmarried, White, Male, United-States, <=50K
36.426323,118669.68,8.976495,-62.481388,12.641667,46.794548, Private, HS-grad, Divorced, Adm-clerical, Not-in-family, White, Female, United-States, <=50K
53.999336,155141.38,12.435048,15.0734215,3.230298,40.390366, Private, Bachelors, Married-civ-spouse, Transport-moving, Husband, White, Male, United-States, <=50K
48.864113,53088.61,8.985068,171.1377,15.155698,37.6035, Private, HS-grad, Divorced, Tech-support, Unmarried, White, Male, United-States, <=50K
57.257915,248518.53,6.394337,129.08685,-1.3542966,46.21381, Private, 9th, Married-civ-spouse, Machine-op-inspct, Husband, White, Male, United-States, <=50K
35.42467,339002.97,9.005583,810.0026,1823.3365,40.288975, Private, HS-grad, Divorced, Transport-moving, Not-in-family, White, Male, United-States, <=50K
20.955402,231794.1,9.740565,-137.48969,9.716245,45.845886, Private, HS-grad, Married-civ-spouse, Handlers-cleaners, Husband, White, Male, United-States, <=50K
38.021076,153746.16,6.944306,-19.18378,-16.53216,9.821184, Self-emp-not-inc, 11th, Separated, Farming-fishing, Own-child, White, Female, United-States, <=50K
54.493626,107488.68,15.398095,34.620358,-1.8183774,41.45207, Private, Assoc-acdm, Divorced, Prof-specialty, Not-in-family, White, Female, United-States, <=50K
32.704292,199953.6,8.998839,-41.20258,-6.6192884,46.263885, Private, HS-grad, Never-married, Machine-op-inspct, Not-in-family, White, Male, United-States, <=50K
47.384098,195968.69,9.02205,-59.265568,18.07543,38.776356, Private, HS-grad, Divorced, Other-service, Not-in-family, White, Female, United-States, <=50K
18.616745,148042.55,10.028532,261.0351,-0.083063975,18.747097, State-gov, Some-college, Never-married, Adm-clerical, Own-child, White, Female, United-States, <=50K
31.871483,77336.95,9.084474,-21.173893,-3.124774,31.728691, Private, HS-grad, Married-civ-spouse, Adm-clerical, Wife, White, Female, United-States, <=50K
46.00054,85609.414,9.033256,-34.108463,-4.255023,16.260977, ?, HS-grad, Married-civ-spouse, ?, Husband, White, Male, United-States, <=50K
35.200584,443387.78,4.1151276,198.17047,1845.5726,42.27582, ?, 11th, Never-married, ?, Not-in-family, White, Male, United-States, <=50K
42.049614,171260.19,8.951399,89.30346,13.667401,55.266953, Private, HS-grad, Divorced, Farming-fishing, Unmarried, White, Female, United-States, <=50K
32.702667,187091.17,8.969131,-261.14325,11.120236,41.389534, Private, HS-grad, Divorced, Other-service, Unmarried, White, Female, United-States, <=50K
44.852097,138121.06,9.996664,116.56078,0.59586823,8.789833, Private, Some-college, Married-civ-spouse, Adm-clerical, Husband, White, Male, United-States, <=50K
34.590145,207963.25,9.037515,-378.40656,-6.297595,54.972046, Self-emp-not-inc, HS-grad, Never-married, Craft-repair, Not-in-family, White, Male, United-States, <=50K
27.629559,87344.55,10.75019,83.23528,15.876935,61.81298, Private, Some-college, Divorced, Craft-repair, Not-in-family, White, Male, United-States, <=50K
30.963232,267140.16,9.056877,-101.47053,3.8116732,43.973984, State-gov, HS-grad, Never-married, Other-service, Not-in-family, White, Female, United-States, <=50K
66.628456,184938.05,8.939866,151.60101,14.036199,29.142548, State-gov, HS-grad, Widowed, Machine-op-inspct, Unmarried, White, Female, United-States, <=50K
34.745937,170203.0,10.960999,3429.138,-8.614581,40.154552, Self-emp-inc, Bachelors, Married-civ-spouse, Craft-repair, Husband, White, Male, United-States, >50K
38.2484,130085.98,9.030491,82.59289,2.6859865,35.969994, Private, HS-grad, Married-civ-spouse, Craft-repair, Husband, White, Male, United-States, >50K
54.68853,268616.62,11.841309,135.61633,-13.249019,37.49892, Private, Assoc-acdm, Never-married, Craft-repair, Unmarried, White, Male, United-States, <=50K
42.37255,275057.6,10.049916,42.473934,-19.758532,35.15877, Private, Some-college, Married-civ-spouse, Adm-clerical, Wife, White, Female, United-States, <=50K
52.98494,230240.47,13.003088,-62.97919,-0.9899701,59.130157, State-gov, Bachelors, Married-civ-spouse, Prof-specialty, Husband, White, Male, United-States, <=50K
36.240612,89082.03,12.062495,-58.103336,5.663556,41.547592, Private, Assoc-acdm, Divorced, Adm-clerical, Unmarried, White, Female, United-States, <=50K
26.471304,143534.16,7.6453967,-136.3443,-11.406192,38.79113, Local-gov, 11th, Never-married, Prof-specialty, Own-child, White, Male, United-States, <=50K
20.022064,-41926.938,9.971532,659.9272,0.12225829,34.971695, State-gov, Some-college, Never-married, Prof-specialty, Not-in-family, White, Female, United-States, <=50K
19.91169,169860.38,10.049408,43.281612,0.8738605,40.374958, Private, Some-college, Never-married, Craft-repair, Own-child, White, Male, United-States, <=50K
42.365463,318265.28,11.677047,-228.32037,7.0177126,40.936993, Private, Assoc-acdm, Married-civ-spouse, Machine-op-inspct, Husband, White, Male, United-States, >50K
20.085888,158572.16,8.991173,133.95807,-8.940776,41.322456, Private, HS-grad, Never-married, Armed-Forces, Not-in-family, White, Male, United-States, <=50K
27.291235,197232.05,9.647318,-276.74567,2.0514345,32.64524, State-gov, Some-college, Married-civ-spouse, Protective-serv, Husband, White, Male, United-States, <=50K
53.81606,198326.84,2.6220646,-109.1706,7.9355288,45.921944, Private, HS-grad, Divorced, Other-service, Not-in-family, White, Male, United-States, <=50K
33.2949,159565.69,12.953434,53.933346,-1.2005643,42.46291, Private, Bachelors, Married-civ-spouse, Prof-specialty, Husband, White, Male, United-States, >50K
37.170395,117979.9,12.96488,239.64227,-17.65771,37.559666, Local-gov, Bachelors, Never-married, Other-service, Not-in-family, White, Female, United-States, <=50K
53.01067,177671.5,10.137841,323.1338,2586.225,58.316544, Private, Some-college, Married-civ-spouse, Other-service, Husband, White, Male, United-States, <=50K
35.69291,183160.53,9.070559,-46.93024,2030.5896,44.03784, Private, HS-grad, Divorced, Other-service, Unmarried, White, Female, United-States, <=50K
40.015415,148157.73,12.979661,712.36053,-2.74129,58.657932, Private, Bachelors, Married-civ-spouse, Adm-clerical, Husband, White, Male, United-States, >50K
21.187244,45578.344,6.537693,600.41504,3.4680986,4.478365, Private, 11th, Never-married, Prof-specialty, Own-child, White, Male, United-States, <=50K
34.414116,303181.4,12.993865,53.01434,-8.305606,44.272385, Local-gov, Bachelors, Married-civ-spouse, Prof-specialty, Husband, White, Male, United-States, <=50K
23.54472,174763.14,12.921968,141.85461,0.6201068,37.791527, Private, Bachelors, Never-married, Exec-managerial, Not-in-family, White, Male, United-States, <=50K
23.220806,195284.39,12.464395,75.12054,4.764119,33.86881, Private, Bachelors, Never-married, Other-service, Own-child, White, Female, United-States, <=50K
59.401543,173625.17,9.026193,-97.08344,6.792508,40.21936, Local-gov, HS-grad, Married-civ-spouse, Craft-repair, Husband, White, Male, United-States, <=50K
28.819296,331135.94,9.997718,159.2309,-10.965556,44.340412, Local-gov, Some-college, Never-married, Protective-serv, Unmarried, White, Female, United-States, <=50K
29.945677,189080.92,11.254268,388.6123,4.319272,42.653576, Private, Bachelors, Never-married, Machine-op-inspct, Other-relative, White, Male, United-States, <=50K
33.073742,101783.83,8.960339,225.82361,-4.5270796,35.528927, Private, HS-grad, Divorced, Other-service, Not-in-family, White, Male, United-States, <=50K
35.935516,475142.62,3.0507197,-191.56818,12.971311,33.094517, Private, 10th, Never-married, Craft-repair, Not-in-family, White, Male, United-States, <=50K
40.666,79667.445,8.9955635,-134.3526,14.798757,37.852512, Private, HS-grad, Never-married, Craft-repair, Not-in-family, White, Male, United-States, <=50K
43.11584,181240.42,12.869237,-63.586124,3.479062,42.50964, Private, Bachelors, Married-civ-spouse, Exec-managerial, Husband, White, Male, United-States, <=50K
49.010094,113359.95,8.997493,5453.975,1136.164,56.682564, Self-emp-not-inc, HS-grad, Married-civ-spouse, Farming-fishing, Husband, White, Male, United-States, <=50K
28.463055,165461.97,8.939075,-78.65119,687.0017,51.74035, Private, HS-grad, Married-civ-spouse, Transport-moving, Husband, White, Male, United-States, >50K
52.896744,624237.7,9.038311,-9.184025,-15.743388,35.431675, Private, HS-grad, Married-civ-spouse, Transport-moving, Husband, White, Male, United-States, <=50K
22.524424,147972.72,8.973961,-63.642765,-9.789683,36.565994, Private, HS-grad, Never-married, Machine-op-inspct, Other-relative, White, Female, United-States, <=50K
49.146843,337748.7,10.0671625,9545.893,5.5241137,47.350277, Federal-gov, Some-college, Divorced, Adm-clerical, Unmarried, White, Female, United-States, >50K
28.464249,220765.9,9.032698,111.84307,7.962613,36.702423, Federal-gov, HS-grad, Never-married, Craft-repair, Own-child, White, Male, United-States, <=50K
52.27102,203287.52,12.989475,2181.0396,-3.9882078,45.305767, Private, Bachelors, Married-civ-spouse, Sales, Husband, White, Male, United-States, >50K
24.037977,196342.34,8.985331,-37.589787,0.06281005,39.32545, Private, HS-grad, Never-married, Transport-moving, Own-child, White, Male, United-States, <=50K
46.94462,143550.1,9.977216,1801.1061,-16.654696,41.22958, Private, Some-college, Divorced, Craft-repair, Unmarried, White, Male, United-States, >50K
27.144663,187312.36,9.95629,378.30414,-9.863391,32.483315, Private, Some-college, Never-married, Sales, Other-relative, White, Female, United-States, <=50K
37.50965,39644.53,9.070593,-13.44965,11.751706,38.04802, Private, HS-grad, Divorced, Adm-clerical, Unmarried, White, Female, United-States, <=50K
29.83522,177740.52,6.916564,44.53625,8.057706,40.102543, Private, 11th, Married-civ-spouse, Exec-managerial, Husband, White, Male, United-States, <=50K
20.694387,332233.62,3.1113663,-162.9306,12.725514,42.2914, Private, HS-grad, Never-married, Priv-house-serv, Not-in-family, White, Male, United-States, <=50K
29.297297,301687.56,8.926654,97.45489,7.1045427,26.201363, Private, HS-grad, Never-married, Other-service, Unmarried, White, Male, United-States, <=50K
57.990818,97872.02,12.951798,94.07696,-2.8546782,49.89957, Private, Bachelors, Married-civ-spouse, Prof-specialty, Husband, White, Male, United-States, <=50K
30.072077,290010.9,3.9521422,-344.62213,3.3315554,19.907352, Private, 10th, Married-civ-spouse, Machine-op-inspct, Husband, White, Male, United-States, <=50K
44.87544,298630.06,9.047641,285.91406,-7.9775496,48.389202, Private, HS-grad, Married-civ-spouse, Handlers-cleaners, Husband, White, Male, United-States, >50K
64.52215,203184.0,8.991998,501.61176,17.555464,64.96017, Private, HS-grad, Divorced, Protective-serv, Not-in-family, White, Male, United-States, <=50K
39.852806,90382.414,9.008559,-59.211613,-13.837131,30.1367, Private, HS-grad, Married-civ-spouse, Sales, Husband, White, Male, United-States, <=50K
28.584951,161682.5,9.074995,535.6192,18.008543,44.13972, Private, HS-grad, Married-civ-spouse, Adm-clerical, Husband, White, Male, United-States, <=50K
21.884748,42479.92,10.245349,397.6662,34.243168,16.889774, Private, Some-college, Never-married, Sales, Own-child, White, Female, United-States, <=50K
53.289787,247964.8,13.840269,86.75182,5.4936495,45.112453, Local-gov, Masters, Never-married, Prof-specialty, Not-in-family, White, Male, United-States, <=50K
57.430397,349291.8,14.980322,132.63226,-13.004924,41.702892, Private, Masters, Married-civ-spouse, Sales, Husband, White, Male, United-States, >50K
43.61013,260797.88,3.5959516,-287.08893,15.138776,42.359287, Private, 10th, Married-civ-spouse, Machine-op-inspct, Wife, White, Female, United-States, <=50K
24.815308,295355.06,9.042129,10.665829,-8.789149,54.61441, Private, HS-grad, Married-civ-spouse, Prof-specialty, Husband, White, Male, United-States, <=50K
32.542366,175090.1,7.0935225,-95.93134,6.8438387,40.163956, Private, 11th, Married-civ-spouse, Craft-repair, Husband, White, Male, United-States, <=50K
44.470284,190992.55,11.287664,318.6859,-9.461825,37.279583, Private, Assoc-voc, Never-married, Tech-support, Not-in-family, White, Male, United-States, <=50K
69.70686,281349.22,7.781991,-508.2436,6.6567354,61.26367, Self-emp-not-inc, 12th, Married-civ-spouse, Farming-fishing, Husband, White, Male, United-States, >50K
28.568611,310679.25,10.3976,52.620358,-19.23974,33.461582, Private, Assoc-voc, Married-civ-spouse, Other-service, Husband, White, Male, United-States, <=50K
31.434837,235242.11,12.674055,-108.14228,-9.305751,41.085945, Private, Bachelors, Never-married, Other-service, Not-in-family, White, Male, United-States, <=50K
26.550661,288079.8,10.020407,158.23364,-3.0755873,36.924187, Private, Some-college, Never-married, Adm-clerical, Own-child, White, Male, United-States, <=50K
33.328842,297424.22,4.53033,1775.8337,16.976606,54.923237, ?, 10th, Married-civ-spouse, ?, Husband, White, Male, United-States, <=50K
26.171446,71429.86,9.085634,-94.52497,3.4777117,44.660717, Private, HS-grad, Divorced, Adm-clerical, Own-child, White, Female, United-States, <=50K
46.844383,220300.12,12.993944,48.58398,-2.024951,40.552353, Local-gov, Bachelors, Married-civ-spouse, Sales, Husband, White, Male, United-States, >50K
21.791885,309035.38,10.16472,-278.0053,104.02366,35.888577, Private, Some-college, Never-married, Tech-support, Own-child, White, Male, United-States, <=50K
35.603558,299682.1,12.877524,-138.38422,-21.719942,48.503613, Private, Bachelors, Never-married, Prof-specialty, Husband, White, Male, United-States, >50K
30.70979,217445.2,14.133061,187.9549,-12.281024,43.355316, Private, Masters, Never-married, Sales, Not-in-family, White, Male, United-States, <=50K
40.341312,201830.0,12.975553,366.92798,-4.393161,49.56869, Self-emp-inc, Bachelors, Married-civ-spouse, Craft-repair, Husband, White, Male, United-States, >50K
21.39089,156896.72,3.782323,-251.79584,33.619896,37.128654, ?, 11th, Never-married, ?, Unmarried, White, Male, United-States, <=50K
54.450947,265013.88,5.7542524,-307.48407,-11.7710905,27.117456, Private, 10th, Widowed, Other-service, Unmarried, White, Female, United-States, <=50K
40.70523,-43053.42,9.189713,111.17327,1691.9974,36.86558, Private, HS-grad, Never-married, Adm-clerical, Not-in-family, White, Male, United-States, <=50K
32.500328,151387.66,9.064247,25.599667,3.4936342,35.891922, Private, HS-grad, Married-civ-spouse, Sales, Husband, White, Male, United-States, >50K
66.780914,96377.73,9.176993,9.6897545,1361.7463,19.426481, Local-gov, HS-grad, Never-married, Prof-specialty, Not-in-family, White, Male, United-States, <=50K
24.649181,110723.85,6.3888397,-70.39448,2.449895,67.13334, Private, 10th, Married-civ-spouse, Sales, Husband, White, Male, United-States, <=50K
42.97863,218746.11,6.5399766,265.80945,10.707273,15.260332, Private, 11th, Separated, Other-service, Husband, White, Male, United-States, <=50K
34.24242,94986.734,11.391878,224.13666,-2.243266,42.368053, Private, Assoc-voc, Divorced, Exec-managerial, Not-in-family, White, Male, United-States, <=50K
27.211737,230780.73,8.996551,-292.87152,13.275754,30.155912, Private, HS-grad, Never-married, Other-service, Own-child, White, Male, United-States, <=50K
46.15351,398232.53,13.934863,162.79565,-10.846179,43.100437, Local-gov, Masters, Never-married, Prof-specialty, Not-in-family, White, Male, United-States, <=50K
52.50896,31873.625,8.972026,199.4613,3.9318972,37.528976, Private, HS-grad, Divorced, Sales, Not-in-family, White, Male, United-States, <=50K
36.527393,150491.6,9.041992,144.9964,13.159017,47.8884, Private, HS-grad, Married-civ-spouse, Exec-managerial, Husband, White, Male, United-States, <=50K
33.39979,70294.73,9.952191,-63.77582,39.03882,17.116516, Private, Some-college, Divorced, Other-service, Not-in-family, White, Male, United-States, <=50K
40.58275,119950.78,9.055436,-21.93732,5.316083,44.389324, Private, HS-grad, Married-civ-spouse, Craft-repair, Husband, White, Male, United-States, <=50K
46.22731,86566.15,5.10196,57.989986,0.3073932,42.205357, Private, 9th, Divorced, Adm-clerical, Not-in-family, White, Female, United-States, <=50K
25.72931,230659.2,9.732515,59.460506,-17.37594,42.59352, Private, Some-college, Married-civ-spouse, Prof-specialty, Husband, White, Male, United-States, <=50K
30.728544,242021.97,13.343459,575.06934,6.2824373,40.138466, Federal-gov, Masters, Divorced, Adm-clerical, Unmarried, White, Female, United-States, >50K
28.086143,81040.85,10.158776,229.64423,-0.7915906,88.50901, Private, HS-grad, Married-civ-spouse, Exec-managerial, Husband, White, Male, United-States, >50K
49.001156,257716.17,8.41302,84.884636,-8.957133,49.38442, State-gov, HS-grad, Never-married, Protective-serv, Not-in-family, White, Male, United-States, <=50K
32.59626,443712.53,9.966919,3792.6333,0.033528432,50.83133, ?, Some-college, Divorced, ?, Unmarried, White, Male, United-States, <=50K
45.218674,291917.66,11.946545,-243.01703,-11.433215,47.45626, ?, Bachelors, Married-civ-spouse, ?, Husband, White, Male, United-States, >50K
48.01807,293590.88,9.033993,150.15338,3.939725,46.8818, Private, HS-grad, Married-civ-spouse, Tech-support, Husband, White, Male, United-States, >50K
39.35921,215011.2,9.033992,262.15375,6.9581423,32.846855, Private, HS-grad, Separated, Other-service, Not-in-family, White, Male, United-States, <=50K
37.550278,166320.03,7.9818926,-258.85614,-20.324106,61.067547, Self-emp-not-inc, 12th, Married-civ-spouse, Farming-fishing, Husband, White, Male, United-States, <=50K
40.08593,210893.5,8.968198,36137.99,26.789766,58.641857, Private, HS-grad, Married-civ-spouse, Exec-managerial, Husband, White, Male, United-States, >50K
22.587315,187967.97,10.482516,62.044735,-10.298213,43.749554, Private, Some-college, Never-married, Priv-house-serv, Own-child, White, Female, United-States, <=50K
63.00463,252092.12,12.948696,209.77655,5.749196,35.09324, ?, Bachelors, Married-civ-spouse, Sales, Husband, White, Male, United-States, <=50K
63.473133,144742.4,8.719429,596.16406,-16.111475,38.6167, ?, HS-grad, Married-civ-spouse, ?, Wife, White, Female, United-States, >50K
53.103043,189200.34,9.003199,106.356804,-0.8541821,48.00445, Private, HS-grad, Married-civ-spouse, Other-service, Husband, White, Male, United-States, >50K
22.768768,320326.94,8.93401,254.76276,-14.538676,23.062214, Private, HS-grad, Never-married, Sales, Own-child, White, Male, United-States, <=50K
31.733727,217405.5,8.978814,211.19379,3.0592318,59.487785, Private, HS-grad, Married-civ-spouse, Transport-moving, Husband, White, Male, United-States, <=50K
33.985577,158752.77,8.976789,-24.815128,10.41377,53.725323, Private, HS-grad, Married-civ-spouse, Farming-fishing, Husband, White, Male, United-States, <=50K
47.286606,197168.92,12.914953,-309.05414,-6.420558,39.26208, Private, Bachelors, Married-civ-spouse, Craft-repair, Husband, White, Male, United-States, >50K
52.09214,38307.58,9.985735,983.11884,-4.9648466,19.713245, Private, Some-college, Married-civ-spouse, Sales, Husband, White, Male, United-States, >50K
37.40266,249401.12,8.936977,85.672966,16.34345,42.969505, Private, HS-grad, Divorced, Craft-repair, Unmarried, White, Female, United-States, <=50K
41.76168,110935.695,9.055791,-15.880924,13.576001,35.316864, Private, HS-grad, Married-civ-spouse, Sales, Husband, White, Male, United-States, <=50K
31.858295,88043.33,9.033879,63.174007,4.6886873,48.857178, Private, HS-grad, Never-married, Farming-fishing, Not-in-family, White, Male, United-States, <=50K
32.71825,69182.336,12.633832,-221.06512,40.044548,35.23854, Private, Bachelors, Never-married, Prof-specialty, Not-in-family, White, Male, United-States, <=50K
36.985584,245657.56,12.711415,93.269585,4.707921,44.845913, Private, Bachelors, Married-civ-spouse, Exec-managerial, Husband, White, Male, United-States, >50K
47.341267,308149.06,8.989738,3091.1392,-49.846127,40.163395, Private, HS-grad, Married-civ-spouse, Sales, Other-relative, White, Male, United-States, <=50K
44.81236,375353.06,10.946465,13.229427,-5.1497526,61.80513, Private, Assoc-voc, Divorced, Craft-repair, Not-in-family, White, Female, United-States, >50K
50.949898,320706.62,2.624866,81.88177,21.034033,46.202663, Private, 10th, Divorced, Other-service, Unmarried, White, Female, United-States, <=50K
39.199726,134037.5,12.74016,49.217037,-3.49541,43.26575, Private, Bachelors, Never-married, Exec-managerial, Not-in-family, White, Male, United-States, <=50K
34.187054,348147.72,8.163416,133.16333,-3.9440947,43.650738, Private, Some-college, Never-married, Craft-repair, Unmarried, White, Female, United-States, <=50K
18.250713,309341.03,9.077817,137.5951,21.80548,37.452686, ?, HS-grad, Never-married, ?, Own-child, White, Male, United-States, <=50K
48.494736,252900.3,8.993858,-103.56049,7.535466,45.880177, Local-gov, HS-grad, Divorced, Exec-managerial, Unmarried, White, Female, United-States, <=50K
53.595623,180099.7,9.00733,575.57666,0.5684329,48.421463, Private, HS-grad, Married-civ-spouse, Craft-repair, Husband, White, Male, United-States, <=50K
46.96095,98679.68,2.0919247,2880.2134,4.719022,48.244232, State-gov, 11th, Married-civ-spouse, Exec-managerial, Husband, White, Male, United-States, <=50K
26.440552,260237.39,7.8629756,-237.6651,-13.748141,44.60577, Private, 9th, Never-married, Machine-op-inspct, Own-child, White, Male, United-States, <=50K
25.72165,95009.77,9.014943,165.50507,8.439702,40.236168, Private, HS-grad, Married-civ-spouse, Adm-clerical, Husband, White, Male, United-States, <=50K
48.13904,232898.89,9.3864355,156.39557,-43.62466,39.42692, Private, HS-grad, Never-married, Sales, Not-in-family, White, Female, United-States, <=50K
34.139763,119107.83,6.7602506,96.759514,-1.940791,39.96732, Private, 11th, Married-civ-spouse, Exec-managerial, Husband, White, Male, United-States, <=50K
25.805693,139816.72,8.973236,-84.98225,7.477994,40.799915, Private, HS-grad, Never-married, Farming-fishing, Unmarried, White, Female, United-States, <=50K
20.45904,265781.53,10.049013,610.06964,5.821431,36.884396, Private, Some-college, Never-married, Tech-support, Unmarried, White, Female, United-States, <=50K
23.59619,137787.11,11.204654,229.11731,47.695988,17.237078, Private, Assoc-acdm, Separated, Prof-specialty, Own-child, White, Male, United-States, <=50K
67.28401,267379.97,11.09945,22422.828,0.31586182,41.79108, Private, Bachelors, Divorced, Sales, Not-in-family, White, Male, United-States, >50K
51.280834,144610.08,10.090822,-154.57318,13.243382,44.276817, Private, Some-college, Divorced, Exec-managerial, Not-in-family, White, Male, United-States, >50K
45.535034,229307.39,10.059889,372.69006,2.7346392,40.85554, Federal-gov, Some-college, Divorced, Adm-clerical, Not-in-family, White, Female, United-States, >50K
33.218796,381869.38,5.8711753,-1059.999,14.511212,17.079578, Private, 10th, Never-married, Handlers-cleaners, Own-child, White, Female, United-States, <=50K
33.539455,577940.2,5.7812233,404.47205,148.71857,36.46145, Private, 9th, Divorced, Other-service, Unmarried, White, Female, United-States, <=50K
37.027905,216011.33,9.913069,339.58563,3.2104845,41.078133, Private, Some-college, Widowed, Exec-managerial, Unmarried, White, Male, United-States, <=50K
52.97757,83163.234,8.9266,-183.36713,0.1443988,38.44898, Private, HS-grad, Widowed, Adm-clerical, Not-in-family, White, Female, United-States, <=50K
31.556292,791069.56,8.955967,2613.4531,-7.706027,34.92647, Private, HS-grad, Never-married, Adm-clerical, Not-in-family, White, Male, United-States, <=50K
38.13394,167534.53,4.129926,139.75555,13.824864,34.291172, ?, 12th, Married-civ-spouse, ?, Husband, White, Male, United-States, <=50K
25.818287,175924.66,9.001977,17.16949,-5.0674314,38.644592, Private, HS-grad, Never-married, Adm-clerical, Not-in-family, White, Female, United-States, <=50K
40.35541,238765.92,3.1310387,-210.8836,13.374616,48.062206, Private, 12th, Married-civ-spouse, Other-service, Husband, White, Male, United-States, <=50K
29.605967,486634.72,9.276853,602.66046,1676.8574,39.819958, Private, 11th, Divorced, Handlers-cleaners, Not-in-family, White, Female, United-States, <=50K
25.774723,210024.88,9.989788,247.34137,-9.253535,50.065605, Private, Some-college, Never-married, Sales, Not-in-family, White, Female, United-States, <=50K
53.495075,154341.2,3.4448366,-125.64204,4.9378405,43.97216, Self-emp-not-inc, 11th, Married-civ-spouse, Sales, Unmarried, White, Female, United-States, <=50K
30.37538,144070.39,10.04684,3368.7375,-4.301936,41.418865, Private, Some-college, Married-civ-spouse, Exec-managerial, Husband, White, Male, United-States, <=50K
48.241997,318298.8,9.969569,-13.450993,6.2243013,31.382742, Private, Some-college, Never-married, Other-service, Own-child, White, Female, United-States, <=50K
57.715614,70085.12,10.076386,142.48126,7.6006136,30.379404, Self-emp-not-inc, Some-college, Married-civ-spouse, Farming-fishing, Husband, White, Male, United-States, <=50K
29.462795,173968.56,9.844037,594.93463,-15.303447,50.219067, Private, Some-college, Never-married, Prof-specialty, Not-in-family, White, Male, United-States, <=50K
39.22124,194842.61,10.056588,54.943844,-0.14493836,36.911373, State-gov, Some-college, Married-civ-spouse, Sales, Husband, White, Male, United-States, <=50K
40.433357,253070.42,12.980607,749.4312,-6.3375654,39.945244, Private, Bachelors, Married-civ-spouse, Adm-clerical, Husband, White, Male, United-States, <=50K
23.071228,132596.84,9.030464,48.154232,6.5707903,37.877563, Private, HS-grad, Married-civ-spouse, Handlers-cleaners, Husband, White, Male, United-States, <=50K
35.639214,149675.22,12.953381,23.996029,14.357648,35.626892, Private, Bachelors, Never-married, Other-service, Not-in-family, White, Male, United-States, <=50K
34.20972,175553.98,10.064806,154.16284,-2.8834333,44.336655, Private, Some-college, Married-civ-spouse, Sales, Husband, White, Male, United-States, <=50K
42.63883,109619.71,6.0778775,7635.513,-9.380183,49.48603, Private, 10th, Married-civ-spouse, Handlers-cleaners, Husband, White, Male, United-States, <=50K
32.97679,171493.55,13.059773,217.99487,-5.4207487,67.80177, Private, Bachelors, Married-civ-spouse, Sales, Husband, White, Male, United-States, <=50K
34.404297,235651.36,9.109837,3683.1526,14.464238,44.29843, Private, HS-grad, Married-civ-spouse, Transport-moving, Husband, White, Male, United-States, >50K
26.37802,174707.14,9.646362,-36.27338,-15.685809,40.138336, Federal-gov, HS-grad, Married-civ-spouse, Tech-support, Husband, White, Male, United-States, <=50K
50.050606,138590.3,13.039789,2855.8909,1.5419284,41.067997, Local-gov, Bachelors, Widowed, Adm-clerical, Not-in-family, White, Female, United-States, >50K
20.487087,173503.66,10.004594,101.43499,-9.490527,50.66676, Private, Some-college, Never-married, Adm-clerical, Own-child, White, Male, United-States, <=50K
35.54212,438918.56,4.2376046,-57.798527,-4.8290815,18.471975, Private, 9th, Never-married, Other-service, Unmarried, White, Female, United-States, <=50K
37.812057,275956.84,12.429731,223.71954,-12.078998,44.418728, Private, Bachelors, Married-civ-spouse, Sales, Husband, White, Male, United-States, <=50K
28.616383,386845.62,4.6254554,-263.06012,5.5879564,41.160885, Private, 9th, Never-married, Transport-moving, Not-in-family, White, Male, United-States, <=50K
45.21136,33385.64,9.549609,256.3479,-3.269557,85.884094, Private, Some-college, Divorced, Other-service, Unmarried, White, Female, United-States, <=50K
30.60769,152039.3,10.031435,1699.228,-16.133478,44.19371, Private, Some-college, Married-civ-spouse, Sales, Husband, White, Male, United-States, >50K
22.129976,223549.44,8.872445,21.440243,-6.360736,42.495586, Private, HS-grad, Married-civ-spouse, Handlers-cleaners, Wife, White, Female, United-States, <=50K
42.748573,79886.766,8.980171,80.82464,29.611002,41.70519, Private, HS-grad, Divorced, Other-service, Unmarried, White, Male, United-States, <=50K
27.007786,209744.98,10.001619,3403.1775,14.21893,40.242123, Private, Some-college, Never-married, Machine-op-inspct, Unmarried, White, Male, United-States, <=50K
33.39587,177451.53,9.989897,225.57977,9.42471,43.06109, Private, Some-college, Married-civ-spouse, Farming-fishing, Husband, White, Male, United-States, >50K
34.139393,151583.4,12.641111,12965.484,-2.9565306,40.238537, Private, Bachelors, Married-civ-spouse, Prof-specialty, Husband, White, Male, United-States, >50K
42.01324,207233.7,9.006982,120.082146,-33.78896,5.38653, Private, 10th, Never-married, Sales, Own-child, White, Female, United-States, <=50K
28.321196,184359.4,11.272683,-231.20709,31.620516,47.512505, Private, Assoc-acdm, Married-civ-spouse, Farming-fishing, Husband, White, Male, United-States, <=50K
47.57291,220922.9,5.052915,-8.853703,12.013959,38.38151, Private, 9th, Divorced, Adm-clerical, Unmarried, White, Female, United-States, <=50K
36.990017,227761.0,13.14949,124.94665,20.702963,39.832565, Private, Masters, Divorced, Handlers-cleaners, Unmarried, White, Male, United-States, <=50K
18.61351,140518.22,9.015115,99.230156,9.059789,36.59742, Private, HS-grad, Never-married, Sales, Unmarried, White, Female, United-States, <=50K
31.42039,274321.94,4.278544,-140.2309,22.57472,46.61163, Private, 11th, Married-civ-spouse, Other-service, Husband, White, Male, United-States, <=50K
75.02519,234758.06,13.058425,32.68707,-2.060977,32.31884, ?, Bachelors, Married-civ-spouse, ?, Husband, White, Male, United-States, <=50K
48.009895,179574.95,8.995812,141.60309,-3.9884367,44.2452, Private, HS-grad, Married-civ-spouse, Sales, Husband, White, Male, United-States, <=50K
33.265194,188017.89,12.935016,-156.17535,1028.991,38.05921, Private, Bachelors, Never-married, Adm-clerical, Not-in-family, White, Female, United-States, <=50K
41.050194,137548.86,10.880952,234.65051,2.5274477,37.949574, Private, Assoc-voc, Divorced, Exec-managerial, Unmarried, White, Female, United-States, <=50K
42.243984,96160.836,11.22678,183.79913,1.9058124,28.22198, Self-emp-not-inc, Assoc-voc, Married-civ-spouse, Prof-specialty, Husband, White, Male, United-States, >50K
28.695227,266520.25,12.350138,141.16272,-6.531886,39.348183, Private, Bachelors, Married-civ-spouse, Sales, Husband, White, Male, United-States, <=50K
16.652853,234880.86,8.992763,249.71063,2.6093493,29.933449, Private, HS-grad, Never-married, Sales, Own-child, White, Male, United-States, <=50K
60.858177,290280.2,12.636482,2189.4148,-1.2811917,39.390522, Local-gov, Bachelors, Never-married, Adm-clerical, Not-in-family, White, Female, United-States, <=50K
38.209328,143766.77,8.995729,65.44494,-0.898425,53.931564, Private, HS-grad, Married-civ-spouse, Handlers-cleaners, Husband, White, Male, United-States, <=50K
55.151573,172678.78,10.9134655,-78.88361,1569.636,29.56407, Private, Assoc-acdm, Married-civ-spouse, Farming-fishing, Husband, White, Male, United-States, <=50K
22.334194,187219.64,9.035747,-277.2464,-18.902948,44.047844, Private, HS-grad, Never-married, Prof-specialty, Not-in-family, White, Female, United-States, <=50K
48.733894,182354.12,9.018478,9368.447,-40.003452,49.71413, ?, HS-grad, Never-married, Sales, Not-in-family, White, Female, United-States, >50K
31.483429,241254.47,9.017293,71.07824,4.281842,46.696438, Private, HS-grad, Married-civ-spouse, Craft-repair, Husband, White, Male, United-States, <=50K
51.115738,70448.47,10.016777,107.297844,-2.8080778,61.765312, ?, Some-college, Married-civ-spouse, ?, Husband, White, Male, United-States, <=50K
26.972048,39985.844,9.013179,-60.407536,5.602956,38.512417, Private, HS-grad, Never-married, Other-service, Not-in-family, White, Female, United-States, <=50K
32.995094,195169.73,9.9962015,47.96661,33.07585,46.602436, ?, Some-college, Never-married, ?, Not-in-family, White, Male, United-States, <=50K
29.015425,308377.47,14.165164,428.07886,-10.2602415,48.129272, Private, Masters, Never-married, Transport-moving, Not-in-family, White, Male, United-States, <=50K
43.081203,98841.195,9.019319,55.70776,-15.214633,51.38224, Private, HS-grad, Never-married, Sales, Not-in-family, White, Female, United-States, <=50K
29.641699,108872.13,13.047159,237.79681,0.58520234,54.34697, Private, Bachelors, Married-civ-spouse, Protective-serv, Husband, White, Male, United-States, <=50K
24.008738,215068.28,9.115702,-222.56342,20.831541,14.560278, Private, HS-grad, Never-married, Other-service, Other-relative, White, Female, United-States, <=50K
32.27361,154733.8,10.012745,1332.0403,-7.7606306,43.148125, Private, Some-college, Married-civ-spouse, Sales, Husband, White, Male, United-States, >50K
31.078403,131385.81,12.744707,198.24597,0.49776947,45.45065, Private, Bachelors, Married-civ-spouse, Other-service, Husband, White, Male, United-States, <=50K
40.703148,109316.88,8.884844,13.8825035,22.662458,47.27023, State-gov, HS-grad, Divorced, Machine-op-inspct, Unmarried, White, Male, United-States, >50K
32.69975,267703.06,9.014053,31.472591,-18.364664,45.41231, Private, HS-grad, Never-married, Adm-clerical, Own-child, White, Male, United-States, <=50K
36.979637,245772.38,13.213976,228.60321,5.855031,31.960451, Private, Bachelors, Married-spouse-absent, Sales, Not-in-family, White, Female, United-States, <=50K
58.889477,186384.34,8.958517,-11.782658,-19.869272,40.759533, Private, HS-grad, Married-civ-spouse, Exec-managerial, Husband, White, Male, United-States, <=50K
28.761108,223058.83,9.033445,55.58813,-0.9269589,38.80176, Private, HS-grad, Widowed, Transport-moving, Other-relative, White, Male, United-States, <=50K
39.60891,229873.31,6.5220404,-516.9891,18.450895,19.816954, Private, 11th, Separated, Other-service, Own-child, White, Male, United-States, <=50K
48.358894,234737.2,10.04519,113.4804,-5.8223066,44.11923, Private, Some-college, Married-civ-spouse, Transport-moving, Husband, White, Male, United-States, >50K
42.869347,98249.19,9.009748,-53.524113,22.77114,42.053867, Private, HS-grad, Married-civ-spouse, Transport-moving, Husband, White, Male, United-States, >50K
58.544044,451447.94,12.864338,139.62476,-21.010576,44.860058, Private, Bachelors, Married-civ-spouse, Sales, Husband, White, Male, United-States, >50K
53.037506,111007.734,9.016778,50.538265,4.2958574,39.681828, Private, HS-grad, Divorced, Tech-support, Unmarried, White, Male, United-States, <=50K
60.274124,85898.08,14.045485,84.056206,-8.893527,51.83936, Private, Masters, Married-civ-spouse, Exec-managerial, Husband, White, Male, United-States, >50K
26.659672,178722.83,9.99395,473.5728,-5.1108046,49.629864, Private, Some-college, Married-civ-spouse, Protective-serv, Husband, White, Male, United-States, <=50K
35.9001,116831.52,10.019318,-142.67963,8.889699,38.872604, Private, Some-college, Divorced, Craft-repair, Unmarried, White, Female, United-States, >50K
34.39684,143753.36,10.009514,2063.7188,-12.178592,47.247787, Private, Some-college, Married-civ-spouse, Sales, Husband, White, Male, United-States, <=50K
35.199284,259805.45,9.035011,-133.73395,4.6664705,48.029564, State-gov, HS-grad, Divorced, Transport-moving, Unmarried, White, Female, United-States, <=50K
29.914743,107679.49,9.1795025,-176.5733,5.745572,52.91858, Self-emp-inc, HS-grad, Married-civ-spouse, Tech-support, Husband, White, Male, United-States, <=50K
27.924252,194616.11,10.026199,150.13733,-5.180812,39.84581, Private, Some-college, Never-married, Adm-clerical, Not-in-family, White, Male, United-States, <=50K
24.054193,156827.36,9.023597,97.58111,-15.194385,44.006084, Private, HS-grad, Never-married, Sales, Husband, White, Male, United-States, <=50K
53.208782,75696.23,10.007025,217.57324,3.575078,70.45544, Private, HS-grad, Widowed, Sales, Unmarried, White, Female, United-States, >50K
40.798603,179469.88,9.034509,127.46703,-6.982608,63.179535, Self-emp-not-inc, HS-grad, Married-civ-spouse, Sales, Husband, White, Male, United-States, <=50K
24.157022,57288.625,12.115334,384.2135,26.107073,32.165897, Private, Assoc-voc, Never-married, Tech-support, Not-in-family, White, Female, United-States, <=50K
26.504654,271787.7,10.042745,126.26061,-2.9294538,38.505486, Private, Some-college, Separated, Prof-specialty, Not-in-family, White, Female, United-States, <=50K
19.187601,276567.78,9.023244,450.93384,0.06606017,46.942265, Private, HS-grad, Married-civ-spouse, Sales, Husband, White, Male, United-States, <=50K
22.213984,227854.95,9.069104,-37.921574,-8.65034,29.016737, Private, HS-grad, Never-married, Adm-clerical, Own-child, White, Female, United-States, <=50K
39.866184,278123.78,8.942544,170.53247,6.8416643,36.78468, Self-emp-not-inc, HS-grad, Divorced, Transport-moving, Not-in-family, White, Male, United-States, <=50K
43.079758,402778.03,10.11055,7045.549,-15.663165,50.35802, Private, Some-college, Married-civ-spouse, Sales, Husband, White, Male, United-States, >50K
34.23663,276966.38,9.998624,169.70435,-2.1040754,45.355015, Private, Some-college, Married-civ-spouse, Craft-repair, Husband, White, Male, United-States, <=50K
35.35962,249414.16,8.904254,55.934505,-35.14047,51.64316, Private, HS-grad, Married-civ-spouse, Sales, Wife, White, Female, United-States, >50K
26.83082,83639.08,10.014366,394.70245,5.74603,14.635851, Private, Some-college, Never-married, Sales, Own-child, White, Male, United-States, <=50K
29.611752,252023.83,6.8426647,27.530087,1867.0157,7.0217113, Private, 10th, Never-married, Handlers-cleaners, Own-child, White, Male, United-States, <=50K
56.495693,443678.2,7.118383,402.65735,-0.17283906,48.091408, Private, 11th, Married-civ-spouse, Craft-repair, Husband, White, Male, United-States, <=50K
26.583168,328989.56,10.103981,-325.88837,-41.48895,40.176872, ?, Some-college, Separated, ?, Own-child, White, Female, United-States, <=50K
21.257307,69728.37,5.759098,-203.48163,3.6749544,37.501564, Private, 10th, Never-married, Adm-clerical, Own-child, White, Female, United-States, <=50K
52.059986,207825.77,5.371905,-317.5163,34.808666,44.79845, Private, 9th, Divorced, Transport-moving, Unmarried, White, Female, United-States, <=50K
32.29149,297457.25,12.702245,819.9317,-7.379199,51.333134, Self-emp-not-inc, Bachelors, Married-civ-spouse, Sales, Husband, White, Male, United-States, <=50K
25.45324,71209.72,10.964441,-144.29303,21.907385,49.142365, Private, Assoc-voc, Divorced, Adm-clerical, Own-child, White, Male, United-States, <=50K
40.950073,172324.53,12.231627,310.3302,-5.9967375,30.966473, Private, Bachelors, Never-married, Sales, Other-relative, White, Female, United-States, <=50K
35.936737,240433.8,8.976551,45.50555,0.2278186,43.73956, Private, HS-grad, Married-civ-spouse, Transport-moving, Husband, White, Male, United-States, <=50K
27.536598,245267.25,12.731503,-40.59003,18.47331,41.52956, Private, Bachelors, Never-married, Handlers-cleaners, Unmarried, White, Male, United-States, <=50K
65.78955,175669.72,12.098638,141.96887,-15.136378,13.259451, Private, Assoc-acdm, Married-civ-spouse, Other-service, Husband, White, Male, United-States, >50K
38.130287,156436.67,13.020086,1542.2788,-8.78258,54.700798, Local-gov, Bachelors, Married-civ-spouse, Prof-specialty, Husband, White, Male, United-States, <=50K
33.180813,269167.8,9.014763,-55.6247,-2.92274,41.81443, Private, HS-grad, Married-civ-spouse, Transport-moving, Husband, White, Male, United-States, <=50K
34.083366,295594.1,8.939678,195.1817,-10.307277,56.56962, Private, HS-grad, Never-married, Sales, Not-in-family, White, Male, United-States, <=50K
45.969463,267989.3,13.788552,6080.3066,-11.894938,47.11828, Private, Masters, Divorced, Prof-specialty, Unmarried, White, Female, United-States, >50K
38.31605,225065.5,13.429909,59235.27,-27.71763,53.934383, Self-emp-inc, Masters, Married-civ-spouse, Exec-managerial, Husband, White, Male, United-States, >50K
55.892212,164565.67,8.270041,498.15863,-6.9410353,34.79231, Private, Assoc-voc, Married-civ-spouse, Handlers-cleaners, Husband, White, Male, United-States, >50K
30.424625,91067.8,12.738715,140.50153,-14.390063,55.67249, ?, Bachelors, Never-married, ?, Own-child, White, Male, United-States, <=50K
27.152418,190664.6,8.951817,179.29858,-5.1520567,30.43292, Private, HS-grad, Never-married, Adm-clerical, Other-relative, White, Female, United-States, <=50K
44.727253,88597.734,9.0315695,-20.261295,-33.233936,32.74801, State-gov, HS-grad, Married-civ-spouse, Adm-clerical, Not-in-family, White, Female, United-States, <=50K
34.926853,168598.06,13.016945,-454.6231,-0.8555783,73.93408, Private, Bachelors, Never-married, Prof-specialty, Not-in-family, White, Female, United-States, >50K
17.55126,189971.94,6.6443696,-186.98053,-17.729418,48.43013, Private, 12th, Never-married, Transport-moving, Not-in-family, White, Male, United-States, <=50K
43.216187,164059.98,10.329705,1663.9922,-18.811815,56.89992, Private, Some-college, Married-civ-spouse, Craft-repair, Husband, White, Male, United-States, >50K
34.630802,133436.97,9.033381,13.74847,4.190503,40.32927, Private, HS-grad, Married-civ-spouse, Other-service, Husband, White, Male, United-States, <=50K
22.788689,302462.6,9.926813,2579.6467,-18.193743,38.386635, Private, Some-college, Never-married, Other-service, Not-in-family, White, Male, United-States, <=50K
36.166718,124828.88,10.0032625,52043.984,-28.279192,37.10601, Private, Some-college, Never-married, Sales, Own-child, White, Male, United-States, >50K
41.56874,123325.48,9.002608,953.02747,1.5160419,43.223663, Private, HS-grad, Married-civ-spouse, Craft-repair, Husband, White, Male, United-States, >50K
23.56619,116653.84,9.559429,-255.07281,10.996526,42.1422, Private, HS-grad, Never-married, Adm-clerical, Not-in-family, White, Female, United-States, >50K
56.290237,383686.38,14.146009,36.093807,6.729703,44.673306, Self-emp-not-inc, Masters, Married-civ-spouse, Sales, Husband, White, Male, United-States, >50K
53.11405,102069.836,9.00611,25.438534,-0.36197174,38.398026, Private, HS-grad, Married-civ-spouse, Handlers-cleaners, Husband, White, Male, United-States, <=50K
36.184246,114587.164,9.003638,-118.79597,-10.522525,58.591076, Private, HS-grad, Married-civ-spouse, Transport-moving, Husband, White, Male, United-States, >50K
34.625286,234817.0,9.032825,110.53106,-9.81486,41.10259, State-gov, HS-grad, Married-civ-spouse, Prof-specialty, Not-in-family, White, Female, United-States, <=50K
34.497417,234224.55,9.876917,98.205315,-7.2469893,45.004208, Private, Some-college, Married-civ-spouse, Other-service, Husband, White, Male, United-States, <=50K
19.374056,164170.66,9.050046,-110.386665,4.374234,38.756447, Private, HS-grad, Never-married, Other-service, Own-child, White, Female, United-States, <=50K
30.801437,145621.22,9.1254225,-73.114815,2.255887,34.322227, Self-emp-not-inc, HS-grad, Married-civ-spouse, Craft-repair, Husband, White, Male, United-States, <=50K
22.306292,107361.54,10.10445,80.09289,-30.751192,41.412796, Private, HS-grad, Never-married, Adm-clerical, Own-child, White, Female, United-States, <=50K
39.512966,170255.6,12.730184,1315.167,1738.4427,50.219982, Private, Bachelors, Married-civ-spouse, Prof-specialty, Husband, White, Male, United-States, >50K
63.070263,162205.94,8.938549,1211.6261,-6.5118284,22.263546, ?, HS-grad, Married-civ-spouse, ?, Wife, White, Female, United-States, <=50K
39.701973,62856.016,9.669897,-294.51886,-28.124414,38.60678, Local-gov, HS-grad, Married-civ-spouse, Tech-support, Husband, White, Male, United-States, <=50K
21.6286,288343.06,9.062375,-135.62335,6.3634005,33.214413, State-gov, HS-grad, Never-married, Adm-clerical, Own-child, White, Female, United-States, <=50K
29.88675,151860.25,9.07506,14960.111,-36.0014,36.766945, Local-gov, HS-grad, Married-civ-spouse, Craft-repair, Husband, White, Male, United-States, >50K
52.604885,367232.8,9.043988,1582.5974,-12.297801,42.988564, Private, HS-grad, Married-civ-spouse, Handlers-cleaners, Husband, White, Male, United-States, <=50K
35.491817,247850.7,9.019714,-199.79071,0.6295749,46.757877, Private, HS-grad, Never-married, Handlers-cleaners, Unmarried, White, Male, United-States, >50K
35.145576,127552.67,13.017433,-288.0893,-0.4890927,36.609177, Self-emp-not-inc, Bachelors, Married-civ-spouse, Prof-specialty, Other-relative, White, Male, United-States, <=50K
36.345406,305364.06,10.050473,244.97894,-39.65633,43.649677, Private, Some-college, Separated, Other-service, Unmarried, White, Female, United-States, >50K
42.6484,306424.72,10.043022,2420.2505,-24.78351,59.243748, Self-emp-not-inc, Some-college, Married-civ-spouse, Craft-repair, Husband, White, Male, United-States, >50K
29.377018,396460.25,12.949,-78.092964,-12.168445,25.25025, Private, Bachelors, Married-civ-spouse, Transport-moving, Husband, White, Male, United-States, <=50K
56.76483,393185.34,9.479599,2365.6848,1066.1034,48.345993, ?, HS-grad, Married-civ-spouse, ?, Husband, White, Male, United-States, >50K
30.400528,264999.34,9.0463,-244.20221,1.4429599,37.635643, Private, HS-grad, Married-civ-spouse, Farming-fishing, Husband, White, Male, United-States, >50K
58.257774,403324.6,9.025609,2107.213,-1.280116,41.17626, Private, HS-grad, Married-civ-spouse, Adm-clerical, Husband, White, Male, United-States, <=50K
24.6283,42323.03,11.255688,4.2676353,17.643118,34.121513, Private, Assoc-acdm, Married-civ-spouse, Prof-specialty, Wife, White, Female, United-States, <=50K
32.267735,66341.58,13.019251,-41.643986,14.688184,64.39876, Private, Bachelors, Married-civ-spouse, Sales, Husband, White, Male, United-States, >50K
48.363068,276262.8,12.752275,108.33947,0.1563388,33.986076, Private, Bachelors, Never-married, Handlers-cleaners, Unmarried, White, Male, United-States, <=50K
56.314243,93834.055,8.975941,-107.32917,23.25073,53.594185, Private, HS-grad, Married-civ-spouse, Prof-specialty, Husband, White, Male, United-States, >50K
46.72087,149576.89,9.025508,3053.0015,6.8441057,68.88919, ?, HS-grad, Married-civ-spouse, ?, Husband, White, Male, United-States, <=50K
25.338406,216104.73,8.915947,18334.102,-6.6906233,34.231518, Private, HS-grad, Married-civ-spouse, Craft-repair, Husband, White, Male, United-States, >50K
36.059628,162859.97,6.7045827,257.47845,-3.1031523,28.427397, ?, 12th, Never-married, ?, Not-in-family, White, Male, United-States, >50K
56.016617,144092.94,10.1624565,976.5785,-1.2691983,16.541939, Private, Some-college, Divorced, Craft-repair, Not-in-family, White, Male, United-States, <=50K
63.5953,390862.84,9.112543,159.84692,17.125456,21.308092, ?, HS-grad, Divorced, ?, Not-in-family, White, Male, United-States, <=50K
25.66847,207768.69,9.998152,252.62897,-1.2288846,48.154667, Private, Some-college, Married-civ-spouse, Sales, Husband, White, Male, United-States, <=50K
30.330624,105999.48,10.076574,86.82885,-9.403506,37.66377, Local-gov, Some-college, Married-civ-spouse, Protective-serv, Husband, White, Male, United-States, <=50K
37.281494,94902.43,11.981647,-77.616035,-3.3190565,44.558853, Private, Assoc-acdm, Married-civ-spouse, Farming-fishing, Husband, White, Male, United-States, <=50K
29.145624,194117.05,10.052394,6000.457,3.4294558,49.82318, Private, Some-college, Married-civ-spouse, Craft-repair, Husband, White, Male, United-States, <=50K
35.684753,129700.086,9.015831,178.19012,15.474416,54.668644, ?, HS-grad, Divorced, ?, Not-in-family, White, Male, United-States, <=50K
62.55251,213200.22,12.649735,7097.294,-39.96491,39.98864, Federal-gov, Assoc-acdm, Married-civ-spouse, Sales, Husband, White, Male, United-States, >50K
27.623215,116151.9,9.009226,-93.60627,-0.76469696,40.997223, Private, HS-grad, Never-married, Handlers-cleaners, Not-in-family, White, Male, United-States, <=50K
25.439545,161408.45,8.992974,70.385185,-12.084369,45.74141, Private, HS-grad, Never-married, Adm-clerical, Not-in-family, White, Male, United-States, <=50K
28.077171,237947.83,10.049447,226.31073,-13.026408,37.869404, Private, Some-college, Never-married, Exec-managerial, Unmarried, White, Male, United-States, >50K
28.491081,177165.66,10.052592,235.6239,5.845723,20.010231, Private, Some-college, Married-civ-spouse, Sales, Wife, White, Female, United-States, <=50K
14.765023,554878.3,8.430698,263.55212,36.718445,25.170977, Private, HS-grad, Never-married, Priv-house-serv, Own-child, White, Female, United-States, <=50K
38.614616,260158.02,8.926353,-53.863956,4.6360216,30.68483, Private, HS-grad, Married-civ-spouse, Other-service, Husband, White, Male, United-States, >50K
29.603817,172359.31,10.245302,817.77264,-47.5321,60.1554, Private, HS-grad, Never-married, Other-service, Not-in-family, White, Male, United-States, <=50K
27.093363,258813.38,12.761767,-8.9699135,0.41388428,36.020267, Private, Bachelors, Never-married, Prof-specialty, Own-child, White, Female, United-States, <=50K
32.546032,45566.266,10.004665,252.84833,-1.8697461,43.552486, Private, Some-college, Married-civ-spouse, Exec-managerial, Husband, White, Male, United-States, <=50K
45.55175,153768.77,14.768543,51855.133,-9.341525,48.13343, Private, Assoc-acdm, Married-civ-spouse, Prof-specialty, Husband, White, Male, United-States, >50K
33.0377,210171.17,9.002458,2206.2478,-25.979822,40.912563, State-gov, HS-grad, Never-married, Adm-clerical, Not-in-family, White, Male, United-States, <=50K
31.44315,168629.14,12.949359,24.590511,-0.36937988,36.688328, Private, Bachelors, Never-married, Machine-op-inspct, Not-in-family, White, Female, United-States, <=50K
39.46529,172365.45,13.944688,-29.306705,1.8852817,39.769676, Private, Masters, Married-civ-spouse, Transport-moving, Husband, White, Male, United-States, <=50K
23.56322,155143.47,10.327138,-77.48664,1.0715686,36.338047, ?, Some-college, Never-married, ?, Own-child, White, Female, United-States, <=50K
20.972223,251881.42,9.977289,245.76282,-2.3651762,38.546646, Private, Some-college, Never-married, Craft-repair, Own-child, White, Male, United-States, <=50K
22.498772,304857.47,9.105851,-22.532902,41.765434,63.826588, Private, HS-grad, Divorced, Transport-moving, Unmarried, White, Male, United-States, <=50K
45.529327,168627.08,9.063146,1952.0538,-1.0838498,37.780914, Private, HS-grad, Married-civ-spouse, Adm-clerical, Husband, White, Male, United-States, <=50K
26.429192,229270.62,9.028363,-60.864567,-14.967135,76.59822, Private, HS-grad, Never-married, Transport-moving, Not-in-family, White, Male, United-States, <=50K
34.981094,259754.47,12.7049885,52.26855,-12.2112,32.603382, Local-gov, Assoc-voc, Never-married, Adm-clerical, Not-in-family, White, Female, United-States, <=50K
27.421228,430017.2,9.075675,-138.10748,2.0033846,50.032814, Private, HS-grad, Married-civ-spouse, Transport-moving, Husband, White, Male, United-States, <=50K
23.211454,304762.2,9.093997,-177.98358,-18.644335,41.397472, Local-gov, HS-grad, Never-married, Armed-Forces, Other-relative, White, Male, United-States, <=50K
42.32948,157495.84,11.068362,-29.491276,12.117253,38.77074, Local-gov, Assoc-voc, Never-married, Adm-clerical, Not-in-family, White, Female, United-States, <=50K
61.83498,194808.69,9.127755,-183.9715,9.55911,44.161835, Local-gov, HS-grad, Married-civ-spouse, Craft-repair, Husband, White, Male, United-States, <=50K
46.924488,77569.17,11.175102,14.682064,0.47633088,40.78469, Private, Some-college, Married-civ-spouse, Exec-managerial, Husband, White, Male, United-States, >50K
41.212498,85296.64,11.950914,237.89459,-0.67673767,47.449738, Private, Assoc-acdm, Never-married, Other-service, Unmarried, White, Male, United-States, <=50K
42.363735,107685.266,11.467615,228.29211,-22.145304,51.498177, Private, Bachelors, Divorced, Priv-house-serv, Own-child, White, Female, United-States, <=50K
44.265854,175002.42,9.962172,189.18195,6.2553835,41.7381, Private, Some-college, Never-married, Other-service, Not-in-family, White, Male, United-States, <=50K
21.251896,122234.266,9.067518,201.1377,-1.7700757,26.012411, Private, HS-grad, Never-married, Adm-clerical, Own-child, White, Female, United-States, <=50K
23.682734,230948.52,9.936591,9524.195,-2.058528,46.862267, Private, Some-college, Never-married, Sales, Not-in-family, White, Male, United-States, <=50K
18.854582,46582.89,12.988662,260.7469,11.401898,21.098095, Private, Bachelors, Never-married, Sales, Own-child, White, Male, United-States, <=50K
28.240347,15648.954,9.992942,-591.4632,-2.9719954,-3.5966437, Self-emp-not-inc, Some-college, Never-married, Machine-op-inspct, Own-child, White, Female, United-States, <=50K
31.965364,58855.414,10.020248,235.31207,16.769644,43.16769, Self-emp-not-inc, Some-college, Married-spouse-absent, Farming-fishing, Not-in-family, White, Male, United-States, <=50K
37.201557,170835.83,8.961472,-62.564884,7.9373217,34.02747, ?, HS-grad, Married-civ-spouse, ?, Wife, White, Female, United-States, <=50K
27.572083,262141.2,6.9330573,70.38836,18.55271,51.602592, Private, 10th, Never-married, Farming-fishing, Not-in-family, White, Male, United-States, <=50K
21.851433,407534.22,9.965309,66.03399,-1.9893216,44.483257, ?, Some-college, Never-married, ?, Not-in-family, White, Male, United-States, <=50K
29.391066,78314.09,10.079622,328.3379,5.591443,49.290398, Private, Some-college, Married-civ-spouse, Exec-managerial, Husband, White, Male, United-States, <=50K
53.20801,105302.86,9.001671,-50.90949,6.4837236,45.91022, Private, HS-grad, Married-civ-spouse, Craft-repair, Husband, White, Male, United-States, <=50K
29.333448,107734.26,8.954446,-95.547066,-3.1547422,36.20497, Private, HS-grad, Never-married, Adm-clerical, Other-relative, White, Female, United-States, <=50K
24.832201,310993.75,9.888941,-319.00494,1152.8867,45.230446, Private, Some-college, Never-married, Sales, Husband, White, Male, United-States, <=50K
24.63148,246933.08,8.999075,123.180046,6.803113,30.672829, Private, HS-grad, Never-married, Other-service, Not-in-family, White, Female, United-States, <=50K
42.14574,143951.1,9.992644,-45.820988,15.936437,14.84444, Private, Some-college, Divorced, Priv-house-serv, Unmarried, White, Female, United-States, <=50K
21.993475,192602.52,6.958623,-32.318058,-35.49069,35.87713, Private, 11th, Married-civ-spouse, Craft-repair, Husband, White, Male, United-States, <=50K
41.080833,199161.2,12.907089,21.432674,1.7596866,41.541576, Private, Bachelors, Married-civ-spouse, Exec-managerial, Husband, White, Male, United-States, <=50K
28.416456,54653.5,14.145149,303.6441,-9.210261,40.039825, Private, Masters, Never-married, Sales, Not-in-family, White, Female, United-States, <=50K
43.72285,338164.28,12.035302,-232.2276,-1.9415005,38.28587, Private, Assoc-acdm, Married-civ-spouse, Other-service, Husband, White, Male, United-States, <=50K
45.84705,286079.62,10.054369,128.6275,-11.992465,40.83229, Local-gov, Some-college, Married-civ-spouse, Protective-serv, Husband, White, Male, United-States, <=50K
67.86278,111840.99,8.9582815,47074.492,13.610303,45.482487, Private, HS-grad, Married-civ-spouse, Adm-clerical, Husband, White, Male, United-States, >50K
23.6043,307279.38,11.209085,-209.82501,13.856847,16.205706, Private, Assoc-acdm, Never-married, Other-service, Own-child, White, Male, United-States, <=50K
35.268116,137582.77,9.030727,-49.452946,0.067402944,44.656048, Private, HS-grad, Married-civ-spouse, Craft-repair, Husband, White, Male, United-States, <=50K
38.14715,310920.94,11.85997,142.84155,8.852513,71.061516, Private, Assoc-acdm, Married-civ-spouse, Protective-serv, Not-in-family, White, Male, United-States, <=50K
58.16424,95093.586,8.953458,832.96893,-6.615077,20.187368, Private, HS-grad, Married-civ-spouse, Handlers-cleaners, Husband, White, Male, United-States, <=50K
27.636267,149974.66,9.979269,256.77118,20.353651,38.63184, Private, Some-college, Divorced, Craft-repair, Not-in-family, White, Male, United-States, <=50K
41.34139,48313.625,8.948553,48.977047,1427.2943,37.32088, Private, HS-grad, Never-married, Other-service, Not-in-family, White, Female, United-States, <=50K
61.684265,276433.28,8.997805,-44.159733,10.642835,40.785786, Self-emp-not-inc, HS-grad, Married-civ-spouse, Craft-repair, Husband, White, Male, United-States, <=50K
36.877003,95901.46,12.974809,-31.903873,9.617787,41.766693, Private, Bachelors, Divorced, Prof-specialty, Unmarried, White, Female, United-States, <=50K
28.801147,88185.34,10.001471,75.79583,3.0175524,44.45465, Self-emp-not-inc, Some-college, Married-civ-spouse, Adm-clerical, Wife, White, Female, United-States, <=50K
40.11546,72752.086,10.047954,67.057915,-16.42299,39.32251, Private, Some-college, Never-married, Adm-clerical, Not-in-family, White, Female, United-States, <=50K
34.3373,173539.28,12.940591,-30.60114,-4.959506,40.897846, Private, Bachelors, Married-civ-spouse, Prof-specialty, Husband, White, Male, United-States, <=50K
27.332949,387658.94,14.361683,60.58282,212.56868,48.75829, Private, Masters, Married-civ-spouse, Exec-managerial, Husband, White, Male, United-States, >50K
30.410378,189341.17,13.003343,95.233086,-3.2362852,34.25179, Private, Bachelors, Married-civ-spouse, Exec-managerial, Wife, White, Female, United-States, >50K
51.438606,208711.36,12.992995,378.07745,0.9188434,48.557266, Federal-gov, Bachelors, Divorced, Prof-specialty, Unmarried, White, Female, United-States, >50K
32.97671,199025.64,3.8108768,-321.51263,19.553396,15.377445, Private, 9th, Divorced, Other-service, Not-in-family, White, Female, United-States, <=50K
26.707243,142088.92,9.018266,446.50372,-6.8278685,39.095722, Private, HS-grad, Married-civ-spouse, Adm-clerical, Husband, White, Female, United-States, <=50K
39.32488,229775.02,10.0159445,461.4972,-3.066455,42.07331, Private, Some-college, Married-civ-spouse, Exec-managerial, Husband, White, Male, United-States, >50K
32.776806,584856.75,9.020909,41.89471,4.811101,49.332508, ?, HS-grad, Married-civ-spouse, ?, Husband, White, Male, United-States, <=50K
32.212948,167924.31,9.460363,221.5423,-54.80673,38.097065, Private, HS-grad, Never-married, Exec-managerial, Not-in-family, White, Female, United-States, <=50K
34.017124,156455.19,10.009246,519.6845,1084.8577,54.449677, Private, Some-college, Married-civ-spouse, Sales, Husband, White, Male, United-States, >50K
25.342726,740948.3,11.118792,564.4143,3.7972841,52.5417, Private, Assoc-voc, Divorced, Other-service, Unmarried, White, Female, United-States, <=50K
26.593895,237271.12,7.62613,-208.03326,15.259587,40.863083, Private, 11th, Never-married, Exec-managerial, Not-in-family, White, Female, United-States, <=50K
48.905056,381665.28,10.005196,2551.4329,-19.63415,44.14767, Federal-gov, Some-college, Married-civ-spouse, Craft-repair, Husband, White, Male, United-States, >50K
64.13034,166895.66,8.958954,112.18218,-14.589648,43.073463, Private, HS-grad, Married-civ-spouse, Exec-managerial, Husband, White, Male, United-States, <=50K
17.513102,322295.88,9.084353,-36.375187,2.8483553,27.267677, Private, HS-grad, Never-married, Adm-clerical, Own-child, White, Male, United-States, <=50K
23.117662,157585.05,12.663508,10.68121,-12.847835,53.63714, Private, Bachelors, Never-married, Sales, Own-child, White, Female, United-States, <=50K
20.845974,426069.84,6.9608936,115.28887,-6.4762983,39.709465, Private, 11th, Never-married, Craft-repair, Own-child, White, Male, United-States, <=50K
45.938015,224486.98,9.0026655,46.07513,-9.727374,39.44677, Private, HS-grad, Married-civ-spouse, Adm-clerical, Husband, White, Male, United-States, >50K
31.114862,304859.75,8.969162,-33.238834,-12.371074,40.044594, Private, HS-grad, Never-married, Protective-serv, Not-in-family, White, Male, United-States, <=50K
60.756058,151292.08,12.155835,34.646847,-3.0176344,49.43951, Private, Bachelors, Divorced, Prof-specialty, Not-in-family, White, Female, United-States, >50K
53.296673,207260.62,14.109619,10172.876,-12.267695,42.12967, Private, Masters, Married-civ-spouse, Transport-moving, Husband, White, Male, United-States, >50K
55.901314,215529.02,9.028474,149.07587,-2.060336,39.517815, Private, HS-grad, Married-civ-spouse, Sales, Husband, White, Male, United-States, <=50K
51.521393,186878.52,3.8687892,-200.34003,-0.14148225,50.40298, Private, 9th, Married-civ-spouse, Other-service, Husband, White, Male, United-States, <=50K
77.85706,220971.22,13.959795,-86.308784,10.867459,17.360992, Private, Masters, Married-civ-spouse, Prof-specialty, Husband, White, Male, United-States, <=50K
60.417973,258176.33,10.0030575,25.590755,0.27330506,45.179146, Private, Some-college, Married-civ-spouse, Transport-moving, Husband, White, Male, United-States, <=50K
51.787807,131046.5,13.70591,740.3898,1233.0773,5.6672, Private, Masters, Married-civ-spouse, Prof-specialty, Not-in-family, White, Male, United-States, <=50K
41.58172,240776.84,10.052693,11.912533,-9.618556,31.931, Local-gov, Some-college, Never-married, Prof-specialty, Not-in-family, White, Female, United-States, <=50K
41.709156,212021.44,11.531773,-295.57062,10.204938,46.776493, Private, Bachelors, Never-married, Exec-managerial, Husband, White, Male, United-States, <=50K
19.750172,184038.86,9.067923,162.3097,10.415837,24.254295, Private, HS-grad, Never-married, Craft-repair, Own-child, White, Female, United-States, <=50K
31.929535,-3822.9836,9.030604,-89.74946,8.682439,41.37291, Private, HS-grad, Married-civ-spouse, Other-service, Husband, White, Male, United-States, <=50K
34.945538,250770.86,10.038358,62.76434,10.863034,32.320515, Private, Some-college, Divorced, Machine-op-inspct, Not-in-family, White, Female, United-States, <=50K
25.712229,146455.98,13.018759,209.08557,-6.6752424,51.224556, Private, Bachelors, Never-married, Sales, Own-child, White, Female, United-States, <=50K
28.654955,299414.2,10.965998,1547.967,12.48763,37.66362, Private, Assoc-voc, Never-married, Other-service, Unmarried, White, Female, United-States, <=50K
45.34139,237134.47,9.964048,1516.6981,-10.991542,42.267292, Private, Some-college, Married-civ-spouse, Craft-repair, Husband, White, Male, United-States, <=50K
15.719224,199604.84,9.874063,183.76782,8.460172,33.936825, Private, Some-college, Never-married, Other-service, Not-in-family, White, Male, United-States, <=50K
42.61146,369962.34,9.498208,30554.309,-77.60586,51.55857, Private, Some-college, Never-married, Sales, Husband, White, Male, United-States, >50K
34.61967,286259.2,8.963729,227.87506,1.2005588,59.560745, Private, HS-grad, Never-married, Sales, Not-in-family, White, Male, United-States, <=50K
57.683716,415971.4,9.369603,183.68304,-29.588732,38.365784, Private, HS-grad, Never-married, Exec-managerial, Not-in-family, White, Female, United-States, <=50K
52.46286,244857.0,9.990085,-125.04011,-1.8116482,40.027668, Private, Some-college, Separated, Craft-repair, Not-in-family, White, Male, United-States, <=50K
16.806118,306162.97,10.416559,-158.61224,24.81433,20.540985, ?, Assoc-acdm, Never-married, ?, Own-child, White, Female, United-States, <=50K
44.337902,429425.62,13.503272,3385.7327,-4.387454,50.406128, Local-gov, Masters, Married-civ-spouse, Adm-clerical, Husband, White, Male, United-States, >50K
49.2857,167301.83,9.016361,649.86554,22.061857,61.648315, Private, HS-grad, Married-civ-spouse, Transport-moving, Husband, White, Male, United-States, >50K
28.450855,182944.83,3.5707483,-179.12372,8.763623,30.807991, Self-emp-inc, 10th, Never-married, Other-service, Own-child, White, Male, United-States, <=50K
38.46992,214950.92,9.001788,18.70074,-28.182749,48.179207, Private, HS-grad, Married-civ-spouse, Prof-specialty, Husband, White, Male, United-States, <=50K
53.570515,168300.23,10.502104,-151.71735,-3.1499891,43.191128, State-gov, Assoc-voc, Married-civ-spouse, Craft-repair, Husband, White, Male, United-States, <=50K
56.298035,273796.4,6.5859427,-83.79328,6.760625,58.89027, Self-emp-inc, 10th, Married-civ-spouse, Farming-fishing, Husband, White, Male, United-States, <=50K
45.383472,104634.02,9.163229,121.000725,2.6987047,38.896805, Federal-gov, HS-grad, Divorced, Craft-repair, Unmarried, White, Female, United-States, <=50K
29.22321,196245.14,9.006995,126.57702,20.099981,25.382011, ?, HS-grad, Never-married, ?, Not-in-family, White, Female, United-States, <=50K
41.272686,189279.72,13.014021,614.36566,-6.7618284,65.92865, Federal-gov, Bachelors, Divorced, Adm-clerical, Not-in-family, White, Male, United-States, <=50K
53.976395,177431.05,9.139006,-120.07197,-7.3776503,45.135048, Private, HS-grad, Married-civ-spouse, Machine-op-inspct, Husband, White, Male, United-States, <=50K
53.891094,157548.75,9.126383,3829.9653,10.118665,45.20906, ?, HS-grad, Married-civ-spouse, ?, Husband, White, Male, United-States, >50K
24.12268,148405.12,12.063409,59.280025,26.509932,21.763271, Local-gov, Assoc-acdm, Never-married, ?, Not-in-family, White, Female, United-States, <=50K
26.233248,198350.58,7.379581,-147.5257,-35.006916,37.786873, Private, 11th, Married-civ-spouse, Other-service, Husband, White, Male, United-States, <=50K
26.606722,185270.8,6.1811767,-230.0191,-6.1218367,48.91462, Private, HS-grad, Married-civ-spouse, Transport-moving, Husband, White, Male, United-States, >50K
36.856285,185748.66,9.020178,-257.71967,-0.24525727,38.97412, Private, HS-grad, Never-married, Machine-op-inspct, Own-child, White, Female, United-States, >50K
56.09592,139444.97,9.017941,280.3529,13.340047,35.802834, Private, HS-grad, Divorced, Other-service, Not-in-family, White, Female, United-States, <=50K
21.878622,209285.2,10.0248575,-77.957954,4.085454,26.055134, ?, Some-college, Never-married, ?, Own-child, White, Female, United-States, <=50K
51.531925,196740.73,9.051206,2705.0315,-3.1761503,40.26448, Private, HS-grad, Divorced, Craft-repair, Not-in-family, White, Female, United-States, <=50K
26.308697,186993.03,13.0219555,69.8388,0.87772095,39.62317, Private, Bachelors, Never-married, Adm-clerical, Own-child, White, Male, United-States, <=50K
43.935688,142707.45,8.960024,-115.391914,-0.4897412,44.855247, Private, HS-grad, Married-civ-spouse, Handlers-cleaners, Husband, White, Male, United-States, <=50K
30.477695,37771.42,9.037112,-128.76752,10.180753,50.21486, Private, HS-grad, Married-civ-spouse, Craft-repair, Husband, White, Male, United-States, <=50K
20.910698,178053.73,6.051293,-18.442814,11.030141,34.776608, Private, 9th, Never-married, Priv-house-serv, Other-relative, White, Female, United-States, <=50K
45.075134,133870.19,8.974492,-93.348335,-14.516788,39.228996, Private, HS-grad, Never-married, Adm-clerical, Unmarried, White, Female, United-States, <=50K
36.30415,188873.9,8.940752,-28.368717,2.634076,42.00012, Private, HS-grad, Married-civ-spouse, Transport-moving, Husband, White, Male, United-States, <=50K
36.35909,336438.6,13.033881,-39.33832,-6.5835524,69.077805, Private, Bachelors, Married-civ-spouse, Prof-specialty, Husband, White, Male, United-States, >50K
39.152943,258022.78,9.006917,-92.16181,9.681127,27.370962, Private, HS-grad, Married-civ-spouse, Other-service, Husband, White, Female, United-States, <=50K
24.469582,216258.08,12.96307,11802.43,-0.83295715,49.785717, Private, Bachelors, Never-married, Exec-managerial, Own-child, White, Male, United-States, <=50K
18.943571,202819.42,8.964947,-55.88886,-10.956012,44.91622, Private, HS-grad, Never-married, Prof-specialty, Other-relative, White, Male, United-States, <=50K
51.25309,206064.06,9.035687,-111.012886,-13.016307,40.063618, Local-gov, HS-grad, Divorced, Adm-clerical, Not-in-family, White, Female, United-States, <=50K
55.602364,220792.31,4.923809,-134.39716,2.2653246,33.717434, Private, 10th, Separated, Other-service, Not-in-family, White, Female, United-States, <=50K
19.736715,261071.17,9.46508,336.92682,-0.2444867,26.987, Private, HS-grad, Never-married, Adm-clerical, Not-in-family, White, Female, United-States, <=50K
41.641293,192284.7,10.944022,903.2784,-1.314288,44.218624, Private, Assoc-voc, Married-civ-spouse, Craft-repair, Husband, White, Male, United-States, >50K
25.675497,154680.08,12.97823,-1.6055338,1.2151233,21.635885, Private, Bachelors, Married-civ-spouse, Adm-clerical, Other-relative, White, Female, United-States, <=50K
36.1201,256063.58,8.81006,143.91919,-9.207095,38.60791, Private, HS-grad, Married-civ-spouse, Exec-managerial, Husband, White, Male, United-States, <=50K
28.778826,144639.7,9.501492,-43.617496,5.841405,40.647305, Private, Some-college, Married-civ-spouse, Craft-repair, Husband, White, Male, United-States, <=50K
49.8079,238278.3,8.959199,-243.34357,-1.3733929,53.34818, Private, HS-grad, Married-civ-spouse, Transport-moving, Husband, White, Male, United-States, <=50K
42.76078,236479.97,5.752407,-117.86616,16.971006,34.203392, Private, 9th, Divorced, Other-service, Unmarried, White, Female, United-States, <=50K
31.607523,179108.45,10.848815,-489.50665,5.220525,74.203926, Private, Assoc-voc, Divorced, Adm-clerical, Not-in-family, White, Female, United-States, <=50K
32.46438,325389.88,12.98885,470.1053,-5.4097853,46.059414, Private, Bachelors, Married-civ-spouse, Exec-managerial, Husband, White, Female, United-States, >50K
23.164465,260000.61,9.063633,306.0517,-0.5114697,34.86794, Private, HS-grad, Never-married, Priv-house-serv, Not-in-family, White, Female, United-States, <=50K
28.431253,173472.06,9.988553,93.13207,7.6397295,30.131119, Private, Some-college, Never-married, Exec-managerial, Not-in-family, White, Female, United-States, <=50K
31.423988,85263.83,10.068704,320.1715,4.3022966,50.084335, Private, Some-college, Divorced, Adm-clerical, Not-in-family, White, Male, United-States, <=50K
38.82589,124792.75,9.00877,2765.2336,2.3479128,38.81418, Private, HS-grad, Married-civ-spouse, Craft-repair, Husband, White, Male, United-States, <=50K
29.163242,107154.52,9.064164,-28.935734,-1.6217984,44.26614, Private, HS-grad, Married-civ-spouse, Sales, Husband, White, Male, United-States, <=50K
50.820312,216933.77,9.180267,-197.62506,3.0372133,64.062164, Local-gov, HS-grad, Married-civ-spouse, Protective-serv, Husband, White, Male, United-States, <=50K
17.518944,138528.77,8.9387,-21.041203,0.81763947,39.06906, Private, HS-grad, Never-married, Farming-fishing, Not-in-family, White, Male, United-States, <=50K
32.357967,181098.97,10.003386,1742.6683,0.45487702,48.829487, Private, Some-college, Married-civ-spouse, Craft-repair, Husband, White, Male, United-States, <=50K
36.185276,92237.46,10.148274,-26.352238,6.6300783,42.738934, Private, Assoc-acdm, Divorced, Sales, Unmarried, White, Female, United-States, <=50K
21.93552,267400.94,9.979863,145.74115,-10.040668,41.14885, Private, Some-college, Never-married, Craft-repair, Own-child, White, Male, United-States, <=50K
31.858866,234583.92,9.676789,-271.82428,-32.20654,37.473595, Self-emp-not-inc, Some-college, Never-married, Handlers-cleaners, Unmarried, White, Male, United-States, <=50K
20.354868,272608.03,9.085474,-123.08869,-12.352962,26.531368, Private, HS-grad, Never-married, Tech-support, Own-child, White, Female, United-States, <=50K
35.02277,65599.44,12.828518,469.04944,1367.4331,53.413727, Private, Bachelors, Married-civ-spouse, Exec-managerial, Husband, White, Male, United-States, >50K
36.78068,314264.03,8.98911,39.028988,10.788411,33.95662, Private, HS-grad, Never-married, Handlers-cleaners, Not-in-family, White, Male, United-States, <=50K
32.578953,138731.5,10.048343,68.741264,-3.6410398,47.03894, Private, Some-college, Never-married, Prof-specialty, Not-in-family, White, Female, United-States, <=50K
45.557392,196356.72,9.003464,94.98907,0.68380463,43.834457, Private, HS-grad, Married-civ-spouse, Transport-moving, Husband, White, Male, United-States, <=50K
63.74646,131181.6,8.945403,88.78484,13.955686,32.981117, Private, HS-grad, Divorced, Sales, Not-in-family, White, Female, United-States, <=50K
37.822777,289972.38,11.012049,12023.646,-10.625026,40.70454, Private, Some-college, Married-civ-spouse, Craft-repair, Husband, White, Male, United-States, >50K
55.143196,119447.414,10.031847,237.74194,-7.490695,47.513493, Private, Some-college, Divorced, Exec-managerial, Not-in-family, White, Female, United-States, <=50K
39.935993,327114.94,6.1396523,238.47327,19.653227,43.30093, Private, 9th, Divorced, Adm-clerical, Not-in-family, White, Female, United-States, <=50K
41.51511,84882.58,8.951106,398.53918,-10.218944,43.73954, Private, HS-grad, Widowed, Adm-clerical, Not-in-family, White, Female, United-States, <=50K
29.112276,138075.64,13.03813,91.66253,9.697103,51.45302, Private, Bachelors, Married-civ-spouse, Exec-managerial, Husband, White, Male, United-States, <=50K
20.068481,82862.89,11.946598,-110.637886,8.283673,23.286486, ?, Masters, Never-married, ?, Own-child, White, Female, United-States, <=50K
39.40824,282506.44,11.640163,-218.88116,22.495085,30.329111, Private, Assoc-acdm, Never-married, Other-service, Own-child, White, Female, United-States, <=50K
49.34271,255959.25,10.138616,30372.836,-49.855328,53.97951, Private, Some-college, Divorced, Adm-clerical, Unmarried, White, Female, United-States, <=50K
53.45866,112327.93,5.386326,146.73846,-2.7195005,50.16149, Self-emp-not-inc, 9th, Married-civ-spouse, Craft-repair, Husband, White, Male, United-States, <=50K
32.044147,196865.5,8.944557,-155.73456,-7.282275,59.36926, Private, HS-grad, Never-married, Adm-clerical, Own-child, White, Female, United-States, <=50K
42.87874,296310.53,9.7725935,36.946224,-9.107402,35.968094, Private, Some-college, Divorced, Prof-specialty, Unmarried, White, Female, United-States, <=50K
38.82317,151443.34,9.041476,-319.91132,-27.595713,61.087452, Private, HS-grad, Never-married, Craft-repair, Not-in-family, White, Male, United-States, >50K
32.89249,213083.84,9.04823,635.0994,-19.924402,42.799427, Private, HS-grad, Married-civ-spouse, Adm-clerical, Husband, White, Male, United-States, >50K
42.215137,404790.84,9.036592,189.0993,2.769269,31.99507, Federal-gov, HS-grad, Never-married, Tech-support, Not-in-family, White, Male, United-States, <=50K
31.464529,571234.5,7.571683,-510.6424,-0.28699005,43.43008, Private, 12th, Never-married, Transport-moving, Unmarried, White, Female, United-States, >50K
62.329235,143366.4,10.406468,292.02496,-23.103228,62.258507, Self-emp-not-inc, Some-college, Married-civ-spouse, Exec-managerial, Husband, White, Male, United-States, <=50K
36.909496,59363.117,10.652046,-206.06635,-27.566393,37.947155, Local-gov, Some-college, Never-married, Other-service, Own-child, White, Male, United-States, <=50K
39.74752,73493.68,9.0087185,19.538876,1687.7869,40.49661, Private, HS-grad, Divorced, Other-service, Not-in-family, White, Female, United-States, <=50K
26.767582,183989.58,9.804992,45.604855,-36.824192,46.639736, Self-emp-inc, HS-grad, Never-married, Other-service, Own-child, White, Male, United-States, <=50K
23.613247,214512.03,12.841408,172.5075,11.308164,39.421703, Private, Bachelors, Married-spouse-absent, Other-service, Not-in-family, White, Male, United-States, <=50K
20.568144,117237.35,10.000252,215.71497,12.30647,40.785126, Private, Some-college, Never-married, Sales, Not-in-family, White, Male, United-States, <=50K
14.227691,406606.66,9.186548,-6.8411293,38.71467,22.247849, Private, Assoc-voc, Never-married, Other-service, Own-child, White, Female, United-States, <=50K
41.966915,108193.164,10.727941,-372.6053,-51.53053,39.387135, ?, Bachelors, Married-civ-spouse, ?, Wife, White, Female, United-States, >50K
47.35606,256147.66,8.983978,170.87457,-1.6114987,43.41286, Private, HS-grad, Married-civ-spouse, Other-service, Husband, White, Male, United-States, >50K
34.275303,100918.02,9.114893,52.70471,-1.4756726,44.824436, Local-gov, HS-grad, Never-married, Adm-clerical, Own-child, White, Female, United-States, <=50K
26.489964,215344.66,10.207641,59.075924,-12.880618,41.44578, Private, Some-college, Married-civ-spouse, Prof-specialty, Husband, White, Male, United-States, <=50K
70.22611,465181.62,10.1786785,91.29748,-24.919954,30.278193, Local-gov, Some-college, Divorced, Other-service, Not-in-family, White, Female, United-States, <=50K
28.475882,165836.44,10.620764,-388.92218,6.764859,39.26555, Private, HS-grad, Married-civ-spouse, Priv-house-serv, Wife, White, Female, United-States, <=50K
47.13625,150216.78,8.970011,66.07128,7.2805986,44.017147, Private, HS-grad, Married-civ-spouse, Farming-fishing, Husband, White, Male, United-States, <=50K
41.615704,415849.78,8.996344,-38.29352,11.426,43.71294, Private, HS-grad, Divorced, Other-service, Not-in-family, White, Female, United-States, <=50K
47.178753,69730.9,9.07194,191.21332,16.196295,41.74985, State-gov, HS-grad, Married-civ-spouse, Adm-clerical, Husband, White, Male, United-States, <=50K
39.55678,299296.78,10.05694,224.54572,27.490698,30.008781, Private, Some-college, Separated, Adm-clerical, Unmarried, White, Male, United-States, <=50K
15.470954,192270.47,6.0815654,-150.4035,16.238226,44.00886, Private, 10th, Never-married, Machine-op-inspct, Not-in-family, White, Male, United-States, <=50K
30.688269,237104.52,9.061956,1826.2928,-4.706477,40.337624, Private, HS-grad, Married-civ-spouse, Exec-managerial, Husband, White, Male, United-States, <=50K
30.663172,62242.023,9.074863,1570.1179,1.0839664,53.008495, Private, HS-grad, Married-civ-spouse, Craft-repair, Husband, White, Male, United-States, <=50K
40.90065,279620.25,9.009448,5345.804,-22.537317,62.508945, Private, HS-grad, Married-civ-spouse, Adm-clerical, Husband, White, Male, United-States, >50K
35.729855,245202.52,9.593852,-112.17841,-2.93188,44.130558, Private, Some-college, Never-married, Sales, Not-in-family, White, Male, United-States, <=50K
34.954437,55417.797,9.057925,140.44391,11.780011,43.521873, Private, HS-grad, Married-civ-spouse, Craft-repair, Husband, White, Male, United-States, <=50K
38.54474,65490.57,13.842117,303.7072,-6.5706816,44.704983, Private, Masters, Never-married, Prof-specialty, Not-in-family, White, Female, United-States, <=50K
63.386127,517039.47,9.313613,535.92377,1809.6637,39.36395, Local-gov, HS-grad, Divorced, Sales, Unmarried, White, Female, United-States, >50K
54.587357,175869.33,8.992177,40.898006,-13.992602,93.855446, Private, HS-grad, Divorced, Sales, Not-in-family, White, Female, United-States, >50K
38.208786,176565.81,9.014422,110.225334,25.348795,41.002728, Private, HS-grad, Divorced, Craft-repair, Unmarried, White, Female, United-States, <=50K
56.34368,280625.3,10.068951,-25.149723,-5.2646437,23.992857, Self-emp-not-inc, Some-college, Married-civ-spouse, Craft-repair, Husband, White, Male, United-States, <=50K
34.799786,145907.17,9.037914,1295.1304,10.235776,44.86966, ?, HS-grad, Married-civ-spouse, ?, Husband, White, Male, United-States, <=50K
48.457977,186497.7,12.900874,2242.2732,-57.316082,33.112827, Private, Bachelors, Never-married, Prof-specialty, Not-in-family, White, Male, United-States, <=50K
36.119728,246226.27,9.004622,-116.08173,-1.9632443,36.827007, Private, HS-grad, Never-married, Sales, Own-child, White, Female, United-States, <=50K
61.422287,212726.98,9.905557,422.4453,-6.5847044,65.189995, Self-emp-not-inc, Some-college, Divorced, Sales, Not-in-family, White, Male, United-States, >50K
34.66751,289240.06,9.448946,-305.61383,-20.27746,53.46586, Private, HS-grad, Married-civ-spouse, Protective-serv, Wife, White, Female, United-States, >50K
24.22194,100169.53,8.97829,127.11492,-1.1977185,43.368523, Private, HS-grad, Never-married, Priv-house-serv, Not-in-family, White, Male, United-States, <=50K
22.102352,256248.23,9.055524,162.95941,-13.377963,48.007965, Private, HS-grad, Never-married, Adm-clerical, Own-child, White, Female, United-States, <=50K
48.975533,198306.84,9.774461,-394.2198,1801.6744,41.37854, Private, 11th, Widowed, Craft-repair, Unmarried, White, Female, United-States, <=50K
27.22074,128486.23,9.002106,-273.31134,16.51177,14.958086, Private, HS-grad, Never-married, Sales, Own-child, White, Male, United-States, <=50K
31.503777,461051.4,9.119745,2497.225,2.6850786,47.26586, Local-gov, HS-grad, Married-civ-spouse, Transport-moving, Husband, White, Male, United-States, >50K
36.75798,147767.72,8.967809,-112.80427,11.854833,40.238422, Private, HS-grad, Divorced, Craft-repair, Unmarried, White, Female, United-States, <=50K
60.937344,114777.56,8.967045,773.1663,15.126241,18.63225, Private, HS-grad, Widowed, Handlers-cleaners, Not-in-family, White, Male, United-States, <=50K
36.89497,228192.25,9.689508,-119.7685,10.670667,34.904415, Private, Some-college, Divorced, Sales, Unmarried, White, Female, United-States, <=50K
26.633904,240318.97,9.736575,358.93378,-4.031253,27.496168, Private, Some-college, Never-married, Sales, Not-in-family, White, Female, United-States, >50K
43.705074,202784.2,9.019371,-292.60016,8.487409,39.65525, State-gov, HS-grad, Divorced, Other-service, Not-in-family, White, Female, United-States, <=50K
42.438602,78729.31,9.021384,18.62164,19.910917,46.5128, Private, HS-grad, Married-civ-spouse, Craft-repair, Husband, White, Male, United-States, <=50K
14.774152,420420.5,9.99714,137.25714,-1.6316403,27.69803, Private, Some-college, Never-married, Craft-repair, Own-child, White, Male, United-States, <=50K
42.96501,108945.164,9.62892,112856.09,-38.031315,35.67793, Private, HS-grad, Married-civ-spouse, Other-service, Husband, White, Male, United-States, >50K
27.318535,260367.95,9.47469,196.93768,-2.3945036,22.432505, Private, Some-college, Married-civ-spouse, Other-service, Husband, White, Male, United-States, <=50K
39.988003,262356.3,13.786865,101.289665,-3.3942747,53.8812, Private, Masters, Married-civ-spouse, Prof-specialty, Husband, White, Male, United-States, >50K
27.690857,155713.86,9.911847,148.55371,-5.137912,41.958714, Private, Some-college, Never-married, Armed-Forces, Not-in-family, White, Male, United-States, <=50K
43.591446,92087.32,9.017921,61.112118,18.33364,39.419395, Private, HS-grad, Divorced, Handlers-cleaners, Unmarried, White, Female, United-States, <=50K
37.250046,200382.75,9.019023,-130.79523,-22.492678,41.732216, Private, HS-grad, Never-married, Protective-serv, Own-child, White, Male, United-States, <=50K
32.3085,96278.68,9.067907,3341.9958,-16.384539,51.055313, Private, HS-grad, Married-civ-spouse, Prof-specialty, Husband, White, Male, United-States, >50K
28.251108,265466.84,9.093844,132.46454,-4.9353514,34.24374, Private, HS-grad, Never-married, Priv-house-serv, Other-relative, White, Female, United-States, <=50K
53.436733,-11753.608,9.976983,92.27929,30.348772,28.43537, Private, Some-college, Divorced, Sales, Unmarried, White, Female, United-States, <=50K
28.83375,182796.52,5.8855033,21003.78,-42.97842,44.587173, Private, HS-grad, Married-civ-spouse, Machine-op-inspct, Wife, White, Female, United-States, >50K
28.68529,84501.25,9.028284,126.22021,14.035939,30.582489, Self-emp-not-inc, HS-grad, Divorced, Adm-clerical, Unmarried, White, Female, United-States, <=50K
35.330643,60626.867,12.9996195,-137.22174,3.0381746,46.737537, Private, Bachelors, Never-married, Prof-specialty, Not-in-family, White, Female, United-States, >50K
39.611996,273625.25,9.014491,55.41528,2.5069246,44.119827, Private, HS-grad, Married-civ-spouse, Exec-managerial, Husband, White, Male, United-States, <=50K
51.53451,146453.42,12.993073,107.67675,2.5351992,45.448345, Private, Bachelors, Married-civ-spouse, Adm-clerical, Husband, White, Male, United-States, <=50K
49.0563,119089.86,9.042124,336.68848,0.16441832,42.821903, Private, HS-grad, Married-civ-spouse, Exec-managerial, Husband, White, Male, United-States, <=50K
35.33395,172048.47,10.030411,2075.9473,-12.402392,44.873775, Private, Some-college, Married-civ-spouse, Sales, Husband, White, Male, United-States, <=50K
34.200363,171182.95,9.001229,-45.99457,2.14462,42.33438, Private, HS-grad, Married-AF-spouse, Transport-moving, Husband, White, Male, United-States, <=50K
57.76663,354594.2,12.089214,500.58606,-19.487123,29.726526, State-gov, Assoc-voc, Married-civ-spouse, Exec-managerial, Husband, White, Male, United-States, <=50K
39.47517,60592.484,12.928946,-107.45466,-18.34846,32.699825, Private, Bachelors, Married-civ-spouse, Exec-managerial, Wife, White, Female, United-States, >50K
24.547888,246817.97,9.034146,-231.98566,-3.228404,37.86336, Local-gov, HS-grad, Never-married, Adm-clerical, Unmarried, White, Female, United-States, <=50K
21.111778,41070.17,10.002349,281.6949,-10.234614,38.957973, Private, Some-college, Never-married, Farming-fishing, Own-child, White, Male, United-States, <=50K
53.37272,130466.32,10.352198,280.5216,0.95740235,35.61845, Private, Some-college, Never-married, Other-service, Not-in-family, White, Male, United-States, >50K
43.818153,210045.02,15.571021,188.2514,-13.083163,73.25713, Private, Assoc-acdm, Never-married, Prof-specialty, Not-in-family, White, Female, United-States, <=50K
24.995796,263047.44,3.6174898,-73.687935,5.962468,43.17445, Private, 9th, Married-civ-spouse, Machine-op-inspct, Husband, White, Male, United-States, <=50K
31.55923,631391.44,4.362401,-247.96088,-1.0977734,34.15413, Private, 10th, Married-civ-spouse, Other-service, Husband, White, Male, United-States, <=50K
22.219662,244155.22,9.093104,85.50695,-12.592502,35.874607, Private, HS-grad, Never-married, Sales, Own-child, White, Male, United-States, >50K
50.42756,237378.0,12.924272,-303.18915,-5.154155,46.98665, Local-gov, Bachelors, Married-civ-spouse, Exec-managerial, Wife, White, Female, United-States, <=50K
39.596207,169647.11,12.920463,232.51422,1.2384311,40.547916, Private, Bachelors, Married-civ-spouse, Other-service, Husband, White, Male, United-States, >50K
16.425226,234813.14,10.000493,149.78607,5.3152437,30.147047, ?, Some-college, Never-married, ?, Own-child, White, Male, United-States, <=50K
33.00537,270273.7,9.883961,123.304985,13.162236,26.694252, Private, Some-college, Divorced, Adm-clerical, Not-in-family, White, Male, United-States, <=50K
39.44041,150377.52,10.044486,10.677547,5.083623,44.303688, Private, Some-college, Married-civ-spouse, Craft-repair, Husband, White, Male, United-States, <=50K
42.6752,160449.3,8.976641,9.635433,3.542859,39.52997, Private, HS-grad, Married-civ-spouse, Handlers-cleaners, Husband, White, Male, United-States, <=50K
52.710033,218782.98,10.054124,1172.1798,-20.204355,49.13593, ?, Some-college, Married-civ-spouse, ?, Husband, White, Male, United-States, >50K
49.293633,102121.61,8.510985,-363.58502,24.143229,41.42962, Private, 12th, Divorced, Craft-repair, Unmarried, White, Female, United-States, <=50K
25.529053,255255.86,12.944962,2.2940023,17.99111,32.410637, Private, Bachelors, Never-married, Adm-clerical, Unmarried, White, Female, United-States, <=50K
38.812576,63970.195,11.063827,17859.445,97.14266,41.959087, Private, Assoc-voc, Divorced, Exec-managerial, Not-in-family, White, Male, United-States, >50K
32.96751,228142.89,10.465789,14.061703,-7.3611326,53.40708, Private, Assoc-voc, Married-civ-spouse, Sales, Husband, White, Male, United-States, <=50K
48.142204,244798.64,8.9427595,-143.52448,26.431974,43.093422, Private, HS-grad, Divorced, Sales, Unmarried, White, Female, United-States, >50K
22.930298,209818.5,11.850515,-9.069523,12.902257,43.65558, Private, Assoc-acdm, Never-married, Craft-repair, Own-child, White, Male, United-States, <=50K
24.149666,310120.78,9.013032,221.24567,-4.2040434,43.012054, Private, HS-grad, Never-married, Transport-moving, Other-relative, White, Male, United-States, <=50K
32.21469,252866.28,8.798384,-152.57709,4.422078,42.45536, Private, Some-college, Married-civ-spouse, Transport-moving, Husband, White, Male, United-States, <=50K
43.81259,270095.9,8.970262,2199.028,-25.539766,38.1546, Private, HS-grad, Divorced, Transport-moving, Not-in-family, White, Male, United-States, >50K
30.678455,289986.53,6.4581094,-15.961735,-10.37102,39.570477, Private, 10th, Married-civ-spouse, Priv-house-serv, Husband, White, Male, United-States, <=50K
42.11837,146045.0,8.975586,-179.49615,10.486768,42.611996, Private, HS-grad, Divorced, Craft-repair, Unmarried, White, Female, United-States, <=50K
61.911587,172982.89,10.91614,230.42346,-17.100527,44.842377, Private, Some-college, Married-civ-spouse, Exec-managerial, Husband, White, Male, United-States, <=50K
47.846893,254093.98,9.011157,-33.994083,-0.6997098,34.207073, Private, HS-grad, Married-civ-spouse, Sales, Husband, White, Male, United-States, <=50K
51.42866,274037.75,12.83738,2277.5706,-12.958011,32.688976, Private, Bachelors, Married-civ-spouse, Protective-serv, Husband, White, Male, United-States, <=50K
17.275513,230210.42,10.081397,-205.15424,-8.937808,38.366104, ?, Some-college, Never-married, ?, Other-relative, White, Female, United-States, <=50K
30.2295,171486.36,9.059076,112.81219,-1.661807,56.076553, Self-emp-not-inc, HS-grad, Never-married, Transport-moving, Unmarried, White, Male, United-States, <=50K
33.52001,141958.62,11.902117,-235.6059,-9.899722,39.5031, Private, Assoc-acdm, Married-civ-spouse, Other-service, Husband, White, Male, United-States, <=50K
42.91525,-30694.219,2.5080829,-309.23297,3.2794542,95.29677, Self-emp-not-inc, 12th, Married-civ-spouse, Transport-moving, Husband, White, Male, United-States, <=50K
23.030323,161830.17,8.97449,18.250668,-7.5343122,37.80622, Private, HS-grad, Never-married, Adm-clerical, Not-in-family, White, Male, United-States, <=50K
47.561,134982.89,9.043427,-176.73456,13.811704,41.93225, Private, HS-grad, Separated, Other-service, Wife, White, Female, United-States, <=50K
38.90956,150497.45,9.029508,153.84259,-8.002246,38.75792, Private, HS-grad, Divorced, Protective-serv, Own-child, White, Male, United-States, <=50K
26.047749,233527.75,9.049012,103.83074,-9.7090025,36.44502, Private, HS-grad, Never-married, Adm-clerical, Not-in-family, White, Female, United-States, <=50K
25.997034,250255.14,12.7687645,-70.04206,1362.082,57.820744, Private, Bachelors, Never-married, Adm-clerical, Unmarried, White, Female, United-States, <=50K
47.306034,148452.2,9.939859,253.48932,-12.862498,44.630867, Private, Some-college, Never-married, Craft-repair, Not-in-family, White, Female, United-States, <=50K
42.189842,175194.42,8.986507,-217.5257,17.791319,35.105087, Private, HS-grad, Separated, Other-service, Unmarried, White, Female, United-States, <=50K
56.24132,143242.14,13.0296135,92.249626,-5.6363173,44.292255, Private, Bachelors, Married-civ-spouse, Sales, Husband, White, Male, United-States, >50K
17.773277,130722.28,9.015333,-104.95869,0.7855121,38.486153, Private, HS-grad, Never-married, Other-service, Own-child, White, Female, United-States, <=50K
51.34218,58577.727,10.034019,-82.49421,1.9544574,44.99882, Self-emp-not-inc, Some-college, Divorced, Exec-managerial, Not-in-family, White, Female, United-States, <=50K
19.539198,499753.1,7.168856,248.76147,19.555769,29.766367, Private, 12th, Never-married, Transport-moving, Other-relative, White, Male, United-States, <=50K
46.4079,121243.375,8.966085,-136.00665,3.762723,43.5008, Private, HS-grad, Married-civ-spouse, Transport-moving, Husband, White, Male, United-States, <=50K
31.392843,197056.98,10.3026705,5.6011314,7.332074,59.571438, Private, Some-college, Married-civ-spouse, Transport-moving, Husband, White, Male, United-States, >50K
38.985588,132914.45,8.977725,-72.28864,-7.400958,44.688515, Private, HS-grad, Never-married, Other-service, Not-in-family, White, Male, United-States, <=50K
45.791424,198498.86,9.954343,62.795406,31.667845,41.76883, Private, Some-college, Never-married, Exec-managerial, Husband, White, Male, United-States, <=50K
33.218887,96727.08,9.071647,144.32031,-3.2557173,48.396687, ?, HS-grad, Married-civ-spouse, ?, Husband, White, Male, United-States, >50K
24.971298,303392.88,10.037624,210.76361,-12.856952,50.503384, Private, Some-college, Married-civ-spouse, Handlers-cleaners, Husband, White, Male, United-States, <=50K
45.687332,84099.42,12.964259,-238.02606,-4.4844847,46.231083, Private, Bachelors, Married-civ-spouse, Prof-specialty, Wife, White, Female, United-States, >50K
43.526165,155762.83,9.628712,213.69739,2157.5974,46.95482, Private, HS-grad, Widowed, Adm-clerical, Unmarried, White, Female, United-States, <=50K
28.73058,137807.56,10.086295,3004.6973,4.882062,39.34661, Private, Some-college, Married-civ-spouse, Adm-clerical, Husband, White, Male, United-States, <=50K
23.522902,255530.53,9.168916,533.53986,-13.788417,46.621758, Private, HS-grad, Separated, Adm-clerical, Own-child, White, Female, United-States, <=50K
42.163723,174738.45,10.011459,206.27167,-2.2134428,42.68254, Private, Some-college, Divorced, Priv-house-serv, Not-in-family, White, Female, United-States, <=50K
32.2583,139275.39,5.295704,486.21228,35.259518,36.21525, Private, 9th, Divorced, Machine-op-inspct, Unmarried, White, Male, United-States, <=50K
35.314823,219334.61,9.066666,172.53229,22.029303,42.596985, Private, HS-grad, Married-civ-spouse, Exec-managerial, Husband, White, Male, United-States, <=50K
34.178078,132107.22,9.006491,138.8103,1.7694751,40.820766, Private, HS-grad, Divorced, Exec-managerial, Unmarried, White, Female, United-States, <=50K
23.652992,142426.77,9.016286,39.077084,13.9029665,34.676765, Private, HS-grad, Never-married, Sales, Own-child, White, Female, United-States, <=50K
63.727318,181092.47,8.852931,640.59845,-17.684519,45.996014, Private, HS-grad, Married-civ-spouse, Sales, Husband, White, Male, United-States, >50K
20.375076,129732.16,8.985449,141.47803,8.593892,40.78117, Private, HS-grad, Never-married, Exec-managerial, Unmarried, White, Female, United-States, <=50K
50.03733,209001.98,5.9706645,-286.83563,21.482504,31.721333, Self-emp-not-inc, 10th, Married-civ-spouse, Craft-repair, Husband, White, Male, United-States, <=50K
39.836433,82375.75,10.015283,54.59631,2.023511,51.550644, Private, Some-college, Divorced, Exec-managerial, Husband, White, Male, United-States, <=50K
27.846872,416318.44,9.03526,20.788631,14.693784,25.596733, Private, HS-grad, Divorced, Adm-clerical, Unmarried, White, Female, United-States, <=50K
40.18867,79046.78,7.7576694,-60.15961,-21.196695,45.039314, Self-emp-not-inc, 12th, Married-civ-spouse, Farming-fishing, Husband, White, Male, United-States, <=50K
54.230026,264046.56,13.062178,69.06957,1.3366367,45.355576, Private, Bachelors, Married-civ-spouse, Prof-specialty, Husband, White, Male, United-States, <=50K
56.7632,111474.94,9.929539,-8.256535,-11.551692,52.45935, Local-gov, Some-college, Married-civ-spouse, Adm-clerical, Husband, White, Male, United-States, <=50K
33.884583,211479.31,12.995072,698.35315,-1.1514767,43.014454, Local-gov, Masters, Married-civ-spouse, Craft-repair, Husband, White, Male, United-States, <=50K
33.91023,281138.03,9.02244,-357.57172,-6.411914,39.903446, Private, HS-grad, Married-civ-spouse, Other-service, Husband, White, Male, United-States, <=50K
23.327078,92415.766,9.057192,-13.252995,0.07614623,43.107433, Private, HS-grad, Never-married, Craft-repair, Own-child, White, Female, United-States, <=50K
43.21012,137627.03,9.949553,163.2674,13.542668,-19.5618, Private, Some-college, Never-married, Adm-clerical, Own-child, White, Female, United-States, <=50K
26.418964,273944.06,8.966227,109.92504,8.379605,42.22233, Private, HS-grad, Never-married, Transport-moving, Not-in-family, White, Male, United-States, <=50K
74.58489,264131.3,12.491601,-31.886906,12.988309,22.369429, ?, Bachelors, Married-civ-spouse, ?, Husband, White, Male, United-States, <=50K
53.84484,268683.75,9.942573,105.13671,-34.116566,38.470463, Private, Some-college, Never-married, Sales, Own-child, White, Male, United-States, <=50K
27.720985,153192.0,12.084369,-32.80878,-2.5818434,47.537262, Private, Bachelors, Never-married, Sales, Own-child, White, Female, United-States, <=50K
17.238668,301799.66,9.483305,306.03625,-30.796885,13.599773, Private, HS-grad, Never-married, Handlers-cleaners, Not-in-family, White, Male, United-States, <=50K
20.414968,247257.12,8.993052,35.943844,5.2467012,35.35467, Private, HS-grad, Never-married, Handlers-cleaners, Other-relative, White, Male, United-States, <=50K
24.92368,55346.234,5.0894737,3106.817,35.95769,54.104656, Private, HS-grad, Married-civ-spouse, Craft-repair, Husband, White, Male, United-States, <=50K
25.729261,176214.3,13.070599,10230.915,-3.7693357,44.553024, Private, Bachelors, Married-civ-spouse, Prof-specialty, Husband, White, Male, United-States, <=50K
18.476969,170342.42,8.175861,-61.65961,14.234342,30.949057, Private, 11th, Never-married, Other-service, Own-child, White, Male, United-States, <=50K
43.095493,63505.97,9.0637,-110.04743,33.113533,58.82232, Self-emp-not-inc, HS-grad, Married-civ-spouse, Exec-managerial, Husband, White, Male, United-States, >50K
25.772696,182440.39,9.025247,82.05657,-6.626605,64.13723, Private, HS-grad, Never-married, Transport-moving, Not-in-family, White, Male, United-States, >50K
21.647646,225780.66,8.9328,85.40649,-10.271663,38.654915, Private, HS-grad, Never-married, Adm-clerical, Unmarried, White, Female, United-States, <=50K
50.34968,231104.27,9.371595,1607.0704,-61.274593,58.666832, Private, HS-grad, Never-married, Adm-clerical, Own-child, White, Male, United-States, >50K
34.709263,323185.0,9.005208,304.72296,28.484365,47.761456, Private, HS-grad, Divorced, Sales, Unmarried, White, Male, United-States, <=50K
26.797686,257023.19,9.882541,138.88885,-14.281436,40.18492, Private, Some-college, Married-civ-spouse, Sales, Husband, White, Male, United-States, <=50K
42.53714,138548.22,9.967203,119.379875,-4.3991575,45.3972, Private, Some-college, Married-civ-spouse, Sales, Husband, White, Male, United-States, >50K
46.515106,119286.21,8.936707,44.323055,7.724065,40.045734, Private, HS-grad, Divorced, Adm-clerical, Not-in-family, White, Male, United-States, <=50K
29.010662,240759.31,9.9120865,588.0667,-6.619769,17.15568, Private, Some-college, Never-married, Sales, Not-in-family, White, Male, United-States, <=50K
44.79138,86005.06,9.012456,10.444271,13.815938,36.26402, Private, HS-grad, Married-civ-spouse, Craft-repair, Husband, White, Male, United-States, <=50K
23.907057,197113.4,9.860702,82.76702,-0.26744354,46.36987, Private, Some-college, Never-married, Craft-repair, Not-in-family, White, Male, United-States, <=50K
32.86785,92232.07,5.079972,-21.18842,-7.225528,48.267372, Private, 9th, Divorced, Other-service, Own-child, White, Female, United-States, <=50K
25.793278,277864.78,7.30164,-0.4707682,9.162061,28.714062, ?, 12th, Never-married, ?, Unmarried, White, Female, United-States, <=50K
49.087234,21624.531,10.015974,-506.42194,27.38046,44.014565, Private, Some-college, Married-civ-spouse, Handlers-cleaners, Husband, White, Male, United-States, >50K
29.62235,357833.22,9.051516,-99.48066,4.806012,37.715336, Private, HS-grad, Married-civ-spouse, ?, Husband, White, Male, United-States, <=50K
27.128965,117034.22,9.04509,218.79376,-4.5009413,48.879696, Private, HS-grad, Never-married, Transport-moving, Own-child, White, Male, United-States, >50K
34.009117,47252.203,9.010676,89.70159,6.236226,28.336895, Private, HS-grad, Never-married, Sales, Not-in-family, White, Female, United-States, <=50K
37.34657,3646.5476,11.176952,116.71978,21.821272,3.4626787, Private, Assoc-voc, Divorced, Adm-clerical, Unmarried, White, Female, United-States, <=50K
45.60188,81383.93,12.812305,480.14758,1526.6665,31.308481, Private, Masters, Divorced, Adm-clerical, Unmarried, White, Female, United-States, <=50K
19.922632,164970.39,10.320492,-38.81159,19.327368,14.45129, Private, Assoc-voc, Never-married, Adm-clerical, Own-child, White, Female, United-States, <=50K
39.413696,453027.34,12.9689045,-170.10443,-19.14438,44.655605, State-gov, Bachelors, Married-civ-spouse, Prof-specialty, Husband, White, Male, United-States, >50K
50.639637,254494.9,12.690951,238.61774,-10.148364,28.5852, Private, Bachelors, Married-civ-spouse, Exec-managerial, Husband, White, Male, United-States, <=50K
31.760654,154832.39,9.058975,-43.760563,-1.0080136,42.57703, Private, HS-grad, Never-married, Adm-clerical, Own-child, White, Female, United-States, <=50K
27.316221,184471.75,10.791028,-15.218571,5.0431643,38.676594, Private, Assoc-voc, Divorced, Prof-specialty, Unmarried, White, Male, United-States, <=50K
28.609533,154361.78,10.221462,183.34955,-0.67946136,59.68566, Private, Assoc-voc, Married-civ-spouse, Craft-repair, Husband, White, Male, United-States, <=50K
22.054676,186813.19,10.024047,84.61205,-4.8189573,24.933718, Private, Some-college, Divorced, Sales, Own-child, White, Female, United-States, <=50K
69.43378,160824.83,10.470148,20.618465,1.7850085,25.94895, Local-gov, Some-college, Widowed, Adm-clerical, Not-in-family, White, Female, United-States, <=50K
23.82262,162011.53,7.198795,-220.8039,-27.338411,37.169685, Private, 11th, Never-married, Prof-specialty, Husband, White, Male, United-States, <=50K
53.199543,108585.02,9.111993,139.86389,-1.3998059,44.170082, Local-gov, HS-grad, Married-civ-spouse, Sales, Husband, White, Male, United-States, <=50K
47.09432,79932.89,10.002551,953.4196,-0.7436093,70.16795, Private, Some-college, Married-civ-spouse, Exec-managerial, Husband, White, Male, United-States, >50K
35.826263,48757.5,9.742021,-60.20148,-8.421786,18.50463, Federal-gov, Some-college, Married-civ-spouse, Other-service, Husband, White, Male, United-States, <=50K
67.829216,209599.34,8.824855,14432.519,-52.344494,42.44366, Private, HS-grad, Widowed, Adm-clerical, Not-in-family, White, Male, United-States, <=50K
24.274124,222097.62,10.021617,-93.040474,-13.862597,42.47521, Private, Some-college, Married-civ-spouse, Craft-repair, Not-in-family, White, Male, United-States, <=50K
49.109688,100424.56,9.191773,-427.3631,26.373602,28.44146, ?, HS-grad, Widowed, ?, Other-relative, White, Female, United-States, <=50K
23.83309,153582.55,9.004184,-156.37262,-0.6771344,40.12771, Self-emp-not-inc, HS-grad, Never-married, Handlers-cleaners, Not-in-family, White, Female, United-States, <=50K
54.474648,280275.3,9.275499,2721.3838,2.4165773,35.733227, Private, HS-grad, Divorced, Prof-specialty, Not-in-family, White, Female, United-States, <=50K
39.93231,153515.27,9.039206,-120.835884,-10.761973,34.70362, Private, HS-grad, Married-civ-spouse, Adm-clerical, Husband, White, Male, United-States, <=50K
31.375776,110717.445,10.000512,228.11047,6.4499483,38.409946, Private, Some-college, Divorced, Exec-managerial, Not-in-family, White, Female, United-States, <=50K
31.137957,291171.3,2.5474157,368.04095,-13.585963,46.40585, Private, 12th, Married-civ-spouse, Machine-op-inspct, Husband, White, Male, United-States, <=50K
37.133274,184104.8,10.014659,2433.4187,5.0340853,42.12492, Private, Some-college, Married-civ-spouse, Craft-repair, Husband, White, Male, United-States, <=50K
52.187634,182766.45,8.97555,79.97057,22.848219,39.31778, Private, HS-grad, Married-civ-spouse, Sales, Husband, White, Male, United-States, >50K
61.506767,152592.45,9.954464,5467.074,-4.8022337,26.406853, Private, Some-college, Never-married, Adm-clerical, Not-in-family, White, Male, United-States, <=50K
38.112774,361146.72,13.040018,-114.654,20.97756,48.884796, Local-gov, Bachelors, Separated, Adm-clerical, Other-relative, White, Male, United-States, >50K
28.790749,195126.52,9.054623,97.6159,5.2437944,38.941444, Private, HS-grad, Married-civ-spouse, Exec-managerial, Husband, White, Male, United-States, <=50K
43.34416,185485.53,9.973804,212.96503,9.060681,31.49315, Private, Some-college, Divorced, Exec-managerial, Not-in-family, White, Female, United-States, <=50K
23.337938,211096.48,8.999332,-16.983952,8.387525,27.02456, Private, HS-grad, Never-married, Adm-clerical, Not-in-family, White, Female, United-States, <=50K
34.997055,188378.06,9.0454855,139.49231,14.308446,40.94991, Private, HS-grad, Married-civ-spouse, Prof-specialty, Husband, White, Male, United-States, <=50K
43.564396,649425.6,10.1398325,341.84674,24.073454,42.55392, State-gov, Some-college, Divorced, Tech-support, Husband, White, Male, United-States, >50K
40.44102,251662.95,10.381457,154.45032,3.5956545,8.524994, Private, Some-college, Divorced, Prof-specialty, Unmarried, White, Female, United-States, <=50K
42.612915,341874.6,12.921784,5582.9893,-0.73897064,44.627064, Private, Bachelors, Divorced, Exec-managerial, Not-in-family, White, Male, United-States, >50K
43.554413,156837.02,12.232603,385.75287,30.996687,41.516144, Private, Assoc-acdm, Separated, Tech-support, Not-in-family, White, Male, United-States, <=50K
37.80819,56855.438,9.016859,40.80554,-5.722972,38.603226, Private, HS-grad, Married-civ-spouse, Sales, Husband, White, Male, United-States, <=50K
36.230698,426443.0,12.936386,-483.98297,-13.280002,43.734688, Private, Bachelors, Married-civ-spouse, Prof-specialty, Husband, White, Male, United-States, >50K
24.777504,92222.93,9.083932,72.9815,20.811049,39.600388, ?, HS-grad, Married-civ-spouse, ?, Husband, White, Male, United-States, <=50K
45.14096,127730.93,12.272169,-252.5401,35.163055,23.561876, Local-gov, Assoc-acdm, Widowed, Craft-repair, Not-in-family, White, Female, United-States, <=50K
48.684418,226259.02,9.987233,-22.224918,-9.629962,49.14967, Private, Some-college, Married-civ-spouse, Adm-clerical, Husband, White, Male, United-States, >50K
19.718285,242696.98,5.979657,775.0317,1314.4421,34.57294, Private, 10th, Never-married, Other-service, Unmarried, White, Female, United-States, <=50K
47.723633,383409.06,9.01902,-181.31549,-1.0945233,44.25379, Private, HS-grad, Married-civ-spouse, Transport-moving, Husband, White, Male, United-States, <=50K
51.210354,161410.61,8.977005,211.1203,-2.4573317,54.615654, Private, HS-grad, Divorced, Sales, Not-in-family, White, Female, United-States, <=50K
25.29647,107543.96,8.978627,192.42041,2.4312944,45.007145, Private, HS-grad, Never-married, Craft-repair, Not-in-family, White, Male, United-States, <=50K
39.732,173363.02,9.062862,-155.22296,8.406331,60.140747, ?, HS-grad, Married-civ-spouse, ?, Husband, White, Male, United-States, <=50K
47.7659,250672.84,14.041302,9298.491,7.9369936,38.57822, Self-emp-not-inc, Masters, Married-civ-spouse, Sales, Husband, White, Male, United-States, >50K
52.066998,220637.4,8.974653,-25.740055,-9.782535,51.913727, Private, HS-grad, Married-civ-spouse, ?, Husband, White, Male, United-States, <=50K
57.79359,183114.69,9.945732,10401.835,-29.22059,34.667347, ?, Some-college, Married-civ-spouse, ?, Wife, White, Female, United-States, >50K
19.749117,182509.88,9.029873,256.45264,-5.0556593,40.085865, Private, HS-grad, Never-married, Exec-managerial, Other-relative, White, Female, United-States, <=50K
30.1678,177973.0,8.995239,-310.20868,-26.986322,43.867405, Private, HS-grad, Never-married, Transport-moving, Husband, White, Female, United-States, <=50K
70.55945,298773.78,12.735056,11.213192,9.185788,45.52478, Private, Bachelors, Married-civ-spouse, Prof-specialty, Husband, White, Male, United-States, >50K
37.821423,41039.5,11.885986,16785.744,-31.291307,41.25677, Private, Bachelors, Married-civ-spouse, Handlers-cleaners, Husband, White, Male, United-States, >50K
28.259195,61412.78,11.090307,327.1148,16.267736,57.823135, Self-emp-not-inc, Assoc-voc, Married-civ-spouse, Sales, Husband, White, Male, United-States, >50K
46.921124,64290.914,9.115775,-295.112,1.3678867,45.956768, Local-gov, HS-grad, Married-civ-spouse, Adm-clerical, Husband, White, Male, United-States, <=50K
35.149475,96392.31,12.833365,188.76355,1809.1547,25.07857, Private, Bachelors, Married-civ-spouse, Prof-specialty, Wife, White, Female, United-States, <=50K
65.53867,193307.03,3.9154077,356.9178,-10.480777,-9.564924, Private, 10th, Never-married, Other-service, Not-in-family, White, Male, United-States, <=50K
44.637993,218251.97,10.09082,137.09619,8.047208,40.672577, State-gov, Some-college, Divorced, Adm-clerical, Husband, White, Male, United-States, <=50K
28.664234,77217.63,8.99333,-48.983463,3.6384401,29.963007, Private, HS-grad, Never-married, Other-service, Not-in-family, White, Female, United-States, <=50K
60.77952,44691.594,10.739889,748.7802,-16.89055,37.931686, Private, Assoc-voc, Married-civ-spouse, Prof-specialty, Husband, White, Male, United-States, <=50K
73.324196,151946.9,1.1851597,47.934017,-8.123797,39.457054, Private, 12th, Married-civ-spouse, Craft-repair, Husband, White, Male, United-States, <=50K
41.17323,301672.72,9.987842,126.7904,8.123578,36.824085, Private, Some-college, Divorced, Handlers-cleaners, Unmarried, White, Male, United-States, <=50K
35.869183,117093.08,10.065939,87.00652,-5.6884413,78.64539, Self-emp-not-inc, Some-college, Married-civ-spouse, Farming-fishing, Husband, White, Male, United-States, >50K
26.82963,174193.08,8.579383,15884.89,64.98639,33.741886, Private, 11th, Never-married, Handlers-cleaners, Not-in-family, White, Female, United-States, <=50K
25.232676,108584.95,12.919059,97.5042,13.307721,6.0155735, Private, Bachelors, Married-civ-spouse, Other-service, Husband, White, Male, United-States, <=50K
36.100292,301431.7,3.1238012,-158.97186,0.27735627,42.59574, Private, 10th, Married-civ-spouse, Other-service, Husband, White, Male, United-States, <=50K
36.705982,176980.5,9.005144,124.79412,-0.49103057,48.508087, Private, HS-grad, Married-civ-spouse, Exec-managerial, Husband, White, Male, United-States, <=50K
35.638306,135802.75,12.033388,585.1044,-5.0946608,46.85843, Private, Bachelors, Married-civ-spouse, Adm-clerical, Husband, White, Male, United-States, >50K
25.19922,80678.39,7.17433,187.04944,-3.5816526,40.604233, Private, 11th, Married-civ-spouse, Handlers-cleaners, Husband, White, Male, United-States, <=50K
36.414524,186194.39,10.4362135,26891.18,-25.361559,61.739975, Private, Bachelors, Married-civ-spouse, Prof-specialty, Husband, White, Male, United-States, >50K
20.398504,375737.66,9.083882,-124.17097,-6.7018003,43.774673, Private, HS-grad, Never-married, Adm-clerical, Not-in-family, White, Male, United-States, <=50K
39.83538,212605.56,9.084201,7559.9893,-21.779856,45.202545, Private, HS-grad, Married-civ-spouse, Adm-clerical, Husband, White, Male, United-States, >50K
50.990437,19388.703,10.03407,-99.08332,1742.2413,58.209667, Private, Some-college, Married-civ-spouse, Sales, Husband, White, Male, United-States, >50K
39.66912,166372.34,10.031247,4354.3438,19.074148,42.02649, Private, Some-college, Married-civ-spouse, Transport-moving, Husband, White, Male, United-States, <=50K
37.355873,329795.56,13.78941,274.60876,-13.167201,46.067444, Private, Masters, Never-married, Exec-managerial, Husband, White, Female, United-States, <=50K
42.59307,171404.4,12.665497,-24.98798,8.190434,50.721462, Private, Bachelors, Married-civ-spouse, Craft-repair, Husband, White, Male, United-States, <=50K
28.882362,358072.4,9.061795,243.48596,5.1765947,39.115143, Self-emp-not-inc, HS-grad, Married-civ-spouse, Craft-repair, Husband, White, Male, United-States, >50K
29.486658,261422.25,8.864423,-133.15973,-2.9211836,28.91154, State-gov, HS-grad, Never-married, Other-service, Own-child, White, Male, United-States, <=50K
25.962587,228667.58,9.087185,1667.3663,31.390715,42.609116, Private, HS-grad, Married-civ-spouse, Handlers-cleaners, Husband, White, Male, United-States, <=50K
55.58392,228986.4,10.165832,43.622555,2.4942217,39.708508, Local-gov, Some-college, Married-civ-spouse, Exec-managerial, Husband, White, Male, United-States, <=50K
37.83073,231738.77,8.987677,48.789425,5.7337694,42.685364, Private, HS-grad, Never-married, Exec-managerial, Not-in-family, White, Female, United-States, <=50K
28.80891,191282.0,9.967494,79.935356,-4.0045958,41.02768, Private, Some-college, Never-married, Craft-repair, Not-in-family, White, Female, United-States, <=50K
33.032093,228537.8,8.997551,7.6598473,-48.62721,40.85421, Private, HS-grad, Never-married, Adm-clerical, Not-in-family, White, Male, United-States, <=50K
24.61968,215868.33,9.98979,-509.99896,24.204645,43.81282, Private, Some-college, Never-married, Craft-repair, Not-in-family, White, Male, United-States, >50K
54.08739,125485.48,9.0632515,-10.382511,13.56429,25.331846, Private, HS-grad, Divorced, Sales, Unmarried, White, Male, United-States, <=50K
20.724298,158251.02,10.054447,185.91675,-12.109141,7.271475, Private, Some-college, Divorced, Other-service, Own-child, White, Female, United-States, <=50K
25.323172,400395.03,10.026384,-64.91047,-49.89407,35.805096, State-gov, Some-college, Never-married, ?, Own-child, White, Male, United-States, <=50K
29.600061,381044.03,12.786555,-296.4272,-26.51156,34.519653, ?, Bachelors, Married-civ-spouse, ?, Wife, White, Female, United-States, >50K
30.434372,121336.164,10.021057,70.73101,-14.101481,40.523922, State-gov, Some-college, Never-married, Adm-clerical, Own-child, White, Male, United-States, <=50K
39.631702,90240.164,9.050354,938.16656,-2.4446669,41.74693, Private, HS-grad, Married-civ-spouse, Craft-repair, Husband, White, Male, United-States, >50K
59.200466,94136.21,13.008526,-181.33759,20.978506,25.062302, Self-emp-not-inc, Bachelors, Divorced, Prof-specialty, Not-in-family, White, Female, United-States, <=50K
12.763127,266049.5,10.372274,-52.675358,0.763898,19.41617, Private, Assoc-voc, Never-married, Other-service, Own-child, White, Female, United-States, <=50K
25.864252,161364.06,10.049088,154.08118,1.8387729,38.358524, Private, Some-college, Divorced, Adm-clerical, Not-in-family, White, Female, United-States, <=50K
19.110872,260459.48,9.978728,59.3988,4.050885,22.874443, Private, Some-college, Never-married, Priv-house-serv, Not-in-family, White, Female, United-States, <=50K
35.238018,92603.984,11.02811,25.877132,-0.8239087,40.538574, Private, Assoc-voc, Married-civ-spouse, Sales, Husband, White, Male, United-States, <=50K
24.033436,109079.984,9.069497,-236.46808,6.819127,32.087227, Private, HS-grad, Never-married, Other-service, Own-child, White, Female, United-States, <=50K
47.577232,230859.33,8.977139,19.303768,14.43617,34.041485, Private, HS-grad, Divorced, Craft-repair, Not-in-family, White, Female, United-States, <=50K
60.60685,191507.55,6.181038,-327.07782,2003.257,41.856647, Local-gov, 10th, Divorced, Prof-specialty, Unmarried, White, Female, United-States, <=50K
51.458187,130879.57,10.957475,569.0825,6.1912813,40.219444, Private, Assoc-voc, Divorced, Adm-clerical, Not-in-family, White, Female, United-States, >50K
49.78031,124075.85,12.956084,-107.82197,3.3111162,51.800144, Private, Bachelors, Married-civ-spouse, Prof-specialty, Husband, White, Male, United-States, >50K
25.419209,148717.89,10.087518,-25.248478,-0.8987607,16.906126, Private, Some-college, Never-married, Tech-support, Not-in-family, White, Female, United-States, <=50K
32.242386,258696.05,3.51081,218.38745,-32.066845,54.232933, Private, 12th, Married-civ-spouse, Adm-clerical, Husband, White, Male, United-States, <=50K
23.95329,440420.6,9.989252,52.089535,9.728528,43.48287, Private, Some-college, Never-married, Transport-moving, Not-in-family, White, Male, United-States, <=50K
20.000025,79216.64,6.988068,-353.4582,18.274008,49.50141, Private, 11th, Divorced, Craft-repair, Unmarried, White, Female, United-States, <=50K
25.808516,226658.55,6.231624,141.56842,23.439829,23.900904, Private, 10th, Separated, Sales, Unmarried, White, Female, United-States, <=50K
32.68951,177448.66,4.4379425,-49.338444,-12.135989,40.475533, Private, 9th, Married-civ-spouse, Handlers-cleaners, Husband, White, Male, United-States, <=50K
35.522083,283995.88,8.994153,1418.16,5.269536,44.912872, Private, HS-grad, Divorced, Adm-clerical, Unmarried, White, Female, United-States, <=50K
33.348324,171455.92,9.010488,-81.84614,19.225988,27.214443, Private, HS-grad, Never-married, Adm-clerical, Not-in-family, White, Female, United-States, <=50K
38.31396,174553.27,9.233287,471.44647,-30.021135,42.971855, Private, 11th, Widowed, Exec-managerial, Own-child, White, Male, United-States, <=50K
28.77891,145115.7,7.982592,44.83569,-5.4071608,46.19342, Private, HS-grad, Never-married, Adm-clerical, Own-child, White, Male, United-States, <=50K
27.530193,39720.53,12.964529,132.35254,-4.2904844,40.316406, Local-gov, Bachelors, Never-married, Prof-specialty, Not-in-family, White, Female, United-States, >50K
50.76788,315545.2,9.53348,47526.316,-56.042828,51.03028, State-gov, HS-grad, Married-civ-spouse, Protective-serv, Husband, White, Male, United-States, >50K
32.935383,150188.47,9.124067,-53.343815,16.409437,40.878212, Local-gov, HS-grad, Married-civ-spouse, Craft-repair, Husband, White, Male, United-States, <=50K
46.42711,160387.4,12.999687,-109.48286,10.543012,42.406902, Self-emp-not-inc, Bachelors, Married-civ-spouse, Farming-fishing, Husband, White, Male, United-States, <=50K
51.224552,45341.484,11.065313,101.34655,1945.3262,54.469955, Self-emp-inc, Some-college, Married-civ-spouse, Sales, Husband, White, Male, United-States, >50K
33.790154,223948.48,9.043229,12.222836,-0.96763885,40.503136, Private, HS-grad, Married-civ-spouse, Adm-clerical, Husband, White, Male, United-States, <=50K
19.627317,124362.99,9.041727,-210.53241,6.5265856,44.13705, Private, HS-grad, Never-married, Other-service, Own-child, White, Male, United-States, <=50K
35.888092,203842.58,10.252803,164.44904,-8.085101,39.269535, Private, Some-college, Divorced, Adm-clerical, Not-in-family, White, Female, United-States, <=50K
57.740276,220329.34,12.526501,-59.637028,-7.630168,48.76947, Private, Bachelors, Married-civ-spouse, Craft-repair, Husband, White, Male, United-States, >50K
28.846254,202240.62,14.025022,49.951473,-0.32143676,58.545666, Private, Masters, Married-civ-spouse, Prof-specialty, Husband, White, Male, United-States, <=50K
25.451231,60315.766,13.710318,386.75232,-0.0010327238,74.43555, Private, Bachelors, Married-civ-spouse, Exec-managerial, Husband, White, Male, United-States, <=50K
56.019512,193005.8,8.801489,-320.9499,9.519162,35.789562, Private, HS-grad, Married-civ-spouse, Craft-repair, Husband, White, Male, United-States, <=50K
23.611246,365434.9,9.381549,16.90997,-12.920466,38.869057, ?, HS-grad, Married-civ-spouse, ?, Wife, White, Female, United-States, <=50K
57.496048,182804.8,9.965743,143.35413,0.40617096,44.7044, Private, Some-college, Married-civ-spouse, Sales, Wife, White, Female, United-States, <=50K
56.881767,343996.88,9.963465,73.30462,-24.276575,25.093752, Private, Some-college, Married-civ-spouse, Prof-specialty, Not-in-family, White, Female, United-States, <=50K
30.54738,179207.61,9.042554,375.75232,27.725348,16.510576, State-gov, HS-grad, Never-married, Transport-moving, Unmarried, White, Male, United-States, <=50K
35.901077,261308.55,6.0004086,-300.4478,-0.16361512,44.17446, Private, 11th, Married-civ-spouse, Machine-op-inspct, Husband, White, Male, United-States, <=50K
23.848139,139161.53,9.011048,38.252804,19.757017,22.59, Self-emp-not-inc, HS-grad, Never-married, Craft-repair, Own-child, White, Male, United-States, <=50K
24.56684,198950.48,9.074985,523.32654,34.34033,32.84567, Private, HS-grad, Separated, Sales, Unmarried, White, Female, United-States, <=50K
29.921465,195890.55,9.006765,2733.1616,10.442372,50.44028, Private, HS-grad, Married-civ-spouse, Craft-repair, Husband, White, Male, United-States, <=50K
57.821545,254792.64,8.985464,-394.4875,1.9975787,54.01882, Private, HS-grad, Married-civ-spouse, Craft-repair, Husband, White, Male, United-States, >50K
49.624702,345809.94,10.067297,964.6041,-18.54223,73.47037, Private, Some-college, Married-civ-spouse, Tech-support, Husband, White, Male, United-States, >50K
51.996914,147408.03,9.973409,4.600033,6.487035,42.569103, Private, Some-college, Married-civ-spouse, Exec-managerial, Husband, White, Male, United-States, >50K
44.396576,76374.37,12.176267,27549.262,12.141423,38.76149, Private, Assoc-acdm, Divorced, Adm-clerical, Not-in-family, White, Female, United-States, <=50K
47.31163,183113.12,12.652244,6560.488,-15.530063,65.5735, Self-emp-inc, Bachelors, Divorced, Exec-managerial, Not-in-family, White, Male, United-States, >50K
31.176569,38745.92,10.075486,286.38983,1.3097354,53.96595, Private, Some-college, Married-civ-spouse, Handlers-cleaners, Husband, White, Male, United-States, <=50K
43.91177,53103.89,9.050339,-174.86493,2.27522,40.239704, Federal-gov, HS-grad, Married-civ-spouse, Craft-repair, Husband, White, Male, United-States, >50K
78.184456,240912.53,14.679942,785.54834,27.508986,27.002693, ?, Bachelors, Married-civ-spouse, ?, Husband, White, Male, United-States, >50K
44.048523,519031.38,9.066154,377.16992,35.058453,28.114403, Private, HS-grad, Divorced, Prof-specialty, Husband, White, Male, United-States, >50K
45.049965,215075.5,13.435061,921.8426,-9.137103,42.10454, Private, Masters, Married-civ-spouse, Other-service, Husband, White, Male, United-States, >50K
44.637356,127275.055,10.013333,54.355648,-4.055789,46.93931, Private, Some-college, Divorced, Adm-clerical, Unmarried, White, Female, United-States, <=50K
58.101475,130897.59,8.997219,-106.766304,5.8095446,41.801937, Private, HS-grad, Married-civ-spouse, Handlers-cleaners, Husband, White, Male, United-States, <=50K
39.126217,204812.0,9.159622,-107.10859,-11.261363,31.178993, Local-gov, HS-grad, Married-civ-spouse, Tech-support, Other-relative, White, Female, United-States, <=50K
72.38209,278851.44,12.854326,-150.27167,3.02522,29.6001, Self-emp-not-inc, Bachelors, Married-civ-spouse, Craft-repair, Husband, White, Male, United-States, <=50K
30.575169,147753.66,9.04009,222.25781,0.3780719,44.905006, Private, HS-grad, Married-civ-spouse, Exec-managerial, Husband, White, Male, United-States, <=50K
26.956451,41141.516,8.978827,-170.50226,-1.041026,38.153168, Private, HS-grad, Never-married, Adm-clerical, Unmarried, White, Female, United-States, <=50K
65.970505,200848.38,10.140201,253.96423,-5.700938,21.197992, Private, Some-college, Married-civ-spouse, Sales, Husband, White, Male, United-States, >50K
54.988937,103812.81,8.974831,97.9757,5.108571,40.298088, Private, HS-grad, Married-civ-spouse, Craft-repair, Husband, White, Male, United-States, <=50K
38.333622,180365.22,12.261209,254.34253,-19.73887,44.200443, Self-emp-not-inc, Masters, Married-civ-spouse, Prof-specialty, Husband, White, Male, United-States, <=50K
47.081207,190088.28,10.043515,-5.810734,18.854605,39.186108, Self-emp-not-inc, Some-college, Married-civ-spouse, Craft-repair, Husband, White, Male, United-States, <=50K
29.548311,170167.12,8.960043,-139.04547,-7.109065,34.675194, Local-gov, HS-grad, Never-married, Other-service, Own-child, White, Male, United-States, <=50K
39.20834,286712.94,10.491811,262.41925,-26.864489,40.417084, Federal-gov, Assoc-acdm, Divorced, Adm-clerical, Unmarried, White, Female, United-States, <=50K
44.25525,336650.38,8.974999,145.02466,-9.053767,38.20374, Private, HS-grad, Divorced, Adm-clerical, Unmarried, White, Female, United-States, <=50K
39.17108,130192.21,9.047239,-86.70478,10.273725,43.780106, Private, HS-grad, Married-civ-spouse, Craft-repair, Husband, White, Male, United-States, <=50K
55.515514,180342.25,12.934322,5061.5923,-5.132144,34.5228, Private, Bachelors, Divorced, Prof-specialty, Not-in-family, White, Male, United-States, <=50K
51.2566,147712.33,9.002093,-51.93488,-5.9223967,48.50099, Private, HS-grad, Married-civ-spouse, Other-service, Husband, White, Male, United-States, >50K
32.410416,126103.484,3.6167169,344.0818,-10.638431,38.634903, Private, 9th, Married-civ-spouse, Sales, Husband, White, Male, United-States, <=50K
25.178284,358464.3,7.052118,221.25134,10.114972,42.979286, Private, 11th, Married-civ-spouse, Transport-moving, Husband, White, Male, United-States, <=50K
30.958973,182892.11,9.125984,-286.0965,-6.113452,55.83784, Self-emp-not-inc, HS-grad, Married-civ-spouse, Craft-repair, Husband, White, Male, United-States, <=50K
33.404556,163163.67,9.073902,41.18823,-0.67039,51.211433, Private, HS-grad, Married-civ-spouse, Exec-managerial, Husband, White, Male, United-States, <=50K
35.497272,55522.0,12.9145975,7741.38,0.75645936,34.469383, Local-gov, Bachelors, Married-civ-spouse, Adm-clerical, Wife, White, Female, United-States, >50K
40.354004,268873.7,12.8762455,56.07696,15.1935625,41.594765, Private, Bachelors, Divorced, Prof-specialty, Not-in-family, White, Male, United-States, <=50K
41.8096,235721.2,13.838073,329.42816,6.5825167,41.5179, Private, Masters, Married-civ-spouse, Prof-specialty, Husband, White, Male, United-States, >50K
32.254753,238785.22,9.0444,134.38177,9.234395,35.976105, Private, HS-grad, Married-civ-spouse, Exec-managerial, Husband, White, Male, United-States, <=50K
44.911785,215757.2,9.978853,-153.99506,-1.3278073,37.297577, Private, Some-college, Never-married, Protective-serv, Not-in-family, White, Male, United-States, <=50K
30.967411,98156.93,9.003286,-116.35932,-12.028415,53.498253, Private, HS-grad, Never-married, Prof-specialty, Not-in-family, White, Female, United-States, <=50K
16.243418,108965.04,9.122923,136.61206,-19.91678,17.904598, Private, Some-college, Never-married, Other-service, Own-child, White, Male, United-States, <=50K
54.335903,96336.61,8.92616,-280.83087,21.39327,61.111366, Private, HS-grad, Widowed, Other-service, Not-in-family, White, Male, United-States, <=50K
41.6337,251627.64,8.956733,6289.935,11.259961,50.4219, Private, HS-grad, Divorced, Craft-repair, Not-in-family, White, Male, United-States, >50K
24.588684,136702.53,12.975877,205.60205,-7.1867704,40.666317, Private, Bachelors, Never-married, Prof-specialty, Not-in-family, White, Female, United-States, <=50K
20.072306,245826.7,9.962999,-109.98249,-1.6328992,22.00195, Private, Some-college, Never-married, Other-service, Own-child, White, Female, United-States, <=50K
36.470615,195984.05,11.999259,-88.81428,-19.952364,38.261757, Private, Assoc-acdm, Married-civ-spouse, Exec-managerial, Husband, White, Male, United-States, <=50K
45.988365,194521.4,9.017807,84.40032,-0.5988568,39.142754, Private, HS-grad, Married-civ-spouse, Sales, Husband, White, Male, United-States, <=50K
25.860943,267867.8,13.060164,174.88,9.957303,54.229454, Private, Bachelors, Married-civ-spouse, Exec-managerial, Husband, White, Male, United-States, >50K
50.641045,85422.9,10.045291,250.44342,3.2666903,40.236015, Private, Some-college, Married-civ-spouse, Sales, Husband, White, Male, United-States, >50K
53.639706,214680.61,12.977397,14.721615,3.8812456,32.060814, Private, Bachelors, Married-civ-spouse, Exec-managerial, Husband, White, Male, United-States, <=50K
36.926113,96174.06,10.054088,352.466,1724.0729,20.346445, ?, Some-college, Married-civ-spouse, ?, Husband, White, Male, United-States, <=50K
42.704544,186562.56,10.139957,-255.8139,14.453565,32.63763, Private, Some-college, Separated, Other-service, Unmarried, White, Female, United-States, <=50K
37.155094,83140.45,10.149791,168.53198,8.153005,40.084366, State-gov, Some-college, Divorced, Tech-support, Not-in-family, White, Female, United-States, <=50K
30.122192,171482.98,8.992283,-68.25019,-5.008456,41.29477, Private, HS-grad, Married-civ-spouse, Other-service, Husband, White, Male, United-States, <=50K
31.867558,298338.28,8.990872,229.37488,-6.3639555,28.486217, Private, HS-grad, Married-civ-spouse, Other-service, Husband, White, Female, United-States, <=50K
33.102493,48023.25,3.926909,42.451534,15.666722,42.902912, Private, 10th, Married-civ-spouse, Adm-clerical, Husband, White, Male, United-States, <=50K
30.411264,229833.98,12.919474,1037.2131,-12.160914,43.718548, Private, Bachelors, Never-married, Exec-managerial, Not-in-family, White, Male, United-States, <=50K
23.869555,272615.75,10.05563,-30.186588,-17.945078,32.477657, State-gov, Some-college, Never-married, Exec-managerial, Own-child, White, Female, United-States, <=50K
40.97644,180547.1,8.831816,-151.06744,9.807744,43.097126, Private, HS-grad, Married-civ-spouse, Adm-clerical, Husband, White, Male, United-States, <=50K
38.521473,180502.97,13.368536,-73.893745,-7.7288847,40.302803, Private, Masters, Married-civ-spouse, Prof-specialty, Husband, White, Male, United-States, <=50K
58.311726,373057.97,9.096912,202.09912,-6.4818296,33.0858, Local-gov, HS-grad, Married-civ-spouse, Sales, Husband, White, Male, United-States, <=50K
58.47497,146413.69,8.928214,41.20135,6.5482836,37.63055, Private, HS-grad, Married-civ-spouse, Other-service, Husband, White, Male, United-States, <=50K
35.441326,219716.6,9.098769,318.61572,12.541463,40.154366, Private, HS-grad, Separated, Machine-op-inspct, Unmarried, White, Female, United-States, <=50K
35.251923,249148.73,11.046219,-133.66632,-16.3715,39.69237, Self-emp-not-inc, Bachelors, Married-civ-spouse, Sales, Husband, White, Male, United-States, <=50K
28.184853,225911.34,8.930126,201.52917,7.3091936,41.62395, Private, HS-grad, Never-married, Transport-moving, Not-in-family, White, Male, United-States, <=50K
30.776915,214050.58,9.990205,-191.40704,-5.0129805,17.708231, Private, Some-college, Married-civ-spouse, Adm-clerical, Other-relative, White, Female, United-States, <=50K
43.816425,295868.88,13.432535,699.969,-26.500422,68.0394, Local-gov, Masters, Married-civ-spouse, Prof-specialty, Husband, White, Male, United-States, <=50K
31.638044,198731.3,9.058587,7160.65,17.65502,48.476913, Private, HS-grad, Married-civ-spouse, Machine-op-inspct, Husband, White, Male, United-States, <=50K
52.171932,263185.34,9.00238,14.879452,-6.4747267,42.045654, Private, HS-grad, Married-civ-spouse, Exec-managerial, Husband, White, Male, United-States, >50K
32.918007,135337.66,5.829568,103.72198,8.621228,41.910732, Private, 10th, Divorced, Exec-managerial, Not-in-family, White, Male, United-States, <=50K
33.921318,135366.38,10.231123,140.95947,-27.863718,42.129585, Federal-gov, Some-college, Never-married, Adm-clerical, Not-in-family, White, Female, United-States, <=50K
60.082195,43529.594,8.906464,73.87194,-0.76303375,17.365824, Private, HS-grad, Married-civ-spouse, Farming-fishing, Husband, White, Male, United-States, <=50K
26.203623,111853.46,8.991117,-111.39973,3.181157,44.57252, Private, HS-grad, Never-married, Machine-op-inspct, Other-relative, White, Male, United-States, <=50K
30.054338,130693.71,9.050157,-135.0202,25.9424,40.21463, Private, HS-grad, Never-married, Machine-op-inspct, Not-in-family, White, Female, United-States, <=50K
27.557512,255824.36,12.932727,474.12628,-12.218127,56.27995, Private, Bachelors, Never-married, Prof-specialty, Not-in-family, White, Male, United-States, <=50K
38.64942,189473.3,12.663969,-47.036686,2.9379168,29.443043, Private, Bachelors, Divorced, Prof-specialty, Unmarried, White, Female, United-States, <=50K
30.313389,240807.5,10.048009,78.37884,4.283307,38.0495, Private, Some-college, Married-civ-spouse, Transport-moving, Husband, White, Male, United-States, >50K
49.578266,39806.0,10.104152,66.74987,-7.857272,34.848232, Local-gov, Some-college, Divorced, Other-service, Not-in-family, White, Female, United-States, <=50K
29.18086,167491.02,6.8839417,118.962456,-0.46179473,36.53277, Private, 11th, Married-civ-spouse, Handlers-cleaners, Husband, White, Male, United-States, <=50K
27.747826,208365.2,9.063004,158.82397,17.14968,48.821033, Private, HS-grad, Divorced, Handlers-cleaners, Other-relative, White, Female, United-States, <=50K
25.24117,222458.2,9.006384,45.996456,-0.9149045,45.209675, Private, HS-grad, Never-married, Sales, Own-child, White, Female, United-States, <=50K
46.733353,107442.984,8.468507,1091.7463,-9.619731,71.61656, Local-gov, 12th, Married-civ-spouse, Exec-managerial, Husband, White, Male, United-States, >50K
40.746593,99190.68,9.014837,87.5935,17.747282,30.806576, Private, HS-grad, Divorced, Sales, Unmarried, White, Female, United-States, <=50K
38.85523,190941.12,9.058193,-295.93378,-47.21374,42.364437, Private, HS-grad, Married-civ-spouse, Exec-managerial, Husband, White, Male, United-States, <=50K
52.301357,138566.3,10.048156,182.95392,-17.074594,54.70066, Private, Some-college, Married-civ-spouse, Farming-fishing, Husband, White, Male, United-States, >50K
24.002197,137975.36,9.061952,51.53259,7.5469103,40.692047, Private, HS-grad, Never-married, Craft-repair, Unmarried, White, Female, United-States, <=50K
27.468395,180642.89,10.015979,89.783806,-32.774494,31.785885, Private, Some-college, Never-married, Adm-clerical, Other-relative, White, Female, United-States, <=50K
75.511734,188844.67,9.06288,302.0935,3.2193575,36.988266, Self-emp-not-inc, HS-grad, Married-civ-spouse, Exec-managerial, Husband, White, Male, United-States, <=50K
38.34503,126642.31,9.479416,126.45641,7.4347277,51.84014, Private, Some-college, Married-civ-spouse, Transport-moving, Husband, White, Male, United-States, >50K
45.063866,355696.03,9.989324,628.2976,-21.997683,31.782076, Private, Some-college, Married-civ-spouse, Transport-moving, Husband, White, Male, United-States, <=50K
35.702934,258242.86,9.16188,-213.1723,-17.755098,42.867702, State-gov, HS-grad, Married-civ-spouse, Adm-clerical, Husband, White, Male, United-States, <=50K
55.27813,380211.12,9.964596,-125.57246,-14.953235,38.02405, Private, Some-college, Married-civ-spouse, Adm-clerical, Husband, White, Male, United-States, <=50K
26.563004,162764.17,12.096045,189.95544,-2.5508757,47.46181, Private, Assoc-acdm, Married-civ-spouse, Craft-repair, Husband, White, Male, United-States, <=50K
34.098766,375035.03,13.863982,468.7345,21.652166,31.992586, Private, Masters, Separated, Prof-specialty, Not-in-family, White, Male, United-States, >50K
35.4571,61684.734,10.08437,4093.8188,11.251073,39.838215, ?, Some-college, Married-civ-spouse, ?, Husband, White, Male, United-States, >50K
48.52789,196841.97,4.744433,-693.1774,27.686121,47.54424, Self-emp-not-inc, 9th, Separated, Handlers-cleaners, Not-in-family, White, Female, United-States, <=50K
27.115576,322130.25,8.120542,-315.79254,-7.355212,38.530445, Private, 12th, Married-civ-spouse, Craft-repair, Husband, White, Male, United-States, >50K
52.284,252256.66,9.043586,-167.65887,2.8338213,46.521435, Private, HS-grad, Married-civ-spouse, Craft-repair, Wife, White, Female, United-States, >50K
28.421904,79940.24,9.911954,-75.96235,-10.551501,28.481663, Private, Some-college, Never-married, Prof-specialty, Own-child, White, Female, United-States, <=50K
44.663437,274808.03,8.87829,92.85784,2495.6382,56.261475, Private, HS-grad, Married-civ-spouse, Other-service, Husband, White, Male, United-States, >50K
22.452238,213382.4,10.0093775,41.17889,-3.9797544,30.520931, Private, Some-college, Never-married, Other-service, Own-child, White, Male, United-States, <=50K
39.09954,115347.484,10.054522,7807.702,-2.6414747,31.225832, Private, Some-college, Never-married, Adm-clerical, Unmarried, White, Female, United-States, <=50K
27.083725,178874.36,12.931784,-17.377384,-18.471758,35.76855, Private, Bachelors, Never-married, Other-service, Not-in-family, White, Male, United-States, <=50K
22.155315,363929.53,9.066479,-260.68585,13.3051195,42.667618, Private, HS-grad, Divorced, Handlers-cleaners, Not-in-family, White, Male, United-States, <=50K
43.842457,259431.2,8.992366,-90.21418,-0.4695233,40.96236, Private, HS-grad, Married-civ-spouse, Exec-managerial, Husband, White, Male, United-States, <=50K
25.194206,344530.56,10.873899,-180.67316,-35.567074,40.8181, Private, Assoc-voc, Married-civ-spouse, Adm-clerical, Wife, White, Male, United-States, <=50K
20.847197,139294.66,10.030937,1432.9353,-6.5118437,39.97752, Federal-gov, Some-college, Never-married, Craft-repair, Not-in-family, White, Male, United-States, >50K
32.106743,358568.22,8.838055,-64.62556,880.101,74.61536, Private, HS-grad, Separated, Transport-moving, Not-in-family, White, Male, United-States, <=50K
53.93229,412282.78,4.826265,115.309074,-4.542201,39.382065, ?, 11th, Married-civ-spouse, ?, Husband, White, Male, United-States, <=50K
18.727844,8588.47,11.934872,103.69323,31.98136,30.144508, Private, Assoc-acdm, Never-married, Craft-repair, Own-child, White, Male, United-States, <=50K
37.69911,255839.73,9.975478,2685.0613,-26.945345,44.010345, Private, Some-college, Married-civ-spouse, Transport-moving, Husband, White, Male, United-States, >50K
18.843168,280768.78,11.88321,-175.16571,-19.58552,25.71083, Private, Bachelors, Never-married, Sales, Own-child, White, Female, United-States, <=50K
53.472755,304362.84,6.020341,-311.16986,-24.426416,38.71605, Private, 10th, Separated, Other-service, Not-in-family, White, Male, United-States, <=50K
31.183357,112993.664,11.054486,74.87084,19.050215,55.94542, Private, Assoc-voc, Married-civ-spouse, Protective-serv, Husband, White, Male, United-States, >50K
37.562607,72797.484,12.887133,596.1003,-15.194713,54.97918, Private, Bachelors, Widowed, Exec-managerial, Not-in-family, White, Female, United-States, >50K
45.937263,87585.016,9.8369255,-95.90107,-11.090922,40.164036, Private, Some-college, Married-civ-spouse, Adm-clerical, Husband, White, Male, United-States, <=50K
29.220242,340512.0,9.051533,74.49981,5.413686,32.689083, Private, HS-grad, Divorced, Exec-managerial, Not-in-family, White, Male, United-States, <=50K
29.985512,121755.74,13.058208,1007.667,-6.1163816,40.511845, Private, Bachelors, Never-married, Prof-specialty, Not-in-family, White, Male, United-States, <=50K
36.3611,112099.55,10.042136,317.74475,7.705579,72.7331, Self-emp-not-inc, HS-grad, Divorced, Farming-fishing, Not-in-family, White, Male, United-States, >50K
70.9017,185576.4,14.6233015,158.42438,-22.005991,29.71428, ?, Bachelors, Married-civ-spouse, ?, Husband, White, Male, United-States, >50K
64.31407,174826.48,12.0643215,29.41595,-2.0349684,24.085152, Private, Assoc-acdm, Married-civ-spouse, Protective-serv, Husband, White, Male, United-States, <=50K
26.24326,145147.89,9.953132,-18.113956,6.752637,35.210117, Private, Some-college, Divorced, Craft-repair, Unmarried, White, Female, United-States, <=50K
72.61628,215318.14,13.918072,1157.6266,1759.0367,19.403515, Local-gov, Masters, Married-civ-spouse, Exec-managerial, Husband, White, Male, United-States, >50K
41.340816,240277.31,13.992924,323.50262,-3.5164595,31.194895, Private, Masters, Married-civ-spouse, Exec-managerial, Husband, White, Male, United-States, >50K
37.21014,207353.73,12.932492,2300.7485,-15.020122,52.425163, Private, Bachelors, Never-married, Exec-managerial, Not-in-family, White, Male, United-States, >50K
44.05699,201871.36,8.790648,-329.39777,-0.15399446,31.491686, Private, HS-grad, Divorced, Adm-clerical, Unmarried, White, Male, United-States, <=50K
32.414177,108484.75,9.01775,-152.78339,-9.867145,30.141104, Private, HS-grad, Never-married, Machine-op-inspct, Own-child, White, Female, United-States, <=50K
53.488335,201668.95,8.992083,-1.6189616,21.850927,42.236958, Private, HS-grad, Divorced, Craft-repair, Not-in-family, White, Male, United-States, <=50K
36.84387,140974.38,9.022146,-146.26825,-4.707591,42.124695, Private, HS-grad, Married-civ-spouse, Exec-managerial, Husband, White, Male, United-States, <=50K
56.278374,206961.73,8.904447,-150.34686,4.081807,35.754326, Private, HS-grad, Married-civ-spouse, Craft-repair, Husband, White, Male, United-States, <=50K
40.90538,68299.1,10.993338,264.40942,3.4481936,38.26264, Private, Assoc-voc, Divorced, Priv-house-serv, Not-in-family, White, Female, United-States, <=50K
45.873566,69827.2,11.013514,-539.57904,2.6133013,56.81434, Self-emp-not-inc, Assoc-voc, Married-civ-spouse, Exec-managerial, Husband, White, Male, United-States, >50K
40.596973,145822.11,12.974342,77.788445,-1.112048,41.477436, Private, Bachelors, Married-civ-spouse, Craft-repair, Husband, White, Male, United-States, >50K
37.220154,285367.4,8.949916,30.354061,2.1069307,30.65662, Private, HS-grad, Never-married, Other-service, Unmarried, White, Female, United-States, <=50K
31.332714,262069.98,8.950669,201.45758,-4.5847273,37.545975, Private, HS-grad, Never-married, Adm-clerical, Not-in-family, White, Male, United-States, <=50K
38.63726,123702.04,12.820649,1332.3402,1887.694,65.590485, Private, Masters, Married-civ-spouse, Exec-managerial, Husband, White, Male, United-States, >50K
51.65049,105283.38,3.605865,82.53216,-10.293643,35.76427, Private, 12th, Never-married, Adm-clerical, Not-in-family, White, Male, United-States, <=50K
16.810928,74848.99,6.7912335,97.908134,48.47248,29.879574, Private, 11th, Never-married, Farming-fishing, Not-in-family, White, Female, United-States, <=50K
36.161896,140972.67,10.000557,76.57671,0.10159026,54.401867, Private, Some-college, Married-civ-spouse, Transport-moving, Husband, White, Male, United-States, >50K
32.212727,327928.5,12.32862,708.8768,-3.6265974,80.21486, Self-emp-not-inc, Bachelors, Married-civ-spouse, Other-service, Husband, White, Male, United-States, <=50K
39.366867,104904.6,12.99366,42.146786,4.325963,43.353317, Private, Bachelors, Married-civ-spouse, Sales, Husband, White, Male, United-States, >50K
29.847559,177540.45,9.945147,-34.678165,24.26491,28.301271, Private, Some-college, Never-married, Craft-repair, Not-in-family, White, Male, United-States, <=50K
56.390198,30633.594,12.843929,289.2445,-3.42142,44.6211, Private, Bachelors, Divorced, Exec-managerial, Not-in-family, White, Male, United-States, <=50K
57.18506,139796.75,3.1438165,-77.581245,2.6167421,45.227314, Private, HS-grad, Divorced, Sales, Not-in-family, White, Female, United-States, >50K
48.16095,271830.2,9.028058,140.08594,35.607254,32.594254, Private, HS-grad, Never-married, Machine-op-inspct, Unmarried, White, Male, United-States, <=50K
56.818447,367100.56,8.963797,-13.872501,3.722455,22.918781, Private, HS-grad, Married-civ-spouse, Sales, Husband, White, Male, United-States, <=50K
47.5894,107714.0,10.01801,-188.92828,35.311836,25.972826, Private, Some-college, Divorced, Sales, Unmarried, White, Female, United-States, <=50K
39.822487,197354.62,12.495185,-39.208927,1.7768527,57.321827, Private, Bachelors, Married-civ-spouse, Sales, Husband, White, Male, United-States, >50K
22.382025,136795.36,9.045475,225.60327,15.843587,39.87595, Private, HS-grad, Never-married, Sales, Not-in-family, White, Female, United-States, <=50K
23.498446,434566.72,10.021847,91.24804,-4.554965,40.50418, Private, Some-college, Never-married, Tech-support, Not-in-family, White, Male, United-States, <=50K
32.97314,65390.938,12.156651,193.6435,21.448988,52.185493, Private, Assoc-acdm, Married-civ-spouse, Exec-managerial, Husband, White, Male, United-States, <=50K
40.69068,61574.258,9.043661,77.40667,-0.41190612,56.687027, Private, HS-grad, Married-civ-spouse, Exec-managerial, Husband, White, Male, United-States, <=50K
49.329704,138519.66,9.986133,2995.4165,-1.4937543,41.1096, Private, Some-college, Married-civ-spouse, Transport-moving, Husband, White, Male, United-States, >50K
57.50392,77333.74,10.072545,95.235466,-1.4074124,32.27825, ?, Some-college, Married-civ-spouse, ?, Husband, White, Male, United-States, >50K
22.107525,151408.72,9.933148,2.7340658,22.656675,9.314098, Private, Some-college, Never-married, Other-service, Own-child, White, Male, United-States, <=50K
36.059494,106161.45,9.974701,-83.382515,-8.441165,40.175182, Private, Some-college, Never-married, Adm-clerical, Not-in-family, White, Male, United-States, <=50K
62.1827,183811.73,9.8907995,36125.715,0.7907535,47.74801, Private, Some-college, Married-civ-spouse, Transport-moving, Husband, White, Male, United-States, >50K
35.17923,482885.94,9.846461,4.3893394,6.97453,18.613522, Private, Some-college, Never-married, Other-service, Not-in-family, White, Male, United-States, <=50K
37.943665,256564.28,9.289348,-120.074776,-48.8988,44.89793, Private, HS-grad, Married-civ-spouse, Sales, Husband, White, Male, United-States, >50K
34.8763,230784.75,8.712025,-240.8559,34.863438,18.415852, Private, HS-grad, Divorced, Sales, Unmarried, White, Female, United-States, <=50K
31.253613,495522.88,12.848066,136.52765,11.76875,46.75669, ?, Bachelors, Divorced, ?, Not-in-family, White, Male, United-States, <=50K
32.530163,218394.02,7.0663047,-225.61078,-26.480928,31.702078, Private, 11th, Married-civ-spouse, Handlers-cleaners, Husband, White, Male, United-States, <=50K
43.06868,155354.72,7.798603,-34.642155,-26.166971,39.175518, Private, 11th, Divorced, Exec-managerial, Not-in-family, White, Female, United-States, >50K
29.843517,-9298.437,9.339084,279.8487,3.736539,29.199099, ?, HS-grad, Never-married, ?, Not-in-family, White, Male, United-States, >50K
18.953154,103533.805,6.978566,9.202816,4.3783617,42.88883, Private, 11th, Never-married, Craft-repair, Own-child, White, Male, United-States, <=50K
17.696913,224242.08,7.0223837,-31.033756,3.2445116,7.2840214, Private, 12th, Never-married, Other-service, Own-child, White, Male, United-States, <=50K
41.174088,171212.97,9.588854,-468.1413,1869.0012,35.738953, Self-emp-not-inc, HS-grad, Never-married, Handlers-cleaners, Not-in-family, White, Female, United-States, >50K
21.916485,174392.8,7.263792,36.87463,14.628613,20.8463, Private, 11th, Never-married, Other-service, Not-in-family, White, Female, United-States, <=50K
41.02376,225524.62,9.960564,65.77502,-7.7501707,40.568005, Private, Some-college, Never-married, Craft-repair, Not-in-family, White, Female, United-States, <=50K
41.400154,289500.38,10.081113,-11.675846,-15.296672,34.399414, Self-emp-not-inc, Some-college, Married-civ-spouse, Farming-fishing, Husband, White, Male, United-States, <=50K
24.747772,200462.52,9.807516,-77.18708,-13.29613,30.339489, ?, Assoc-acdm, Divorced, ?, Unmarried, White, Female, United-States, <=50K
36.654842,52284.156,9.032198,23.752865,-6.373103,80.38288, Private, HS-grad, Married-civ-spouse, Craft-repair, Husband, White, Male, United-States, >50K
54.53549,189201.44,9.974303,10.316708,7.0382433,28.122215, Private, Some-college, Divorced, Machine-op-inspct, Unmarried, White, Female, United-States, <=50K
16.530941,71107.61,7.0128045,63.281612,16.549223,10.728943, Private, 11th, Never-married, Machine-op-inspct, Own-child, White, Female, United-States, <=50K
27.286856,120644.34,10.604288,354.8888,-17.609789,38.792763, Private, Assoc-voc, Never-married, Other-service, Not-in-family, White, Female, United-States, <=50K
33.753094,293115.72,10.014593,42.71728,-5.6395674,14.053011, Private, Some-college, Married-civ-spouse, Adm-clerical, Wife, White, Female, United-States, >50K
67.75204,249235.38,11.995106,553.1576,-35.055103,50.193085, State-gov, Masters, Married-civ-spouse, Adm-clerical, Husband, White, Male, United-States, <=50K
57.32638,125168.914,9.956059,-105.1999,1.7697498,23.944197, Private, Some-college, Divorced, Adm-clerical, Not-in-family, White, Female, United-States, <=50K
47.96652,91806.54,9.0510435,-64.0019,2.7584429,41.445854, Private, HS-grad, Married-civ-spouse, Other-service, Husband, White, Male, United-States, <=50K
21.67862,350363.5,9.963371,131.90533,0.61884034,22.620327, Private, Some-college, Never-married, Sales, Own-child, White, Female, United-States, <=50K
33.088524,277510.7,11.073703,1455.9186,-2.8542585,38.48118, Private, Assoc-voc, Divorced, Adm-clerical, Not-in-family, White, Female, United-States, <=50K
16.77839,144524.5,9.09726,247.68536,-18.47777,42.18453, Private, HS-grad, Never-married, Sales, Own-child, White, Female, United-States, <=50K
65.048256,200943.28,4.399172,-102.969795,3.752057,44.939163, Private, 9th, Married-civ-spouse, Adm-clerical, Husband, White, Male, United-States, <=50K
55.56525,316855.72,2.3539057,-509.90704,-30.979181,61.052864, Private, 12th, Married-civ-spouse, Transport-moving, Husband, White, Male, United-States, >50K
36.835762,181109.05,5.022329,-142.2619,21.679739,6.550974, ?, 10th, Never-married, ?, Not-in-family, White, Female, United-States, <=50K
25.386126,82238.484,8.876911,-49.84052,4.2716265,41.06424, Private, HS-grad, Married-civ-spouse, Transport-moving, Husband, White, Male, United-States, <=50K
36.432404,249872.92,9.042113,255.46198,-2.5381346,35.561317, Private, HS-grad, Married-civ-spouse, Sales, Husband, White, Male, United-States, <=50K
27.685997,344595.88,11.009882,52.6947,-2.6654768,37.26989, Private, Assoc-voc, Married-civ-spouse, Craft-repair, Husband, White, Male, United-States, <=50K
45.579792,161857.69,6.6177216,-30.59589,-6.4613676,8.338854, Private, 10th, Married-civ-spouse, Sales, Husband, White, Female, United-States, <=50K
42.086674,141315.86,13.616145,385.29724,2.9194918,45.049763, Private, Masters, Married-civ-spouse, Exec-managerial, Husband, White, Male, United-States, <=50K
29.113583,167573.06,8.950343,609.74243,7.226857,36.118263, Private, HS-grad, Separated, Other-service, Not-in-family, White, Male, United-States, <=50K
54.17101,78148.94,8.264349,-86.44233,36.211544,1.8190898, Private, Some-college, Never-married, Transport-moving, Unmarried, White, Male, United-States, <=50K
39.020706,248736.11,12.9654665,79.48046,-4.2915144,46.567955, Self-emp-inc, Bachelors, Widowed, Prof-specialty, Not-in-family, White, Male, United-States, <=50K
20.29338,247076.92,8.04873,5.456112,11.108975,26.414219, Private, 12th, Never-married, Other-service, Not-in-family, White, Male, United-States, <=50K
51.0088,94681.05,8.904806,62.069515,13.888204,41.675407, Private, HS-grad, Divorced, Craft-repair, Not-in-family, White, Male, United-States, <=50K
68.89384,102234.58,10.0297785,135.73608,6.9464693,47.888195, Self-emp-not-inc, Some-college, Divorced, Transport-moving, Not-in-family, White, Female, United-States, >50K
50.672947,149334.89,10.088761,29.189999,-21.462633,52.55584, Private, Some-college, Never-married, Adm-clerical, Not-in-family, White, Female, United-States, <=50K
44.8051,171981.67,8.974488,-219.5108,9.828076,36.52585, ?, HS-grad, Divorced, ?, Not-in-family, White, Female, United-States, <=50K
30.007914,98736.25,8.999936,38.62103,-0.99891937,43.81793, Private, HS-grad, Married-civ-spouse, Exec-managerial, Husband, White, Male, United-States, <=50K
43.67164,181785.0,10.115499,94.33349,8.239217,42.161606, Private, Some-college, Divorced, Sales, Not-in-family, White, Female, United-States, <=50K
30.38755,78815.77,7.0870266,143.29523,3.253461,37.589657, Private, 11th, Married-civ-spouse, Transport-moving, Husband, White, Male, United-States, <=50K
40.531372,47378.094,4.904238,-288.43195,9.936116,40.58254, Private, HS-grad, Never-married, Adm-clerical, Not-in-family, White, Female, United-States, <=50K
31.430954,40001.47,9.877133,24.442806,1.4588062,41.06806, Private, Some-college, Never-married, Craft-repair, Own-child, White, Female, United-States, <=50K
20.803017,115489.35,7.973522,-14.474552,-10.271556,38.09407, Private, 10th, Never-married, Protective-serv, Own-child, White, Male, United-States, <=50K
43.81118,142919.34,11.430975,-243.7265,21.505484,44.079548, Private, Bachelors, Never-married, Exec-managerial, Not-in-family, White, Male, United-States, <=50K
17.742796,189350.75,9.790232,109.37237,-17.199358,32.558872, Private, Some-college, Never-married, Prof-specialty, Own-child, White, Female, United-States, <=50K
43.60455,239289.39,9.798296,-232.60468,-1.0620984,43.90213, ?, Some-college, Never-married, ?, Own-child, White, Female, United-States, <=50K
40.38787,328082.53,10.901645,106.894035,-9.7285795,40.659794, Private, Assoc-voc, Married-civ-spouse, Prof-specialty, Husband, White, Male, United-States, <=50K
34.29178,173126.6,9.017955,-197.94403,24.253504,37.083836, Private, HS-grad, Divorced, Transport-moving, Husband, White, Male, United-States, <=50K
51.159317,183041.52,9.980676,125.76104,-10.693362,51.19651, Private, Some-college, Divorced, Sales, Own-child, White, Female, United-States, <=50K
51.947975,145510.61,10.009524,139.57758,-2.5929441,36.291004, Private, Some-college, Married-civ-spouse, Protective-serv, Husband, White, Male, United-States, <=50K
35.290813,59626.953,10.077522,192.1181,-7.726924,46.82781, Self-emp-not-inc, Some-college, Married-civ-spouse, Craft-repair, Husband, White, Male, United-States, <=50K
29.811138,335996.8,8.95158,16.583553,12.715413,39.441334, Private, HS-grad, Never-married, Other-service, Not-in-family, White, Female, United-States, <=50K
43.099136,87358.11,8.943269,409.58783,32.433567,33.69839, Private, HS-grad, Divorced, Other-service, Unmarried, White, Female, United-States, <=50K
27.481155,241179.62,2.8202972,-285.43146,9.240209,61.071796, Self-emp-not-inc, 12th, Never-married, Transport-moving, Not-in-family, White, Male, United-States, <=50K
16.586287,88833.09,6.7896423,-98.6529,11.379109,61.593647, Private, 12th, Never-married, Adm-clerical, Own-child, White, Female, United-States, <=50K
27.977337,113476.79,9.832409,-3.916569,-12.752788,54.577133, Private, Some-college, Never-married, Adm-clerical, Unmarried, White, Female, United-States, <=50K
38.623978,68260.78,8.6230135,97.08941,2.620366,37.48034, ?, HS-grad, Divorced, ?, Not-in-family, White, Male, United-States, <=50K
17.061195,226137.33,5.8594155,-96.37385,35.78274,62.094116, Private, 10th, Married-civ-spouse, Farming-fishing, Own-child, White, Male, United-States, <=50K
53.687675,222157.28,9.978038,123.54882,-1.4304379,53.529827, Private, Some-college, Married-civ-spouse, Exec-managerial, Husband, White, Male, United-States, <=50K
54.90768,54863.03,8.980691,483.5456,8.259862,42.19264, Private, HS-grad, Divorced, Sales, Not-in-family, White, Male, United-States, <=50K
61.621708,137066.23,6.0598416,-108.08051,-1.6286649,41.316837, Private, 9th, Widowed, Adm-clerical, Not-in-family, White, Female, United-States, <=50K
32.011585,215433.92,9.9364195,29.29034,-0.59983337,41.037045, Private, Some-college, Never-married, Other-service, Unmarried, White, Male, United-States, <=50K
40.83863,190243.98,9.024421,54.163143,1.9824191,45.30231, Private, HS-grad, Married-civ-spouse, Machine-op-inspct, Husband, White, Male, United-States, <=50K
34.74039,432788.06,12.982785,254.38751,1640.8654,36.52042, Private, Bachelors, Never-married, Prof-specialty, Not-in-family, White, Male, United-States, <=50K
17.020569,558067.44,6.9411798,29.379818,-2.986041,32.40098, Private, 11th, Never-married, Sales, Not-in-family, White, Female, United-States, <=50K
43.216797,183897.33,9.041361,-131.81488,9.424581,34.649868, ?, HS-grad, Married-civ-spouse, ?, Husband, White, Male, United-States, <=50K
22.886919,270967.94,12.00364,331.21655,-4.2957106,41.469433, Self-emp-inc, Assoc-acdm, Never-married, Sales, Own-child, White, Male, United-States, <=50K
41.9149,132402.83,8.937084,-52.15717,6.477948,45.939407, Private, HS-grad, Married-civ-spouse, Other-service, Husband, White, Male, United-States, <=50K
43.988426,163940.45,8.989259,-79.532295,4.46552,41.215508, Private, HS-grad, Married-civ-spouse, Handlers-cleaners, Husband, White, Male, United-States, <=50K
31.900644,262521.47,2.9384751,-210.08307,2.9552584,41.541695, Private, 10th, Never-married, Handlers-cleaners, Other-relative, White, Male, United-States, <=50K
52.513832,162141.44,13.026662,-30.13361,8.852727,47.249046, ?, Bachelors, Married-civ-spouse, ?, Husband, White, Male, United-States, <=50K
20.031599,115878.125,9.918089,-50.4527,-12.435344,24.93524, Private, Some-college, Never-married, Prof-specialty, Own-child, White, Female, United-States, <=50K
13.064515,339670.66,8.043767,565.0736,2056.3826,53.3492, Private, 12th, Never-married, Protective-serv, Own-child, White, Male, United-States, <=50K
51.973267,263117.06,8.999233,446.57178,2.4493914,50.408634, Private, HS-grad, Married-civ-spouse, Craft-repair, Husband, White, Male, United-States, <=50K
61.515438,169220.16,8.964585,19.521542,-8.4053755,42.7936, Private, HS-grad, Divorced, Adm-clerical, Not-in-family, White, Female, United-States, <=50K
30.693022,143137.1,9.073758,-145.07245,1.2400485,73.742805, Private, HS-grad, Married-civ-spouse, Machine-op-inspct, Husband, White, Male, United-States, <=50K
39.203075,257931.53,8.027431,973.3973,-27.152025,34.05581, Self-emp-inc, HS-grad, Married-civ-spouse, Machine-op-inspct, Husband, White, Male, United-States, <=50K
42.894775,97168.72,8.983059,-70.43659,9.032201,37.725304, Private, HS-grad, Divorced, Exec-managerial, Unmarried, White, Female, United-States, <=50K
52.39161,242506.38,5.264882,-216.28815,0.20515929,36.443436, Private, 9th, Never-married, Protective-serv, Not-in-family, White, Female, United-States, <=50K
29.415869,385390.25,9.028625,-213.82635,3.55338,42.95383, Private, HS-grad, Never-married, Exec-managerial, Unmarried, White, Female, United-States, <=50K
20.845182,369467.0,9.032275,-17.527164,-16.56209,37.259735, Private, HS-grad, Never-married, Other-service, Own-child, White, Male, United-States, <=50K
36.674328,272809.34,12.998506,-142.59747,-9.528735,58.828224, Private, Bachelors, Married-civ-spouse, Adm-clerical, Husband, White, Male, United-States, >50K
23.101196,180963.55,9.998747,137.09479,-7.188945,36.04941, Private, Some-college, Never-married, Adm-clerical, Not-in-family, White, Female, United-States, <=50K
28.423853,261.32877,13.206047,308.4394,8.961469,55.413074, Private, Bachelors, Married-civ-spouse, Prof-specialty, Husband, White, Male, United-States, <=50K
33.23943,184471.2,9.959283,38.608273,13.755353,45.504086, Private, Some-college, Divorced, Exec-managerial, Not-in-family, White, Male, United-States, <=50K
39.143204,141964.7,9.956621,-51.787052,-15.13663,45.05776, Private, Some-college, Never-married, Exec-managerial, Not-in-family, White, Male, United-States, >50K
55.26602,154307.94,9.0449,8339.142,-29.708597,39.478546, State-gov, HS-grad, Married-civ-spouse, Machine-op-inspct, Wife, White, Female, United-States, >50K
17.97998,109457.97,10.00348,35.04028,-4.194827,39.384567, Private, Some-college, Never-married, Sales, Own-child, White, Male, United-States, <=50K
34.234676,150398.78,11.4088745,-113.710396,53.05484,63.977, Private, Masters, Married-civ-spouse, Craft-repair, Husband, White, Male, United-States, <=50K
24.037962,252115.17,9.0399885,-187.33649,0.69722474,39.432587, Private, HS-grad, Never-married, Other-service, Own-child, White, Male, United-States, <=50K
48.065765,162227.25,9.84918,-52.776432,13.245191,34.40252, Local-gov, Some-college, Divorced, Adm-clerical, Unmarried, White, Female, United-States, <=50K
33.680573,260199.5,3.5085459,-291.5932,1.5955402,42.969704, Private, 11th, Married-civ-spouse, Craft-repair, Husband, White, Male, United-States, >50K
20.799425,145123.25,8.94918,172.89026,8.475034,33.018738, Private, HS-grad, Never-married, Adm-clerical, Not-in-family, White, Male, United-States, <=50K
36.632214,165521.8,12.941438,73.63378,-13.326358,38.958794, Private, Bachelors, Never-married, Tech-support, Unmarried, White, Female, United-States, <=50K
27.584753,211559.61,9.942876,340.63367,3.9566774,32.114613, Private, Some-college, Never-married, Prof-specialty, Not-in-family, White, Male, United-States, <=50K
27.637482,464336.72,8.985894,8152.494,12.722333,41.72263, Private, HS-grad, Never-married, Craft-repair, Not-in-family, White, Male, United-States, <=50K
29.71589,490125.4,9.057143,-74.419014,-0.5514859,42.975945, Private, HS-grad, Married-civ-spouse, Adm-clerical, Husband, White, Male, United-States, <=50K
55.90836,183061.94,8.991124,131.80377,5.213353,41.559204, Private, HS-grad, Married-civ-spouse, Prof-specialty, Husband, White, Male, United-States, <=50K
71.17209,234799.02,7.3341517,-326.19818,16.49986,20.965496, Private, 9th, Married-civ-spouse, Other-service, Husband, White, Male, United-States, <=50K
38.16576,215549.3,9.105281,8525.275,-10.0744505,43.689156, State-gov, HS-grad, Married-civ-spouse, Machine-op-inspct, Husband, White, Male, United-States, >50K
19.789677,109594.7,7.326841,-145.07074,-3.9494581,38.465282, Private, 9th, Never-married, Craft-repair, Own-child, White, Male, United-States, <=50K
52.418983,163610.1,12.06371,170.61163,-11.0097,56.266212, Private, Some-college, Married-civ-spouse, Exec-managerial, Husband, White, Male, United-States, <=50K
28.176462,305723.9,13.198339,86518.32,-76.373344,44.71253, Private, Masters, Never-married, Sales, Husband, White, Male, United-States, >50K
65.20655,133365.02,9.029607,145.77148,7.0648775,36.865177, ?, HS-grad, Divorced, ?, Not-in-family, White, Male, United-States, <=50K
30.051186,229670.31,8.9604645,140.62665,-13.239795,39.9751, Private, HS-grad, Never-married, Prof-specialty, Not-in-family, White, Male, United-States, <=50K
23.388924,129574.46,7.035605,-101.54365,0.59052765,33.854412, Private, 11th, Never-married, Adm-clerical, Not-in-family, White, Female, United-States, <=50K
40.362984,193185.1,3.3936944,-244.82013,7.4110003,44.792267, Private, 10th, Separated, Machine-op-inspct, Not-in-family, White, Female, United-States, <=50K
49.436394,309152.1,12.946897,-159.96918,14.076184,50.206413, Private, Bachelors, Divorced, Craft-repair, Husband, White, Male, United-States, <=50K
19.325523,173171.28,3.3624282,115.0454,10.392987,9.874779, ?, 11th, Married-civ-spouse, ?, Wife, White, Female, United-States, <=50K
40.3522,74113.21,8.98128,-208.29596,28.432882,66.76084, Private, HS-grad, Divorced, Farming-fishing, Unmarried, White, Male, United-States, <=50K
38.591637,116776.01,12.902264,199.76007,14.24838,56.313343, Private, Bachelors, Divorced, Handlers-cleaners, Unmarried, White, Male, United-States, <=50K
44.536404,56510.703,8.786345,699.62805,-28.873247,31.568825, Local-gov, HS-grad, Separated, Adm-clerical, Not-in-family, White, Female, United-States, <=50K
41.65448,161466.03,10.005477,127.743095,-5.127223,46.18596, Private, Some-college, Married-civ-spouse, Adm-clerical, Husband, White, Male, United-States, >50K
19.048765,158670.94,9.758711,988.0311,-12.010165,30.576723, Private, Some-college, Never-married, Sales, Own-child, White, Female, United-States, <=50K
62.688442,158962.77,2.7245955,-227.6861,-23.971056,42.65203, State-gov, 12th, Married-civ-spouse, Adm-clerical, Wife, White, Female, United-States, >50K
20.732124,133247.77,8.949531,-9.579899,7.5938234,38.996983, Private, HS-grad, Never-married, Adm-clerical, Not-in-family, White, Male, United-States, <=50K
41.91442,168305.67,11.045473,1088.7834,-17.772585,36.96622, Local-gov, Assoc-voc, Married-civ-spouse, Adm-clerical, Husband, White, Male, United-States, <=50K
47.045624,219413.1,10.658874,1885.2284,-43.557293,65.09553, Self-emp-not-inc, Some-college, Married-civ-spouse, Exec-managerial, Husband, White, Male, United-States, <=50K
38.692184,69696.99,9.030733,-160.75092,-3.6947966,40.930805, Private, HS-grad, Never-married, Craft-repair, Not-in-family, White, Male, United-States, <=50K
24.775877,212909.19,9.025321,-24.375675,-4.379489,43.843204, Private, HS-grad, Never-married, Sales, Own-child, White, Male, United-States, <=50K
24.898703,108936.74,12.969876,173.69763,-2.6797056,36.554707, Private, Bachelors, Never-married, Prof-specialty, Own-child, White, Male, United-States, <=50K
39.160744,116322.914,12.801749,355.5428,11.732999,24.724375, Private, Masters, Divorced, Prof-specialty, Not-in-family, White, Female, United-States, <=50K
36.19796,128022.99,12.901754,268.6963,-15.753802,48.719334, Private, Bachelors, Married-civ-spouse, Exec-managerial, Husband, White, Male, United-States, <=50K
25.887148,229844.0,10.044634,-9.520817,-4.8114347,43.169678, Private, Some-college, Married-civ-spouse, Exec-managerial, Husband, White, Male, United-States, <=50K
17.325397,156746.56,6.5175457,-77.72065,-21.629953,24.54342, Private, 11th, Never-married, Adm-clerical, Own-child, White, Male, United-States, <=50K
31.893875,140895.2,9.04794,-183.91547,5.3978167,42.555874, Private, HS-grad, Married-civ-spouse, Sales, Husband, White, Male, United-States, >50K
44.61958,62387.367,10.045783,71.80901,10.844487,31.767624, Private, Some-college, Divorced, Adm-clerical, Not-in-family, White, Female, United-States, <=50K
26.556952,86775.836,10.023634,220.00671,13.049619,43.716446, Private, Some-college, Married-civ-spouse, Craft-repair, Husband, White, Male, United-States, <=50K
62.15001,185063.17,7.4997053,-4.3862953,7.3494844,12.448675, State-gov, 11th, Married-civ-spouse, ?, Husband, White, Male, United-States, <=50K
34.93383,334322.0,9.494149,-64.36274,-7.451701,48.076885, Private, Some-college, Divorced, Other-service, Unmarried, White, Female, United-States, <=50K
47.096687,317226.1,11.02313,235.43097,-43.57414,39.052597, Private, Bachelors, Married-civ-spouse, Adm-clerical, Husband, White, Male, United-States, <=50K
29.527674,195313.98,8.97688,-42.61774,10.029874,40.779034, Private, HS-grad, Never-married, Prof-specialty, Unmarried, White, Female, United-States, <=50K
27.720129,64870.82,10.115891,38.584835,15.561574,36.041237, Private, Some-college, Divorced, Craft-repair, Unmarried, White, Female, United-States, <=50K
31.00295,118563.836,8.994583,430.4095,3.2243853,49.00917, Private, HS-grad, Never-married, Exec-managerial, Not-in-family, White, Male, United-States, <=50K
23.52058,302415.56,13.001662,157.1336,-0.27775085,30.490398, Private, Bachelors, Never-married, Prof-specialty, Own-child, White, Male, United-States, <=50K
18.988619,109605.47,11.963013,-24.019352,-1.5272626,13.793194, Private, Assoc-acdm, Never-married, Priv-house-serv, Own-child, White, Female, United-States, <=50K
63.64398,150593.86,4.378086,-7.019352,-1.0949048,55.8755, ?, 10th, Married-civ-spouse, ?, Husband, White, Male, United-States, <=50K
29.533285,131364.44,10.93763,-93.9051,19.188452,47.72974, Private, Assoc-voc, Divorced, Craft-repair, Unmarried, White, Female, United-States, <=50K
62.537148,111477.37,13.597266,259.54968,-10.182956,43.629936, Private, Masters, Married-civ-spouse, Sales, Husband, White, Male, United-States, <=50K
22.13444,161416.67,13.082347,-23.674625,-14.377696,34.721992, Private, Bachelors, Never-married, Tech-support, Unmarried, White, Female, United-States, <=50K
59.433144,235001.34,9.953365,35973.137,-40.00134,40.843197, Private, Some-college, Never-married, Sales, Other-relative, White, Female, United-States, >50K
46.90388,250598.11,9.061292,-116.97785,8.044103,38.13652, Local-gov, HS-grad, Married-civ-spouse, Other-service, Husband, White, Male, United-States, <=50K
53.793213,202833.75,12.962837,338.39307,-35.112682,39.501846, Private, Bachelors, Married-spouse-absent, Sales, Not-in-family, White, Female, United-States, <=50K
44.339787,161144.95,9.052228,-112.62287,19.634947,26.202595, Private, HS-grad, Married-civ-spouse, Craft-repair, Wife, White, Female, United-States, >50K
33.17475,245749.42,10.030662,205.5321,-0.23482026,34.845837, Private, Some-college, Divorced, Prof-specialty, Not-in-family, White, Female, United-States, <=50K
26.351295,307959.6,8.938531,231.31964,2.2467241,45.110703, Private, HS-grad, Never-married, Exec-managerial, Unmarried, White, Female, United-States, <=50K
51.08661,121166.29,8.967136,178.3805,13.679463,41.646767, Private, HS-grad, Divorced, Exec-managerial, Other-relative, White, Female, United-States, <=50K
45.380127,156400.23,10.0532875,212.59314,-10.4970045,46.270905, Private, Some-college, Married-civ-spouse, Exec-managerial, Husband, White, Male, United-States, >50K
23.615156,178929.8,6.6618505,-170.10138,-9.831187,39.97015, Private, 11th, Never-married, Adm-clerical, Own-child, White, Female, United-States, <=50K
29.391333,512903.4,10.871931,230.27917,20.271276,28.966927, Private, Assoc-voc, Never-married, Prof-specialty, Not-in-family, White, Male, United-States, <=50K
19.726395,283706.28,6.2069187,-93.139595,25.498808,39.864178, Private, 9th, Never-married, Handlers-cleaners, Other-relative, White, Male, United-States, <=50K
29.083176,170968.11,11.171475,1087.0032,54.239384,32.099667, Private, Assoc-voc, Separated, Other-service, Unmarried, White, Female, United-States, <=50K
35.44661,202358.31,9.9833975,54.04089,4.1710787,48.435192, Private, Some-college, Married-civ-spouse, Transport-moving, Husband, White, Male, United-States, >50K
24.4565,177645.3,9.02631,-71.62263,-14.324763,38.520203, Private, HS-grad, Married-civ-spouse, Prof-specialty, Husband, White, Male, United-States, <=50K
22.535997,124825.6,11.589485,-28.201725,31.546206,33.43077, Private, Bachelors, Never-married, Craft-repair, Own-child, White, Female, United-States, <=50K
26.45158,279268.03,4.918676,-418.5279,19.868834,40.396164, Private, 10th, Divorced, Sales, Not-in-family, White, Female, United-States, <=50K
35.245148,195746.8,9.0457115,69.75146,6.163144,41.81106, Private, HS-grad, Married-civ-spouse, Exec-managerial, Husband, White, Male, United-States, <=50K
18.967062,388034.25,9.034115,-57.825382,-7.4191694,11.346085, Private, HS-grad, Never-married, Other-service, Own-child, White, Female, United-States, <=50K
34.215,288689.34,3.3971705,-86.969795,3.4737902,69.25175, Private, 12th, Never-married, Transport-moving, Not-in-family, White, Male, United-States, <=50K
36.405396,192817.52,8.985346,-95.99201,-15.537669,33.712204, Private, HS-grad, Married-civ-spouse, Adm-clerical, Wife, White, Female, United-States, <=50K
51.24206,289434.16,8.99701,-153.05817,-13.414897,41.81109, Private, HS-grad, Married-civ-spouse, Adm-clerical, Husband, White, Male, United-States, <=50K
20.518866,87641.06,8.991771,114.52697,16.14578,28.004536, Private, HS-grad, Divorced, Sales, Not-in-family, White, Male, United-States, <=50K
44.762695,173889.6,8.977672,-88.32575,13.713925,25.608166, Private, HS-grad, Divorced, Exec-managerial, Not-in-family, White, Female, United-States, <=50K
53.070694,136914.62,9.955596,7016.583,-4.2797575,45.145756, Private, Some-college, Married-civ-spouse, Exec-managerial, Husband, White, Male, United-States, >50K
34.639786,187923.86,10.028612,121.998405,2.091115,39.419186, Private, Some-college, Married-civ-spouse, Prof-specialty, Husband, White, Male, United-States, >50K
75.0263,115693.24,9.030142,179.74957,2.9391146,7.9935055, Private, HS-grad, Married-civ-spouse, Sales, Husband, White, Male, United-States, <=50K
68.782906,152338.98,10.498181,302.40338,1.2210361,32.40076, Private, Some-college, Never-married, Exec-managerial, Own-child, White, Female, United-States, >50K
20.210974,180747.61,10.585373,-45.870426,-20.607065,50.05423, Self-emp-inc, Some-college, Married-civ-spouse, Craft-repair, Own-child, White, Male, United-States, <=50K
26.602427,-16762.234,9.979802,282.5683,-20.434694,4.258253, Local-gov, Some-college, Never-married, Prof-specialty, Own-child, White, Female, United-States, <=50K
29.719408,136235.25,10.077462,-929.5826,26.445333,42.016674, Private, Some-college, Never-married, Sales, Husband, White, Male, United-States, <=50K
47.209957,81720.28,12.720265,2678.2385,8.24046,34.111885, Private, Masters, Married-civ-spouse, Craft-repair, Husband, White, Male, United-States, <=50K
52.76833,124170.04,12.980893,243.79529,3.2586794,44.624035, Private, Bachelors, Married-civ-spouse, Sales, Husband, White, Male, United-States, >50K
51.67302,738646.75,5.288752,-241.68073,4.0770845,40.133602, Private, 9th, Married-civ-spouse, Machine-op-inspct, Husband, White, Male, United-States, <=50K
35.012672,298849.78,10.020292,23.8056,-0.4413556,39.14523, ?, Some-college, Married-civ-spouse, ?, Husband, White, Male, United-States, <=50K
53.42561,168657.27,8.9578905,121.83068,12.580434,44.791523, Private, HS-grad, Divorced, Sales, Unmarried, White, Male, United-States, <=50K
27.344658,238978.1,9.030667,-42.150578,1.3197452,38.554268, Private, HS-grad, Married-civ-spouse, Machine-op-inspct, Husband, White, Male, United-States, <=50K
51.07312,171014.16,10.688445,-69.63032,-22.933374,38.605637, State-gov, Assoc-voc, Never-married, Adm-clerical, Not-in-family, White, Female, United-States, <=50K
35.557125,95868.82,10.053338,428.66956,4.047818,42.997395, Private, Some-college, Never-married, Adm-clerical, Unmarried, White, Female, United-States, <=50K
37.33697,120621.12,10.116352,-10.164249,1.0105106,26.793503, ?, Some-college, Divorced, ?, Own-child, White, Female, United-States, <=50K
57.308346,121153.29,13.0709,124.72784,-14.19559,38.96643, Private, Bachelors, Married-civ-spouse, Exec-managerial, Husband, White, Male, United-States, <=50K
28.878864,159623.97,8.965786,89.53521,9.449666,37.159153, Private, HS-grad, Never-married, Handlers-cleaners, Unmarried, White, Male, United-States, <=50K
38.6655,168806.81,13.065002,105.35406,-4.663043,38.960697, Local-gov, Bachelors, Married-civ-spouse, Exec-managerial, Husband, White, Male, United-States, >50K
53.685234,121586.45,2.8369126,-134.49933,3.059476,29.840755, ?, 11th, Married-civ-spouse, ?, Husband, White, Male, United-States, <=50K
40.22382,107886.09,9.039977,-218.63763,21.11247,51.26375, Federal-gov, HS-grad, Never-married, Other-service, Not-in-family, White, Male, United-States, <=50K
58.591522,112275.055,8.332288,4461.1885,-7.7900877,59.837975, Self-emp-not-inc, HS-grad, Married-civ-spouse, Farming-fishing, Husband, White, Male, United-States, <=50K
36.40892,134322.45,9.550827,1194.6066,6.7027407,42.217396, Private, Some-college, Divorced, Sales, Unmarried, White, Female, United-States, <=50K
40.22855,269566.44,9.002396,171.90497,3.1589785,39.529865, Private, HS-grad, Married-civ-spouse, Prof-specialty, Husband, White, Male, United-States, <=50K
32.35421,155799.25,9.001405,-133.38312,-26.846018,36.64257, Private, HS-grad, Married-civ-spouse, Other-service, Husband, White, Female, United-States, <=50K
74.443535,343838.8,9.939444,259.03473,2.944394,14.779596, Private, Some-college, Separated, Prof-specialty, Not-in-family, White, Male, United-States, <=50K
41.16264,178964.31,11.34584,23459.844,-20.881304,38.16459, Private, Assoc-acdm, Married-civ-spouse, Adm-clerical, Husband, White, Male, United-States, >50K
14.58418,118081.76,6.6062603,270.73718,9.267934,30.446404, Private, 11th, Never-married, Farming-fishing, Unmarried, White, Male, United-States, <=50K
18.215322,154030.28,10.02578,-64.67353,24.641813,30.30484, Private, Some-college, Never-married, Other-service, Not-in-family, White, Female, United-States, <=50K
37.41502,44075.22,12.856999,-194.69403,10.507741,61.01596, Private, Bachelors, Never-married, Transport-moving, Not-in-family, White, Male, United-States, <=50K
30.051607,157039.6,8.934261,-16.200504,9.857312,31.73943, Private, HS-grad, Never-married, Transport-moving, Not-in-family, White, Male, United-States, <=50K
34.282345,261940.58,9.591525,31.231869,3.1069307,39.024906, ?, Some-college, Never-married, ?, Own-child, White, Male, United-States, <=50K
35.512623,278536.8,9.016429,31.23907,10.944554,41.77966, Private, HS-grad, Never-married, Machine-op-inspct, Not-in-family, White, Male, United-States, <=50K
62.749664,145079.58,10.131658,130.0426,-10.493373,38.717884, Private, Some-college, Married-civ-spouse, Exec-managerial, Husband, White, Male, United-States, >50K
36.390453,163799.55,8.967541,43.084408,-5.31734,49.040325, Private, HS-grad, Married-civ-spouse, Exec-managerial, Husband, White, Male, United-States, <=50K
63.688732,63291.67,13.053437,-12.955143,-34.42339,44.484737, Private, Bachelors, Never-married, Priv-house-serv, Not-in-family, White, Female, United-States, <=50K
43.05131,235676.42,8.9474945,65.620964,-2.9428587,30.975298, ?, Some-college, Married-civ-spouse, ?, Wife, White, Female, United-States, <=50K
21.922516,425310.78,9.451223,352.94788,-26.886965,52.75524, Private, HS-grad, Never-married, Exec-managerial, Not-in-family, White, Male, United-States, <=50K
40.297318,235822.34,9.006988,2.2443197,39.218983,42.653454, Private, HS-grad, Married-spouse-absent, Farming-fishing, Other-relative, White, Male, United-States, <=50K
48.001858,234769.53,8.955394,-30.497501,-4.091441,46.219395, Private, HS-grad, Married-civ-spouse, Transport-moving, Husband, White, Male, United-States, <=50K
36.945496,117048.16,9.060519,56.784664,4.517621,44.185047, Private, HS-grad, Married-civ-spouse, Craft-repair, Husband, White, Male, United-States, <=50K
19.485756,188983.42,6.442097,192.77295,5.8023424,14.339251, Private, 10th, Never-married, Machine-op-inspct, Own-child, White, Male, United-States, <=50K
32.551754,91534.86,8.523816,1259.5994,47.390842,45.167645, Private, HS-grad, Married-civ-spouse, Transport-moving, Husband, White, Male, United-States, >50K
22.080626,70874.16,9.079871,-52.37836,13.423055,41.652103, Private, HS-grad, Divorced, Machine-op-inspct, Not-in-family, White, Female, United-States, <=50K
64.833115,267217.34,8.987276,8.367855,1.8800021,38.763256, Private, HS-grad, Married-civ-spouse, Prof-specialty, Husband, White, Male, United-States, >50K
37.818283,115840.15,9.065458,208.72925,0.4744388,32.096607, Private, HS-grad, Never-married, Adm-clerical, Not-in-family, White, Female, United-States, <=50K
43.681053,78753.6,8.490946,-58.436344,-8.772464,36.750156, Private, 12th, Married-civ-spouse, Sales, Husband, White, Male, United-States, >50K
26.504932,329519.16,9.981721,186.25116,-14.010089,47.45164, Private, Some-college, Never-married, Adm-clerical, Not-in-family, White, Male, United-States, <=50K
42.496082,134124.62,12.999372,117.23235,0.24525939,66.86506, Private, Bachelors, Married-civ-spouse, Exec-managerial, Husband, White, Male, United-States, <=50K
19.25351,282516.44,12.955644,48.872005,4.192075,42.104084, Private, Bachelors, Never-married, Prof-specialty, Own-child, White, Female, United-States, <=50K
50.186924,156820.61,9.955551,188.3518,-13.230342,42.69696, Private, Some-college, Never-married, Adm-clerical, Unmarried, White, Female, United-States, <=50K
40.608135,65250.438,13.020928,152.39587,1.3528644,43.281216, Private, Bachelors, Never-married, Other-service, Not-in-family, White, Female, United-States, <=50K
46.785355,265115.8,11.954822,43.924007,-23.548807,42.44581, Private, Bachelors, Never-married, Sales, Not-in-family, White, Female, United-States, <=50K
13.919333,122809.664,7.2840204,152.26202,11.396718,39.266296, State-gov, 11th, Never-married, Machine-op-inspct, Own-child, White, Male, United-States, <=50K
43.225075,176402.89,11.583489,-89.02448,-5.685199,34.843327, State-gov, Assoc-acdm, Married-civ-spouse, Protective-serv, Not-in-family, White, Male, United-States, <=50K
35.508766,109030.83,4.6886106,11643.911,13.08328,39.63291, Private, 9th, Married-civ-spouse, Sales, Husband, White, Male, United-States, <=50K
30.45025,263737.0,8.950024,100.90557,10.188046,58.158474, Private, HS-grad, Divorced, Transport-moving, Not-in-family, White, Female, United-States, <=50K
36.36045,299225.4,12.862613,7565.8027,-20.450922,40.536022, ?, Masters, Married-civ-spouse, ?, Wife, White, Female, United-States, >50K
38.18791,51778.25,9.052764,-23.562931,0.5022937,34.190903, Private, HS-grad, Never-married, Adm-clerical, Not-in-family, White, Male, United-States, <=50K
40.76507,181433.6,9.067915,1246.0156,51.832443,34.48323, Private, HS-grad, Married-civ-spouse, Machine-op-inspct, Husband, White, Male, United-States, <=50K
56.64107,121178.39,6.3675885,325.61816,47.099537,26.136534, State-gov, Assoc-voc, Married-civ-spouse, Machine-op-inspct, Husband, White, Male, United-States, <=50K
31.893528,114611.44,12.930234,-28.9361,5.9833193,34.08104, Private, Bachelors, Married-civ-spouse, Adm-clerical, Wife, White, Female, United-States, >50K
26.424007,131048.48,10.050293,55.411617,-1.7438534,49.226162, Private, Some-college, Married-civ-spouse, Machine-op-inspct, Other-relative, White, Female, United-States, <=50K
59.61638,73542.8,11.179175,329.21588,-12.280444,40.25726, Private, Assoc-acdm, Divorced, Adm-clerical, Not-in-family, White, Male, United-States, <=50K
36.87695,135205.78,13.470706,147.0971,21.865057,40.76451, Private, Masters, Married-civ-spouse, Prof-specialty, Husband, White, Male, United-States, >50K
30.341923,63173.312,12.984564,-73.5113,-1.5995053,8.874254, Private, Bachelors, Never-married, Prof-specialty, Own-child, White, Female, United-States, <=50K
39.2663,117590.35,12.132449,144.06683,-17.309137,38.719673, Private, Assoc-acdm, Married-civ-spouse, Exec-managerial, Husband, White, Male, United-States, <=50K
25.69989,305559.78,9.016576,151.20099,11.103284,43.297386, Private, HS-grad, Never-married, Sales, Unmarried, White, Female, United-States, <=50K
40.56563,84639.27,11.316167,235.43591,-16.557077,52.759468, Self-emp-inc, Bachelors, Married-civ-spouse, Exec-managerial, Husband, White, Male, United-States, >50K
43.944363,191997.75,10.139111,184.77625,-1.419032,19.764118, Local-gov, Some-college, Married-civ-spouse, Adm-clerical, Husband, White, Male, United-States, <=50K
27.914423,270259.62,9.968075,188.57147,-2.9530973,38.51905, Private, Some-college, Divorced, Craft-repair, Own-child, White, Male, United-States, <=50K
34.09663,251532.03,10.0077505,157.71448,9.533917,45.81753, Private, Some-college, Divorced, Sales, Not-in-family, White, Male, United-States, <=50K
38.006016,239849.81,9.797228,5523.3726,-29.571405,42.875904, Private, Some-college, Married-civ-spouse, Prof-specialty, Husband, White, Male, United-States, >50K
27.37236,58568.695,9.53823,1.5681722,-30.81,34.663387, Local-gov, HS-grad, Never-married, Prof-specialty, Not-in-family, White, Female, United-States, <=50K
56.316826,207349.12,14.035101,216.26404,-3.59624,30.890368, Local-gov, Masters, Married-civ-spouse, Prof-specialty, Husband, White, Male, United-States, >50K
27.68353,175008.08,11.765542,16.350033,17.933607,39.261208, Private, Assoc-acdm, Married-civ-spouse, Other-service, Husband, White, Male, United-States, <=50K
66.9419,171905.12,10.136996,-218.75409,-11.450099,46.21958, Local-gov, Some-college, Married-civ-spouse, Craft-repair, Husband, White, Male, United-States, <=50K
55.33351,143171.97,9.971515,2327.1084,12.091123,41.464848, Local-gov, Some-college, Married-civ-spouse, Protective-serv, Husband, White, Male, United-States, >50K
24.679955,421372.47,9.100921,-111.25141,-6.052661,45.368137, Private, HS-grad, Married-civ-spouse, Adm-clerical, Husband, White, Male, United-States, <=50K
22.410675,315450.12,9.995418,1224.1383,-12.716823,34.022026, Private, Some-college, Never-married, Adm-clerical, Not-in-family, White, Male, United-States, <=50K
72.201996,92853.8,10.417318,12505.816,-50.288235,66.33592, Private, Some-college, Married-civ-spouse, Adm-clerical, Husband, White, Male, United-States, >50K
39.74213,108636.11,10.079989,392.9922,-4.0153303,32.409878, Private, Some-college, Married-civ-spouse, Adm-clerical, Husband, White, Male, United-States, >50K
29.118103,93513.64,9.000201,-54.853336,-4.7231627,26.88237, Private, HS-grad, Married-civ-spouse, Sales, Husband, White, Male, United-States, <=50K
21.49921,187450.52,8.998418,125.54766,-22.436579,40.385265, Private, HS-grad, Widowed, Adm-clerical, Own-child, White, Female, United-States, <=50K
53.600903,124710.35,13.210799,327.80414,-6.841357,111.07404, Self-emp-not-inc, Masters, Married-civ-spouse, Farming-fishing, Husband, White, Male, United-States, <=50K
50.523605,299161.3,9.033402,-137.4577,-30.350351,63.92281, Private, HS-grad, Never-married, Exec-managerial, Not-in-family, White, Male, United-States, <=50K
23.285795,219683.81,10.071949,-217.24774,4.579892,25.34607, Local-gov, Some-college, Never-married, Other-service, Not-in-family, White, Female, United-States, <=50K
28.76008,171302.36,11.359115,234.88947,11.799611,43.772182, Private, Assoc-voc, Married-civ-spouse, Exec-managerial, Husband, White, Male, United-States, <=50K
23.910458,90884.305,8.986124,165.14209,13.686955,24.86367, Private, HS-grad, Never-married, Sales, Unmarried, White, Female, United-States, <=50K
28.632233,157144.8,13.053058,3561.4617,4.2347,40.908775, Private, Bachelors, Married-civ-spouse, Other-service, Husband, White, Male, United-States, <=50K
41.890057,175705.77,13.810835,2472.0305,-17.4891,49.394497, Private, Masters, Married-civ-spouse, Adm-clerical, Husband, White, Male, United-States, >50K
36.537674,169876.73,9.874037,15089.015,18.047773,40.59649, Self-emp-not-inc, Some-college, Married-civ-spouse, Other-service, Other-relative, White, Male, United-States, <=50K
31.163897,175748.38,9.087194,25.848202,-5.9581556,47.30283, Private, HS-grad, Married-civ-spouse, Adm-clerical, Wife, White, Female, United-States, >50K
27.720827,124004.48,12.983284,-62.22687,13.489217,46.7576, ?, Bachelors, Never-married, ?, Not-in-family, White, Male, United-States, <=50K
31.337046,51216.97,5.3430414,-350.92084,-34.637554,26.11709, ?, 9th, Never-married, ?, Own-child, White, Male, United-States, <=50K
56.47056,104298.18,9.049428,1518.9634,1210.7866,23.292091, Private, HS-grad, Never-married, Sales, Not-in-family, White, Male, United-States, >50K
36.26125,210358.56,9.059335,271.77075,17.818617,44.77434, Private, HS-grad, Married-civ-spouse, Sales, Husband, White, Male, United-States, <=50K
46.247643,308347.72,13.020515,205.55396,-1.8276776,44.576847, Private, Bachelors, Married-civ-spouse, Prof-specialty, Husband, White, Male, United-States, >50K
27.818916,172013.4,9.987753,-158.4538,-3.942546,46.020878, Private, Some-college, Married-civ-spouse, Handlers-cleaners, Husband, White, Male, United-States, <=50K
39.485844,59996.78,9.020145,137.18561,27.489298,40.802593, Private, HS-grad, Divorced, Sales, Unmarried, White, Female, United-States, <=50K
37.09358,203547.25,12.982185,173.45892,-8.950236,42.647427, Private, Bachelors, Married-civ-spouse, Exec-managerial, Husband, White, Male, United-States, <=50K
46.563793,150424.58,9.610727,697.3423,-13.932376,33.760445, Federal-gov, HS-grad, Never-married, Adm-clerical, Not-in-family, White, Male, United-States, <=50K
62.857548,104443.65,9.017058,-89.69746,9.627927,15.505167, ?, HS-grad, Married-civ-spouse, ?, Husband, White, Male, United-States, <=50K
22.619623,318889.66,2.9152198,-72.167915,38.65876,29.909399, Private, 10th, Married-spouse-absent, Machine-op-inspct, Unmarried, White, Female, United-States, <=50K
55.81785,180302.9,12.554485,365.03027,-6.0471907,47.623264, Private, Bachelors, Married-civ-spouse, Exec-managerial, Husband, White, Male, United-States, >50K
38.52294,281911.28,14.266829,-97.25544,9.689908,44.742767, Federal-gov, Bachelors, Married-civ-spouse, Sales, Husband, White, Male, United-States, <=50K
50.700024,158978.14,15.157343,134.29065,-10.540278,45.704727, State-gov, Bachelors, Married-civ-spouse, Prof-specialty, Husband, White, Male, United-States, >50K
36.97779,81723.22,9.010835,-126.28327,3.5421877,50.00171, Private, HS-grad, Married-civ-spouse, Farming-fishing, Husband, White, Male, United-States, <=50K
31.589209,284539.06,9.0578375,-173.17987,-5.845599,42.007668, Private, HS-grad, Never-married, Adm-clerical, Own-child, White, Male, United-States, <=50K
33.789883,274398.88,8.989372,2546.5947,3.7401476,46.141304, Private, HS-grad, Married-civ-spouse, Farming-fishing, Husband, White, Male, United-States, >50K
53.686558,335762.8,11.751796,808.796,-6.332179,31.871756, Private, Some-college, Divorced, Adm-clerical, Not-in-family, White, Male, United-States, >50K
25.450623,188244.42,9.734093,-64.5738,-6.8202696,42.30134, Private, Some-college, Married-civ-spouse, Handlers-cleaners, Husband, White, Male, United-States, <=50K
30.943575,102209.32,12.912494,173.38312,3.7714891,55.37374, Private, Bachelors, Never-married, Other-service, Not-in-family, White, Male, United-States, <=50K
59.203354,125165.24,8.935326,147.96051,6.2048388,40.045925, Private, HS-grad, Widowed, Other-service, Not-in-family, White, Female, United-States, <=50K
44.307796,192491.94,10.862734,80.789665,-14.095401,52.77416, Private, Assoc-acdm, Never-married, Protective-serv, Not-in-family, White, Male, United-States, <=50K
37.45679,70525.625,10.010701,71.744804,7.8367357,21.432623, Private, Some-college, Married-civ-spouse, Sales, Husband, White, Male, United-States, >50K
65.07351,169220.84,8.963862,4.258114,-3.6296568,56.15866, Private, HS-grad, Married-civ-spouse, Exec-managerial, Husband, White, Male, United-States, <=50K
31.068876,175450.58,10.058673,574.9858,-6.116908,61.506138, Private, Some-college, Married-civ-spouse, Farming-fishing, Husband, White, Male, United-States, <=50K
31.411547,26477.406,9.180016,129.27032,-7.9960737,36.93451, Federal-gov, HS-grad, Divorced, Handlers-cleaners, Unmarried, White, Male, United-States, <=50K
34.324757,103329.2,10.868475,128.7976,7.4004793,54.05869, Private, Some-college, Married-civ-spouse, Transport-moving, Husband, White, Male, United-States, >50K
31.73201,133729.17,10.981935,103.62597,5.050069,41.01361, Private, Assoc-voc, Married-civ-spouse, Prof-specialty, Husband, White, Male, United-States, <=50K
42.346527,288524.53,10.068903,429.55853,-7.5893354,43.479183, Federal-gov, Some-college, Married-civ-spouse, Tech-support, Husband, White, Male, United-States, >50K
34.961613,268014.34,10.526007,2004.4602,-36.60181,45.30226, Private, Some-college, Married-civ-spouse, Craft-repair, Husband, White, Male, United-States, >50K
34.90265,36110.03,7.2027397,674.8495,71.29018,40.853783, Private, 11th, Divorced, Handlers-cleaners, Not-in-family, White, Male, United-States, >50K
36.48744,155603.0,9.991113,218.60321,-24.71596,35.783634, Private, Some-college, Divorced, Adm-clerical, Not-in-family, White, Female, United-States, <=50K
24.038626,283256.53,8.989791,-61.8288,7.639943,41.35356, Private, HS-grad, Never-married, Craft-repair, Not-in-family, White, Male, United-States, <=50K
25.562351,120743.43,9.942234,156.98486,4.2612123,38.125084, Private, Some-college, Never-married, Other-service, Not-in-family, White, Male, United-States, <=50K
29.900473,163783.34,9.033357,-119.18952,-5.030307,30.674965, Private, HS-grad, Married-civ-spouse, Sales, Husband, White, Male, United-States, <=50K
59.30087,16463.266,8.98339,-144.28119,1327.619,37.79607, Private, HS-grad, Married-civ-spouse, Craft-repair, Husband, White, Male, United-States, <=50K
26.983868,60547.508,12.963005,113.83056,-6.3255415,42.2284, Private, Bachelors, Married-civ-spouse, Prof-specialty, Husband, White, Male, United-States, <=50K
31.74475,231087.55,10.080967,130.64124,-0.74982727,32.93024, Private, Some-college, Separated, Adm-clerical, Unmarried, White, Female, United-States, <=50K
45.094303,103548.555,9.0093355,-95.26142,13.181981,24.276423, Private, HS-grad, Widowed, Handlers-cleaners, Unmarried, White, Female, United-States, <=50K
34.03215,145723.8,6.8084974,157.45526,-25.157183,13.762045, Private, 11th, Never-married, Other-service, Unmarried, White, Female, United-States, <=50K
25.671284,303183.25,10.052778,120.700676,-6.8960066,54.686676, Private, Some-college, Married-civ-spouse, Craft-repair, Husband, White, Male, United-States, <=50K
27.093365,158394.36,6.2088737,305.8982,14.760007,31.897041, Private, 10th, Never-married, Sales, Not-in-family, White, Female, United-States, <=50K
37.326893,153074.4,9.009266,36.83148,11.775052,50.139267, Private, HS-grad, Married-civ-spouse, Craft-repair, Husband, White, Male, United-States, <=50K
30.57397,130888.75,12.942485,247.35559,-6.465167,29.587284, Private, Bachelors, Never-married, Exec-managerial, Own-child, White, Female, United-States, <=50K
50.140938,142449.16,12.746222,91526.41,-37.708424,41.657764, ?, Assoc-acdm, Married-civ-spouse, ?, Husband, White, Male, United-States, >50K
30.199945,249261.7,9.044964,-113.91291,7.0078707,33.308533, Private, HS-grad, Married-civ-spouse, Craft-repair, Husband, White, Male, United-States, <=50K
31.364521,310768.62,11.925864,1155.6318,1205.4177,36.777077, Private, Assoc-acdm, Separated, Adm-clerical, Other-relative, White, Male, United-States, <=50K
55.196644,149163.11,6.863832,-55.37531,2.304349,38.358253, Private, 11th, Married-civ-spouse, Farming-fishing, Husband, White, Male, United-States, <=50K
24.095999,187098.83,10.0064745,42.28033,-9.870936,46.452183, Private, Some-college, Never-married, Sales, Own-child, White, Male, United-States, <=50K
50.484108,237898.56,10.607657,324.28662,-14.087161,48.16816, Private, Some-college, Separated, Adm-clerical, Not-in-family, White, Male, United-States, >50K
47.84532,79103.93,8.936614,-81.87946,6.5060854,50.232742, Private, HS-grad, Divorced, Exec-managerial, Unmarried, White, Female, United-States, <=50K
49.607285,449567.34,12.989663,-59.007267,-6.6207457,61.551983, Self-emp-not-inc, Bachelors, Divorced, Sales, Not-in-family, White, Male, United-States, <=50K
29.739529,117358.18,12.904527,154.6521,1.4942218,43.779064, Private, Masters, Never-married, Sales, Not-in-family, White, Male, United-States, <=50K
47.649277,104310.086,11.315799,240.72516,22.745184,36.752888, Local-gov, Assoc-acdm, Never-married, Protective-serv, Not-in-family, White, Male, United-States, <=50K
57.88999,110307.31,13.060456,-209.22467,14.251805,40.98989, Self-emp-not-inc, Bachelors, Married-civ-spouse, Farming-fishing, Husband, White, Male, United-States, >50K
66.18748,130319.85,10.134765,219.02075,-1.778674,34.295254, Local-gov, Some-college, Divorced, Machine-op-inspct, Not-in-family, White, Male, United-States, <=50K
21.787184,116443.07,9.068564,-18.400822,8.47424,13.916424, ?, HS-grad, Never-married, ?, Own-child, White, Male, United-States, <=50K
43.44086,382507.44,12.971898,1693.6162,2.5830355,46.16481, Private, Bachelors, Married-civ-spouse, Prof-specialty, Husband, White, Male, United-States, >50K
28.696072,149420.17,9.965402,166.43848,-3.5558043,35.642586, Private, Some-college, Never-married, Craft-repair, Not-in-family, White, Male, United-States, <=50K
39.210674,317536.62,9.988956,-296.16742,-34.91821,46.870422, Private, Some-college, Never-married, Sales, Husband, White, Male, United-States, <=50K
39.282753,81543.46,13.031678,5861.63,7.9023867,40.812996, State-gov, Bachelors, Married-civ-spouse, Prof-specialty, Husband, White, Male, United-States, >50K
59.15036,197105.67,3.776125,-241.9599,-8.819789,48.429943, Private, 10th, Married-civ-spouse, Craft-repair, Husband, White, Male, United-States, <=50K
29.789146,112040.63,9.457575,-462.93097,-4.1483107,41.491158, Private, HS-grad, Married-civ-spouse, Other-service, Husband, White, Male, United-States, <=50K
16.04897,156756.1,13.003707,201.30457,5.6311235,34.445072, ?, Bachelors, Never-married, Prof-specialty, Own-child, White, Male, United-States, <=50K
24.545656,246266.38,9.04166,515.21814,-12.231288,13.139824, Private, HS-grad, Never-married, Sales, Not-in-family, White, Male, United-States, <=50K
32.810383,23045.11,9.4737835,300.12506,-15.687434,39.543644, Self-emp-not-inc, HS-grad, Married-civ-spouse, Sales, Husband, White, Male, United-States, <=50K
54.524162,4778.3286,12.215102,344.87512,11.889325,37.575764, Self-emp-not-inc, Assoc-acdm, Married-civ-spouse, Sales, Husband, White, Male, United-States, <=50K
57.029438,298815.06,9.069609,905.2154,15.439313,37.333744, Private, HS-grad, Divorced, Exec-managerial, Unmarried, White, Male, United-States, >50K
52.66787,273413.78,12.892745,69.505486,13.075704,48.66796, Private, Bachelors, Never-married, Prof-specialty, Not-in-family, White, Female, United-States, <=50K
42.493786,98676.93,9.037431,242.91956,1957.9208,29.784204, Private, HS-grad, Married-civ-spouse, Sales, Husband, White, Male, United-States, >50K
44.777496,213032.36,4.6621375,-150.04437,10.66937,49.911858, Private, 10th, Divorced, Machine-op-inspct, Unmarried, White, Female, United-States, <=50K
31.61302,43121.484,9.054345,-100.07575,-8.070323,52.35432, Private, HS-grad, Divorced, Other-service, Own-child, White, Male, United-States, <=50K
43.71455,122860.53,10.624469,-131.28937,-4.2912855,60.046906, Private, Some-college, Divorced, Exec-managerial, Unmarried, White, Female, United-States, >50K
35.46996,314205.56,12.656216,-79.40937,-2.5365477,40.784515, Private, Bachelors, Married-civ-spouse, Other-service, Husband, White, Male, United-States, >50K
37.094215,325919.22,11.93513,-93.592964,-13.445628,55.76782, State-gov, Assoc-acdm, Never-married, Adm-clerical, Not-in-family, White, Male, United-States, <=50K
38.090305,258226.05,9.194005,424.0998,-15.065585,33.118916, Local-gov, HS-grad, Married-civ-spouse, Prof-specialty, Wife, White, Female, United-States, <=50K
60.24354,231519.4,5.745429,385.219,1795.2384,58.749294, Private, 9th, Married-civ-spouse, Other-service, Husband, White, Male, United-States, >50K
30.94288,193005.4,7.9175515,-21.91718,2.725049,36.36132, Private, HS-grad, Married-civ-spouse, Sales, Husband, White, Male, United-States, <=50K
33.62991,115073.83,11.9647,-192.03644,-2.7394133,30.519953, Private, Bachelors, Never-married, Handlers-cleaners, Not-in-family, White, Male, United-States, >50K
26.745352,323781.53,6.075906,-190.5711,-12.58549,41.503628, Private, 10th, Never-married, Other-service, Not-in-family, White, Male, United-States, <=50K
19.482227,327215.7,5.784293,-661.21246,49.555775,29.337587, Private, 10th, Never-married, Sales, Not-in-family, White, Female, United-States, <=50K
46.58797,339878.6,14.042326,196.44281,-3.57339,39.46574, Private, Masters, Divorced, Prof-specialty, Not-in-family, White, Male, United-States, <=50K
29.872768,81095.27,7.2889004,150.58875,38.467793,47.35309, State-gov, 11th, Never-married, Machine-op-inspct, Not-in-family, White, Female, United-States, <=50K
45.43029,127374.82,8.958196,4294.732,-2.20222,51.69531, Private, HS-grad, Married-civ-spouse, Exec-managerial, Husband, White, Male, United-States, <=50K
21.993746,180533.5,6.9875803,-305.77924,1.3729144,37.93604, State-gov, 11th, Never-married, Adm-clerical, Not-in-family, White, Female, United-States, <=50K
62.9633,165168.81,8.41052,-49.778263,10.244412,33.53758, Private, Some-college, Divorced, Craft-repair, Not-in-family, White, Male, United-States, <=50K
55.866127,125168.72,2.967215,-586.2177,185.52235,57.823772, Private, HS-grad, Divorced, Transport-moving, Unmarried, White, Female, United-States, >50K
38.06124,100595.42,9.845163,-48.169254,5.875119,38.460213, Private, Some-college, Divorced, Other-service, Unmarried, White, Male, United-States, <=50K
62.399223,18947.047,10.251917,-3.9017985,9.301366,3.2830865, Private, Some-college, Never-married, Craft-repair, Unmarried, White, Female, United-States, <=50K
39.670395,208421.25,9.000853,13.251766,7.396405,43.659897, Private, HS-grad, Divorced, Craft-repair, Unmarried, White, Female, United-States, <=50K
48.963303,117709.29,9.078571,-115.44819,23.208006,21.63447, State-gov, HS-grad, Married-civ-spouse, Machine-op-inspct, Wife, White, Female, United-States, >50K
21.14073,213036.83,9.068339,-111.27827,10.949269,38.384354, Federal-gov, HS-grad, Never-married, Prof-specialty, Own-child, White, Male, United-States, <=50K
19.444338,282255.22,12.893267,128.45703,14.530126,38.97456, Private, Bachelors, Never-married, Other-service, Not-in-family, White, Male, United-States, <=50K
8.186839,313399.5,2.997572,-350.5406,28.026918,15.0048065, State-gov, 11th, Never-married, Other-service, Own-child, White, Male, United-States, <=50K
28.217783,189631.86,9.032274,-25.138737,22.069181,40.13198, State-gov, HS-grad, Never-married, Machine-op-inspct, Not-in-family, White, Male, United-States, <=50K
17.110855,-6258.406,9.825035,-253.80133,1545.2003,28.990316, Private, Some-college, Never-married, Craft-repair, Own-child, White, Female, United-States, <=50K
38.816967,225844.05,10.031765,233.25543,1.3069812,43.224873, State-gov, Some-college, Married-civ-spouse, Tech-support, Wife, White, Female, United-States, <=50K
48.315636,212010.47,8.979209,3842.9602,8.538861,47.780174, Private, HS-grad, Married-civ-spouse, Farming-fishing, Husband, White, Male, United-States, <=50K
50.26607,78756.31,9.001829,-174.7049,5.898198,37.27046, Private, HS-grad, Married-civ-spouse, Craft-repair, Husband, White, Male, United-States, <=50K
21.893442,483672.38,10.082142,117.12151,12.121816,25.81094, Private, Some-college, Never-married, Adm-clerical, Own-child, White, Female, United-States, <=50K
36.465633,315920.0,8.932397,14013.791,20.540403,62.38652, Private, HS-grad, Divorced, Adm-clerical, Not-in-family, White, Female, United-States, <=50K
56.66741,113000.43,2.7709293,-466.02692,20.706984,27.863361, Private, 12th, Never-married, Craft-repair, Not-in-family, White, Male, United-States, <=50K
41.7023,180490.3,10.001581,180.43372,11.436101,38.07041, Private, Some-college, Divorced, Craft-repair, Not-in-family, White, Female, United-States, <=50K
21.737606,273576.97,9.015948,-172.05927,23.054693,30.165464, Self-emp-not-inc, HS-grad, Never-married, Prof-specialty, Not-in-family, White, Female, United-States, <=50K
33.402847,139728.52,9.047314,235.9115,29.008371,44.79287, Private, HS-grad, Married-civ-spouse, Exec-managerial, Husband, White, Male, United-States, >50K
33.996246,173109.53,6.222557,-4.8381996,-32.90375,55.818943, State-gov, 11th, Married-civ-spouse, Handlers-cleaners, Husband, White, Male, United-States, <=50K
32.176674,340151.3,12.930961,-51.630436,-6.1544676,74.48967, Private, Bachelors, Married-civ-spouse, Sales, Husband, White, Male, United-States, <=50K
24.536453,245805.66,9.051799,70.11889,-5.9206877,37.186665, Private, HS-grad, Never-married, Sales, Own-child, White, Male, United-States, <=50K
63.091484,100407.79,10.041276,457.0783,1861.9808,31.3206, Private, Some-college, Married-civ-spouse, ?, Husband, White, Male, United-States, <=50K
39.819206,166956.52,10.184784,-354.5207,-16.405443,45.91259, Self-emp-not-inc, Some-college, Married-civ-spouse, Sales, Wife, White, Female, United-States, >50K
41.631504,133739.44,12.131782,-162.13947,-18.987818,39.666004, Private, Bachelors, Married-civ-spouse, Protective-serv, Husband, White, Male, United-States, <=50K
39.712013,119140.68,10.053063,-50.73981,-4.17657,48.457687, Private, Some-college, Married-civ-spouse, Prof-specialty, Husband, White, Male, United-States, >50K
39.972927,108933.33,10.060472,-1009.11127,13.856366,43.936153, Federal-gov, Some-college, Separated, Other-service, Not-in-family, White, Male, United-States, <=50K
21.688988,21603.375,9.018615,75.28808,6.385579,36.55363, Private, HS-grad, Never-married, Craft-repair, Not-in-family, White, Female, United-States, <=50K
51.91925,105569.16,12.914006,-92.003365,7.378194,40.062817, Private, Bachelors, Married-civ-spouse, Exec-managerial, Husband, White, Male, United-States, >50K
51.507248,324144.28,9.953172,10730.928,1636.593,39.292206, Private, Some-college, Divorced, Tech-support, Not-in-family, White, Female, United-States, <=50K
19.672167,237758.42,10.016243,-497.91473,-17.597704,37.173183, Private, Some-college, Never-married, Transport-moving, Own-child, White, Female, United-States, >50K
22.684393,246957.52,11.125483,44.047115,-5.539958,35.705006, Private, Bachelors, Never-married, Sales, Own-child, White, Female, United-States, <=50K
41.91594,263718.25,9.948964,-571.0494,1535.8889,43.49867, Private, Some-college, Separated, Exec-managerial, Husband, White, Male, United-States, >50K
26.42781,-5472.7183,8.789603,23.591366,-10.334529,51.265007, Private, 12th, Married-civ-spouse, Sales, Husband, White, Male, United-States, <=50K
57.078026,205710.4,6.988356,5529.8374,15.4679,53.369102, Local-gov, 11th, Never-married, Transport-moving, Not-in-family, White, Female, United-States, >50K
36.725018,202200.11,14.778827,77.861015,-34.480442,37.66183, Private, Bachelors, Married-civ-spouse, Prof-specialty, Husband, White, Male, United-States, <=50K
30.057781,214803.34,8.914946,140.68347,1175.541,49.963688, Private, HS-grad, Never-married, Transport-moving, Own-child, White, Female, United-States, <=50K
43.9224,250057.7,8.967507,211.53143,25.372072,29.417265, Private, HS-grad, Divorced, Sales, Not-in-family, White, Female, United-States, <=50K
31.15648,235096.12,9.013771,12.051571,13.650128,45.28217, Self-emp-not-inc, HS-grad, Married-civ-spouse, Craft-repair, Husband, White, Male, United-States, <=50K
36.34027,84386.88,13.014384,156.43085,-10.001529,43.473423, Self-emp-inc, Bachelors, Married-civ-spouse, Exec-managerial, Husband, White, Male, United-States, >50K
22.815845,133470.47,9.097314,-246.87823,20.072569,22.648901, Private, HS-grad, Never-married, Machine-op-inspct, Own-child, White, Male, United-States, <=50K
37.64002,178207.47,10.041867,510.40295,-11.35155,44.874252, Private, Some-college, Married-civ-spouse, Exec-managerial, Husband, White, Male, United-States, >50K
24.637934,314277.1,8.949496,-227.86981,-8.522319,40.204, Private, HS-grad, Never-married, Craft-repair, Other-relative, White, Male, United-States, <=50K
52.57499,24720.203,9.072374,-96.387764,17.675642,24.275032, Private, HS-grad, Widowed, Farming-fishing, Not-in-family, White, Male, United-States, <=50K
39.998245,229974.52,13.945053,213.97968,-12.042354,47.159294, Private, Masters, Divorced, Prof-specialty, Not-in-family, White, Male, United-States, <=50K
23.322533,80510.11,12.953844,118.5194,33.768227,39.48525, Private, Bachelors, Married-civ-spouse, Craft-repair, Husband, White, Male, United-States, <=50K
44.616386,157819.9,10.693631,327.54907,-3.8884459,64.621864, Private, Some-college, Divorced, Exec-managerial, Not-in-family, White, Male, United-States, <=50K
56.87838,311561.88,8.896473,-111.34968,13.404431,36.414413, Private, HS-grad, Married-civ-spouse, Other-service, Husband, White, Male, United-States, >50K
27.49568,299732.94,9.988525,-30.64899,-3.8015165,48.411373, Private, Some-college, Married-civ-spouse, Craft-repair, Husband, White, Male, United-States, <=50K
30.540619,254855.92,9.412262,-32.92487,0.38126862,31.792852, Private, HS-grad, Never-married, Adm-clerical, Unmarried, White, Male, United-States, <=50K
37.871418,289334.5,10.999952,4970.3467,-28.69478,38.303337, Private, Assoc-voc, Never-married, Prof-specialty, Not-in-family, White, Female, United-States, <=50K
34.045895,176769.0,12.898833,272.9002,2.1069994,41.041283, Private, Bachelors, Never-married, Machine-op-inspct, Unmarried, White, Male, United-States, <=50K
19.801035,302959.94,7.168888,34.578854,-8.768016,23.37415, Private, 11th, Never-married, Sales, Own-child, White, Male, United-States, <=50K
41.421383,182950.47,9.023902,-109.4217,24.43641,31.292557, Private, HS-grad, Divorced, Machine-op-inspct, Unmarried, White, Male, United-States, <=50K
42.9541,214319.47,9.547769,-8.57465,3.3822222,29.528482, Private, Some-college, Divorced, Prof-specialty, Unmarried, White, Female, United-States, <=50K
52.195484,130176.27,9.949187,28073.03,-19.816874,54.026703, Private, Some-college, Never-married, Handlers-cleaners, Unmarried, White, Male, United-States, >50K
32.492905,122372.695,13.064035,5.460018,-3.030963,43.369034, Private, Bachelors, Married-civ-spouse, Prof-specialty, Husband, White, Male, United-States, <=50K
18.78728,326005.47,9.790359,-21.418766,-3.701045,41.164906, Private, Some-college, Never-married, Handlers-cleaners, Own-child, White, Male, United-States, <=50K
42.969734,265750.88,12.880082,327.11102,-14.594348,22.590714, State-gov, Bachelors, Never-married, ?, Not-in-family, White, Male, United-States, <=50K
31.1215,301319.72,9.475281,33.010067,-14.206668,43.695923, Private, Some-college, Married-civ-spouse, Transport-moving, Other-relative, White, Male, United-States, <=50K
21.525099,146171.72,9.529314,-66.893745,-20.488802,37.137627, Private, HS-grad, Never-married, Adm-clerical, Own-child, White, Female, United-States, <=50K
34.626785,342410.4,8.933951,134.89355,-8.285754,41.617073, Private, HS-grad, Never-married, Adm-clerical, Not-in-family, White, Male, United-States, <=50K
54.374413,141258.39,12.385051,-187.70367,22.45812,42.74953, Self-emp-inc, Bachelors, Married-civ-spouse, Exec-managerial, Husband, White, Male, United-States, <=50K
64.97175,86589.43,11.169581,158.72565,-25.557398,46.915043, Private, Bachelors, Divorced, Prof-specialty, Not-in-family, White, Male, United-States, <=50K
48.288494,489086.9,8.063869,178.20862,1550.0212,46.531628, Private, 12th, Married-civ-spouse, Sales, Husband, White, Male, United-States, >50K
50.368507,199874.67,13.015259,-115.17878,-2.4832716,33.480526, Local-gov, Bachelors, Married-civ-spouse, Prof-specialty, Husband, White, Male, United-States, >50K
33.062477,282920.28,12.757828,-57.10773,21.533636,55.468437, ?, Bachelors, Never-married, ?, Unmarried, White, Female, United-States, <=50K
40.87197,251150.86,10.059932,-189.16608,-22.216677,37.698647, Private, Some-college, Married-civ-spouse, Other-service, Own-child, White, Male, United-States, >50K
21.878046,149447.86,9.002967,-98.58393,15.163053,19.921753, Private, HS-grad, Never-married, Other-service, Unmarried, White, Female, United-States, <=50K
22.706913,323431.06,9.93018,125.75909,1.3508044,46.936142, Private, Some-college, Never-married, Sales, Not-in-family, White, Male, United-States, <=50K
27.873648,173594.02,4.083011,61.40472,6.878316,39.613857, Private, 12th, Never-married, Transport-moving, Own-child, White, Male, United-States, <=50K
30.691519,117738.984,12.960986,179.55908,3.848096,44.256557, Private, Bachelors, Married-civ-spouse, Exec-managerial, Husband, White, Male, United-States, >50K
39.453575,67023.38,8.93843,-192.26959,2.0710726,38.744236, Private, HS-grad, Widowed, Other-service, Unmarried, White, Female, United-States, <=50K
36.00419,251243.34,5.5561123,1766.7401,12.024632,40.016937, ?, 10th, Married-civ-spouse, ?, Husband, White, Male, United-States, <=50K
26.044024,136249.7,9.064555,50.348568,-0.30619323,40.786488, Private, HS-grad, Married-civ-spouse, Prof-specialty, Husband, White, Male, United-States, <=50K
48.630806,74425.22,12.855326,-2.513615,23.347952,38.18195, Private, Masters, Married-civ-spouse, Craft-repair, Husband, White, Male, United-States, <=50K
25.904856,120164.79,9.028132,-333.3399,6.969678,19.776749, Local-gov, HS-grad, Never-married, Sales, Own-child, White, Female, United-States, <=50K
45.895245,202453.38,12.617056,40.049618,2106.2493,46.717773, Private, Bachelors, Married-civ-spouse, Exec-managerial, Husband, White, Male, United-States, >50K
36.976677,152621.84,9.056771,149.27966,-4.1046476,36.698578, Private, HS-grad, Married-civ-spouse, Tech-support, Husband, White, Male, United-States, <=50K
21.128803,75703.57,7.266038,-368.5324,13.642201,30.379547, Private, 11th, Divorced, Craft-repair, Own-child, White, Male, United-States, <=50K
59.194633,74060.57,13.400802,1233.8009,-22.322443,57.598434, State-gov, Masters, Married-civ-spouse, Protective-serv, Husband, White, Male, United-States, <=50K
44.72065,283851.7,12.936113,145.68793,1.4627353,40.9789, Private, Bachelors, Married-civ-spouse, Exec-managerial, Husband, White, Male, United-States, >50K
24.591843,116368.39,10.019297,460.99164,-10.297107,46.492493, Private, Some-college, Widowed, Sales, Not-in-family, White, Male, United-States, <=50K
41.769165,501560.22,10.993399,-292.72455,-19.791277,39.453526, State-gov, Assoc-voc, Never-married, Prof-specialty, Not-in-family, White, Female, United-States, <=50K
55.567135,138823.02,5.7881603,305.9259,-4.2667265,42.21392, Private, 9th, Married-civ-spouse, Tech-support, Husband, White, Male, United-States, <=50K
37.58325,27284.219,9.007101,208.25,-0.7220181,37.373974, Private, HS-grad, Married-civ-spouse, Sales, Husband, White, Male, United-States, <=50K
59.922237,117131.06,7.0368853,93.02038,-19.59363,54.309372, Private, 11th, Married-civ-spouse, Sales, Husband, White, Male, United-States, >50K
19.033882,257587.06,9.925275,127.14855,-4.4106245,8.708811, Private, Some-college, Never-married, Adm-clerical, Own-child, White, Female, United-States, <=50K
35.30495,-35115.28,9.044277,2155.2058,878.97687,49.572163, Private, HS-grad, Married-civ-spouse, Craft-repair, Husband, White, Male, United-States, >50K
24.432615,107615.95,9.607,-5.1176186,-9.279666,45.14162, Private, Some-college, Never-married, Exec-managerial, Own-child, White, Female, United-States, <=50K
41.259216,175666.19,9.00726,14.291439,19.874662,29.322393, Private, HS-grad, Divorced, Sales, Not-in-family, White, Female, United-States, <=50K
23.922556,137097.34,12.095602,-231.53668,-31.653215,46.57756, Local-gov, Assoc-acdm, Never-married, Tech-support, Own-child, White, Male, United-States, <=50K
34.87287,288579.34,12.300673,53019.676,-59.77519,40.65898, Private, Masters, Never-married, Sales, Husband, White, Male, United-States, >50K
20.733814,71355.734,6.605219,-241.67462,27.58256,32.622547, Private, 12th, Never-married, Adm-clerical, Own-child, White, Male, United-States, <=50K
45.131832,111148.62,12.4250555,-17.206242,1589.7922,40.818333, Private, Assoc-acdm, Married-civ-spouse, Prof-specialty, Husband, White, Male, United-States, <=50K
51.95929,102390.06,9.036153,1.4872396,-0.32124603,52.379322, Private, HS-grad, Married-civ-spouse, Prof-specialty, Husband, White, Male, United-States, <=50K
18.320724,191244.8,9.046595,-80.522896,-3.7033339,27.48922, Private, HS-grad, Never-married, Sales, Own-child, White, Female, United-States, <=50K
29.549955,54459.594,8.987208,-132.64471,7.1927233,37.94713, Private, HS-grad, Married-civ-spouse, Transport-moving, Husband, White, Male, United-States, <=50K
53.747635,255020.48,12.932826,169.62384,-2.9693174,37.72458, Private, Bachelors, Married-civ-spouse, Exec-managerial, Husband, White, Male, United-States, >50K
24.746021,107223.42,9.048509,479.76587,-11.622897,40.551712, State-gov, HS-grad, Never-married, Adm-clerical, Unmarried, White, Female, United-States, <=50K
39.823154,103940.64,12.055163,3327.051,-6.8835325,34.257103, Private, Assoc-acdm, Married-civ-spouse, Craft-repair, Husband, White, Male, United-States, <=50K
33.56267,134366.86,8.980761,-361.59186,2.623311,44.56689, Local-gov, HS-grad, Never-married, Other-service, Own-child, White, Male, United-States, <=50K
17.011301,158260.64,9.99365,-165.90253,-11.609645,40.135017, Private, Some-college, Never-married, Sales, Own-child, White, Male, United-States, <=50K
26.488913,325387.06,9.130546,400.52386,-8.306201,44.116596, Private, Some-college, Married-civ-spouse, Other-service, Husband, White, Male, United-States, <=50K
46.614925,220204.02,8.988744,-104.13874,6.8162966,47.83785, Private, HS-grad, Married-civ-spouse, Farming-fishing, Husband, White, Male, United-States, <=50K
34.83224,122782.01,9.057031,68.12298,0.57726014,46.896744, Private, HS-grad, Married-civ-spouse, Protective-serv, Husband, White, Male, United-States, >50K
17.329758,159631.62,9.33185,307.3761,-20.495241,23.655264, Private, HS-grad, Never-married, Other-service, Own-child, White, Male, United-States, <=50K
51.462566,556978.4,8.911426,-154.76227,11.686963,14.387852, Private, HS-grad, Never-married, Sales, Unmarried, White, Female, United-States, <=50K
55.342796,188431.1,9.5215435,-337.8797,-1.8175076,43.05992, Self-emp-not-inc, HS-grad, Married-civ-spouse, Handlers-cleaners, Husband, White, Male, United-States, <=50K
38.004646,54129.266,9.012262,-245.58966,18.618315,45.996315, Self-emp-not-inc, HS-grad, Divorced, Farming-fishing, Not-in-family, White, Male, United-States, <=50K
47.89375,117294.47,13.687781,328.6068,-22.623583,43.906162, State-gov, Masters, Divorced, Adm-clerical, Unmarried, White, Female, United-States, <=50K
17.292698,227748.19,7.248707,209.82318,5.5117464,39.576454, Private, 9th, Never-married, Machine-op-inspct, Own-child, White, Female, United-States, <=50K
31.14316,115441.87,11.027163,7986.7646,0.2920047,48.708355, Private, Assoc-voc, Married-civ-spouse, Exec-managerial, Husband, White, Male, United-States, <=50K
54.30588,31986.375,9.018758,261.82214,6.300946,40.689598, Private, HS-grad, Married-civ-spouse, Adm-clerical, Husband, White, Male, United-States, <=50K
67.49462,260731.25,13.342238,176.1889,-15.811969,30.647066, ?, Masters, Married-civ-spouse, ?, Husband, White, Male, United-States, >50K
40.692047,244668.88,9.987359,221.65637,-2.6597548,37.336952, Private, Some-college, Divorced, Exec-managerial, Not-in-family, White, Female, United-States, <=50K
75.22883,14544.063,4.917812,16.478695,16.523993,64.75734, Self-emp-not-inc, 10th, Married-civ-spouse, Farming-fishing, Husband, White, Male, United-States, <=50K
29.152704,76407.83,11.573555,181.43585,-22.112032,32.342964, Private, Bachelors, Never-married, Sales, Not-in-family, White, Female, United-States, <=50K
33.406708,11841.579,9.002088,-184.51447,29.899626,25.940321, Private, HS-grad, Divorced, Handlers-cleaners, Own-child, White, Male, United-States, <=50K
44.11388,271702.03,9.002281,40.126095,2.2318926,40.35893, Private, HS-grad, Never-married, Machine-op-inspct, Not-in-family, White, Female, United-States, <=50K
22.109507,236786.66,8.964059,-4.252384,6.0799303,39.043533, Private, HS-grad, Never-married, Adm-clerical, Not-in-family, White, Female, United-States, <=50K
36.672123,91027.12,9.951506,157.77277,2.667203,48.277115, Private, Some-college, Married-civ-spouse, Transport-moving, Husband, White, Male, United-States, >50K
37.599247,89943.23,10.125549,242.8194,0.8070651,40.430935, Private, Some-college, Divorced, Adm-clerical, Not-in-family, White, Female, United-States, <=50K
41.856182,199286.17,10.040797,156.12372,-15.305629,44.858326, Private, Some-college, Married-civ-spouse, Sales, Husband, White, Male, United-States, <=50K
47.85044,103291.35,8.976088,-69.57795,12.964711,42.849373, Private, HS-grad, Married-civ-spouse, Transport-moving, Husband, White, Male, United-States, <=50K
60.125774,94713.555,8.973896,13.312923,10.400929,38.377144, Self-emp-not-inc, HS-grad, Married-civ-spouse, Adm-clerical, Husband, White, Male, United-States, <=50K
28.044523,138493.69,10.917351,-167.6994,-11.91022,55.69707, Private, Assoc-voc, Divorced, Other-service, Husband, White, Male, United-States, >50K
20.094543,245782.25,9.040112,-168.9129,2.2723665,40.102512, Private, HS-grad, Married-civ-spouse, Sales, Husband, White, Male, United-States, <=50K
68.23125,197426.55,14.877047,407.9453,-2.385974,60.37456, State-gov, Bachelors, Married-civ-spouse, ?, Husband, White, Male, United-States, >50K
34.24206,174222.1,10.469351,-26.234806,-18.232416,50.227512, Private, Assoc-voc, Married-civ-spouse, Prof-specialty, Husband, White, Male, United-States, >50K
55.6442,268148.7,10.023328,8474.449,-8.504237,40.892097, Self-emp-not-inc, Some-college, Divorced, Craft-repair, Not-in-family, White, Female, United-States, >50K
37.44892,176892.48,9.082423,-375.54144,31.69208,22.468264, Private, HS-grad, Never-married, Machine-op-inspct, Husband, White, Male, United-States, <=50K
30.630585,123902.734,8.9886875,-3.1935465,13.823621,36.942684, Private, HS-grad, Divorced, Other-service, Not-in-family, White, Male, United-States, <=50K
32.50578,299573.47,9.200699,36.52142,-35.70738,55.699635, Local-gov, Some-college, Married-civ-spouse, Exec-managerial, Husband, White, Male, United-States, <=50K
32.651012,343795.66,11.047346,835.4265,-18.51349,43.777763, Private, Assoc-voc, Married-civ-spouse, Sales, Husband, White, Male, United-States, <=50K
25.49627,158850.81,9.04049,98.13262,2.4085283,48.44165, Private, HS-grad, Married-civ-spouse, Sales, Husband, White, Male, United-States, <=50K
49.266388,212284.67,9.075934,641.70953,35.41774,38.14302, Private, HS-grad, Divorced, Craft-repair, Unmarried, White, Male, United-States, <=50K
26.336636,148918.7,9.071891,390.3686,17.014532,33.62435, Private, HS-grad, Separated, Adm-clerical, Own-child, White, Female, United-States, <=50K
47.399887,119784.02,9.003073,839.8549,-15.8343,30.596891, State-gov, HS-grad, Married-civ-spouse, Adm-clerical, Wife, White, Female, United-States, <=50K
35.035942,127084.44,3.5016518,-356.01935,21.566916,41.17891, Private, 12th, Never-married, Transport-moving, Unmarried, White, Male, United-States, <=50K
28.62606,228419.72,11.891695,-25.867252,-12.902835,36.984142, Private, Assoc-acdm, Never-married, Other-service, Own-child, White, Male, United-States, <=50K
48.655773,147210.05,9.04468,213.46228,6.133847,34.59126, Private, HS-grad, Married-civ-spouse, Sales, Husband, White, Male, United-States, <=50K
29.595976,157212.45,7.303942,-377.66705,6.1787004,41.503693, Private, HS-grad, Married-civ-spouse, Handlers-cleaners, Husband, White, Male, United-States, <=50K
58.408337,852274.6,5.4321527,64.266594,-4.7736006,48.182457, Private, 10th, Married-civ-spouse, Other-service, Husband, White, Male, United-States, <=50K
35.47863,317313.06,7.919271,-237.1142,3.2812471,41.66954, Private, 11th, Never-married, Sales, Not-in-family, White, Male, United-States, <=50K
46.2597,128715.85,8.995251,185.19,-11.613566,39.72736, Private, HS-grad, Divorced, Exec-managerial, Other-relative, White, Female, United-States, <=50K
21.866201,126306.06,10.089448,-80.42292,11.483708,54.84049, Private, Some-college, Married-civ-spouse, Craft-repair, Husband, White, Male, United-States, <=50K
60.294746,90945.15,8.976013,245.76624,-3.1345396,30.767933, Private, HS-grad, Never-married, Handlers-cleaners, Not-in-family, White, Male, United-States, <=50K
71.95153,132244.42,12.358333,-153.0373,0.03709136,6.9922733, Private, Assoc-acdm, Divorced, Farming-fishing, Not-in-family, White, Male, United-States, <=50K
36.929432,218387.03,10.3585415,-379.08734,-12.448245,44.519554, Local-gov, Assoc-voc, Married-civ-spouse, Prof-specialty, Husband, White, Male, United-States, >50K
24.202515,125985.51,10.163568,-287.98212,-15.420184,38.700012, Local-gov, Some-college, Never-married, Sales, Own-child, White, Male, United-States, <=50K
32.11037,254986.9,4.4942784,-133.21527,62.701225,32.50563, Private, 12th, Married-civ-spouse, Other-service, Other-relative, White, Female, United-States, <=50K
29.470543,231710.14,8.230296,138.8266,20.582144,31.10879, ?, 12th, Separated, ?, Own-child, White, Male, United-States, <=50K
35.19731,314187.38,7.538882,-336.6988,62.25327,38.632427, Federal-gov, 12th, Divorced, Other-service, Not-in-family, White, Male, United-States, <=50K
45.4303,244511.16,9.005005,-67.549385,11.554158,39.75172, Private, HS-grad, Divorced, Prof-specialty, Not-in-family, White, Female, United-States, <=50K
60.05062,147144.28,10.451386,288.74115,-9.768687,31.121933, Private, Some-college, Divorced, Craft-repair, Unmarried, White, Male, United-States, >50K
41.35211,150651.05,8.981826,-7.1384926,996.1673,16.977644, Private, HS-grad, Married-civ-spouse, Handlers-cleaners, Husband, White, Female, United-States, <=50K
62.55865,293986.97,15.70462,179.42303,13.403958,39.842213, Private, Bachelors, Divorced, Protective-serv, Not-in-family, White, Male, United-States, <=50K
32.994255,296832.66,13.958431,-3.0109293,-6.6639357,41.07495, Private, Masters, Married-civ-spouse, Prof-specialty, Husband, White, Male, United-States, <=50K
19.062069,324547.62,9.932051,154.26697,-8.156199,32.11463, Private, Some-college, Never-married, Sales, Own-child, White, Male, United-States, <=50K
30.521145,85290.11,9.044796,-34.933903,-7.559825,51.399094, Private, HS-grad, Married-civ-spouse, Machine-op-inspct, Wife, White, Female, United-States, >50K
32.702553,184863.95,8.960245,-23.585758,-14.359431,41.476776, Private, HS-grad, Married-civ-spouse, Other-service, Husband, White, Male, United-States, <=50K
29.769424,219354.58,8.979386,-111.46186,37.87297,27.809664, Private, HS-grad, Divorced, Other-service, Unmarried, White, Male, United-States, <=50K
39.766155,125717.82,7.854982,-304.9394,-12.788409,36.75556, Self-emp-inc, 9th, Divorced, Prof-specialty, Unmarried, White, Female, United-States, <=50K
15.701995,107097.71,6.7379675,-140.68817,0.47774994,15.062847, Private, 11th, Never-married, Sales, Not-in-family, White, Female, United-States, <=50K
40.978592,98912.84,9.991109,145.37799,-13.159305,45.798023, Private, Some-college, Never-married, Sales, Not-in-family, White, Female, United-States, <=50K
42.811634,208596.75,4.1900997,-226.47113,29.24895,24.535707, Self-emp-not-inc, 10th, Divorced, Craft-repair, Not-in-family, White, Female, United-States, <=50K
48.658768,191527.27,13.834886,1283.8717,-14.832156,50.381077, Private, Bachelors, Married-civ-spouse, Prof-specialty, Husband, White, Male, United-States, <=50K
46.967754,144807.3,9.068333,-219.63751,-19.407091,57.28041, Private, HS-grad, Divorced, Exec-managerial, Not-in-family, White, Female, United-States, >50K
27.114458,158757.12,13.120726,113.6831,3.0383425,35.966858, Private, Bachelors, Married-civ-spouse, Adm-clerical, Other-relative, White, Male, United-States, <=50K
22.54181,87791.74,7.420567,-342.84113,12.988118,33.86178, Private, Assoc-voc, Never-married, Other-service, Not-in-family, White, Female, United-States, <=50K
29.743526,150642.67,10.71134,142.45868,-23.572374,36.849434, Private, Bachelors, Never-married, Sales, Own-child, White, Female, United-States, <=50K
34.799034,266436.22,12.967915,28.307064,-4.737094,41.82057, Private, Bachelors, Married-civ-spouse, Handlers-cleaners, Husband, White, Male, United-States, <=50K
50.38105,-15746.608,11.111026,319.61603,5.3759966,78.49061, Federal-gov, Assoc-acdm, Widowed, Other-service, Not-in-family, White, Male, United-States, <=50K
49.478752,179631.77,9.916773,3007.2512,-16.962282,44.06563, Private, Some-college, Married-civ-spouse, Sales, Husband, White, Male, United-States, <=50K
34.29356,168654.69,10.060262,187.1026,0.4778186,44.277565, State-gov, Some-college, Divorced, Adm-clerical, Unmarried, White, Female, United-States, <=50K
22.886568,380666.88,4.5165944,88.34319,1810.5667,39.07072, ?, 12th, Never-married, ?, Not-in-family, White, Male, United-States, <=50K
31.93792,46222.625,15.325839,129.95874,-9.937175,51.002224, Private, Masters, Married-civ-spouse, Handlers-cleaners, Husband, White, Male, United-States, >50K
26.964025,185682.97,10.14845,-97.8559,1969.2239,38.14264, Private, Some-college, Never-married, Exec-managerial, Own-child, White, Male, United-States, <=50K
33.68354,287398.5,9.051541,-489.51947,10.74278,42.907013, Private, HS-grad, Married-civ-spouse, Handlers-cleaners, Husband, White, Male, United-States, <=50K
37.176018,306819.88,8.462459,165.44458,-15.114619,44.65175, Private, HS-grad, Married-civ-spouse, Adm-clerical, Husband, White, Male, United-States, <=50K
33.141632,119826.89,11.825604,107.52526,12.414586,38.960945, Private, Assoc-voc, Married-civ-spouse, Craft-repair, Husband, White, Male, United-States, <=50K
28.78492,223342.61,9.081553,-14.259953,-28.975359,88.09003, Private, HS-grad, Married-civ-spouse, Exec-managerial, Wife, White, Female, United-States, >50K
45.270123,268911.5,12.111402,-104.116646,-15.480319,43.475483, Self-emp-not-inc, Assoc-acdm, Married-civ-spouse, Craft-repair, Husband, White, Male, United-States, <=50K
36.844406,301648.0,4.7192125,-330.9433,-3.2077131,39.908447, Private, 11th, Never-married, Transport-moving, Unmarried, White, Female, United-States, <=50K
52.197872,141581.77,10.030934,188.35278,-16.509027,68.244064, Private, Some-college, Married-civ-spouse, Sales, Husband, White, Male, United-States, <=50K
33.298702,308574.38,9.484606,-201.7735,-6.763278,20.798763, Private, Some-college, Never-married, Sales, Unmarried, White, Female, United-States, <=50K
18.47787,198368.05,9.296424,-372.59515,0.838338,38.150826, Private, HS-grad, Never-married, Handlers-cleaners, Own-child, White, Male, United-States, <=50K
29.379976,126340.61,11.239197,91.12768,-11.845149,27.092127, Local-gov, Some-college, Never-married, Adm-clerical, Not-in-family, White, Female, United-States, <=50K
21.565193,209790.6,10.1017685,932.6068,-23.78708,34.024994, Federal-gov, Some-college, Never-married, Adm-clerical, Own-child, White, Male, United-States, <=50K
42.131844,207335.97,8.920418,-4.462467,13.031331,35.795547, Private, HS-grad, Divorced, Adm-clerical, Not-in-family, White, Female, United-States, <=50K
27.566784,216171.16,4.4967337,145.867,8.877622,35.447075, Private, 11th, Never-married, Sales, Unmarried, White, Female, United-States, <=50K
38.532635,325908.78,9.002102,-295.51434,-6.0866346,42.930157, Private, HS-grad, Never-married, Protective-serv, Not-in-family, White, Male, United-States, <=50K
53.877243,228645.28,12.850421,-110.888985,36.4695,38.605595, Private, Bachelors, Divorced, Craft-repair, Not-in-family, White, Male, United-States, <=50K
54.15269,71315.516,11.6845875,202.05096,4.7884035,33.85456, Private, Assoc-acdm, Divorced, Other-service, Unmarried, White, Female, United-States, <=50K
25.495272,186516.92,6.9480233,-55.026432,6.3533983,38.908325, Private, 11th, Never-married, Other-service, Unmarried, White, Female, United-States, <=50K
19.960995,176954.45,9.062014,563.2036,-10.557956,43.5723, Private, HS-grad, Never-married, Craft-repair, Own-child, White, Male, United-States, >50K
63.111572,339006.22,12.465045,70114.91,55.93181,50.186287, Local-gov, Bachelors, Divorced, Prof-specialty, Not-in-family, White, Female, United-States, >50K
40.010902,195134.08,6.753981,-288.57135,0.88374054,42.35128, Private, 11th, Never-married, Machine-op-inspct, Not-in-family, White, Female, United-States, >50K
44.063484,180432.92,10.886849,441.41235,-7.0198927,43.325634, Local-gov, Assoc-voc, Married-civ-spouse, Protective-serv, Husband, White, Male, United-States, <=50K
82.04813,331735.56,7.5026007,-563.4311,-27.2334,10.194769, Private, Assoc-voc, Never-married, Other-service, Not-in-family, White, Female, United-States, <=50K
23.111752,174362.72,9.70177,56.14288,1.5287677,32.572315, Private, Some-college, Never-married, Other-service, Own-child, White, Male, United-States, <=50K
40.56182,156602.38,13.278234,-215.79901,-20.351435,46.889416, Local-gov, Bachelors, Never-married, Prof-specialty, Not-in-family, White, Female, United-States, <=50K
18.659637,280767.66,10.109062,107.26733,-5.448642,33.175255, State-gov, Some-college, Never-married, Prof-specialty, Not-in-family, White, Female, United-States, <=50K
26.441954,122641.45,11.894264,200.7605,1746.825,53.515484, Private, Assoc-acdm, Married-civ-spouse, Transport-moving, Husband, White, Male, United-States, >50K
27.612629,181857.89,10.046067,-41.793034,-15.306399,34.2782, ?, Some-college, Married-civ-spouse, ?, Husband, White, Male, United-States, <=50K
44.340355,57349.17,9.106928,3042.1953,-24.423708,55.821316, Private, HS-grad, Married-civ-spouse, Exec-managerial, Husband, White, Male, United-States, >50K
41.402832,94535.555,10.933758,649.7202,-24.916224,50.29539, Private, Assoc-voc, Married-civ-spouse, Tech-support, Husband, White, Male, United-States, <=50K
28.831697,119830.305,9.005019,2220.893,7.2071123,48.55159, Private, HS-grad, Never-married, Adm-clerical, Unmarried, White, Female, United-States, <=50K
25.323769,174847.67,13.011904,-24.26508,-1.7281598,45.6404, Private, Bachelors, Married-civ-spouse, Prof-specialty, Husband, White, Male, United-States, <=50K
29.394844,129577.81,12.949185,61.147213,4.991666,47.83178, Private, Bachelors, Never-married, Prof-specialty, Not-in-family, White, Female, United-States, <=50K
42.00302,144550.72,10.208766,33.771603,14.413747,39.671974, Private, Some-college, Divorced, Craft-repair, Unmarried, White, Male, United-States, <=50K
38.328568,242307.61,9.1328125,-171.94489,13.524915,25.413382, Private, HS-grad, Never-married, Prof-specialty, Not-in-family, White, Male, United-States, <=50K
46.956024,114405.27,9.096734,13016.205,45.291336,47.157124, Private, HS-grad, Divorced, Other-service, Husband, White, Male, United-States, >50K
25.424242,96998.16,10.04801,251.32715,2.7663012,41.49842, Private, Some-college, Married-civ-spouse, Sales, Husband, White, Male, United-States, <=50K
38.10547,36925.156,13.035819,1353.128,-6.215213,43.978542, Private, Bachelors, Married-civ-spouse, Exec-managerial, Husband, White, Male, United-States, >50K
60.446007,343459.53,2.9842916,229.7055,2111.5237,38.44279, Private, 12th, Divorced, Adm-clerical, Unmarried, White, Female, United-States, <=50K
29.151247,249848.81,10.982699,852.7335,-13.126979,46.170776, Private, Assoc-voc, Divorced, Adm-clerical, Unmarried, White, Female, United-States, <=50K
72.214554,205044.64,9.922273,-27.937443,2.038556,11.8194275, Federal-gov, Some-college, Married-civ-spouse, Exec-managerial, Husband, White, Male, United-States, <=50K
26.994503,39827.656,10.018863,162.69385,13.012219,32.88312, ?, Some-college, Never-married, ?, Not-in-family, White, Male, United-States, <=50K
29.703749,114380.22,10.362427,296.51996,-4.676982,48.15589, State-gov, Some-college, Never-married, Adm-clerical, Not-in-family, White, Male, United-States, <=50K
34.011135,172646.03,7.554349,-26.670353,22.35256,38.322285, Private, 12th, Never-married, Adm-clerical, Unmarried, White, Female, United-States, <=50K
34.839127,25331.89,10.0002985,91.67449,28.826334,36.45014, ?, Some-college, Divorced, ?, Unmarried, White, Female, United-States, <=50K
28.467426,416146.1,12.956596,221.32935,-17.088,37.46825, Private, Bachelors, Never-married, Prof-specialty, Own-child, White, Male, United-States, <=50K
24.913956,270149.8,9.777506,461.85535,-14.320987,41.515766, Private, Some-college, Never-married, Exec-managerial, Not-in-family, White, Male, United-States, <=50K
30.66492,365137.84,10.83253,605.09753,-14.593051,63.75612, Private, Assoc-voc, Married-civ-spouse, Exec-managerial, Husband, White, Male, United-States, <=50K
22.144539,353159.22,12.87932,4462.1484,-9.666896,45.08013, Private, Bachelors, Married-civ-spouse, Prof-specialty, Husband, White, Male, United-States, >50K
31.915447,104445.0,8.558478,-128.91705,10.725545,35.34334, Private, HS-grad, Married-civ-spouse, Craft-repair, Husband, White, Male, United-States, >50K
36.080986,28712.953,9.119775,-307.99994,-12.966144,59.886738, Private, Some-college, Never-married, Other-service, Unmarried, White, Female, United-States, <=50K
24.714298,217706.1,6.3896513,-44.98029,18.281294,0.17136943, ?, 10th, Married-civ-spouse, ?, Own-child, White, Female, United-States, <=50K
33.747986,151908.06,9.044785,-116.833565,8.078542,38.334793, Private, HS-grad, Divorced, Machine-op-inspct, Not-in-family, White, Female, United-States, <=50K
52.57659,290016.44,9.894972,8023.2817,14.395024,31.726635, ?, Some-college, Married-civ-spouse, ?, Husband, White, Male, United-States, <=50K
29.476093,229464.31,9.01486,93.65942,4.304021,45.633404, Private, HS-grad, Married-civ-spouse, Prof-specialty, Husband, White, Male, United-States, <=50K
42.751152,180247.25,6.1537604,112.29949,-14.582843,68.61522, Private, 9th, Married-civ-spouse, Sales, Husband, White, Male, United-States, <=50K
53.84045,163354.1,8.924334,17.598812,5.729512,36.416523, Private, HS-grad, Divorced, Exec-managerial, Unmarried, White, Female, United-States, <=50K
29.638006,52035.39,12.777462,83.105644,14.214704,35.587402, Private, Bachelors, Never-married, Other-service, Unmarried, White, Female, United-States, <=50K
34.300087,242200.55,12.439249,-86.1269,7.495267,43.04953, State-gov, Bachelors, Married-civ-spouse, Machine-op-inspct, Husband, White, Male, United-States, <=50K
34.22633,233204.9,10.043176,405.16638,-16.486452,40.176174, Private, Some-college, Separated, Prof-specialty, Other-relative, White, Male, United-States, >50K
32.60311,96840.5,9.03798,96.14959,-13.138385,33.659237, Private, HS-grad, Married-civ-spouse, Sales, Husband, White, Male, United-States, <=50K
57.854378,3141.1726,11.10243,94.87823,11.7373705,27.98435, ?, Assoc-voc, Married-civ-spouse, ?, Husband, White, Male, United-States, <=50K
60.143772,132038.61,13.262237,252.12274,2.8491945,37.709385, Private, Bachelors, Married-civ-spouse, Prof-specialty, Husband, White, Male, United-States, >50K
41.996872,80146.09,13.018877,85.898,-15.587665,50.954597, Self-emp-not-inc, Bachelors, Never-married, Prof-specialty, Unmarried, White, Female, United-States, <=50K
48.88717,142608.08,9.933231,-44.54218,0.73106873,43.804134, State-gov, Some-college, Separated, Adm-clerical, Not-in-family, White, Female, United-States, >50K
39.68671,146249.75,13.806831,288.90955,0.21145354,46.12715, Private, Masters, Married-civ-spouse, Craft-repair, Husband, White, Male, United-States, >50K
51.236755,93047.016,8.953247,121.478264,-4.69897,52.28479, Private, HS-grad, Never-married, Exec-managerial, Not-in-family, White, Female, United-States, <=50K
35.497005,417192.44,12.899592,208.2876,-16.08246,39.68644, ?, Masters, Married-civ-spouse, ?, Husband, White, Male, United-States, >50K
34.94595,202704.1,9.036597,-63.162174,-5.2416334,49.630936, Private, HS-grad, Married-civ-spouse, Adm-clerical, Wife, White, Female, United-States, <=50K
41.869877,188304.67,6.1004267,-147.39374,-9.931537,36.57304, Private, 11th, Widowed, Other-service, Unmarried, White, Male, United-States, <=50K
27.896706,14919.407,9.011494,-28.33051,2.5621996,37.89169, Private, HS-grad, Never-married, Adm-clerical, Unmarried, White, Female, United-States, <=50K
31.992266,153565.64,8.991804,92.60589,9.213689,44.208244, Private, HS-grad, Married-civ-spouse, Transport-moving, Husband, White, Male, United-States, <=50K
40.996513,183352.69,12.927474,1462.5187,-15.19453,47.23949, Private, Bachelors, Married-civ-spouse, Exec-managerial, Husband, White, Male, United-States, >50K
18.263742,83574.63,9.947637,109.20318,-3.6693754,9.11911, Private, Some-college, Never-married, Other-service, Not-in-family, White, Female, United-States, <=50K
15.421138,180383.44,9.998186,-35.63715,5.157361,8.500399, Private, Some-college, Never-married, Other-service, Own-child, White, Female, United-States, <=50K
26.47342,411741.8,9.015754,18.090633,-6.7626066,38.154564, Private, HS-grad, Never-married, Adm-clerical, Not-in-family, White, Male, United-States, <=50K
59.34149,327671.4,9.778498,-258.74213,59.867943,57.390076, Private, HS-grad, Married-civ-spouse, Other-service, Husband, White, Male, United-States, >50K
43.31232,99658.09,9.295294,-34.50812,30.288687,43.38599, ?, Some-college, Married-civ-spouse, ?, Husband, White, Male, United-States, <=50K
31.968458,150941.11,9.018806,-38.31928,6.35159,49.278725, Private, HS-grad, Married-civ-spouse, Craft-repair, Husband, White, Male, United-States, <=50K
21.169506,64535.53,10.034219,-6.2890053,7.26328,31.4963, ?, Some-college, Never-married, ?, Own-child, White, Female, United-States, <=50K
64.86072,235658.9,8.949698,-103.659615,11.775228,36.796303, Private, HS-grad, Married-civ-spouse, Other-service, Husband, White, Male, United-States, <=50K
38.444954,107935.586,8.964957,-127.162056,15.044583,29.354933, Private, HS-grad, Divorced, Adm-clerical, Own-child, White, Male, United-States, <=50K
16.838467,261383.81,12.832589,175.57202,0.36062348,11.73797, Private, Bachelors, Never-married, Handlers-cleaners, Not-in-family, White, Male, United-States, <=50K
33.067165,429451.0,10.029273,244.90399,-7.6369276,43.86109, State-gov, Some-college, Married-civ-spouse, Protective-serv, Husband, White, Male, United-States, <=50K
23.819544,194247.86,9.021833,258.0429,8.488454,26.438, Private, HS-grad, Never-married, Sales, Unmarried, White, Male, United-States, <=50K
44.543716,365771.4,9.973475,225.8346,-29.682436,44.07972, Private, Some-college, Never-married, Exec-managerial, Not-in-family, White, Female, United-States, <=50K
27.319223,13921.86,10.052596,336.6532,1.408826,46.442173, State-gov, Some-college, Married-civ-spouse, Sales, Husband, White, Male, United-States, <=50K
36.77645,112719.3,9.973741,-49.66132,12.848447,47.336353, Private, Some-college, Divorced, Sales, Unmarried, White, Female, United-States, <=50K
51.139805,241755.11,8.135974,-224.81708,-17.872293,37.11591, Private, 12th, Widowed, Sales, Unmarried, White, Female, United-States, <=50K
29.26182,310476.94,9.522366,-345.19305,1235.5714,39.261574, Private, HS-grad, Never-married, Prof-specialty, Not-in-family, White, Male, United-States, <=50K
26.90778,276788.12,9.956628,370.40088,1.7705432,44.489513, Private, Some-college, Never-married, Craft-repair, Not-in-family, White, Male, United-States, <=50K
35.44709,127276.06,8.992754,2188.6418,17.366629,37.679928, Private, HS-grad, Divorced, Sales, Unmarried, White, Female, United-States, <=50K
36.07999,205457.84,9.569256,33.115353,29.752378,35.41267, Private, Some-college, Widowed, Other-service, Unmarried, White, Female, United-States, <=50K
23.47393,184857.67,6.3760877,589.22986,-15.4707365,24.127417, Private, 11th, Separated, Other-service, Not-in-family, White, Female, United-States, <=50K
36.95438,197707.05,9.114567,-19.649723,-1.0013913,41.772194, Self-emp-not-inc, HS-grad, Married-civ-spouse, Sales, Husband, White, Male, United-States, <=50K
26.692848,294960.44,9.915102,323.86847,-4.6292753,36.291477, Private, Some-college, Never-married, Transport-moving, Own-child, White, Male, United-States, <=50K
44.962337,169758.02,8.979376,12526.56,28.817034,42.414265, Private, HS-grad, Married-civ-spouse, Adm-clerical, Husband, White, Male, United-States, <=50K
32.6298,108981.3,10.93923,186.8374,-3.9715834,39.439087, Private, Assoc-voc, Never-married, Adm-clerical, Own-child, White, Female, United-States, <=50K
42.23966,337243.78,10.042639,131.4552,-29.376856,41.08552, Self-emp-inc, Some-college, Never-married, Sales, Not-in-family, White, Male, United-States, <=50K
50.8637,291099.2,9.035383,221.00665,2.0459414,29.869255, Private, HS-grad, Married-civ-spouse, Adm-clerical, Husband, White, Male, United-States, <=50K
16.629349,289065.1,9.043586,107.69421,11.674405,28.839586, Private, HS-grad, Never-married, Sales, Own-child, White, Female, United-States, <=50K
25.259594,298612.66,9.0231905,173.61725,-0.124148265,47.36202, Private, HS-grad, Never-married, Craft-repair, Not-in-family, White, Male, United-States, <=50K
36.04681,91215.125,8.978129,40.30688,15.99439,35.70891, Private, HS-grad, Widowed, Other-service, Not-in-family, White, Female, United-States, <=50K
42.000256,143885.81,12.015328,198.1549,1.5019122,43.271275, Private, Assoc-acdm, Never-married, Prof-specialty, Not-in-family, White, Female, United-States, <=50K
21.385204,215897.86,9.164971,766.40027,-6.262988,46.82193, Private, HS-grad, Never-married, Craft-repair, Not-in-family, White, Male, United-States, <=50K
36.495056,223055.16,12.061089,149.77747,7.2795305,52.84039, Private, Assoc-acdm, Married-civ-spouse, Exec-managerial, Husband, White, Male, United-States, >50K
16.842985,437279.84,8.692495,61.354427,6.928792,40.512352, Private, HS-grad, Never-married, Handlers-cleaners, Other-relative, White, Female, United-States, <=50K
27.854374,179948.42,12.796483,126.80773,0.56101716,55.955524, Private, Bachelors, Never-married, Sales, Not-in-family, White, Female, United-States, <=50K
38.458866,210893.81,9.916835,-147.0445,-2.136592,42.187485, Private, Some-college, Divorced, Transport-moving, Unmarried, White, Female, United-States, >50K
41.68139,298530.25,9.000975,131.35327,-1.8271741,39.36858, Private, HS-grad, Married-civ-spouse, Other-service, Husband, White, Male, United-States, <=50K
22.272463,260447.28,7.040332,-88.239204,0.09929381,38.36379, Private, 11th, Never-married, Craft-repair, Own-child, White, Male, United-States, <=50K
39.467766,122221.31,13.497423,112.42022,-4.8315535,44.227417, Private, Masters, Married-civ-spouse, Handlers-cleaners, Husband, White, Male, United-States, <=50K
54.761513,195460.39,6.904891,242.0174,0.433591,32.678574, Private, 11th, Never-married, Sales, Not-in-family, White, Male, United-States, >50K
49.279015,155385.31,10.025099,73.3236,9.370542,40.656624, Private, Some-college, Married-civ-spouse, Craft-repair, Husband, White, Male, United-States, <=50K
19.841875,259676.53,9.805491,76.79412,-19.993158,47.452366, Private, Some-college, Never-married, Sales, Unmarried, White, Female, United-States, <=50K
45.1302,217026.38,9.011775,38.155148,-4.273303,38.91387, Private, HS-grad, Married-civ-spouse, Other-service, Husband, White, Male, United-States, <=50K
39.10778,228334.39,9.128405,-189.7038,-8.411838,37.82823, Local-gov, HS-grad, Married-civ-spouse, Tech-support, Husband, White, Male, United-States, <=50K
26.58729,205037.7,8.98345,-87.931465,6.9325686,40.078968, Private, HS-grad, Never-married, Exec-managerial, Own-child, White, Male, United-States, <=50K
48.60989,205450.75,8.974126,208.88849,-19.063341,38.4379, Federal-gov, HS-grad, Never-married, Other-service, Unmarried, White, Male, United-States, >50K
13.884654,272830.94,8.96079,51.523067,3.7892427,22.371553, Private, HS-grad, Never-married, Handlers-cleaners, Own-child, White, Female, United-States, <=50K
44.08183,158671.56,11.076025,44.25842,-37.556904,26.150059, Private, Assoc-voc, Divorced, Prof-specialty, Husband, White, Female, United-States, <=50K
37.019295,306131.53,10.044801,-18.83759,-18.251886,43.225323, Private, Some-college, Married-civ-spouse, Adm-clerical, Husband, White, Male, United-States, >50K
19.143682,271499.3,12.97698,-122.16596,0.500867,25.577347, Private, Bachelors, Never-married, Prof-specialty, Own-child, White, Female, United-States, <=50K
22.869514,155044.89,10.003759,184.96246,-1.8318051,41.76986, Private, Some-college, Never-married, Adm-clerical, Not-in-family, White, Female, United-States, <=50K
17.981373,252701.62,6.0102887,-167.46259,4.7888613,30.50985, Private, 10th, Never-married, Handlers-cleaners, Other-relative, White, Male, United-States, <=50K
32.859287,138439.72,10.066957,-30.60529,6.950345,30.114632, State-gov, Some-college, Married-civ-spouse, Adm-clerical, Husband, White, Male, United-States, <=50K
34.48771,229709.56,9.015739,-78.443794,4.658986,43.311184, Private, HS-grad, Married-civ-spouse, Transport-moving, Husband, White, Male, United-States, >50K
45.118126,109331.76,6.309536,1520.7915,-41.227047,39.040524, State-gov, 9th, Never-married, Transport-moving, Not-in-family, White, Male, United-States, <=50K
51.78721,84863.445,10.45659,5.17181,967.4592,40.695568, Private, Bachelors, Never-married, Other-service, Own-child, White, Male, United-States, <=50K
40.39366,205001.88,11.7211275,200.71124,28.387434,42.791653, Private, Bachelors, Divorced, ?, Other-relative, White, Male, United-States, <=50K
21.745611,171055.81,8.966802,-89.97822,6.520383,22.337254, Private, HS-grad, Never-married, Handlers-cleaners, Own-child, White, Male, United-States, <=50K
42.32984,106466.52,12.993294,259.0782,19.396109,34.173714, Private, Bachelors, Divorced, Craft-repair, Unmarried, White, Male, United-States, <=50K
67.74106,150325.34,9.993924,-48.353947,-8.1061735,36.662632, Private, Some-college, Married-civ-spouse, Craft-repair, Husband, White, Male, United-States, <=50K
40.248528,105327.664,10.111731,565.3902,48.817726,29.511316, Local-gov, Some-college, Divorced, Adm-clerical, Unmarried, White, Female, United-States, <=50K
46.238117,122574.875,12.989611,-42.471867,2.847684,45.664436, Private, Bachelors, Married-civ-spouse, Adm-clerical, Husband, White, Male, United-States, <=50K
29.812037,168319.95,5.602725,-222.43573,10.901967,45.694786, Private, 9th, Never-married, Adm-clerical, Not-in-family, White, Female, United-States, <=50K
29.751266,144621.69,8.923379,-161.15631,-3.5528288,41.17513, Private, HS-grad, Married-civ-spouse, Adm-clerical, Husband, White, Male, United-States, <=50K
45.57548,210512.67,12.302438,130027.78,-75.20338,49.525757, Private, Bachelors, Married-civ-spouse, Sales, Husband, White, Male, United-States, >50K
47.891655,251250.58,12.883783,79.40356,0.9171268,45.53596, Private, Bachelors, Married-civ-spouse, Exec-managerial, Husband, White, Male, United-States, >50K
30.164766,264157.88,4.7802725,91.57189,10.515531,25.131018, Private, 12th, Divorced, Exec-managerial, Unmarried, White, Female, United-States, <=50K
48.98474,88084.78,12.965063,172.55487,-11.175235,59.84975, Self-emp-inc, Bachelors, Married-civ-spouse, Exec-managerial, Unmarried, White, Male, United-States, >50K
33.501858,183367.97,5.310446,-50.729557,-2.159648,-11.6569195, Private, 9th, Never-married, Other-service, Own-child, White, Female, United-States, <=50K
32.445435,142386.98,9.105243,-130.02826,-13.527148,48.209084, Private, HS-grad, Never-married, Machine-op-inspct, Not-in-family, White, Male, United-States, >50K
31.976208,242951.86,9.0189,40.718075,7.208638,54.356934, Private, HS-grad, Married-civ-spouse, Craft-repair, Husband, White, Male, United-States, <=50K
25.259312,134922.58,12.872609,125.58465,30.643137,64.73778, Private, Bachelors, Never-married, Transport-moving, Unmarried, White, Male, United-States, <=50K
53.95617,252639.72,10.907586,3460.2427,37.7196,41.95404, Private, Assoc-voc, Divorced, Handlers-cleaners, Not-in-family, White, Male, United-States, >50K
35.54681,233275.28,12.360382,-571.81195,1924.8964,36.84623, Local-gov, Bachelors, Married-civ-spouse, Prof-specialty, Wife, White, Female, United-States, <=50K
69.28683,224128.48,13.262273,279.04523,-8.309642,53.626545, Private, Bachelors, Married-civ-spouse, Transport-moving, Husband, White, Male, United-States, <=50K
45.58595,207185.2,13.185707,139.13214,-1.8839673,42.153587, Private, Masters, Married-civ-spouse, Sales, Husband, White, Male, United-States, >50K
20.932028,209372.55,9.04598,62.645382,5.294606,44.618294, Private, HS-grad, Never-married, Tech-support, Not-in-family, White, Female, United-States, <=50K
34.64834,160775.94,6.656079,-299.3122,2.1132631,57.808495, Private, 11th, Married-civ-spouse, Exec-managerial, Husband, White, Male, United-States, >50K
37.175144,143606.5,9.924498,-165.19391,9.9789095,56.616783, Private, Some-college, Married-civ-spouse, Craft-repair, Husband, White, Male, United-States, <=50K
31.072687,119553.625,12.950795,-4.21735,12.888944,36.278492, Private, Bachelors, Never-married, Adm-clerical, Not-in-family, White, Female, United-States, <=50K
28.250036,55825.234,7.4894648,74.79955,13.842427,37.58303, Private, 11th, Never-married, Craft-repair, Not-in-family, White, Male, United-States, <=50K
21.702597,125001.16,6.8474317,-211.57843,15.975316,24.280418, Private, 11th, Never-married, Other-service, Not-in-family, White, Female, United-States, <=50K
30.74635,267300.3,9.033801,-135.99835,10.277242,28.553844, Private, HS-grad, Married-civ-spouse, Transport-moving, Husband, White, Male, United-States, >50K
28.88625,131054.734,9.115973,180.28308,6.227269,32.805275, Self-emp-inc, HS-grad, Married-civ-spouse, Craft-repair, Own-child, White, Male, United-States, <=50K
30.736656,197627.06,9.079918,-51.0799,-0.39860046,20.757427, Private, HS-grad, Divorced, Prof-specialty, Not-in-family, White, Female, United-States, <=50K
45.254204,104388.14,12.653173,200.0169,4.583623,38.92169, Private, Bachelors, Divorced, Adm-clerical, Unmarried, White, Male, United-States, <=50K
42.358715,298229.6,13.729905,297.30255,-23.604082,41.893764, Self-emp-inc, Assoc-acdm, Married-civ-spouse, Exec-managerial, Husband, White, Male, United-States, >50K
25.973572,483850.12,9.953134,1153.5447,1.5540286,42.123447, Local-gov, Some-college, Married-civ-spouse, Machine-op-inspct, Wife, White, Female, United-States, <=50K
48.53558,231934.16,14.528475,18423.516,8.153104,29.611824, Private, Masters, Never-married, Prof-specialty, Not-in-family, White, Female, United-States, >50K
37.777103,109818.59,3.1136637,-173.58551,-3.3956938,42.40956, Private, 9th, Married-civ-spouse, Handlers-cleaners, Husband, White, Male, United-States, <=50K
39.96767,319785.25,9.262394,29.013119,-6.409381,36.372242, Private, HS-grad, Divorced, Transport-moving, Own-child, White, Female, United-States, <=50K
26.3394,217037.22,7.0254717,-220.86273,14.339444,43.119423, Private, 11th, Married-civ-spouse, Handlers-cleaners, Husband, White, Male, United-States, <=50K
32.442772,123673.07,7.466974,4501.348,48.689415,29.553978, ?, HS-grad, Never-married, ?, Not-in-family, White, Male, United-States, <=50K
42.30875,264975.0,9.001763,-18.175602,77.73231,32.144863, Private, HS-grad, Divorced, Adm-clerical, Not-in-family, White, Female, United-States, <=50K
22.816648,75917.484,9.995305,356.97827,-11.872447,-7.7994785, ?, Some-college, Never-married, ?, Not-in-family, White, Female, United-States, <=50K
42.53192,125542.77,9.995063,2774.7473,8.738652,56.540863, Private, Some-college, Married-civ-spouse, Sales, Husband, White, Male, United-States, <=50K
31.548267,285643.66,9.02382,130.19305,3.155919,43.346912, Private, HS-grad, Married-civ-spouse, Sales, Husband, White, Male, United-States, <=50K
47.222366,157327.53,12.960774,124.7774,0.8172885,44.63459, Private, Bachelors, Married-civ-spouse, Exec-managerial, Husband, White, Male, United-States, >50K
39.88162,118683.49,12.978578,7880.3906,-0.251109,41.081352, Private, Bachelors, Married-civ-spouse, Tech-support, Husband, White, Male, United-States, >50K
35.669895,166652.77,9.836771,232.3866,14.112226,42.465656, Private, Some-college, Divorced, Sales, Unmarried, White, Male, United-States, <=50K
41.30929,156195.34,9.070627,-249.67365,-9.536296,42.733093, Private, HS-grad, Married-civ-spouse, Machine-op-inspct, Wife, White, Female, United-States, <=50K
64.6243,382364.44,10.074811,268.3222,21.124746,50.61312, ?, Some-college, Married-civ-spouse, ?, Husband, White, Male, United-States, >50K
35.861603,165249.9,9.027336,268.34546,-6.6136503,44.269474, Private, HS-grad, Married-civ-spouse, Exec-managerial, Husband, White, Male, United-States, <=50K
53.333595,207429.81,11.067856,597.8941,5.467389,20.426144, ?, Assoc-voc, Never-married, Machine-op-inspct, Not-in-family, White, Male, United-States, <=50K
29.358725,517534.16,8.956792,47.841244,7.1573,37.683483, Private, HS-grad, Never-married, Transport-moving, Not-in-family, White, Male, United-States, <=50K
62.92901,23770.125,9.0417,96.80529,-17.45656,40.592228, Private, HS-grad, Married-civ-spouse, Adm-clerical, Husband, White, Male, United-States, <=50K
64.25818,244722.33,10.546788,-141.74701,-22.158121,21.07366, Private, Assoc-voc, Never-married, Prof-specialty, Not-in-family, White, Female, United-States, <=50K
48.12375,92663.016,12.970984,2899.0747,5.0606966,44.464405, Private, Bachelors, Married-civ-spouse, Craft-repair, Husband, White, Male, United-States, >50K
71.30229,325501.12,8.957012,164.28827,-2.6729383,15.797352, Private, HS-grad, Married-civ-spouse, Sales, Husband, White, Male, United-States, <=50K
35.740223,155371.19,7.328669,299.85626,2.095891,44.61624, Private, 9th, Married-civ-spouse, Farming-fishing, Husband, White, Male, United-States, <=50K
31.612986,342517.62,9.700582,25.214657,-8.546947,46.13645, Private, Some-college, Married-civ-spouse, Sales, Husband, White, Male, United-States, <=50K
19.988478,264611.1,9.14777,63.01202,-14.151286,53.23997, Private, HS-grad, Never-married, Machine-op-inspct, Not-in-family, White, Male, United-States, <=50K
19.553217,366665.53,10.0078125,240.77686,-4.434558,16.138372, Private, Some-college, Never-married, Sales, Own-child, White, Male, United-States, <=50K
43.36545,115266.52,6.1265426,-323.15265,26.549166,41.138557, Private, 9th, Divorced, Transport-moving, Unmarried, White, Female, United-States, <=50K
31.34075,392871.1,10.03649,40.558834,-20.640757,26.817825, Private, Some-college, Never-married, Other-service, Not-in-family, White, Female, United-States, >50K
30.916206,40736.875,9.070302,-177.0661,3.2887545,41.292927, Private, HS-grad, Married-civ-spouse, Prof-specialty, Wife, White, Female, United-States, >50K
38.62819,368831.16,13.013713,106.62646,8.464368,49.936054, Private, Bachelors, Never-married, Sales, Not-in-family, White, Female, United-States, <=50K
53.234695,130531.97,8.959774,1371.8036,1.4321567,53.75277, Private, HS-grad, Divorced, Exec-managerial, Not-in-family, White, Male, United-States, <=50K
44.494625,303312.1,8.903713,562.6334,2.2273378,36.30034, Private, HS-grad, Divorced, Machine-op-inspct, Not-in-family, White, Female, United-States, >50K
37.875835,125758.18,13.642557,161.17334,-1.4341382,45.25481, Private, Masters, Divorced, Prof-specialty, Not-in-family, White, Male, United-States, <=50K
41.939495,195411.72,6.9689574,16193.444,-13.292193,44.64257, Self-emp-inc, 9th, Married-civ-spouse, Exec-managerial, Husband, White, Male, United-States, <=50K
24.816778,259331.58,9.105016,-89.49763,-12.879771,28.2384, Private, HS-grad, Never-married, Adm-clerical, Own-child, White, Female, United-States, <=50K
55.35915,69615.445,11.049765,1091.0243,-2.7174559,48.338913, State-gov, Assoc-voc, Married-civ-spouse, Exec-managerial, Husband, White, Male, United-States, >50K
49.47252,98839.75,11.771662,4603.775,-8.628177,38.541424, Local-gov, Assoc-voc, Married-civ-spouse, Adm-clerical, Husband, White, Male, United-States, <=50K
33.85966,197944.66,12.970856,-78.31721,-2.3783903,47.829903, Private, Bachelors, Married-civ-spouse, Prof-specialty, Husband, White, Male, United-States, <=50K
27.156889,323252.44,12.882741,-45.5445,-13.44427,39.804398, Federal-gov, Bachelors, Never-married, Adm-clerical, Own-child, White, Female, United-States, <=50K
34.978645,-50681.625,8.082236,51.992367,39.38333,54.676914, Self-emp-not-inc, HS-grad, Married-civ-spouse, Farming-fishing, Husband, White, Male, United-States, <=50K
48.80864,302515.8,10.164065,2945.9016,-34.287388,37.31403, ?, Some-college, Married-civ-spouse, ?, Husband, White, Male, United-States, <=50K
43.467358,229684.89,11.04305,974.7528,-3.0622587,42.513985, Self-emp-not-inc, Assoc-voc, Married-civ-spouse, Craft-repair, Husband, White, Male, United-States, <=50K
34.089787,532.4382,9.107861,83.289055,3.9058733,35.076733, State-gov, HS-grad, Married-civ-spouse, Adm-clerical, Husband, White, Male, United-States, <=50K
62.88244,391577.0,5.5822477,-470.8443,-11.132228,38.4512, Private, 10th, Married-civ-spouse, Exec-managerial, Husband, White, Male, United-States, >50K
44.27237,235839.77,9.04492,-124.357,24.553377,35.208477, Private, HS-grad, Married-civ-spouse, Transport-moving, Husband, White, Male, United-States, <=50K
54.243492,346651.56,5.201889,-379.32452,-3.9604063,45.726177, Private, 10th, Divorced, Priv-house-serv, Not-in-family, White, Female, United-States, <=50K
60.150787,89975.98,9.059453,-419.13556,7.4289827,51.59048, Private, HS-grad, Married-civ-spouse, Transport-moving, Husband, White, Male, United-States, >50K
29.152023,159833.75,9.9898405,55.796627,2.860425,41.16462, Private, Some-college, Married-civ-spouse, Handlers-cleaners, Husband, White, Male, United-States, <=50K
54.856503,159602.44,9.141313,-12.663639,-13.571383,41.619347, Private, HS-grad, Married-civ-spouse, Other-service, Husband, White, Male, United-States, >50K
26.28152,112775.06,9.10513,198.92804,-2.2710218,15.061256, Private, HS-grad, Never-married, Adm-clerical, Not-in-family, White, Female, United-States, <=50K
26.053867,47037.062,4.635305,-37.81867,-0.8523892,53.113926, Private, 9th, Never-married, Sales, Husband, White, Male, United-States, <=50K
19.080818,84034.89,6.364596,7122.0415,-6.7097654,34.38709, Private, 9th, Never-married, Sales, Not-in-family, White, Male, United-States, <=50K
24.34264,255398.22,4.1871867,-226.19757,-1.9836606,20.41239, Private, 11th, Divorced, Handlers-cleaners, Not-in-family, White, Female, United-States, <=50K
24.886303,61935.72,8.979122,7.6207848,2.1486254,32.098022, Private, HS-grad, Never-married, Adm-clerical, Not-in-family, White, Female, United-States, <=50K
46.032383,140003.69,11.762692,257.03998,10.578328,27.64376, Private, Assoc-acdm, Divorced, Adm-clerical, Unmarried, White, Female, United-States, <=50K
38.255375,348449.9,10.062886,10868.768,-39.413563,24.942692, Local-gov, Some-college, Married-civ-spouse, Prof-specialty, Husband, White, Male, United-States, <=50K
50.721172,109953.2,8.980437,414.60175,7.9065294,48.17013, Private, HS-grad, Married-civ-spouse, Craft-repair, Husband, White, Male, United-States, <=50K
34.724,175534.25,8.010485,-93.6988,-28.553125,43.504997, Private, 10th, Married-civ-spouse, Transport-moving, Husband, White, Male, United-States, <=50K
38.936863,367696.84,10.012513,-279.6778,-18.486475,36.21932, Private, Some-college, Married-civ-spouse, Transport-moving, Wife, White, Female, United-States, >50K
31.623348,215583.6,12.775631,46.013607,8.989537,25.360376, Private, Bachelors, Never-married, Other-service, Not-in-family, White, Female, United-States, <=50K
29.923672,180958.27,8.853384,-113.464424,8.980046,39.993347, Private, HS-grad, Divorced, Sales, Unmarried, White, Female, United-States, <=50K
67.769966,96081.35,5.3498707,-187.41669,20.972052,31.351694, Private, 9th, Married-civ-spouse, Adm-clerical, Husband, White, Male, United-States, <=50K
59.713955,160468.17,9.136866,5402.5283,-4.537204,45.22608, Private, HS-grad, Married-civ-spouse, Other-service, Husband, White, Male, United-States, >50K
42.486057,37527.812,8.929241,975.3317,16.154516,48.101048, Private, HS-grad, Widowed, Handlers-cleaners, Unmarried, White, Male, United-States, <=50K
28.403902,213560.42,10.005832,101.770744,-2.461482,48.727764, Private, Some-college, Divorced, Sales, Unmarried, White, Male, United-States, <=50K
49.7968,246671.03,6.6285825,-49.777042,-9.827968,38.62292, ?, 11th, Married-civ-spouse, ?, Wife, White, Male, United-States, >50K
39.195156,254509.77,9.045622,-73.89777,5.377713,46.823997, Self-emp-not-inc, HS-grad, Never-married, Sales, Unmarried, White, Female, United-States, <=50K
32.82861,279851.44,9.980006,104.31304,-3.2348127,44.149033, Private, Some-college, Never-married, Sales, Unmarried, White, Female, United-States, <=50K
33.341396,117930.8,10.01848,291.74475,-6.728816,56.156414, Private, Some-college, Married-civ-spouse, Transport-moving, Husband, White, Male, United-States, >50K
27.523972,209027.5,9.071098,239.89062,-5.3869963,38.569805, Private, HS-grad, Married-civ-spouse, Sales, Husband, White, Male, United-States, <=50K
37.03854,208367.12,10.715202,131.18707,6.466214,41.0844, Private, Some-college, Divorced, Craft-repair, Not-in-family, White, Male, United-States, >50K
45.483795,378476.38,9.096549,-176.80621,16.45587,15.753765, Self-emp-not-inc, HS-grad, Married-civ-spouse, Adm-clerical, Wife, White, Female, United-States, <=50K
57.372524,8113.5317,9.893103,-523.85333,1634.8427,23.118948, ?, Some-college, Married-civ-spouse, ?, Husband, White, Female, United-States, <=50K
44.593243,198741.03,9.6331625,-46.835636,17.439985,43.982513, Self-emp-not-inc, Some-college, Married-civ-spouse, Handlers-cleaners, Other-relative, White, Female, United-States, <=50K
27.441229,138583.47,9.00699,195.20953,-9.649119,38.674694, Private, HS-grad, Married-civ-spouse, Sales, Husband, White, Male, United-States, <=50K
17.16387,109154.66,9.637879,-74.46528,10.858556,25.596804, Private, Some-college, Never-married, Other-service, Own-child, White, Male, United-States, <=50K
37.988224,118743.55,10.923763,-155.68073,7.4493,49.80735, Private, Assoc-voc, Divorced, Craft-repair, Not-in-family, White, Male, United-States, <=50K
32.95967,133469.19,10.11581,55284.2,54.101036,47.377804, Private, Some-college, Divorced, Machine-op-inspct, Not-in-family, White, Female, United-States, >50K
47.310005,238112.28,12.581893,33.886776,-22.098742,40.190655, Private, Bachelors, Married-civ-spouse, Exec-managerial, Husband, White, Male, United-States, >50K
29.246157,231386.42,9.503977,11.532894,20.35443,29.852234, Self-emp-not-inc, HS-grad, Married-civ-spouse, Craft-repair, Husband, White, Male, United-States, <=50K
37.32999,82031.734,9.055875,2484.579,3.190587,15.460123, Private, HS-grad, Never-married, Transport-moving, Own-child, White, Male, United-States, <=50K
24.54563,70879.08,10.007945,2036.8848,-7.4346876,24.731333, Private, Some-college, Married-civ-spouse, Prof-specialty, Other-relative, White, Female, United-States, <=50K
48.57202,466732.38,8.974611,-8.034245,0.7155429,80.716156, Private, HS-grad, Never-married, Other-service, Not-in-family, White, Female, United-States, <=50K
63.450027,133173.53,10.836492,-135.51007,2155.0645,42.343266, Local-gov, Some-college, Married-civ-spouse, Exec-managerial, Husband, White, Male, United-States, >50K
63.606792,278615.88,9.006165,3991.044,18.175375,40.222397, Private, HS-grad, Divorced, Protective-serv, Not-in-family, White, Female, United-States, <=50K
20.539207,241746.2,12.993404,104.94512,-9.568202,38.115208, Private, Bachelors, Never-married, Adm-clerical, Not-in-family, White, Female, United-States, <=50K
44.576237,152152.89,12.909212,139.36334,-6.3085127,49.215652, Private, Bachelors, Married-civ-spouse, Exec-managerial, Husband, White, Male, United-States, >50K
65.68206,194362.98,9.00725,55.107845,-5.5430326,34.88852, Private, HS-grad, Married-civ-spouse, Prof-specialty, Husband, White, Male, United-States, <=50K
41.688274,168795.77,9.027613,-17.588932,7.4364214,41.472527, Private, HS-grad, Married-civ-spouse, Craft-repair, Husband, White, Male, United-States, <=50K
25.250607,193223.28,10.065832,105.61614,3.522359,33.564606, ?, Some-college, Never-married, ?, Not-in-family, White, Female, United-States, <=50K
30.610731,88207.57,8.957316,6.1953697,-0.93307006,41.032837, Private, HS-grad, Never-married, Sales, Unmarried, White, Female, United-States, <=50K
37.56378,103527.086,9.116922,-183.49371,-4.0370283,53.879017, Local-gov, HS-grad, Married-civ-spouse, Prof-specialty, Husband, White, Male, United-States, <=50K
30.09243,24932.469,10.051312,193.37518,1705.089,42.306484, Private, Some-college, Married-civ-spouse, Transport-moving, Husband, White, Male, United-States, >50K
20.26057,269463.06,11.959543,-131.59955,15.71198,27.376455, Private, Assoc-acdm, Never-married, Other-service, Own-child, White, Female, United-States, <=50K
41.322124,160533.58,10.997552,591.3291,25.664629,42.351418, Private, Assoc-voc, Divorced, Craft-repair, Not-in-family, White, Male, United-States, >50K
34.80114,214255.38,11.583515,-126.985176,6.3602495,51.0903, Private, Bachelors, Married-civ-spouse, Sales, Husband, White, Male, United-States, <=50K
32.867798,165419.78,12.97715,194.77997,-8.670833,50.418983, Private, Bachelors, Never-married, Craft-repair, Not-in-family, White, Male, United-States, <=50K
26.451576,166685.92,9.002015,220.14703,16.674574,40.97647, Private, HS-grad, Divorced, Other-service, Unmarried, White, Male, United-States, <=50K
33.105286,183570.73,9.007402,-25.74799,-0.4090985,45.154953, Private, HS-grad, Married-civ-spouse, Sales, Husband, White, Male, United-States, <=50K
40.2503,69824.266,8.958734,625.59863,-9.52917,54.391773, Self-emp-inc, HS-grad, Divorced, Exec-managerial, Not-in-family, White, Male, United-States, >50K
44.98868,172943.34,12.997316,129.7337,5.3782015,49.100952, Private, Bachelors, Married-civ-spouse, Prof-specialty, Husband, White, Male, United-States, >50K
56.128975,104847.586,10.039512,-290.02582,1902.6868,76.67679, Self-emp-not-inc, Some-college, Married-civ-spouse, Farming-fishing, Husband, White, Male, United-States, >50K
29.628391,60439.32,11.042137,183.02197,16.673834,38.53493, Private, Assoc-voc, Married-civ-spouse, Craft-repair, Husband, White, Male, United-States, <=50K
25.36873,150773.45,5.0185256,-173.20355,21.766096,41.74839, Federal-gov, 9th, Never-married, Other-service, Own-child, White, Male, United-States, <=50K
22.073103,107453.93,8.92733,-95.618355,8.122647,35.010258, ?, HS-grad, Never-married, ?, Not-in-family, White, Female, United-States, <=50K
31.770216,152116.28,12.9315195,373.52454,2060.745,49.513004, Self-emp-not-inc, Masters, Married-civ-spouse, Exec-managerial, Husband, White, Male, United-States, <=50K
39.015556,203108.56,8.963105,43.35809,2.2620516,46.702656, Self-emp-inc, HS-grad, Married-civ-spouse, Exec-managerial, Husband, White, Male, United-States, <=50K
32.226734,127604.08,12.852441,247.31964,-0.1703824,49.857857, Private, Bachelors, Never-married, Prof-specialty, Unmarried, White, Female, United-States, <=50K
36.038425,120014.26,10.061455,554.502,6.649091,42.336308, Private, Some-college, Never-married, Transport-moving, Unmarried, White, Male, United-States, >50K
47.798206,99779.99,5.530138,103.62066,6.716649,42.874065, Private, 9th, Married-civ-spouse, Machine-op-inspct, Husband, White, Male, United-States, <=50K
22.24709,173565.19,9.978132,254.16626,-7.4858046,37.122463, Private, Some-college, Never-married, Adm-clerical, Own-child, White, Male, United-States, <=50K
45.212837,405203.78,10.5163765,43261.83,-143.18318,44.007046, State-gov, Assoc-voc, Never-married, Protective-serv, Not-in-family, White, Male, United-States, >50K
44.20986,231657.55,14.82678,-129.54633,5.561734,39.30288, Private, Bachelors, Married-civ-spouse, Prof-specialty, Husband, White, Male, United-States, <=50K
17.833185,223711.5,7.5098267,196.91528,931.0111,36.542095, Private, 10th, Married-civ-spouse, Prof-specialty, Husband, White, Male, United-States, <=50K
42.05505,182079.02,8.969272,58.44598,7.560338,45.402824, Private, HS-grad, Married-civ-spouse, Craft-repair, Husband, White, Male, United-States, <=50K
33.972828,126796.375,9.007102,133.81824,7.1536074,42.74761, Private, HS-grad, Married-civ-spouse, Other-service, Wife, White, Female, United-States, >50K
33.290966,238738.36,10.010622,90.101616,1.9016391,26.040625, Private, Some-college, Married-civ-spouse, Prof-specialty, Husband, White, Male, United-States, <=50K
44.4063,429666.7,10.088397,603.55676,-23.69539,38.72936, Federal-gov, Some-college, Married-civ-spouse, Adm-clerical, Husband, White, Male, United-States, <=50K
24.82341,151165.17,9.844291,688.99335,-10.254725,27.955008, Private, Some-college, Never-married, Prof-specialty, Not-in-family, White, Female, United-States, <=50K
48.291348,208825.23,9.005986,-294.3764,-4.500148,36.73208, Federal-gov, HS-grad, Never-married, Adm-clerical, Not-in-family, White, Male, United-States, <=50K
33.5238,72095.69,9.934409,-17.514957,2.3534899,11.666756, Private, Some-college, Never-married, Farming-fishing, Own-child, White, Female, United-States, <=50K
32.19002,211210.16,13.054121,57.72021,27.749994,30.742754, Local-gov, Bachelors, Divorced, Craft-repair, Not-in-family, White, Female, United-States, <=50K
33.229527,115344.92,10.06194,642.95917,-11.675052,29.5441, Private, Some-college, Married-civ-spouse, Sales, Husband, White, Male, United-States, >50K
37.768097,382034.3,10.205153,-99.03791,10.992703,30.08308, Self-emp-not-inc, Some-college, Divorced, Handlers-cleaners, Not-in-family, White, Male, United-States, <=50K
43.130924,267554.03,9.014283,4.325985,-8.0227,52.057537, Private, HS-grad, Married-civ-spouse, Exec-managerial, Husband, White, Male, United-States, <=50K
26.412783,260996.14,9.045438,255.11761,-12.648318,37.231647, Private, HS-grad, Never-married, Adm-clerical, Other-relative, White, Male, United-States, <=50K
39.450165,242209.11,8.938092,94.203545,13.053601,39.21386, Private, HS-grad, Divorced, Prof-specialty, Unmarried, White, Female, United-States, <=50K
26.476215,189891.16,9.005066,271.66046,106.77901,38.70767, Private, HS-grad, Divorced, Transport-moving, Not-in-family, White, Male, United-States, <=50K
23.522758,304206.06,4.981069,-237.43915,13.779759,41.400307, Private, 10th, Never-married, Handlers-cleaners, Not-in-family, White, Male, United-States, <=50K
38.490486,67372.14,12.901643,5473.5425,-16.90787,49.845844, Private, Bachelors, Married-civ-spouse, Exec-managerial, Husband, White, Male, United-States, >50K
36.19753,193180.4,13.015052,7817.3813,-3.2681456,44.71324, Private, Bachelors, Married-civ-spouse, Protective-serv, Husband, White, Male, United-States, >50K
59.78104,218434.97,8.956251,-7.5134926,14.991963,14.364271, Private, HS-grad, Never-married, Adm-clerical, Not-in-family, White, Male, United-States, <=50K
43.972954,151857.22,12.867624,16.430477,37.368202,45.446163, Private, Bachelors, Divorced, Transport-moving, Unmarried, White, Male, United-States, <=50K
44.15025,149533.3,9.022702,-135.29083,4.6577806,41.211597, Private, HS-grad, Married-civ-spouse, Craft-repair, Husband, White, Female, United-States, <=50K
48.34146,278175.12,4.1425157,46.035763,5.820676,53.209606, ?, 9th, Divorced, ?, Not-in-family, White, Female, United-States, <=50K
50.13258,460824.28,6.998185,-258.34503,3.229764,38.5579, Private, 9th, Married-civ-spouse, Handlers-cleaners, Husband, White, Male, United-States, <=50K
30.702946,111594.195,12.902549,355.28107,2.4150667,44.04711, Private, Bachelors, Divorced, Craft-repair, Not-in-family, White, Male, United-States, <=50K
38.0922,242610.28,9.034429,207.83508,24.94652,49.20723, Private, HS-grad, Divorced, Machine-op-inspct, Not-in-family, White, Male, United-States, <=50K
27.288807,193483.38,9.997714,65.28979,-3.2627745,20.739737, Private, Some-college, Never-married, Exec-managerial, Not-in-family, White, Female, United-States, <=50K
57.088802,171655.11,11.306456,319.31805,-14.458583,40.36338, State-gov, Assoc-voc, Divorced, Protective-serv, Not-in-family, White, Male, United-States, <=50K
51.99114,170562.61,9.002931,860.38776,-18.797083,48.280277, Private, HS-grad, Never-married, Adm-clerical, Not-in-family, White, Female, United-States, <=50K
37.894062,215937.27,10.036996,-451.13336,-28.686037,36.403717, Local-gov, Some-college, Married-civ-spouse, Prof-specialty, Wife, White, Female, United-States, >50K
40.588417,64599.22,13.950081,335.57648,-14.255801,25.68319, Private, Masters, Never-married, Prof-specialty, Own-child, White, Female, United-States, >50K
35.93111,110848.7,13.007089,406.65057,4.5332994,49.537006, Private, Bachelors, Married-civ-spouse, Adm-clerical, Husband, White, Male, United-States, <=50K
20.031645,222105.73,7.0275755,-170.06976,7.637433,12.434917, ?, 11th, Never-married, ?, Own-child, White, Female, United-States, <=50K
46.622654,226820.73,13.015632,-63.015934,-6.131976,62.296005, Local-gov, Bachelors, Married-civ-spouse, Prof-specialty, Husband, White, Male, United-States, <=50K
53.49862,412106.2,9.069131,2760.4265,17.925665,54.837177, Private, HS-grad, Divorced, Craft-repair, Not-in-family, White, Female, United-States, >50K
32.30286,241547.75,8.933551,141.28668,28.535612,20.50061, Private, Some-college, Divorced, Adm-clerical, Unmarried, White, Female, United-States, <=50K
47.752285,247132.19,10.387643,229.44714,1695.0354,45.966843, Private, Some-college, Married-civ-spouse, Sales, Husband, White, Male, United-States, >50K
22.031637,260641.86,10.08906,-190.83722,-2.8382368,18.939474, Private, HS-grad, Never-married, Other-service, Own-child, White, Male, United-States, <=50K
23.977758,162675.48,8.996974,1371.4683,-6.258563,54.294376, Private, HS-grad, Never-married, Farming-fishing, Not-in-family, White, Male, United-States, <=50K
42.2621,172123.03,13.997401,95.66851,-35.475307,44.44928, Private, Bachelors, Married-civ-spouse, Handlers-cleaners, Husband, White, Male, United-States, <=50K
33.843258,211073.0,4.370565,-668.4218,-19.969164,38.086826, Private, 11th, Never-married, Exec-managerial, Own-child, White, Male, United-States, <=50K
32.829773,47445.0,11.957536,-117.64423,12.768712,37.20456, Federal-gov, Bachelors, Never-married, Adm-clerical, Unmarried, White, Female, United-States, <=50K
48.24301,171572.42,10.848853,251.05121,23.01663,42.387318, Private, Assoc-voc, Divorced, Handlers-cleaners, Unmarried, White, Male, United-States, <=50K
61.66475,167078.58,9.002778,-48.51386,-0.009005441,45.132687, Private, HS-grad, Married-civ-spouse, Prof-specialty, Husband, White, Male, United-States, <=50K
25.286936,109028.41,10.009868,86.66393,3.468297,41.70105, Private, Some-college, Never-married, Exec-managerial, Not-in-family, White, Female, United-States, <=50K
21.870853,-5207.1714,9.093075,-360.01752,-0.78579986,35.438404, Private, HS-grad, Never-married, Handlers-cleaners, Other-relative, White, Male, United-States, <=50K
20.383621,172811.08,9.860888,535.63495,5.916829,38.10488, Private, Some-college, Married-civ-spouse, Other-service, Own-child, White, Male, United-States, <=50K
51.899998,435732.78,3.6300726,-79.436714,-13.87736,39.154335, Private, 12th, Married-civ-spouse, Other-service, Wife, White, Female, United-States, <=50K
35.60214,291701.53,9.0384445,-2.1830485,-9.741305,53.577545, Private, HS-grad, Married-civ-spouse, Craft-repair, Husband, White, Male, United-States, >50K
30.701908,224822.52,10.371082,4.6129723,1579.0438,49.790962, Private, Some-college, Married-civ-spouse, Craft-repair, Husband, White, Male, United-States, <=50K
22.783722,107879.586,9.066753,19.913754,-3.1045256,56.90025, Private, HS-grad, Never-married, Exec-managerial, Not-in-family, White, Male, United-States, <=50K
34.118847,181294.98,11.091723,-168.7077,-3.9842405,21.77638, Self-emp-not-inc, Assoc-acdm, Divorced, Sales, Unmarried, White, Female, United-States, <=50K
29.943092,97697.04,13.283263,-66.922676,4.4465075,34.335377, State-gov, Masters, Married-civ-spouse, Prof-specialty, Husband, White, Male, United-States, <=50K
22.847084,213874.12,11.823854,268.8274,-23.388437,30.909348, Private, Assoc-acdm, Never-married, Sales, Own-child, White, Male, United-States, >50K
36.86771,169286.6,13.123929,225.71405,3.8443499,45.774292, State-gov, Masters, Married-civ-spouse, Sales, Husband, White, Male, United-States, >50K
34.54554,158010.33,11.472396,182.84106,1920.3456,42.989815, Local-gov, Assoc-acdm, Never-married, Other-service, Unmarried, White, Female, United-States, <=50K
35.155148,234484.39,9.03499,56.239132,8.683377,41.6024, Private, HS-grad, Divorced, Adm-clerical, Unmarried, White, Female, United-States, <=50K
31.15535,401797.75,9.058489,6.9489098,382.90656,40.675972, Private, HS-grad, Divorced, Adm-clerical, Own-child, White, Male, United-States, <=50K
35.513195,197294.7,9.071964,151.79504,7.1236315,36.348713, Private, HS-grad, Married-civ-spouse, Sales, Husband, White, Male, United-States, <=50K
31.953913,263670.12,9.017231,64.95635,1.5257694,38.873146, Private, HS-grad, Married-civ-spouse, Handlers-cleaners, Husband, White, Male, United-States, <=50K
43.705982,129024.61,13.038984,82.58654,5.9533815,59.745495, Local-gov, Bachelors, Married-civ-spouse, Sales, Husband, White, Male, United-States, <=50K
43.041187,235529.75,8.897943,114.960014,6.8622255,48.19766, Private, HS-grad, Divorced, Sales, Unmarried, White, Female, United-States, <=50K
31.132318,650378.4,9.123366,-15.397648,13.556966,52.596733, Private, HS-grad, Married-civ-spouse, Craft-repair, Husband, White, Male, United-States, >50K
27.470762,138477.6,10.038833,1626.0969,-6.792079,33.499306, Private, Some-college, Divorced, Other-service, Not-in-family, White, Male, United-States, <=50K
24.212332,138337.44,9.971428,26.95184,-2.931651,40.562317, Private, Some-college, Never-married, Handlers-cleaners, Not-in-family, White, Female, United-States, <=50K
48.373497,350035.12,9.935378,49.98779,-21.616533,36.42426, Private, Some-college, Married-civ-spouse, Farming-fishing, Husband, White, Male, United-States, <=50K
46.511345,85049.77,13.04115,-34.012028,-6.6106215,64.42839, Self-emp-not-inc, Bachelors, Married-civ-spouse, Adm-clerical, Husband, White, Male, United-States, <=50K
31.662321,430509.66,11.778849,2454.5745,-35.34274,54.00514, Private, Bachelors, Married-civ-spouse, Sales, Husband, White, Male, United-States, >50K
40.38519,254044.08,9.814644,-144.3952,61.13707,40.193954, Private, Some-college, Divorced, Adm-clerical, Unmarried, White, Female, United-States, <=50K
39.83909,165451.86,14.152765,72.31591,18.406729,30.485483, Private, Masters, Married-civ-spouse, Exec-managerial, Husband, White, Male, United-States, >50K
44.153873,107438.02,9.036463,206.19788,31.416643,42.329773, Private, HS-grad, Divorced, Exec-managerial, Unmarried, White, Male, United-States, >50K
35.41886,106021.3,9.113203,-155.06598,12.556798,29.379389, Local-gov, HS-grad, Married-civ-spouse, Other-service, Husband, White, Male, United-States, <=50K
46.452106,278517.9,9.5595455,163.82544,11.817327,46.45106, Federal-gov, Some-college, Married-civ-spouse, Craft-repair, Husband, White, Male, United-States, <=50K
57.857414,67082.71,4.008302,-93.51411,-0.9103497,32.14385, Private, 9th, Married-civ-spouse, Other-service, Husband, White, Male, United-States, <=50K
68.86869,115579.414,10.127274,219.02863,-44.97311,57.12702, Local-gov, Some-college, Separated, Exec-managerial, Wife, White, Female, United-States, <=50K
27.756592,283851.12,9.078353,253.82593,1.7636234,42.22408, Private, HS-grad, Married-civ-spouse, Machine-op-inspct, Husband, White, Male, United-States, <=50K
44.92058,105286.56,10.020269,-58.24262,6.165349,36.9721, Private, Some-college, Never-married, Exec-managerial, Unmarried, White, Female, United-States, >50K
30.743906,349895.47,10.052265,82.34765,-20.402437,37.41885, State-gov, Some-college, Never-married, Adm-clerical, Not-in-family, White, Male, United-States, <=50K
45.34961,136523.94,13.216585,15.978573,-4.5038786,44.024017, Local-gov, Bachelors, Divorced, Adm-clerical, Not-in-family, White, Female, United-States, <=50K
18.296299,25200.64,9.025653,88.67803,8.431523,41.22492, Private, HS-grad, Never-married, Sales, Not-in-family, White, Female, United-States, <=50K
42.765247,200219.52,9.382837,81.23205,41.31704,43.516693, Private, HS-grad, Separated, Adm-clerical, Unmarried, White, Female, United-States, <=50K
47.200397,146908.86,8.973718,177.91742,3.0901613,51.886562, Private, HS-grad, Divorced, Adm-clerical, Unmarried, White, Female, United-States, <=50K
31.046398,212981.58,9.068662,39.31164,-6.339877,41.0555, Private, HS-grad, Divorced, Other-service, Not-in-family, White, Male, United-States, >50K
39.06192,225334.22,9.054943,22.77142,-1.6733807,48.638493, Private, HS-grad, Married-civ-spouse, Exec-managerial, Husband, White, Male, United-States, >50K
20.152233,323108.6,9.276967,1561.5116,-32.206493,41.116234, Private, Some-college, Never-married, Adm-clerical, Not-in-family, White, Male, United-States, <=50K
41.820248,23569.672,10.487556,226.43127,13.541234,35.946854, Private, Some-college, Widowed, Transport-moving, Unmarried, White, Male, United-States, <=50K
22.546444,300521.22,12.999768,59.73559,-3.2583113,38.96315, Private, Bachelors, Never-married, Adm-clerical, Other-relative, White, Male, United-States, <=50K
47.94555,127825.8,10.080832,105.52923,-14.832644,38.775936, Private, Some-college, Divorced, Sales, Other-relative, White, Female, United-States, <=50K
19.76139,66222.0,9.056735,-363.97186,-1.154826,29.936512, Local-gov, HS-grad, Never-married, Other-service, Not-in-family, White, Male, United-States, <=50K
28.572777,185119.42,13.113904,-63.34479,20.49198,37.7628, Federal-gov, Bachelors, Never-married, Prof-specialty, Not-in-family, White, Male, United-States, <=50K
24.671127,241022.78,10.078332,231.35321,-7.838977,44.641636, ?, Some-college, Married-civ-spouse, ?, Own-child, White, Male, United-States, <=50K
42.29313,40409.984,12.171268,-241.28595,-1.7130002,56.80293, Federal-gov, Bachelors, Divorced, Protective-serv, Not-in-family, White, Male, United-States, <=50K
28.157307,118462.266,10.053093,233.39624,10.368337,32.092922, Private, Some-college, Married-civ-spouse, Sales, Husband, White, Male, United-States, <=50K
44.233967,293581.0,9.136391,-250.00287,-8.879024,57.576843, Local-gov, HS-grad, Married-civ-spouse, Prof-specialty, Husband, White, Male, United-States, <=50K
53.70725,300384.88,9.17837,-208.31415,12.54588,43.880173, Private, Some-college, Divorced, Craft-repair, Not-in-family, White, Female, United-States, <=50K
41.546013,239208.44,9.013619,225.33014,0.8952838,45.411755, Private, HS-grad, Married-civ-spouse, Exec-managerial, Husband, White, Male, United-States, >50K
39.0522,653644.7,5.19874,622.6973,-30.225283,36.769966, Private, 9th, Divorced, Transport-moving, Not-in-family, White, Male, United-States, <=50K
59.06906,445719.66,9.8208475,1456.1067,1153.0471,76.28867, Private, Some-college, Married-civ-spouse, Sales, Husband, White, Male, United-States, <=50K
35.586815,146232.52,8.042754,-537.0644,-10.993251,39.85282, Local-gov, 12th, Never-married, Other-service, Own-child, White, Male, United-States, <=50K
15.4517355,185845.88,9.022769,-25.77753,-6.043521,42.80459, Private, HS-grad, Never-married, Adm-clerical, Not-in-family, White, Female, United-States, <=50K
29.248077,39852.656,8.827444,-66.896675,-18.860392,37.203953, Private, HS-grad, Never-married, Adm-clerical, Not-in-family, White, Female, United-States, <=50K
30.453913,244102.95,11.021469,-197.41473,12.163846,45.82032, Private, Assoc-voc, Divorced, Adm-clerical, Other-relative, White, Female, United-States, <=50K
33.28764,93268.625,13.8837,529.1851,13.134442,37.025326, Private, Masters, Never-married, Adm-clerical, Not-in-family, White, Male, United-States, >50K
49.91188,166613.7,8.905491,-201.73395,25.557566,39.794304, Self-emp-not-inc, HS-grad, Divorced, Transport-moving, Unmarried, White, Female, United-States, <=50K
51.67889,181569.56,9.990044,94.370415,2099.2485,45.103085, Private, Some-college, Divorced, Exec-managerial, Unmarried, White, Female, United-States, <=50K
38.126106,228776.08,9.998668,228.06714,5.5257616,49.952885, Private, Some-college, Divorced, Exec-managerial, Not-in-family, White, Male, United-States, >50K
36.18236,245032.27,12.843365,108.708855,-10.797458,41.3035, Private, Bachelors, Married-civ-spouse, Other-service, Husband, White, Male, United-States, <=50K
37.92844,84012.195,9.004808,289.9065,4.906659,40.907608, Private, HS-grad, Married-civ-spouse, Adm-clerical, Husband, White, Male, United-States, <=50K
32.500668,80122.32,10.079702,323.7475,-9.1097975,42.716927, Private, Some-college, Married-civ-spouse, Adm-clerical, Husband, White, Male, United-States, >50K
23.999159,90236.31,8.971861,85.45873,1577.8351,40.941597, Private, HS-grad, Never-married, Other-service, Own-child, White, Male, United-States, <=50K
78.86684,299508.22,9.601597,2327.6704,2.6456728,-6.610548, Self-emp-not-inc, Some-college, Married-civ-spouse, Exec-managerial, Husband, White, Male, United-States, <=50K
44.47962,94258.234,8.203384,148.83887,-16.655413,41.74234, Self-emp-not-inc, 11th, Married-civ-spouse, Craft-repair, Husband, White, Male, United-States, >50K
45.806095,203603.17,4.27798,-659.85834,27.969011,43.04604, Private, 10th, Divorced, Craft-repair, Unmarried, White, Female, United-States, <=50K
35.471935,396217.5,12.096088,41.437862,11.219213,28.875925, Local-gov, Assoc-acdm, Married-civ-spouse, Farming-fishing, Husband, White, Male, United-States, >50K
36.33514,116915.41,9.004437,-105.396675,-4.40108,47.45727, Private, HS-grad, Never-married, Sales, Not-in-family, White, Female, United-States, <=50K
41.695732,107393.74,12.675823,187.18433,16.982214,39.77818, Private, Masters, Married-civ-spouse, Craft-repair, Husband, White, Male, United-States, <=50K
29.400118,138023.1,7.2394114,-142.54413,18.11328,23.498358, Local-gov, 11th, Married-civ-spouse, Adm-clerical, Wife, White, Female, United-States, <=50K
50.278862,158372.31,10.911831,219.21094,23.004278,29.699816, Private, Assoc-voc, Married-civ-spouse, Prof-specialty, Husband, White, Male, United-States, >50K
22.549797,234378.56,8.984679,124.017265,-6.805415,44.058113, Private, HS-grad, Never-married, Adm-clerical, Not-in-family, White, Male, United-States, <=50K
36.411686,298505.2,12.850725,163.448,0.32751954,53.89456, Private, Bachelors, Divorced, Exec-managerial, Not-in-family, White, Male, United-States, <=50K
22.545086,514456.94,9.2858925,62.25378,-37.21278,63.73191, Self-emp-inc, Some-college, Married-civ-spouse, Sales, Husband, White, Male, United-States, <=50K
39.989674,111707.664,9.047797,-87.39045,6.1372805,46.55014, Private, HS-grad, Married-civ-spouse, Prof-specialty, Husband, White, Male, United-States, <=50K
60.25689,99397.25,12.121483,-113.536446,-11.426814,34.513252, Private, Assoc-acdm, Married-civ-spouse, Sales, Husband, White, Male, United-States, <=50K
39.07468,187703.7,10.123593,-146.07489,8.875638,36.608456, Self-emp-inc, HS-grad, Married-civ-spouse, Prof-specialty, Husband, White, Male, United-States, <=50K
31.896183,83206.836,10.864316,613.8144,-8.250995,36.199844, Private, Assoc-voc, Never-married, Priv-house-serv, Not-in-family, White, Male, United-States, <=50K
24.217333,107742.24,8.827819,-81.66352,2.7274446,34.069115, Private, 9th, Never-married, Other-service, Not-in-family, White, Female, United-States, <=50K
30.209293,177357.11,9.019838,-157.70148,0.4811908,18.939486, Private, HS-grad, Never-married, Sales, Not-in-family, White, Female, United-States, <=50K
62.72012,157539.56,3.158001,-617.0987,2.2356844,68.92636, Local-gov, 10th, Married-civ-spouse, Other-service, Husband, White, Male, United-States, <=50K
28.67557,169407.89,8.976819,225.703,-10.925014,44.416393, Private, HS-grad, Never-married, Prof-specialty, Not-in-family, White, Female, United-States, <=50K
45.08811,189050.23,9.068309,116.88567,12.511945,40.326096, Private, HS-grad, Married-civ-spouse, Tech-support, Wife, White, Female, United-States, >50K
27.202364,307856.7,9.899699,-377.8272,1131.0215,36.733562, Local-gov, Some-college, Separated, Other-service, Not-in-family, White, Male, United-States, <=50K
15.816682,209677.06,9.283432,775.6807,45.461044,39.882313, Private, Some-college, Separated, Farming-fishing, Not-in-family, White, Female, United-States, <=50K
53.052155,211886.64,12.645738,-153.08563,9.0646105,48.680557, Private, Bachelors, Married-civ-spouse, Adm-clerical, Husband, White, Male, United-States, <=50K
40.19659,446972.16,9.110992,72.635796,-14.701381,56.909855, Local-gov, HS-grad, Married-civ-spouse, Handlers-cleaners, Husband, White, Male, United-States, <=50K
45.595047,426276.78,9.012017,32.93939,-8.005908,54.435143, Private, HS-grad, Married-civ-spouse, Transport-moving, Husband, White, Male, United-States, <=50K
52.493176,197695.2,10.05348,61.028255,0.045331106,40.913788, Federal-gov, Some-college, Married-civ-spouse, Adm-clerical, Husband, White, Male, United-States, >50K
34.091362,185451.28,12.951158,413.60425,2.2700396,46.104935, Private, Bachelors, Married-civ-spouse, Prof-specialty, Husband, White, Male, United-States, <=50K
30.11353,285965.53,12.915914,147.00897,0.9905826,39.76145, Private, Bachelors, Married-civ-spouse, Craft-repair, Husband, White, Male, United-States, <=50K
53.03246,106025.48,9.044873,651.2697,7.873189,51.508244, Private, HS-grad, Married-civ-spouse, Craft-repair, Husband, White, Male, United-States, >50K
45.733463,343922.7,9.254629,-79.7071,-5.6177626,27.154022, Private, HS-grad, Divorced, Exec-managerial, Not-in-family, White, Female, United-States, <=50K
25.571894,237860.64,2.472084,1108.0723,-20.022738,46.5366, Private, 12th, Never-married, Craft-repair, Own-child, White, Male, United-States, <=50K
23.756334,256574.12,10.006369,716.5494,-13.987086,19.73264, Private, Some-college, Married-civ-spouse, Adm-clerical, Own-child, White, Female, United-States, <=50K
39.34496,197596.19,10.145478,105.15374,0.8330356,45.815292, Private, Some-college, Married-AF-spouse, Craft-repair, Husband, White, Male, United-States, >50K
28.190605,115270.96,13.211628,-34.631046,29.3454,43.65764, State-gov, Assoc-acdm, Never-married, Prof-specialty, Not-in-family, White, Male, United-States, <=50K
41.74362,197886.31,13.0105095,7961.2744,-3.5875807,42.06215, Private, Bachelors, Married-civ-spouse, Exec-managerial, Husband, White, Male, United-States, >50K
69.84664,-19758.078,9.041786,-346.11603,11.171544,10.356493, ?, HS-grad, Married-civ-spouse, ?, Husband, White, Male, United-States, <=50K
47.374176,114085.836,13.282606,27.595516,-4.6221113,44.57715, Private, Masters, Married-civ-spouse, Sales, Husband, White, Male, United-States, >50K
48.35502,78286.81,11.829468,13405.541,34.09324,54.804737, Self-emp-not-inc, Bachelors, Married-civ-spouse, Exec-managerial, Husband, White, Male, United-States, >50K
40.17768,140315.64,12.913544,1500.2297,-13.233233,38.333817, Private, Bachelors, Separated, Exec-managerial, Unmarried, White, Male, United-States, >50K
56.186253,145714.72,11.968648,-47.443546,18.51592,22.396484, ?, Assoc-acdm, Married-civ-spouse, ?, Husband, White, Male, United-States, >50K
29.120308,216095.66,8.995197,-108.82014,-0.067171946,42.443913, Private, HS-grad, Married-civ-spouse, Transport-moving, Husband, White, Male, United-States, >50K
52.257603,130383.99,9.103813,161.40118,-3.7239943,46.14607, ?, HS-grad, Divorced, ?, Not-in-family, White, Male, United-States, >50K
28.398787,67063.73,9.051126,-214.4029,4.9446306,35.078106, Self-emp-not-inc, HS-grad, Married-civ-spouse, Craft-repair, Husband, White, Male, United-States, <=50K
61.628967,353381.3,9.484942,122.09655,2.6506014,49.336594, Private, 10th, Married-civ-spouse, Craft-repair, Husband, White, Male, United-States, <=50K
34.21496,173953.1,10.916651,1852.0931,-0.17718019,56.29753, Private, Assoc-voc, Never-married, Machine-op-inspct, Not-in-family, White, Male, United-States, >50K
43.261295,279113.5,12.987438,111.019646,1592.7418,45.45259, Private, Bachelors, Married-civ-spouse, Exec-managerial, Husband, White, Male, United-States, >50K
21.727882,348674.03,4.4925604,721.1153,1317.0326,42.20316, Private, 11th, Never-married, Craft-repair, Not-in-family, White, Male, United-States, <=50K
28.347036,141284.88,9.262237,81.158195,-22.042841,32.41606, Private, HS-grad, Never-married, Sales, Not-in-family, White, Male, United-States, <=50K
49.336422,259810.72,8.895921,243.34625,10.307965,44.664463, Self-emp-not-inc, HS-grad, Divorced, Sales, Unmarried, White, Female, United-States, <=50K
42.55365,109579.82,4.290828,-98.57954,-18.668154,48.025555, Private, 12th, Never-married, Sales, Own-child, White, Male, United-States, <=50K
31.980549,272828.38,9.773468,-35.45722,-0.24952973,44.500412, State-gov, Some-college, Married-civ-spouse, Protective-serv, Husband, White, Male, United-States, <=50K
44.267467,257595.78,12.981299,-214.19855,-5.8602247,43.14209, Private, Bachelors, Married-civ-spouse, Exec-managerial, Husband, White, Male, United-States, <=50K
35.05426,120124.8,10.918799,174.29028,-17.252024,58.646847, Private, Assoc-voc, Married-civ-spouse, Handlers-cleaners, Husband, White, Male, United-States, <=50K
17.270153,320782.84,9.026576,81.55584,6.7118425,33.684406, Private, HS-grad, Never-married, Handlers-cleaners, Own-child, White, Male, United-States, <=50K
45.083622,294568.62,8.974725,11959.71,-13.8203,50.33833, Private, HS-grad, Divorced, Sales, Not-in-family, White, Male, United-States, >50K
47.086693,157990.1,10.177833,242.22162,-3.368617,40.954533, Federal-gov, Assoc-acdm, Never-married, Prof-specialty, Not-in-family, White, Male, United-States, <=50K
44.336525,523390.12,10.208282,1376.0631,-54.949642,46.34214, State-gov, Assoc-voc, Married-civ-spouse, Exec-managerial, Husband, White, Male, United-States, <=50K
46.578873,190320.4,8.967425,-85.270454,-14.276217,43.52293, Private, HS-grad, Widowed, Adm-clerical, Not-in-family, White, Female, United-States, <=50K
26.807295,152542.9,9.020052,-64.64924,6.222745,47.733715, Private, HS-grad, Married-civ-spouse, Craft-repair, Husband, White, Male, United-States, <=50K
56.579247,170700.7,9.8303585,197.98254,0.73444855,46.945114, Private, Some-college, Married-civ-spouse, Sales, Husband, White, Male, United-States, >50K
43.977047,267240.28,9.007237,61.71362,1.8853503,37.151455, Private, HS-grad, Divorced, Exec-managerial, Not-in-family, White, Female, United-States, <=50K
25.69674,170807.3,9.005643,-113.82929,4.0483675,28.40857, Private, HS-grad, Never-married, Handlers-cleaners, Own-child, White, Female, United-States, <=50K
49.597313,230321.64,9.478945,-20.550236,-11.47298,44.596386, Private, Some-college, Married-civ-spouse, Sales, Husband, White, Male, United-States, >50K
25.034195,158520.44,10.034376,35.109554,1.8825885,36.503822, Private, Some-college, Married-civ-spouse, Sales, Husband, White, Male, United-States, <=50K
21.691875,109313.8,10.015468,754.0995,-10.506785,7.26182, Private, Some-college, Never-married, Sales, Own-child, White, Female, United-States, <=50K
64.236725,410058.9,13.54936,231.89441,-13.193347,43.181755, Private, Masters, Married-civ-spouse, Prof-specialty, Husband, White, Male, United-States, >50K
22.395164,625888.4,11.444578,143.10553,-15.005092,43.14992, Private, Bachelors, Never-married, Sales, Own-child, White, Male, United-States, <=50K
51.646988,325228.53,12.875502,-37.992985,-27.847757,40.18938, Private, Bachelors, Never-married, Prof-specialty, Own-child, White, Male, United-States, >50K
41.536903,174750.02,10.01703,-40.2569,-0.7812146,39.540363, Private, Some-college, Married-civ-spouse, Handlers-cleaners, Husband, White, Male, United-States, >50K
18.784845,49406.312,8.952492,2873.4026,-9.494235,57.877773, Private, HS-grad, Never-married, Protective-serv, Not-in-family, White, Male, United-States, <=50K
36.49262,258119.61,8.972905,326.09302,-5.344676,37.384598, Private, HS-grad, Divorced, Adm-clerical, Unmarried, White, Female, United-States, <=50K
45.501884,98421.14,11.053301,160.41827,-48.19627,35.781303, Private, Assoc-voc, Married-civ-spouse, Handlers-cleaners, Husband, White, Male, United-States, <=50K
29.146172,365564.72,9.167669,-31.893375,-19.722162,46.27915, ?, HS-grad, Married-civ-spouse, ?, Husband, White, Male, United-States, >50K
30.989674,186406.9,9.102931,-133.19391,-3.514285,60.013035, Self-emp-not-inc, HS-grad, Married-civ-spouse, Exec-managerial, Husband, White, Male, United-States, <=50K
22.716127,365634.44,11.762926,310.02087,-1.4003552,35.301952, Private, Assoc-acdm, Never-married, Sales, Not-in-family, White, Female, United-States, <=50K
43.618603,143016.72,9.148749,738.00226,1624.3285,39.12128, State-gov, HS-grad, Married-civ-spouse, ?, Husband, White, Female, United-States, <=50K
45.532757,292718.12,13.90603,85.34173,28.73717,44.934948, Local-gov, Masters, Divorced, Prof-specialty, Unmarried, White, Female, United-States, >50K
52.29894,220891.67,15.64821,1602.7932,1.5912219,40.245735, Local-gov, Assoc-acdm, Married-civ-spouse, Prof-specialty, Husband, White, Male, United-States, >50K
29.249279,246949.39,6.952229,-688.3431,1596.1072,41.87126, Private, HS-grad, Never-married, Adm-clerical, Own-child, White, Female, United-States, <=50K
45.347187,3470.1882,8.93353,-121.745674,10.569577,26.952524, Private, HS-grad, Never-married, Craft-repair, Unmarried, White, Male, United-States, <=50K
34.80918,103774.7,6.5483675,-176.3139,1.9274036,28.458836, Private, 11th, Married-civ-spouse, Handlers-cleaners, Husband, White, Male, United-States, <=50K
43.390545,110663.484,9.017164,76.80254,-3.759677,32.283646, Private, HS-grad, Married-civ-spouse, Sales, Husband, White, Male, United-States, <=50K
25.641481,54982.36,9.992076,125.578545,24.629076,25.166399, Private, Some-college, Never-married, Craft-repair, Not-in-family, White, Male, United-States, <=50K
30.81266,254402.2,9.075886,-92.26655,-2.8421202,39.807655, Private, HS-grad, Widowed, Machine-op-inspct, Not-in-family, White, Male, United-States, <=50K
26.901752,342150.66,6.9255104,1279.7128,56.48315,38.132175, Private, 9th, Divorced, Handlers-cleaners, Own-child, White, Female, United-States, <=50K
62.36409,317135.5,9.008167,90.65624,3.3219423,60.900894, Self-emp-not-inc, HS-grad, Married-civ-spouse, Transport-moving, Husband, White, Male, United-States, <=50K
50.02087,42171.92,9.067161,-228.37982,3.9874468,38.897278, State-gov, HS-grad, Married-civ-spouse, Craft-repair, Husband, White, Male, United-States, <=50K
60.701946,101509.14,9.996873,102.13488,4.690427,36.331264, Private, Some-college, Divorced, Sales, Unmarried, White, Female, United-States, <=50K
38.996605,85238.18,13.035038,-154.61615,1709.1007,42.650154, Local-gov, Bachelors, Married-civ-spouse, Craft-repair, Husband, White, Male, United-States, <=50K
42.88311,116885.195,9.088754,-239.57257,-2.9355116,86.87778, Self-emp-not-inc, HS-grad, Married-civ-spouse, Exec-managerial, Husband, White, Male, United-States, <=50K
22.887962,179300.05,6.8675,-208.18134,-3.4583158,40.864628, Federal-gov, 10th, Never-married, Other-service, Own-child, White, Male, United-States, <=50K
37.090023,248176.8,13.894789,714.68567,-15.325015,38.20596, Private, Masters, Never-married, Adm-clerical, Unmarried, White, Female, United-States, >50K
37.076263,130810.875,11.990845,291.0681,-1.5437497,42.08454, Private, Assoc-acdm, Married-civ-spouse, Craft-repair, Husband, White, Male, United-States, >50K
39.70008,177503.83,9.974661,15.061825,24.562841,28.764055, Private, Some-college, Divorced, Other-service, Unmarried, White, Female, United-States, <=50K
25.991032,171144.78,8.974213,178.6983,7.217061,51.51117, Private, HS-grad, Never-married, Sales, Not-in-family, White, Male, United-States, <=50K
28.54062,122289.266,9.065078,1327.5786,11.701886,38.226856, Local-gov, HS-grad, Divorced, Tech-support, Unmarried, White, Female, United-States, <=50K
17.779905,294652.62,11.905063,-56.05097,4.995328,29.127876, Private, Assoc-acdm, Never-married, Craft-repair, Own-child, White, Male, United-States, <=50K
33.205715,206374.98,9.037194,-103.23444,-14.617656,41.792755, Private, HS-grad, Never-married, Sales, Own-child, White, Female, United-States, <=50K
52.539593,212058.27,10.02651,123.74883,-15.195926,44.79534, Private, Some-college, Married-civ-spouse, Machine-op-inspct, Husband, White, Male, United-States, >50K
29.4087,217511.69,6.995334,-77.76716,-17.080385,32.833153, Private, 12th, Never-married, Sales, Own-child, White, Female, United-States, <=50K
29.351704,214424.3,9.025416,44.977657,9.127721,67.05502, Private, HS-grad, Never-married, Transport-moving, Not-in-family, White, Male, United-States, <=50K
29.26106,42255.234,12.973858,121.898125,12.948186,43.942955, Private, Bachelors, Never-married, Prof-specialty, Not-in-family, White, Male, United-States, <=50K
30.796099,114883.484,12.146034,24.206234,1.494794,37.23004, Self-emp-not-inc, Assoc-acdm, Married-civ-spouse, Craft-repair, Husband, White, Male, United-States, <=50K
38.719795,58825.67,9.110251,1181.9186,-23.819925,43.544823, Private, HS-grad, Married-civ-spouse, Adm-clerical, Wife, White, Female, United-States, >50K
35.910862,97025.234,9.924413,370.15027,2.554822,38.913773, Private, Some-college, Married-civ-spouse, Machine-op-inspct, Husband, White, Male, United-States, >50K
51.672054,114687.01,12.7662,5011.3696,26.769903,43.617256, ?, Bachelors, Married-civ-spouse, ?, Husband, White, Male, United-States, <=50K
45.55964,257480.36,9.009793,-58.076115,29.147448,41.518986, Private, HS-grad, Divorced, Machine-op-inspct, Unmarried, White, Male, United-States, <=50K
25.174984,209116.27,10.011626,335.16858,25.850798,47.609116, Private, Some-college, Separated, Craft-repair, Not-in-family, White, Male, United-States, <=50K
47.56674,236952.5,7.221823,-45.570988,4.0210695,41.681255, Private, 11th, Divorced, Exec-managerial, Unmarried, White, Male, United-States, >50K
39.21326,130365.97,10.051852,25.526424,8.067296,35.51518, Private, Some-college, Divorced, Exec-managerial, Not-in-family, White, Male, United-States, <=50K
27.388847,132202.47,10.011648,-4.944767,10.345159,41.326572, Private, Some-college, Never-married, Sales, Husband, White, Male, United-States, <=50K
49.89329,181970.14,14.052055,159.54083,-17.23047,39.462112, Local-gov, Masters, Married-civ-spouse, Protective-serv, Husband, White, Male, United-States, <=50K
31.12547,240300.22,9.045882,14.395565,10.438161,48.21119, Private, HS-grad, Married-civ-spouse, Craft-repair, Husband, White, Male, United-States, <=50K
37.39742,228001.48,13.141172,106.46404,-2.7741804,42.373276, Private, Bachelors, Married-civ-spouse, Prof-specialty, Husband, White, Male, United-States, >50K
23.280352,177366.47,10.921201,-285.02948,-4.2327833,47.452824, State-gov, Assoc-voc, Never-married, Other-service, Own-child, White, Female, United-States, <=50K
47.909092,53014.89,13.78407,1952.5204,3.1765642,30.17743, Self-emp-not-inc, Masters, Never-married, Farming-fishing, Not-in-family, White, Male, United-States, <=50K
30.417253,235317.78,9.0309925,-72.56367,-5.727542,49.210194, Private, HS-grad, Never-married, Exec-managerial, Own-child, White, Female, United-States, <=50K
20.95484,265246.9,5.0118027,-444.40753,12.224919,45.81609, Private, 10th, Never-married, Transport-moving, Not-in-family, White, Female, United-States, <=50K
56.014347,291493.2,5.922917,-260.66425,4.0099382,47.185776, Private, 9th, Separated, Adm-clerical, Not-in-family, White, Female, United-States, <=50K
35.505466,255828.73,9.005687,69.826836,10.237309,48.32536, Private, HS-grad, Divorced, Sales, Unmarried, White, Female, United-States, <=50K
19.837563,173888.22,9.930227,48.610653,-3.7717543,28.97331, Private, Some-college, Never-married, Handlers-cleaners, Own-child, White, Male, United-States, <=50K
37.531635,232836.1,10.58305,-373.59662,14.136136,44.4139, Private, HS-grad, Married-civ-spouse, Handlers-cleaners, Husband, White, Male, United-States, <=50K
26.457388,93210.48,11.109389,701.1357,24.07681,43.582108, Private, Assoc-voc, Married-spouse-absent, Machine-op-inspct, Unmarried, White, Female, United-States, <=50K
49.17958,64707.195,9.0598345,-128.05902,9.430203,41.816544, Private, HS-grad, Married-civ-spouse, Craft-repair, Husband, White, Male, United-States, <=50K
19.430948,215905.12,9.987093,554.7604,-11.373591,17.599653, Private, Some-college, Never-married, Other-service, Own-child, White, Female, United-States, <=50K
33.717068,107917.16,8.998027,73.55657,-3.6401396,44.53993, Private, HS-grad, Never-married, Sales, Not-in-family, White, Female, United-States, <=50K
16.318304,297564.16,10.654479,452.6488,-11.231914,57.16952, Private, HS-grad, Married-civ-spouse, Machine-op-inspct, Not-in-family, White, Male, United-States, <=50K
35.981213,152796.03,8.999073,160.05865,-12.091434,36.493095, Private, HS-grad, Never-married, Sales, Not-in-family, White, Female, United-States, <=50K
45.331364,245910.89,13.015438,-167.52484,-1.4386929,42.16522, Private, Bachelors, Divorced, Sales, Not-in-family, White, Female, United-States, >50K
62.885265,154583.47,9.043888,1183.4459,8.595929,54.45847, ?, HS-grad, Married-civ-spouse, ?, Husband, White, Male, United-States, <=50K
28.59923,89933.61,10.014218,198.7201,6.6943407,40.64343, Private, Some-college, Married-civ-spouse, Transport-moving, Husband, White, Male, United-States, >50K
42.5469,199343.55,10.012058,2589.3093,3.5839434,40.6172, Private, Some-college, Married-civ-spouse, Machine-op-inspct, Husband, White, Male, United-States, <=50K
41.24934,140939.17,14.259936,324.08588,-18.553698,43.079987, Self-emp-inc, Masters, Married-civ-spouse, Exec-managerial, Husband, White, Male, United-States, <=50K
21.040674,301960.44,7.760396,-165.32843,-9.877788,26.141172, Private, 12th, Never-married, Handlers-cleaners, Own-child, White, Female, United-States, <=50K
40.966118,166244.48,10.896396,479.12268,6.406743,43.27222, Private, Assoc-voc, Divorced, Other-service, Own-child, White, Male, United-States, <=50K
32.343548,138909.22,8.984731,-115.038155,-13.694903,38.530293, Private, HS-grad, Married-civ-spouse, Other-service, Unmarried, White, Female, United-States, <=50K
41.019573,76926.766,9.023628,-23.61127,-16.903406,44.537357, Private, HS-grad, Married-civ-spouse, Sales, Husband, White, Male, United-States, <=50K
31.683401,74816.63,9.978392,179.54791,8.076863,24.19714, Private, Some-college, Married-civ-spouse, Exec-managerial, Husband, White, Male, United-States, <=50K
17.409086,135392.84,12.124119,292.80853,-6.019641,35.843754, Private, Assoc-acdm, Never-married, Adm-clerical, Not-in-family, White, Female, United-States, <=50K
25.007433,93963.7,13.058784,-53.723087,24.223166,14.59845, Local-gov, Bachelors, Never-married, Adm-clerical, Unmarried, White, Female, United-States, <=50K
58.301353,185826.38,9.962787,335.25378,2.4459352,46.90236, Private, Some-college, Separated, Prof-specialty, Unmarried, White, Male, United-States, >50K
25.960136,202680.61,9.980817,225.60541,-6.9305296,52.87021, Private, Some-college, Never-married, Adm-clerical, Not-in-family, White, Male, United-States, <=50K
36.452324,254997.27,8.959467,90.32586,4.2585726,38.573746, Private, HS-grad, Married-spouse-absent, Craft-repair, Not-in-family, White, Male, United-States, <=50K
21.54182,196097.73,10.33204,-85.54792,428.8671,45.6213, Private, Some-college, Never-married, Tech-support, Not-in-family, White, Female, United-States, <=50K
40.259083,110346.36,13.982542,-35.660343,-36.797764,39.14, Private, Masters, Married-civ-spouse, Prof-specialty, Own-child, White, Female, United-States, >50K
56.684666,98547.79,6.2996497,67.59612,13.16142,41.31821, Private, 10th, Married-civ-spouse, Sales, Husband, White, Male, United-States, <=50K
27.588274,234495.62,10.010764,401.9735,995.0057,35.77868, Private, Some-college, Married-civ-spouse, Sales, Husband, White, Male, United-States, >50K
51.011925,152037.77,12.908661,852.2929,-13.462771,58.18978, Private, Bachelors, Never-married, Exec-managerial, Not-in-family, White, Male, United-States, >50K
33.8606,131106.66,8.497569,-50.004826,-2.2627363,45.65803, Private, HS-grad, Married-civ-spouse, Other-service, Husband, White, Male, United-States, >50K
46.626717,210936.9,9.037588,443.6198,33.26873,38.94228, Private, HS-grad, Married-civ-spouse, Craft-repair, Husband, White, Male, United-States, <=50K
48.316563,264779.0,9.9458475,-145.7359,3.4128542,25.25712, Self-emp-inc, Some-college, Widowed, Exec-managerial, Unmarried, White, Female, United-States, <=50K
32.63431,179092.44,9.958753,158.0047,4.2209826,38.759357, Private, Some-college, Divorced, Exec-managerial, Not-in-family, White, Male, United-States, <=50K
23.275434,79914.09,4.304711,-251.86322,9.502263,39.0412, Private, 10th, Never-married, Farming-fishing, Own-child, White, Male, United-States, <=50K
52.345978,292001.7,12.926076,137.82623,-1.8632764,42.869923, ?, Bachelors, Married-civ-spouse, ?, Husband, White, Male, United-States, >50K
43.44101,205299.5,7.2631993,-372.2315,1829.3018,48.63196, Private, 12th, Married-civ-spouse, Prof-specialty, Husband, White, Male, United-States, >50K
47.56273,193569.95,9.012913,2769.9243,12.282376,45.707466, Private, HS-grad, Married-civ-spouse, Transport-moving, Husband, White, Male, United-States, >50K
31.273373,146883.66,12.995552,20.812557,-5.6338377,38.273155, Private, Bachelors, Married-civ-spouse, Craft-repair, Husband, White, Male, United-States, >50K
45.47278,411222.6,9.011333,-480.62518,-23.021418,42.01127, Private, HS-grad, Married-civ-spouse, Adm-clerical, Wife, White, Female, United-States, <=50K
53.747787,314963.8,11.812568,9.929989,9.096524,31.997885, Private, Assoc-acdm, Married-civ-spouse, Sales, Husband, White, Male, United-States, >50K
25.677223,197798.7,12.797842,174.06683,1960.6091,37.891964, Private, Bachelors, Never-married, Craft-repair, Not-in-family, White, Male, United-States, <=50K
32.300617,232684.77,11.816392,-44.910465,13.193593,40.93306, Private, Assoc-acdm, Married-civ-spouse, Craft-repair, Husband, White, Male, United-States, <=50K
45.023304,230186.95,5.514876,55.851376,-11.785487,26.701809, Private, 12th, Married-civ-spouse, Handlers-cleaners, Husband, White, Male, United-States, <=50K
40.857323,316384.38,13.017252,1275.4387,-1.9255856,54.530445, Private, Bachelors, Married-civ-spouse, Exec-managerial, Husband, White, Male, United-States, >50K
55.959087,194167.56,12.911189,131.88763,2230.8264,44.077106, ?, Assoc-acdm, Married-civ-spouse, ?, Husband, White, Male, United-States, >50K
44.37322,143760.8,12.948994,32.665096,-0.8878354,45.40375, Private, Bachelors, Married-civ-spouse, Exec-managerial, Husband, White, Male, United-States, >50K
42.9086,200435.98,8.98849,-20.28864,-1.1279095,44.803837, Private, HS-grad, Married-civ-spouse, Sales, Wife, White, Female, United-States, <=50K
26.59067,217621.9,9.062549,102.45257,2.066968,40.947502, Private, HS-grad, Married-civ-spouse, Prof-specialty, Husband, White, Male, United-States, <=50K
32.96474,197016.67,11.739673,157.14197,2383.3625,49.614136, Private, Assoc-acdm, Never-married, Craft-repair, Not-in-family, White, Female, United-States, <=50K
51.01014,144413.55,4.827165,-295.91962,-7.481738,53.48454, Local-gov, 9th, Married-civ-spouse, Craft-repair, Husband, White, Male, United-States, <=50K
41.63791,63251.445,5.559622,-705.9183,-2.8146772,35.02103, Private, 9th, Married-civ-spouse, Machine-op-inspct, Husband, White, Male, United-States, <=50K
29.392143,145267.9,8.95888,-78.00849,-12.895724,34.9141, Private, HS-grad, Married-civ-spouse, Handlers-cleaners, Other-relative, White, Male, United-States, <=50K
22.833569,236955.11,9.064242,31.198421,2.6646624,35.633965, Private, HS-grad, Married-civ-spouse, Handlers-cleaners, Wife, White, Female, United-States, <=50K
68.75739,166127.83,9.01891,523.2543,13.504537,34.636887, Self-emp-not-inc, HS-grad, Divorced, Sales, Not-in-family, White, Male, United-States, <=50K
54.96157,390011.56,5.9650893,-97.257515,-10.148929,46.852932, Private, 10th, Married-civ-spouse, Machine-op-inspct, Husband, White, Male, United-States, <=50K
35.072117,208528.78,10.095726,616.2835,-2.7325087,43.539837, Private, Some-college, Married-civ-spouse, Prof-specialty, Husband, White, Male, United-States, >50K
36.770008,205238.75,10.07824,38.653194,-0.6118573,40.84352, Private, Some-college, Married-civ-spouse, Protective-serv, Husband, White, Male, United-States, >50K
47.515915,234893.08,4.2005715,-558.99554,-6.530986,37.280544, Private, 10th, Never-married, Adm-clerical, Not-in-family, White, Female, United-States, <=50K
48.195606,190413.55,13.447448,349.1397,11.303067,48.854053, Private, Bachelors, Divorced, Adm-clerical, Not-in-family, White, Male, United-States, <=50K
33.30666,229152.11,9.001419,-164.39386,18.561415,44.503155, Private, HS-grad, Divorced, Other-service, Not-in-family, White, Male, United-States, <=50K
32.210667,40443.016,9.087853,-23.096745,0.83369935,45.74595, ?, HS-grad, Married-civ-spouse, ?, Husband, White, Male, United-States, <=50K
32.440235,118625.8,8.858597,-82.113106,11.205968,44.68523, Private, HS-grad, Divorced, Other-service, Unmarried, White, Female, United-States, <=50K
43.19912,109921.48,8.977228,86.37536,-1.2958401,45.534573, Private, HS-grad, Married-civ-spouse, Exec-managerial, Husband, White, Male, United-States, <=50K
56.40268,84739.9,8.963457,74.30157,20.366102,38.309235, Private, HS-grad, Divorced, Machine-op-inspct, Unmarried, White, Female, United-States, <=50K
31.378107,146846.14,9.936373,-81.49482,-26.381266,44.95352, Private, Some-college, Married-civ-spouse, Craft-repair, Husband, White, Male, United-States, <=50K
32.776363,590189.25,9.075162,112.89446,-6.707942,54.294605, Private, HS-grad, Married-civ-spouse, Prof-specialty, Husband, White, Male, United-States, >50K
21.908905,327172.7,10.88912,99.32043,12.375127,52.086205, Private, Assoc-voc, Never-married, Craft-repair, Not-in-family, White, Male, United-States, >50K
48.576954,283725.3,9.002823,-27.111637,21.255514,26.28337, Self-emp-not-inc, HS-grad, Divorced, Sales, Unmarried, White, Female, United-States, <=50K
42.963013,106114.25,9.0170965,-6.873478,10.894399,36.97939, Private, HS-grad, Married-civ-spouse, Sales, Husband, White, Male, United-States, >50K
26.585003,372435.72,8.9719305,-127.35407,6.1962023,29.282639, Private, HS-grad, Never-married, Adm-clerical, Not-in-family, White, Female, United-States, <=50K
25.675241,214338.0,10.068679,247.20868,1828.2902,47.21438, Private, Some-college, Married-civ-spouse, Transport-moving, Husband, White, Male, United-States, <=50K
24.95099,232176.67,8.991795,-77.61335,-9.801593,38.437397, Private, HS-grad, Never-married, Sales, Unmarried, White, Female, United-States, <=50K
30.472095,207548.16,5.4193826,709.91315,1447.8689,25.911022, Private, 9th, Married-civ-spouse, Handlers-cleaners, Husband, White, Male, United-States, <=50K
40.46709,219258.88,8.928858,-86.916695,-0.7952908,54.574604, Private, HS-grad, Never-married, Sales, Not-in-family, White, Female, United-States, <=50K
30.62458,311718.2,9.142452,-84.41743,-16.22513,45.29138, Federal-gov, HS-grad, Never-married, Transport-moving, Own-child, White, Male, United-States, <=50K
40.958443,433745.22,10.05413,-5.50214,-39.434193,70.00054, Private, Some-college, Never-married, Sales, Own-child, White, Male, United-States, <=50K
31.714836,194639.22,9.055387,3670.8433,-52.498943,43.54029, Private, HS-grad, Married-civ-spouse, Adm-clerical, Husband, White, Male, United-States, >50K
53.85188,266978.94,9.185222,-444.33588,1771.6664,53.503662, Self-emp-not-inc, HS-grad, Never-married, Exec-managerial, Own-child, White, Female, United-States, <=50K
46.08751,96165.74,10.025466,-135.98431,-3.969966,47.006313, Private, Some-college, Separated, Exec-managerial, Not-in-family, White, Female, United-States, <=50K
40.974155,97729.9,12.998323,228.61188,-9.858333,41.78091, Private, Bachelors, Never-married, Prof-specialty, Own-child, White, Male, United-States, >50K
39.404404,479817.12,14.572743,550.39954,25.89247,65.93096, Local-gov, Masters, Divorced, Prof-specialty, Not-in-family, White, Female, United-States, >50K
43.825516,147994.9,9.038782,746.86017,0.35825074,40.401657, Private, HS-grad, Married-civ-spouse, Craft-repair, Husband, White, Male, United-States, <=50K
57.56826,209707.44,8.963843,300.3344,-15.448054,42.87533, Private, HS-grad, Married-civ-spouse, Sales, Husband, White, Male, United-States, >50K
50.07031,146650.06,12.575891,2141.5156,-6.0911207,40.281506, Private, Masters, Married-civ-spouse, Exec-managerial, Husband, White, Male, United-States, <=50K
31.136944,278913.88,7.681109,-425.10077,17.724356,37.68548, Local-gov, 9th, Never-married, Other-service, Not-in-family, White, Female, United-States, <=50K
30.27106,206181.1,9.942008,93.67864,17.62467,34.69965, Private, Some-college, Divorced, Other-service, Unmarried, White, Male, United-States, <=50K
54.745712,89043.29,15.351847,940.49316,-3.4020262,54.156643, Private, Bachelors, Married-civ-spouse, Prof-specialty, Husband, White, Male, United-States, <=50K
35.359505,140578.05,10.003113,1941.8002,-12.935138,45.394283, Private, Some-college, Married-civ-spouse, Craft-repair, Husband, White, Male, United-States, >50K
35.96732,117945.63,9.252482,13731.049,42.69914,68.648125, Self-emp-not-inc, HS-grad, Married-civ-spouse, Craft-repair, Husband, White, Male, United-States, >50K
24.04282,173845.06,11.033227,-21.233952,-4.2292204,23.073498, Local-gov, Assoc-voc, Never-married, Adm-clerical, Unmarried, White, Female, United-States, <=50K
20.442865,60547.844,9.081206,-214.2248,-7.0098295,36.91932, Private, HS-grad, Never-married, Sales, Own-child, White, Male, United-States, <=50K
22.729832,90670.9,12.900123,405.35193,24.19913,42.28757, Private, Bachelors, Divorced, Exec-managerial, Not-in-family, White, Female, United-States, <=50K
22.676998,73181.09,9.0350685,-82.63825,0.95756257,36.828133, Private, HS-grad, Never-married, Adm-clerical, Own-child, White, Male, United-States, <=50K
34.557476,176925.97,10.758607,-259.5224,-0.9048184,70.05516, Private, Bachelors, Divorced, Craft-repair, Not-in-family, White, Male, United-States, >50K
58.180523,146236.7,8.926598,321.65546,-4.464053,41.86768, Private, HS-grad, Married-civ-spouse, Exec-managerial, Not-in-family, White, Male, United-States, <=50K
27.826841,232647.36,10.978953,1273.672,-23.925013,42.084118, State-gov, Assoc-voc, Never-married, Exec-managerial, Not-in-family, White, Male, United-States, <=50K
28.493095,249345.66,7.8747344,-241.48285,-18.783182,35.455807, Private, 12th, Never-married, Machine-op-inspct, Own-child, White, Female, United-States, <=50K
38.668545,64322.58,12.985382,187.73816,8.801793,41.990536, Private, Bachelors, Married-civ-spouse, Tech-support, Husband, White, Male, United-States, >50K
56.578926,443629.16,12.956714,12.138607,-10.321109,59.151817, Private, Bachelors, Married-civ-spouse, Prof-specialty, Husband, White, Male, United-States, <=50K
31.343664,168417.94,12.966,78.19085,-17.806002,33.642498, Private, Bachelors, Married-civ-spouse, Other-service, Husband, White, Male, United-States, <=50K
49.364285,158667.61,12.502964,7.4498863,-1.50397,40.490334, Private, Masters, Married-civ-spouse, Adm-clerical, Husband, White, Male, United-States, <=50K
76.460335,69062.04,9.937204,120.01281,1908.0026,23.578415, Self-emp-not-inc, Some-college, Married-civ-spouse, Transport-moving, Husband, White, Male, United-States, <=50K
44.975437,158820.58,8.99519,-63.707462,9.487828,41.488056, Private, HS-grad, Divorced, Exec-managerial, Not-in-family, White, Female, United-States, <=50K
44.201584,179651.4,12.899882,2029.3911,-14.899013,49.50935, Private, Bachelors, Married-civ-spouse, Exec-managerial, Husband, White, Male, United-States, <=50K
27.487822,222601.94,8.980876,405.47992,-4.574527,36.04346, Private, HS-grad, Never-married, Other-service, Not-in-family, White, Male, United-States, <=50K
37.641586,132772.92,12.8750305,79.2506,13.03156,44.85735, Private, Bachelors, Married-civ-spouse, Transport-moving, Husband, White, Male, United-States, >50K
41.10326,172329.61,12.569457,44.808163,0.4398929,43.63876, Private, Masters, Divorced, Handlers-cleaners, Unmarried, White, Male, United-States, <=50K
56.755825,303062.12,12.855028,17.383236,11.024022,38.142452, Private, Bachelors, Divorced, Tech-support, Not-in-family, White, Female, United-States, >50K
28.246971,416761.06,10.151445,25091.193,-6.0947447,42.997234, Local-gov, Some-college, Never-married, Protective-serv, Not-in-family, White, Male, United-States, <=50K
43.025593,107809.93,10.457165,139.50763,-21.424723,36.353172, Private, Some-college, Widowed, Sales, Unmarried, White, Female, United-States, <=50K
19.96025,284242.3,9.991291,-162.80963,5.304433,37.722637, Private, Some-college, Divorced, Exec-managerial, Not-in-family, White, Female, United-States, <=50K
48.7634,146072.25,13.717954,451.8553,7.036397,39.338726, Private, Masters, Married-civ-spouse, Exec-managerial, Husband, White, Male, United-States, >50K
53.37028,67449.36,8.991556,582.7891,24.509802,56.628693, Private, HS-grad, Separated, Transport-moving, Not-in-family, White, Male, United-States, <=50K
30.205345,109823.72,9.057983,125.787346,1.7782565,50.165203, Private, HS-grad, Married-civ-spouse, Exec-managerial, Husband, White, Male, United-States, <=50K
31.43539,-62324.375,10.004729,235.94025,2.986043,33.839928, Federal-gov, Some-college, Never-married, Exec-managerial, Not-in-family, White, Female, United-States, <=50K
44.457253,150449.19,10.402829,4292.976,-29.527575,45.826595, Private, Some-college, Married-civ-spouse, Sales, Husband, White, Male, United-States, >50K
51.342583,392237.16,8.329905,698.00714,-29.110163,43.6975, Federal-gov, Some-college, Married-civ-spouse, Adm-clerical, Husband, White, Male, United-States, <=50K
28.425016,317410.75,13.3128195,127.47399,-5.6439466,53.49561, Private, Assoc-acdm, Married-civ-spouse, Exec-managerial, Husband, White, Male, United-States, <=50K
42.436848,279787.53,8.990646,-39.494205,7.6360598,38.96783, ?, HS-grad, Never-married, ?, Not-in-family, White, Female, United-States, <=50K
42.612602,214157.56,10.08008,-303.20172,0.50516236,44.8715, Self-emp-inc, Some-college, Married-civ-spouse, Sales, Husband, White, Male, United-States, >50K
45.79965,113885.945,12.836731,5501.9204,-4.235614,47.590904, Private, Bachelors, Married-civ-spouse, Sales, Husband, White, Male, United-States, >50K
29.358198,177493.25,14.201034,-405.48322,4.5472307,37.033546, Private, Assoc-acdm, Married-civ-spouse, Protective-serv, Husband, White, Male, United-States, >50K
34.848793,153838.61,10.030798,78.63348,-0.7903317,36.576874, Private, Some-college, Married-civ-spouse, Transport-moving, Husband, White, Male, United-States, <=50K
33.19116,139319.48,8.96602,52.151546,-4.346904,39.963932, Private, HS-grad, Never-married, Sales, Not-in-family, White, Male, United-States, <=50K
47.55568,204049.16,12.92847,8695.986,-39.929142,54.91444, Private, Bachelors, Never-married, Adm-clerical, Not-in-family, White, Male, United-States, >50K
32.02819,376615.06,9.022749,-218.98798,-9.461383,35.840412, Private, HS-grad, Married-civ-spouse, Machine-op-inspct, Husband, White, Male, United-States, <=50K
42.898037,134921.75,10.04385,242.71033,-10.884051,46.954845, Self-emp-not-inc, Some-college, Married-civ-spouse, Exec-managerial, Husband, White, Male, United-States, <=50K
32.035038,374128.75,9.983423,23.705135,-10.019427,40.113083, Private, Some-college, Never-married, Protective-serv, Not-in-family, White, Male, United-States, <=50K
47.142155,97544.01,9.015777,-26.600163,5.842252,30.673964, Private, HS-grad, Divorced, Sales, Unmarried, White, Male, United-States, <=50K
32.670483,232048.25,12.283842,100.74633,-8.841548,47.43159, Private, Bachelors, Never-married, Sales, Not-in-family, White, Female, United-States, <=50K
58.195133,182916.36,9.008587,105.39861,8.677228,28.147985, Private, HS-grad, Married-civ-spouse, Sales, Husband, White, Male, United-States, <=50K
34.827965,165001.28,10.83249,218.1195,-3.8493986,39.114574, State-gov, Some-college, Married-civ-spouse, Tech-support, Not-in-family, White, Female, United-States, >50K
47.560406,185746.83,13.022148,185.79926,-0.18614472,37.145718, Local-gov, Bachelors, Married-civ-spouse, Protective-serv, Husband, White, Male, United-States, >50K
44.712204,113418.13,9.100162,-58.50031,10.356618,34.473896, Local-gov, HS-grad, Married-civ-spouse, Exec-managerial, Husband, White, Male, United-States, >50K
26.260027,349756.34,9.970489,60.405514,-10.600657,40.084667, Private, Some-college, Never-married, Tech-support, Not-in-family, White, Female, United-States, <=50K
32.4004,497170.84,11.884583,-7.977482,21.580114,33.06, Self-emp-not-inc, Assoc-acdm, Never-married, Sales, Not-in-family, White, Male, United-States, <=50K
35.761192,466124.2,9.059289,199.47174,-6.908122,41.750053, ?, HS-grad, Married-civ-spouse, ?, Husband, White, Male, United-States, >50K
35.533695,104369.82,8.980427,-109.32661,16.400297,39.495743, Private, HS-grad, Divorced, Sales, Not-in-family, White, Female, United-States, <=50K
36.80605,221392.81,9.163136,161.62378,1.7621814,36.98205, State-gov, HS-grad, Married-civ-spouse, Protective-serv, Husband, White, Male, United-States, <=50K
55.46523,149392.12,12.931754,-62.658024,-5.1751966,43.61131, Private, Bachelors, Married-civ-spouse, Prof-specialty, Husband, White, Male, United-States, <=50K
27.029888,217488.14,9.107138,341.76642,26.699274,43.816498, Private, HS-grad, Divorced, Machine-op-inspct, Unmarried, White, Male, United-States, <=50K
43.67921,71603.83,8.938147,124.89855,16.680845,40.700497, Private, HS-grad, Divorced, Adm-clerical, Not-in-family, White, Male, United-States, <=50K
34.846855,151156.56,9.089799,26.487728,-3.636691,36.809402, Private, HS-grad, Married-civ-spouse, Sales, Husband, White, Male, United-States, >50K
26.708828,266149.9,13.658611,185.1524,5.416501,30.709473, Private, Masters, Never-married, Prof-specialty, Not-in-family, White, Male, United-States, <=50K
47.62533,102064.93,11.095273,139.72198,3.5575228,40.5998, Private, Assoc-voc, Married-civ-spouse, Sales, Husband, White, Male, United-States, >50K
30.911455,290838.22,9.0267105,171.54785,3.7534761,42.118637, Private, HS-grad, Married-civ-spouse, Craft-repair, Husband, White, Male, United-States, <=50K
40.88859,164419.36,12.89947,-244.25726,-5.359668,50.058857, Local-gov, Bachelors, Never-married, Adm-clerical, Not-in-family, White, Female, United-States, >50K
64.52297,106499.164,5.012365,-349.64252,18.81561,52.64538, Private, 11th, Married-civ-spouse, Transport-moving, Husband, White, Male, United-States, <=50K
53.017506,243566.73,9.064661,-770.36017,27.586493,42.57474, Local-gov, HS-grad, Married-civ-spouse, Other-service, Wife, White, Female, United-States, >50K
39.022335,76189.34,9.899684,101.933464,21.37261,39.42512, Private, Some-college, Divorced, Other-service, Not-in-family, White, Male, United-States, <=50K
32.10061,224049.12,12.02865,-7.7908363,3.4566545,39.977238, Private, Assoc-acdm, Married-civ-spouse, Other-service, Husband, White, Male, United-States, <=50K
20.476553,193765.31,9.963369,50.140316,8.033116,37.31964, Private, Some-college, Never-married, Exec-managerial, Not-in-family, White, Female, United-States, <=50K
50.26362,175595.11,12.969146,-271.4289,-29.752512,51.752056, Private, Bachelors, Separated, Exec-managerial, Not-in-family, White, Female, United-States, <=50K
29.404068,168960.86,3.620051,-343.138,13.03539,36.78788, Private, 10th, Never-married, Other-service, Other-relative, White, Male, United-States, <=50K
25.197388,221392.17,8.027686,-101.602486,-8.605456,39.605526, Local-gov, 11th, Never-married, Protective-serv, Own-child, White, Male, United-States, <=50K
41.01426,340051.22,9.007829,115.11797,-4.5492887,41.940254, Private, HS-grad, Married-civ-spouse, Other-service, Husband, White, Male, United-States, >50K
23.972525,82413.586,10.17312,346.95892,-0.8877362,44.50756, Federal-gov, Some-college, Never-married, Adm-clerical, Not-in-family, White, Male, United-States, >50K
19.159258,73333.16,9.973609,288.84174,-1.8437375,39.148933, Private, Some-college, Never-married, Sales, Not-in-family, White, Female, United-States, <=50K
69.00655,204223.78,4.5994306,-314.34454,5.073987,38.601105, Private, 10th, Married-civ-spouse, Craft-repair, Husband, White, Male, United-States, <=50K
34.006783,198437.64,11.710141,3951.5981,-11.1697645,43.09499, State-gov, Assoc-voc, Never-married, Tech-support, Not-in-family, White, Female, United-States, <=50K
20.479208,257415.67,10.006174,-124.551094,-20.549234,49.61028, Private, Assoc-voc, Divorced, Craft-repair, Own-child, White, Male, United-States, <=50K
39.160122,171711.94,9.997737,5261.945,-13.2839,47.287773, Private, Some-college, Married-civ-spouse, Sales, Husband, White, Male, United-States, >50K
29.3604,136365.77,10.039554,43.39831,-6.7847624,16.736841, Private, Some-college, Married-civ-spouse, Sales, Husband, White, Male, United-States, <=50K
24.034492,134748.44,8.98355,77.216606,-3.8339643,37.576176, Private, HS-grad, Married-civ-spouse, Sales, Husband, White, Male, United-States, <=50K
28.509949,176180.0,10.025257,779.87524,-42.58781,38.35155, Private, Some-college, Never-married, Adm-clerical, Husband, White, Male, United-States, <=50K
41.282413,188603.94,12.969149,44.08935,3.56503,54.525307, Private, Bachelors, Married-civ-spouse, Prof-specialty, Husband, White, Male, United-States, >50K
18.938236,285442.78,8.998737,11.579891,0.7685901,30.36551, Private, HS-grad, Never-married, Sales, Own-child, White, Male, United-States, <=50K
18.722635,189908.56,9.999198,-128.85126,-12.930171,32.118122, Private, Some-college, Never-married, Sales, Own-child, White, Female, United-States, <=50K
19.26402,358631.38,9.035402,-168.14337,2.2304049,39.39635, Private, HS-grad, Never-married, Sales, Own-child, White, Male, United-States, <=50K
26.261757,112310.4,9.002178,-226.24615,3.8693514,53.504604, Private, HS-grad, Married-civ-spouse, Craft-repair, Husband, White, Male, United-States, <=50K
37.835953,153157.86,13.009928,1369.104,-6.666545,47.697456, Private, Bachelors, Married-civ-spouse, Prof-specialty, Husband, White, Male, United-States, >50K
32.714005,244776.9,7.593951,-172.96637,24.331747,2.6469133, ?, 11th, Married-civ-spouse, ?, Wife, White, Female, United-States, <=50K
55.635574,189977.16,9.252397,114.333,14.410954,41.431873, Private, HS-grad, Divorced, Other-service, Not-in-family, White, Male, United-States, <=50K
36.67215,303894.7,12.832324,253.39862,-4.7268705,40.442703, ?, Masters, Married-civ-spouse, ?, Husband, White, Male, United-States, >50K
43.07546,85554.46,10.001248,-41.30219,-0.64364135,30.842604, State-gov, Some-college, Married-civ-spouse, ?, Wife, White, Female, United-States, <=50K
58.85194,89574.89,8.998248,-50.504948,-2.2839155,53.30123, Private, HS-grad, Married-civ-spouse, Transport-moving, Husband, White, Male, United-States, <=50K
31.625189,240198.61,12.563,267.85828,-21.369509,8.169779, State-gov, Bachelors, Never-married, Protective-serv, Not-in-family, White, Female, United-States, <=50K
49.378876,167916.23,9.808081,421.17212,36.234783,43.544865, Private, Some-college, Married-civ-spouse, Transport-moving, Husband, White, Male, United-States, <=50K
52.4692,217193.4,8.934335,7651.2856,-20.050653,52.634617, ?, HS-grad, Married-civ-spouse, ?, Husband, White, Male, United-States, <=50K
44.300446,62487.336,10.984224,111.89825,5.2137117,50.398037, Private, Assoc-voc, Married-civ-spouse, Prof-specialty, Husband, White, Male, United-States, <=50K
35.874866,149024.55,9.036988,-273.75348,-8.760386,49.310966, Private, HS-grad, Married-civ-spouse, Transport-moving, Wife, White, Female, United-States, >50K
30.371555,156812.03,11.002581,301.28735,-23.670298,40.871502, Private, Assoc-voc, Never-married, Exec-managerial, Not-in-family, White, Female, United-States, <=50K
41.734543,490278.53,10.070046,343.95905,1549.1522,56.07558, Private, Some-college, Married-civ-spouse, Craft-repair, Husband, White, Male, United-States, >50K
43.917282,161740.42,8.88473,-215.32806,60.12375,36.665833, Self-emp-not-inc, HS-grad, Divorced, Other-service, Unmarried, White, Female, United-States, <=50K
38.42594,207862.44,9.049111,-34.583317,9.651448,38.99339, Private, HS-grad, Married-civ-spouse, Craft-repair, Husband, White, Male, United-States, <=50K
30.093914,111181.55,10.0561075,-55.9621,-10.795268,26.245892, Private, Some-college, Never-married, Adm-clerical, Own-child, White, Female, United-States, <=50K
27.769106,98740.88,8.812153,-213.30792,3.4052172,36.829124, Private, HS-grad, Never-married, Handlers-cleaners, Own-child, White, Male, United-States, <=50K
30.587914,88519.016,9.065157,114.42437,0.08084594,41.27199, Private, HS-grad, Divorced, Sales, Own-child, White, Male, United-States, <=50K
37.308342,207977.19,15.113865,455.00244,2.4408998,31.981844, Local-gov, Masters, Never-married, Prof-specialty, Not-in-family, White, Female, United-States, <=50K
27.291903,239544.48,9.02239,500.23303,20.309072,36.47258, Private, HS-grad, Never-married, Transport-moving, Unmarried, White, Male, United-States, <=50K
44.51823,257800.11,7.1247325,146.93335,-8.161487,44.47133, Private, 11th, Divorced, Transport-moving, Not-in-family, White, Female, United-States, <=50K
42.920383,234123.02,8.954079,-76.90046,-3.3363981,45.855305, Private, HS-grad, Never-married, Transport-moving, Not-in-family, White, Male, United-States, <=50K
15.826005,92367.94,9.093677,-68.01301,-4.9391356,22.42116, Private, Some-college, Never-married, Other-service, Own-child, White, Male, United-States, <=50K
26.048288,74502.37,12.914341,-257.15436,4.3617067,18.678162, Federal-gov, Bachelors, Never-married, Adm-clerical, Own-child, White, Female, United-States, <=50K
38.707287,80151.484,8.978923,101.983696,-9.221858,58.906864, Private, HS-grad, Married-civ-spouse, Other-service, Husband, White, Male, United-States, <=50K
28.35924,165323.12,9.028857,465.13135,17.409185,35.194332, Private, HS-grad, Separated, Transport-moving, Unmarried, White, Female, United-States, <=50K
18.965816,71694.97,6.9646344,-23.024967,-2.8841276,38.921616, Private, 11th, Never-married, Prof-specialty, Own-child, White, Male, United-States, <=50K
28.21179,367228.34,2.261302,-292.14117,8.537145,35.580456, ?, 12th, Married-civ-spouse, ?, Husband, White, Male, United-States, <=50K
22.41161,213642.6,9.960996,204.71954,6.098775,45.475338, Private, Some-college, Never-married, Craft-repair, Not-in-family, White, Male, United-States, <=50K
39.232414,152569.73,8.984435,79.96795,-2.119052,62.60097, Private, HS-grad, Married-civ-spouse, Transport-moving, Husband, White, Male, United-States, <=50K
37.296112,218349.89,10.021191,376.77313,-1.9114636,46.07772, Private, Some-college, Married-civ-spouse, Prof-specialty, Husband, White, Male, United-States, >50K
27.761652,212416.84,3.911059,-14.896427,-1.4353131,25.087975, Private, 11th, Never-married, Tech-support, Own-child, White, Female, United-States, <=50K
43.480648,152524.03,13.31711,59.532223,4.4785433,34.902172, Private, Masters, Divorced, Adm-clerical, Unmarried, White, Female, United-States, <=50K
39.912384,106301.27,11.028842,4984.2637,-19.996134,47.057426, Private, Assoc-voc, Married-civ-spouse, Sales, Husband, White, Male, United-States, >50K
29.701563,153895.52,9.051441,4.284725,9.227986,42.030895, Private, HS-grad, Married-civ-spouse, Handlers-cleaners, Husband, White, Male, United-States, <=50K
63.258316,226637.22,4.901758,-478.99274,5.8369417,23.757103, Private, 10th, Divorced, Priv-house-serv, Unmarried, White, Female, United-States, <=50K
39.25994,158085.78,13.55478,167.8316,21.512045,38.88929, Private, Masters, Married-civ-spouse, Prof-specialty, Husband, White, Male, United-States, >50K
20.193348,72394.945,8.999039,-111.804634,3.074399,37.797092, Private, HS-grad, Never-married, Sales, Own-child, White, Female, United-States, <=50K
43.317616,36693.344,6.3302784,-393.99347,5.9137087,38.460823, Private, 9th, Divorced, Transport-moving, Unmarried, White, Female, United-States, <=50K
34.003605,254346.22,12.923545,1109.3057,3.9551134,36.351517, Private, Bachelors, Never-married, Prof-specialty, Not-in-family, White, Male, United-States, <=50K
38.095753,114995.99,9.0690155,-13.18964,14.596059,26.313602, Private, HS-grad, Married-civ-spouse, Adm-clerical, Husband, White, Male, United-States, <=50K
67.97682,275949.84,12.879121,108.286674,4.993909,46.812916, Private, Bachelors, Divorced, Exec-managerial, Not-in-family, White, Male, United-States, <=50K
30.853022,150346.92,9.962808,-115.971016,6.119405,38.498703, Private, Some-college, Divorced, Machine-op-inspct, Unmarried, White, Female, United-States, <=50K
30.677902,179234.55,9.955503,471.6278,-9.726733,26.709368, Private, Some-college, Never-married, Exec-managerial, Not-in-family, White, Female, United-States, >50K
35.52383,99616.17,9.020077,25.470516,-6.5189314,56.26242, Private, HS-grad, Married-civ-spouse, Sales, Husband, White, Male, United-States, <=50K
24.993187,163007.42,8.694185,-82.32819,359.50873,56.48582, Private, HS-grad, Never-married, Farming-fishing, Unmarried, White, Male, United-States, <=50K
34.082367,29854.625,9.035411,-73.369576,-6.000552,39.596848, Private, HS-grad, Never-married, Adm-clerical, Not-in-family, White, Female, United-States, <=50K
48.33334,119739.0,9.06561,604.88336,34.140007,47.80301, Self-emp-not-inc, HS-grad, Divorced, Sales, Unmarried, White, Male, United-States, <=50K
32.270718,130971.91,10.880266,615.8921,2.099599,55.847244, Private, Assoc-voc, Married-civ-spouse, Other-service, Husband, White, Male, United-States, >50K
20.324087,280376.75,9.042287,228.54504,5.5324144,40.656685, ?, HS-grad, Never-married, ?, Not-in-family, White, Male, United-States, <=50K
41.649544,207993.19,10.039697,356.98688,-12.684649,46.40886, Private, Some-college, Separated, Adm-clerical, Not-in-family, White, Female, United-States, <=50K
40.070377,146754.28,9.982446,-147.32928,-2.563777,37.90413, Private, Some-college, Married-civ-spouse, Sales, Husband, White, Male, United-States, >50K
39.62608,165494.8,9.020553,1405.8671,-10.624431,56.645767, Private, HS-grad, Married-civ-spouse, Exec-managerial, Husband, White, Male, United-States, >50K
26.75309,380903.12,8.9917345,-22.37946,6.7072344,45.322495, Private, HS-grad, Never-married, Transport-moving, Not-in-family, White, Male, United-States, <=50K
49.416595,122714.32,11.175004,101.761406,-3.9831038,51.727787, Self-emp-not-inc, Assoc-voc, Divorced, Prof-specialty, Unmarried, White, Female, United-States, <=50K
22.066654,276970.3,13.115595,-284.3958,-5.713931,25.596647, Local-gov, Bachelors, Never-married, Adm-clerical, Own-child, White, Male, United-States, <=50K
24.495907,252037.69,8.910205,-74.65217,15.732099,39.055107, Private, HS-grad, Never-married, Other-service, Not-in-family, White, Female, United-States, <=50K
28.820307,105949.12,8.989405,-49.515934,16.838423,30.70853, Private, HS-grad, Divorced, Other-service, Unmarried, White, Female, United-States, <=50K
32.533657,89533.53,13.06754,372.0915,-10.137134,42.345894, Private, Bachelors, Never-married, Prof-specialty, Husband, White, Male, United-States, >50K
41.303196,409742.3,12.952103,-48.46137,-1.2263745,38.708622, Private, Bachelors, Married-civ-spouse, Machine-op-inspct, Husband, White, Male, United-States, <=50K
48.5787,70270.516,9.995507,27.5368,-3.4145231,41.502068, Private, Some-college, Married-civ-spouse, Prof-specialty, Husband, White, Male, United-States, <=50K
38.48589,253399.8,12.969601,4929.5933,-6.714946,50.06947, Private, Bachelors, Married-civ-spouse, Prof-specialty, Husband, White, Male, United-States, >50K
33.457413,173194.0,8.950659,1.4530599,-0.056757823,52.850857, Private, HS-grad, Married-civ-spouse, Farming-fishing, Husband, White, Male, United-States, <=50K
29.370525,241238.17,9.973993,59.939938,-6.4868727,42.770695, Private, Some-college, Married-civ-spouse, Craft-repair, Husband, White, Male, United-States, <=50K
55.88896,103663.74,9.972249,82.84069,5.111127,53.44264, Private, Some-college, Divorced, Prof-specialty, Not-in-family, White, Male, United-States, <=50K
21.435787,82899.34,8.993414,-31.261906,2.560567,36.058346, Private, HS-grad, Never-married, Other-service, Own-child, White, Male, United-States, <=50K
52.79901,106032.53,9.086747,-14.869938,10.183736,38.78177, Local-gov, HS-grad, Married-civ-spouse, Exec-managerial, Husband, White, Male, United-States, >50K
33.19,109418.43,13.769151,-45.89008,-10.586238,28.162754, Private, Masters, Married-civ-spouse, Handlers-cleaners, Husband, White, Male, United-States, <=50K
41.311108,280025.78,13.069176,17885.494,-38.999454,26.803223, ?, Masters, Married-civ-spouse, ?, Husband, White, Male, United-States, >50K
51.261646,250571.67,12.955327,781.0862,-9.749377,33.52827, Private, Bachelors, Married-civ-spouse, Adm-clerical, Husband, White, Male, United-States, <=50K
56.478977,305932.44,8.991855,-94.08491,-8.123134,38.323513, Private, HS-grad, Married-civ-spouse, Exec-managerial, Husband, White, Male, United-States, <=50K
27.59854,80273.766,5.7446313,-123.60859,-5.290431,12.4701, Private, 10th, Never-married, Other-service, Own-child, White, Female, United-States, <=50K
48.120613,130052.74,9.979544,146.16174,0.450925,56.221806, Private, Some-college, Married-civ-spouse, Other-service, Husband, White, Male, United-States, >50K
34.178844,167554.75,8.840945,-6.6225014,-7.325404,41.451866, Private, HS-grad, Never-married, Farming-fishing, Own-child, White, Male, United-States, <=50K
38.393726,69659.49,11.499778,281.08368,1.0088092,26.9177, Private, Assoc-voc, Divorced, Adm-clerical, Not-in-family, White, Female, United-States, <=50K
22.165504,-1491.1088,9.079186,129.80249,-4.7692595,41.40761, Private, HS-grad, Never-married, Adm-clerical, Own-child, White, Female, United-States, <=50K
45.77169,228386.64,12.76376,-22.814762,-0.4772061,40.615387, Private, Bachelors, Divorced, Exec-managerial, Not-in-family, White, Female, United-States, <=50K
42.45267,305058.78,13.836419,1330.9519,1489.1012,43.355503, State-gov, Masters, Never-married, Prof-specialty, Not-in-family, White, Female, United-States, >50K
30.4422,104235.23,9.054386,-644.25934,-5.670985,36.12495, Local-gov, HS-grad, Never-married, Other-service, Own-child, White, Male, United-States, <=50K
42.784893,115266.37,8.956335,106.77105,9.702809,46.357105, Private, HS-grad, Divorced, Priv-house-serv, Not-in-family, White, Male, United-States, <=50K
35.88164,84585.46,13.030147,-138.62006,4.5131655,32.833485, Private, Bachelors, Never-married, Other-service, Own-child, White, Male, United-States, <=50K
19.357882,911696.2,3.647644,518.85443,2.9148378,38.479256, Private, 12th, Never-married, Craft-repair, Unmarried, White, Male, United-States, <=50K
41.622597,249378.47,9.096038,-78.22773,-4.8890486,17.15144, ?, HS-grad, Married-civ-spouse, ?, Husband, White, Male, United-States, >50K
35.662678,111027.54,10.0017395,49.281002,-9.609836,62.422455, Private, Some-college, Married-civ-spouse, Machine-op-inspct, Husband, White, Male, United-States, <=50K
55.563274,82956.92,8.967652,-62.01044,3.353345,41.49921, Private, HS-grad, Married-civ-spouse, Transport-moving, Husband, White, Male, United-States, <=50K
29.043095,55760.688,9.980551,179.57855,17.769514,38.96168, Private, Some-college, Divorced, Adm-clerical, Unmarried, White, Female, United-States, <=50K
40.1339,72039.3,10.067672,245.86084,2.9296846,49.59325, Private, Some-college, Married-civ-spouse, Craft-repair, Husband, White, Male, United-States, >50K
43.17267,257403.67,12.891961,57.23205,10.606656,41.940777, Private, Bachelors, Married-civ-spouse, Craft-repair, Husband, White, Male, United-States, <=50K
24.446848,153437.16,8.975367,33.47436,0.5795413,38.404747, Private, HS-grad, Never-married, Adm-clerical, Not-in-family, White, Female, United-States, <=50K
34.306694,244314.19,10.368454,-115.39777,0.27390015,33.59012, Private, Some-college, Divorced, Sales, Other-relative, White, Female, United-States, <=50K
43.88672,197341.89,10.935676,646.9365,0.66833985,54.81606, Private, Assoc-voc, Married-spouse-absent, Sales, Unmarried, White, Male, United-States, <=50K
46.89913,176133.62,9.116863,2454.876,10.709622,43.335438, Local-gov, HS-grad, Married-civ-spouse, Other-service, Husband, White, Male, United-States, <=50K
26.695423,329034.72,8.156585,-380.03485,1911.1841,33.27094, Private, 11th, Separated, Prof-specialty, Not-in-family, White, Male, United-States, <=50K
25.84917,91980.25,7.1169753,49.39227,13.024625,35.086254, Private, 11th, Married-civ-spouse, Craft-repair, Wife, White, Female, United-States, <=50K
48.657475,282486.3,3.4367623,-317.12958,-4.515033,38.083614, Private, 10th, Married-civ-spouse, Transport-moving, Husband, White, Male, United-States, <=50K
39.779964,34527.17,8.906348,-265.68,16.165785,32.35518, Private, HS-grad, Divorced, Transport-moving, Own-child, White, Male, United-States, <=50K
50.51333,333022.3,8.999223,-62.985172,-11.952853,40.013294, Private, HS-grad, Married-civ-spouse, Handlers-cleaners, Husband, White, Male, United-States, <=50K
28.050615,240186.98,9.066403,46.957333,-11.273692,42.591732, Private, HS-grad, Married-civ-spouse, Craft-repair, Husband, White, Male, United-States, <=50K
39.723392,336063.62,12.913998,31.510433,3.8526278,15.780146, Private, Bachelors, Never-married, Adm-clerical, Not-in-family, White, Female, United-States, <=50K
24.577364,529080.56,10.007673,71.227104,-9.155025,46.918163, Private, Some-college, Married-civ-spouse, Craft-repair, Husband, White, Male, United-States, <=50K
49.398075,85670.39,4.6971397,-634.5351,-31.172472,47.594257, Private, 10th, Married-civ-spouse, Transport-moving, Husband, White, Male, United-States, <=50K
33.391113,84351.05,9.198956,-228.77374,-13.696475,29.972115, Self-emp-inc, HS-grad, Never-married, Sales, Own-child, White, Female, United-States, <=50K
21.602848,340282.03,8.8439865,-185.97772,-4.9499617,23.988356, Private, HS-grad, Never-married, Other-service, Own-child, White, Male, United-States, <=50K
46.395813,209485.92,8.971767,79.46221,4.3093767,29.37694, Private, HS-grad, Divorced, Prof-specialty, Not-in-family, White, Male, United-States, <=50K
38.54455,156579.8,9.05703,209.8924,-13.032565,65.65734, Local-gov, HS-grad, Divorced, Farming-fishing, Not-in-family, White, Female, United-States, <=50K
37.202908,56234.703,9.035001,160.71301,8.019605,38.547344, Private, HS-grad, Divorced, Adm-clerical, Unmarried, White, Female, United-States, <=50K
22.27568,186799.3,9.999762,98.14953,-4.7904844,33.244907, Private, Some-college, Never-married, Adm-clerical, Own-child, White, Male, United-States, <=50K
38.903286,158104.5,10.04984,227.95642,-0.09039582,43.858204, Self-emp-inc, Some-college, Married-civ-spouse, Exec-managerial, Husband, White, Male, United-States, <=50K
33.65997,124678.01,9.08768,-342.529,18.875021,17.296501, Private, HS-grad, Divorced, Prof-specialty, Not-in-family, White, Male, United-States, <=50K
39.56704,61347.516,10.947004,4289.0776,-19.388475,48.47025, Self-emp-inc, Assoc-voc, Married-civ-spouse, Exec-managerial, Wife, White, Male, United-States, >50K
33.365772,173639.33,14.313225,75.82702,-4.3701506,43.89532, Private, Bachelors, Married-civ-spouse, Prof-specialty, Husband, White, Male, United-States, >50K
29.31628,248639.97,10.222047,1092.7623,32.73743,35.090775, Private, Some-college, Separated, Sales, Not-in-family, White, Female, United-States, <=50K
23.564823,189797.89,8.999224,268.35034,23.167555,43.045273, Private, HS-grad, Never-married, Other-service, Not-in-family, White, Female, United-States, <=50K
49.388664,172790.16,8.999204,-114.76923,-0.11374177,34.587326, Private, HS-grad, Married-civ-spouse, Craft-repair, Husband, White, Male, United-States, <=50K
52.702927,276654.16,8.986917,1004.87634,18.631758,39.710064, ?, HS-grad, Married-civ-spouse, Craft-repair, Husband, White, Male, United-States, >50K
28.518147,208636.73,8.99737,156.86536,11.759038,31.386387, Private, HS-grad, Never-married, Other-service, Not-in-family, White, Male, United-States, <=50K
20.313126,131604.86,9.885507,-176.26263,-9.075915,37.847683, Self-emp-not-inc, Some-college, Never-married, Other-service, Own-child, White, Male, United-States, <=50K
49.12109,35279.67,10.050156,64.56579,10.843015,58.27033, Self-emp-not-inc, Some-college, Married-civ-spouse, Exec-managerial, Husband, White, Male, United-States, >50K
19.826956,136060.23,9.028011,83.509636,11.205846,34.498886, Private, HS-grad, Never-married, Transport-moving, Not-in-family, White, Female, United-States, <=50K
41.621655,230045.11,13.085393,-28.110294,1436.7067,58.84758, Private, Masters, Married-civ-spouse, Prof-specialty, Husband, White, Male, United-States, >50K
39.55184,228896.48,9.022288,39.31103,-8.459018,46.270092, Private, HS-grad, Married-civ-spouse, Sales, Husband, White, Male, United-States, <=50K
27.820547,288472.5,12.166616,3741.985,-0.83160675,40.35391, Federal-gov, Assoc-acdm, Never-married, Adm-clerical, Not-in-family, White, Male, United-States, >50K
54.892063,68949.84,9.164634,-212.98773,-3.2339582,46.30716, Federal-gov, HS-grad, Divorced, Craft-repair, Husband, White, Male, United-States, <=50K
49.3991,322016.2,4.809431,-99.387276,24.178839,27.440884, ?, 11th, Never-married, ?, Not-in-family, White, Female, United-States, <=50K
51.340694,143072.11,8.99555,1641.5709,17.680746,40.570484, Private, HS-grad, Married-civ-spouse, Handlers-cleaners, Husband, White, Male, United-States, <=50K
39.967667,233250.69,7.700802,-530.77545,7.7380037,46.215458, Local-gov, 11th, Never-married, Other-service, Not-in-family, White, Female, United-States, >50K
24.263811,283540.78,9.052796,1630.2096,-24.07252,37.277596, Private, HS-grad, Never-married, Sales, Own-child, White, Male, United-States, <=50K
51.96294,173058.53,9.783811,16.754208,-11.771258,47.07029, Private, HS-grad, Married-civ-spouse, Exec-managerial, Husband, White, Male, United-States, <=50K
51.73136,249792.52,5.8730254,-72.97651,20.386152,34.070778, Private, HS-grad, Divorced, Other-service, Not-in-family, White, Female, United-States, <=50K
15.78832,164902.14,8.98545,-115.32758,3.5323076,28.74215, Private, HS-grad, Never-married, Sales, Own-child, White, Female, United-States, <=50K
54.978016,56054.188,9.982071,123.110405,-4.7545576,53.567455, Private, Some-college, Widowed, Sales, Not-in-family, White, Female, United-States, <=50K
37.168076,158153.64,12.974336,-59.258488,-9.540751,42.309937, Private, Bachelors, Married-civ-spouse, Adm-clerical, Husband, White, Male, United-States, >50K
30.752172,99302.21,9.945615,-53.685246,-7.6859922,31.33381, Private, Some-college, Married-civ-spouse, Other-service, Husband, White, Male, United-States, <=50K
48.36728,60121.39,3.7527504,31.927792,-0.9555081,47.85675, Private, 10th, Married-civ-spouse, Machine-op-inspct, Husband, White, Male, United-States, <=50K
37.094357,88674.74,9.006807,-83.30915,15.830243,41.626728, Private, HS-grad, Divorced, Sales, Not-in-family, White, Male, United-States, <=50K
53.333553,259563.47,8.980971,182.2926,-14.373881,28.840021, Private, HS-grad, Married-civ-spouse, Exec-managerial, Wife, White, Female, United-States, <=50K
25.939842,199938.25,12.477408,849.74274,14.693433,39.47584, Private, Bachelors, Married-civ-spouse, Other-service, Husband, White, Male, United-States, <=50K
24.120123,24942.266,9.010594,162.75623,11.109036,40.81043, Private, HS-grad, Married-civ-spouse, Transport-moving, Husband, White, Male, United-States, <=50K
25.262657,309308.94,9.028802,-103.79145,1.8614093,35.65855, Self-emp-not-inc, HS-grad, Never-married, Other-service, Not-in-family, White, Female, United-States, <=50K
31.525639,92568.65,10.028981,104.027275,-1.4312695,42.7432, Private, Some-college, Married-spouse-absent, Sales, Other-relative, White, Female, United-States, <=50K
25.928024,105176.69,12.103021,-87.68464,14.654408,25.135195, Private, Assoc-acdm, Never-married, Adm-clerical, Husband, White, Male, United-States, <=50K
44.216057,94494.195,13.170145,45.057064,-0.95953643,43.620018, Private, Bachelors, Married-civ-spouse, Sales, Husband, White, Male, United-States, <=50K
39.975594,190821.58,8.930566,123.501884,9.875066,32.3876, Private, HS-grad, Separated, Exec-managerial, Unmarried, White, Female, United-States, <=50K
34.647816,132584.03,9.039558,648.6458,3.338315,37.024776, Private, HS-grad, Married-civ-spouse, Transport-moving, Husband, White, Male, United-States, <=50K
41.746513,220070.72,9.18508,132.57208,-22.377893,7.6035786, Private, HS-grad, Never-married, Adm-clerical, Unmarried, White, Male, United-States, <=50K
26.321672,201534.16,9.028815,13970.995,-20.022593,31.59095, Private, HS-grad, Never-married, Sales, Unmarried, White, Female, United-States, >50K
31.976486,122636.34,12.905154,195.89795,-11.556994,45.513554, Private, Bachelors, Married-civ-spouse, Adm-clerical, Wife, White, Female, United-States, >50K
70.02862,118354.61,3.2497735,303.8792,21.616262,5.6251926, Private, HS-grad, Married-civ-spouse, Sales, Husband, White, Male, United-States, <=50K
35.80415,416748.88,6.343735,162.88367,4.537633,49.328697, Private, 10th, Married-civ-spouse, Handlers-cleaners, Husband, White, Male, United-States, <=50K
29.225624,972013.5,11.547698,-192.75873,-0.5853375,46.005028, Private, Assoc-acdm, Married-civ-spouse, Transport-moving, Husband, White, Male, United-States, <=50K
36.99028,329828.6,11.649572,-47.819645,26.810541,41.933434, Private, Assoc-acdm, Married-civ-spouse, Craft-repair, Husband, White, Male, United-States, >50K
32.36635,289504.06,9.019806,205.00378,8.079442,49.19557, Private, HS-grad, Divorced, Prof-specialty, Unmarried, White, Female, United-States, <=50K
34.566227,103418.16,13.826049,134.95526,0.40588868,40.78181, Private, Masters, Never-married, Prof-specialty, Not-in-family, White, Female, United-States, <=50K
34.097885,93513.05,12.512973,7.516903,4.6612825,50.134266, Private, Bachelors, Married-civ-spouse, Prof-specialty, Husband, White, Male, United-States, <=50K
18.605669,241149.52,8.590391,8872.44,-63.26553,41.156666, ?, 11th, Never-married, ?, Other-relative, White, Male, United-States, <=50K
17.771183,213365.06,9.998245,21.023129,23.913988,32.279, Private, Some-college, Never-married, Other-service, Own-child, White, Male, United-States, <=50K
40.80709,251958.69,8.933207,44.860897,40.192936,48.83665, Private, HS-grad, Divorced, Craft-repair, Unmarried, White, Male, United-States, <=50K
30.12218,248064.23,10.891023,85.53008,-6.1706877,48.08816, Private, Assoc-voc, Divorced, Prof-specialty, Unmarried, White, Female, United-States, >50K
32.715546,151223.84,9.047023,-66.00654,-22.039171,44.35451, Private, HS-grad, Married-civ-spouse, Farming-fishing, Husband, White, Male, United-States, <=50K
23.033401,193418.73,4.337322,-209.65387,27.152132,37.42484, Private, 10th, Never-married, Craft-repair, Own-child, White, Male, United-States, <=50K
26.806458,101987.57,8.953937,-74.35798,8.200673,40.87006, Private, HS-grad, Never-married, Other-service, Not-in-family, White, Male, United-States, <=50K
20.642982,170679.78,9.986275,137.02899,-10.395709,40.115967, Private, Some-college, Never-married, Protective-serv, Own-child, White, Male, United-States, <=50K
34.94763,125015.01,12.6594515,91.725945,-1.3312024,55.23644, Private, Bachelors, Never-married, Sales, Not-in-family, White, Female, United-States, <=50K
59.452885,279806.5,2.0936399,1375.3344,-0.016276253,39.493237, Private, 10th, Married-civ-spouse, Transport-moving, Husband, White, Male, United-States, <=50K
34.821632,229650.3,9.094244,22.82513,-9.465953,49.544205, State-gov, HS-grad, Never-married, Protective-serv, Not-in-family, White, Male, United-States, <=50K
42.55644,123762.96,10.004172,44.648006,1603.5863,39.680347, ?, Some-college, Married-civ-spouse, ?, Husband, White, Male, United-States, <=50K
38.08164,53235.11,12.948184,87.50689,1.0614978,49.807278, Private, Bachelors, Married-civ-spouse, Other-service, Husband, White, Male, United-States, <=50K
35.179543,230658.34,12.964551,20010.791,-8.457004,60.293076, Private, Bachelors, Married-civ-spouse, Sales, Husband, White, Male, United-States, >50K
27.387922,131391.6,7.4368215,-274.0357,-2.1268873,36.556038, Private, 11th, Never-married, Other-service, Own-child, White, Female, United-States, <=50K
23.0101,226198.84,8.961732,-39.131535,-5.790805,49.22012, Private, HS-grad, Never-married, Sales, Not-in-family, White, Male, United-States, <=50K
25.098047,76788.125,9.033791,102.43078,2.2483416,20.999887, Private, HS-grad, Never-married, Adm-clerical, Not-in-family, White, Female, United-States, <=50K
26.135738,136670.22,9.054866,104.16595,-3.8662062,44.09857, Private, HS-grad, Never-married, Craft-repair, Own-child, White, Male, United-States, <=50K
25.365402,81460.92,9.99102,3121.0737,3.379651,33.775444, Private, Some-college, Never-married, Craft-repair, Not-in-family, White, Male, United-States, <=50K
44.130497,236146.31,12.764712,81894.125,-24.461985,54.95483, State-gov, Bachelors, Married-civ-spouse, Prof-specialty, Husband, White, Male, United-States, >50K
55.356976,154574.7,12.97558,327.53284,35.494896,32.43236, State-gov, Bachelors, Married-civ-spouse, Exec-managerial, Not-in-family, White, Female, United-States, >50K
36.172897,385572.53,8.945666,403.049,5.790227,46.05627, Private, HS-grad, Divorced, Prof-specialty, Unmarried, White, Male, United-States, <=50K
52.672226,80873.13,13.496763,3807.205,6.1577654,61.617867, State-gov, Masters, Married-civ-spouse, Prof-specialty, Husband, White, Male, United-States, <=50K
17.720686,121240.29,9.023975,-145.21857,-7.3764524,26.701649, Private, HS-grad, Never-married, Other-service, Own-child, White, Male, United-States, <=50K
34.342777,281605.94,2.11403,24.917416,-7.0924864,33.22661, Private, 11th, Married-civ-spouse, Adm-clerical, Husband, White, Male, United-States, <=50K
47.224663,188697.25,8.934323,-297.456,2.473012,42.20045, Private, HS-grad, Married-civ-spouse, Transport-moving, Husband, White, Male, United-States, <=50K
54.963932,373156.88,12.959126,-75.51508,-18.649302,32.839096, Local-gov, Bachelors, Married-civ-spouse, Prof-specialty, Husband, White, Male, United-States, <=50K
62.25822,187947.67,10.060076,447.93536,1643.4194,26.146626, Federal-gov, Some-college, Married-civ-spouse, Prof-specialty, Husband, White, Male, United-States, >50K
39.86983,209057.05,12.101704,91.15276,23.843409,38.168453, Private, Assoc-acdm, Separated, Craft-repair, Not-in-family, White, Male, United-States, <=50K
28.103321,268214.62,9.051332,61.44482,7.533162,45.08323, Private, HS-grad, Married-civ-spouse, Craft-repair, Husband, White, Male, United-States, <=50K
37.012383,120056.03,14.225025,230.41583,11.328504,27.363405, Private, Masters, Divorced, Prof-specialty, Unmarried, White, Female, United-States, <=50K
49.406376,30392.219,12.969869,5307.709,1.9368564,43.75551, Private, Bachelors, Married-civ-spouse, Exec-managerial, Husband, White, Male, United-States, >50K
37.51901,179638.16,8.981388,16.971615,0.47803986,39.084385, Private, HS-grad, Married-civ-spouse, Transport-moving, Husband, White, Male, United-States, <=50K
16.25253,96962.164,6.852912,84.24352,-22.391687,51.888065, Private, 11th, Never-married, Farming-fishing, Not-in-family, White, Female, United-States, <=50K
27.27101,209086.25,9.958086,932.04846,-10.02563,36.810013, Private, Some-college, Never-married, Exec-managerial, Not-in-family, White, Male, United-States, <=50K
24.32489,175711.12,12.487031,199.44073,5.1413546,83.11578, Private, Assoc-acdm, Married-civ-spouse, Prof-specialty, Not-in-family, White, Male, United-States, <=50K
29.837948,8118.6567,10.095101,69.46569,-7.7916822,30.206732, State-gov, Some-college, Married-civ-spouse, Tech-support, Husband, White, Male, United-States, <=50K
35.101624,155126.62,8.993948,207.01129,-3.714427,63.76304, Private, HS-grad, Married-civ-spouse, Adm-clerical, Wife, White, Female, United-States, >50K
54.57926,174185.06,13.052577,318.26764,20.053465,40.634007, Private, Bachelors, Separated, Sales, Not-in-family, White, Male, United-States, <=50K
34.23356,75561.76,12.572992,150.70282,8.983945,51.77306, Private, Bachelors, Married-civ-spouse, Prof-specialty, Husband, White, Male, United-States, <=50K
32.216152,185571.31,9.003998,-258.38226,-9.138698,37.217472, Private, HS-grad, Married-civ-spouse, Adm-clerical, Own-child, White, Male, United-States, >50K
58.27197,114863.81,9.045096,-15.443058,2.0159883,41.487267, Private, HS-grad, Married-civ-spouse, Prof-specialty, Husband, White, Male, United-States, <=50K
18.188622,137955.36,9.998829,-99.52033,8.938397,21.610783, Private, Some-college, Never-married, Craft-repair, Own-child, White, Male, United-States, <=50K
34.341183,200944.97,9.964456,-97.751656,-1.710101,38.206234, Private, Some-college, Divorced, Farming-fishing, Husband, White, Male, United-States, <=50K
13807.11,7.778086e+08,-4826.45,2.9985444e+07,-555905.4,-12118.265, Self-emp-not-inc, Some-college, Separated, Other-service, Not-in-family, White, Male, United-States, <=50K
20.616209,240821.56,7.156148,-9.838078,-1.1373471,20.966402, Private, 11th, Never-married, Sales, Own-child, White, Male, United-States, <=50K
31.967102,257012.64,9.009148,-175.64398,9.509,34.741566, Private, HS-grad, Never-married, Craft-repair, Not-in-family, White, Female, United-States, <=50K
39.32303,247695.12,9.810899,-214.68817,-9.205585,48.90038, Private, Some-college, Married-civ-spouse, Sales, Husband, White, Male, United-States, >50K
37.892826,119075.445,9.019418,24.342098,6.1163683,42.21979, Private, HS-grad, Divorced, Craft-repair, Unmarried, White, Male, United-States, <=50K
35.706882,228055.12,11.228747,415.77765,-9.113986,39.01986, State-gov, Assoc-voc, Married-civ-spouse, Tech-support, Husband, White, Male, United-States, <=50K
25.221445,181527.66,12.011754,1314.658,-12.230197,39.05064, Private, Bachelors, Married-civ-spouse, Adm-clerical, Husband, White, Male, United-States, <=50K
37.001896,141851.03,9.080281,-130.4173,-17.957254,49.746845, Private, HS-grad, Divorced, Craft-repair, Own-child, White, Female, United-States, <=50K
39.729523,167612.78,10.07546,-173.41718,26.856604,39.075867, Private, Some-college, Divorced, Craft-repair, Unmarried, White, Female, United-States, <=50K
30.328856,208400.42,10.029344,304.98352,4.9437685,32.593243, Private, Some-college, Divorced, Adm-clerical, Not-in-family, White, Male, United-States, <=50K
27.03117,130021.93,11.455136,-13.133732,-3.8292646,36.86818, Private, Assoc-voc, Never-married, Craft-repair, Own-child, White, Female, United-States, >50K
19.600319,218978.62,9.046611,11.501644,-4.595416,41.495434, Private, HS-grad, Never-married, Transport-moving, Own-child, White, Male, United-States, <=50K
37.192036,267851.25,11.752595,-103.09736,2.09863,34.99332, Local-gov, Bachelors, Married-civ-spouse, Sales, Husband, White, Male, United-States, >50K
46.25655,79788.08,9.016371,-14.817326,8.298345,30.575157, Private, HS-grad, Married-civ-spouse, Exec-managerial, Husband, White, Male, United-States, <=50K
55.803898,154195.22,12.895298,8367.598,4.731023,44.181736, Private, Bachelors, Married-civ-spouse, Sales, Husband, White, Male, United-States, >50K
30.289629,75027.89,10.515105,134.19409,-6.295352,33.857773, Private, Some-college, Never-married, Craft-repair, Not-in-family, White, Male, United-States, <=50K
27.336472,349379.75,11.931029,-218.29962,14.623158,48.657185, Private, Bachelors, Married-civ-spouse, Machine-op-inspct, Husband, White, Male, United-States, <=50K
35.01297,184490.42,3.142776,23.53265,6.8142366,39.604374, Private, 10th, Divorced, Transport-moving, Unmarried, White, Male, United-States, <=50K
27.643417,187838.27,9.121948,149.59094,27.66786,27.360817, Private, HS-grad, Married-civ-spouse, Machine-op-inspct, Husband, White, Male, United-States, <=50K
32.587307,85355.56,8.934214,-55.646183,6.2566576,38.32094, Private, HS-grad, Never-married, Other-service, Not-in-family, White, Female, United-States, <=50K
55.759636,221190.2,9.025011,-157.31366,7.753194,46.573967, Self-emp-not-inc, HS-grad, Married-civ-spouse, Farming-fishing, Husband, White, Male, United-States, <=50K
26.666225,66187.875,9.050682,-63.0528,30.277563,59.480392, Private, HS-grad, Married-civ-spouse, Craft-repair, Husband, White, Male, United-States, <=50K
28.202267,256841.8,13.009334,49.405514,-14.111461,48.618675, Private, Bachelors, Never-married, Adm-clerical, Own-child, White, Female, United-States, <=50K
51.455875,133593.42,8.979018,-60.726383,14.125981,46.89727, Private, HS-grad, Married-civ-spouse, Transport-moving, Husband, White, Male, United-States, >50K
22.000362,157702.23,9.137448,-201.62799,12.320462,38.242374, Private, Some-college, Never-married, Handlers-cleaners, Own-child, White, Male, United-States, <=50K
20.380188,289620.06,9.899143,223.43555,11.976224,10.532217, Private, Some-college, Never-married, Other-service, Own-child, White, Male, United-States, <=50K
21.98417,252545.47,9.873313,80.66894,-1.0906705,37.20396, Private, Some-college, Never-married, Craft-repair, Own-child, White, Male, United-States, <=50K
38.65065,162642.81,12.990626,-23.89069,-1.8614072,40.21887, Private, Bachelors, Never-married, Protective-serv, Not-in-family, White, Female, United-States, >50K
56.727352,213951.58,5.815021,113.16009,17.130514,51.16649, Private, 11th, Divorced, Sales, Unmarried, White, Female, United-States, <=50K
44.981125,54558.188,10.173576,94.359795,-1.1907605,37.84021, Private, Some-college, Never-married, Adm-clerical, Unmarried, White, Female, United-States, <=50K
55.726112,133799.66,9.037758,96.59948,-2.036296,30.03902, ?, HS-grad, Never-married, ?, Not-in-family, White, Male, United-States, <=50K
56.228394,52697.89,8.882196,541.30164,27.443953,40.010303, Private, HS-grad, Divorced, Craft-repair, Unmarried, White, Male, United-States, <=50K
13.066579,362667.16,5.75715,-375.67792,0.2748233,26.456682, Private, 9th, Never-married, Sales, Own-child, White, Female, United-States, <=50K
25.264278,115077.32,3.2817073,-329.07843,-2.129733,54.46334, Private, HS-grad, Married-civ-spouse, Handlers-cleaners, Husband, White, Male, United-States, <=50K
30.36262,110333.85,12.917989,129.94446,-19.926508,35.98438, State-gov, Bachelors, Married-civ-spouse, Protective-serv, Husband, White, Male, United-States, >50K
43.318077,91240.125,9.941497,65.43951,2.4782686,25.318663, Private, Some-college, Married-civ-spouse, Other-service, Husband, White, Male, United-States, <=50K
30.776033,246906.69,10.2732725,226.15082,-4.417453,40.85143, Private, Some-college, Never-married, Other-service, Unmarried, White, Female, United-States, <=50K
49.79274,60094.766,12.955656,-74.172676,-6.4766035,39.974117, Private, Bachelors, Married-civ-spouse, Prof-specialty, Wife, White, Female, United-States, >50K
24.162054,257757.25,9.9803095,-89.43574,-1.3792905,38.03298, Private, Some-college, Married-civ-spouse, Handlers-cleaners, Husband, White, Male, United-States, <=50K
56.46438,290265.22,12.916996,-38.017765,-2.7322035,51.226494, Private, Bachelors, Married-civ-spouse, Craft-repair, Husband, White, Male, United-States, >50K
34.348366,309046.03,3.6484432,179.99017,-3.585681,51.704544, Private, 9th, Married-civ-spouse, Craft-repair, Husband, White, Male, United-States, <=50K
24.798946,318735.06,6.886254,518.7034,44.652897,44.745323, Private, 12th, Separated, Adm-clerical, Other-relative, White, Male, United-States, <=50K
41.69431,120648.98,13.026698,24.019588,-21.031687,41.089207, Private, Bachelors, Married-civ-spouse, Sales, Husband, White, Male, United-States, <=50K
28.883478,104361.055,10.825988,983.23944,1964.3802,46.06244, Private, Assoc-voc, Married-civ-spouse, Craft-repair, Husband, White, Male, United-States, >50K
33.773365,290909.75,1.3536873,-191.67535,-8.504436,42.180836, Private, 10th, Separated, Machine-op-inspct, Not-in-family, White, Male, United-States, <=50K
51.17765,218961.28,9.011221,-93.91242,20.260443,55.59695, Private, HS-grad, Married-civ-spouse, Farming-fishing, Husband, White, Male, United-States, <=50K
54.255222,72682.41,9.058064,-6.2807045,6.792508,34.052876, State-gov, HS-grad, Married-civ-spouse, ?, Husband, White, Male, United-States, >50K
24.533497,80935.32,9.537451,164.88068,-8.169261,24.504105, Federal-gov, HS-grad, Never-married, Adm-clerical, Not-in-family, White, Female, United-States, <=50K
58.314114,490422.2,12.695501,72.2777,-32.232044,50.29163, Private, Bachelors, Never-married, Exec-managerial, Not-in-family, White, Male, United-States, <=50K
43.93081,330917.78,15.280061,80557.16,-83.25625,39.527225, Private, Masters, Never-married, Prof-specialty, Not-in-family, White, Male, United-States, >50K
83.42713,334079.88,2.8029451,1512.6562,2.211812,23.97557, Private, 12th, Married-civ-spouse, Transport-moving, Husband, White, Male, United-States, <=50K
37.346462,185325.0,10.039052,3543.6472,-12.322848,47.090508, Private, Some-college, Married-civ-spouse, Craft-repair, Husband, White, Male, United-States, >50K
23.885674,275183.7,9.955288,99.01244,6.4586916,24.33863, Private, Some-college, Never-married, Other-service, Own-child, White, Male, United-States, <=50K
35.991287,280381.5,11.157021,5243.4814,-41.95193,52.49422, Private, Assoc-voc, Married-civ-spouse, Sales, Husband, White, Male, United-States, >50K
30.026203,107868.195,12.921619,908.6686,-46.53822,36.377457, Private, Bachelors, Married-civ-spouse, Adm-clerical, Own-child, White, Female, United-States, <=50K
48.454235,546004.94,8.986381,-19.785465,-10.048816,30.806555, Private, HS-grad, Married-civ-spouse, Exec-managerial, Husband, White, Male, United-States, <=50K
40.764523,217620.27,6.305081,-491.92792,-10.8120985,48.322807, Local-gov, 11th, Married-civ-spouse, Handlers-cleaners, Husband, White, Male, United-States, >50K
59.738396,198817.86,9.060231,263.8927,935.7523,42.37438, Private, HS-grad, Widowed, Craft-repair, Not-in-family, White, Female, United-States, >50K
52.46837,212106.78,9.100333,85.77184,-12.4053755,37.974518, State-gov, HS-grad, Married-civ-spouse, Adm-clerical, Husband, White, Male, United-States, <=50K
55.52483,177722.05,8.964085,202.86548,9.927144,28.902122, ?, HS-grad, Divorced, ?, Not-in-family, White, Male, United-States, <=50K
22.767365,266365.16,10.008687,115.60247,-3.5401487,25.310442, Private, Some-college, Never-married, Sales, Not-in-family, White, Female, United-States, <=50K
18.122297,371818.03,3.0372162,36.29858,16.357466,49.668568, Private, 9th, Never-married, Craft-repair, Not-in-family, White, Male, United-States, <=50K
35.443066,215069.44,8.1445465,10145.794,3.9899035,40.597027, Private, 11th, Married-civ-spouse, Craft-repair, Husband, White, Male, United-States, <=50K
16.264536,227174.42,9.933018,81.667656,15.759946,35.115475, ?, Some-college, Never-married, ?, Own-child, White, Female, United-States, <=50K
31.052252,132601.84,8.963589,-185.56903,-13.201579,40.48221, Private, HS-grad, Never-married, Prof-specialty, Own-child, White, Male, United-States, <=50K
20.097527,277722.62,9.095107,286.55756,16.73226,30.115093, Private, HS-grad, Married-civ-spouse, Other-service, Husband, White, Male, United-States, <=50K
31.153927,39656.14,13.85929,79.50024,10.080541,42.338528, Private, Masters, Married-civ-spouse, Prof-specialty, Husband, White, Male, United-States, <=50K
43.192123,215847.6,8.242707,62.001522,8.913114,42.758484, Private, HS-grad, Separated, Exec-managerial, Not-in-family, White, Female, United-States, <=50K
43.625805,282831.47,11.921361,3467.8572,-40.902584,41.09649, Private, Bachelors, Married-civ-spouse, Sales, Husband, White, Male, United-States, >50K
48.85575,301434.1,5.4178944,-138.21222,8.508763,42.269413, Private, 9th, Married-civ-spouse, Other-service, Husband, White, Male, United-States, <=50K
24.82118,112933.34,8.981227,-226.7912,5.8775835,31.143547, Federal-gov, HS-grad, Never-married, Other-service, Not-in-family, White, Male, United-States, <=50K
35.81744,371845.03,11.036843,1105.8806,5.6500444,41.59657, Private, Assoc-voc, Never-married, Adm-clerical, Unmarried, White, Female, United-States, <=50K
23.6134,223330.72,9.989792,-8.959904,2.1544542,8.955807, Private, Some-college, Never-married, Sales, Own-child, White, Female, United-States, <=50K
21.39171,322563.38,6.8614025,-23.093937,12.82079,28.325962, Private, 11th, Never-married, Sales, Not-in-family, White, Male, United-States, <=50K
31.13988,235684.39,8.979,88.09765,-2.4640303,39.008476, Private, HS-grad, Never-married, Transport-moving, Own-child, White, Male, United-States, <=50K
41.862007,141990.66,8.9856205,-13.261662,4.19267,37.17628, Private, HS-grad, Divorced, Other-service, Own-child, White, Male, United-States, <=50K
18.316292,179629.58,9.030876,78.57305,-5.0354643,45.87316, ?, HS-grad, Never-married, ?, Not-in-family, White, Female, United-States, <=50K
25.554283,60437.68,9.954411,156.38379,0.692525,35.68654, Self-emp-inc, Some-college, Divorced, Sales, Unmarried, White, Female, United-States, <=50K
59.513397,122272.664,11.103041,32784.54,-61.538418,54.5175, Private, Bachelors, Never-married, Transport-moving, Husband, White, Male, United-States, >50K
35.726086,211306.53,12.923714,-52.272526,3.7679186,51.743217, Private, Bachelors, Never-married, Exec-managerial, Own-child, White, Male, United-States, <=50K
25.96684,153734.61,13.176687,546.09174,23.626062,14.792822, Self-emp-not-inc, Bachelors, Separated, Other-service, Not-in-family, White, Male, United-States, <=50K
39.885582,24043.422,8.965788,1152.9209,10.798436,36.07193, Private, HS-grad, Separated, Adm-clerical, Not-in-family, White, Female, United-States, <=50K
53.867287,162638.45,9.046195,-228.61688,10.647969,66.763916, Self-emp-not-inc, HS-grad, Married-civ-spouse, Craft-repair, Husband, White, Male, United-States, >50K
28.733704,172508.05,9.074914,-66.93537,1400.698,38.823227, Private, HS-grad, Divorced, Handlers-cleaners, Unmarried, White, Female, United-States, <=50K
17.359875,180510.92,9.103203,37.876766,-3.2400541,35.104008, Private, HS-grad, Never-married, Armed-Forces, Own-child, White, Male, United-States, <=50K
56.937763,361752.88,12.9264145,232.53455,-7.333186,44.374317, Private, Bachelors, Married-civ-spouse, Exec-managerial, Husband, White, Male, United-States, >50K
43.754635,125627.79,8.963819,1289.4784,2.6482363,52.376194, Private, HS-grad, Married-civ-spouse, Transport-moving, Husband, White, Male, United-States, <=50K
39.44513,292064.34,10.995439,20.423763,-8.909167,39.337685, Private, Assoc-voc, Divorced, Other-service, Not-in-family, White, Female, United-States, <=50K
35.08901,185408.97,12.194366,223.31494,7.9186525,41.383167, Federal-gov, HS-grad, Never-married, Adm-clerical, Not-in-family, White, Female, United-States, <=50K
32.72153,265998.44,12.981749,85.85906,-16.959085,39.189617, Private, Bachelors, Never-married, Adm-clerical, Not-in-family, White, Female, United-States, <=50K
35.828976,330170.84,10.004788,646.3548,-24.741594,49.659122, Private, Some-college, Married-civ-spouse, Transport-moving, Husband, White, Male, United-States, <=50K
28.234077,417302.38,13.999027,-101.73066,-10.357181,38.75027, Private, Masters, Married-civ-spouse, Prof-specialty, Husband, White, Male, United-States, >50K
39.146282,292658.66,8.982536,-83.303535,-9.170901,36.706444, Private, HS-grad, Never-married, Other-service, Not-in-family, White, Female, United-States, <=50K
19.300045,136243.84,10.098699,-408.87543,-4.7107115,29.661886, Self-emp-not-inc, Some-college, Never-married, Exec-managerial, Own-child, White, Female, United-States, <=50K
19.627361,97536.51,9.98295,147.45624,-16.675913,37.18392, Local-gov, Some-college, Never-married, ?, Own-child, White, Male, United-States, <=50K
35.97763,286995.97,9.467002,1377.3313,6.4445467,45.731026, Private, Some-college, Divorced, Craft-repair, Unmarried, White, Male, United-States, <=50K
41.007446,165484.2,8.967997,-99.68903,8.066823,40.16836, Private, HS-grad, Married-civ-spouse, Other-service, Husband, White, Male, United-States, <=50K
42.428555,498048.62,8.982818,434.67212,1.5048801,50.834682, Self-emp-not-inc, HS-grad, Divorced, Sales, Not-in-family, White, Male, United-States, <=50K
29.555763,104635.37,13.399086,7012.9204,-7.1649733,36.420647, Local-gov, Masters, Never-married, Prof-specialty, Own-child, White, Female, United-States, <=50K
26.17066,161450.5,7.694789,629.3851,-18.410028,38.783367, Private, 10th, Married-civ-spouse, Machine-op-inspct, Husband, White, Male, United-States, <=50K
39.891964,444104.66,7.155252,-474.40094,24.545649,32.700836, Private, 11th, Never-married, Handlers-cleaners, Not-in-family, White, Male, United-States, >50K
27.13009,251957.08,10.894175,57.2561,1428.1243,59.65825, Local-gov, Bachelors, Married-civ-spouse, Prof-specialty, Wife, White, Female, United-States, <=50K
33.02966,90292.82,13.82903,197.2154,14.45461,40.399258, Private, Masters, Married-civ-spouse, Exec-managerial, Husband, White, Male, United-States, <=50K
40.780033,157888.45,9.992778,139.68689,4.9991274,27.013872, Private, Some-college, Never-married, Machine-op-inspct, Not-in-family, White, Male, United-States, <=50K
63.258183,253442.62,8.364529,-235.71039,-24.334848,20.462416, Private, 12th, Never-married, Machine-op-inspct, Husband, White, Male, United-States, <=50K
26.940193,241460.42,3.1948905,-165.14178,16.19158,40.881798, Private, 12th, Married-civ-spouse, Machine-op-inspct, Husband, White, Male, United-States, <=50K
18.656076,146557.86,6.932337,-72.40449,16.689299,26.372047, Private, 11th, Never-married, Other-service, Not-in-family, White, Female, United-States, <=50K
36.90361,237543.31,5.097684,-118.487495,21.68804,41.65136, Private, 10th, Separated, Machine-op-inspct, Not-in-family, White, Female, United-States, <=50K
64.89415,189572.0,9.938732,-88.446236,15.653386,24.409752, Private, Some-college, Married-civ-spouse, Other-service, Husband, White, Male, United-States, <=50K
50.27521,89510.625,10.064066,140.3628,21.56465,33.204716, Private, Some-college, Married-civ-spouse, Exec-managerial, Husband, White, Male, United-States, >50K
32.030056,140371.73,8.987243,-7.302433,-1.6736172,39.6694, Private, HS-grad, Married-civ-spouse, Adm-clerical, Husband, White, Male, United-States, <=50K
58.573143,78673.96,12.017919,121.79351,3.842122,38.98126, Private, Assoc-acdm, Married-civ-spouse, Tech-support, Husband, White, Male, United-States, <=50K
76.35434,120353.445,9.908748,-130.7359,2016.5665,21.692621, ?, Some-college, Married-civ-spouse, ?, Husband, White, Female, United-States, >50K
43.009296,160419.53,6.738744,-136.862,-22.870966,37.235855, Private, 11th, Married-civ-spouse, Transport-moving, Wife, White, Female, United-States, <=50K
50.768612,130496.83,9.010447,-124.08491,-0.6778439,40.860138, Private, HS-grad, Married-civ-spouse, Craft-repair, Husband, White, Male, United-States, <=50K
29.343798,257709.25,8.997743,-267.1435,25.109453,29.17457, Private, HS-grad, Married-civ-spouse, Other-service, Wife, White, Female, United-States, <=50K
17.440218,148971.33,10.003629,-140.46307,2.9969454,13.215864, Private, Some-college, Never-married, Other-service, Own-child, White, Male, United-States, <=50K
31.025312,234798.23,12.88956,-65.37153,10.561963,33.81103, Private, Bachelors, Married-civ-spouse, Other-service, Husband, White, Male, United-States, <=50K
45.795017,218944.28,9.974348,135.37366,8.0119295,38.37655, Private, Some-college, Divorced, Exec-managerial, Not-in-family, White, Female, United-States, <=50K
22.682838,152713.16,9.002161,102.45544,-0.5179242,42.716087, Private, HS-grad, Never-married, Machine-op-inspct, Not-in-family, White, Male, United-States, <=50K
50.069366,183398.58,12.957913,164.78174,-9.07561,39.265858, Private, Bachelors, Married-civ-spouse, Exec-managerial, Husband, White, Male, United-States, >50K
32.398975,148713.47,15.515652,725.73645,1.423978,42.636433, Private, Bachelors, Married-civ-spouse, Prof-specialty, Husband, White, Male, United-States, <=50K
22.673716,245088.86,9.987899,49.22125,-7.2915297,30.065115, Private, Some-college, Never-married, Exec-managerial, Own-child, White, Female, United-States, <=50K
31.921677,242969.92,9.05222,-64.9372,-10.5479765,51.897076, Private, HS-grad, Married-civ-spouse, Prof-specialty, Husband, White, Male, United-States, <=50K
36.38456,190211.05,8.233784,-25.1236,-0.32581604,39.53614, Private, 12th, Never-married, Machine-op-inspct, Unmarried, White, Female, United-States, <=50K
28.25023,137596.23,9.982072,-32.383976,15.216031,38.308624, Private, Some-college, Married-civ-spouse, Craft-repair, Husband, White, Male, United-States, <=50K
38.32403,81760.69,8.992534,-3.1673014,-0.1392392,46.861008, State-gov, HS-grad, Never-married, Prof-specialty, Not-in-family, White, Male, United-States, <=50K
15.809808,67851.516,7.1833487,-105.96955,6.5425997,5.7910976, Private, 12th, Never-married, Sales, Own-child, White, Male, United-States, <=50K
46.8683,130320.05,12.527239,92.38317,14.11958,36.741432, Self-emp-not-inc, Bachelors, Divorced, Sales, Not-in-family, White, Female, United-States, <=50K
26.940975,164161.7,9.743084,189.20685,0.19401275,55.916145, Private, Some-college, Never-married, Transport-moving, Not-in-family, White, Male, United-States, <=50K
61.95446,223101.3,8.984518,-30.723576,13.819196,35.944702, Private, HS-grad, Married-civ-spouse, Exec-managerial, Husband, White, Male, United-States, >50K
40.39769,153663.28,9.9849825,156.164,671.08997,44.211647, Private, Some-college, Married-civ-spouse, Sales, Husband, White, Male, United-States, >50K
34.06847,173683.19,9.057364,18.947811,1.944295,46.14391, Private, HS-grad, Married-civ-spouse, Exec-managerial, Husband, White, Male, United-States, >50K
54.31801,221045.4,3.3718853,-328.01312,16.47434,34.906933, Private, 9th, Widowed, Other-service, Not-in-family, White, Female, United-States, <=50K
44.05461,183638.69,8.946491,-16.805607,0.54354584,41.98545, Private, HS-grad, Married-civ-spouse, Transport-moving, Husband, White, Male, United-States, <=50K
44.486015,161835.36,8.725239,-129.9472,-26.82818,46.50596, Self-emp-not-inc, 12th, Married-civ-spouse, Exec-managerial, Husband, White, Male, United-States, <=50K
54.878452,159666.69,9.94627,-157.79303,1760.2192,40.708344, Local-gov, Some-college, Widowed, Sales, Unmarried, White, Female, United-States, <=50K
23.193378,275833.62,10.414205,259.09436,-27.57738,33.99717, Private, Some-college, Never-married, Handlers-cleaners, Not-in-family, White, Male, United-States, >50K
32.773487,147473.72,10.019104,195.94934,5.8507586,43.009068, Private, Some-college, Divorced, Craft-repair, Own-child, White, Male, United-States, >50K
35.98654,191648.95,8.966132,28.397518,-0.65586364,43.914536, Private, HS-grad, Never-married, Farming-fishing, Not-in-family, White, Female, United-States, <=50K
24.32104,109527.664,10.045945,14731.277,-0.5644177,39.913048, Private, Some-college, Married-civ-spouse, Adm-clerical, Husband, White, Male, United-States, <=50K
31.419943,157311.19,11.7134695,-355.61285,33.723495,33.060905, Local-gov, Bachelors, Married-civ-spouse, Prof-specialty, Wife, White, Female, United-States, <=50K
44.199028,338466.03,10.106537,-397.11676,-36.859135,45.761463, Self-emp-inc, Some-college, Widowed, Sales, Unmarried, White, Female, United-States, <=50K
70.008736,113011.91,6.0692177,-142.82648,-3.234065,29.220327, Private, 11th, Married-civ-spouse, Other-service, Husband, White, Male, United-States, <=50K
32.940002,60606.875,10.052273,631.4622,-19.678522,51.356373, ?, Some-college, Married-civ-spouse, ?, Husband, White, Male, United-States, <=50K
46.830193,171369.7,8.979527,184.65393,13.149587,36.97314, Private, HS-grad, Never-married, Machine-op-inspct, Not-in-family, White, Male, United-States, <=50K
34.384903,225088.48,9.936461,-67.051216,-7.3620024,39.410995, Private, Some-college, Married-civ-spouse, Sales, Husband, White, Male, United-States, <=50K
52.002903,322833.9,12.746484,-41.642155,17.101538,48.654587, Private, Bachelors, Divorced, Prof-specialty, Not-in-family, White, Female, United-States, <=50K
39.021404,224677.53,13.059083,46.478817,-7.161441,43.65154, Federal-gov, Bachelors, Married-civ-spouse, Exec-managerial, Husband, White, Male, United-States, >50K
29.713272,96082.414,8.976263,-270.846,11.361875,40.991882, State-gov, HS-grad, Never-married, Other-service, Not-in-family, White, Male, United-States, <=50K
52.391983,175636.1,8.98711,-158.20538,0.48016083,41.489735, Private, HS-grad, Married-civ-spouse, Exec-managerial, Husband, White, Male, United-States, <=50K
43.655743,151926.11,8.899333,-115.78962,4.130513,62.94994, Self-emp-not-inc, HS-grad, Divorced, Craft-repair, Not-in-family, White, Male, United-States, >50K
30.233156,244152.58,10.927881,35.76025,9.929273,40.95752, Private, Some-college, Divorced, Other-service, Not-in-family, White, Female, United-States, <=50K
58.451694,238398.7,9.854903,30.719784,-23.147608,43.634224, Private, Some-college, Divorced, Sales, Not-in-family, White, Female, United-States, <=50K
53.667053,105834.984,9.059922,-221.83246,13.341657,40.301098, Local-gov, HS-grad, Married-civ-spouse, Craft-repair, Husband, White, Male, United-States, <=50K
23.551554,52545.67,10.019747,365.08527,7.4008074,-9.441805, ?, Some-college, Never-married, ?, Not-in-family, White, Male, United-States, <=50K
26.475681,128238.24,9.113789,-85.743965,1987.0967,37.155968, Private, HS-grad, Never-married, Sales, Not-in-family, White, Female, United-States, <=50K
56.060516,236664.89,9.9775,105.538994,-1.1054257,45.13392, ?, Some-college, Married-civ-spouse, ?, Husband, White, Male, United-States, >50K
39.558952,237446.47,9.994102,128.01068,-3.7055693,38.832603, Private, Some-college, Married-civ-spouse, Transport-moving, Husband, White, Male, United-States, >50K
22.47137,560565.4,8.279224,188.10974,-43.903408,29.093607, Private, HS-grad, Never-married, Other-service, Own-child, White, Female, United-States, <=50K
46.175224,193949.33,10.024036,159.5304,2.7990923,40.688335, Private, Some-college, Married-civ-spouse, Adm-clerical, Husband, White, Male, United-States, <=50K
40.625473,257671.19,8.030419,-96.17548,-14.071048,51.44983, Private, 12th, Married-civ-spouse, Transport-moving, Husband, White, Male, United-States, <=50K
46.896908,151528.7,6.4593,-232.86102,8.285672,38.85016, Self-emp-not-inc, 10th, Divorced, Handlers-cleaners, Unmarried, White, Female, United-States, <=50K
31.406023,234373.27,8.46739,325.28387,-24.1056,34.558784, Private, HS-grad, Never-married, Sales, Other-relative, White, Female, United-States, <=50K
19.139242,137852.05,9.542081,27.097713,25.186049,12.6791115, Private, Some-college, Never-married, Other-service, Own-child, White, Female, United-States, <=50K
31.719398,56772.92,13.0179205,-25.655094,-19.318613,62.20231, Private, Bachelors, Never-married, Prof-specialty, Own-child, White, Male, United-States, <=50K
70.99398,57572.047,9.006419,-440.54938,21.579062,5.990568, ?, HS-grad, Divorced, ?, Not-in-family, White, Male, United-States, <=50K
38.981453,222052.92,8.979421,-58.307804,12.353688,39.98414, ?, HS-grad, Divorced, ?, Not-in-family, White, Male, United-States, <=50K
24.262373,95793.836,9.063409,1482.8965,1.8207675,47.312202, Private, HS-grad, Married-civ-spouse, Sales, Husband, White, Male, United-States, <=50K
41.6222,321943.5,9.012509,369.57715,13.061368,23.618795, Private, HS-grad, Divorced, Other-service, Not-in-family, White, Female, United-States, <=50K
42.777332,16645.156,9.055976,-146.97394,63.32362,32.001865, Private, HS-grad, Divorced, Adm-clerical, Unmarried, White, Female, United-States, <=50K
31.884005,218352.73,9.917277,28.999203,-4.0052824,42.448833, Private, Some-college, Married-civ-spouse, Transport-moving, Husband, White, Male, United-States, <=50K
23.716171,195717.34,9.059728,380.359,-1.3166989,7.1696873, Private, HS-grad, Never-married, Sales, Not-in-family, White, Female, United-States, <=50K
47.352222,332171.22,12.456002,3486.4438,1.3676349,39.22157, Private, Assoc-voc, Never-married, Transport-moving, Not-in-family, White, Female, United-States, >50K
34.695248,116300.99,13.0252285,74.083916,-1.3799161,49.29165, Private, Bachelors, Never-married, Prof-specialty, Not-in-family, White, Female, United-States, <=50K
44.69772,163666.34,13.004211,-3.7700846,-1.0556363,46.672787, Private, Bachelors, Married-civ-spouse, Machine-op-inspct, Husband, White, Male, United-States, >50K
46.45837,149007.84,8.978292,-55.682194,3.1425753,48.817764, Private, HS-grad, Married-civ-spouse, Transport-moving, Husband, White, Male, United-States, >50K
45.021183,175277.5,9.026706,-59.581364,0.06833373,63.326035, Self-emp-not-inc, HS-grad, Married-civ-spouse, Craft-repair, Husband, White, Male, United-States, <=50K
53.633442,439310.9,8.988899,-43.832096,-5.5673094,41.564087, Private, HS-grad, Married-civ-spouse, Sales, Husband, White, Male, United-States, <=50K
32.36357,189762.38,15.087672,185.35211,-21.65626,42.037586, Private, Bachelors, Married-civ-spouse, Prof-specialty, Wife, White, Female, United-States, <=50K
32.358852,202716.02,9.005006,118.542595,4.924382,44.241116, Private, HS-grad, Married-civ-spouse, Transport-moving, Husband, White, Male, United-States, <=50K
44.630733,433205.88,8.93572,-55.41193,-2.4815016,29.526516, Private, HS-grad, Never-married, Other-service, Unmarried, White, Female, United-States, <=50K
38.460236,102899.984,13.09301,-135.75922,27.578074,32.100586, State-gov, Bachelors, Divorced, Other-service, Unmarried, White, Female, United-States, <=50K
72.82887,205888.95,9.969084,-208.27814,-4.074809,24.429247, Self-emp-inc, Some-college, Widowed, Sales, Not-in-family, White, Female, United-States, <=50K
41.873837,148338.52,13.152036,139.97699,-27.513689,42.788925, State-gov, Bachelors, Married-civ-spouse, Tech-support, Husband, White, Male, United-States, <=50K
42.80969,153249.33,9.061721,-105.36799,2001.3026,40.789165, Private, HS-grad, Married-civ-spouse, Adm-clerical, Husband, White, Male, United-States, >50K
67.10664,312146.7,8.98518,1681.4254,-19.689653,39.73345, Private, HS-grad, Married-civ-spouse, Craft-repair, Husband, White, Male, United-States, <=50K
34.485836,71552.234,8.959006,4277.8735,-12.525149,55.92296, Self-emp-not-inc, HS-grad, Never-married, Transport-moving, Own-child, White, Male, United-States, <=50K
48.158947,317113.4,9.677452,-27.946476,16.704763,48.78695, State-gov, Some-college, Married-civ-spouse, Adm-clerical, Husband, White, Male, United-States, >50K
48.497215,166140.25,12.97527,-2.7354167,11.340024,40.733013, State-gov, Bachelors, Married-civ-spouse, Craft-repair, Husband, White, Male, United-States, <=50K
23.17856,253090.28,9.001413,142.3136,-10.960216,42.164978, Private, HS-grad, Never-married, Adm-clerical, Not-in-family, White, Male, United-States, <=50K
34.515736,118504.39,4.2125654,1154.4886,6.0426607,36.70472, Private, 9th, Never-married, Machine-op-inspct, Other-relative, White, Female, United-States, <=50K
23.138115,355766.53,9.023405,-84.11408,10.829419,19.78907, Private, HS-grad, Never-married, Other-service, Not-in-family, White, Female, United-States, <=50K
21.697521,156489.28,10.05456,-3.1239665,27.322676,28.733644, Private, Some-college, Never-married, Prof-specialty, Not-in-family, White, Male, United-States, <=50K
27.225054,149181.47,9.025367,13.074642,27.036623,38.961803, Private, HS-grad, Divorced, Sales, Own-child, White, Female, United-States, <=50K
34.88655,126943.016,11.958266,96.542656,23.800081,42.21394, Private, Bachelors, Divorced, Craft-repair, Unmarried, White, Female, United-States, <=50K
37.844078,84168.79,9.972002,234.09613,-6.339816,50.306404, Private, Some-college, Married-civ-spouse, Exec-managerial, Husband, White, Male, United-States, <=50K
47.583565,275827.5,9.995422,3.6725423,5.4049425,44.280304, Private, Some-college, Married-civ-spouse, Craft-repair, Husband, White, Male, United-States, >50K
50.15656,154274.1,9.020935,246.72308,6.353101,43.0322, Private, HS-grad, Married-civ-spouse, Adm-clerical, Husband, White, Male, United-States, <=50K
52.66959,131621.11,8.925062,-253.55438,19.06571,38.65898, Private, HS-grad, Divorced, Craft-repair, Unmarried, White, Male, United-States, <=50K
36.5378,128645.69,8.962466,588.40607,12.126401,44.341747, Private, HS-grad, Separated, Other-service, Own-child, White, Male, United-States, <=50K
29.22964,162654.75,9.054103,-222.66364,15.45091,26.091915, State-gov, HS-grad, Never-married, Other-service, Not-in-family, White, Female, United-States, <=50K
43.76688,258938.34,5.2327905,-280.42255,6.8797197,39.258934, Private, 9th, Never-married, Other-service, Not-in-family, White, Female, United-States, <=50K
44.273952,307039.84,14.668872,-140.79608,-16.667551,7.6003284, ?, Bachelors, Married-civ-spouse, ?, Husband, White, Male, United-States, >50K
38.860016,289554.78,9.411219,6495.9834,-31.218836,38.75791, Private, HS-grad, Married-civ-spouse, Adm-clerical, Husband, White, Male, United-States, >50K
46.365814,227741.86,9.0050335,-23.198063,14.555509,40.93289, Private, HS-grad, Divorced, Craft-repair, Not-in-family, White, Female, United-States, <=50K
55.202255,200523.58,13.033485,88.19451,5.286557,39.39112, Self-emp-inc, Bachelors, Married-civ-spouse, Exec-managerial, Husband, White, Male, United-States, <=50K
36.916023,159194.83,8.662448,52337.395,51.231014,38.68536, Private, HS-grad, Divorced, Farming-fishing, Husband, White, Male, United-States, >50K
29.643871,95665.33,10.9142275,144.43896,5.638669,52.54689, Self-emp-not-inc, Assoc-voc, Married-civ-spouse, Farming-fishing, Husband, White, Male, United-States, <=50K
46.28101,186509.4,8.84645,-454.3553,47.050026,44.86494, Local-gov, HS-grad, Separated, Other-service, Unmarried, White, Female, United-States, <=50K
35.60231,134844.84,10.016946,244.49701,-1.7773312,35.579132, Private, Some-college, Married-civ-spouse, Prof-specialty, Husband, White, Male, United-States, <=50K
29.834873,52248.938,14.962447,302.003,-8.369258,69.57795, Private, Bachelors, Married-civ-spouse, Prof-specialty, Husband, White, Male, United-States, <=50K
28.996778,132962.22,13.066739,479.60095,17.99526,66.04755, Private, Bachelors, Divorced, Exec-managerial, Not-in-family, White, Male, United-States, >50K
33.09525,72587.33,10.058792,-28.737858,7.3024874,33.233494, Private, Some-college, Married-civ-spouse, Craft-repair, Husband, White, Male, United-States, <=50K
25.384516,252256.33,8.97644,-297.8056,-10.598575,37.170986, Private, HS-grad, Never-married, Handlers-cleaners, Own-child, White, Female, United-States, <=50K
34.508904,194315.12,9.006225,449.94592,2213.7268,36.19004, Private, HS-grad, Married-civ-spouse, Handlers-cleaners, Husband, White, Male, United-States, >50K
43.362816,64672.65,13.301341,456.30695,5.2875643,46.63073, Self-emp-inc, Bachelors, Divorced, Exec-managerial, Own-child, White, Male, United-States, >50K
40.581226,110053.445,9.957012,148.6355,7.359639,40.71784, Private, Some-college, Divorced, Other-service, Not-in-family, White, Male, United-States, <=50K
25.355865,440326.7,10.001469,840.04376,-30.041155,34.94223, Local-gov, Some-college, Never-married, Other-service, Unmarried, White, Female, United-States, <=50K
40.773376,196232.98,9.504109,445.64453,6.4235125,41.11708, Federal-gov, HS-grad, Divorced, Protective-serv, Not-in-family, White, Male, United-States, <=50K
30.471323,169748.83,8.89644,60.80151,8.455945,21.117647, ?, 11th, Never-married, ?, Own-child, White, Female, United-States, <=50K
17.382504,127854.62,9.95221,188.38818,0.5194675,24.232576, Private, Some-college, Never-married, Sales, Own-child, White, Female, United-States, <=50K
28.06309,283160.22,10.408717,19296.879,16.92082,41.12013, Private, Some-college, Divorced, Adm-clerical, Not-in-family, White, Male, United-States, <=50K
40.388283,254506.44,8.931901,-52.341496,16.361181,37.27099, Private, HS-grad, Divorced, Craft-repair, Not-in-family, White, Female, United-States, <=50K
35.510727,76365.27,12.884557,442.57678,1579.7471,59.2072, Private, Bachelors, Divorced, Exec-managerial, Not-in-family, White, Female, United-States, <=50K
47.868675,155023.11,12.912418,374.50067,-13.238284,34.919613, Private, Bachelors, Married-civ-spouse, Sales, Husband, White, Male, United-States, <=50K
21.579348,228041.94,9.021521,224.4278,2.8026323,38.219654, Private, HS-grad, Never-married, Sales, Own-child, White, Male, United-States, <=50K
54.14034,130185.32,10.015933,131.69751,-6.3542967,42.109756, Local-gov, Some-college, Divorced, Exec-managerial, Not-in-family, White, Female, United-States, >50K
31.971764,262279.7,12.936174,239.53125,1.689046,46.204334, Private, Bachelors, Married-civ-spouse, Craft-repair, Husband, White, Male, United-States, <=50K
40.99165,280088.47,10.010879,137.2492,3.1817446,45.04245, Private, Some-college, Married-civ-spouse, Craft-repair, Husband, White, Male, United-States, <=50K
33.81069,413606.97,9.103055,1644.8287,-10.271098,38.283016, ?, HS-grad, Married-civ-spouse, ?, Husband, White, Male, United-States, <=50K
49.084366,390815.2,2.7620578,89.74407,-10.544078,28.849216, Private, 12th, Married-spouse-absent, Craft-repair, Unmarried, White, Female, United-States, <=50K
37.2311,194979.42,12.791909,119.75231,11.8892565,42.320454, Private, Bachelors, Married-civ-spouse, Transport-moving, Husband, White, Male, United-States, <=50K
28.48158,322398.6,9.274172,207.23901,-47.03259,42.46025, ?, 12th, Never-married, ?, Not-in-family, White, Male, United-States, >50K
45.535183,80553.664,11.902661,-292.98468,23.199148,40.227474, Private, Assoc-acdm, Divorced, Craft-repair, Unmarried, White, Male, United-States, <=50K
71.72831,319866.1,3.9916368,-252.40118,19.779638,43.993397, ?, 9th, Never-married, ?, Not-in-family, White, Male, United-States, <=50K
32.36661,146719.16,9.052653,296.86493,29.138807,37.26389, Private, HS-grad, Married-civ-spouse, Machine-op-inspct, Husband, White, Male, United-States, <=50K
23.607206,162330.81,9.069049,154.49915,2.3818026,57.28013, Private, HS-grad, Married-civ-spouse, Exec-managerial, Husband, White, Male, United-States, <=50K
65.69133,135886.72,9.068193,-386.01202,-10.292201,39.029217, Federal-gov, HS-grad, Married-civ-spouse, Sales, Husband, White, Male, United-States, <=50K
45.12326,375203.88,13.006816,1988.4913,-3.1075544,49.1485, Private, Bachelors, Married-civ-spouse, Exec-managerial, Husband, White, Male, United-States, <=50K
38.52898,162999.22,8.446135,71.820915,-14.331958,43.32087, Private, HS-grad, Married-civ-spouse, Craft-repair, Husband, White, Male, United-States, >50K
40.920605,301942.9,9.621294,361.32635,-42.059826,60.149715, Local-gov, 12th, Married-civ-spouse, Machine-op-inspct, Husband, White, Male, United-States, <=50K
15.815297,177340.64,10.221142,163.26874,17.321508,43.381298, Private, Some-college, Married-civ-spouse, Other-service, Wife, White, Female, United-States, <=50K
33.59245,195730.83,10.052823,243.50702,3.553708,49.462734, Private, Some-college, Divorced, Craft-repair, Own-child, White, Male, United-States, <=50K
18.606846,247707.11,9.909358,448.93365,-11.976893,-12.197355, Private, Some-college, Never-married, Other-service, Not-in-family, White, Male, United-States, <=50K
24.429634,134906.52,6.45433,-149.3006,3.2444582,38.155552, Private, 11th, Divorced, Adm-clerical, Unmarried, White, Female, United-States, <=50K
37.610294,272167.1,6.140744,-169.58209,13.25681,46.788788, Private, 10th, Never-married, Other-service, Unmarried, White, Female, United-States, <=50K
16.481777,293230.53,9.957677,-39.596256,-3.7501173,42.610645, Private, Some-college, Never-married, Other-service, Unmarried, White, Female, United-States, <=50K
50.013424,271894.03,10.00257,993.34827,-16.972544,61.76621, Private, Some-college, Divorced, Exec-managerial, Other-relative, White, Female, United-States, <=50K
29.460981,274276.4,9.992984,-109.99433,10.052716,53.598637, Local-gov, Some-college, Divorced, Transport-moving, Not-in-family, White, Female, United-States, <=50K
23.396467,113279.22,9.669979,167.58923,-2.0802717,35.954987, Private, Some-college, Never-married, Sales, Not-in-family, White, Female, United-States, <=50K
40.23658,119761.484,10.219936,276.81726,5.270879,40.134705, Private, Some-college, Widowed, Adm-clerical, Unmarried, White, Female, United-States, <=50K
39.8776,255234.9,13.8542,1137.7622,-6.014949,38.02906, Private, Masters, Divorced, Handlers-cleaners, Not-in-family, White, Male, United-States, >50K
59.17658,102377.08,9.004837,121.727715,4.979924,22.248098, Private, HS-grad, Married-civ-spouse, Exec-managerial, Husband, White, Male, United-States, <=50K
25.649529,276351.66,9.962546,139.55792,2.5753527,31.302526, Private, Some-college, Never-married, Other-service, Not-in-family, White, Female, United-States, <=50K
36.199917,120065.6,8.975875,-90.46284,7.7338076,44.835754, Private, HS-grad, Divorced, Other-service, Not-in-family, White, Male, United-States, <=50K
26.789108,689212.06,6.7401,-450.21857,-37.40946,33.445835, Private, 10th, Never-married, Transport-moving, Not-in-family, White, Female, United-States, <=50K
22.373728,203344.75,12.921085,420.6609,5.332799,50.227264, Private, Bachelors, Married-civ-spouse, Exec-managerial, Husband, White, Male, United-States, <=50K
34.101284,135945.45,13.960206,83.74938,-5.2294493,37.69911, Private, Masters, Never-married, Prof-specialty, Not-in-family, White, Male, United-States, <=50K
26.267069,75975.17,6.593464,-118.95136,1.454961,11.724104, ?, 10th, Never-married, ?, Own-child, White, Female, United-States, <=50K
32.58652,264208.94,9.009287,130.61035,-2.8759718,50.53194, Private, HS-grad, Married-civ-spouse, Craft-repair, Husband, White, Male, United-States, <=50K
25.429049,211408.39,9.940429,121.21551,-11.961238,48.64327, Private, Some-college, Never-married, Craft-repair, Not-in-family, White, Male, United-States, <=50K
33.567013,105661.84,9.186324,247.3935,25.051878,39.14172, Private, HS-grad, Separated, Adm-clerical, Not-in-family, White, Female, United-States, >50K
24.588768,371849.06,9.004565,-137.78156,-15.350879,44.022873, Private, HS-grad, Married-civ-spouse, Prof-specialty, Wife, White, Female, United-States, <=50K
27.602522,123362.61,10.245406,106.57983,-6.193164,25.03928, Local-gov, Some-college, Never-married, Adm-clerical, Not-in-family, White, Female, United-States, <=50K
37.283287,249765.64,11.513241,146.17139,-20.583376,39.808117, Local-gov, Assoc-voc, Married-civ-spouse, Prof-specialty, Husband, White, Male, United-States, <=50K
32.678356,117094.18,10.082236,-72.37983,-13.990176,41.55457, Self-emp-not-inc, Some-college, Never-married, Sales, Own-child, White, Female, United-States, <=50K
28.767906,1079.7194,12.073401,92.46978,3.3733187,38.051445, Federal-gov, Assoc-acdm, Married-civ-spouse, Exec-managerial, Husband, White, Male, United-States, >50K
35.900436,299077.5,8.9488,-73.078316,-7.028743,34.322815, Private, HS-grad, Never-married, Sales, Unmarried, White, Female, United-States, <=50K
44.439224,249611.19,6.008665,249.61902,-18.91575,9.026989, ?, 10th, Never-married, ?, Own-child, White, Male, United-States, <=50K
50.298737,116541.85,9.972227,546.2738,1945.5834,43.48818, Private, Some-college, Married-civ-spouse, Prof-specialty, Husband, White, Male, United-States, >50K
16.77838,130287.54,8.454931,41758.547,-16.497583,21.593187, Private, 11th, Never-married, Adm-clerical, Own-child, White, Female, United-States, <=50K
49.92328,186770.94,12.884325,100.23882,2.2149324,39.58778, Private, Bachelors, Married-civ-spouse, Exec-managerial, Husband, White, Male, United-States, >50K
40.80424,175774.8,8.996245,-60.144352,6.9536333,50.928688, Federal-gov, HS-grad, Married-civ-spouse, Craft-repair, Husband, White, Male, United-States, <=50K
29.332006,212346.08,9.145154,197.01782,1.5013553,38.250004, Private, HS-grad, Separated, Machine-op-inspct, Not-in-family, White, Male, United-States, <=50K
29.60892,155303.12,8.99511,259.00427,-15.74454,39.50329, Private, HS-grad, Never-married, Sales, Not-in-family, White, Male, United-States, <=50K
39.82711,168710.12,9.104806,-151.4831,-10.575519,41.02463, Private, HS-grad, Married-civ-spouse, Craft-repair, Husband, White, Male, United-States, <=50K
45.74146,194442.4,13.005969,-49.647038,-40.701412,48.197823, Self-emp-not-inc, Bachelors, Never-married, Sales, Not-in-family, White, Female, United-States, <=50K
29.448587,221134.92,9.01937,211.84259,2.2608538,50.863285, Private, HS-grad, Never-married, Adm-clerical, Not-in-family, White, Male, United-States, <=50K
59.96011,190470.38,8.750515,-136.159,6.0880632,26.782356, Private, HS-grad, Married-civ-spouse, Craft-repair, Husband, White, Male, United-States, <=50K
45.408432,218252.55,10.099412,-112.01765,-8.522784,36.726192, State-gov, Some-college, Married-civ-spouse, Adm-clerical, Husband, White, Male, United-States, <=50K
37.83609,164788.31,12.625829,192.31696,1800.826,21.578346, Private, Bachelors, Married-civ-spouse, Sales, Husband, White, Male, United-States, <=50K
33.549126,113573.016,12.926999,134.77997,2.5426073,40.808823, Private, Bachelors, Married-civ-spouse, Exec-managerial, Husband, White, Male, United-States, <=50K
37.478607,106787.18,10.009219,230.52264,3.2490358,43.69623, Private, Some-college, Divorced, Exec-managerial, Unmarried, White, Female, United-States, >50K
57.224308,66076.4,6.4615116,38.666195,14.200757,8.339548, Private, 11th, Divorced, Sales, Not-in-family, White, Female, United-States, <=50K
45.572975,227935.95,10.5836735,-8.377995,-8.55012,51.605637, Private, Some-college, Married-civ-spouse, Handlers-cleaners, Husband, White, Male, United-States, >50K
30.933725,202105.39,11.779972,-176.84845,19.364454,41.665276, Private, Assoc-acdm, Married-civ-spouse, Craft-repair, Husband, White, Male, United-States, >50K
36.578804,150025.69,9.012342,169.73077,14.24236,38.631104, Private, HS-grad, Married-civ-spouse, Craft-repair, Husband, White, Male, United-States, <=50K
29.372776,66545.875,10.025468,293.43866,16.836576,40.845512, Private, Some-college, Married-civ-spouse, Craft-repair, Husband, White, Male, United-States, <=50K
32.86739,401253.53,11.005094,128.49786,32.48318,27.459232, Private, Assoc-voc, Divorced, Prof-specialty, Unmarried, White, Female, United-States, <=50K
43.03215,325750.88,10.8769655,1042.936,-14.282519,46.303562, Private, Assoc-voc, Divorced, Sales, Not-in-family, White, Male, United-States, <=50K
42.893208,219902.88,12.945723,184.34894,6.7287874,40.71824, Private, Bachelors, Married-civ-spouse, Transport-moving, Husband, White, Male, United-States, >50K
50.193405,246272.89,9.05017,3300.281,-3.5833082,42.236332, Private, HS-grad, Married-civ-spouse, Sales, Husband, White, Male, United-States, >50K
28.802162,152655.78,8.709203,-161.68597,-39.03393,52.181786, Private, 12th, Married-civ-spouse, Transport-moving, Husband, White, Male, United-States, >50K
23.88427,222335.34,8.950881,196.16321,12.050496,19.191599, Self-emp-not-inc, HS-grad, Never-married, Other-service, Not-in-family, White, Male, United-States, <=50K
27.491243,375600.5,10.09254,153.40778,-14.946994,68.470505, Private, Some-college, Married-civ-spouse, Sales, Husband, White, Male, United-States, >50K
34.116066,130146.984,11.506527,162.25299,-9.569102,14.903822, Private, Assoc-acdm, Never-married, Adm-clerical, Unmarried, White, Female, United-States, <=50K
60.820038,90696.56,4.451786,-316.38458,4.8543215,60.263065, Self-emp-not-inc, 10th, Married-civ-spouse, Farming-fishing, Husband, White, Male, United-States, <=50K
20.206085,102170.47,10.005368,79.71746,4.0874376,21.837126, Private, Some-college, Never-married, Sales, Own-child, White, Female, United-States, <=50K
33.939434,225830.11,8.671604,10.031551,4.4734087,38.74694, Private, HS-grad, Married-civ-spouse, Transport-moving, Husband, White, Male, United-States, <=50K
36.54758,155340.6,10.005428,119.32598,-12.0501585,61.04675, Private, Some-college, Never-married, Sales, Not-in-family, White, Female, United-States, <=50K
33.747715,189793.1,10.991337,72.80785,-18.751574,40.199375, Private, Assoc-voc, Married-civ-spouse, Other-service, Not-in-family, White, Female, United-States, <=50K
19.220524,212303.62,9.227477,67.775505,-32.43709,54.058662, Private, HS-grad, Never-married, Transport-moving, Not-in-family, White, Male, United-States, <=50K
23.881962,100743.95,9.961441,1547.3384,-12.180682,35.57609, Private, Some-college, Never-married, Exec-managerial, Not-in-family, White, Male, United-States, <=50K
24.63459,328952.25,9.071709,-63.968082,-0.10682954,45.368034, Private, HS-grad, Married-civ-spouse, Sales, Husband, White, Male, United-States, <=50K
30.699154,39218.438,13.108843,256.68842,2475.292,51.05434, Self-emp-not-inc, Bachelors, Married-civ-spouse, Craft-repair, Husband, White, Male, United-States, >50K
21.092388,15231.626,6.713514,-44.651066,-0.68610656,7.2734814, Private, 11th, Never-married, Other-service, Own-child, White, Female, United-States, <=50K
41.39729,189435.1,9.036405,281.50018,-7.850795,39.765507, Private, HS-grad, Married-civ-spouse, Handlers-cleaners, Husband, White, Male, United-States, <=50K
32.752895,61192.977,11.005132,522.8049,2.5817003,51.802532, Private, Assoc-voc, Married-civ-spouse, Adm-clerical, Husband, White, Male, United-States, <=50K
36.747833,218811.22,9.97671,228.03027,9.009625,38.381416, Private, Some-college, Divorced, Adm-clerical, Own-child, White, Male, United-States, >50K
29.321463,186450.48,9.013722,-36.919132,-20.133371,39.98835, Private, HS-grad, Never-married, Other-service, Husband, White, Female, United-States, <=50K
32.398632,350574.72,8.999337,-56.011417,-10.749782,38.18827, Private, HS-grad, Married-civ-spouse, Transport-moving, Husband, White, Male, United-States, <=50K
40.80226,95481.02,12.99676,2701.9763,6.2980623,43.89901, Private, Bachelors, Married-civ-spouse, Prof-specialty, Husband, White, Male, United-States, >50K
51.640667,339545.88,13.087446,35751.383,28.880499,52.243076, Local-gov, Bachelors, Married-civ-spouse, Exec-managerial, Not-in-family, White, Male, United-States, >50K
14.4119425,237919.62,8.060346,-120.36115,58.277225,23.165411, Private, HS-grad, Never-married, Other-service, Own-child, White, Female, United-States, <=50K
31.74149,79333.98,6.787371,-118.94355,6.1673174,35.294086, Private, 11th, Married-civ-spouse, Craft-repair, Husband, White, Male, United-States, <=50K
41.734474,228218.98,10.026591,124.39971,-12.224452,41.883423, Private, Some-college, Married-civ-spouse, Sales, Husband, White, Male, United-States, <=50K
26.306883,176497.73,8.990169,38.850033,2.0487947,39.36088, Private, HS-grad, Never-married, Transport-moving, Not-in-family, White, Female, United-States, <=50K
41.31682,227804.39,9.015384,-230.4411,5.9596376,45.48207, Private, HS-grad, Divorced, Sales, Unmarried, White, Male, United-States, >50K
32.968395,205805.19,9.034755,75.81945,-12.169787,50.937202, Private, HS-grad, Married-civ-spouse, Adm-clerical, Husband, White, Male, United-States, <=50K
46.505337,178382.64,13.069931,-50.483585,-3.433444,58.280952, Private, Bachelors, Married-civ-spouse, Transport-moving, Husband, White, Male, United-States, <=50K
29.956367,59005.25,7.494237,-70.54548,1639.778,38.36422, Self-emp-not-inc, HS-grad, Married-civ-spouse, Craft-repair, Husband, White, Male, United-States, >50K
29.870255,58843.03,8.993797,-277.2177,1.9600803,46.265606, Private, HS-grad, Married-civ-spouse, Other-service, Husband, White, Female, United-States, <=50K
24.42452,176824.23,8.95804,40.849422,7.090558,40.099438, Federal-gov, HS-grad, Never-married, Craft-repair, Husband, White, Male, United-States, <=50K
32.439705,65148.688,8.996899,-61.891056,21.449934,37.768345, Private, HS-grad, Never-married, Craft-repair, Unmarried, White, Male, United-States, <=50K
32.658916,241329.44,13.015877,-55.292423,1.4820224,45.121647, Private, Bachelors, Divorced, Sales, Own-child, White, Male, United-States, <=50K
30.441235,177111.05,7.5214243,-123.35932,14.875829,38.230106, Private, HS-grad, Married-civ-spouse, Transport-moving, Husband, White, Male, United-States, <=50K
43.215565,68661.28,4.1740656,4288.0063,-11.635806,32.46526, Private, 11th, Married-civ-spouse, Sales, Husband, White, Male, United-States, >50K
36.220333,174095.94,11.774729,1823.7623,4.745366,45.13345, Private, Bachelors, Married-civ-spouse, Craft-repair, Husband, White, Male, United-States, >50K
37.089546,127863.695,8.999885,285.28302,-2.6412077,39.37945, Private, HS-grad, Never-married, Adm-clerical, Unmarried, White, Male, United-States, <=50K
42.082497,183212.98,13.881077,35.509945,-8.011104,76.37324, Private, Masters, Never-married, Farming-fishing, Not-in-family, White, Male, United-States, <=50K
55.717606,342907.84,10.08297,676.98083,-7.2569,43.02445, Self-emp-not-inc, Some-college, Separated, Farming-fishing, Not-in-family, White, Female, United-States, <=50K
42.753605,250101.67,9.010068,2519.4023,-23.963938,39.372833, Private, HS-grad, Married-civ-spouse, Adm-clerical, Wife, White, Female, United-States, <=50K
28.441305,239435.36,6.7918367,-118.83405,-45.4882,42.63737, Private, 11th, Married-civ-spouse, Other-service, Husband, White, Male, United-States, <=50K
41.648308,159802.16,11.65246,43550.37,7.2267427,62.898846, Self-emp-not-inc, Some-college, Married-civ-spouse, Sales, Husband, White, Male, United-States, >50K
58.97649,317171.16,13.834446,4391.901,-31.625338,46.759457, Self-emp-inc, Masters, Married-civ-spouse, Exec-managerial, Husband, White, Male, United-States, >50K
35.142326,159314.19,12.92991,265.04315,-8.309367,49.806812, Private, Bachelors, Married-civ-spouse, Exec-managerial, Husband, White, Male, United-States, <=50K
26.915714,130787.375,9.953545,171.52557,-0.12850465,42.804073, Private, HS-grad, Never-married, Adm-clerical, Unmarried, White, Male, United-States, <=50K
31.731901,92039.41,6.9845037,-86.05207,6.6553774,33.58061, Private, 11th, Never-married, Other-service, Not-in-family, White, Female, United-States, <=50K
20.480206,266177.03,7.7321014,25.832943,13.260808,37.554337, Private, 11th, Never-married, Handlers-cleaners, Not-in-family, White, Female, United-States, <=50K
26.178495,85965.21,9.454513,1648.3901,-19.4518,35.302837, Private, Some-college, Never-married, Sales, Not-in-family, White, Male, United-States, <=50K
44.68352,168043.86,9.956146,225.76947,-7.5291777,38.187218, Private, Some-college, Divorced, Adm-clerical, Not-in-family, White, Male, United-States, <=50K
34.29925,192114.92,9.086746,621.38525,0.97487366,52.65766, Self-emp-not-inc, HS-grad, Married-civ-spouse, Craft-repair, Husband, White, Male, United-States, >50K
45.222687,86948.2,12.953535,125.85961,-4.477275,48.910595, Private, Bachelors, Married-civ-spouse, Exec-managerial, Husband, White, Male, United-States, >50K
32.942375,141251.73,9.031024,454.37848,22.354666,39.342403, ?, HS-grad, Separated, ?, Not-in-family, White, Female, United-States, <=50K
47.522373,104989.44,9.996522,190.79242,-4.4926023,39.247005, Private, Some-college, Never-married, Adm-clerical, Not-in-family, White, Female, United-States, <=50K
23.169489,137161.08,9.976936,90.082695,0.93383515,29.118284, Private, Some-college, Never-married, Exec-managerial, Not-in-family, White, Female, United-States, <=50K
38.038372,85036.99,12.160912,22.240658,-18.528673,47.174866, Federal-gov, Assoc-acdm, Married-civ-spouse, Adm-clerical, Husband, White, Male, United-States, <=50K
62.20639,16816.86,9.501292,550.9317,16.625975,51.94658, Private, HS-grad, Married-spouse-absent, Sales, Unmarried, White, Male, United-States, <=50K
37.461296,130981.375,14.134806,859.23,2142.4167,37.082573, Private, Masters, Never-married, Adm-clerical, Not-in-family, White, Male, United-States, <=50K
30.084135,170004.92,10.808357,325.1117,-1.5029553,41.64794, Private, Assoc-voc, Never-married, Craft-repair, Not-in-family, White, Male, United-States, >50K
26.651464,297421.12,8.584885,-257.32916,17.872465,34.002193, Private, Some-college, Never-married, Handlers-cleaners, Not-in-family, White, Male, United-States, <=50K
26.090418,177319.34,13.518217,132.59906,-8.629107,40.812626, Private, Masters, Never-married, Prof-specialty, Own-child, White, Female, United-States, <=50K
36.096657,210747.92,9.113678,72.12621,3.416646,42.383816, Private, HS-grad, Separated, Machine-op-inspct, Unmarried, White, Female, United-States, <=50K
23.711958,132112.53,12.927825,474.26196,-13.371127,65.02812, Private, Bachelors, Married-civ-spouse, Machine-op-inspct, Wife, White, Female, United-States, <=50K
34.44771,114518.46,9.301912,3423.6184,-15.946589,25.962784, Self-emp-not-inc, Some-college, Married-civ-spouse, Craft-repair, Husband, White, Male, United-States, >50K
53.054195,84533.54,9.92745,-57.784977,-17.801615,62.06209, Private, HS-grad, Married-civ-spouse, Exec-managerial, Husband, White, Male, United-States, >50K
18.773005,254971.5,8.959933,-8.471989,14.248647,36.405537, Self-emp-not-inc, HS-grad, Never-married, Sales, Unmarried, White, Male, United-States, <=50K
23.228077,486438.6,12.871436,-50.155827,23.810469,33.35645, Private, Bachelors, Never-married, Exec-managerial, Own-child, White, Female, United-States, <=50K
21.44016,124495.21,9.013203,-82.94001,11.858731,23.03671, Private, HS-grad, Never-married, Other-service, Own-child, White, Male, United-States, <=50K
32.72664,189536.66,9.109067,-15.149723,-3.058566,33.305088, Local-gov, HS-grad, Married-civ-spouse, Prof-specialty, Husband, White, Male, United-States, <=50K
39.823994,133884.34,11.795284,1583.1511,6.392766,42.10387, Private, Some-college, Married-civ-spouse, Craft-repair, Husband, White, Male, United-States, >50K
38.435513,152471.22,9.031851,-197.34161,13.776906,26.889915, Private, HS-grad, Divorced, Prof-specialty, Unmarried, White, Female, United-States, <=50K
50.391323,278451.12,4.9414325,-483.97443,38.62972,48.830452, Private, 9th, Divorced, Transport-moving, Unmarried, White, Female, United-States, <=50K
29.207335,110664.375,9.949835,1429.2249,-15.086452,34.071327, ?, Some-college, Married-civ-spouse, ?, Husband, White, Male, United-States, >50K
50.269535,138726.58,10.000434,151.32092,16.313261,39.333878, Private, Some-college, Never-married, Adm-clerical, Not-in-family, White, Male, United-States, <=50K
33.173862,58564.125,9.016729,4462.6807,-37.87917,78.8122, Private, HS-grad, Married-civ-spouse, Transport-moving, Wife, White, Female, United-States, >50K
22.723951,336850.3,10.070198,-284.58942,-26.525476,35.84436, Local-gov, Some-college, Never-married, Adm-clerical, Own-child, White, Female, United-States, <=50K
25.53111,307475.97,7.4923425,4760.5317,-76.619026,34.915245, Private, 9th, Never-married, Other-service, Not-in-family, White, Female, United-States, <=50K
38.900486,177699.86,8.759585,1988.7998,-7.6263304,50.998913, Private, HS-grad, Never-married, Exec-managerial, Not-in-family, White, Male, United-States, >50K
72.04584,171206.38,3.6049433,1588.9088,-19.75474,27.561113, Private, 10th, Married-civ-spouse, Tech-support, Husband, White, Female, United-States, <=50K
33.402874,136461.56,7.054496,-231.44147,-5.2045317,35.211945, State-gov, 11th, Married-civ-spouse, Transport-moving, Husband, White, Male, United-States, <=50K
19.951427,255387.06,9.077828,7.9102135,-4.1380796,40.21442, ?, HS-grad, Never-married, ?, Not-in-family, White, Male, United-States, <=50K
27.693623,148709.34,9.039872,165.04309,-0.88658416,35.29669, Private, HS-grad, Never-married, Tech-support, Not-in-family, White, Female, United-States, <=50K
26.66441,267263.3,12.595273,52.76312,-17.295008,9.266567, Private, Bachelors, Never-married, Other-service, Not-in-family, White, Female, United-States, <=50K
31.730536,204528.9,6.951803,-439.04376,13.809827,41.155155, State-gov, 11th, Married-civ-spouse, Machine-op-inspct, Husband, White, Male, United-States, >50K
25.155949,187837.08,8.999461,19.868221,-10.264529,37.87865, Private, HS-grad, Never-married, Sales, Own-child, White, Male, United-States, <=50K
21.952965,59043.93,7.636062,-142.94855,31.039896,27.92105, ?, 10th, Never-married, ?, Own-child, White, Female, United-States, <=50K
53.208355,164686.03,9.01274,-142.37592,4.1285906,35.45334, ?, HS-grad, Married-civ-spouse, ?, Husband, White, Male, United-States, <=50K
48.009247,94718.21,13.289529,-36.14191,3.5105486,56.572784, Private, Bachelors, Divorced, Prof-specialty, Not-in-family, White, Male, United-States, >50K
26.949158,199300.7,9.011588,29.635067,-18.29426,42.993534, Private, HS-grad, Married-civ-spouse, Adm-clerical, Wife, White, Female, United-States, <=50K
52.292973,192657.25,11.050198,69.08672,8.638272,32.55473, Private, Assoc-voc, Divorced, Other-service, Not-in-family, White, Male, United-States, <=50K
25.169641,276907.16,9.031652,-42.4173,12.145879,37.391266, Private, HS-grad, Divorced, Handlers-cleaners, Unmarried, White, Female, United-States, <=50K
56.860558,268077.44,9.021213,-50.265446,-3.6222792,51.088852, Private, HS-grad, Married-civ-spouse, Protective-serv, Husband, White, Male, United-States, <=50K
38.08666,211043.36,9.962485,1791.5411,3.1333895,43.19933, Private, Some-college, Separated, Other-service, Unmarried, White, Male, United-States, >50K
25.428844,148494.02,9.966548,52.6524,-1.842883,24.315002, Private, Some-college, Never-married, Adm-clerical, Not-in-family, White, Female, United-States, <=50K
25.140194,88127.04,8.957175,21.694515,-1.6882428,35.197796, Private, HS-grad, Never-married, Adm-clerical, Not-in-family, White, Female, United-States, <=50K
31.709126,232433.55,9.005232,353.65625,3.9189653,51.62568, Private, HS-grad, Married-civ-spouse, Craft-repair, Husband, White, Male, United-States, >50K
27.04452,66781.97,8.982927,-6.0775795,12.508016,50.266083, Private, HS-grad, Never-married, Other-service, Not-in-family, White, Male, United-States, <=50K
27.162138,246256.33,8.970747,77.65868,-0.99925506,49.844635, Private, HS-grad, Never-married, Handlers-cleaners, Not-in-family, White, Male, United-States, <=50K
31.004719,293678.9,12.907052,80.70495,8.101163,36.040905, Private, Bachelors, Divorced, Prof-specialty, Unmarried, White, Female, United-States, <=50K
34.249065,183285.0,14.2478285,377.9309,1869.6528,71.9348, Private, Masters, Married-civ-spouse, Exec-managerial, Husband, White, Male, United-States, >50K
49.406906,92775.31,9.056498,96.33886,15.102574,50.262, ?, HS-grad, Married-civ-spouse, ?, Husband, White, Male, United-States, <=50K
50.58493,165713.88,8.970727,61.74737,10.993924,49.673622, Private, HS-grad, Divorced, Craft-repair, Not-in-family, White, Male, United-States, <=50K
29.547932,128177.72,12.464884,134.67004,40.831745,44.766083, State-gov, Masters, Married-civ-spouse, Adm-clerical, Husband, White, Male, United-States, <=50K
46.149006,134098.78,9.009744,-38.02753,13.416829,46.918533, Private, HS-grad, Married-civ-spouse, Handlers-cleaners, Husband, White, Male, United-States, <=50K
24.162443,152520.67,6.3809443,479.13336,-5.9448957,18.10177, Self-emp-not-inc, 10th, Never-married, Adm-clerical, Not-in-family, White, Female, United-States, <=50K
46.43454,229435.78,12.985784,-20.210026,-1.54893,46.718407, ?, Bachelors, Married-civ-spouse, ?, Husband, White, Male, United-States, >50K
37.816788,207649.25,11.368742,9.305843,-5.705493,45.88754, Private, Bachelors, Married-civ-spouse, Exec-managerial, Husband, White, Male, United-States, <=50K
40.55144,242362.97,9.046047,-245.45038,33.148003,19.383387, Private, HS-grad, Separated, Other-service, Not-in-family, White, Female, United-States, <=50K
21.711824,237401.36,9.982814,307.5749,12.6149645,28.388815, Private, Some-college, Never-married, Craft-repair, Not-in-family, White, Male, United-States, <=50K
51.1047,201015.4,13.015265,36.40179,-1.3135556,35.235977, Private, Bachelors, Married-civ-spouse, Prof-specialty, Husband, White, Male, United-States, >50K
35.533554,21526.719,10.006904,132.96735,997.2323,22.98661, ?, Some-college, Married-civ-spouse, ?, Husband, White, Male, United-States, <=50K
32.494,256337.11,9.233885,43.37219,-37.85622,33.24802, Private, Some-college, Married-civ-spouse, Other-service, Husband, White, Male, United-States, >50K
25.053577,175440.98,9.009651,105.61309,11.427266,29.151926, Private, HS-grad, Never-married, Sales, Not-in-family, White, Male, United-States, <=50K
36.638042,274950.8,9.04066,-51.437077,-4.2143736,47.398716, State-gov, HS-grad, Married-civ-spouse, Craft-repair, Husband, White, Male, United-States, <=50K
59.468082,218029.55,10.086327,7.725155,-16.825197,43.53719, Federal-gov, Some-college, Married-civ-spouse, Other-service, Husband, White, Male, United-States, >50K
61.22772,239365.08,9.454485,-228.51312,-2.2029524,44.00812, Local-gov, HS-grad, Married-civ-spouse, Craft-repair, Husband, White, Male, United-States, <=50K
29.818493,67065.34,8.99271,-16.08649,10.459882,28.771732, Private, HS-grad, Never-married, Other-service, Unmarried, White, Female, United-States, <=50K
45.536793,113516.58,15.092102,71.70794,-4.2773924,46.49968, Private, Bachelors, Married-civ-spouse, Prof-specialty, Husband, White, Male, United-States, >50K
27.466513,133663.75,8.999209,-34.98322,-5.7056,36.584072, Private, HS-grad, Never-married, Adm-clerical, Not-in-family, White, Male, United-States, <=50K
46.01355,238077.69,8.968351,-31.524967,17.867231,43.111855, Private, HS-grad, Married-civ-spouse, Craft-repair, Husband, White, Male, United-States, >50K
29.828548,105815.445,12.8615265,77.14501,0.11217986,51.94023, Private, Bachelors, Never-married, Craft-repair, Unmarried, White, Male, United-States, <=50K
28.252779,127603.35,7.2908297,36.674862,11.256482,33.24496, ?, HS-grad, Married-civ-spouse, ?, Husband, White, Male, United-States, <=50K
21.999037,275248.2,9.990113,-42.54218,2.2412767,31.180431, Self-emp-not-inc, Some-college, Never-married, Sales, Not-in-family, White, Female, United-States, <=50K
37.651817,211078.69,8.883654,772.93097,14.981534,38.7777, Private, HS-grad, Married-civ-spouse, Transport-moving, Husband, White, Male, United-States, >50K
37.330284,286666.28,12.975581,64.597404,-12.868632,51.71228, Private, Bachelors, Married-civ-spouse, Exec-managerial, Husband, White, Male, United-States, >50K
50.947437,74774.71,13.212233,188.26282,7.510007,31.253984, Private, Bachelors, Never-married, Sales, Not-in-family, White, Female, United-States, <=50K
23.44899,305496.72,13.671203,276.23346,-3.5208616,54.934574, Private, Masters, Never-married, Prof-specialty, Not-in-family, White, Male, United-States, <=50K
24.421165,157920.48,8.983426,13.179867,-15.164592,37.2924, Private, HS-grad, Never-married, Handlers-cleaners, Own-child, White, Male, United-States, <=50K
41.14427,282466.16,6.097001,-91.55488,7.4335146,53.215336, Federal-gov, 9th, Married-civ-spouse, Tech-support, Husband, White, Male, United-States, <=50K
42.767,191759.55,10.1046,-304.25433,-5.306941,43.55028, Self-emp-not-inc, Some-college, Married-civ-spouse, Sales, Other-relative, White, Male, United-States, >50K
38.21198,206801.92,9.045815,-36.587345,24.986624,41.278316, Private, HS-grad, Separated, Handlers-cleaners, Not-in-family, White, Male, United-States, <=50K
55.019196,163499.45,11.180719,111.92132,-20.727007,36.7689, Local-gov, Assoc-voc, Divorced, Craft-repair, Not-in-family, White, Male, United-States, <=50K
20.181835,194728.81,9.50646,-46.399845,24.131605,29.91569, ?, Some-college, Never-married, ?, Own-child, White, Female, United-States, <=50K
51.5889,293282.16,9.970641,132.33026,-9.772853,42.67175, Private, Some-college, Married-civ-spouse, Sales, Husband, White, Male, United-States, <=50K
32.528873,321080.8,8.699439,1111.9437,-15.676974,36.034546, Private, Some-college, Never-married, Sales, Unmarried, White, Female, United-States, <=50K
32.761303,206166.67,12.911639,-137.16876,7.4568834,45.757954, Private, Bachelors, Never-married, Other-service, Own-child, White, Male, United-States, <=50K
37.561657,115302.336,9.983846,71.65386,-10.321719,49.977325, Private, Some-college, Married-civ-spouse, Machine-op-inspct, Husband, White, Male, United-States, <=50K
44.015907,103069.12,9.058063,128.44147,18.954351,18.034054, Private, HS-grad, Divorced, Machine-op-inspct, Not-in-family, White, Female, United-States, <=50K
46.55712,265438.0,9.571527,-10.050358,-1.5773495,36.253033, Private, Some-college, Married-civ-spouse, Adm-clerical, Husband, White, Male, United-States, <=50K
41.46113,228915.8,14.683439,1169.8159,-14.7636595,44.558125, Private, Masters, Married-civ-spouse, Sales, Husband, White, Male, United-States, <=50K
49.053486,210526.3,3.0558572,1.2651937,8.0034,55.72033, Private, 12th, Divorced, Other-service, Unmarried, White, Female, United-States, <=50K
28.149343,197978.58,8.708832,-55.876286,-1.9223889,47.065617, Private, HS-grad, Married-civ-spouse, Adm-clerical, Husband, White, Male, United-States, <=50K
26.222849,74010.68,9.0254965,-35.266544,-1.8472317,43.534676, Private, HS-grad, Never-married, Other-service, Not-in-family, White, Female, United-States, <=50K
22.731207,228680.53,9.0166235,3.0166585,-1.5072201,44.467037, Private, HS-grad, Never-married, Other-service, Not-in-family, White, Male, United-States, <=50K
27.156761,689865.94,9.164659,211.80151,16.966078,58.52759, Private, HS-grad, Separated, Handlers-cleaners, Unmarried, White, Female, United-States, <=50K
59.704464,168978.89,8.969701,3367.2483,37.231876,38.81258, Private, HS-grad, Divorced, Transport-moving, Not-in-family, White, Male, United-States, >50K
19.185287,213422.39,9.035141,-201.04645,6.083493,44.010433, Private, HS-grad, Never-married, Farming-fishing, Own-child, White, Male, United-States, <=50K
20.003366,230550.77,9.943284,247.4596,2.1192446,41.189095, Private, Some-college, Never-married, Craft-repair, Not-in-family, White, Male, United-States, <=50K
36.508427,192259.69,9.954906,232.82983,7.5533876,30.390022, Private, Some-college, Never-married, Sales, Unmarried, White, Female, United-States, <=50K
64.38557,115562.95,10.026622,199.5202,-4.647998,45.835014, Private, Some-college, Married-civ-spouse, Adm-clerical, Husband, White, Male, United-States, <=50K
49.809284,91609.2,6.3568454,-134.88202,-2.0794477,55.502758, Private, 10th, Married-civ-spouse, Machine-op-inspct, Husband, White, Male, United-States, <=50K
43.97237,184268.73,9.006851,3534.7664,-2.7508345,32.24791, ?, HS-grad, Married-civ-spouse, ?, Wife, White, Female, United-States, >50K
57.22202,229658.92,9.027245,-5.5847816,11.464215,48.627697, Self-emp-not-inc, HS-grad, Married-civ-spouse, Craft-repair, Husband, White, Male, United-States, <=50K
56.41845,91648.45,12.972805,86.41088,9.940114,46.265694, Private, Bachelors, Divorced, Prof-specialty, Not-in-family, White, Female, United-States, <=50K
67.126205,233403.52,7.022818,-253.12921,9.445851,31.10637, Private, 10th, Married-civ-spouse, Handlers-cleaners, Husband, White, Male, United-States, <=50K
36.604103,140381.72,12.984467,78.30767,-6.7408934,42.95295, Private, Bachelors, Married-civ-spouse, Sales, Husband, White, Male, United-States, <=50K
26.842028,376752.3,9.0165825,1.0072591,-0.96156585,50.43135, Private, HS-grad, Married-civ-spouse, Farming-fishing, Husband, White, Male, United-States, <=50K
45.010563,220587.89,8.986043,14.484066,9.22186,37.256546, Private, HS-grad, Never-married, Other-service, Not-in-family, White, Female, United-States, <=50K
25.357164,277190.12,8.405419,-72.30256,-0.25011718,30.63897, Private, HS-grad, Never-married, Sales, Unmarried, White, Female, United-States, <=50K
29.99152,160479.39,12.921128,42.74914,8.188321,51.024204, Private, Bachelors, Never-married, Other-service, Not-in-family, White, Female, United-States, >50K
29.832893,39542.203,10.06421,-368.57892,10.581082,31.58637, Local-gov, Some-college, Divorced, Craft-repair, Unmarried, White, Female, United-States, <=50K
60.986988,133225.72,4.651902,-154.80304,1.8945972,38.577656, Private, 9th, Married-civ-spouse, Handlers-cleaners, Husband, White, Male, United-States, >50K
63.603027,197313.14,10.443533,2449.6313,-20.42673,39.841373, Private, Assoc-voc, Divorced, Sales, Not-in-family, White, Male, United-States, <=50K
20.694008,327690.4,2.9790235,82.71575,7.771611,49.668716, Private, 10th, Divorced, Transport-moving, Husband, White, Male, United-States, <=50K
52.741512,41967.797,13.896723,561.5164,851.23175,46.808865, Local-gov, Masters, Married-civ-spouse, Tech-support, Husband, White, Male, United-States, >50K
32.75811,334822.34,3.3925467,5566.196,-20.803919,49.04102, Private, 10th, Never-married, Craft-repair, Not-in-family, White, Male, United-States, <=50K
22.96776,186467.52,8.590396,-54.110172,-10.125285,37.76418, Private, HS-grad, Never-married, Adm-clerical, Own-child, White, Female, United-States, <=50K
24.366922,278174.6,9.962108,30.712948,14.761151,26.14336, Private, Some-college, Divorced, Sales, Own-child, White, Male, United-States, <=50K
32.610973,114673.805,9.063284,18.236507,-1.8954343,39.853653, ?, HS-grad, Never-married, ?, Own-child, White, Male, United-States, <=50K
23.344078,259963.77,9.97219,42.74084,-2.5924482,26.82509, Private, Some-college, Never-married, Sales, Not-in-family, White, Female, United-States, <=50K
29.583464,87488.62,13.025428,118.07305,-7.2475386,45.83371, Private, Bachelors, Married-civ-spouse, Machine-op-inspct, Husband, White, Male, United-States, <=50K
51.341328,118867.32,8.645235,42.112545,10.28848,40.617573, Private, HS-grad, Married-civ-spouse, Other-service, Husband, White, Male, United-States, <=50K
36.72588,92871.14,12.963418,-33.135197,-8.406405,40.862755, Local-gov, Bachelors, Married-civ-spouse, Other-service, Husband, White, Male, United-States, <=50K
64.98859,326034.97,8.959468,2107.501,51.035973,24.107824, Private, HS-grad, Married-civ-spouse, Sales, Wife, White, Female, United-States, <=50K
47.064644,489733.1,13.145081,14314.078,-53.348614,46.3456, Local-gov, Bachelors, Married-civ-spouse, Adm-clerical, Husband, White, Male, United-States, <=50K
22.522854,337135.44,2.60534,-46.207096,-4.54214,41.320698, Private, 11th, Never-married, Other-service, Own-child, White, Female, United-States, <=50K
58.35283,211309.48,9.008245,308.73328,1459.9829,65.60085, Private, HS-grad, Married-civ-spouse, Transport-moving, Husband, White, Male, United-States, >50K
24.927149,131452.78,11.029254,-432.38812,-17.871668,36.988995, Private, Assoc-voc, Never-married, Craft-repair, Own-child, White, Male, United-States, >50K
67.61839,74966.35,14.336618,145.84082,-3.1945143,55.3536, Self-emp-inc, Masters, Married-civ-spouse, Exec-managerial, Husband, White, Male, United-States, >50K
32.90687,156588.88,6.754901,58.90295,6.677594,42.096123, Private, 11th, Married-civ-spouse, Craft-repair, Husband, White, Male, United-States, <=50K
55.802658,205497.02,9.000809,-37.94623,10.702359,38.159378, Private, HS-grad, Divorced, Handlers-cleaners, Not-in-family, White, Female, United-States, <=50K
54.479134,121158.055,5.986831,52.627987,-20.259851,73.33767, Private, 10th, Married-civ-spouse, Sales, Husband, White, Male, United-States, >50K
59.280457,99649.54,9.022802,-180.34015,-9.3372755,33.987644, Private, HS-grad, Married-civ-spouse, Craft-repair, Husband, White, Male, United-States, <=50K
35.67155,131209.0,10.062191,177.3714,-6.7916136,45.315575, Self-emp-not-inc, Some-college, Married-civ-spouse, Craft-repair, Husband, White, Male, United-States, <=50K
54.470036,157310.42,13.723101,383.8694,-5.7857924,25.682388, Self-emp-inc, Bachelors, Married-civ-spouse, Prof-specialty, Husband, White, Male, United-States, >50K
28.971354,343736.47,13.69739,165.22913,-13.818599,45.035168, Private, Masters, Married-civ-spouse, Exec-managerial, Husband, White, Male, United-States, >50K
54.864273,101475.8,14.031653,195.1485,-15.499019,23.96256, Private, Masters, Married-civ-spouse, Prof-specialty, Husband, White, Male, United-States, >50K
24.279371,233641.2,8.970626,-343.73676,7.4027834,37.71021, Private, HS-grad, Never-married, Transport-moving, Own-child, White, Female, United-States, <=50K
60.218655,117048.09,9.05566,6550.6367,19.136679,26.409489, ?, HS-grad, Married-civ-spouse, ?, Husband, White, Male, United-States, >50K
23.155035,269766.06,10.06444,199.21759,-18.530008,31.528711, Private, Some-college, Never-married, Sales, Own-child, White, Male, United-States, <=50K
32.55874,231535.27,8.959521,174.17676,15.615758,44.165756, Private, HS-grad, Divorced, Craft-repair, Not-in-family, White, Female, United-States, <=50K
20.662767,124453.72,10.033154,-16.014835,-7.0458174,33.774094, Private, Some-college, Never-married, Adm-clerical, Own-child, White, Female, United-States, <=50K
51.32942,347394.5,12.011136,484.97784,-15.214419,43.792038, Private, Assoc-voc, Married-civ-spouse, Prof-specialty, Unmarried, White, Male, United-States, >50K
46.832687,122341.17,10.003107,397.45685,2.699254,36.99135, Private, Some-college, Widowed, Handlers-cleaners, Unmarried, White, Female, United-States, <=50K
24.88334,214541.89,10.079612,273.64368,6.893178,45.988487, Private, Some-college, Never-married, Craft-repair, Not-in-family, White, Male, United-States, <=50K
46.812748,162637.05,10.977497,159.55194,-10.718104,70.80521, Private, Assoc-voc, Never-married, Transport-moving, Not-in-family, White, Female, United-States, <=50K
48.795994,39991.047,12.610202,294.6986,1904.4738,52.342075, State-gov, Masters, Married-civ-spouse, Sales, Husband, White, Male, United-States, >50K
35.50569,432336.9,9.089214,-322.70563,18.490355,47.531563, Self-emp-not-inc, HS-grad, Married-civ-spouse, Transport-moving, Husband, White, Male, United-States, <=50K
51.017284,133779.72,9.04519,7.549618,9.55222,40.52909, Private, HS-grad, Married-civ-spouse, Prof-specialty, Husband, White, Male, United-States, <=50K
22.766224,160909.53,8.851221,-108.66987,-13.570704,35.752132, Self-emp-inc, HS-grad, Never-married, Handlers-cleaners, Own-child, White, Male, United-States, <=50K
20.397503,49745.516,13.006801,72.23431,12.092664,39.185833, Private, Bachelors, Never-married, Prof-specialty, Own-child, White, Male, United-States, <=50K
28.85318,187741.25,6.1687655,112.69421,-3.6282682,40.90792, Private, 10th, Never-married, Other-service, Not-in-family, White, Female, United-States, <=50K
48.985245,140837.64,8.997628,66.44396,-8.116359,62.944653, Private, HS-grad, Married-civ-spouse, Sales, Husband, White, Male, United-States, <=50K
35.70644,198004.38,12.621399,276.01086,18.049353,23.252653, Private, Masters, Married-civ-spouse, Handlers-cleaners, Husband, White, Male, United-States, >50K
29.010317,162051.08,10.341009,-295.91534,19.915342,48.489, Private, HS-grad, Married-civ-spouse, Craft-repair, Husband, White, Male, United-States, <=50K
30.82905,149648.48,10.401288,301.33362,-3.8608809,48.427246, Private, Some-college, Married-civ-spouse, Handlers-cleaners, Husband, White, Male, United-States, >50K
35.20585,129982.68,10.116288,137.77448,-1.3592862,50.27617, Private, Some-college, Married-civ-spouse, Exec-managerial, Husband, White, Male, United-States, >50K
24.129515,334783.88,8.912519,-24.245792,-40.820004,58.20717, Private, HS-grad, Married-civ-spouse, Transport-moving, Wife, White, Male, United-States, >50K
51.3744,376916.94,8.927735,281.96173,3.284665,35.29661, Private, HS-grad, Never-married, Exec-managerial, Not-in-family, White, Female, United-States, <=50K
64.57007,104956.66,13.008469,134.92328,-54.064007,37.769497, Private, Bachelors, Married-civ-spouse, Prof-specialty, Other-relative, White, Female, United-States, <=50K
32.62874,87417.41,9.029304,95.08825,14.78436,42.850708, Private, HS-grad, Divorced, Machine-op-inspct, Unmarried, White, Female, United-States, <=50K
53.44567,65160.875,8.974568,-16.876286,-2.6325865,78.77081, Private, HS-grad, Married-civ-spouse, Craft-repair, Husband, White, Male, United-States, >50K
34.481976,67901.305,6.9692087,104.8966,-5.8685713,40.938797, Local-gov, HS-grad, Married-civ-spouse, Transport-moving, Husband, White, Male, United-States, >50K
24.26443,132119.05,9.818438,42139.234,-37.464756,37.28077, Private, Some-college, Never-married, Transport-moving, Not-in-family, White, Male, United-States, >50K
26.533821,101982.87,10.476962,-46.015446,-4.9511366,39.10317, Private, Assoc-acdm, Never-married, Craft-repair, Own-child, White, Male, United-States, >50K
28.770954,282577.1,9.962802,12722.009,-2.406703,44.234905, Private, Some-college, Married-civ-spouse, Craft-repair, Husband, White, Male, United-States, >50K
31.833145,227292.4,9.034831,510.49976,1850.9843,43.18734, Private, HS-grad, Divorced, Sales, Not-in-family, White, Female, United-States, <=50K
56.60249,211618.95,8.963583,-52.60822,5.503339,40.571793, Private, HS-grad, Married-civ-spouse, Transport-moving, Husband, White, Male, United-States, <=50K
30.579554,137620.8,10.05083,115.5277,-11.816638,45.47964, Private, Some-college, Married-civ-spouse, Craft-repair, Husband, White, Male, United-States, >50K
48.915092,188470.78,10.972193,-379.59613,18.535925,48.553276, State-gov, Assoc-voc, Divorced, Exec-managerial, Not-in-family, White, Male, United-States, >50K
24.123499,279605.3,3.4250007,-187.96881,19.1751,41.580437, Private, 12th, Never-married, Other-service, Not-in-family, White, Female, United-States, <=50K
52.96995,241773.14,13.002238,167.68103,-35.757183,38.199577, Private, Masters, Married-civ-spouse, Handlers-cleaners, Husband, White, Male, United-States, <=50K
26.90406,276790.0,13.009428,42.975338,-9.394244,33.5421, Private, Bachelors, Never-married, Priv-house-serv, Not-in-family, White, Female, United-States, <=50K
45.31145,151049.47,12.65656,18.671444,-1.3953427,49.364708, Private, Bachelors, Married-civ-spouse, Exec-managerial, Husband, White, Male, United-States, <=50K
54.731915,154027.81,9.0170145,3236.71,14.340291,30.033092, Private, HS-grad, Married-civ-spouse, Exec-managerial, Husband, White, Male, United-States, <=50K
58.13613,176927.39,10.01141,-15.120792,-6.962291,38.629066, Private, Some-college, Married-civ-spouse, Craft-repair, Husband, White, Male, United-States, <=50K
26.158867,125698.53,4.449559,-272.29596,-18.406199,40.020275, Private, 9th, Never-married, Other-service, Husband, White, Male, United-States, <=50K
67.4902,220391.84,10.013109,-56.65778,1.1014606,35.51623, Private, Some-college, Divorced, Prof-specialty, Not-in-family, White, Female, United-States, <=50K
33.36705,115556.61,10.028775,94.48168,-3.7383146,45.928516, Private, Some-college, Married-civ-spouse, Transport-moving, Husband, White, Male, United-States, <=50K
52.926754,109191.4,9.734153,-60.218327,9.897977,44.00817, Private, HS-grad, Married-civ-spouse, Prof-specialty, Husband, White, Male, United-States, <=50K
30.258352,527763.6,12.856985,2992.1853,-2.9210005,34.406548, Private, Bachelors, Divorced, Other-service, Unmarried, White, Male, United-States, <=50K
33.790478,204044.81,13.682349,347.94397,2.6361742,31.675148, Self-emp-not-inc, Masters, Divorced, Prof-specialty, Not-in-family, White, Female, United-States, >50K
43.965797,176002.48,9.807691,-345.31036,4.4298677,55.47677, Private, Some-college, Separated, Farming-fishing, Not-in-family, White, Female, United-States, <=50K
37.34447,206838.28,11.0133705,160.36664,0.6718799,30.577705, Private, Assoc-voc, Never-married, Adm-clerical, Not-in-family, White, Female, United-States, <=50K
33.810116,102340.94,9.995786,6704.2754,-49.64227,39.955578, Federal-gov, HS-grad, Divorced, Tech-support, Not-in-family, White, Male, United-States, >50K
44.487072,154584.81,11.980166,266.5174,18.908865,28.77309, Private, Assoc-acdm, Divorced, Prof-specialty, Not-in-family, White, Female, United-States, <=50K
73.20734,298783.56,8.966246,-439.347,-24.814875,43.746895, Self-emp-inc, HS-grad, Widowed, Craft-repair, Not-in-family, White, Male, United-States, <=50K
35.985313,272582.4,7.8549137,162.02057,-17.456202,37.10842, Private, 11th, Married-civ-spouse, Adm-clerical, Husband, White, Male, United-States, <=50K
33.693356,157511.52,10.970032,-409.56573,44.99676,22.72322, Private, Assoc-voc, Never-married, Adm-clerical, Not-in-family, White, Female, United-States, >50K
42.51072,163572.77,7.239494,39.026608,-35.261936,47.83884, Private, HS-grad, Married-civ-spouse, Protective-serv, Husband, White, Male, United-States, >50K
53.90367,126939.46,13.871273,4373.583,-26.513613,66.19972, Private, Masters, Married-civ-spouse, Sales, Husband, White, Male, United-States, >50K
25.574198,240426.73,6.8470163,-66.3968,-0.30669677,35.95741, Private, 11th, Never-married, Adm-clerical, Unmarried, White, Female, United-States, <=50K
33.012863,171457.98,4.48694,-385.3034,22.116728,22.543465, Private, HS-grad, Married-civ-spouse, Other-service, Husband, White, Male, United-States, <=50K
47.388348,206475.84,11.998984,516.8476,7.743535,36.392105, Private, Assoc-acdm, Never-married, Machine-op-inspct, Not-in-family, White, Male, United-States, <=50K
26.806839,215647.34,8.9892845,-233.39862,17.325499,34.15746, Private, HS-grad, Never-married, Craft-repair, Not-in-family, White, Female, United-States, <=50K
28.986301,498034.03,9.155373,94.90496,-4.9167814,53.799538, Local-gov, HS-grad, Married-civ-spouse, Protective-serv, Husband, White, Male, United-States, >50K
31.6343,277481.03,11.30352,285.98785,-24.18873,43.64856, Private, Assoc-voc, Married-civ-spouse, Exec-managerial, Husband, White, Male, United-States, >50K
62.205067,218703.34,9.877126,238.7583,6.7363863,47.73558, Private, Some-college, Married-civ-spouse, Prof-specialty, Husband, White, Male, United-States, >50K
32.504856,159763.81,9.907401,-92.20539,6.4758806,41.513042, Local-gov, Some-college, Divorced, Protective-serv, Not-in-family, White, Male, United-States, <=50K
59.23569,217654.36,8.974242,1231.8762,1480.1133,48.06564, Private, HS-grad, Married-civ-spouse, Exec-managerial, Husband, White, Male, United-States, >50K
27.521023,58752.508,9.057134,-310.17072,27.417738,4.6490307, Private, HS-grad, Never-married, Craft-repair, Own-child, White, Female, United-States, <=50K
44.29984,213411.9,13.506904,332.16913,-5.861186,37.999256, Private, Masters, Divorced, Craft-repair, Unmarried, White, Female, United-States, <=50K
40.54936,313358.56,10.646385,103.56243,-25.543695,46.43888, Private, Assoc-voc, Divorced, Craft-repair, Own-child, White, Male, United-States, <=50K
33.651253,285424.47,10.042629,101.05407,7.21362,20.437891, State-gov, Some-college, Divorced, Other-service, Not-in-family, White, Female, United-States, <=50K
28.808529,164054.84,9.028096,991.60114,-6.947032,41.91385, Private, HS-grad, Never-married, Handlers-cleaners, Not-in-family, White, Male, United-States, <=50K
40.142307,263554.38,15.728583,19506.342,27.492762,55.07703, State-gov, Bachelors, Divorced, Prof-specialty, Unmarried, White, Female, United-States, >50K
41.939228,187628.73,9.012097,274.28223,6.9093447,39.618637, Private, HS-grad, Married-civ-spouse, Sales, Husband, White, Male, United-States, <=50K
24.07846,264967.0,9.015173,-228.112,10.169713,35.167328, Local-gov, HS-grad, Never-married, Protective-serv, Not-in-family, White, Female, United-States, <=50K
50.83685,283174.03,12.861342,6029.4165,-35.06313,28.027311, Private, Bachelors, Never-married, Other-service, Not-in-family, White, Female, United-States, <=50K
43.359516,300812.47,3.5837297,-232.30109,0.106564626,37.563553, Private, HS-grad, Separated, Other-service, Unmarried, White, Female, United-States, <=50K
38.543285,207207.28,15.097521,1242.784,19.327993,47.72572, Private, Assoc-acdm, Married-civ-spouse, Prof-specialty, Husband, White, Male, United-States, <=50K
50.76388,53213.094,10.224024,22.046444,-7.5360975,24.228575, Private, Some-college, Married-civ-spouse, Craft-repair, Husband, White, Male, United-States, <=50K
41.681023,182022.23,7.693742,-163.20331,-7.3557386,41.183556, Private, 9th, Married-civ-spouse, Exec-managerial, Husband, White, Male, United-States, <=50K
28.613825,261531.78,5.5994344,-177.09723,-0.83038604,39.421722, Private, 11th, Married-civ-spouse, Transport-moving, Husband, White, Male, United-States, <=50K
27.843178,140144.16,10.051822,665.84,11.228627,43.138973, Private, Some-college, Separated, Sales, Own-child, White, Male, United-States, <=50K
26.806253,175607.03,9.032174,1063.0768,14.182187,40.83716, Private, HS-grad, Married-civ-spouse, Craft-repair, Husband, White, Male, United-States, <=50K
39.50891,76354.3,10.275689,143.63593,8.939733,38.990776, Private, Some-college, Divorced, Craft-repair, Unmarried, White, Female, United-States, <=50K
32.94923,96907.875,8.984123,-124.983955,-2.3694715,41.841816, Private, HS-grad, Never-married, Adm-clerical, Own-child, White, Female, United-States, <=50K
53.11799,170584.62,12.955256,221.29999,1901.9287,41.01987, Private, Bachelors, Married-civ-spouse, Prof-specialty, Husband, White, Male, United-States, <=50K
46.206505,177239.8,12.919065,73.188774,4.4069796,45.656788, Private, Bachelors, Married-civ-spouse, Exec-managerial, Husband, White, Male, United-States, >50K
34.378067,337185.44,3.931656,9.173763,11.985013,44.02793, Private, 9th, Separated, Sales, Unmarried, White, Female, United-States, <=50K
31.356787,244857.52,9.099791,641.07526,37.653175,37.85823, Private, HS-grad, Separated, Adm-clerical, Not-in-family, White, Female, United-States, <=50K
36.694656,245860.45,9.042492,-33.83881,17.576414,43.19266, Private, HS-grad, Married-civ-spouse, Transport-moving, Husband, White, Male, United-States, <=50K
42.458717,228076.25,10.345838,413.6183,2.5390139,39.6864, Private, HS-grad, Divorced, Tech-support, Not-in-family, White, Female, United-States, <=50K
38.098732,300482.2,9.972551,-97.040596,1403.0718,41.928673, State-gov, Some-college, Married-civ-spouse, Prof-specialty, Husband, White, Male, United-States, >50K
16.074936,203358.7,8.980195,105.70153,-5.3518248,49.316288, Private, HS-grad, Never-married, Sales, Own-child, White, Female, United-States, <=50K
62.51362,203536.95,9.047785,-1.8655436,-4.76163,45.305164, Private, HS-grad, Married-civ-spouse, Exec-managerial, Husband, White, Male, United-States, >50K
22.220747,231205.73,7.2587323,309.95428,20.22267,46.833244, Private, 11th, Never-married, Craft-repair, Not-in-family, White, Male, United-States, <=50K
40.440506,172411.44,12.012026,-24.645695,5.628415,32.41207, Private, Assoc-acdm, Divorced, Sales, Not-in-family, White, Male, United-States, <=50K
59.434483,123310.15,8.950636,-462.34186,4.300786,34.694103, Private, HS-grad, Married-civ-spouse, Other-service, Husband, White, Male, United-States, >50K
42.73512,322271.2,9.956707,341.38647,-16.369463,40.902523, Private, Some-college, Never-married, Exec-managerial, Unmarried, White, Female, United-States, <=50K
30.71138,160509.9,12.345611,620.8489,7.562299,39.72687, Private, Masters, Separated, Craft-repair, Unmarried, White, Female, United-States, <=50K
36.571827,81957.27,11.200335,-452.27716,11.2261095,53.73116, Private, Bachelors, Never-married, Transport-moving, Unmarried, White, Male, United-States, <=50K
62.997753,268625.44,8.953356,263.763,3.7284517,38.983162, Private, HS-grad, Divorced, Sales, Not-in-family, White, Female, United-States, <=50K
36.877213,306035.22,9.670684,-123.55317,0.44943726,49.105686, Private, Some-college, Divorced, Exec-managerial, Unmarried, White, Male, United-States, >50K
39.841335,184697.86,9.9320755,-8.117863,-3.1612196,49.35152, Private, Some-college, Never-married, Craft-repair, Not-in-family, White, Male, United-States, <=50K
31.2135,210062.08,12.874467,-127.98078,-50.06074,38.096733, Private, Bachelors, Married-civ-spouse, Prof-specialty, Husband, White, Female, United-States, <=50K
36.970314,789121.06,10.953371,15.888729,5.2558184,24.794933, Private, Assoc-acdm, Never-married, Exec-managerial, Husband, White, Male, United-States, <=50K
64.08317,127788.55,8.99564,168.33606,-3.3708525,35.585793, Private, HS-grad, Married-civ-spouse, Prof-specialty, Husband, White, Male, United-States, <=50K
37.097733,209001.3,9.066201,-9.222721,0.8449985,42.168358, Self-emp-inc, HS-grad, Married-civ-spouse, Prof-specialty, Husband, White, Male, United-States, >50K
33.96065,146880.0,11.962754,-447.36566,54.011707,46.32629, Local-gov, Assoc-acdm, Never-married, Other-service, Own-child, White, Male, United-States, <=50K
38.01386,159664.11,10.044651,127.557304,-11.901851,36.04602, Private, Some-college, Married-civ-spouse, Adm-clerical, Husband, White, Male, United-States, <=50K
28.890013,249542.92,11.442303,745.0988,-1.326991,18.379686, Private, Some-college, Never-married, Prof-specialty, Unmarried, White, Male, United-States, <=50K
21.244036,221928.4,6.023631,-203.81024,8.540105,34.985523, Private, 10th, Never-married, Other-service, Own-child, White, Male, United-States, <=50K
47.871017,152016.8,9.000778,2205.4739,-27.039148,29.610739, Private, HS-grad, Never-married, Prof-specialty, Not-in-family, White, Male, United-States, <=50K
47.836456,141952.56,9.033998,5348.4443,-5.657283,34.450996, Private, HS-grad, Married-civ-spouse, Sales, Husband, White, Male, United-States, <=50K
24.101213,151197.38,7.478739,79.12194,13.49455,41.66888, Private, 11th, Married-civ-spouse, Other-service, Husband, White, Male, United-States, <=50K
45.193054,170665.81,12.91868,207.93915,-0.2292508,39.046825, Private, Bachelors, Never-married, Craft-repair, Unmarried, White, Male, United-States, <=50K
25.301956,95645.87,9.172211,774.5247,24.165407,48.475464, Private, HS-grad, Separated, Sales, Not-in-family, White, Female, United-States, <=50K
40.72263,217583.05,12.448327,775.6926,-1.3279065,103.66787, Private, Bachelors, Married-civ-spouse, Exec-managerial, Husband, White, Male, United-States, >50K
25.092213,119946.805,12.957402,201.06024,18.351667,35.768238, Private, Bachelors, Never-married, Adm-clerical, Other-relative, White, Male, United-States, <=50K
41.21668,73962.07,7.3522344,-244.56915,-3.6078367,50.774544, Private, 11th, Married-civ-spouse, Farming-fishing, Husband, White, Male, United-States, <=50K
33.24716,163124.17,9.017805,-42.826115,-5.483775,43.085705, Private, HS-grad, Divorced, Adm-clerical, Not-in-family, White, Female, United-States, <=50K
17.918514,190375.2,5.4844003,9.643246,15.017385,18.443392, Private, 9th, Never-married, Other-service, Own-child, White, Male, United-States, <=50K
42.913982,145556.83,9.961871,1095.6953,-27.521624,45.557594, Self-emp-inc, Some-college, Widowed, Exec-managerial, Unmarried, White, Female, United-States, >50K
31.841421,217988.38,9.13561,-163.23138,1.9480029,39.804703, Self-emp-not-inc, HS-grad, Married-civ-spouse, Handlers-cleaners, Husband, White, Male, United-States, <=50K
42.89333,324910.28,13.033522,139.25415,-10.426845,53.620827, Self-emp-not-inc, Bachelors, Married-civ-spouse, Sales, Husband, White, Male, United-States, >50K
25.577457,460457.56,6.753927,-68.34113,-10.399882,48.374825, Private, 11th, Never-married, Other-service, Unmarried, White, Female, United-States, <=50K
45.362576,285407.78,9.013803,87.598076,21.532034,28.18542, Private, HS-grad, Divorced, Sales, Unmarried, White, Female, United-States, <=50K
37.929356,250794.27,9.996031,208.6109,-10.137675,42.737343, Private, Some-college, Never-married, Adm-clerical, Not-in-family, White, Female, United-States, <=50K
32.86381,175988.27,10.01848,-106.59968,13.66998,34.242134, Private, Some-college, Divorced, Machine-op-inspct, Not-in-family, White, Male, United-States, <=50K
22.909191,107739.68,9.044894,81.945244,-11.506495,44.64582, Private, HS-grad, Separated, Other-service, Other-relative, White, Male, United-States, <=50K
39.32941,126821.79,9.02114,96.54528,4.8474627,40.954033, Private, HS-grad, Married-civ-spouse, Sales, Husband, White, Male, United-States, <=50K
39.640984,68724.16,11.540154,-189.34308,30.268679,66.84829, Self-emp-not-inc, Assoc-voc, Married-civ-spouse, Farming-fishing, Husband, White, Male, United-States, >50K
54.711628,73406.5,12.060683,265.66058,1890.5763,63.59509, Private, Some-college, Divorced, Transport-moving, Not-in-family, White, Male, United-States, <=50K
25.90409,232680.97,9.997706,-55.81696,-20.72906,38.71479, Local-gov, Some-college, Never-married, Craft-repair, Own-child, White, Male, United-States, <=50K
25.518177,142376.23,13.097076,115.05181,6.199643,44.70842, Private, Bachelors, Never-married, Machine-op-inspct, Not-in-family, White, Female, United-States, <=50K
16.248562,316359.7,6.444986,-162.16827,1.6898547,33.875507, Private, 11th, Never-married, Other-service, Own-child, White, Female, United-States, <=50K
34.147755,294358.6,8.62914,-34.812565,19.578794,21.615799, Private, HS-grad, Never-married, Transport-moving, Own-child, White, Male, United-States, <=50K
56.952084,195546.64,8.956658,2146.9038,-2.9687529,34.66142, Private, HS-grad, Married-civ-spouse, Exec-managerial, Husband, White, Male, United-States, <=50K
24.080486,494530.3,8.906204,304.82617,9.729512,10.91036, Self-emp-not-inc, Some-college, Never-married, Farming-fishing, Not-in-family, White, Female, United-States, <=50K
39.492878,77217.695,11.456796,-125.97871,22.72901,46.040287, Federal-gov, Some-college, Divorced, Other-service, Not-in-family, White, Male, United-States, <=50K
28.091137,299578.84,6.7048206,-897.61444,-1.7192181,46.67361, Local-gov, 10th, Married-civ-spouse, Adm-clerical, Husband, White, Male, United-States, <=50K
14.968423,620676.56,10.582181,3472.2627,-6.3731794,36.299007, Private, Some-college, Never-married, Other-service, Other-relative, White, Male, United-States, <=50K
67.64394,125671.15,9.0447235,247.10736,10.429082,50.5063, ?, HS-grad, Married-civ-spouse, ?, Husband, White, Male, United-States, >50K
41.93516,240524.19,13.331749,-100.22199,11.356412,42.58469, Private, Assoc-acdm, Never-married, Handlers-cleaners, Not-in-family, White, Male, United-States, <=50K
50.63563,282456.0,11.101338,103.60229,-19.421541,36.58355, Private, Bachelors, Married-civ-spouse, Exec-managerial, Husband, White, Male, United-States, <=50K
33.894863,182936.12,11.998071,-86.251045,-6.145793,38.537323, Private, Assoc-acdm, Never-married, Exec-managerial, Own-child, White, Female, United-States, <=50K
20.382368,160871.62,6.9043665,159.86084,6.2612047,19.845566, Private, 11th, Never-married, Handlers-cleaners, Own-child, White, Male, United-States, <=50K
49.938267,334215.88,8.965527,159.8996,-14.26858,46.155746, Private, HS-grad, Married-civ-spouse, Sales, Husband, White, Male, United-States, <=50K
30.130213,203164.44,9.993168,-5.2719154,2.6687136,51.138012, Private, Some-college, Married-civ-spouse, Craft-repair, Husband, White, Male, United-States, >50K
47.573677,145448.48,9.123833,105.382744,-4.585017,39.833668, ?, HS-grad, Married-civ-spouse, Exec-managerial, Husband, White, Male, United-States, <=50K
25.170925,306377.84,7.3732624,-591.3333,-13.466731,42.432514, Private, 11th, Married-civ-spouse, Farming-fishing, Husband, White, Male, United-States, <=50K
55.611828,-8174.0776,8.95963,51.301388,1851.4769,51.86907, Private, HS-grad, Married-civ-spouse, Craft-repair, Husband, White, Male, United-States, >50K
39.249626,150197.25,9.014853,2888.8672,4.7518435,39.50772, Private, HS-grad, Married-civ-spouse, Craft-repair, Husband, White, Male, United-States, >50K
18.966284,201077.97,9.973813,64.498405,-2.044261,32.80565, Private, Some-college, Never-married, Other-service, Own-child, White, Male, United-States, <=50K
33.947704,184829.42,9.030882,421.95032,1518.7894,44.54034, Private, HS-grad, Married-civ-spouse, Other-service, Husband, White, Male, United-States, <=50K
32.95072,76501.875,13.071036,301.12158,0.8232242,49.550835, Private, Bachelors, Married-civ-spouse, Prof-specialty, Husband, White, Male, United-States, <=50K
35.174397,252093.7,6.3052034,-510.51166,-16.3258,60.057533, Private, 10th, Married-civ-spouse, Craft-repair, Husband, White, Male, United-States, >50K
37.42197,122175.16,8.935712,32.79266,13.765645,33.465496, Private, HS-grad, Never-married, Craft-repair, Unmarried, White, Male, United-States, <=50K
40.031815,281293.72,9.016419,171.37823,-1.5392407,35.021187, Private, HS-grad, Married-civ-spouse, Exec-managerial, Husband, White, Male, United-States, <=50K
19.036213,273129.88,10.012081,243.88068,17.028929,7.5264263, Private, Some-college, Never-married, Sales, Own-child, White, Female, United-States, <=50K
28.806572,145149.55,12.792251,-9.854923,-7.209445,40.54519, Private, Bachelors, Never-married, Sales, Own-child, White, Female, United-States, <=50K
45.803547,219660.39,9.9537,3421.2917,9.512113,33.985184, Private, Some-college, Married-civ-spouse, Transport-moving, Husband, White, Male, United-States, <=50K
50.188557,149874.22,12.048481,-1.7061198,-8.24615,41.61658, Private, Assoc-acdm, Widowed, Sales, Not-in-family, White, Female, United-States, <=50K
49.44281,82998.516,7.7996073,-101.50703,-3.7240477,35.980198, Private, HS-grad, Never-married, Transport-moving, Unmarried, White, Female, United-States, <=50K
19.752401,83358.234,5.042703,-152.83356,3.405591,23.889872, Private, 11th, Never-married, Sales, Own-child, White, Female, United-States, <=50K
57.561535,294214.1,11.911561,-14.521061,-3.0371656,48.06148, Self-emp-not-inc, Assoc-acdm, Married-civ-spouse, Sales, Husband, White, Male, United-States, <=50K
57.936466,74724.41,9.022187,-134.22052,2.2779818,40.056755, State-gov, HS-grad, Divorced, Craft-repair, Unmarried, White, Female, United-States, <=50K
37.256393,117749.164,10.076302,-62.25617,-1.397456,43.77251, Private, Some-college, Married-civ-spouse, Other-service, Husband, White, Male, United-States, >50K
37.165234,192336.38,8.969393,-198.28534,17.534628,54.204735, Private, HS-grad, Never-married, Prof-specialty, Not-in-family, White, Male, United-States, <=50K
52.021255,127085.484,9.016739,-196.86652,11.631307,31.55143, Private, HS-grad, Married-civ-spouse, Craft-repair, Husband, White, Male, United-States, >50K
35.250717,247066.97,9.032857,3.2037923,1.0837146,26.617802, Private, HS-grad, Married-civ-spouse, Handlers-cleaners, Husband, White, Male, United-States, <=50K
51.041325,162764.19,8.136678,-142.02338,-5.8116407,38.498703, Private, HS-grad, Married-civ-spouse, Craft-repair, Husband, White, Male, United-States, >50K
32.33748,156021.28,9.079285,2455.367,18.530958,77.703476, Private, HS-grad, Married-civ-spouse, Craft-repair, Husband, White, Male, United-States, >50K
16.696358,243988.8,3.4620457,-312.25568,6.092847,44.230297, Private, 12th, Never-married, Machine-op-inspct, Not-in-family, White, Female, United-States, <=50K
41.74743,156856.02,8.991108,98.25799,-6.724757,44.222145, Private, HS-grad, Married-civ-spouse, Other-service, Husband, White, Male, United-States, >50K
37.212326,134700.02,13.032925,161.27985,-8.687968,47.409428, Private, Bachelors, Married-civ-spouse, Tech-support, Husband, White, Male, United-States, <=50K
20.255966,184431.31,8.985672,3327.5984,-19.490602,44.267914, Private, HS-grad, Never-married, Protective-serv, Not-in-family, White, Male, United-States, <=50K
30.81054,137618.95,1.6313543,-42.021183,22.586302,48.931427, Private, 12th, Married-spouse-absent, Machine-op-inspct, Not-in-family, White, Male, United-States, <=50K
29.298647,249565.98,6.772087,-66.81928,-45.13583,46.32396, ?, 11th, Never-married, ?, Not-in-family, White, Male, United-States, <=50K
63.36018,215569.5,2.6760836,5589.6216,-63.909023,46.02948, Private, HS-grad, Married-civ-spouse, Sales, Husband, White, Male, United-States, <=50K
35.61726,160473.08,9.03907,-55.64191,-3.6136732,24.95458, Private, HS-grad, Married-civ-spouse, Sales, Husband, White, Male, United-States, <=50K
41.0798,247414.39,8.975329,76.4533,9.919827,32.909966, Private, HS-grad, Divorced, Craft-repair, Unmarried, White, Female, United-States, <=50K
40.359848,168155.31,9.0066805,10.5647545,-3.813716,33.244907, ?, HS-grad, Married-civ-spouse, ?, Wife, White, Female, United-States, <=50K
29.250393,170422.1,10.0624,-51.026554,11.123906,43.665054, Private, Some-college, Married-civ-spouse, Transport-moving, Husband, White, Male, United-States, <=50K
43.260456,53536.64,9.053756,2046.7484,7.6339464,45.19938, Private, HS-grad, Married-civ-spouse, Craft-repair, Husband, White, Male, United-States, <=50K
54.167343,108794.05,4.7408338,-428.42413,-2.4804335,22.10657, Local-gov, 9th, Married-civ-spouse, Adm-clerical, Husband, White, Male, United-States, <=50K
41.98532,84215.76,10.082174,-97.54279,-4.6678495,36.653614, Local-gov, Some-college, Married-civ-spouse, Protective-serv, Husband, White, Male, United-States, >50K
31.424782,182994.33,9.9689865,623.67896,-2.98273,42.245842, Private, Some-college, Married-civ-spouse, Transport-moving, Husband, White, Male, United-States, >50K
51.660156,110664.17,10.02014,830.26404,-11.672656,89.50797, Private, Some-college, Married-civ-spouse, Exec-managerial, Husband, White, Male, United-States, <=50K
56.13347,302388.34,9.027132,215.35577,-6.8021193,50.172485, Private, HS-grad, Married-civ-spouse, Prof-specialty, Husband, White, Male, United-States, <=50K
37.34105,47129.97,9.934037,374.40698,11.009122,17.428793, Private, Some-college, Never-married, Prof-specialty, Unmarried, White, Female, United-States, <=50K
38.903225,191278.08,9.036384,-35.36054,9.75768,38.881428, State-gov, HS-grad, Married-civ-spouse, Exec-managerial, Husband, White, Male, United-States, <=50K
40.59361,202155.42,10.009977,-50.77692,6.9843874,47.356834, Private, Some-college, Divorced, Adm-clerical, Unmarried, White, Female, United-States, >50K
27.495438,236038.83,9.106489,-111.85212,-25.99196,43.492115, Private, HS-grad, Married-civ-spouse, Adm-clerical, Wife, White, Female, United-States, >50K
30.024277,76533.42,12.911736,-14.802677,-23.229456,43.685436, Private, Bachelors, Never-married, Adm-clerical, Own-child, White, Male, United-States, >50K
27.490582,130936.836,10.780483,144.16492,-23.364725,39.00544, Private, Some-college, Widowed, Transport-moving, Unmarried, White, Female, United-States, <=50K
26.513157,95613.414,12.99099,125.55096,-9.919398,61.435978, Private, Bachelors, Never-married, Exec-managerial, Not-in-family, White, Male, United-States, <=50K
46.321243,197252.28,9.325465,6.0667076,-1.9806622,25.604925, Local-gov, HS-grad, Married-civ-spouse, Protective-serv, Husband, White, Male, United-States, <=50K
59.299656,194800.72,5.916818,-200.331,19.808027,26.442585, Private, 10th, Divorced, Other-service, Not-in-family, White, Female, United-States, <=50K
21.63074,414381.3,8.959961,-43.2403,0.027554618,33.968822, Private, HS-grad, Never-married, Exec-managerial, Own-child, White, Female, United-States, <=50K
33.90697,440076.3,10.010447,-345.32758,-0.7169827,41.584503, ?, Some-college, Never-married, ?, Not-in-family, White, Female, United-States, <=50K
32.994205,92027.45,12.983917,281.37134,6.008954,43.80105, Private, Bachelors, Married-civ-spouse, Adm-clerical, Husband, White, Male, United-States, <=50K
45.642445,234422.39,10.022287,-7.780094,-6.903491,53.695293, Private, Some-college, Married-civ-spouse, Transport-moving, Husband, White, Male, United-States, <=50K
19.594938,372608.3,5.387733,-426.85175,-0.61291015,15.804138, ?, 10th, Never-married, ?, Not-in-family, White, Male, United-States, <=50K
44.123245,53754.297,1.4167776,-155.84271,14.640752,30.05646, State-gov, 12th, Never-married, Other-service, Unmarried, White, Female, United-States, <=50K
41.739296,251706.64,13.018818,5988.0156,-11.1157255,54.9653, Private, Bachelors, Married-civ-spouse, Transport-moving, Husband, White, Male, United-States, >50K
57.28575,160781.75,13.128319,356.404,-16.374125,37.58194, Private, Masters, Widowed, Handlers-cleaners, Not-in-family, White, Male, United-States, >50K
46.651466,133553.78,9.0367155,-136.03436,2.4430742,52.810715, Private, HS-grad, Married-civ-spouse, Craft-repair, Husband, White, Male, United-States, <=50K
23.594835,202399.58,9.043698,4.5888023,9.801412,38.055534, Private, HS-grad, Never-married, Sales, Not-in-family, White, Female, United-States, <=50K
36.574356,206940.89,8.924671,602.6382,28.289045,40.95233, Private, HS-grad, Divorced, Transport-moving, Not-in-family, White, Male, United-States, <=50K
39.786957,102902.02,10.022312,7204.7944,10.655995,56.74218, Private, Some-college, Married-civ-spouse, Transport-moving, Husband, White, Male, United-States, >50K
57.08156,286209.9,9.969039,69.07415,-5.0119505,40.02401, Private, Some-college, Married-civ-spouse, Craft-repair, Husband, White, Male, United-States, <=50K
47.026405,95206.71,9.981263,1011.2026,14.119626,40.529076, Private, Some-college, Divorced, Exec-managerial, Not-in-family, White, Male, United-States, <=50K
21.474445,276138.78,10.051298,695.5408,-0.15973939,45.459255, Private, Some-college, Married-civ-spouse, Transport-moving, Husband, White, Male, United-States, <=50K
45.480698,114683.625,8.987811,1056.3092,1293.7095,40.772495, Private, HS-grad, Divorced, Other-service, Own-child, White, Male, United-States, <=50K
29.57387,55917.72,9.091586,306.28583,946.8966,53.705452, Private, HS-grad, Married-civ-spouse, Sales, Husband, White, Male, United-States, <=50K
49.733536,178225.75,6.5471997,-338.0738,8.566907,39.81965, Private, 9th, Divorced, Handlers-cleaners, Unmarried, White, Female, United-States, <=50K
21.016548,593186.44,9.66965,1158.1897,-42.794353,68.402435, ?, Some-college, Never-married, Transport-moving, Not-in-family, White, Male, United-States, <=50K
43.03442,313079.8,12.9405985,1651.299,3.5939608,45.92283, Private, Bachelors, Married-civ-spouse, Craft-repair, Husband, White, Male, United-States, >50K
49.82824,160231.92,9.127486,-4.545841,3.8424807,50.828182, State-gov, HS-grad, Married-civ-spouse, Tech-support, Husband, White, Male, United-States, >50K
53.622005,357359.94,2.981782,-26.687565,0.8655063,45.814785, Private, 9th, Married-civ-spouse, Sales, Husband, White, Male, United-States, >50K
64.35569,158410.95,3.056037,79.9403,14.304967,21.537003, Private, 12th, Married-civ-spouse, Sales, Husband, White, Male, United-States, <=50K
26.227339,128112.21,9.143722,276.91785,1739.4744,32.63895, Private, HS-grad, Married-civ-spouse, Tech-support, Husband, White, Male, United-States, <=50K
50.64691,218668.12,9.080699,1121.8025,4.4590654,39.480484, State-gov, HS-grad, Married-civ-spouse, Other-service, Husband, White, Male, United-States, <=50K
24.141428,221899.48,9.120004,-80.93745,-2.0691786,37.869682, Private, HS-grad, Never-married, Craft-repair, Own-child, White, Male, United-States, <=50K
39.743458,117017.56,5.2901726,-167.91632,-8.018786,33.709373, ?, 11th, Married-civ-spouse, ?, Husband, White, Male, United-States, <=50K
32.157333,186195.58,10.949519,2237.4001,-4.179225,33.8784, Private, Assoc-voc, Divorced, Exec-managerial, Not-in-family, White, Female, United-States, <=50K
49.437412,165608.86,5.9826283,-28.102116,3.6971712,5.144949, Private, 10th, Divorced, Other-service, Own-child, White, Female, United-States, <=50K
29.993042,82188.95,10.016164,-108.74995,-3.926135,12.897739, Private, Some-college, Married-civ-spouse, Transport-moving, Husband, White, Male, United-States, <=50K
25.229275,158372.19,9.92787,-39.007023,0.865224,34.709984, Private, Some-college, Never-married, Transport-moving, Own-child, White, Male, United-States, <=50K
40.491066,113879.055,9.993017,214.17206,11.745099,50.006863, Private, Some-college, Married-civ-spouse, Transport-moving, Husband, White, Male, United-States, >50K
43.0645,169225.08,11.076358,250.20245,-13.201373,57.542694, Self-emp-inc, Assoc-acdm, Never-married, Craft-repair, Not-in-family, White, Male, United-States, >50K
40.952545,180224.19,8.987067,28.541317,12.600293,34.379936, Private, HS-grad, Divorced, Adm-clerical, Own-child, White, Female, United-States, <=50K
62.342808,166119.25,10.164749,314.70056,1935.8234,70.81977, Local-gov, Some-college, Married-civ-spouse, Adm-clerical, Husband, White, Male, United-States, <=50K
42.163784,37642.78,8.9501705,435.18994,45.83127,34.94836, Private, HS-grad, Divorced, Craft-repair, Own-child, White, Male, United-States, <=50K
52.384537,70403.83,13.944373,9762.668,-1.6544675,52.320766, Private, Masters, Married-civ-spouse, Exec-managerial, Husband, White, Male, United-States, >50K
32.833107,131972.84,9.052211,355.41864,19.894583,46.707794, Private, HS-grad, Divorced, Craft-repair, Own-child, White, Male, United-States, <=50K
48.3972,274354.5,10.87327,-10.565617,9.361569,49.405792, Federal-gov, HS-grad, Divorced, Adm-clerical, Not-in-family, White, Female, United-States, >50K
39.27945,222625.12,5.1352644,-286.92194,-7.603923,63.49738, Private, 9th, Never-married, Adm-clerical, Not-in-family, White, Male, United-States, <=50K
36.514206,396521.72,11.151549,4214.1685,-37.924763,45.347828, Private, Assoc-voc, Married-civ-spouse, Adm-clerical, Husband, White, Male, United-States, <=50K
17.295408,131282.9,7.894435,-160.8421,-11.248813,40.94535, Self-emp-inc, 10th, Never-married, ?, Own-child, White, Male, United-States, <=50K
21.678013,154880.55,10.012182,-30.926334,-3.05585,42.799942, Local-gov, Some-college, Never-married, Craft-repair, Own-child, White, Male, United-States, <=50K
36.832928,82247.65,9.98014,294.06415,15.74796,34.225616, ?, Some-college, Divorced, ?, Own-child, White, Male, United-States, <=50K
56.831158,406439.4,10.573535,-217.8974,9.13445,41.636738, ?, Some-college, Married-civ-spouse, ?, Husband, White, Male, United-States, >50K
62.04216,124215.85,15.14684,201.47882,1094.5872,44.512478, Private, Masters, Married-civ-spouse, Prof-specialty, Husband, White, Male, United-States, >50K
34.169502,254802.34,6.5731626,-252.07745,-13.94514,30.674162, ?, 10th, Married-civ-spouse, ?, Wife, White, Female, United-States, >50K
54.519173,198197.38,8.999988,363.3791,0.69270813,45.14114, Private, HS-grad, Married-civ-spouse, Craft-repair, Husband, White, Male, United-States, <=50K
32.146236,266657.22,9.051206,-10.084415,-12.431308,43.72838, Private, HS-grad, Married-civ-spouse, Exec-managerial, Wife, White, Female, United-States, >50K
44.986446,220830.75,8.980258,13.034603,-4.048526,46.46389, Private, HS-grad, Never-married, Machine-op-inspct, Not-in-family, White, Female, United-States, <=50K
50.642254,121571.016,9.021277,-127.128365,13.783048,42.03124, ?, HS-grad, Never-married, ?, Not-in-family, White, Male, United-States, <=50K
38.752747,88167.29,13.045337,135.74908,40.213436,35.70494, Local-gov, Bachelors, Divorced, Sales, Not-in-family, White, Male, United-States, <=50K
15.8029585,548660.94,8.271473,-153.5163,-11.301135,39.693497, Private, HS-grad, Never-married, Handlers-cleaners, Own-child, White, Female, United-States, <=50K
58.409,138349.0,3.420372,46.393856,-1.9029492,30.26627, Private, 12th, Married-civ-spouse, Machine-op-inspct, Husband, White, Male, United-States, <=50K
29.858198,278910.75,9.052155,-109.24287,-20.87707,34.112858, Private, HS-grad, Married-civ-spouse, Adm-clerical, Wife, White, Female, United-States, <=50K
30.020096,160595.19,9.979038,-121.117134,15.057904,40.576977, State-gov, Some-college, Divorced, Other-service, Own-child, White, Male, United-States, <=50K
29.159536,106881.836,12.120768,45.601864,-8.275729,56.11197, Private, Assoc-acdm, Never-married, Exec-managerial, Not-in-family, White, Female, United-States, <=50K
47.859158,109536.62,10.251503,62.47674,-9.012568,58.63713, Private, Some-college, Married-civ-spouse, Exec-managerial, Husband, White, Male, United-States, >50K
31.047209,261800.14,9.046397,-232.56085,5.575757,72.72604, Local-gov, HS-grad, Divorced, Protective-serv, Not-in-family, White, Male, United-States, <=50K
33.53209,107620.8,8.957958,-163.80939,5.684369,41.321144, Private, HS-grad, Never-married, Other-service, Not-in-family, White, Male, United-States, <=50K
82.1967,240904.45,6.0903707,7396.1914,35.40671,28.240913, Local-gov, 10th, Divorced, Adm-clerical, Husband, White, Female, United-States, <=50K
48.202564,265114.53,10.021864,160.1886,-11.274264,55.250923, Self-emp-not-inc, Some-college, Married-civ-spouse, Exec-managerial, Husband, White, Male, United-States, >50K
42.10524,461658.78,14.04186,144.87604,-23.22378,53.078022, State-gov, Masters, Never-married, Adm-clerical, Not-in-family, White, Male, United-States, <=50K
43.951134,142590.25,6.9780345,-75.68452,3.5418673,38.96867, Private, 11th, Married-civ-spouse, Handlers-cleaners, Husband, White, Male, United-States, <=50K
36.41679,240752.56,11.77854,-348.04315,14.918027,43.012012, Private, Bachelors, Divorced, Other-service, Unmarried, White, Female, United-States, <=50K
34.608498,152149.34,9.008947,-201.82416,15.547635,35.948868, State-gov, HS-grad, Divorced, Machine-op-inspct, Unmarried, White, Female, United-States, <=50K
34.4343,155329.95,12.922041,-75.7674,-33.100216,49.831856, Private, Bachelors, Never-married, Exec-managerial, Husband, White, Male, United-States, <=50K
36.183308,138616.08,8.932421,-21.027042,-0.05983247,42.620266, Private, HS-grad, Married-civ-spouse, Other-service, Husband, White, Male, United-States, <=50K
28.748835,35744.984,11.067797,167.70703,-1.9917935,36.34222, Self-emp-not-inc, Assoc-voc, Never-married, Farming-fishing, Unmarried, White, Female, United-States, <=50K
49.49887,223648.66,9.989988,74.62835,-7.3438597,42.99152, Private, Some-college, Married-civ-spouse, Sales, Husband, White, Male, United-States, >50K
32.69341,124087.71,10.070199,471.79834,1.4546024,46.85265, Private, Some-college, Married-civ-spouse, Other-service, Husband, White, Male, United-States, >50K
49.855873,52562.812,10.127958,-164.52753,-1.3093137,27.048725, Local-gov, Some-college, Divorced, Prof-specialty, Unmarried, White, Female, United-States, <=50K
49.60781,170859.02,8.960314,-112.68781,9.149396,37.16962, Private, HS-grad, Divorced, Sales, Unmarried, White, Female, United-States, <=50K
31.841297,428543.4,8.403289,-607.4814,-30.20859,36.586517, Private, 12th, Married-civ-spouse, Other-service, Husband, White, Male, United-States, >50K
33.89934,152135.36,5.340238,-209.88922,5.311429,37.30627, Private, 9th, Married-civ-spouse, Handlers-cleaners, Husband, White, Male, United-States, <=50K
34.176956,119345.78,9.104626,13.027767,12.113973,44.795902, ?, HS-grad, Married-civ-spouse, ?, Husband, White, Male, United-States, <=50K
24.598448,262206.34,8.994726,-299.0584,8.040296,35.399353, Private, HS-grad, Never-married, Other-service, Own-child, White, Female, United-States, <=50K
49.690186,213025.1,13.983815,2639.294,-6.430827,60.65441, Private, Masters, Married-civ-spouse, Prof-specialty, Husband, White, Male, United-States, <=50K
28.120743,56810.516,4.182323,-388.64532,-2.1431303,34.961647, Private, 12th, Never-married, Farming-fishing, Own-child, White, Male, United-States, <=50K
60.107662,508526.44,15.274498,940.08575,-22.797663,42.29724, Self-emp-inc, Masters, Divorced, Sales, Not-in-family, White, Female, United-States, >50K
35.641808,268494.16,7.2430773,-88.1999,5.399808,53.712967, ?, 10th, Never-married, ?, Not-in-family, White, Female, United-States, <=50K
27.569567,72612.91,6.017,-789.2791,2.1376925,23.033419, Private, 10th, Married-civ-spouse, Transport-moving, Own-child, White, Male, United-States, <=50K
24.887783,369351.75,5.327916,-54.866764,17.78549,37.994392, Private, 9th, Never-married, Other-service, Not-in-family, White, Male, United-States, <=50K
26.060978,158139.56,9.042036,76.88329,-8.503879,27.848965, Private, HS-grad, Never-married, Adm-clerical, Other-relative, White, Male, United-States, <=50K
27.920355,258895.5,10.025611,166.0318,-14.190059,36.367966, Private, Some-college, Never-married, Adm-clerical, Other-relative, White, Male, United-States, <=50K
33.45988,90365.55,6.7311954,-98.169136,-20.574434,48.857624, Private, 11th, Married-civ-spouse, Handlers-cleaners, Husband, White, Male, United-States, <=50K
38.064434,41654.266,6.0245156,-128.48578,17.479193,27.968088, ?, 10th, Never-married, ?, Own-child, White, Female, United-States, <=50K
23.844961,303829.0,8.028165,13.080502,-3.6069899,27.77977, Private, 12th, Never-married, Handlers-cleaners, Own-child, White, Male, United-States, <=50K
29.900103,72467.32,13.096241,68.90942,1905.6804,48.012638, Local-gov, Bachelors, Married-civ-spouse, Prof-specialty, Husband, White, Male, United-States, <=50K
33.623894,213796.17,9.005922,107.18816,21.057608,41.182224, Private, HS-grad, Divorced, Exec-managerial, Unmarried, White, Female, United-States, <=50K
39.470135,104417.805,10.124865,519.0674,2393.013,36.44557, Private, Some-college, Married-civ-spouse, Adm-clerical, Husband, White, Male, United-States, <=50K
33.157314,39929.39,11.008395,2922.7607,-25.197466,36.566917, Private, Assoc-voc, Married-civ-spouse, Handlers-cleaners, Husband, White, Male, United-States, <=50K
73.32706,139196.25,8.757917,1023.3451,18.319494,51.610176, State-gov, Some-college, Divorced, Machine-op-inspct, Unmarried, White, Female, United-States, <=50K
44.254547,198778.89,9.91046,38.970943,-8.440593,46.690742, Private, Some-college, Married-civ-spouse, Craft-repair, Husband, White, Male, United-States, <=50K
40.601734,145220.66,9.138141,428.97705,22.047613,45.03038, Self-emp-not-inc, HS-grad, Divorced, Sales, Unmarried, White, Female, United-States, <=50K
49.758633,194217.39,12.777313,221.55182,6.309026,54.54685, Private, Bachelors, Divorced, Prof-specialty, Not-in-family, White, Male, United-States, <=50K
28.801083,324333.16,12.986781,146.19409,-12.151362,40.22243, State-gov, Bachelors, Never-married, Prof-specialty, Not-in-family, White, Female, United-States, <=50K
27.127546,128011.84,8.913398,263.41467,37.20945,41.059906, Private, HS-grad, Divorced, Sales, Unmarried, White, Female, United-States, <=50K
54.18112,255351.12,7.033526,-361.05157,-12.430018,37.308617, Private, 12th, Married-civ-spouse, Farming-fishing, Husband, White, Male, United-States, <=50K
27.357847,149119.64,6.692119,-47.71198,1.1129276,30.788748, Private, 11th, Never-married, Machine-op-inspct, Own-child, White, Male, United-States, <=50K
21.756773,68082.97,9.075233,65.838005,15.961797,31.744167, ?, HS-grad, Never-married, ?, Not-in-family, White, Female, United-States, <=50K
77.44987,299544.22,9.233567,-81.226265,-9.234393,10.103573, ?, HS-grad, Married-civ-spouse, ?, Husband, White, Male, United-States, <=50K
49.97315,61852.594,12.529632,3005.8152,-2.8031797,43.607967, Self-emp-inc, Bachelors, Married-civ-spouse, Exec-managerial, Husband, White, Male, United-States, >50K
43.88568,171163.4,9.966191,1433.4102,-8.7202635,41.708374, Private, Some-college, Married-civ-spouse, Farming-fishing, Husband, White, Male, United-States, >50K
26.21021,108485.336,9.961073,-16.798649,-13.591838,38.482655, Private, Some-college, Never-married, Other-service, Own-child, White, Male, United-States, <=50K
44.555298,272670.84,8.968253,-83.327095,5.7974977,46.02037, Private, HS-grad, Married-civ-spouse, Exec-managerial, Husband, White, Male, United-States, <=50K
39.60231,323668.06,10.532523,-5.17548,-6.2117796,37.4562, Private, Assoc-voc, Married-civ-spouse, Prof-specialty, Husband, White, Male, United-States, <=50K
32.14875,115817.38,9.966998,1848.936,4.3062563,38.10437, Private, Some-college, Married-civ-spouse, Transport-moving, Husband, White, Male, United-States, >50K
36.642513,111944.99,12.995257,161.5799,2.9389925,41.829437, Private, Bachelors, Married-civ-spouse, Craft-repair, Husband, White, Male, United-States, >50K
43.77543,41984.656,3.9349346,87666.74,18.207533,46.74489, Private, 11th, Married-civ-spouse, Machine-op-inspct, Husband, White, Male, United-States, >50K
47.781044,227126.14,10.397831,178.52728,-14.938579,35.963318, Private, HS-grad, Divorced, Exec-managerial, Not-in-family, White, Female, United-States, >50K
22.809736,206026.98,9.0306425,-13.683292,3.855672,34.029663, Private, HS-grad, Never-married, Adm-clerical, Not-in-family, White, Female, United-States, <=50K
63.560947,345916.47,9.976101,-59.44318,-9.375339,28.101269, Private, Some-college, Married-civ-spouse, Transport-moving, Husband, White, Male, United-States, <=50K
44.95316,282633.72,4.1990466,-918.67633,-16.47899,15.616747, Private, 10th, Widowed, Adm-clerical, Unmarried, White, Female, United-States, <=50K
17.031586,204835.06,9.03467,-21.3111,-7.064349,28.82839, Private, HS-grad, Never-married, Adm-clerical, Own-child, White, Female, United-States, <=50K
12.1837225,399045.28,11.18567,-255.54083,-0.4980954,35.48175, ?, Some-college, Never-married, ?, Other-relative, White, Male, United-States, <=50K
36.674908,128515.3,12.993554,-30.655704,-3.7730284,40.668247, Private, Bachelors, Married-civ-spouse, Sales, Husband, White, Male, United-States, >50K
43.859177,178643.7,11.68875,155.5957,-15.307071,38.773365, Private, Assoc-voc, Married-civ-spouse, Prof-specialty, Husband, White, Male, United-States, <=50K
24.466156,165160.94,9.003942,-48.22614,20.460447,37.53887, Private, HS-grad, Never-married, Craft-repair, Not-in-family, White, Female, United-States, <=50K
21.317245,167166.52,10.119322,57.630245,-0.7123059,38.73486, Private, Some-college, Never-married, Other-service, Own-child, White, Male, United-States, <=50K
62.4678,155286.11,6.929786,14491.848,18.056211,30.89051, Private, 11th, Married-civ-spouse, Farming-fishing, Husband, White, Male, United-States, <=50K
46.739452,228604.2,12.9282055,94.37139,11.956571,42.09684, Private, Bachelors, Divorced, Prof-specialty, Not-in-family, White, Female, United-States, <=50K
51.79973,114361.35,7.282089,234.69977,19.243284,35.93667, Private, HS-grad, Separated, Other-service, Own-child, White, Female, United-States, <=50K
46.171284,86433.34,15.011653,1514.0884,-34.921146,41.193447, Private, Masters, Separated, Prof-specialty, Unmarried, White, Female, United-States, >50K
46.598232,97686.13,9.090881,-199.50397,-4.0681944,14.386007, Self-emp-not-inc, HS-grad, Married-civ-spouse, ?, Wife, White, Female, United-States, <=50K
30.328384,45908.72,9.134109,658.4263,-0.08578767,41.02366, ?, HS-grad, Married-civ-spouse, ?, Wife, White, Female, United-States, <=50K
40.32832,108651.03,9.046979,31.58807,11.819692,42.63987, Private, HS-grad, Married-civ-spouse, Exec-managerial, Husband, White, Male, United-States, >50K
26.829588,78156.125,9.95945,703.38983,-20.989382,42.61542, Local-gov, Some-college, Never-married, Craft-repair, Not-in-family, White, Male, United-States, >50K
37.830612,187035.28,9.029116,-82.61787,10.230176,40.596115, Private, HS-grad, Married-civ-spouse, Craft-repair, Husband, White, Male, United-States, <=50K
37.117268,52352.297,11.07474,-52.027042,-16.862452,39.163017, Private, Assoc-voc, Married-civ-spouse, Adm-clerical, Husband, White, Male, United-States, <=50K
41.77168,160189.8,8.987632,4.6060143,8.350423,46.29183, Private, HS-grad, Divorced, Machine-op-inspct, Unmarried, White, Female, United-States, <=50K
17.564558,65974.086,6.8543377,-229.59625,11.751058,22.545563, Private, 11th, Never-married, Farming-fishing, Not-in-family, White, Female, United-States, <=50K
55.06892,46434.516,9.973675,156.19849,2.059308,65.32351, ?, Some-college, Married-civ-spouse, ?, Husband, White, Male, United-States, >50K
25.213682,237832.64,8.972053,-17.602726,-3.1909666,43.494125, Private, HS-grad, Never-married, Exec-managerial, Unmarried, White, Female, United-States, <=50K
42.03046,329420.12,8.922445,107.554924,51.907814,47.832508, Private, HS-grad, Divorced, Craft-repair, Husband, White, Male, United-States, <=50K
25.484056,230554.27,10.659749,3.154476,-35.525234,42.283684, Private, 11th, Never-married, Priv-house-serv, Not-in-family, White, Female, United-States, <=50K
20.46994,244086.66,9.077985,77.44726,1451.0171,33.869617, Local-gov, HS-grad, Never-married, Other-service, Own-child, White, Female, United-States, <=50K
27.498814,263921.6,11.890685,308.50928,-5.9222517,35.562977, State-gov, Assoc-acdm, Never-married, Tech-support, Not-in-family, White, Female, United-States, <=50K
46.03038,237032.53,8.962228,-189.0589,13.9733095,39.827892, State-gov, HS-grad, Married-civ-spouse, Other-service, Husband, White, Male, United-States, >50K
25.092276,250386.94,9.019052,-111.751045,4.161542,46.095936, Private, HS-grad, Married-civ-spouse, Handlers-cleaners, Husband, White, Male, United-States, <=50K
34.061264,209378.86,7.125901,-161.85284,6.7992907,28.754469, Private, 11th, Married-civ-spouse, Handlers-cleaners, Husband, White, Male, United-States, <=50K
35.562515,195448.58,10.0782795,165.00531,-6.922374,42.608807, Private, Some-college, Married-civ-spouse, Prof-specialty, Husband, White, Male, United-States, >50K
38.67119,203085.44,10.154933,137.86609,13.488011,42.024296, Private, Some-college, Divorced, Handlers-cleaners, Not-in-family, White, Female, United-States, >50K
57.834457,143535.27,13.051013,196.01453,18.755995,36.583797, ?, Bachelors, Divorced, ?, Other-relative, White, Female, United-States, <=50K
42.97102,151002.03,8.981473,304.15955,-4.170001,42.88027, Private, HS-grad, Divorced, Sales, Own-child, White, Male, United-States, <=50K
21.100397,240639.2,10.046631,14.887142,-17.264467,33.96173, Private, Some-college, Never-married, Adm-clerical, Own-child, White, Female, United-States, <=50K
29.120062,337410.78,9.027929,-162.39716,-15.821887,41.82036, Private, HS-grad, Married-civ-spouse, Craft-repair, Husband, White, Male, United-States, <=50K
26.882439,98265.27,9.760084,91.29986,-1.8807553,39.275585, Private, HS-grad, Never-married, Exec-managerial, Not-in-family, White, Female, United-States, >50K
32.171856,183784.39,12.950451,21.51202,-1.0193585,39.905125, State-gov, Bachelors, Never-married, Other-service, Not-in-family, White, Female, United-States, <=50K
48.141,181073.83,10.043063,448.2005,-2.4634886,39.838062, Private, Some-college, Never-married, Sales, Not-in-family, White, Female, United-States, <=50K
35.962162,200794.78,8.966682,-78.14179,-1.9829892,59.70698, Private, HS-grad, Married-civ-spouse, Exec-managerial, Husband, White, Male, United-States, <=50K
52.286938,138357.75,9.003144,15.675961,10.139874,40.185314, Private, HS-grad, Married-civ-spouse, Machine-op-inspct, Husband, White, Male, United-States, <=50K
36.237507,186866.02,9.926757,17.088436,-5.866626,38.42682, Private, Some-college, Never-married, Other-service, Not-in-family, White, Female, United-States, <=50K
76.7225,125977.95,9.222315,1448.0814,-9.975322,7.827097, Private, HS-grad, Married-civ-spouse, Handlers-cleaners, Husband, White, Male, United-States, <=50K
38.77508,202454.9,12.643144,48.27563,-2.6166945,47.31587, Private, Bachelors, Never-married, Exec-managerial, Not-in-family, White, Female, United-States, <=50K
31.56743,375293.6,9.116581,590.1176,-14.248172,41.782467, Private, HS-grad, Married-civ-spouse, Adm-clerical, Husband, White, Male, United-States, >50K
38.246468,170633.56,13.9176855,163.11444,13.282056,31.91056, Private, Masters, Married-civ-spouse, Prof-specialty, Husband, White, Male, United-States, >50K
58.54803,281581.72,12.866964,267.00714,1904.6002,53.490547, Private, Bachelors, Married-civ-spouse, Exec-managerial, Husband, White, Male, United-States, >50K
23.455296,165701.66,13.100906,66.61443,-1.6022824,40.88027, Private, Bachelors, Married-civ-spouse, Priv-house-serv, Wife, White, Female, United-States, <=50K
29.98231,152309.78,8.964755,-162.29181,22.663954,48.567776, Private, HS-grad, Divorced, Machine-op-inspct, Unmarried, White, Female, United-States, <=50K
32.110058,230733.72,9.615329,5580.1953,444.3945,57.472775, Local-gov, HS-grad, Married-civ-spouse, Farming-fishing, Husband, White, Male, United-States, >50K
25.319271,122529.164,9.052204,-93.12263,34.27451,33.86596, Private, HS-grad, Divorced, Machine-op-inspct, Unmarried, White, Male, United-States, <=50K
52.98917,332583.97,11.393126,244.70398,-10.3442335,53.1378, Private, Assoc-acdm, Married-civ-spouse, Sales, Husband, White, Male, United-States, <=50K
15.316161,719341.94,8.431517,306.34058,2010.8823,20.527346, ?, 12th, Never-married, ?, Not-in-family, White, Male, United-States, <=50K
35.536766,332483.28,9.641997,-84.9582,1530.6176,46.93774, Private, Some-college, Never-married, Transport-moving, Unmarried, White, Male, United-States, <=50K
42.976685,66317.805,12.912335,-4.303776,0.42747986,40.722397, Private, Bachelors, Married-civ-spouse, Prof-specialty, Husband, White, Male, United-States, <=50K
40.168114,210801.39,9.098671,106.95855,15.50282,33.788013, Private, HS-grad, Separated, Sales, Unmarried, White, Female, United-States, <=50K
45.780334,182786.33,10.047847,22.037899,0.2875644,21.80766, Private, Some-college, Married-civ-spouse, Sales, Husband, White, Male, United-States, >50K
47.451977,160653.86,3.2020407,-348.83356,21.561132,28.218494, Private, 12th, Married-civ-spouse, Other-service, Husband, White, Male, United-States, <=50K
45.97218,144377.3,8.919442,-318.8465,7.7286577,38.19864, Self-emp-inc, HS-grad, Widowed, Sales, Unmarried, White, Female, United-States, <=50K
37.844307,265118.38,11.184658,60.70947,-40.46407,42.492195, State-gov, Some-college, Never-married, Prof-specialty, Own-child, White, Female, United-States, >50K
44.92308,107467.71,4.449983,-255.80109,23.796007,38.842, Private, 9th, Divorced, Craft-repair, Unmarried, White, Male, United-States, <=50K
31.909946,279236.5,3.6734257,58.61175,-4.535304,83.727135, Private, HS-grad, Never-married, Craft-repair, Unmarried, White, Male, United-States, <=50K
21.500034,148821.62,11.024068,-190.31354,-8.957637,43.15178, Private, Assoc-voc, Never-married, Adm-clerical, Not-in-family, White, Female, United-States, <=50K
43.719566,92663.25,8.986606,-326.82587,14.957448,54.823925, Self-emp-inc, HS-grad, Never-married, Transport-moving, Unmarried, White, Male, United-States, <=50K
43.030205,116847.164,8.717285,17916.049,33.51618,64.13509, Self-emp-not-inc, HS-grad, Married-civ-spouse, Craft-repair, Husband, White, Male, United-States, >50K
53.15494,357068.8,9.002052,39.83624,0.70208466,23.724333, ?, HS-grad, Married-civ-spouse, ?, Not-in-family, White, Male, United-States, <=50K
37.761387,183724.95,10.696992,2446.0095,-33.452297,38.63496, Private, HS-grad, Married-civ-spouse, Protective-serv, Husband, White, Male, United-States, <=50K
38.534397,107751.055,9.965552,2632.8843,1.5662662,50.28054, Private, Some-college, Never-married, Other-service, Husband, White, Male, United-States, >50K
60.334923,170249.42,10.90789,22.64825,1.8015491,29.786755, Self-emp-not-inc, Bachelors, Married-civ-spouse, Prof-specialty, Husband, White, Male, United-States, >50K
31.548326,205409.33,9.050955,6667.2285,0.08744536,39.79031, Private, HS-grad, Married-civ-spouse, Other-service, Husband, White, Male, United-States, <=50K
14.071561,210983.08,9.999366,0.06072593,-4.205722,28.627436, Private, Some-college, Never-married, Priv-house-serv, Own-child, White, Female, United-States, <=50K
47.50207,97290.48,8.970474,9.080746,-1.6631726,40.837128, Private, HS-grad, Married-civ-spouse, Handlers-cleaners, Husband, White, Male, United-States, <=50K
27.606857,240994.14,13.193387,-57.24799,-0.241969,27.130507, Self-emp-not-inc, Masters, Married-civ-spouse, Sales, Husband, White, Male, United-States, <=50K
28.346113,210376.47,9.045502,14284.789,29.870726,42.635925, Private, HS-grad, Married-civ-spouse, Handlers-cleaners, Husband, White, Male, United-States, <=50K
56.89874,155384.66,14.901846,-35.947575,27.028906,42.79123, Private, Assoc-acdm, Divorced, Prof-specialty, Not-in-family, White, Male, United-States, <=50K
32.777534,337808.1,12.923204,-136.83124,-44.230785,41.98756, Local-gov, Bachelors, Married-civ-spouse, Craft-repair, Husband, White, Male, United-States, <=50K
21.146847,272305.94,9.026801,244.66846,-10.727572,33.94023, Private, HS-grad, Never-married, Adm-clerical, Own-child, White, Male, United-States, <=50K
22.945755,220403.98,9.035953,-296.12946,11.003919,36.56891, Private, HS-grad, Never-married, Other-service, Own-child, White, Male, United-States, <=50K
48.27249,356520.6,12.15203,75.71514,8.645711,45.74115, Private, Assoc-acdm, Married-civ-spouse, Exec-managerial, Husband, White, Male, United-States, >50K
41.59997,116139.48,12.953666,360.1966,13.231221,35.527744, Federal-gov, Bachelors, Divorced, Prof-specialty, Not-in-family, White, Male, United-States, <=50K
26.589176,253025.44,8.990062,131.62299,-17.377398,44.109768, Private, HS-grad, Never-married, Adm-clerical, Not-in-family, White, Male, United-States, <=50K
42.714367,214927.16,5.0713954,-570.439,127.39429,39.146942, Self-emp-not-inc, 9th, Divorced, Farming-fishing, Unmarried, White, Female, United-States, <=50K
50.225323,123358.35,9.016477,-112.22553,-7.639346,32.644722, Private, HS-grad, Married-civ-spouse, Other-service, Husband, White, Male, United-States, <=50K
51.38962,183399.89,12.95148,-35.80231,-3.3470411,42.21418, Private, Bachelors, Married-civ-spouse, Exec-managerial, Husband, White, Male, United-States, <=50K
25.060467,288702.72,8.960927,2902.4631,-31.335054,42.518063, Private, HS-grad, Never-married, Transport-moving, Not-in-family, White, Male, United-States, >50K
23.871984,135376.31,9.423932,-327.82635,10.600507,37.79603, Private, Some-college, Never-married, Handlers-cleaners, Own-child, White, Male, United-States, <=50K
53.678734,132426.97,10.032355,119.72814,-0.8787488,37.39622, Local-gov, Some-college, Married-civ-spouse, Craft-repair, Husband, White, Male, United-States, >50K
45.42465,140257.9,10.001928,187.27881,7.8759356,42.67362, Private, Some-college, Married-civ-spouse, Transport-moving, Husband, White, Male, United-States, <=50K
45.95238,267337.5,10.033346,-4.5101967,-4.7041044,35.298267, Private, Some-college, Married-civ-spouse, Transport-moving, Husband, White, Male, United-States, <=50K
34.808994,221334.62,11.188561,317.6541,-21.080126,39.752266, Private, Bachelors, Divorced, Prof-specialty, Not-in-family, White, Female, United-States, <=50K
47.333035,201889.23,9.032892,-142.44757,-2.189021,51.435696, Private, HS-grad, Married-civ-spouse, Transport-moving, Husband, White, Male, United-States, >50K
29.537188,274067.0,14.735913,131.65118,-4.0486784,41.75709, Private, Assoc-acdm, Never-married, Prof-specialty, Unmarried, White, Female, United-States, <=50K
33.307728,230571.92,9.029786,-21.38947,-9.002826,53.72069, Private, HS-grad, Married-civ-spouse, Sales, Husband, White, Male, United-States, >50K
26.127213,131229.42,8.9991455,997.2341,-16.14403,53.88993, Private, HS-grad, Never-married, Farming-fishing, Not-in-family, White, Male, United-States, <=50K
60.914806,142993.55,12.887276,15.242855,12.308255,43.847748, Private, Bachelors, Married-civ-spouse, Craft-repair, Husband, White, Male, United-States, <=50K
35.02463,275478.4,9.019172,-28.528141,-9.355334,50.500954, Private, HS-grad, Married-civ-spouse, Adm-clerical, Husband, White, Male, United-States, <=50K
45.227547,166883.52,9.040794,-71.94941,-1.6623334,39.801586, Private, HS-grad, Married-civ-spouse, Sales, Husband, White, Male, United-States, <=50K
50.475124,193759.1,9.995217,-15.667667,-3.2582884,38.759968, ?, Some-college, Married-civ-spouse, ?, Husband, White, Male, United-States, >50K
36.68091,22806.594,10.179455,63.152645,585.0629,42.29586, Private, Some-college, Married-civ-spouse, Transport-moving, Husband, White, Male, United-States, <=50K
30.084753,84744.414,9.034674,1.625179,15.2597475,41.571125, Private, HS-grad, Married-civ-spouse, Craft-repair, Husband, White, Male, United-States, <=50K
31.660181,265991.16,10.007635,-121.7176,14.251866,41.873013, Private, Some-college, Never-married, Handlers-cleaners, Not-in-family, White, Female, United-States, <=50K
31.61661,198938.69,12.015342,-1.5950358,30.66714,35.858902, Private, Assoc-acdm, Divorced, Other-service, Unmarried, White, Male, United-States, <=50K
32.09892,466812.84,7.293223,-135.04352,-21.527071,39.130917, ?, HS-grad, Married-civ-spouse, ?, Husband, White, Male, United-States, <=50K
32.617794,219096.3,8.118287,-202.73114,7.0944643,46.61198, Private, 12th, Never-married, Machine-op-inspct, Not-in-family, White, Female, United-States, <=50K
46.486813,168193.97,9.009249,-69.22224,25.165842,37.675865, Self-emp-not-inc, HS-grad, Married-civ-spouse, Transport-moving, Husband, White, Male, United-States, <=50K
37.73246,202763.7,9.450585,120.8897,-27.874125,29.314629, Private, HS-grad, Never-married, Other-service, Not-in-family, White, Female, United-States, <=50K
29.014482,138188.67,9.097276,463.33978,11.313901,32.250458, Local-gov, HS-grad, Married-spouse-absent, Sales, Husband, White, Male, United-States, <=50K
42.789013,75936.95,9.193938,-113.81037,-4.7040663,49.182446, Federal-gov, HS-grad, Married-civ-spouse, Craft-repair, Husband, White, Male, United-States, <=50K
37.779922,131277.84,12.898132,-220.8581,-5.604686,59.382, Private, Bachelors, Widowed, Sales, Not-in-family, White, Female, United-States, <=50K
40.43859,80834.71,9.035264,65.74804,-8.937976,44.125496, Private, HS-grad, Married-civ-spouse, Adm-clerical, Husband, White, Male, United-States, <=50K
30.469536,288750.47,9.025634,118.789665,-16.498278,46.489117, Private, HS-grad, Married-civ-spouse, Craft-repair, Wife, White, Female, United-States, >50K
26.628454,144378.08,7.0387516,237.88428,-1.8080548,39.791832, Private, 11th, Never-married, Craft-repair, Not-in-family, White, Male, United-States, <=50K
29.688175,18792.312,9.140773,-47.356266,18.0931,34.63282, Private, HS-grad, Married-civ-spouse, Prof-specialty, Husband, White, Male, United-States, <=50K
31.46486,335558.97,9.019631,-44.029118,-2.642169,52.49903, Private, HS-grad, Never-married, Transport-moving, Own-child, White, Male, United-States, <=50K
42.935993,207697.5,10.087946,70.18798,19.499197,14.929476, ?, Some-college, Divorced, ?, Not-in-family, White, Female, United-States, <=50K
23.675404,102165.44,9.02596,-139.57916,-16.705133,45.13942, Private, HS-grad, Never-married, Craft-repair, Own-child, White, Female, United-States, <=50K
41.385715,319109.72,9.771279,-36.32233,-4.996478,43.357826, Private, Some-college, Divorced, Other-service, Unmarried, White, Female, United-States, <=50K
36.18646,60820.484,14.090752,13.711971,552.48425,70.79462, Private, Masters, Married-civ-spouse, Sales, Husband, White, Male, United-States, <=50K
46.31319,161908.48,8.958996,-73.67951,3.8479128,44.289955, Private, HS-grad, Married-civ-spouse, Transport-moving, Husband, White, Male, United-States, <=50K
50.307865,454049.8,8.956788,-204.89142,-7.4694624,44.249428, Private, HS-grad, Married-civ-spouse, Handlers-cleaners, Husband, White, Male, United-States, <=50K
39.280334,247057.9,8.877518,-5.930851,0.21244536,45.00171, Private, 12th, Married-civ-spouse, Exec-managerial, Husband, White, Male, United-States, >50K
28.797258,151050.08,9.996971,201.37378,-3.2068968,43.777058, Private, Some-college, Married-civ-spouse, Exec-managerial, Husband, White, Male, United-States, <=50K
45.84671,262240.84,10.0815525,-364.40338,-10.577868,40.617844, Private, Some-college, Separated, Exec-managerial, Husband, White, Male, United-States, >50K
29.686428,212803.5,9.951132,11.633724,0.10995971,43.30183, Private, Some-college, Divorced, Craft-repair, Not-in-family, White, Male, United-States, <=50K
23.33943,55803.47,9.03656,62.447384,12.476804,28.904366, Private, HS-grad, Never-married, Adm-clerical, Own-child, White, Female, United-States, <=50K
28.67383,114714.6,9.942337,131.57288,22.08544,15.84672, Private, Some-college, Never-married, Other-service, Unmarried, White, Female, United-States, <=50K
35.282585,72926.34,10.093382,-319.2552,-10.718944,27.801506, Federal-gov, Some-college, Never-married, Tech-support, Own-child, White, Male, United-States, <=50K
35.746815,347261.66,9.017922,95.0512,-19.826365,39.78643, Private, HS-grad, Married-civ-spouse, Prof-specialty, Husband, White, Male, United-States, <=50K
41.481236,108244.59,9.00557,-9.457584,14.539357,40.01298, Private, HS-grad, Married-civ-spouse, Transport-moving, Husband, White, Male, United-States, <=50K
64.02171,445531.47,5.50321,-238.47455,43.47007,31.483376, Private, 11th, Widowed, Craft-repair, Unmarried, White, Female, United-States, <=50K
39.843014,275562.9,9.141385,-93.361275,7.1896715,7.035158, Private, HS-grad, Married-civ-spouse, Machine-op-inspct, Own-child, White, Female, United-States, <=50K
31.176601,355433.5,13.20801,8056.8945,-12.525546,47.843346, Private, Bachelors, Married-civ-spouse, Prof-specialty, Husband, White, Male, United-States, >50K
59.987938,157245.08,8.951233,6.6620445,-16.696932,89.27161, Private, HS-grad, Married-civ-spouse, Exec-managerial, Husband, White, Male, United-States, >50K
37.090714,219003.95,6.482767,646.3952,-21.614275,47.508858, State-gov, 11th, Married-civ-spouse, Transport-moving, Husband, White, Male, United-States, <=50K
38.08539,226559.86,12.061921,80.4016,17.079397,46.568466, Private, Bachelors, Divorced, Tech-support, Not-in-family, White, Male, United-States, <=50K
61.403027,163358.69,10.017715,684.5784,-26.64232,34.51129, Private, Some-college, Married-civ-spouse, Sales, Wife, White, Female, United-States, >50K
22.32491,42894.938,9.003743,-198.19293,7.641057,38.40857, Private, HS-grad, Never-married, Craft-repair, Other-relative, White, Male, United-States, <=50K
37.599964,147491.67,9.047826,64.92748,5.3024187,37.38614, Private, HS-grad, Married-civ-spouse, Sales, Husband, White, Male, United-States, <=50K
24.217737,163156.75,12.886764,75.26653,7.8329134,21.756788, Private, Bachelors, Never-married, Other-service, Own-child, White, Female, United-States, <=50K
