Administrative,Administrative_Duration,Informational,Informational_Duration,ProductRelated,ProductRelated_Duration,BounceRates,ExitRates,PageValues,SpecialDay,OperatingSystems,Browser,Region,TrafficType,month,VisitorType,Weekend,Revenue
1.0,-1.0605751,0.0,-2.6887376,24.0,439.82077,0.119894214,0.11636613,1.1031796,0.025713934,1.0,1.0,1.0,2.0,Feb,Returning_Visitor,False,False
0.0,11.857973,0.0,4.27755,7.0,548.16284,0.012970466,0.071172416,0.9721748,0.005994497,2.0,2.0,1.0,3.0,May,Returning_Visitor,False,False
5.0,28.271605,1.0,-3.1075952,27.0,1491.8671,0.0030874107,0.031965382,4.6009645,-0.006553801,2.0,2.0,5.0,2.0,Nov,Returning_Visitor,False,False
15.0,771.7927,0.0,5.0295835,35.0,2043.7903,0.025049364,0.033430334,3.1242747,0.0011539293,1.0,1.0,1.0,3.0,Mar,Returning_Visitor,False,False
7.0,109.93581,0.0,-2.641466,9.0,144.79929,0.073669635,0.08553226,-0.58124906,0.06400912,3.0,3.0,1.0,6.0,Dec,Returning_Visitor,False,False
0.0,8.137033,0.0,-1.7997719,6.0,157.19016,-0.004427539,0.019020662,0.60397214,-0.005417982,2.0,2.0,1.0,2.0,Mar,New_Visitor,False,False
11.0,441.8543,-0.0,31.13617,30.0,447.31876,0.002259666,0.008706548,20.367456,-0.012604738,4.0,2.0,5.0,5.0,May,Returning_Visitor,True,True
2.0,10.894335,-0.0,-4.851976,20.0,1239.4359,0.0067414455,0.031784907,6.0350733,-0.017893652,2.0,2.0,2.0,3.0,May,Returning_Visitor,False,True
1.0,28.47547,0.0,0.85895383,13.0,336.8936,0.03894783,0.06699969,0.39191023,-0.012305098,4.0,1.0,1.0,2.0,May,Returning_Visitor,False,False
1.0,7.7941155,0.0,-11.860495,16.0,327.94406,0.0054204594,0.026213214,33.32185,0.015541522,3.0,2.0,3.0,5.0,Nov,New_Visitor,False,True
1.0,-7.850118,0.0,-11.616922,41.0,1747.9513,0.0036124922,0.015952528,39.626827,0.0065165404,2.0,2.0,1.0,3.0,Nov,Returning_Visitor,False,True
0.0,9.126017,0.0,-5.136087,15.0,263.45016,0.018621657,0.049193628,0.108884975,-0.007936204,2.0,2.0,1.0,4.0,May,Returning_Visitor,False,False
-0.0,-20.182234,0.0,13.446718,20.0,851.38104,0.0014801064,0.016362594,-0.50279075,-0.0075561795,2.0,3.0,1.0,2.0,Mar,Returning_Visitor,True,False
6.0,83.84896,1.0,59.775845,191.0,5581.9844,0.0020852424,0.013417029,1.2398845,-0.015404584,2.0,2.0,3.0,4.0,Nov,Returning_Visitor,False,False
3.0,159.7708,0.0,14.692545,27.0,1590.3933,0.068168856,0.06286171,-5.3721337,0.001963606,6.0,3.0,7.0,18.0,Dec,Returning_Visitor,False,False
3.0,51.44848,1.0,148.42651,22.0,597.2887,0.023499802,0.034557384,6.223033,-0.02232507,1.0,1.0,6.0,1.0,Nov,Returning_Visitor,False,False
14.0,532.5188,0.0,0.68944776,54.0,1733.8745,-0.00093288894,0.009206933,0.3920013,0.004677141,3.0,2.0,8.0,19.0,Nov,Returning_Visitor,True,False
3.0,59.70179,0.0,7.432812,50.0,2088.7573,0.017923452,0.027663229,1.2357885,0.01307332,2.0,2.0,3.0,4.0,May,Returning_Visitor,False,False
2.0,24.674162,0.0,18.297949,63.0,1935.3329,0.0014931095,0.0057190442,1.2697927,0.0039304327,1.0,1.0,1.0,2.0,Nov,Returning_Visitor,True,False
0.0,0.68612134,0.0,-1.0349213,60.0,1768.5298,0.00091910746,0.01792811,2.5413237,0.0097365435,1.0,1.0,5.0,3.0,May,Returning_Visitor,False,False
6.0,87.872154,1.0,10.639017,30.0,1605.9319,0.0120751,0.029341273,1.9637021,-0.0034005959,2.0,2.0,2.0,2.0,June,Returning_Visitor,False,False
0.0,-3.012014,-0.0,-8.407263,9.0,526.60657,0.0052300617,0.015979478,1.2903415,-0.0040288065,1.0,1.0,4.0,2.0,Nov,Returning_Visitor,False,False
0.0,7.080439,0.0,2.8679564,22.0,418.99033,0.028509194,0.045882072,4.0128007,0.90189964,2.0,2.0,8.0,2.0,May,Returning_Visitor,False,False
-0.0,-7.4497886,1.0,28.24904,32.0,949.59784,0.013716186,0.023901537,2.727059,0.012199191,1.0,2.0,7.0,2.0,Mar,Returning_Visitor,False,False
-0.0,9.629854,-0.0,-7.8514724,11.0,339.88107,0.00753597,0.034558482,0.8033492,-0.010677071,0.0,0.0,1.0,4.0,Nov,Returning_Visitor,False,False
2.0,60.61415,0.0,49.0779,52.0,1877.5287,0.01908397,0.029358651,39.853188,-0.006160395,2.0,1.0,7.0,2.0,Oct,Returning_Visitor,True,False
-0.0,10.251856,1.0,50.919277,76.0,4619.922,0.015362044,0.02786561,0.095730945,0.039204873,2.0,3.0,7.0,2.0,June,Returning_Visitor,False,False
-0.0,-8.315626,-0.0,0.6390861,18.0,1102.2114,-0.0055817496,0.03044996,1.7421142,0.001493985,2.0,6.0,2.0,2.0,Mar,Returning_Visitor,False,False
8.0,302.71936,-0.0,-11.238237,21.0,662.77216,0.030848388,0.049247753,19.838104,-0.005524883,3.0,2.0,8.0,1.0,Dec,Returning_Visitor,False,False
6.0,303.41885,0.0,48.08737,22.0,1808.0775,0.0456085,0.055056732,8.737311,0.006369548,1.0,0.0,5.0,2.0,Mar,Returning_Visitor,False,False
0.0,-5.483579,-0.0,-5.025686,15.0,683.16547,0.0010198449,0.011275829,0.36133257,0.0131078195,1.0,1.0,4.0,4.0,Oct,Returning_Visitor,True,False
1.0,-12.007414,2.0,-0.2871453,22.0,1323.0905,0.0016339888,0.034963187,4.2048016,-0.015075231,1.0,1.0,5.0,3.0,Sep,Returning_Visitor,False,False
-0.0,-1.7092949,0.0,2.9165423,1.0,214.99594,0.24029128,0.23372549,-0.06301434,-0.010676453,3.0,2.0,1.0,1.0,Dec,Returning_Visitor,False,False
0.0,-0.704496,0.0,-2.5479562,6.0,264.00644,0.0049423594,0.046735976,-0.517001,-0.0039010663,3.0,2.0,3.0,2.0,Mar,Returning_Visitor,False,False
1.0,4.88782,0.0,10.062141,20.0,288.1074,-0.00046860977,0.007852917,-0.3218225,-0.01511527,2.0,2.0,1.0,6.0,Mar,Returning_Visitor,False,False
4.0,107.75999,-0.0,-25.966257,5.0,-450.9313,0.03605281,0.06966436,1.6159197,-0.006492557,2.0,6.0,7.0,1.0,Oct,Returning_Visitor,False,False
0.0,8.662897,-0.0,-3.7865884,12.0,617.12085,-0.0026410725,0.0247024,22.93795,0.0006348957,3.0,2.0,7.0,2.0,Mar,New_Visitor,True,False
0.0,2.1131768,-0.0,6.250809,14.0,604.05457,-0.00010043186,0.031933907,1.2187434,-0.0129585955,3.0,2.0,1.0,2.0,Nov,Returning_Visitor,False,False
0.0,-7.3645835,0.0,-4.6848083,5.0,-191.53653,0.12791774,0.14777532,-1.366247,-0.0063542444,2.0,2.0,4.0,2.0,May,Returning_Visitor,False,False
-0.0,-4.5214972,0.0,9.130663,-4.0,170.82504,0.29686603,0.27759704,1.4693357,-0.004980685,2.0,3.0,1.0,1.0,Dec,Returning_Visitor,False,False
8.0,286.44815,1.0,34.884224,15.0,666.08606,0.00924964,0.023639046,2.2687092,0.11348659,1.0,1.0,3.0,4.0,May,New_Visitor,True,False
0.0,12.691172,-0.0,1.4756607,3.0,195.33908,-0.0060803685,0.056261282,3.7689679,0.00067566155,3.0,2.0,1.0,2.0,Feb,Returning_Visitor,False,False
3.0,65.95958,-0.0,-4.6872535,14.0,693.41864,0.0053989924,0.033786513,0.30791965,-0.007839637,2.0,6.0,4.0,2.0,Mar,Returning_Visitor,True,False
1.0,77.34819,-0.0,-25.601618,13.0,360.32144,0.04965468,0.074524134,4.332029,0.0055492427,3.0,2.0,9.0,1.0,Oct,Returning_Visitor,False,False
0.0,16.1412,2.0,66.952484,57.0,2461.4534,0.0021294802,0.034508944,6.428576,-0.02614087,6.0,1.0,1.0,1.0,Dec,Returning_Visitor,False,False
6.0,215.75781,1.0,-2.4431741,37.0,804.4867,0.0030242112,0.012288715,60.664772,-0.020306254,2.0,3.0,2.0,2.0,Sep,Returning_Visitor,False,True
9.0,628.90173,3.0,78.71327,57.0,2538.2976,0.00742305,0.017474547,1.0109202,-0.002533758,3.0,2.0,10.0,3.0,Nov,Returning_Visitor,False,False
6.0,190.85255,3.0,227.76135,68.0,3379.0496,0.01721198,0.027867807,29.796898,-0.0052952785,3.0,2.0,0.0,1.0,Nov,Returning_Visitor,False,True
7.0,51.9633,0.0,-10.17996,29.0,2711.3945,0.024878308,0.05863467,32.807068,-0.008809762,3.0,3.0,5.0,3.0,Nov,Returning_Visitor,False,False
-0.0,-9.571905,-0.0,10.747744,26.0,164.29001,-0.0038800426,0.012420761,0.10681264,0.3791628,1.0,1.0,1.0,2.0,May,Returning_Visitor,False,False
10.0,1086.392,5.0,481.502,131.0,4920.167,0.0054116156,0.014477829,3.6589143,-0.01306841,3.0,2.0,3.0,2.0,Nov,Returning_Visitor,False,False
4.0,116.4247,0.0,2.4097025,25.0,972.861,0.0014680774,0.02994359,29.045437,-0.012091236,2.0,2.0,2.0,4.0,Aug,Returning_Visitor,False,False
8.0,264.31644,0.0,8.316702,20.0,1172.8431,0.002948802,0.018928993,1.3430821,-0.009271355,3.0,4.0,1.0,3.0,Mar,Returning_Visitor,False,False
1.0,31.112513,2.0,247.67868,7.0,32.430874,0.04624675,0.06395015,1.8425485,0.0024543237,1.0,1.0,3.0,3.0,Mar,Returning_Visitor,False,False
-1.0,-14.12023,0.0,-14.565649,4.0,-151.6885,0.1062668,0.14331408,-0.027635887,-0.023998173,2.0,2.0,4.0,1.0,Nov,Returning_Visitor,False,False
11.0,492.33405,1.0,-26.764479,19.0,18.79159,-0.0006374287,0.009444372,23.49016,-0.015428903,2.0,4.0,1.0,3.0,Nov,New_Visitor,False,True
-0.0,-9.534437,0.0,-3.0610597,41.0,1513.4968,0.0023793858,0.013897802,-0.2097729,-0.008234011,2.0,3.0,4.0,2.0,Mar,Returning_Visitor,False,False
7.0,127.90307,3.0,99.970566,21.0,703.18036,0.008892264,0.016008215,3.349854,0.010552591,3.0,2.0,8.0,2.0,Mar,Returning_Visitor,True,False
-0.0,48.15576,5.0,204.79955,6.0,544.47943,0.008090513,0.022947451,0.26701418,0.005049074,2.0,2.0,1.0,2.0,Mar,Returning_Visitor,False,False
1.0,-24.102156,4.0,234.61517,38.0,972.0488,0.019113366,0.03166806,1.6059161,0.89686334,1.0,1.0,1.0,9.0,May,Returning_Visitor,False,False
1.0,18.092402,0.0,7.43026,14.0,626.9184,0.0029450841,0.024798043,-0.6752375,0.012641029,2.0,2.0,1.0,2.0,Nov,New_Visitor,False,False
3.0,24.836477,-0.0,-10.084978,63.0,1376.782,-0.00010977489,0.013510336,-0.31462654,0.67370677,2.0,2.0,7.0,2.0,May,Returning_Visitor,False,False
8.0,490.96832,-0.0,19.741655,71.0,1390.9701,0.0138756875,0.014307364,1.4327608,0.012942148,3.0,2.0,7.0,6.0,Aug,Returning_Visitor,False,False
9.0,277.9961,6.0,246.10704,56.0,1795.51,0.005027177,0.019277873,6.708893,-0.0070178006,1.0,1.0,2.0,3.0,Nov,Returning_Visitor,False,True
1.0,42.99808,2.0,96.49463,39.0,3159.4187,-0.0017544682,0.009789524,6.954289,0.03191631,3.0,3.0,10.0,15.0,Dec,Returning_Visitor,False,False
2.0,10.801279,0.0,-5.736898,8.0,359.8032,0.004095722,0.02424561,2.015164,-0.012066225,2.0,2.0,4.0,3.0,Mar,Returning_Visitor,False,True
3.0,79.9588,-0.0,-5.3596168,34.0,1118.541,0.00032944055,0.01384963,0.21516101,-0.0031131078,1.0,1.0,3.0,2.0,Dec,Returning_Visitor,False,False
-0.0,14.01195,0.0,10.790064,7.0,-126.669716,0.10570799,0.123757236,0.87652606,0.4544896,3.0,2.0,5.0,7.0,May,Returning_Visitor,False,False
-0.0,0.6504692,0.0,-22.34585,10.0,124.452965,0.0059748273,0.02505808,-0.17263396,-0.0048690457,2.0,2.0,4.0,13.0,Mar,Returning_Visitor,False,False
14.0,278.09818,1.0,15.471876,58.0,1494.4336,0.017184928,0.034965374,3.421875,0.2879617,2.0,2.0,1.0,3.0,Mar,Returning_Visitor,False,False
1.0,19.192656,0.0,7.315827,10.0,22.790613,0.04242693,0.053789597,-0.20707734,0.19541638,2.0,2.0,2.0,3.0,May,Returning_Visitor,False,False
1.0,19.160166,-0.0,-11.830915,76.0,3301.1064,0.00917234,0.009774872,6.139157,0.028055323,1.0,1.0,2.0,2.0,Sep,Returning_Visitor,False,True
1.0,21.419973,0.0,3.2635977,6.0,252.02261,-0.0009561273,0.014063555,0.31540123,-0.0002091694,1.0,2.0,1.0,5.0,Oct,New_Visitor,True,False
-0.0,-2.6639304,0.0,0.9993576,12.0,326.44046,0.021261403,0.040479593,1.5977303,0.013092687,3.0,2.0,1.0,9.0,Dec,Returning_Visitor,False,False
0.0,-3.001058,-0.0,-9.938108,13.0,627.29816,0.0068202326,0.029405775,0.48421112,-0.001474196,1.0,2.0,6.0,1.0,Mar,Returning_Visitor,False,False
21.0,290.16162,5.0,397.56424,299.0,11954.144,0.0016253312,0.01668821,17.901466,0.0033393335,2.0,2.0,2.0,3.0,Oct,Returning_Visitor,False,True
0.0,8.508181,0.0,12.769644,18.0,577.2428,0.0023841243,0.02217975,29.343445,0.0015960877,2.0,2.0,5.0,2.0,Mar,Returning_Visitor,False,False
5.0,54.89863,0.0,5.8460984,16.0,705.55005,0.01523157,0.04998844,-1.2205738,-0.00726364,2.0,2.0,1.0,2.0,June,Returning_Visitor,False,False
2.0,54.926296,0.0,2.7830966,9.0,915.5229,0.034935232,0.067106545,-0.76510745,0.004330026,3.0,2.0,6.0,13.0,Mar,Returning_Visitor,False,False
4.0,71.81707,0.0,-0.092427865,35.0,2123.2285,-0.0002797692,0.0048840353,-0.3228682,0.012496984,2.0,5.0,4.0,7.0,Mar,Returning_Visitor,False,False
1.0,22.08631,-0.0,-3.3027093,51.0,3229.5703,0.004190244,0.059141625,0.56906146,0.003928425,2.0,2.0,3.0,9.0,Jul,Returning_Visitor,False,False
7.0,902.2441,-0.0,-15.931154,15.0,762.2083,0.0017875024,0.022895107,2.2984233,-0.0011616702,2.0,3.0,1.0,5.0,May,Returning_Visitor,False,False
-1.0,17.91852,0.0,-2.3413599,76.0,3433.2148,0.00791092,0.010161311,-0.11220534,-0.0071119014,3.0,2.0,4.0,2.0,May,Returning_Visitor,True,False
5.0,17.33706,0.0,3.7496912,23.0,458.75693,0.0038957838,0.026238343,-1.5361875,0.0029712673,1.0,1.0,1.0,2.0,Mar,Returning_Visitor,True,False
7.0,330.90103,3.0,74.36355,47.0,2215.969,0.037959915,0.05429662,-1.5262998,-0.011447357,2.0,2.0,1.0,2.0,Dec,Returning_Visitor,False,False
0.0,6.7193017,0.0,-1.1130844,25.0,1038.171,0.022902666,0.044863023,1.2918831,-0.01370308,2.0,2.0,2.0,6.0,Nov,Returning_Visitor,False,False
4.0,93.45932,0.0,-6.0381293,24.0,691.278,0.004018834,0.014351607,0.98955554,0.004635049,2.0,2.0,2.0,2.0,Mar,Returning_Visitor,False,False
0.0,-0.13561022,0.0,18.513544,25.0,730.49005,0.0082704155,0.016247872,0.2721192,-0.0032568816,1.0,2.0,1.0,4.0,Nov,Returning_Visitor,True,False
1.0,17.411367,0.0,10.844698,31.0,868.0494,-0.0003407876,0.015438634,1.3966361,0.0060245264,2.0,2.0,1.0,2.0,Dec,Returning_Visitor,False,False
11.0,144.58667,0.0,3.138201,93.0,2724.324,0.0034940746,0.01740022,1.9502248,0.12841581,2.0,2.0,1.0,3.0,May,Returning_Visitor,False,False
0.0,-0.19742358,0.0,9.20682,21.0,942.1213,0.002197871,0.014531984,12.280978,0.007658219,2.0,2.0,2.0,2.0,Dec,Returning_Visitor,False,False
0.0,-12.277098,0.0,2.5094607,10.0,386.83218,-0.00017912303,0.04259686,0.7648012,-0.003910044,2.0,2.0,2.0,6.0,Nov,Returning_Visitor,False,False
1.0,16.91572,2.0,23.779827,27.0,1018.2637,0.014420062,0.03650689,25.506718,0.013447775,2.0,2.0,3.0,3.0,Dec,Returning_Visitor,False,False
0.0,15.991434,0.0,-11.414366,20.0,521.5342,0.030566705,0.053382363,1.3172451,0.41075316,2.0,6.0,4.0,2.0,May,Returning_Visitor,False,False
1.0,14.696894,-0.0,-7.162729,11.0,432.01578,-0.0035414863,0.010130708,1.4776403,0.003061382,2.0,2.0,1.0,3.0,Sep,New_Visitor,False,False
2.0,30.811087,0.0,-12.061098,11.0,663.2032,0.00020996491,0.027141027,18.480568,-0.011932077,2.0,2.0,2.0,2.0,May,Returning_Visitor,True,True
-0.0,-17.68485,-0.0,3.8651183,2.0,-253.18228,0.030404693,0.072856285,0.4807612,0.8365465,2.0,5.0,4.0,2.0,May,Returning_Visitor,True,False
8.0,314.27005,3.0,100.83801,90.0,2290.5369,0.005215708,0.008571872,10.208419,-0.0039343555,3.0,2.0,6.0,2.0,Nov,Returning_Visitor,True,False
1.0,-3.2255607,-0.0,-56.974392,-3.0,-614.0163,0.23264018,0.22925504,6.346707,0.29178664,9.0,5.0,3.0,21.0,May,Returning_Visitor,True,False
2.0,35.033504,0.0,-3.6715066,26.0,1631.1111,0.00899897,0.024228357,1.7030355,0.36693335,2.0,2.0,2.0,3.0,May,Returning_Visitor,False,False
0.0,-19.454397,0.0,6.747496,7.0,209.89389,0.005182022,0.020025771,6.827173,0.05066332,1.0,2.0,3.0,4.0,Oct,New_Visitor,False,True
0.0,19.13634,-0.0,1.1474861,5.0,-85.7913,0.002626596,0.06274017,1.0637232,0.005973773,3.0,2.0,5.0,17.0,Nov,Returning_Visitor,False,False
4.0,67.57994,2.0,43.091255,47.0,1546.6744,0.004067339,0.0096437605,2.0210865,0.0009670277,2.0,2.0,3.0,11.0,Nov,New_Visitor,True,False
0.0,7.941973,-0.0,6.5623937,5.0,564.8283,0.027070506,0.1068495,2.2093616,0.016245993,2.0,2.0,1.0,1.0,Mar,Returning_Visitor,False,False
-0.0,8.976625,0.0,2.8351138,40.0,1665.074,0.004816124,0.031006359,0.34585395,-0.01569477,2.0,2.0,2.0,6.0,Nov,Returning_Visitor,True,False
0.0,3.0366158,0.0,-4.7143645,5.0,457.60147,0.10552891,0.12250953,-0.19142134,0.038650285,2.0,2.0,1.0,4.0,Dec,Returning_Visitor,False,False
1.0,45.613007,-0.0,-21.419489,26.0,484.47733,0.0084204795,0.018268755,90.865265,0.01125844,1.0,1.0,6.0,1.0,Dec,Returning_Visitor,False,True
0.0,13.932047,-0.0,-6.885698,4.0,301.8218,0.13183835,0.19313222,0.08526008,0.029218486,3.0,2.0,7.0,6.0,May,Returning_Visitor,True,False
-0.0,0.40626752,0.0,2.0150816,9.0,625.20526,0.019621259,0.038716946,0.38875166,-0.0012151505,1.0,1.0,2.0,2.0,May,Returning_Visitor,False,False
0.0,10.737917,0.0,1.0066131,19.0,1158.0197,0.0056915954,0.023070168,1.2691318,-0.012211153,1.0,1.0,1.0,2.0,Mar,Returning_Visitor,False,False
-0.0,37.904697,1.0,18.973564,73.0,2603.6782,0.013915916,0.025630444,-0.34759125,-0.008315349,1.0,1.0,2.0,2.0,Mar,Returning_Visitor,True,False
-0.0,4.255404,0.0,-4.9939322,19.0,917.9069,0.003159823,0.049855348,1.0338856,0.00092689885,2.0,3.0,2.0,2.0,May,Returning_Visitor,False,False
0.0,103.143005,3.0,135.41585,125.0,2195.7256,0.0050192922,0.0119433,-1.1082858,0.020620087,2.0,1.0,1.0,2.0,Jul,Returning_Visitor,False,False
1.0,57.242657,1.0,39.968422,90.0,4547.903,0.0067708036,0.018853279,7.368656,0.011515448,1.0,1.0,2.0,3.0,Nov,Returning_Visitor,False,True
1.0,130.88805,1.0,11.532299,26.0,2606.6208,-0.0040560104,0.0055770213,3.258166,0.0111439545,2.0,2.0,3.0,3.0,May,Returning_Visitor,False,False
1.0,10.500116,0.0,10.256374,10.0,-92.24503,0.023464069,0.039136853,-0.2961553,0.5383643,2.0,3.0,2.0,6.0,May,Returning_Visitor,False,False
7.0,79.97225,2.0,21.977741,160.0,2689.2483,0.00824119,0.025202116,-2.5953581,-0.020067627,3.0,2.0,1.0,1.0,Aug,Returning_Visitor,False,False
4.0,138.84807,0.0,3.3416502,-1.0,-352.8102,0.007886386,0.037291445,0.47966447,0.010800732,2.0,2.0,4.0,2.0,Dec,Returning_Visitor,False,False
-0.0,-2.7199454,-0.0,9.425201,24.0,734.6227,0.030713994,0.050918993,0.07149474,0.88005054,3.0,2.0,3.0,3.0,May,Returning_Visitor,False,False
13.0,300.16525,4.0,67.74716,62.0,4266.421,0.010478536,0.014993125,17.37443,-0.0101064015,2.0,2.0,2.0,3.0,Oct,New_Visitor,False,True
0.0,3.9301171,-0.0,-1.1493202,-2.0,9.430507,0.15266484,0.16550367,0.20417516,0.012561938,3.0,2.0,1.0,1.0,Nov,Returning_Visitor,True,False
1.0,32.60692,0.0,-4.0869536,6.0,538.3097,0.0061596017,0.035612416,0.025342152,0.0063495543,2.0,2.0,5.0,2.0,Mar,Returning_Visitor,False,False
0.0,-8.809027,0.0,14.051275,3.0,-150.63004,0.10098594,0.121971,1.6446363,0.030493425,3.0,2.0,6.0,7.0,Mar,Returning_Visitor,False,False
3.0,31.216955,-0.0,-12.791677,33.0,1190.8723,-0.0013494286,0.010876809,-0.35424885,0.03203951,1.0,2.0,5.0,3.0,Aug,Returning_Visitor,False,False
-0.0,-17.736753,-0.0,-4.937528,5.0,731.76447,0.031859256,0.07441571,0.6264407,0.66455466,3.0,2.0,1.0,7.0,May,Returning_Visitor,True,False
2.0,34.52659,0.0,-9.898127,0.0,-5.9962516,0.0066126604,0.038698923,-1.5019578,0.01432175,3.0,1.0,2.0,2.0,Dec,New_Visitor,False,False
2.0,103.7194,0.0,14.723627,29.0,438.9561,0.0006824882,0.002768711,-0.13589843,0.0061463844,1.0,1.0,8.0,2.0,Nov,Returning_Visitor,False,False
7.0,70.091286,0.0,27.35774,50.0,3119.5986,-0.0020258483,0.004004528,10.62295,0.007239448,2.0,2.0,4.0,6.0,Dec,Returning_Visitor,False,False
2.0,33.602833,4.0,53.863983,29.0,1315.7892,0.0103084,0.036169033,5.452438,-0.0057807285,2.0,3.0,2.0,3.0,Dec,Returning_Visitor,False,False
0.0,76.14291,2.0,51.51607,82.0,8566.92,0.0062333504,0.01781433,32.86679,0.014667241,1.0,1.0,10.0,1.0,Nov,Returning_Visitor,False,True
-0.0,5.211474,-0.0,6.223994,12.0,306.58646,0.06132306,0.1274595,-2.3372796,0.003061207,2.0,2.0,6.0,13.0,Mar,Returning_Visitor,True,False
4.0,62.300304,2.0,8.889879,32.0,596.55695,0.029661087,0.051244963,16.612995,0.056309532,1.0,1.0,2.0,5.0,Jul,Returning_Visitor,False,True
-1.0,-11.154295,0.0,1.2413467,29.0,358.52988,0.0002156851,0.011948437,1.375188,-0.00035784201,2.0,2.0,1.0,3.0,June,Returning_Visitor,False,False
6.0,60.751556,0.0,13.304865,35.0,359.7424,0.011808344,0.02250823,1.8974797,0.0007358287,2.0,5.0,7.0,2.0,May,Returning_Visitor,False,False
0.0,-11.247976,0.0,5.1335626,16.0,608.33466,0.002260439,0.02632681,-0.370272,-0.01265345,3.0,2.0,1.0,1.0,Mar,Returning_Visitor,False,False
3.0,48.244934,1.0,15.936058,95.0,4303.1787,0.007959191,0.016212797,5.7165985,-0.0072980393,2.0,1.0,9.0,1.0,May,Returning_Visitor,False,False
0.0,3.2851815,-0.0,13.887678,13.0,283.86862,0.020212334,0.030935518,1.0107137,0.0020758715,1.0,1.0,6.0,3.0,Mar,Returning_Visitor,False,False
-0.0,-2.3615851,-0.0,-5.2566695,1.0,347.9832,0.0009823294,0.038678356,2.0504067,0.0003670138,3.0,2.0,1.0,2.0,Nov,Returning_Visitor,False,False
1.0,12.34498,0.0,-0.7138878,5.0,255.97537,0.020796679,0.044298757,-0.402644,-0.004299814,3.0,2.0,2.0,1.0,Mar,Returning_Visitor,False,False
-0.0,4.3172555,0.0,2.3859255,39.0,1483.9325,-0.00023320307,0.009560705,1.919624,0.014159264,2.0,2.0,7.0,3.0,May,Returning_Visitor,False,False
-0.0,-9.740812,-0.0,12.509853,-1.0,-74.57206,0.17786053,0.18898511,-0.8473018,-0.009417856,3.0,2.0,2.0,13.0,Nov,Returning_Visitor,False,False
2.0,54.73841,0.0,2.6704466,18.0,622.42535,0.0018160531,0.013590439,113.41005,-0.021915862,2.0,1.0,1.0,1.0,May,Returning_Visitor,False,True
6.0,103.520195,-0.0,5.893912,16.0,1107.8643,0.0046721287,0.018803164,0.07044713,0.011390356,2.0,2.0,3.0,2.0,Nov,New_Visitor,False,False
2.0,24.182985,0.0,-1.0382477,14.0,208.39432,0.001334943,0.048919875,0.60216254,0.01939808,3.0,2.0,1.0,12.0,Nov,Returning_Visitor,False,False
-0.0,-10.661573,0.0,-12.771822,33.0,761.09204,0.004167514,0.014840803,0.33550373,-0.004916901,3.0,3.0,6.0,2.0,Dec,Returning_Visitor,False,False
2.0,0.26847303,1.0,-12.394255,3.0,82.44906,-0.0011444538,0.026671952,4.0328927,0.014477322,2.0,2.0,2.0,1.0,Jul,Returning_Visitor,False,False
3.0,75.12549,2.0,83.26524,8.0,990.67633,0.032993007,0.065727025,0.16164367,-0.020066889,1.0,1.0,3.0,6.0,Jul,Returning_Visitor,False,True
0.0,6.0691705,-0.0,-10.461477,3.0,192.77951,0.09535201,0.14253253,1.5305444,0.0029154848,3.0,2.0,1.0,2.0,Mar,Returning_Visitor,False,False
2.0,76.43216,0.0,-7.657106,29.0,1496.7753,0.009119067,0.022344049,0.1579005,0.0012313706,2.0,2.0,7.0,2.0,May,Returning_Visitor,True,False
-0.0,0.46672285,0.0,-1.9740769,30.0,2480.0178,0.0077861836,0.028264249,-0.15205415,0.006881872,3.0,2.0,4.0,2.0,Nov,Returning_Visitor,True,False
0.0,-12.200308,1.0,-3.865259,3.0,365.26218,0.0032840576,0.0204286,1.7915264,0.0042853113,2.0,2.0,1.0,9.0,Nov,New_Visitor,False,False
0.0,14.135225,0.0,-9.465456,7.0,984.2441,0.025824271,0.05344734,-0.8810409,-0.012323486,3.0,7.0,2.0,3.0,Dec,Returning_Visitor,False,False
-0.0,-9.676916,-0.0,13.805067,3.0,-29.571081,0.17132838,0.16566736,-1.0082,-0.019500898,2.0,1.0,2.0,19.0,May,Returning_Visitor,False,False
-0.0,1.9056877,0.0,0.6093544,4.0,-57.87589,-0.0005289352,0.09375751,0.8794939,0.37226295,2.0,2.0,4.0,2.0,May,Returning_Visitor,False,False
4.0,40.504684,4.0,432.33478,44.0,1121.9485,0.0059993137,0.015833493,28.95539,0.0039374363,2.0,3.0,5.0,13.0,Oct,Returning_Visitor,False,False
0.0,4.0075097,-0.0,-1.650602,10.0,349.22208,0.012300941,0.095023885,-0.33433613,-0.00083106564,3.0,2.0,4.0,4.0,May,Returning_Visitor,False,False
1.0,-20.742338,0.0,-16.283953,35.0,942.98425,0.008642923,0.0019525557,55.640083,0.014382185,2.0,5.0,1.0,8.0,Nov,New_Visitor,False,False
1.0,0.96464765,-0.0,9.413733,7.0,694.6371,0.08651741,0.11289256,7.4213924,-0.022874514,3.0,4.0,6.0,1.0,Dec,Returning_Visitor,False,False
1.0,8.853167,0.0,8.228294,4.0,104.03414,0.060148053,0.09621469,-0.16984923,-0.00013077067,2.0,2.0,6.0,0.0,Nov,Returning_Visitor,False,False
6.0,240.20802,0.0,-19.202608,19.0,1345.0684,0.00043353447,0.018742818,7.0279007,0.007251015,2.0,2.0,1.0,2.0,Mar,Returning_Visitor,False,False
10.0,134.09294,-0.0,10.803246,16.0,586.8879,0.0034945775,0.0040779347,-1.6687974,-0.012620257,2.0,3.0,6.0,2.0,Mar,New_Visitor,False,False
0.0,15.607195,0.0,2.8748267,12.0,523.3154,-0.0012096501,0.0005537763,-0.017813519,-0.012289019,2.0,2.0,1.0,3.0,Mar,Returning_Visitor,False,False
3.0,32.413227,0.0,-6.6291976,9.0,322.13742,0.006580665,0.03540918,-0.33246264,-0.0036144946,1.0,1.0,5.0,7.0,Nov,New_Visitor,False,False
8.0,293.5893,-0.0,16.02271,36.0,1333.0682,0.029151633,0.052583206,2.0529566,0.0067472365,2.0,5.0,3.0,1.0,May,Returning_Visitor,False,False
11.0,281.01056,1.0,-2.0452363,26.0,610.8993,-0.0029151868,0.011030042,18.820978,-0.010448055,2.0,2.0,3.0,2.0,Mar,Returning_Visitor,False,False
0.0,10.163355,-0.0,-8.378458,48.0,1390.5582,-0.00095835875,0.0069157416,-0.2711843,-0.0032898132,1.0,1.0,2.0,2.0,Jul,Returning_Visitor,False,False
1.0,24.461767,1.0,48.827038,49.0,423.85696,0.017377434,0.040755764,-0.67916566,0.10402512,3.0,2.0,1.0,1.0,Nov,Returning_Visitor,False,False
6.0,68.3909,0.0,45.577755,24.0,803.78107,-0.0061864518,5.3343138e-05,0.42840114,0.013852214,2.0,2.0,6.0,8.0,Oct,Returning_Visitor,False,False
-0.0,5.5685678,-0.0,-21.764238,12.0,726.65125,0.02107814,0.053046975,34.226067,0.0077358875,3.0,2.0,2.0,3.0,May,Returning_Visitor,False,False
4.0,112.05222,2.0,132.67154,40.0,1231.5654,-0.0020704083,0.007318777,1.8052675,-4.843802e-05,2.0,2.0,2.0,7.0,Nov,Returning_Visitor,False,False
4.0,27.389128,-0.0,-8.132975,1.0,430.16336,0.017517377,0.034725323,8.91378,-0.0015352535,2.0,11.0,7.0,5.0,May,Returning_Visitor,True,False
2.0,88.237366,-0.0,5.3166356,57.0,1966.4906,0.00295108,0.017684408,-1.6960677,-0.0123247,1.0,1.0,1.0,2.0,June,Returning_Visitor,True,False
8.0,277.13126,-0.0,11.565269,17.0,670.3999,0.01406498,0.039707128,0.3933393,0.0068719443,1.0,1.0,2.0,8.0,Nov,Returning_Visitor,False,False
-0.0,-18.881704,0.0,8.949659,21.0,251.49039,-0.0022071525,0.008711842,-0.03678401,-0.009197818,2.0,3.0,7.0,2.0,Dec,Returning_Visitor,False,False
4.0,199.7035,1.0,40.19945,76.0,5145.109,0.005141277,0.0025109395,17.875546,-0.011338906,5.0,2.0,2.0,17.0,Sep,Returning_Visitor,False,True
0.0,10.218065,0.0,-7.031549,30.0,676.2755,0.0059567187,0.019336889,0.15119474,0.0035244506,2.0,2.0,1.0,3.0,May,Returning_Visitor,False,False
3.0,41.146843,-0.0,-10.595236,17.0,299.67184,0.002843801,0.016083036,1.5029188,0.007315455,3.0,2.0,6.0,1.0,Dec,Returning_Visitor,False,False
6.0,96.644775,0.0,7.7300515,10.0,17.258997,-0.0041468106,0.0090920115,-0.71758825,-0.004922362,2.0,2.0,8.0,5.0,Aug,New_Visitor,False,False
9.0,400.61215,3.0,152.0505,58.0,2193.5913,0.023573538,0.03014271,11.087754,0.03488321,1.0,1.0,1.0,12.0,Mar,Returning_Visitor,True,False
3.0,44.004105,0.0,0.75876844,26.0,1629.8596,0.0025896337,0.017777959,0.124876186,0.0055412557,2.0,2.0,3.0,11.0,Nov,New_Visitor,False,True
0.0,-22.625608,-0.0,-6.3569045,3.0,43.23837,0.067106344,0.12428002,0.7183835,0.01710228,3.0,2.0,2.0,2.0,Feb,Returning_Visitor,False,False
-0.0,-3.9751868,-0.0,10.005093,5.0,158.15085,0.061942413,0.13067612,0.664272,0.0033334177,2.0,2.0,1.0,3.0,May,Returning_Visitor,False,False
3.0,102.36333,0.0,11.338526,13.0,634.6508,0.05293656,0.07737265,-0.011230306,-0.0023537595,2.0,2.0,3.0,7.0,Nov,Returning_Visitor,False,False
5.0,88.72231,0.0,-2.8903368,109.0,3076.9746,0.007712316,0.023969442,2.451394,-0.019353973,2.0,2.0,4.0,1.0,Nov,Returning_Visitor,True,True
2.0,35.106575,1.0,42.492207,62.0,1794.4141,-0.0010671931,0.016675113,5.2139945,-0.045548014,6.0,0.0,1.0,2.0,Mar,Returning_Visitor,True,False
0.0,28.67187,1.0,8.916674,30.0,1408.4916,0.004118476,0.01559898,6.823972,0.04286294,2.0,10.0,1.0,3.0,Dec,Returning_Visitor,False,True
0.0,4.3528085,0.0,14.593882,31.0,792.88464,0.003144933,0.02752337,-0.014012174,0.0030411277,2.0,2.0,2.0,6.0,Mar,Returning_Visitor,False,False
0.0,1.8632759,0.0,-4.1140876,9.0,297.3555,0.022169322,0.05042601,-0.15836222,0.001635777,2.0,2.0,4.0,3.0,Nov,Returning_Visitor,False,False
0.0,74.94124,0.0,-13.885904,13.0,806.4428,0.080757014,0.08389577,13.928029,-0.0056415442,2.0,6.0,6.0,5.0,May,Returning_Visitor,False,False
0.0,-1.3227364,-0.0,-13.71921,17.0,549.4853,0.019108575,0.042445,-0.24541982,0.032454487,3.0,2.0,3.0,5.0,May,Returning_Visitor,True,False
0.0,25.174585,-0.0,-8.220274,5.0,120.19149,0.103423476,0.112908185,0.8308365,0.11691551,1.0,1.0,2.0,2.0,May,Returning_Visitor,False,False
-0.0,5.9909616,0.0,2.368746,5.0,214.35233,0.0700949,0.11844425,0.26022163,0.0031766016,3.0,2.0,4.0,5.0,Nov,Returning_Visitor,False,False
3.0,72.87542,-0.0,-35.56786,6.0,173.67776,0.0039153695,0.032179687,13.407376,0.011177385,2.0,2.0,3.0,1.0,Nov,Returning_Visitor,False,False
6.0,305.25128,0.0,15.519728,20.0,748.7227,0.0059925523,0.0093224915,-1.2585,0.008182133,2.0,1.0,1.0,4.0,Nov,Returning_Visitor,False,False
0.0,-1.0069252,-0.0,-0.09918751,23.0,764.876,0.008846049,0.024237072,0.42476287,-0.014214428,1.0,2.0,6.0,14.0,Nov,Returning_Visitor,False,False
1.0,75.548386,0.0,-0.93905795,67.0,1440.0568,0.00019490915,0.0049344534,2.8468657,-0.009661647,2.0,3.0,2.0,1.0,Feb,Returning_Visitor,False,False
1.0,5.582705,0.0,10.393503,3.0,-29.341467,-0.004680291,0.046590935,0.07633893,0.45919308,2.0,2.0,3.0,10.0,May,Returning_Visitor,False,False
12.0,404.79376,6.0,295.5798,41.0,2100.9429,0.014498937,0.030468224,4.545779,0.041060235,2.0,2.0,1.0,2.0,May,Returning_Visitor,True,True
1.0,0.8695091,-0.0,-4.9412055,40.0,377.98453,0.033238336,0.05872478,3.5212674,0.15327807,2.0,3.0,9.0,2.0,May,Returning_Visitor,False,False
0.0,0.24807203,-0.0,-0.64797366,39.0,1795.0481,0.009477131,0.018838631,0.86310023,0.4031856,2.0,3.0,2.0,4.0,May,Returning_Visitor,False,False
-0.0,3.4585977,-0.0,19.666052,11.0,218.11252,0.0342868,0.04575225,1.713915,-0.0031389687,1.0,0.0,1.0,4.0,Mar,Returning_Visitor,False,False
-0.0,-2.158544,0.0,-12.478067,13.0,-134.17447,0.0071013225,0.035964474,2.342338,0.29994977,2.0,5.0,2.0,2.0,May,Returning_Visitor,False,False
0.0,17.794703,1.0,-21.99304,15.0,24.943079,0.0019396135,0.060829755,2.8636115,-0.0045892466,2.0,2.0,1.0,2.0,Mar,Returning_Visitor,True,False
1.0,10.677721,0.0,3.4013903,32.0,1684.872,-0.006266622,0.025924798,0.8160588,0.009859199,1.0,1.0,6.0,3.0,Aug,Returning_Visitor,False,False
0.0,-8.155722,-0.0,-10.81032,1.0,-472.09146,0.095012106,0.115786016,3.1577287,0.0027694646,5.0,1.0,1.0,7.0,Mar,Returning_Visitor,True,False
-0.0,-15.8624935,0.0,-12.781046,15.0,150.58578,0.002380209,0.020829892,-0.7047232,-0.0036204103,4.0,2.0,4.0,4.0,Mar,Returning_Visitor,True,False
-0.0,36.25675,1.0,13.538425,19.0,662.7889,-0.0006408299,0.018350046,12.447803,0.21992446,2.0,5.0,1.0,1.0,May,Returning_Visitor,False,True
-0.0,2.4163003,0.0,-4.0630164,7.0,-79.5192,0.0076261396,0.04850438,0.71245784,0.0037645493,2.0,2.0,3.0,8.0,Nov,Returning_Visitor,False,False
8.0,100.12192,2.0,222.38358,26.0,301.09494,-0.0049570296,0.0061292285,0.17535369,0.012070717,2.0,2.0,3.0,2.0,Jul,Returning_Visitor,False,False
3.0,67.002594,-0.0,14.275724,33.0,2122.6719,0.003674034,0.014547489,0.21969096,0.004998604,2.0,2.0,1.0,15.0,Nov,New_Visitor,False,False
4.0,42.204517,0.0,7.3219304,5.0,173.28781,0.0066486364,0.020144276,13.854614,-0.009730319,2.0,3.0,4.0,3.0,May,Returning_Visitor,False,False
-0.0,25.576357,0.0,87.97301,29.0,884.9175,-0.004395839,0.0016521073,106.583206,-0.05199808,2.0,8.0,7.0,8.0,Mar,Returning_Visitor,True,False
0.0,-2.856176,4.0,106.675964,20.0,558.29364,0.012651548,0.0314717,-0.35611948,-0.0010251569,0.0,1.0,2.0,4.0,Mar,Returning_Visitor,True,False
2.0,23.064154,-0.0,4.584124,35.0,660.69214,0.0042998325,0.020085344,2.014949,-0.006119678,1.0,2.0,3.0,3.0,Nov,Returning_Visitor,True,False
4.0,335.444,-0.0,18.054747,11.0,674.74585,0.0015483351,0.012280227,28.182508,-0.014418701,1.0,1.0,3.0,2.0,May,Returning_Visitor,False,False
-1.0,-34.30013,1.0,35.65821,54.0,1745.3138,0.01625222,0.020713324,-1.1887869,0.057442397,3.0,2.0,1.0,3.0,Jul,Returning_Visitor,True,False
3.0,104.54721,0.0,-3.649576,14.0,942.1508,-0.0028833207,0.018649451,3.3894205,-0.00028408127,2.0,2.0,1.0,2.0,Dec,Returning_Visitor,False,False
-0.0,1.4584984,0.0,5.347796,9.0,-185.20694,0.18446389,0.20088692,0.62957734,0.8947393,2.0,5.0,2.0,8.0,May,Returning_Visitor,False,False
5.0,232.92563,0.0,15.270092,41.0,524.39685,-0.0038370993,0.0031612,-2.891556,-0.0053088088,1.0,9.0,4.0,4.0,Sep,New_Visitor,False,False
-0.0,6.6860604,1.0,55.08892,20.0,828.8146,-0.0014333836,0.0079254,2.8266146,-0.02516842,1.0,1.0,6.0,3.0,Mar,Returning_Visitor,True,False
2.0,161.41212,0.0,75.603546,18.0,574.93713,0.005800547,0.0092057185,23.235844,0.005776802,3.0,6.0,7.0,3.0,Oct,Returning_Visitor,True,True
-0.0,6.79806,-0.0,-1.2444626,12.0,15.119227,0.11893883,0.12785174,1.2548004,0.019385999,4.0,2.0,1.0,14.0,Aug,Returning_Visitor,False,False
10.0,155.24167,1.0,222.32414,50.0,1255.0745,0.0041777883,0.009289139,11.404923,-0.007895933,3.0,4.0,1.0,1.0,Dec,Returning_Visitor,False,False
-0.0,-11.052397,-0.0,0.9435371,7.0,145.54562,0.085412905,0.11579422,-0.44546065,0.011835145,2.0,2.0,2.0,2.0,May,Returning_Visitor,False,False
-0.0,-1.9301354,-0.0,4.7426114,7.0,75.72213,0.0020985957,0.03933239,0.6170284,-0.012332054,2.0,2.0,3.0,3.0,May,Returning_Visitor,False,False
2.0,69.82258,-0.0,4.9682984,18.0,957.68475,0.001521513,0.012486183,16.022202,-0.0052877683,2.0,3.0,4.0,2.0,May,Returning_Visitor,False,False
1.0,78.87912,-0.0,2.9046443,7.0,822.3016,-0.0030245017,0.018927367,0.29645935,0.013296204,2.0,7.0,10.0,16.0,Dec,Returning_Visitor,False,False
-0.0,7.4230447,-0.0,-6.417524,16.0,863.02844,0.0026945733,0.01797418,3.56848,-0.007009851,2.0,3.0,1.0,2.0,May,Returning_Visitor,False,False
2.0,237.87477,-0.0,15.734552,20.0,679.5652,-0.00083347026,0.010147472,-1.064166,-0.012350293,2.0,7.0,8.0,3.0,Sep,New_Visitor,False,False
7.0,68.26159,5.0,135.0119,37.0,1333.4551,0.0039504766,0.018094534,19.489191,0.006636573,2.0,3.0,1.0,2.0,Dec,Returning_Visitor,False,False
0.0,19.956366,-0.0,0.63571775,64.0,2195.5615,0.00777834,0.0092950845,73.81239,-0.009436892,2.0,2.0,1.0,14.0,Nov,Returning_Visitor,False,True
0.0,-11.643446,-0.0,-0.49197546,12.0,461.13065,-0.004367294,0.034721036,1.0850059,0.021923067,1.0,2.0,3.0,2.0,May,Returning_Visitor,False,False
0.0,3.706637,-0.0,-11.688074,5.0,161.77121,0.0028575268,0.049139906,60.117947,0.004158942,1.0,2.0,2.0,7.0,Oct,Returning_Visitor,False,False
4.0,514.03064,0.0,47.06819,16.0,573.8913,-0.0063261744,0.007224598,6.114476,-0.017739022,1.0,0.0,1.0,3.0,Dec,Returning_Visitor,False,False
1.0,-2.4713035,0.0,15.4979515,10.0,285.28372,-0.0010303053,0.027525976,3.83291,-0.0037356932,2.0,2.0,1.0,2.0,Mar,Returning_Visitor,False,False
2.0,113.34607,-0.0,-11.05068,22.0,524.2118,0.0042315163,0.006572199,-2.5137436,-0.00914746,1.0,1.0,1.0,5.0,Dec,New_Visitor,False,False
-0.0,7.555506,-0.0,5.0062222,9.0,396.97476,-0.003257066,0.0005501851,1.0120422,-0.012363987,1.0,1.0,3.0,2.0,Dec,Returning_Visitor,False,False
2.0,9.311205,0.0,-20.308378,45.0,1418.0804,0.0006201343,0.0066018114,-1.5398921,0.065617524,1.0,1.0,6.0,3.0,May,Returning_Visitor,False,False
-0.0,-5.1829276,-0.0,10.901331,3.0,202.21738,0.07880216,0.12138403,0.5060012,-0.013564469,2.0,2.0,1.0,8.0,May,Returning_Visitor,True,False
-0.0,4.750834,-0.0,-2.9616907,16.0,909.1222,0.002027668,0.010313337,2.3743896,0.0046959724,4.0,2.0,4.0,3.0,Dec,Returning_Visitor,False,False
1.0,2.597384,0.0,-10.04973,14.0,457.40707,0.040111553,0.06473548,3.3321815,0.010878796,3.0,3.0,2.0,2.0,Dec,Returning_Visitor,False,False
-1.0,122.50804,-0.0,-13.844629,72.0,3681.218,0.011454977,0.030378781,18.109444,0.010011183,3.0,2.0,8.0,0.0,Nov,Returning_Visitor,False,True
0.0,11.073793,0.0,-6.8244643,12.0,352.28293,-0.0026019886,0.0041886466,0.82875794,0.012536759,2.0,3.0,1.0,5.0,Mar,New_Visitor,False,False
3.0,39.62336,0.0,2.9303973,10.0,407.69357,0.034754056,0.046720922,-0.82724935,0.25654027,3.0,2.0,7.0,5.0,Mar,Returning_Visitor,False,False
2.0,18.190989,0.0,3.1367686,8.0,344.8713,-0.0058310293,0.020596027,3.1714392,0.010526596,2.0,6.0,2.0,1.0,Mar,Returning_Visitor,False,False
4.0,139.58057,0.0,-9.273497,20.0,1122.4952,-0.00021871542,0.011828049,0.3952867,-0.013757149,1.0,2.0,5.0,3.0,Nov,Returning_Visitor,False,False
9.0,193.25964,-0.0,-6.3905997,35.0,1407.4805,0.0017005616,0.010819648,3.205711,-0.013949441,2.0,2.0,10.0,2.0,Dec,Returning_Visitor,False,False
-0.0,4.03612,-0.0,5.1364865,6.0,297.59146,0.01530036,0.029766995,0.7550675,-0.01895968,2.0,2.0,5.0,1.0,May,Returning_Visitor,False,False
0.0,-2.7738853,-0.0,7.028111,9.0,427.03348,-0.0025605503,0.047291595,0.09005754,-0.0033167917,2.0,2.0,2.0,2.0,Nov,Returning_Visitor,False,False
12.0,431.7969,0.0,20.91536,59.0,2559.5178,0.0025211237,0.0042774724,56.34012,-0.017703319,3.0,2.0,1.0,3.0,Dec,Returning_Visitor,False,False
2.0,140.75955,0.0,25.48863,128.0,7945.571,0.0378323,0.048409685,-2.4148724,-0.00750825,4.0,2.0,6.0,12.0,Nov,Returning_Visitor,False,False
0.0,1.740641,0.0,-18.416555,5.0,-208.26749,0.013880583,0.053623963,-0.7072404,0.16395861,2.0,4.0,1.0,11.0,Sep,Returning_Visitor,False,True
3.0,110.85962,0.0,5.40074,22.0,1322.4381,0.018678235,0.026570573,2.040847,0.010245295,2.0,2.0,1.0,7.0,May,Returning_Visitor,False,False
0.0,17.389433,-0.0,-11.196676,4.0,145.43088,0.029097375,0.060531285,0.7905666,0.103571504,2.0,5.0,4.0,2.0,Mar,Returning_Visitor,False,False
0.0,15.32107,0.0,2.6623251,15.0,621.54736,0.032995105,0.04463969,2.8755324,-0.00434863,3.0,2.0,2.0,17.0,Nov,Returning_Visitor,False,False
1.0,97.18368,0.0,-17.202417,19.0,442.91672,0.010959582,0.025879037,0.90412587,0.0033083986,3.0,12.0,11.0,12.0,Dec,Returning_Visitor,False,False
0.0,-8.725721,0.0,-8.466993,9.0,588.5083,0.0025255494,0.025059782,18.758387,-0.0056125913,2.0,4.0,3.0,3.0,May,Returning_Visitor,False,True
0.0,-12.772985,0.0,-8.020449,10.0,-185.92728,0.009853659,0.07257855,-0.885835,-0.0075942148,3.0,2.0,5.0,3.0,May,Returning_Visitor,True,False
0.0,4.4168267,0.0,-14.933966,7.0,245.48026,0.009939914,0.037901223,-0.43312582,0.10292345,3.0,2.0,4.0,5.0,Mar,Returning_Visitor,False,False
0.0,84.0431,0.0,-1.5960633,-3.0,657.782,-0.005828906,0.012538281,0.23188512,-0.016899006,1.0,0.0,1.0,15.0,May,Returning_Visitor,False,False
4.0,147.62654,-0.0,8.1316395,15.0,901.9305,0.004592592,0.01562423,41.753754,0.0030885283,3.0,3.0,6.0,8.0,Jul,Returning_Visitor,True,True
0.0,17.793856,0.0,-16.916067,16.0,130.67697,0.036138996,0.092782766,-0.9664286,-0.008317592,2.0,4.0,1.0,2.0,Nov,Returning_Visitor,False,False
3.0,31.588106,2.0,221.28435,27.0,703.676,-0.0019219908,0.007753511,2.6832895,0.007726932,2.0,1.0,1.0,4.0,May,Returning_Visitor,False,False
9.0,45.645363,1.0,2.2486937,220.0,4584.23,0.009962415,0.020584794,18.548082,0.041608844,2.0,2.0,7.0,2.0,Aug,Returning_Visitor,False,False
-0.0,14.24589,-0.0,13.583704,13.0,325.14053,-0.0058242343,0.024606196,-0.06620057,-0.010055797,2.0,7.0,2.0,2.0,Dec,New_Visitor,False,False
7.0,73.697395,1.0,25.005142,34.0,412.4637,-0.0032442678,0.0045568133,44.888325,0.11036507,1.0,2.0,2.0,2.0,May,Returning_Visitor,False,True
1.0,0.8851341,0.0,1.4912437,203.0,3771.6235,0.0064649275,0.01594205,7.7177005,-0.0016348603,2.0,2.0,6.0,2.0,Aug,Returning_Visitor,False,False
-0.0,5.3804116,-0.0,-2.872484,43.0,433.70047,0.00081932556,0.0174073,25.473427,-0.012679981,2.0,4.0,9.0,2.0,May,Returning_Visitor,True,False
3.0,65.41356,1.0,96.86164,18.0,370.647,0.0024661291,0.0069396766,-1.8081945,-0.0068145934,1.0,1.0,8.0,4.0,Dec,Returning_Visitor,False,False
0.0,7.722445,-0.0,4.599156,0.0,-82.8682,0.19781871,0.19373177,1.3193237,0.0074942466,0.0,0.0,3.0,2.0,Dec,Returning_Visitor,False,False
1.0,24.004957,-0.0,2.368582,77.0,3180.1687,0.005477164,0.021581179,4.1238394,-0.0059497226,1.0,3.0,5.0,2.0,Nov,Returning_Visitor,False,False
1.0,17.538912,0.0,-10.678289,5.0,-231.51077,0.0050543863,0.029642792,-0.3336862,0.009900572,2.0,2.0,1.0,2.0,Mar,Returning_Visitor,False,False
14.0,181.41647,5.0,215.6078,437.0,12640.068,0.008279943,0.02026204,6.6810064,0.02893327,2.0,3.0,2.0,5.0,Nov,Returning_Visitor,True,True
2.0,36.550377,1.0,82.04644,11.0,38.09872,0.00046611213,0.0131634595,-0.04204543,0.024198717,4.0,15.0,3.0,6.0,May,New_Visitor,False,False
0.0,17.719225,-0.0,2.8837092,14.0,1055.1138,-0.0017492602,0.019112127,0.4991695,-0.011436822,2.0,2.0,1.0,7.0,Mar,Returning_Visitor,False,False
-1.0,9.214182,0.0,31.23829,39.0,4661.662,0.0010928178,0.022395223,11.263599,-0.010521071,5.0,1.0,4.0,1.0,Dec,Returning_Visitor,False,False
-0.0,16.13016,-0.0,13.076061,-4.0,123.29232,0.3311396,0.31149355,-0.38185248,0.007940052,1.0,1.0,2.0,1.0,Nov,Returning_Visitor,True,False
1.0,35.453247,-0.0,-3.2404726,23.0,1352.8575,0.0019665603,0.0177684,1.4044167,-0.0065355543,1.0,2.0,3.0,1.0,Mar,Returning_Visitor,False,False
-0.0,13.152842,0.0,5.394095,57.0,1041.6805,0.0015151986,0.016487941,5.137859,-0.008398639,2.0,10.0,3.0,17.0,Nov,Returning_Visitor,False,False
1.0,-3.297773,-0.0,8.585972,6.0,43.114956,0.11417215,0.12828095,0.9184329,-0.013744133,2.0,2.0,2.0,2.0,Dec,Returning_Visitor,False,False
0.0,21.535234,0.0,8.193592,6.0,360.61197,0.009888045,0.024439434,-1.002457,0.007682832,2.0,2.0,1.0,3.0,May,Returning_Visitor,True,False
3.0,126.974785,-0.0,20.443743,88.0,1471.4064,0.0046023764,0.011550241,0.45795217,0.0010960867,2.0,2.0,2.0,1.0,Nov,Returning_Visitor,False,False
-0.0,-1.102224,0.0,10.015451,-0.0,-120.58585,0.21131569,0.21445812,0.7782094,0.00041958137,2.0,2.0,2.0,1.0,Nov,Returning_Visitor,False,False
1.0,-6.363088,2.0,72.804115,30.0,1335.2314,-0.0028068777,0.008856584,3.1092308,-0.0010192337,2.0,4.0,1.0,1.0,Mar,Returning_Visitor,False,False
-0.0,-9.616392,1.0,24.91469,31.0,2282.6968,0.027447559,0.06460492,-0.38104615,0.7421428,3.0,2.0,2.0,3.0,May,Returning_Visitor,False,False
4.0,101.018456,-0.0,-18.025816,38.0,938.99506,0.005163649,0.012857673,9.320865,-0.007264668,3.0,1.0,1.0,3.0,Mar,Returning_Visitor,False,False
-0.0,-20.25871,0.0,10.228416,3.0,168.08286,0.16810173,0.18154381,-0.44078192,0.044913176,1.0,1.0,1.0,2.0,May,Returning_Visitor,True,False
5.0,337.84076,0.0,-11.502016,52.0,1750.9904,-0.00045847325,0.0069166655,1.6137582,-0.01929398,2.0,3.0,7.0,2.0,May,Returning_Visitor,False,False
2.0,15.590204,0.0,-6.367475,19.0,760.3062,0.0010583067,0.01124961,-0.33001027,0.002696192,3.0,4.0,3.0,4.0,Mar,Returning_Visitor,False,False
3.0,14.891588,-0.0,-10.480715,70.0,2550.1064,0.006146229,0.01886373,-0.41865334,0.007886289,3.0,2.0,1.0,5.0,Nov,Returning_Visitor,False,False
2.0,79.23343,4.0,140.75227,140.0,3828.8606,0.005909642,0.012532839,0.23993365,0.14399767,3.0,2.0,4.0,3.0,Dec,Returning_Visitor,False,False
5.0,85.89988,0.0,-12.096296,18.0,572.0324,0.0031190105,0.014376382,0.010054751,0.0055580083,3.0,2.0,2.0,4.0,Mar,Returning_Visitor,False,False
7.0,79.796814,0.0,28.238186,96.0,1663.6927,0.010126704,0.019664599,2.9833457,0.005755136,3.0,2.0,6.0,1.0,Jul,Returning_Visitor,False,False
9.0,93.55059,2.0,116.65501,74.0,2595.052,0.020113152,0.035369776,0.8121864,0.00029870315,3.0,2.0,1.0,4.0,Dec,Returning_Visitor,False,False
4.0,216.86575,-0.0,7.4095845,5.0,396.1719,-0.0010597518,0.016482295,-0.73143226,0.007452311,1.0,2.0,1.0,2.0,Oct,Returning_Visitor,False,False
7.0,251.48656,-0.0,-16.044443,2.0,-53.78861,0.018168062,0.044847135,-1.3751572,0.005800331,2.0,2.0,4.0,1.0,Oct,Returning_Visitor,False,False
4.0,135.58656,0.0,9.712929,10.0,-98.76237,0.003111435,0.011931659,-0.54029065,-0.011843191,2.0,2.0,3.0,10.0,Mar,New_Visitor,False,False
-0.0,16.883135,0.0,4.612061,11.0,356.13217,-0.0027276073,0.0058574164,-0.9245241,0.011438059,2.0,2.0,1.0,3.0,May,Returning_Visitor,False,False
1.0,76.08042,0.0,0.43191752,24.0,814.75476,0.007828201,0.020149566,-0.51774675,-0.007625507,2.0,4.0,1.0,1.0,Mar,Returning_Visitor,False,False
5.0,276.29407,9.0,275.2921,197.0,7724.146,0.006338575,0.021418158,5.727157,0.01150178,2.0,3.0,1.0,10.0,Aug,Returning_Visitor,True,False
0.0,13.165857,0.0,9.653198,15.0,585.2301,0.010965648,0.030258168,0.5555274,-0.017796459,2.0,2.0,3.0,7.0,Mar,Returning_Visitor,False,False
10.0,181.6413,1.0,55.131165,67.0,1765.7192,0.004477443,0.012984012,7.1868424,-0.017066928,3.0,2.0,3.0,1.0,May,Returning_Visitor,True,True
0.0,-2.7109885,-0.0,5.0190396,1.0,-111.51664,0.0034943763,0.06845583,-0.8993347,0.002825996,2.0,2.0,3.0,1.0,Mar,Returning_Visitor,False,False
6.0,90.15597,1.0,96.9814,23.0,221.22208,0.011096353,0.025459101,-0.6675666,-0.010155888,2.0,3.0,1.0,1.0,Mar,Returning_Visitor,False,False
-0.0,-7.9274955,0.0,17.302362,39.0,792.7779,0.0121314535,0.018657364,1.3654658,0.01873047,1.0,1.0,2.0,1.0,Mar,Returning_Visitor,False,False
4.0,41.831825,1.0,2.5887969,161.0,6548.483,0.008479431,0.021588584,0.7517559,-0.005790027,2.0,2.0,5.0,1.0,Nov,Returning_Visitor,True,True
0.0,13.604357,0.0,-14.927473,0.0,427.45407,0.02701341,0.10175059,23.783031,0.08224129,2.0,2.0,1.0,1.0,Dec,Returning_Visitor,False,False
7.0,155.04239,-0.0,-5.8266463,11.0,-231.29153,0.004901344,0.028690381,2.2342007,-0.0032044072,3.0,6.0,12.0,3.0,Dec,Returning_Visitor,False,False
2.0,28.428236,-0.0,-9.672083,53.0,1691.9803,0.016241485,0.031417005,28.057194,0.0024342556,2.0,2.0,1.0,2.0,Sep,Returning_Visitor,False,False
5.0,71.54497,-0.0,-24.424784,3.0,380.53513,0.005550625,0.020281794,0.36379114,0.009524854,3.0,2.0,3.0,2.0,Sep,New_Visitor,False,False
1.0,-12.585905,0.0,50.59349,16.0,1601.4388,0.0012272001,0.01286745,2.5393093,-0.0010681468,2.0,3.0,1.0,1.0,Dec,Returning_Visitor,False,False
1.0,-5.1925254,0.0,8.337664,75.0,2248.5925,0.005716944,0.008475614,5.254883,0.10528006,2.0,2.0,1.0,2.0,Mar,Returning_Visitor,True,True
-0.0,-31.46285,2.0,13.649406,126.0,3649.6594,0.015270198,0.03118061,2.6396942,0.15727887,2.0,2.0,3.0,3.0,May,Returning_Visitor,False,False
-0.0,-1.1656395,0.0,13.6996155,32.0,1981.1924,0.021757415,0.062368944,0.32486358,-0.0008555557,2.0,2.0,5.0,2.0,Nov,Returning_Visitor,False,False
0.0,7.5635247,0.0,13.546265,50.0,1207.7219,0.012094371,0.026621211,1.5300442,-0.0017338413,2.0,2.0,1.0,2.0,Nov,Returning_Visitor,False,False
1.0,152.38089,0.0,-9.892107,21.0,656.6259,0.0036480706,0.006594342,-2.3829195,0.0036827307,3.0,2.0,3.0,4.0,Mar,Returning_Visitor,False,False
0.0,6.123141,0.0,-9.318182,4.0,47.407803,0.00033842036,0.036568247,1.1457077,-0.0050314236,2.0,3.0,1.0,2.0,Dec,New_Visitor,False,False
4.0,362.47806,0.0,-2.8534791,28.0,640.4996,0.080193296,0.08352341,-0.73936635,0.16533239,2.0,2.0,2.0,4.0,May,Returning_Visitor,False,False
3.0,82.55211,0.0,9.639671,43.0,1308.309,0.0012483877,0.00045805122,18.203362,0.021138562,2.0,2.0,7.0,4.0,Jul,New_Visitor,False,True
2.0,38.45565,-0.0,-7.6849875,34.0,1473.2102,0.0054716673,0.01504008,61.655018,-0.008968728,2.0,4.0,6.0,1.0,Mar,Returning_Visitor,False,True
1.0,-0.38037646,0.0,89.72977,83.0,2655.81,-0.000351753,0.0061288895,0.7683441,0.24527839,2.0,2.0,1.0,4.0,May,Returning_Visitor,False,False
-0.0,16.61004,0.0,-5.0388846,16.0,1421.5521,0.029261537,0.040807404,1.1626049,0.0045031104,2.0,2.0,3.0,2.0,May,Returning_Visitor,False,False
0.0,-2.4260993,-0.0,-4.8795905,9.0,184.84982,0.04620415,0.08250513,0.9565641,-0.001791926,2.0,2.0,2.0,2.0,Mar,Returning_Visitor,False,False
6.0,227.37593,0.0,5.904612,38.0,627.3054,0.013188618,0.025682077,-1.0995497,0.0006303024,2.0,2.0,7.0,2.0,Oct,Returning_Visitor,False,False
2.0,155.68651,0.0,-3.3182428,43.0,2181.4019,0.018999923,0.032266166,-0.26511988,0.0050298255,2.0,8.0,9.0,1.0,Mar,Returning_Visitor,False,False
-1.0,-44.203625,-0.0,-16.871313,18.0,142.68723,0.0109432805,0.025165725,13.596613,-0.0013050566,6.0,9.0,9.0,18.0,Nov,Returning_Visitor,True,True
5.0,63.20451,0.0,30.003366,72.0,1215.8676,0.004636744,-0.00043425267,125.74982,0.003373878,4.0,1.0,1.0,2.0,Nov,Returning_Visitor,False,True
0.0,-6.042043,-0.0,2.724272,9.0,386.07516,0.012071416,0.037052374,-0.9533475,-0.005898962,2.0,2.0,1.0,2.0,Mar,Returning_Visitor,False,False
-1.0,9.10087,0.0,-4.745176,19.0,805.2521,9.841296e-05,0.015461563,5.5914397,-0.023804696,2.0,2.0,8.0,1.0,Mar,New_Visitor,False,True
-1.0,-16.962187,1.0,174.79874,39.0,714.9204,0.020814978,0.03160091,-0.37108168,0.45375532,2.0,2.0,3.0,2.0,Feb,Returning_Visitor,False,False
2.0,1.2398247,0.0,-6.1286864,55.0,2470.9668,0.06433428,0.095739044,-0.8038042,0.10981079,4.0,1.0,7.0,2.0,Jul,Returning_Visitor,False,False
-0.0,2.1674066,-0.0,-3.5108812,7.0,-4.18778,0.0050004777,0.054199904,-0.3857549,-0.0077998657,2.0,2.0,2.0,3.0,Nov,Returning_Visitor,False,False
2.0,8.182383,-0.0,-0.010427133,69.0,1582.3398,0.0018511378,0.0023793362,36.502605,0.01765967,2.0,2.0,1.0,4.0,Nov,Returning_Visitor,True,True
0.0,-11.27297,-0.0,0.5081123,12.0,733.94147,0.0005917923,0.02191613,0.41458288,0.013167208,2.0,2.0,1.0,4.0,Dec,Returning_Visitor,False,False
0.0,0.29059064,-0.0,-6.2404494,35.0,1142.3425,0.003793899,0.020422053,0.15353362,0.008914856,3.0,3.0,1.0,3.0,Dec,Returning_Visitor,False,False
1.0,54.945396,0.0,8.808014,34.0,3300.6475,-0.0055826567,0.006508273,34.553345,0.011080464,3.0,2.0,7.0,4.0,Dec,Returning_Visitor,False,True
-0.0,-1.3823754,0.0,-8.478704,79.0,2268.5132,0.004659405,0.0090374695,7.5470414,-0.018283384,2.0,3.0,1.0,2.0,Jul,Returning_Visitor,True,False
0.0,6.0620522,0.0,-10.422262,8.0,408.10867,0.001499096,0.009170015,-1.1446875,0.03844644,2.0,2.0,2.0,3.0,Aug,New_Visitor,False,False
5.0,231.67105,1.0,32.988216,33.0,405.1249,-0.00032271622,0.021555154,0.1749417,-0.02033146,2.0,7.0,6.0,5.0,May,Returning_Visitor,True,False
1.0,36.75583,0.0,12.727997,16.0,782.91064,-0.0023820307,0.007300307,0.34798017,0.007417815,2.0,4.0,1.0,2.0,Mar,Returning_Visitor,True,False
2.0,69.29427,-0.0,-12.780252,15.0,144.58188,0.015617885,0.044792634,-1.1563224,-0.008838156,3.0,3.0,8.0,1.0,Mar,Returning_Visitor,False,False
0.0,16.486261,0.0,8.404087,-5.0,551.8199,0.21626043,0.24834765,1.0535756,0.65581864,2.0,2.0,3.0,4.0,May,Returning_Visitor,False,False
2.0,73.0472,-0.0,-20.13397,234.0,12379.111,0.009774645,0.032931402,3.9363167,0.018331429,2.0,2.0,4.0,4.0,Nov,Returning_Visitor,False,False
-1.0,7.35097,1.0,25.619892,2.0,179.13736,0.007657145,0.034009043,-0.118871525,-0.002156118,3.0,2.0,1.0,2.0,Mar,Returning_Visitor,False,False
-0.0,11.436991,0.0,-4.5840697,21.0,588.2384,0.014253429,0.04312757,0.43268743,-0.0015872511,0.0,0.0,1.0,2.0,Nov,Returning_Visitor,False,False
0.0,6.02183,-0.0,5.4984,12.0,722.6025,0.00109474,0.014052865,-0.89908916,0.0030213762,2.0,2.0,2.0,3.0,Aug,Returning_Visitor,False,False
1.0,5.139178,1.0,-5.241346,20.0,287.9534,0.09591625,0.11484069,-2.1295092,0.033689756,4.0,2.0,1.0,8.0,Sep,Returning_Visitor,False,False
0.0,-2.2515235,0.0,-12.025713,17.0,836.3381,-0.0019494666,0.019776622,4.4388304,0.013177486,1.0,2.0,6.0,5.0,Nov,New_Visitor,False,True
0.0,-6.066198,0.0,9.200127,1.0,96.4598,-0.0007720961,0.035207786,0.67227906,-0.010701286,2.0,2.0,7.0,9.0,June,Returning_Visitor,True,False
0.0,7.7221932,-0.0,-6.121942,36.0,1762.3063,0.019656954,0.033732004,-1.4632505,-0.015772859,1.0,1.0,3.0,14.0,Oct,Returning_Visitor,False,False
-0.0,-1.5572411,0.0,-8.248396,5.0,-24.32401,0.059244778,0.14215478,-0.6268795,0.0043325517,2.0,2.0,5.0,2.0,Mar,Returning_Visitor,False,False
3.0,314.77652,-0.0,-10.049784,40.0,693.7033,-0.0044202767,0.00058716605,-0.36822066,-0.010873588,3.0,2.0,7.0,2.0,Oct,New_Visitor,False,False
1.0,17.414621,0.0,-14.990053,13.0,634.4236,-0.001584785,0.021927217,0.4310147,0.181374,2.0,2.0,5.0,6.0,May,New_Visitor,False,False
0.0,5.9230065,0.0,5.502812,16.0,562.73285,0.007819241,0.028490387,-0.8054741,-0.0037730504,2.0,2.0,1.0,5.0,May,Returning_Visitor,False,False
0.0,7.504786,0.0,6.9525876,-2.0,100.9858,0.17238507,0.21210201,2.3814564,0.9061294,2.0,3.0,4.0,4.0,May,Returning_Visitor,True,False
-0.0,3.743815,0.0,-0.78753054,5.0,70.71688,0.22003515,0.22390531,0.23439662,0.0060320105,2.0,2.0,4.0,5.0,Nov,Returning_Visitor,True,False
2.0,19.102785,0.0,2.345877,20.0,231.08469,0.05035797,0.083640836,-0.26187548,0.633902,2.0,2.0,4.0,2.0,May,Returning_Visitor,True,False
6.0,325.04904,-0.0,-19.9824,29.0,843.8825,0.008511735,0.023642818,10.404757,-0.003053898,2.0,2.0,7.0,2.0,Mar,Returning_Visitor,False,False
1.0,-1.0860192,0.0,-8.719782,6.0,-275.7664,0.0043318477,0.039196566,1.6139032,-0.013321513,3.0,2.0,4.0,2.0,Mar,New_Visitor,True,False
4.0,73.44067,-0.0,-1.1398636,27.0,1240.4312,-0.00084853533,0.016349379,2.1129377,0.40485066,2.0,2.0,4.0,3.0,May,Returning_Visitor,False,False
6.0,126.12344,-0.0,-25.23482,24.0,441.6229,-0.00081816677,0.023061927,52.143597,-0.0028938595,2.0,1.0,1.0,8.0,Oct,Returning_Visitor,True,True
-0.0,-14.066275,0.0,4.7578225,2.0,294.3663,0.0065415436,0.032426815,31.61685,-0.006112041,2.0,2.0,3.0,2.0,May,Returning_Visitor,True,False
1.0,15.527941,0.0,-9.737036,22.0,1452.8011,0.03570035,0.080072194,-0.12100394,-0.0013511422,2.0,3.0,2.0,3.0,May,Returning_Visitor,False,False
0.0,41.292927,0.0,18.224224,23.0,1901.3263,0.00031793126,0.01666468,81.453575,-0.02560843,2.0,2.0,7.0,1.0,Nov,Returning_Visitor,True,True
0.0,-45.936314,5.0,464.79,16.0,901.3419,0.023937289,0.045860667,5.692321,0.5836594,2.0,2.0,6.0,1.0,May,Returning_Visitor,False,False
1.0,15.888002,0.0,2.8501437,18.0,377.32266,0.023986578,0.06477299,0.39145103,-0.008432055,2.0,1.0,2.0,4.0,May,Returning_Visitor,False,False
2.0,53.038277,0.0,1.4020714,14.0,127.31466,-0.0006004347,0.017745366,-0.74866134,0.016636563,2.0,2.0,1.0,2.0,Mar,Returning_Visitor,True,False
0.0,5.8931527,0.0,3.9675162,9.0,359.03702,0.0095081255,0.0323578,0.37207046,-0.00021047326,1.0,2.0,2.0,2.0,Dec,Returning_Visitor,False,False
3.0,46.25246,2.0,18.799673,82.0,2600.9875,0.008175963,0.025543889,5.628043,0.6716084,2.0,2.0,1.0,6.0,May,Returning_Visitor,True,False
1.0,18.694197,1.0,208.8916,65.0,2467.2954,0.002959516,0.014352097,1.5863072,-0.0042980406,2.0,2.0,5.0,3.0,Nov,Returning_Visitor,False,False
0.0,5.7922387,-0.0,2.0838416,13.0,196.92178,-0.00582736,0.052838407,-0.17747815,-0.000937866,2.0,2.0,6.0,14.0,Nov,Returning_Visitor,False,False
1.0,42.459904,0.0,2.2666209,39.0,2009.5127,0.006092339,0.015779031,-0.6622079,-0.0022208784,1.0,1.0,8.0,2.0,Nov,Returning_Visitor,True,False
5.0,67.97112,5.0,455.26736,64.0,2013.108,-0.002739586,0.0062831463,10.663877,-0.026983084,2.0,2.0,3.0,6.0,Sep,Returning_Visitor,False,False
11.0,359.73218,0.0,-18.16342,13.0,670.68097,0.0035260133,0.010198583,2.1714306,0.0028557535,1.0,1.0,2.0,3.0,Sep,New_Visitor,False,False
0.0,2.4512887,-0.0,1.5572456,23.0,639.7581,-0.00021640946,0.011120559,-0.45131382,-0.0007729623,4.0,2.0,1.0,6.0,Nov,Returning_Visitor,False,False
1.0,51.83521,3.0,48.973007,25.0,-158.62979,0.013392461,0.032208387,3.6962955,-0.012568312,4.0,2.0,2.0,12.0,Mar,Returning_Visitor,False,False
0.0,-7.9190574,0.0,11.547539,2.0,138.47983,0.020372229,0.09296679,-1.2213181,0.013654323,3.0,2.0,7.0,3.0,Dec,New_Visitor,False,False
7.0,103.22098,3.0,67.57503,46.0,1273.9742,0.023363303,0.049026288,2.452603,0.014670024,3.0,2.0,2.0,2.0,Sep,Returning_Visitor,True,False
-0.0,6.570681,0.0,8.986567,8.0,620.3621,0.027266663,0.048702106,-0.84991246,0.014141111,5.0,4.0,4.0,2.0,Nov,Returning_Visitor,False,False
4.0,67.37567,0.0,10.929789,25.0,1402.8354,0.015475505,0.031113178,1.9644622,0.08713324,2.0,2.0,2.0,5.0,May,Returning_Visitor,False,False
2.0,192.67633,6.0,212.60278,222.0,11255.9375,0.014008985,0.03140569,-0.106748894,-0.012885803,3.0,2.0,2.0,3.0,Nov,Returning_Visitor,True,False
6.0,122.071754,-0.0,-8.847532,6.0,1114.376,-0.00068188075,0.0036919236,2.2874103,0.02536554,3.0,2.0,4.0,3.0,Mar,New_Visitor,False,False
-0.0,-10.593733,0.0,12.833471,3.0,-174.28543,0.14132708,0.14856857,2.5395977,0.6524009,5.0,2.0,1.0,7.0,May,Returning_Visitor,False,False
-1.0,-7.7832847,0.0,6.1955037,-4.0,-41.313023,0.19874384,0.2005074,1.9866768,-0.0063408483,0.0,1.0,2.0,3.0,Nov,Returning_Visitor,True,False
2.0,114.25044,0.0,7.216635,11.0,934.3798,0.009717371,0.021822155,63.655167,9.602501e-05,2.0,2.0,1.0,5.0,Dec,Returning_Visitor,False,True
0.0,9.412249,-0.0,-13.711443,13.0,7.7013803,0.06584938,0.09707289,-0.41942438,0.0046650674,3.0,2.0,2.0,2.0,Nov,Returning_Visitor,False,False
3.0,113.16467,0.0,-9.725431,16.0,296.92184,-4.1950392e-05,0.010248036,1.3843356,-0.0015884357,3.0,2.0,5.0,2.0,Mar,Returning_Visitor,False,False
1.0,29.768885,-0.0,23.077864,6.0,471.91574,0.025509696,0.07833761,0.9189231,0.5523086,2.0,2.0,10.0,1.0,Dec,Returning_Visitor,False,False
1.0,4.061526,0.0,-10.9451275,60.0,1477.0724,-0.0033254828,0.0010414689,28.121202,-0.0026437808,2.0,2.0,1.0,2.0,Nov,New_Visitor,False,True
-0.0,-6.7855887,0.0,5.4176908,6.0,52.08859,0.09343553,0.11376762,-1.4775795,-0.0067081098,1.0,1.0,1.0,6.0,Mar,Returning_Visitor,True,False
7.0,203.3864,0.0,-4.92748,42.0,1175.7449,0.006827181,0.011101098,-1.3115238,-0.013572859,1.0,2.0,4.0,3.0,May,Returning_Visitor,False,False
6.0,182.2039,0.0,4.037665,14.0,-18.166418,0.0074577713,0.020280112,-3.166591,0.010229023,2.0,2.0,1.0,5.0,Mar,New_Visitor,False,False
-0.0,-1.9221016,0.0,13.500845,59.0,6394.547,0.006349438,0.02372938,-3.0147078,0.42832118,3.0,2.0,1.0,6.0,May,Returning_Visitor,False,False
1.0,61.288685,7.0,400.73148,108.0,5229.856,-0.0046560057,0.0068350704,-0.85526687,-0.0117405895,1.0,4.0,3.0,7.0,Nov,Returning_Visitor,False,False
1.0,-11.994627,1.0,86.63173,7.0,258.15775,0.004948318,0.019618513,2.7813275,-0.017043049,1.0,2.0,5.0,2.0,May,Returning_Visitor,False,False
-0.0,12.908319,0.0,-3.0036447,6.0,636.07355,0.0054025,0.039935794,0.4208533,0.0043235514,2.0,2.0,1.0,2.0,Sep,Returning_Visitor,True,False
0.0,3.8960824,-0.0,-9.874231,35.0,2256.5305,0.0005646703,0.015047968,0.08114545,0.0011721012,2.0,2.0,3.0,4.0,Nov,Returning_Visitor,False,False
12.0,286.54028,-0.0,7.166283,45.0,991.7602,0.008335688,0.017586738,3.6651802,-0.019120933,2.0,2.0,4.0,3.0,May,Returning_Visitor,False,False
0.0,-5.7301764,0.0,3.206114,24.0,1056.7701,-0.00041382937,0.0475616,0.25490156,0.0059501473,2.0,2.0,6.0,1.0,Dec,Returning_Visitor,False,False
-0.0,-3.645925,-0.0,-1.6598717,18.0,463.77872,0.00012788932,0.018464299,0.23419301,0.7103896,2.0,2.0,3.0,4.0,May,Returning_Visitor,False,False
3.0,160.09357,0.0,-9.269091,5.0,48.58798,0.01036345,0.03673784,1.0539709,0.0006014463,2.0,2.0,4.0,1.0,Jul,Returning_Visitor,False,False
2.0,84.82094,0.0,1.9255317,34.0,164.39133,0.0030606613,-0.00072680716,0.27241817,0.022653414,2.0,2.0,5.0,3.0,Jul,Returning_Visitor,False,False
-0.0,-0.84959185,1.0,-9.121153,15.0,332.40463,0.012502889,0.059804287,1.1480724,0.49119464,2.0,2.0,3.0,2.0,Feb,Returning_Visitor,False,False
-0.0,11.14686,0.0,-0.5408379,7.0,74.192955,0.008517054,0.05248664,-2.4424489,0.046993997,2.0,10.0,2.0,2.0,May,Returning_Visitor,True,False
7.0,113.27115,0.0,14.6660385,71.0,1797.242,0.007917646,0.039204583,1.3634917,-0.013266334,1.0,2.0,1.0,3.0,Nov,Returning_Visitor,False,False
9.0,55.969284,3.0,120.89653,59.0,2565.2756,0.0040168986,0.028530458,-0.054886654,-0.0030683894,3.0,1.0,2.0,1.0,Mar,Returning_Visitor,False,False
0.0,-17.491034,-0.0,0.7858604,7.0,-10.8979845,0.028324554,0.06640727,0.061818764,0.013898706,1.0,1.0,3.0,2.0,Mar,Returning_Visitor,False,False
0.0,-3.9730964,-0.0,2.1762507,45.0,436.51242,0.0049517546,0.026189564,-0.5214227,0.007233603,3.0,2.0,1.0,4.0,Nov,Returning_Visitor,False,False
4.0,84.37764,0.0,27.117989,11.0,-168.57034,0.002223907,0.0064383904,-1.0343422,-0.00993594,2.0,2.0,1.0,3.0,Mar,New_Visitor,False,False
4.0,62.093884,0.0,55.481945,56.0,1233.4083,-0.003886981,0.0042145634,10.622886,0.008684928,2.0,2.0,3.0,6.0,Nov,Returning_Visitor,False,True
4.0,72.76178,0.0,3.9654315,144.0,5697.6177,0.0012418554,0.0019590377,1.5052348,0.0021479484,3.0,3.0,6.0,1.0,Mar,Returning_Visitor,False,False
0.0,-11.819441,0.0,-8.583479,13.0,237.50424,0.003491275,0.019993087,2.1522512,0.009481149,1.0,1.0,2.0,2.0,May,Returning_Visitor,False,False
1.0,37.65911,-0.0,2.4323332,7.0,43.538662,0.17507231,0.17396992,-0.3279489,0.0074220765,1.0,1.0,1.0,3.0,Mar,Returning_Visitor,False,False
0.0,-12.09516,0.0,17.131561,7.0,600.51624,0.022797747,0.040121038,0.45076242,0.002563199,1.0,1.0,1.0,11.0,Nov,Returning_Visitor,False,False
-0.0,14.297258,-0.0,15.727743,11.0,414.71805,0.0047264546,0.035258517,0.25416818,-0.0027580056,2.0,2.0,2.0,0.0,Nov,Returning_Visitor,False,True
4.0,359.941,5.0,175.27608,65.0,6810.725,0.0014516265,0.006144163,4.820851,-0.007136205,3.0,2.0,3.0,1.0,Nov,Returning_Visitor,False,True
-0.0,15.122377,4.0,76.92638,25.0,554.2831,0.0062642917,0.030061785,-1.230277,0.016226327,2.0,3.0,2.0,2.0,Jul,Returning_Visitor,True,False
3.0,56.695896,0.0,19.820127,46.0,1071.526,0.006098478,0.016949233,46.812668,0.0012316351,2.0,3.0,3.0,2.0,Sep,Returning_Visitor,True,True
-0.0,6.105868,-0.0,5.158917,17.0,539.6146,0.003121201,0.043019686,-0.4956554,0.011037083,2.0,2.0,5.0,2.0,Dec,Returning_Visitor,False,False
-1.0,-2.461164,1.0,17.14155,15.0,553.0693,-0.0046374407,0.025143702,0.027803585,-0.009605119,3.0,1.0,8.0,3.0,May,Returning_Visitor,False,False
-0.0,15.494417,0.0,9.081421,2.0,-14.530553,0.0658737,0.09211685,1.7865278,0.005565455,3.0,2.0,5.0,13.0,Nov,Returning_Visitor,False,False
1.0,41.536366,-0.0,1.1565307,59.0,1031.137,0.0036641005,0.020716673,1.1146919,-0.0026358087,2.0,3.0,1.0,3.0,Nov,Returning_Visitor,False,False
7.0,130.34807,0.0,8.104839,42.0,330.36862,0.006015487,0.009031755,32.04071,-0.0025343616,2.0,2.0,1.0,3.0,May,New_Visitor,False,False
-0.0,8.163477,-0.0,-4.0072265,28.0,483.99203,0.013193883,0.032932736,-1.1498874,0.48682535,2.0,10.0,2.0,6.0,May,Returning_Visitor,True,False
3.0,128.80272,0.0,10.014582,0.0,326.67014,-0.0064418726,0.0024175204,-2.922867,0.011932237,1.0,5.0,1.0,3.0,Mar,New_Visitor,False,False
-0.0,-7.514745,1.0,-5.405046,9.0,430.92154,0.009392802,0.04215747,-0.18342145,0.0077308696,2.0,2.0,1.0,2.0,May,Returning_Visitor,False,False
16.0,316.13025,0.0,-41.44901,213.0,5208.6206,0.0018438717,0.020105263,4.7685184,-0.0035084058,3.0,2.0,1.0,3.0,Nov,Returning_Visitor,False,True
1.0,240.6089,-0.0,-0.32177892,16.0,305.78342,0.015246553,0.026554879,-0.951371,0.29060602,2.0,2.0,4.0,3.0,May,Returning_Visitor,False,False
-0.0,-13.000532,-0.0,-3.8118608,7.0,574.08026,0.002589956,0.05223345,0.412285,0.0050992537,2.0,2.0,1.0,2.0,Nov,Returning_Visitor,False,False
-0.0,11.606577,-0.0,12.296883,15.0,687.28546,0.014817287,0.034904186,0.30449453,-0.0058006216,3.0,2.0,3.0,2.0,May,Returning_Visitor,False,False
6.0,122.660576,0.0,9.332617,29.0,511.72537,0.0031268373,0.012662097,2.4909358,-0.011697734,2.0,5.0,7.0,3.0,May,Returning_Visitor,False,False
0.0,-7.9104056,-0.0,8.808485,1.0,55.05929,0.14847423,0.1833192,1.2057263,0.004879972,1.0,1.0,3.0,3.0,Nov,Returning_Visitor,False,False
0.0,3.387339,-0.0,1.9029564,10.0,1052.7953,0.028086942,0.057398826,6.2056627,0.02098577,3.0,2.0,8.0,15.0,Nov,Returning_Visitor,False,False
0.0,-19.505682,0.0,6.0616803,9.0,297.36484,0.01896991,0.048812337,6.8616424,-0.0013760867,2.0,3.0,3.0,1.0,Mar,Returning_Visitor,False,True
0.0,42.810547,-0.0,11.80496,21.0,409.65842,0.0068162717,0.010664293,181.88535,-0.022180514,1.0,2.0,2.0,3.0,Dec,Returning_Visitor,False,True
-1.0,13.465067,-0.0,-14.00754,6.0,225.4559,0.009380855,0.106804505,-3.2056572,0.008568132,2.0,2.0,9.0,18.0,June,Returning_Visitor,False,False
1.0,13.831476,-0.0,-11.734373,8.0,320.95535,0.0024235044,0.029807296,1.4521896,0.0065581445,3.0,2.0,5.0,2.0,Mar,New_Visitor,False,False
-1.0,-20.009222,-0.0,-5.136293,14.0,487.16733,0.00265784,0.0124415895,1.2378494,0.00021806179,2.0,5.0,5.0,1.0,Mar,Returning_Visitor,False,False
3.0,42.0404,0.0,57.30345,17.0,735.82654,0.0016628803,0.009939586,4.26176,-0.0029658098,3.0,2.0,4.0,2.0,Mar,Returning_Visitor,False,False
0.0,9.522249,0.0,0.2628387,17.0,729.9215,0.017165981,0.0392455,8.473183,-0.007562602,2.0,3.0,1.0,2.0,May,Returning_Visitor,False,False
3.0,77.97958,1.0,-0.18332066,23.0,405.8513,0.0029585622,0.011994389,13.242025,-0.013868758,2.0,2.0,1.0,2.0,Oct,Returning_Visitor,False,False
1.0,29.05337,1.0,21.495079,11.0,787.80835,-0.0068396125,0.008735207,1.7885791,0.005415218,2.0,2.0,6.0,1.0,May,Returning_Visitor,False,False
2.0,61.638466,0.0,-3.491987,13.0,332.93967,0.011045882,0.029407902,64.90575,0.45235094,2.0,4.0,1.0,1.0,May,Returning_Visitor,True,False
7.0,76.2959,4.0,164.95525,48.0,1718.7689,0.007904959,0.023441507,13.189137,-0.010046864,2.0,2.0,8.0,0.0,Dec,Returning_Visitor,False,True
1.0,18.806536,-0.0,16.787952,14.0,98.84542,0.0062599927,0.029884132,-0.81123143,0.07870838,4.0,2.0,3.0,19.0,Dec,Returning_Visitor,False,False
0.0,13.807871,0.0,-2.204748,49.0,1826.6412,0.011655706,0.022297768,-0.037645653,-0.0032038707,1.0,1.0,4.0,2.0,Nov,Returning_Visitor,False,False
1.0,-1.3532006,0.0,10.313713,24.0,637.2149,0.008848894,0.024001872,10.368971,-0.0009182188,2.0,3.0,1.0,4.0,Nov,Returning_Visitor,False,True
0.0,9.713388,0.0,-7.787374,9.0,410.3926,0.0060386555,0.0359165,1.131373,-0.002602512,3.0,2.0,3.0,1.0,Dec,Returning_Visitor,False,False
2.0,67.40168,0.0,-1.5090462,12.0,476.95895,0.0044197887,0.020579033,0.55750483,0.051094532,2.0,2.0,3.0,2.0,Dec,Returning_Visitor,False,False
5.0,130.90521,1.0,29.883589,151.0,5987.76,0.008366806,0.023159834,18.112059,0.006690951,2.0,2.0,0.0,0.0,Dec,Returning_Visitor,False,False
0.0,11.534601,0.0,-3.3435724,11.0,517.902,0.00857448,0.039446898,-0.2879108,-0.0057419557,2.0,2.0,5.0,3.0,May,Returning_Visitor,False,False
-0.0,44.32725,-0.0,1.3662704,8.0,294.58243,0.25522855,0.23533763,2.9476225,-0.03257314,4.0,2.0,1.0,10.0,Oct,Returning_Visitor,True,False
10.0,454.09802,2.0,88.28145,20.0,611.96655,0.0149127245,0.034114152,16.730509,0.0089842845,1.0,1.0,4.0,2.0,Mar,Returning_Visitor,False,True
6.0,95.41826,-0.0,-5.414865,18.0,1701.8157,0.008770862,0.042055152,-0.6880682,0.011308366,1.0,1.0,3.0,4.0,Nov,Returning_Visitor,False,False
0.0,-1.3167626,0.0,-13.554556,6.0,71.553185,0.024127476,0.06913727,2.096085,-0.013137573,2.0,3.0,2.0,10.0,May,Returning_Visitor,False,False
1.0,19.890543,0.0,8.343302,10.0,33.771816,0.023911817,0.046295114,-0.51279336,0.004386587,2.0,2.0,1.0,2.0,May,Returning_Visitor,True,False
5.0,163.01698,7.0,1286.1091,25.0,909.93726,0.008859098,0.03596172,8.167147,0.0076759774,2.0,1.0,1.0,3.0,Nov,Returning_Visitor,False,False
3.0,96.680046,0.0,-6.167688,14.0,2132.622,0.01633596,0.028253073,1.2366616,-0.001027001,2.0,2.0,4.0,2.0,Mar,Returning_Visitor,False,False
4.0,53.82556,0.0,-0.67260516,27.0,648.508,0.0015665406,0.0037456125,0.7074334,0.007768577,2.0,2.0,3.0,4.0,Nov,New_Visitor,False,False
0.0,-3.1070075,-0.0,-3.4946764,9.0,739.35504,0.009516439,0.04391985,11.725311,-0.02625789,2.0,6.0,2.0,1.0,May,Returning_Visitor,False,False
0.0,7.0467935,0.0,18.427135,21.0,551.64044,-0.00033384367,0.032990605,6.1476307,-0.013947861,2.0,2.0,3.0,10.0,May,Returning_Visitor,False,False
8.0,129.07756,2.0,403.10837,61.0,771.32623,-0.0034497846,0.009688173,-2.0307758,-0.004630657,1.0,2.0,3.0,1.0,Mar,Returning_Visitor,False,False
3.0,29.910154,0.0,-9.659616,43.0,1363.3116,-0.000111918795,0.009947182,0.5150396,0.018761432,1.0,5.0,4.0,2.0,Feb,Returning_Visitor,False,False
4.0,64.214645,0.0,-5.0123687,6.0,307.94254,0.020281652,0.07623168,-0.6241062,-0.006457912,2.0,2.0,2.0,2.0,Mar,Returning_Visitor,False,False
0.0,-0.3932091,0.0,-3.4424226,2.0,-88.9882,0.07695598,0.12466439,-0.33919558,0.23791568,3.0,2.0,1.0,5.0,Mar,Returning_Visitor,False,False
2.0,-15.881453,1.0,7.6328683,141.0,3636.001,0.0006654711,0.0121671455,3.8750136,0.4801713,2.0,3.0,1.0,4.0,May,Returning_Visitor,False,False
1.0,32.78671,-0.0,-19.173418,32.0,1358.1538,0.006470968,0.04186821,15.795974,-0.012197355,2.0,2.0,5.0,10.0,Nov,Returning_Visitor,True,True
-0.0,-15.34934,-0.0,-3.6740587,20.0,1681.828,-0.0026787333,0.02316739,-0.57431537,0.014300419,2.0,5.0,1.0,4.0,Nov,Returning_Visitor,False,False
1.0,39.22638,-0.0,-10.321451,9.0,1505.6284,-0.0037807524,0.013545145,0.49515978,0.0032834318,2.0,2.0,6.0,3.0,May,Returning_Visitor,False,False
4.0,49.118572,-0.0,-24.221743,25.0,555.04205,0.004383227,0.018649682,51.9577,0.004873542,2.0,5.0,4.0,8.0,May,Returning_Visitor,True,True
2.0,26.366602,0.0,0.40511546,46.0,70.57809,0.0032137018,0.011730357,0.77447766,-0.0036567692,3.0,2.0,4.0,3.0,June,Returning_Visitor,False,False
0.0,5.1373696,0.0,4.6164823,8.0,75.60323,0.11240318,0.13108665,-1.2745193,0.005768141,3.0,2.0,6.0,2.0,Mar,Returning_Visitor,False,False
2.0,-3.5703864,1.0,34.623447,67.0,1462.2227,0.0025352351,0.009695006,-0.26335177,0.04253139,2.0,3.0,1.0,4.0,Jul,Returning_Visitor,False,False
-0.0,1.6286873,-0.0,-2.7140405,6.0,785.7693,-0.00023183961,0.028057542,-0.048896626,0.007185092,2.0,2.0,1.0,3.0,Feb,Returning_Visitor,False,False
-0.0,13.6319065,-0.0,-4.083135,12.0,525.32605,0.03886585,0.05972216,4.442005,-0.014344411,2.0,5.0,11.0,2.0,Dec,Returning_Visitor,False,False
0.0,0.120951064,-0.0,4.0316663,9.0,245.22165,-0.001322722,0.008949702,0.7227656,0.008567503,1.0,2.0,2.0,6.0,May,Returning_Visitor,False,False
1.0,-1.736013,-0.0,11.348438,39.0,524.6193,-0.0017067975,0.005788182,0.6385481,0.07001318,2.0,2.0,1.0,12.0,May,Returning_Visitor,False,False
0.0,-5.926412,1.0,14.125727,23.0,712.8276,0.0015758519,0.011821964,-0.2403887,0.0031378996,3.0,2.0,2.0,3.0,Aug,New_Visitor,False,False
-0.0,37.71882,0.0,-9.467371,95.0,6027.7266,0.016895045,0.03281254,-1.1269854,0.015173847,2.0,2.0,7.0,2.0,Nov,Returning_Visitor,True,False
0.0,-5.680822,0.0,0.6107925,12.0,309.6199,0.025578804,0.057953436,0.61471814,-0.007984119,2.0,2.0,2.0,2.0,Feb,Returning_Visitor,False,False
1.0,12.297579,0.0,0.6923126,6.0,-260.59012,-0.00030284552,0.012201936,0.6286914,0.0067481603,1.0,1.0,1.0,2.0,Dec,New_Visitor,False,False
2.0,65.813,-0.0,-3.813524,13.0,326.4894,0.00412786,0.018351065,-1.5790404,0.0033481102,2.0,2.0,2.0,2.0,Mar,Returning_Visitor,False,False
1.0,45.57676,-0.0,-13.351889,3.0,376.92032,0.024709819,0.04812883,10.808985,0.009659996,3.0,2.0,1.0,3.0,Nov,Returning_Visitor,False,True
1.0,15.283632,7.0,125.16753,70.0,6121.04,0.0059556887,0.023863452,8.031462,0.007971292,2.0,2.0,6.0,1.0,June,Returning_Visitor,False,False
1.0,83.09095,-0.0,-11.925966,33.0,911.6493,0.018355248,0.031245409,1.0345174,0.0050017964,1.0,1.0,6.0,5.0,Nov,Returning_Visitor,False,False
6.0,105.53588,-0.0,29.658398,9.0,-158.10623,0.12481439,0.11483961,2.9429488,-0.012992742,3.0,2.0,7.0,13.0,May,Returning_Visitor,False,False
1.0,7.1329675,0.0,0.08108364,4.0,288.65427,0.0040492024,0.07487674,0.76704425,0.011405738,2.0,2.0,4.0,5.0,Mar,Returning_Visitor,False,False
9.0,177.95923,4.0,61.392418,53.0,1825.31,0.0041810833,0.020863725,0.39759174,0.009098234,2.0,2.0,6.0,2.0,Nov,Returning_Visitor,True,False
1.0,4.5874352,0.0,10.270723,10.0,413.6035,0.024489576,0.0859351,0.70011777,-0.0028211195,2.0,2.0,2.0,2.0,Mar,Returning_Visitor,False,False
0.0,-9.258093,-0.0,-6.2456145,12.0,611.9927,0.00682295,0.04511324,-0.039101914,0.010552222,2.0,2.0,4.0,17.0,Aug,Returning_Visitor,False,False
0.0,5.359896,0.0,-1.4563347,42.0,2242.5693,0.0059275404,0.01976989,-1.4133557,-0.0066081006,2.0,2.0,1.0,3.0,Nov,Returning_Visitor,False,False
0.0,-7.0194144,-0.0,-10.662268,46.0,2190.0784,0.0038309917,0.020936644,0.7553999,-0.0149408,2.0,3.0,3.0,1.0,Mar,Returning_Visitor,True,False
-0.0,-7.0701804,-0.0,18.303375,0.0,6.797816,0.15320705,0.15689489,0.9854447,0.00437898,3.0,2.0,2.0,4.0,Dec,Returning_Visitor,False,False
1.0,8.093538,3.0,100.59876,61.0,3730.0654,0.0022953749,0.016891064,4.651845,-0.004559772,2.0,2.0,1.0,2.0,Nov,Returning_Visitor,False,True
3.0,101.619705,0.0,5.7129083,17.0,1083.2625,-0.0013801119,0.017136984,1.0081908,-0.009479636,2.0,4.0,1.0,1.0,Dec,New_Visitor,False,False
1.0,23.962461,1.0,-17.7974,7.0,1061.3331,0.00088144664,0.033197246,22.679281,0.0018048232,2.0,2.0,2.0,3.0,Nov,Returning_Visitor,False,True
2.0,25.711794,1.0,394.45538,28.0,992.29236,-0.007875612,0.001556915,0.8562519,-0.010230849,3.0,4.0,1.0,3.0,Oct,Returning_Visitor,True,False
-0.0,13.485857,0.0,8.57851,9.0,612.1668,0.027310431,0.09692828,0.38623586,0.0035560373,2.0,4.0,2.0,1.0,Mar,Returning_Visitor,False,False
8.0,79.01482,0.0,52.445694,41.0,1164.8253,0.0064077256,0.016299907,-1.0148152,0.89083314,2.0,9.0,6.0,5.0,May,Returning_Visitor,True,False
2.0,49.176704,-0.0,2.477255,19.0,742.60626,0.011712526,0.030864188,1.1996399,-0.022327209,1.0,4.0,3.0,4.0,May,Returning_Visitor,False,False
0.0,9.072756,1.0,55.579063,15.0,478.814,0.015780684,0.03121745,0.63062304,0.33561388,2.0,4.0,1.0,1.0,May,Returning_Visitor,True,False
1.0,26.503595,-0.0,-16.009893,15.0,95.15621,0.003057083,0.02772455,36.205273,-0.016507218,2.0,2.0,7.0,4.0,May,Returning_Visitor,True,False
1.0,-3.4223304,-0.0,-0.49073568,7.0,254.02896,0.016901938,0.04745898,-0.07042964,0.008900275,2.0,2.0,5.0,2.0,May,Returning_Visitor,False,False
1.0,41.951397,-0.0,5.463227,21.0,499.13504,0.040572118,0.07620292,7.6789722,-0.00013550924,4.0,5.0,8.0,32.0,Dec,Returning_Visitor,False,False
1.0,34.52819,1.0,26.314539,119.0,4099.5654,0.0017934685,0.014498073,12.478032,0.0845187,2.0,2.0,1.0,1.0,Nov,Returning_Visitor,False,True
0.0,-5.0867896,0.0,-3.9480608,7.0,403.88895,0.042786364,0.076700814,1.2968174,0.099288635,2.0,3.0,1.0,2.0,May,Returning_Visitor,False,False
3.0,124.00005,1.0,23.656769,28.0,2766.6938,0.009336901,0.02109313,109.272575,0.0037461463,2.0,2.0,2.0,2.0,Nov,Returning_Visitor,False,True
0.0,26.53625,0.0,6.281031,8.0,235.24033,0.0027685575,0.027326474,3.943037,-0.0033956934,2.0,2.0,6.0,2.0,Mar,Returning_Visitor,True,False
1.0,64.25133,2.0,154.8695,10.0,510.91562,-0.0033477042,0.014376293,2.2917352,-0.00047655957,2.0,2.0,1.0,2.0,May,Returning_Visitor,False,False
2.0,29.19987,-0.0,-3.380781,17.0,211.63876,0.015654882,0.038294554,0.320511,-0.013979817,3.0,2.0,2.0,4.0,Sep,Returning_Visitor,False,False
8.0,199.26425,0.0,34.64181,8.0,51.22555,-0.004851006,-0.006417039,-2.264126,0.007266255,2.0,3.0,6.0,4.0,Sep,New_Visitor,False,False
0.0,-1.2342659,0.0,80.22114,6.0,407.00418,-0.0017746835,0.01474611,22.09639,-0.018528925,0.0,0.0,1.0,2.0,Dec,Returning_Visitor,False,False
0.0,18.595007,-0.0,12.426739,33.0,1904.3562,0.0051753,0.028273705,6.38357,0.0037678573,2.0,2.0,8.0,2.0,Nov,Returning_Visitor,True,False
0.0,-10.5163555,0.0,5.827769,9.0,-4.1904655,0.03988682,0.072326265,-2.234608,0.003619263,2.0,3.0,1.0,2.0,Aug,Returning_Visitor,False,False
0.0,-0.6187035,0.0,-4.913057,8.0,747.93585,0.018313782,0.047392588,-2.3763688,-0.008475492,2.0,2.0,5.0,7.0,Dec,Returning_Visitor,False,False
9.0,526.21124,0.0,42.00973,23.0,722.5249,0.03342818,0.046980985,0.39927164,-0.026770303,2.0,3.0,2.0,1.0,Nov,Returning_Visitor,True,False
1.0,16.384188,0.0,-0.26096502,18.0,802.1696,0.025171574,0.056087606,0.20035236,-0.0063969735,2.0,2.0,1.0,4.0,May,Returning_Visitor,False,False
1.0,31.673956,0.0,15.887888,12.0,465.7988,0.021928025,0.05551989,1.5572954,-0.008986058,2.0,2.0,3.0,2.0,Aug,Returning_Visitor,False,False
8.0,174.2834,1.0,32.80716,71.0,2136.4805,0.0015873705,0.0060818354,2.1053965,-0.017267505,2.0,2.0,7.0,3.0,Nov,Returning_Visitor,False,False
0.0,-4.1986365,0.0,-1.0460945,-3.0,-25.989172,0.2564496,0.25441277,0.32981887,-0.004614385,3.0,2.0,2.0,2.0,May,Returning_Visitor,False,False
1.0,-0.411718,0.0,6.430575,7.0,122.40365,-0.0019913632,0.016779117,1.6915537,0.008716004,2.0,2.0,4.0,15.0,Oct,New_Visitor,False,True
11.0,135.06703,0.0,-2.0771348,119.0,3584.7307,0.0049883444,0.012125819,-0.44260773,0.0008939822,2.0,2.0,3.0,4.0,Jul,Returning_Visitor,False,False
2.0,24.713839,-0.0,-17.836123,53.0,951.8298,5.084845e-05,0.003596653,1.8548867,0.0071546678,2.0,4.0,6.0,2.0,Nov,Returning_Visitor,False,False
2.0,15.257143,-0.0,-11.982321,41.0,1082.9554,0.0020192917,0.02565282,-1.2303728,0.0066250656,2.0,2.0,2.0,4.0,Nov,Returning_Visitor,True,False
1.0,-4.6127524,1.0,109.12199,31.0,741.48553,0.0012425558,0.011287154,85.46283,0.014199609,2.0,11.0,2.0,4.0,Dec,Returning_Visitor,False,True
-0.0,10.161829,-0.0,-7.2355475,0.0,-80.66288,0.24205405,0.2377336,-0.036757782,0.046812423,2.0,1.0,7.0,2.0,Mar,Returning_Visitor,False,False
2.0,34.366302,0.0,3.3125021,19.0,712.8639,0.0004789383,0.004779146,-0.35457453,0.0037620272,2.0,2.0,4.0,3.0,May,New_Visitor,False,False
0.0,7.953303,0.0,-5.6746154,21.0,442.17374,0.022996346,0.048412,-0.5961345,-0.004597934,3.0,2.0,3.0,2.0,Dec,Returning_Visitor,False,False
0.0,29.164057,-0.0,-3.3932436,12.0,356.5081,0.00048576118,0.012527532,-1.0525006,-0.008390667,1.0,1.0,1.0,5.0,May,New_Visitor,True,False
1.0,143.88707,-0.0,-16.488184,40.0,2160.8076,-0.000809105,0.008820889,32.214428,0.020424942,2.0,9.0,1.0,1.0,Dec,Returning_Visitor,False,True
0.0,2.48424,0.0,5.2602506,19.0,583.44214,0.005048666,0.025529597,-1.8150643,-0.010022664,1.0,1.0,1.0,6.0,May,Returning_Visitor,False,False
4.0,129.61891,4.0,195.24821,45.0,1738.4508,0.05940821,0.07467428,2.1018994,0.3054463,3.0,3.0,1.0,4.0,Nov,Returning_Visitor,False,False
-0.0,-17.29714,-0.0,-6.0414786,8.0,140.4227,-0.0003810729,0.010907208,-1.5437359,0.007803237,2.0,2.0,9.0,11.0,Jul,Returning_Visitor,False,False
2.0,96.52546,0.0,3.0484889,35.0,1544.8003,0.025959622,0.054518204,4.6314363,-0.006022373,2.0,2.0,3.0,2.0,Nov,Returning_Visitor,False,False
2.0,43.844807,-0.0,-11.317556,61.0,789.0793,0.0001840518,0.0028322085,-0.06657918,-0.013299989,2.0,2.0,6.0,3.0,Nov,Returning_Visitor,False,False
0.0,-25.628538,0.0,11.948702,3.0,110.680016,0.018516175,0.05539465,1.4656588,-0.009265708,2.0,2.0,1.0,6.0,Mar,Returning_Visitor,True,False
3.0,18.160803,0.0,-6.5991035,8.0,-238.62332,6.0003353e-05,0.06514282,-1.9173373,0.010650562,2.0,2.0,9.0,2.0,Nov,Returning_Visitor,False,False
3.0,111.42141,0.0,10.061802,5.0,335.36203,-0.002132235,0.014710058,62.039825,0.007976113,3.0,2.0,1.0,12.0,Nov,Returning_Visitor,True,True
1.0,-44.646656,0.0,7.661225,110.0,3698.0037,-0.003034152,0.00802422,7.070838,-0.030433187,5.0,1.0,4.0,2.0,Oct,Returning_Visitor,True,True
-0.0,-8.680098,1.0,-17.602522,4.0,277.03226,-0.0063619185,0.014575687,46.653072,-0.02587005,1.0,8.0,7.0,4.0,Sep,Returning_Visitor,False,True
-0.0,31.215254,0.0,-3.6638849,19.0,646.4581,0.018195728,0.025548507,0.013576671,0.17796591,3.0,2.0,5.0,6.0,Mar,Returning_Visitor,True,False
-0.0,-0.6061226,-0.0,13.48657,8.0,463.57986,0.0058415234,0.012315179,-0.71155435,0.004507525,1.0,2.0,6.0,2.0,May,Returning_Visitor,False,False
-1.0,-0.3054787,0.0,-3.4261186,53.0,1371.2767,0.0070152357,0.03346726,0.33234945,0.005514426,3.0,2.0,1.0,2.0,May,Returning_Visitor,False,False
2.0,154.06209,3.0,164.58536,9.0,444.5035,0.018581703,0.041334793,2.5501385,0.009660618,2.0,2.0,2.0,3.0,May,Returning_Visitor,False,False
-0.0,4.7973275,4.0,230.01015,12.0,376.32285,0.0070154835,0.020815983,-0.94424564,-0.006346779,1.0,1.0,5.0,11.0,Dec,Returning_Visitor,False,False
-0.0,51.08251,0.0,30.001808,10.0,331.42477,0.017568773,0.027359238,-0.60107404,-0.009511078,3.0,2.0,5.0,2.0,Oct,Returning_Visitor,True,False
9.0,108.34149,6.0,497.73486,51.0,1376.3912,0.015397791,0.021526115,89.401115,0.072799884,1.0,4.0,1.0,2.0,May,Returning_Visitor,False,False
-0.0,-20.725508,-0.0,2.1903594,24.0,816.65137,0.005256988,0.02112675,2.6166852,-0.007408941,3.0,2.0,5.0,1.0,Dec,Returning_Visitor,False,False
0.0,38.94865,-0.0,18.980875,29.0,880.3526,0.0025433227,0.007641268,3.4793496,0.0033411551,3.0,2.0,2.0,2.0,Mar,New_Visitor,False,False
0.0,1.8251671,-0.0,4.20007,15.0,224.11526,0.07313067,0.10188473,-0.62651473,0.74105775,3.0,3.0,1.0,7.0,May,Returning_Visitor,False,False
0.0,2.6639886,0.0,6.794165,22.0,769.3736,0.0149499765,0.045087285,0.37239614,-0.0022548754,1.0,1.0,1.0,2.0,Dec,Returning_Visitor,False,False
-0.0,30.551382,2.0,106.09526,22.0,1431.5795,0.02156572,0.034744088,42.934986,-0.00031288894,2.0,2.0,6.0,1.0,May,Returning_Visitor,True,False
0.0,19.501913,1.0,18.91576,9.0,690.57446,6.9198277e-06,0.009062753,1.4094039,0.17841272,2.0,2.0,1.0,2.0,May,Returning_Visitor,False,False
2.0,55.093544,-0.0,12.289507,9.0,279.49142,-0.00829098,0.041644845,3.0068512,0.029272014,3.0,2.0,3.0,14.0,Nov,Returning_Visitor,False,False
12.0,741.4751,3.0,195.01936,34.0,1707.4786,-0.0005084089,-0.0015478947,-3.1908762,0.048196,4.0,2.0,3.0,7.0,Dec,New_Visitor,False,False
0.0,-2.0657172,0.0,-7.543813,3.0,28.280848,0.0064520305,0.04789312,0.5788166,0.0034784768,2.0,2.0,2.0,2.0,Dec,Returning_Visitor,False,False
1.0,11.866755,-0.0,-1.8565003,54.0,1975.2019,0.007237735,0.031103987,2.751708,-0.0042568687,2.0,2.0,2.0,1.0,Jul,Returning_Visitor,False,False
2.0,61.39705,0.0,-14.234411,15.0,733.6012,0.025780013,0.053061966,5.0149865,0.0076763313,2.0,2.0,3.0,1.0,Nov,Returning_Visitor,False,True
3.0,57.468018,0.0,21.43703,16.0,325.63907,0.008137465,0.026654644,-1.5323714,0.022669496,2.0,2.0,2.0,2.0,Sep,Returning_Visitor,True,True
0.0,22.015638,0.0,6.556811,7.0,505.50992,0.004433479,0.04795185,3.5694928,-0.0036122818,1.0,1.0,5.0,3.0,Nov,New_Visitor,False,False
-0.0,44.56225,0.0,-20.21786,12.0,249.01065,0.103806086,0.11685025,-0.32366118,-0.007476071,2.0,7.0,7.0,0.0,Nov,Returning_Visitor,False,False
3.0,315.60968,9.0,529.0162,184.0,9109.857,0.003598433,0.0060871216,5.2215333,-0.018812554,2.0,2.0,2.0,1.0,Nov,Returning_Visitor,False,True
1.0,-1.2864052,-0.0,6.662888,17.0,764.56964,0.0017723871,0.022760091,0.4685513,0.9524601,2.0,4.0,3.0,2.0,May,Returning_Visitor,False,False
5.0,115.01947,1.0,0.4415458,14.0,145.59665,0.007120372,0.013177236,7.093225,0.0108496975,2.0,2.0,1.0,2.0,Aug,New_Visitor,True,False
0.0,-6.207502,-0.0,1.7586693,34.0,786.90796,0.009544721,0.018693808,-0.54343253,0.00022787048,2.0,2.0,2.0,15.0,Dec,Returning_Visitor,False,False
4.0,90.95343,0.0,5.995423,6.0,211.96127,0.02271162,0.036321394,2.374396,-0.004373478,2.0,6.0,3.0,2.0,Dec,Returning_Visitor,False,False
1.0,8.885729,0.0,-16.235563,14.0,473.676,0.052431885,0.07334971,0.92354506,0.044219673,3.0,2.0,1.0,4.0,Jul,Returning_Visitor,False,True
0.0,-18.504911,0.0,-21.400923,22.0,683.0907,-0.004937483,0.0032576479,75.83167,-0.0010348837,3.0,2.0,2.0,12.0,Mar,New_Visitor,False,True
-0.0,0.4576515,0.0,24.989624,4.0,295.72025,0.098116495,0.13732155,-1.4845608,0.00023067935,1.0,1.0,5.0,3.0,Oct,Returning_Visitor,False,False
0.0,3.6466928,0.0,-8.348837,19.0,1646.2217,0.0034197513,0.024023695,0.37441316,-0.0039852355,3.0,2.0,1.0,4.0,Dec,New_Visitor,False,False
1.0,9.971758,0.0,-2.6322877,5.0,83.49239,0.016165594,0.04242234,0.39844766,-0.0030325893,1.0,1.0,2.0,3.0,May,Returning_Visitor,False,False
5.0,206.07686,2.0,137.51894,203.0,9559.38,0.0050203837,0.017140707,0.7372348,0.014650898,2.0,10.0,2.0,3.0,Sep,Returning_Visitor,False,False
-0.0,-10.597639,0.0,-15.582117,5.0,76.27218,0.026986893,0.06377354,1.8544906,0.011348946,2.0,3.0,2.0,2.0,Dec,Returning_Visitor,False,False
0.0,27.425245,0.0,-6.072206,11.0,816.15204,0.013378634,0.03538246,2.1699915,0.011306943,3.0,2.0,1.0,3.0,Nov,Returning_Visitor,False,False
1.0,45.02346,0.0,8.544001,4.0,626.997,0.004129503,0.027550949,2.306749,-0.007004695,2.0,2.0,9.0,3.0,Dec,Returning_Visitor,False,False
2.0,28.80137,0.0,6.650965,66.0,2150.7942,0.011183486,0.031614944,1.8646296,0.009840382,2.0,2.0,2.0,3.0,May,Returning_Visitor,False,False
5.0,123.850784,0.0,-6.48216,378.0,18556.201,0.009750429,0.025732765,-2.8115475,0.025631128,1.0,3.0,3.0,2.0,Nov,Returning_Visitor,False,False
6.0,196.83578,4.0,112.12193,167.0,4963.654,0.012113004,0.03147,3.2356653,0.044484336,2.0,1.0,2.0,1.0,Aug,Returning_Visitor,False,False
0.0,6.504763,0.0,2.8424246,10.0,251.35172,0.015172391,0.06376589,0.22879617,-0.0026525203,3.0,2.0,1.0,8.0,Nov,Returning_Visitor,False,False
7.0,393.68616,3.0,87.11137,87.0,1429.1064,0.0055582877,0.010432755,-1.4964818,-0.009123439,3.0,2.0,1.0,2.0,Mar,Returning_Visitor,False,False
-0.0,8.459436,-0.0,-8.339968,-1.0,12.255824,0.0034359656,0.05995945,1.6819831,0.63415414,1.0,1.0,4.0,4.0,May,New_Visitor,False,False
4.0,48.399902,-0.0,7.494477,51.0,1581.5653,0.013495727,0.026575387,-0.08980782,0.93448555,3.0,2.0,4.0,8.0,May,Returning_Visitor,False,False
3.0,14.55179,2.0,27.223747,125.0,5058.788,0.017376145,0.042049084,2.4808524,0.048865914,2.0,2.0,0.0,4.0,Jul,Returning_Visitor,True,False
-0.0,-22.286436,0.0,-4.3887115,62.0,1336.0863,-0.00090209756,0.012848425,1.352451,0.8167088,2.0,2.0,3.0,4.0,May,Returning_Visitor,True,False
1.0,28.260061,-0.0,-9.08869,9.0,445.541,0.006485408,0.039143246,-0.30596003,-0.0022034664,3.0,2.0,1.0,4.0,Nov,Returning_Visitor,True,False
3.0,16.979479,0.0,-14.084581,36.0,170.22006,0.006366249,0.010841933,0.5662052,0.013676176,3.0,2.0,4.0,2.0,May,Returning_Visitor,False,False
0.0,-8.31259,0.0,-12.278727,30.0,1298.0491,0.008277681,0.022230247,1.0853945,-0.0036585424,3.0,2.0,3.0,2.0,Dec,Returning_Visitor,False,False
0.0,20.770048,0.0,-21.278349,175.0,7140.7207,0.004328765,0.019542525,0.6201069,-0.018086234,2.0,2.0,1.0,4.0,Nov,Returning_Visitor,False,True
0.0,9.756426,-0.0,-1.036451,27.0,724.7458,0.0058267806,0.011464967,-0.23259337,0.0008747746,2.0,2.0,2.0,2.0,Nov,New_Visitor,False,False
1.0,214.0561,4.0,144.76,45.0,1394.1246,0.05332411,0.068520606,-1.5057133,0.018032359,2.0,8.0,10.0,14.0,Nov,Returning_Visitor,False,False
0.0,0.7965416,-0.0,-3.865568,17.0,1315.1887,0.0004602057,0.02368081,-0.35602364,0.46504423,1.0,2.0,2.0,3.0,May,Returning_Visitor,False,False
9.0,175.37923,1.0,80.4339,346.0,12805.4795,0.0062360717,0.025155075,-0.89993984,0.011305032,2.0,2.0,1.0,3.0,Nov,Returning_Visitor,False,True
6.0,273.23468,0.0,10.299118,74.0,2430.453,0.0034774132,0.012801898,3.6665432,0.0031740647,2.0,2.0,5.0,1.0,Nov,Returning_Visitor,False,False
1.0,9.384676,4.0,56.760017,51.0,1573.2928,0.01264545,0.028780146,2.65571,0.015791355,2.0,2.0,3.0,2.0,May,Returning_Visitor,False,False
-0.0,15.95009,0.0,-2.7683084,91.0,3291.4312,0.008171756,0.017976906,-2.4460557,-0.004915783,2.0,2.0,5.0,1.0,Mar,Returning_Visitor,True,False
7.0,110.28567,0.0,11.832222,54.0,4084.4111,-0.00015020919,0.001505275,2.1833484,-0.01341361,2.0,2.0,1.0,5.0,May,Returning_Visitor,False,False
2.0,96.22383,0.0,1.9424766,8.0,229.93759,0.013658597,0.032205373,1.5655476,-0.0011346879,3.0,2.0,1.0,4.0,Nov,Returning_Visitor,False,False
-0.0,-14.758871,-0.0,-4.249624,11.0,589.11017,0.091021806,0.10653464,1.0725285,0.04082954,1.0,2.0,1.0,1.0,May,Returning_Visitor,False,False
1.0,31.837244,1.0,34.744762,125.0,4085.3025,0.0026165657,0.0010695502,-1.3876961,-0.004207352,2.0,1.0,5.0,2.0,June,Returning_Visitor,False,False
1.0,16.10779,0.0,-4.206369,11.0,460.4349,0.0049951207,0.035110723,-2.1641505,-0.0017021018,1.0,1.0,2.0,10.0,May,Returning_Visitor,False,False
2.0,32.775574,0.0,-23.720095,31.0,1358.6927,0.01856331,0.03429912,5.150159,0.01310526,2.0,2.0,2.0,2.0,Nov,Returning_Visitor,False,True
1.0,28.755568,-0.0,7.623942,12.0,235.66586,0.06842188,0.09484863,0.9698202,-0.010168398,4.0,3.0,7.0,2.0,Mar,Returning_Visitor,False,False
0.0,-2.3292136,0.0,-9.514978,9.0,335.6993,0.05748428,0.098598935,0.48008552,0.020470617,2.0,2.0,5.0,9.0,May,Returning_Visitor,False,False
7.0,92.325066,-0.0,-21.397486,14.0,585.8569,0.006128735,0.022734366,2.5246732,0.020921027,2.0,2.0,9.0,1.0,Mar,New_Visitor,False,False
3.0,110.55159,0.0,27.530323,26.0,277.1121,0.0046951827,0.0048655206,-2.6235363,0.0049814936,2.0,3.0,3.0,4.0,June,New_Visitor,False,False
-0.0,-0.40609515,0.0,-8.7819805,6.0,157.11508,0.050652664,0.13941054,0.15922992,0.0068388153,2.0,2.0,5.0,1.0,Mar,Returning_Visitor,False,False
0.0,-13.235716,-0.0,-2.4228685,27.0,987.9615,0.0006795005,0.011286412,-0.2963899,0.035550147,2.0,2.0,6.0,1.0,Dec,Returning_Visitor,False,False
1.0,92.42678,-0.0,0.68435514,14.0,215.15677,0.0035063047,0.011620042,0.42591777,0.0011946765,2.0,2.0,1.0,2.0,Nov,Returning_Visitor,False,False
4.0,82.34269,0.0,-1.5122429,34.0,1501.1976,0.009101423,0.02239156,4.5132875,-0.0044590775,3.0,2.0,4.0,2.0,Dec,Returning_Visitor,False,False
5.0,77.2032,2.0,48.983387,42.0,653.1953,0.01780217,0.03234335,4.116193,-0.00675706,2.0,2.0,7.0,1.0,Nov,Returning_Visitor,False,False
10.0,177.71342,0.0,7.403918,69.0,4284.3657,0.007438384,0.02712622,1.213924,0.01759923,2.0,2.0,1.0,3.0,Nov,Returning_Visitor,True,False
4.0,101.372826,-0.0,-32.448895,60.0,2911.0198,0.01263004,0.0222929,37.869728,0.045609012,2.0,2.0,2.0,15.0,Dec,Returning_Visitor,False,True
3.0,262.63535,-0.0,7.8625627,5.0,160.88376,0.014676721,0.03470826,-2.9153435,0.019450376,2.0,3.0,2.0,4.0,Nov,Returning_Visitor,True,False
3.0,104.75371,1.0,24.568277,19.0,1067.1741,0.0058370065,0.016485129,8.920179,-0.0008686203,2.0,2.0,1.0,2.0,Nov,Returning_Visitor,False,False
2.0,52.9164,-0.0,-14.35877,22.0,721.8636,0.006208636,0.015662167,8.291933,-0.0007629301,4.0,2.0,3.0,3.0,Nov,Returning_Visitor,False,False
0.0,15.844812,1.0,194.7374,48.0,735.05194,0.0063907206,0.013886143,0.671518,-0.013278069,3.0,2.0,1.0,15.0,Nov,Returning_Visitor,False,False
0.0,5.8316293,-0.0,24.596102,7.0,-262.57877,0.14422214,0.14337134,-2.0691411,0.15370683,3.0,2.0,8.0,2.0,May,Returning_Visitor,False,False
1.0,41.194427,0.0,-4.259851,7.0,397.69644,0.0015371313,0.01200226,0.35260263,-0.013039233,2.0,2.0,4.0,1.0,Nov,Returning_Visitor,False,False
0.0,13.458651,0.0,-6.511022,-2.0,-86.42899,0.19153298,0.19421609,1.1088401,0.00011244609,2.0,3.0,1.0,11.0,Dec,Returning_Visitor,False,False
1.0,16.03544,-0.0,-0.29762807,11.0,536.76385,0.0013139733,0.013572088,-0.9645789,0.005388098,2.0,2.0,3.0,3.0,Mar,Returning_Visitor,False,False
0.0,-6.4426627,-0.0,-7.2687163,31.0,1216.6842,-0.0010312683,0.014395214,1.1445767,-0.0037252475,2.0,2.0,1.0,6.0,Nov,Returning_Visitor,False,True
1.0,5.107104,2.0,35.180542,10.0,48.533535,0.0057588965,0.008553901,0.38625684,0.008665988,3.0,2.0,1.0,4.0,Oct,New_Visitor,True,False
4.0,217.31107,-0.0,2.688822,32.0,1271.939,0.0024600122,0.0070938813,0.6363365,-0.011000352,2.0,2.0,3.0,2.0,Dec,New_Visitor,False,False
1.0,46.51383,-0.0,-12.385958,7.0,-8.55631,0.16564314,0.17243038,0.30596653,0.00213507,1.0,2.0,8.0,1.0,Nov,Returning_Visitor,False,False
0.0,4.2074914,0.0,-1.0018898,9.0,163.80502,0.10967992,0.14956209,0.057378456,-0.002093235,4.0,2.0,3.0,3.0,May,Returning_Visitor,False,False
4.0,41.598736,0.0,7.4087434,21.0,-47.732212,0.007113805,0.014513568,17.502047,0.058849476,1.0,1.0,6.0,2.0,Dec,New_Visitor,False,True
10.0,234.04276,0.0,-2.720308,16.0,585.60913,0.00030923085,0.0082681,2.0640864,0.012483804,2.0,3.0,2.0,8.0,Mar,Returning_Visitor,False,False
9.0,159.66624,6.0,98.81946,46.0,1691.6458,0.0045187753,0.015653173,4.252744,-0.006270746,2.0,3.0,4.0,2.0,June,Returning_Visitor,False,False
9.0,138.33743,1.0,7.5022683,69.0,2778.6343,0.014282752,0.036385674,-0.8329471,0.0101846885,2.0,2.0,1.0,5.0,Sep,Returning_Visitor,True,False
-0.0,-5.676641,-0.0,-16.690115,10.0,324.22012,0.00086792756,0.018331597,0.003066703,0.00017037062,2.0,2.0,5.0,2.0,Dec,Returning_Visitor,False,False
-0.0,7.493098,0.0,10.463724,12.0,179.26266,0.012564348,0.031179162,0.636717,-0.001990335,3.0,2.0,1.0,4.0,May,Returning_Visitor,False,False
1.0,25.824594,-0.0,30.893467,27.0,720.5428,0.0069299834,0.01581843,7.8088264,0.00030976353,2.0,5.0,1.0,1.0,Mar,Returning_Visitor,True,True
8.0,144.16592,2.0,77.4574,19.0,517.3885,0.004848227,0.017411368,20.163597,0.0037776995,2.0,2.0,2.0,1.0,May,Returning_Visitor,True,True
1.0,3.2865014,-0.0,6.55205,6.0,470.50613,0.075402126,0.095541544,1.1087018,-0.0013050119,1.0,1.0,1.0,3.0,Mar,Returning_Visitor,False,False
-1.0,0.10399092,0.0,11.111597,17.0,442.18387,0.17837419,0.17338598,-1.6290177,-0.007647807,1.0,1.0,2.0,19.0,Nov,Returning_Visitor,True,False
0.0,3.110766,0.0,-1.4632813,5.0,-178.98367,0.14106508,0.16834739,-0.051125363,0.40205544,1.0,1.0,5.0,3.0,May,Returning_Visitor,False,False
0.0,-0.6372887,1.0,32.770905,7.0,48.094692,0.03466031,0.041407023,0.46591297,0.00019527791,3.0,2.0,3.0,4.0,June,Returning_Visitor,False,False
2.0,28.633009,0.0,7.51496,37.0,723.0178,0.0006602296,0.03270278,1.8059322,-0.004772546,2.0,7.0,3.0,3.0,May,Returning_Visitor,False,False
1.0,47.83982,0.0,1.2717193,5.0,56.14059,0.0006582589,0.040616896,0.5553157,0.006856622,3.0,2.0,2.0,2.0,May,Returning_Visitor,False,False
1.0,97.10742,1.0,43.016655,28.0,710.12604,0.012821139,0.031497225,16.574131,-0.015815282,3.0,2.0,1.0,2.0,Nov,Returning_Visitor,False,False
1.0,15.534693,-0.0,-4.7401404,6.0,-0.10135398,0.09189291,0.12427125,-0.4078692,-0.009005608,1.0,1.0,2.0,7.0,May,Returning_Visitor,True,False
0.0,8.3751545,0.0,1.1688026,18.0,2473.0579,0.0038800351,0.016187172,47.817886,0.0044814367,2.0,2.0,3.0,1.0,Oct,Returning_Visitor,False,True
8.0,114.251236,7.0,118.73997,134.0,7411.109,0.021641266,0.041725945,2.0430055,0.0027984846,2.0,2.0,2.0,3.0,June,Returning_Visitor,False,False
1.0,-43.704006,1.0,-6.1220183,8.0,92.07906,0.033356704,0.16554022,-1.4991368,-0.027819859,3.0,2.0,4.0,4.0,June,Returning_Visitor,True,False
1.0,74.87998,0.0,-15.872709,3.0,-31.968298,0.24241489,0.23336676,1.8235751,-0.0021769125,2.0,2.0,6.0,3.0,Mar,Returning_Visitor,False,False
13.0,480.4581,4.0,141.28575,170.0,4597.703,0.0063453102,0.016894545,41.045345,0.0016231929,3.0,4.0,1.0,0.0,Sep,Returning_Visitor,True,False
2.0,17.462606,0.0,3.382908,35.0,1591.4745,0.04554791,0.086405426,0.6012246,0.00933489,2.0,2.0,2.0,10.0,Nov,Returning_Visitor,False,False
7.0,248.85733,0.0,-6.2441077,36.0,891.13763,0.010258218,0.021944944,-0.21570952,-0.003235111,1.0,2.0,2.0,3.0,Sep,Returning_Visitor,False,False
0.0,38.55243,-0.0,-5.776567,5.0,504.70773,0.003195038,0.031232085,-0.37552723,-0.005725885,1.0,0.0,1.0,5.0,Nov,Returning_Visitor,False,False
1.0,16.695307,1.0,95.10761,90.0,3531.4578,0.013675332,0.024630683,-1.0280265,0.8481301,2.0,5.0,1.0,3.0,May,Returning_Visitor,False,False
2.0,47.11434,3.0,102.3985,152.0,4093.431,0.007943069,0.021818873,3.5787714,-0.004683519,2.0,2.0,1.0,4.0,June,Returning_Visitor,False,False
-0.0,-6.9139304,0.0,4.588988,11.0,446.00748,0.003189562,0.016909562,-1.5690111,-0.00075265573,1.0,1.0,1.0,3.0,Dec,Returning_Visitor,False,False
1.0,16.138208,-0.0,-10.252195,18.0,595.9502,0.014711181,0.055113308,0.068750545,-9.634153e-05,2.0,2.0,4.0,2.0,Dec,Returning_Visitor,False,False
6.0,118.723976,-0.0,0.6949905,17.0,843.5802,0.008557349,0.031179864,1.2540399,0.014190072,2.0,2.0,7.0,18.0,Mar,Returning_Visitor,False,False
0.0,20.146307,0.0,3.7251322,17.0,605.54364,0.0078215115,0.028842939,-1.1780819,-0.006047936,2.0,2.0,2.0,5.0,Mar,Returning_Visitor,False,False
6.0,118.54795,-0.0,7.0746255,35.0,1500.8572,0.0005767179,0.008358312,-0.9190324,0.007097656,2.0,2.0,6.0,23.0,Oct,Returning_Visitor,False,False
3.0,25.68035,-0.0,0.798941,34.0,403.3425,0.023960102,0.026798252,8.72137,-0.007965224,8.0,1.0,4.0,10.0,May,Returning_Visitor,False,True
1.0,20.98081,-0.0,-3.0351808,25.0,639.4292,0.0016250202,0.011019652,16.852232,-0.0017856228,1.0,1.0,1.0,2.0,Sep,Returning_Visitor,False,True
4.0,58.09352,2.0,-4.920934,38.0,1164.1375,0.010600689,0.034021966,-0.8213647,-0.00276337,2.0,2.0,2.0,1.0,Aug,Returning_Visitor,False,False
0.0,-10.314749,1.0,56.062252,79.0,1930.5764,0.0040709972,0.015729211,1.1392967,0.010478115,3.0,2.0,3.0,2.0,Nov,Returning_Visitor,False,False
1.0,33.2332,0.0,-19.867105,17.0,403.8834,0.018964358,0.042698335,-0.7323778,0.0009836351,4.0,2.0,3.0,5.0,Mar,Returning_Visitor,True,False
-0.0,7.259501,-0.0,-8.385229,15.0,1750.3844,0.025288153,0.046566732,8.399391,0.012454206,2.0,2.0,8.0,3.0,Dec,Returning_Visitor,False,False
2.0,795.1423,-0.0,-29.06742,24.0,891.50146,-0.0065783337,0.009149519,13.159986,-0.015809456,2.0,1.0,2.0,3.0,May,New_Visitor,False,False
0.0,22.737612,0.0,3.4870589,2.0,323.43112,0.012747355,0.037710827,-1.0867032,0.24096763,2.0,2.0,6.0,2.0,Dec,Returning_Visitor,False,False
-0.0,10.396387,1.0,5.0916753,1.0,50.097866,0.00722888,0.022529477,0.09173219,0.36743438,1.0,1.0,1.0,2.0,May,Returning_Visitor,False,False
-0.0,21.298483,0.0,4.9993367,6.0,543.75726,-0.00035061306,0.009577059,91.34434,0.019413142,2.0,2.0,2.0,6.0,Sep,New_Visitor,False,True
0.0,-7.2272086,-0.0,1.3458503,58.0,1498.6337,0.0044589676,0.02833442,-0.27407727,0.7358117,2.0,2.0,1.0,2.0,May,Returning_Visitor,False,False
5.0,55.56428,6.0,189.54025,55.0,1897.1973,0.012295961,0.021098888,64.98285,0.0074941423,2.0,2.0,3.0,5.0,May,Returning_Visitor,False,False
5.0,86.999916,1.0,5.1017194,54.0,1732.8889,0.0146053815,0.033106998,0.93987674,-0.010138975,3.0,2.0,1.0,2.0,Aug,Returning_Visitor,False,False
0.0,4.139849,0.0,12.785122,18.0,369.9844,0.020192703,0.05558706,1.3403937,0.0029332284,2.0,3.0,4.0,3.0,May,Returning_Visitor,False,False
0.0,9.882608,0.0,-5.4821486,22.0,829.4677,0.027175914,0.062282167,-0.4442776,0.44319436,2.0,2.0,1.0,2.0,May,Returning_Visitor,False,False
10.0,245.24402,0.0,12.550825,37.0,4121.6,0.011037945,0.038099017,3.1248956,0.01482282,2.0,3.0,1.0,2.0,Oct,Returning_Visitor,True,False
2.0,95.67947,0.0,17.236595,35.0,1106.8367,0.004875647,0.00890435,0.9642412,-0.007487187,2.0,2.0,3.0,2.0,May,Returning_Visitor,False,False
2.0,172.18988,0.0,2.9660723,74.0,3200.2598,0.03613357,0.042954408,2.7443953,-0.00015192287,3.0,2.0,3.0,3.0,Nov,Returning_Visitor,True,False
-0.0,29.813951,0.0,116.11719,51.0,2355.982,0.008507818,0.016354606,25.402397,-0.00956616,2.0,3.0,1.0,3.0,Nov,Returning_Visitor,False,False
1.0,-0.092771165,-0.0,-2.572065,6.0,-47.251133,0.02875461,0.08896153,-1.4028691,-0.004168438,2.0,2.0,1.0,3.0,May,Returning_Visitor,False,False
1.0,14.18519,0.0,-13.463484,37.0,1054.9891,0.05039174,0.059555687,1.513662,-0.0016189608,2.0,2.0,4.0,11.0,Aug,Returning_Visitor,False,False
4.0,73.48989,0.0,11.209156,13.0,317.42606,-0.0011821351,0.0032543733,0.17374341,0.011906745,2.0,4.0,3.0,2.0,Oct,New_Visitor,True,False
0.0,19.261702,-0.0,2.1254084,11.0,4.9361215,0.07641402,0.09102879,-0.5041049,0.01654843,4.0,2.0,1.0,11.0,May,Returning_Visitor,False,False
-0.0,-19.887877,-0.0,10.938847,29.0,1726.3959,0.031534657,0.054717228,1.401177,-0.00032308878,2.0,3.0,6.0,8.0,Jul,Returning_Visitor,False,False
1.0,23.54885,-0.0,-4.191015,2.0,165.4465,-0.0035184622,0.0064097354,-0.27367195,0.0052771475,2.0,2.0,1.0,2.0,Mar,Returning_Visitor,False,False
1.0,30.092031,-0.0,-21.349287,13.0,751.37415,0.0019750558,0.011206065,67.33637,0.009081116,1.0,1.0,3.0,4.0,Oct,Returning_Visitor,True,True
-0.0,-13.637297,-0.0,-11.241846,54.0,1377.2052,0.0041424725,0.009851468,0.90644807,0.02721187,2.0,11.0,2.0,2.0,Mar,Returning_Visitor,False,False
2.0,138.34268,0.0,-13.502024,20.0,962.62146,-8.200285e-05,0.0068574892,2.7711904,0.009666933,3.0,2.0,3.0,3.0,Jul,Returning_Visitor,False,True
1.0,9.262903,0.0,-1.2945992,137.0,9008.059,0.005055668,0.013247979,1.6658818,0.006512111,2.0,2.0,2.0,2.0,May,Returning_Visitor,False,False
1.0,-18.070013,0.0,-15.896475,14.0,741.7102,0.001587391,0.021511145,17.193405,-0.009142334,2.0,2.0,5.0,3.0,Dec,Returning_Visitor,False,True
0.0,25.468306,1.0,24.481188,19.0,821.51953,0.017807022,0.040543307,-0.93994266,0.011822527,1.0,1.0,1.0,8.0,Nov,Returning_Visitor,False,False
1.0,27.343756,0.0,-12.752249,11.0,457.01462,0.005795181,0.0196275,0.04798238,-0.0038332734,2.0,2.0,4.0,2.0,Mar,Returning_Visitor,False,False
3.0,140.0904,0.0,3.3868296,122.0,5369.2847,0.012237473,0.027077632,-0.32923684,0.018449342,3.0,2.0,5.0,7.0,Nov,Returning_Visitor,False,False
-0.0,-14.246969,-0.0,-9.100718,-4.0,-160.42569,0.2646484,0.2500612,3.4082873,-0.0022517536,6.0,1.0,4.0,6.0,Feb,Returning_Visitor,False,False
4.0,37.759445,0.0,12.852819,61.0,944.95416,0.0028314441,0.030832311,-0.3444737,-0.014345879,2.0,2.0,2.0,6.0,Sep,Returning_Visitor,False,False
3.0,24.09175,1.0,-4.5915427,10.0,274.66727,0.0105303265,0.05132827,-0.5509766,0.0064078066,1.0,2.0,1.0,3.0,May,Returning_Visitor,False,False
-0.0,8.863977,0.0,9.214983,33.0,770.23627,0.016094038,0.04653861,0.18245713,-0.005123997,3.0,2.0,6.0,2.0,May,Returning_Visitor,False,False
0.0,0.59019697,-0.0,-17.188005,22.0,1647.6138,0.006316701,0.023832045,2.3934524,0.016081577,1.0,1.0,7.0,2.0,Oct,Returning_Visitor,True,False
-0.0,4.133555,0.0,6.5670114,9.0,226.48447,0.026880201,0.062569536,-0.7141035,-0.015775206,2.0,7.0,7.0,2.0,Mar,Returning_Visitor,False,False
1.0,64.84191,-0.0,-33.217136,16.0,1520.6753,0.0074930554,0.041735787,31.33101,-0.019575106,1.0,1.0,7.0,4.0,Oct,Returning_Visitor,False,False
10.0,712.1321,2.0,46.26905,309.0,7168.446,0.0008048584,0.010560957,12.835916,0.51228255,3.0,1.0,1.0,2.0,May,Returning_Visitor,True,True
2.0,162.33868,1.0,77.02205,51.0,1068.31,0.001183821,0.015131068,30.833282,-0.0077255163,2.0,5.0,6.0,4.0,Oct,Returning_Visitor,True,True
1.0,32.048805,0.0,2.5933287,11.0,612.25336,0.002037961,0.03125804,0.25740448,-0.0014542284,2.0,2.0,1.0,2.0,Mar,Returning_Visitor,False,False
-0.0,-14.5894985,-0.0,-14.598257,30.0,972.79297,-0.00041813395,0.013215589,0.5931546,-0.0028371904,3.0,2.0,6.0,2.0,Dec,Returning_Visitor,False,False
0.0,-9.24288,0.0,0.33752283,16.0,136.06686,-0.00059765566,0.04374799,0.3552839,-0.00032370345,2.0,2.0,5.0,2.0,Sep,Returning_Visitor,False,False
0.0,19.604101,-0.0,1.850901,0.0,321.1708,0.0010678192,0.022773987,0.15395086,-0.005922707,2.0,2.0,1.0,2.0,Sep,New_Visitor,False,False
0.0,20.917646,-0.0,-19.001326,16.0,62.42184,0.11534998,0.107751064,0.95446986,0.011945585,2.0,2.0,7.0,1.0,Feb,Returning_Visitor,False,False
0.0,6.259127,0.0,-8.785658,26.0,1360.4442,0.00703247,0.0309558,0.29613414,0.002780499,2.0,3.0,4.0,1.0,Nov,Returning_Visitor,True,False
4.0,58.490837,0.0,27.488598,9.0,346.4252,0.0032639485,0.010084049,-0.73346263,0.27244884,2.0,2.0,7.0,3.0,Mar,Returning_Visitor,False,False
1.0,21.244974,3.0,136.79744,2.0,70.8995,0.0007108302,0.033780858,-1.2718982,-0.00070942,4.0,3.0,4.0,2.0,May,Returning_Visitor,False,False
10.0,218.42204,0.0,-5.041227,51.0,2615.4897,-0.0022540912,0.016302124,0.91207,-0.014905425,2.0,2.0,1.0,6.0,Dec,Returning_Visitor,False,False
-0.0,19.084513,0.0,13.908636,1.0,-65.82633,0.25060382,0.26615703,4.0707326,0.042424545,1.0,2.0,1.0,4.0,May,Returning_Visitor,True,False
1.0,4.9063287,0.0,-0.56595385,26.0,838.94904,-0.002187062,0.011491009,112.91763,-0.020326475,2.0,2.0,7.0,7.0,May,Returning_Visitor,False,True
-0.0,-5.0192237,-0.0,-3.3665636,7.0,183.92642,0.15611364,0.15748993,-0.007990197,-0.011232087,1.0,0.0,5.0,9.0,Feb,Returning_Visitor,False,False
3.0,68.602745,0.0,3.4106543,46.0,559.85474,0.007770784,0.0198219,0.4309918,-0.003829496,2.0,2.0,2.0,2.0,May,Returning_Visitor,False,False
3.0,9.827288,2.0,49.462734,31.0,1865.8446,0.0032888316,0.010584609,11.664083,0.015085002,2.0,2.0,3.0,7.0,Mar,Returning_Visitor,True,False
-0.0,14.24505,0.0,-2.4133356,27.0,588.5295,0.009333837,0.023446938,1.7300497,0.006622119,3.0,4.0,3.0,2.0,Mar,Returning_Visitor,False,False
0.0,-0.9099022,0.0,-13.047342,36.0,2902.5544,0.013698133,0.04653604,0.25588432,0.5849735,2.0,2.0,4.0,4.0,May,Returning_Visitor,False,False
6.0,208.59349,6.0,397.42093,230.0,8053.9233,0.00868197,0.016604181,1.5090533,-0.0075600464,2.0,2.0,4.0,2.0,Dec,Returning_Visitor,False,True
7.0,68.22285,0.0,8.558712,18.0,376.21896,0.016785674,0.032701477,-0.5309289,-0.0019180345,2.0,2.0,1.0,12.0,Dec,Returning_Visitor,False,False
-0.0,10.952761,0.0,3.1304152,16.0,822.96075,0.025329102,0.056825675,0.017775223,-0.02390694,4.0,2.0,2.0,13.0,June,Returning_Visitor,True,False
5.0,397.3646,0.0,-5.110357,14.0,455.1298,0.0015431141,0.01271876,0.78344125,0.011685269,2.0,2.0,4.0,5.0,Nov,New_Visitor,False,False
1.0,10.551264,0.0,-20.38312,40.0,1392.0673,0.000104198334,0.015313557,-0.42284378,-0.0057746265,2.0,2.0,5.0,3.0,Dec,Returning_Visitor,False,False
0.0,39.670216,0.0,8.45327,17.0,-216.97769,0.0072301393,0.02091038,4.5616465,0.0064012613,3.0,4.0,5.0,2.0,Aug,Returning_Visitor,False,False
0.0,-12.010557,0.0,22.455364,16.0,1344.5623,0.043422695,0.051623065,-0.8358863,-0.0020295475,2.0,2.0,3.0,1.0,Nov,Returning_Visitor,False,False
3.0,63.06296,1.0,43.486893,102.0,2397.5754,-0.00086732756,0.0074295485,3.451278,-0.01804837,1.0,4.0,2.0,2.0,Nov,Returning_Visitor,False,False
3.0,69.05478,0.0,8.658447,28.0,1173.6327,-0.0020993203,0.006673132,0.989247,-0.0070448015,2.0,2.0,1.0,2.0,May,Returning_Visitor,False,False
1.0,13.014864,0.0,-2.6058786,47.0,1365.4785,0.00922935,0.03193852,11.145321,-0.00081879454,3.0,2.0,1.0,17.0,Nov,Returning_Visitor,True,False
1.0,81.41606,0.0,6.5283055,12.0,-241.77237,0.009551596,0.054016966,1.4644958,0.014169516,2.0,2.0,5.0,20.0,Nov,Returning_Visitor,False,False
0.0,27.19375,0.0,-2.5822008,1.0,28.619349,0.004494576,0.026431166,0.9951255,-0.0010158661,2.0,2.0,6.0,9.0,Dec,Returning_Visitor,False,False
9.0,100.59281,0.0,4.26109,39.0,1459.2144,0.0031155143,0.023148166,3.456583,-0.008222574,2.0,2.0,1.0,2.0,Dec,Returning_Visitor,False,False
1.0,21.22309,1.0,111.52612,45.0,2318.4998,0.008482972,0.022724453,5.711355,-0.004386576,3.0,2.0,7.0,6.0,Dec,Returning_Visitor,False,False
1.0,17.908365,-0.0,-5.5486197,20.0,703.6351,0.00047126794,0.015392746,1.7813236,-0.0030670408,2.0,2.0,3.0,3.0,Nov,Returning_Visitor,True,False
0.0,12.874056,0.0,5.1929345,9.0,422.75412,-0.004791409,0.071069226,2.6419806,0.0065745953,1.0,1.0,5.0,3.0,Dec,New_Visitor,False,False
5.0,41.068314,6.0,222.69733,21.0,653.5007,0.010930829,0.02785583,4.7624707,0.020833528,2.0,2.0,2.0,3.0,Dec,New_Visitor,False,False
3.0,74.9246,0.0,-14.033262,22.0,825.66125,0.001201667,0.012771175,1.7765371,-0.0059773345,1.0,2.0,5.0,2.0,Dec,New_Visitor,False,True
2.0,10.656443,1.0,-6.4938445,9.0,-178.83902,0.0103268055,0.08176414,-1.813197,0.0075885523,2.0,2.0,4.0,4.0,May,Returning_Visitor,False,False
8.0,178.51654,9.0,694.93787,169.0,9580.138,0.007858597,0.0257905,22.58811,-0.024769472,2.0,2.0,9.0,2.0,Dec,Returning_Visitor,False,True
-0.0,1.3599342,1.0,50.326385,21.0,938.32275,0.010537967,0.02757846,-1.5761718,-0.008436719,3.0,2.0,4.0,2.0,May,Returning_Visitor,True,False
5.0,73.89906,-0.0,-6.151174,7.0,-44.68375,0.00036233486,0.0024692013,0.3268043,-0.027715603,2.0,7.0,7.0,3.0,May,New_Visitor,True,False
5.0,133.8552,0.0,7.355492,16.0,170.4172,0.009572275,0.02378126,1.7915374,0.18549567,2.0,2.0,7.0,4.0,Dec,Returning_Visitor,False,False
8.0,243.2021,0.0,90.076775,28.0,304.33493,-0.0005936491,0.006818258,3.8109243,0.0034571718,2.0,2.0,6.0,2.0,Aug,Returning_Visitor,False,False
0.0,21.13223,0.0,-10.296198,10.0,505.12875,0.00739983,0.024684954,-0.6733249,0.008470641,3.0,2.0,1.0,3.0,Dec,Returning_Visitor,False,False
3.0,22.932169,0.0,-18.19964,15.0,567.0884,0.0009886009,0.019803762,-0.09090932,-0.0076539684,2.0,2.0,2.0,4.0,Mar,Returning_Visitor,False,False
1.0,-30.125471,0.0,50.68001,20.0,241.35214,0.003535837,0.010851693,28.795141,0.059963886,2.0,1.0,6.0,1.0,May,New_Visitor,False,True
7.0,130.89478,0.0,-7.8568244,13.0,597.5913,-0.0012014749,0.0074288407,-0.7346094,-0.00018590124,2.0,2.0,1.0,2.0,May,Returning_Visitor,False,False
1.0,19.395372,2.0,137.2432,23.0,846.0814,0.0038901772,0.018799797,10.652086,-0.0006128754,2.0,2.0,5.0,4.0,May,Returning_Visitor,False,False
0.0,16.898478,-0.0,-0.92753375,10.0,251.16605,0.018501192,0.06389337,2.4852247,-0.010598162,2.0,6.0,4.0,11.0,Dec,Returning_Visitor,False,False
6.0,132.52658,-0.0,1.8338073,2.0,-174.70059,-0.00047762124,0.011265297,-5.1803546,-0.017005028,3.0,2.0,2.0,2.0,Dec,New_Visitor,False,False
8.0,120.304955,-0.0,-2.7131364,21.0,606.43677,-0.0035237484,-0.0010588795,1.5949003,0.0006465633,4.0,2.0,4.0,6.0,May,New_Visitor,False,False
0.0,-1.8515984,0.0,-9.482687,22.0,1375.5066,0.013788589,0.047360007,6.577994,0.010767663,2.0,2.0,8.0,2.0,Dec,Returning_Visitor,False,False
-1.0,0.22005689,0.0,-12.824053,-2.0,-331.0413,0.037620388,0.12758633,-0.8385008,0.00058508484,1.0,2.0,3.0,1.0,Feb,Returning_Visitor,False,False
-0.0,-0.58411944,0.0,4.1647573,24.0,1253.1434,0.002385201,0.01591654,-1.1877564,0.011736585,2.0,3.0,1.0,1.0,Dec,Returning_Visitor,False,False
-0.0,-0.8933083,0.0,13.975063,15.0,589.09094,0.020199507,0.040410373,0.31889215,0.038203623,1.0,1.0,2.0,12.0,May,Returning_Visitor,False,False
-0.0,-1.6187721,0.0,15.793455,20.0,596.62915,0.006825058,0.03940583,-0.009625272,-0.0039694626,2.0,7.0,2.0,2.0,Dec,Returning_Visitor,False,False
4.0,110.59498,0.0,0.35109553,15.0,1310.5845,0.018318001,0.042068005,0.4470245,0.014476767,2.0,2.0,5.0,2.0,Dec,Returning_Visitor,False,False
1.0,11.716547,-0.0,15.063904,39.0,891.4422,0.00046257125,0.0073709125,-1.9715303,0.009885268,4.0,1.0,1.0,3.0,Nov,Returning_Visitor,True,False
1.0,22.051062,-0.0,8.092861,41.0,1284.6257,0.009765204,0.023148563,-0.34714064,-0.001152424,2.0,2.0,1.0,3.0,Dec,Returning_Visitor,False,False
4.0,66.88014,5.0,127.07277,40.0,2250.1228,0.0039492995,0.01859218,21.260046,-0.033010088,3.0,4.0,5.0,2.0,Dec,Returning_Visitor,False,True
3.0,51.500492,0.0,-3.1599329,12.0,421.45407,-7.634227e-05,0.01905144,5.755511,-0.0025669876,2.0,2.0,1.0,2.0,May,New_Visitor,False,False
0.0,26.228014,0.0,-13.682508,16.0,976.05286,0.024552712,0.056449544,0.055246517,-0.008550251,1.0,1.0,5.0,2.0,Mar,Returning_Visitor,False,False
0.0,53.458267,0.0,-14.971514,5.0,422.7839,0.009946221,0.040728614,1.2716438,-0.008387933,1.0,1.0,1.0,3.0,May,Returning_Visitor,True,False
1.0,294.14798,7.0,392.75406,55.0,1311.5402,0.007241996,0.017662091,4.5379386,-0.021233322,3.0,2.0,2.0,2.0,Sep,Returning_Visitor,False,False
2.0,93.78876,0.0,20.638401,27.0,847.3767,0.024110418,0.032692626,5.625797,0.004531989,3.0,2.0,3.0,2.0,Nov,Returning_Visitor,False,False
2.0,99.33229,2.0,26.215475,25.0,1345.3564,0.02641796,0.05052978,0.39947668,-0.016324112,2.0,2.0,7.0,1.0,June,Returning_Visitor,False,False
4.0,149.22679,0.0,9.717066,6.0,315.30124,0.0019618366,0.018285096,-0.6187776,0.15666984,2.0,2.0,2.0,3.0,May,Returning_Visitor,False,False
12.0,107.5227,2.0,25.478199,303.0,7008.907,0.0010861662,0.0031375892,4.217711,0.017382162,3.0,2.0,2.0,5.0,Jul,Returning_Visitor,False,False
9.0,165.40633,3.0,160.78339,37.0,1577.8359,0.0019949805,0.017189585,134.91249,0.013444552,2.0,2.0,9.0,3.0,Dec,New_Visitor,False,True
0.0,-4.330343,0.0,1.3131584,13.0,286.00504,-0.0037117023,0.013760717,-2.1832478,0.011452341,1.0,2.0,3.0,6.0,May,Returning_Visitor,False,False
1.0,50.88299,0.0,14.342966,7.0,320.28525,0.008520417,0.027009185,2.609899,-0.0068486724,2.0,7.0,4.0,1.0,Mar,Returning_Visitor,True,False
8.0,209.43112,3.0,366.82025,63.0,1537.7288,0.012764836,0.02873091,-1.066543,-0.0014528501,2.0,4.0,1.0,5.0,Nov,Returning_Visitor,True,False
1.0,-21.808142,0.0,-0.27067724,26.0,436.24057,0.0016414096,0.028661205,1.8852237,0.018697003,2.0,2.0,5.0,1.0,May,Returning_Visitor,True,False
3.0,18.085413,-0.0,-2.4624994,14.0,554.33655,0.02057526,0.0446601,-0.48909506,-0.0006088856,2.0,2.0,1.0,2.0,Oct,Returning_Visitor,False,False
-0.0,4.692721,0.0,-19.452482,6.0,58.5881,0.27496946,0.2673357,-0.17932542,0.0026507992,1.0,1.0,4.0,12.0,Nov,Returning_Visitor,False,False
1.0,10.045092,0.0,-8.55887,4.0,-79.58317,0.096276626,0.11077733,0.5077688,0.069346845,3.0,2.0,2.0,3.0,May,Returning_Visitor,False,False
0.0,-13.359854,-0.0,-2.703016,9.0,316.27682,0.05339065,0.09228547,0.8566238,0.0066911,2.0,2.0,2.0,2.0,Mar,Returning_Visitor,False,False
-0.0,-6.538587,-0.0,1.0068763,12.0,314.3029,-0.0014859102,0.02506564,-0.010040597,-0.00089558767,2.0,5.0,1.0,1.0,Nov,Returning_Visitor,False,False
3.0,54.61335,-0.0,7.3907247,47.0,605.2896,-0.0021864288,0.0054536955,29.056763,-0.0013466756,2.0,2.0,3.0,1.0,May,Returning_Visitor,True,True
-0.0,-5.4017844,0.0,1.6237205,21.0,1028.5919,0.00267859,0.020866882,0.35543075,-0.0076002497,2.0,2.0,1.0,2.0,Nov,Returning_Visitor,False,False
0.0,-3.104589,0.0,11.56592,3.0,246.55472,0.1588055,0.17582443,-0.5996588,0.010629745,2.0,2.0,1.0,4.0,Oct,Returning_Visitor,False,False
0.0,11.303537,0.0,5.7955537,6.0,276.37418,-0.0014988201,0.07188062,-0.8594287,-0.010702716,3.0,2.0,2.0,2.0,Dec,Returning_Visitor,False,False
4.0,105.490906,1.0,22.684263,12.0,192.62192,0.0028482508,0.018487878,7.980161,-0.020954223,2.0,2.0,1.0,2.0,Dec,New_Visitor,False,False
0.0,-14.718367,-0.0,-16.177252,15.0,549.1211,0.00108145,0.01473347,0.48313728,-0.00141347,2.0,2.0,5.0,2.0,Mar,New_Visitor,False,False
5.0,80.48009,0.0,-0.20215763,23.0,343.4957,0.018541144,0.04126954,-0.6011327,0.03589751,2.0,2.0,3.0,4.0,May,Returning_Visitor,False,False
0.0,7.405909,0.0,15.276934,6.0,116.68319,0.109757155,0.12721045,-1.9963421,-0.009127976,2.0,1.0,5.0,2.0,May,Returning_Visitor,False,False
-0.0,-1.254377,-0.0,-0.59318316,2.0,395.76443,0.0033958554,0.033807766,3.1108513,-0.00481149,5.0,1.0,3.0,8.0,Dec,Returning_Visitor,False,False
4.0,115.95346,0.0,15.299593,1.0,339.1295,0.010308942,0.030781282,-2.263569,0.010068638,3.0,2.0,4.0,2.0,Nov,Returning_Visitor,False,False
-0.0,14.188784,-0.0,-0.9390999,44.0,1288.1667,0.0025372356,0.015754363,-1.8604401,0.0033159312,1.0,1.0,1.0,3.0,Nov,Returning_Visitor,True,False
0.0,-21.386267,0.0,24.538822,18.0,439.43997,-0.00025933227,0.018907528,0.12749831,0.005997086,2.0,5.0,2.0,2.0,Dec,Returning_Visitor,False,False
2.0,6.5506387,-0.0,7.3346105,4.0,-68.03739,0.014231358,0.029012011,-0.39848885,0.8217462,2.0,6.0,2.0,5.0,May,Returning_Visitor,False,False
3.0,44.04011,0.0,4.8928933,12.0,690.7387,0.0056577213,0.037565846,0.6315095,0.00023886753,2.0,2.0,7.0,1.0,Mar,Returning_Visitor,False,False
-0.0,-20.457983,2.0,310.79538,33.0,1054.657,-0.004294442,0.008405902,0.9892518,-0.0084401835,2.0,2.0,4.0,1.0,Mar,Returning_Visitor,False,False
-0.0,-7.529325,0.0,10.241423,4.0,-161.51602,0.19959547,0.19492604,1.7165772,0.11102068,1.0,7.0,4.0,1.0,May,Returning_Visitor,False,False
5.0,186.73418,6.0,506.24023,71.0,2835.726,0.01809855,0.03407667,17.104248,0.00018980546,1.0,1.0,5.0,7.0,Nov,Returning_Visitor,False,True
0.0,12.80234,0.0,-1.7405144,21.0,355.85214,0.0017019158,0.0146600595,80.3317,0.005544396,2.0,1.0,3.0,3.0,Mar,Returning_Visitor,False,True
2.0,28.625975,-0.0,-17.36786,5.0,-60.97611,0.0056758113,0.034261685,0.8862297,0.019721212,2.0,2.0,3.0,2.0,May,Returning_Visitor,False,False
1.0,-8.0790615,-0.0,7.265343,13.0,1244.6024,-0.0051178727,0.036928173,0.56420296,0.24577521,2.0,2.0,3.0,4.0,May,Returning_Visitor,False,False
-0.0,14.816584,0.0,7.0710206,30.0,456.31754,0.023397574,0.044901002,0.111134216,-0.014413664,2.0,2.0,2.0,5.0,May,Returning_Visitor,False,False
1.0,16.960482,0.0,-6.0304313,8.0,370.73624,0.0019638594,0.03484257,1.940102,0.00018760381,2.0,2.0,1.0,3.0,Nov,New_Visitor,False,False
2.0,32.150013,1.0,-7.9854827,47.0,2225.8635,0.014906762,0.039262842,8.317549,0.011801871,3.0,2.0,1.0,4.0,May,Returning_Visitor,False,False
-0.0,21.499323,-0.0,-8.355257,0.0,130.40549,0.26642027,0.25738272,-0.58371764,0.18737873,2.0,2.0,2.0,3.0,May,Returning_Visitor,True,False
6.0,933.43115,0.0,-20.759447,29.0,2880.5735,-0.0021643694,-0.0030531466,1.2749816,-0.015105734,0.0,1.0,1.0,2.0,Sep,New_Visitor,False,False
10.0,284.72415,-0.0,-5.901979,26.0,774.75507,-0.0069519263,0.015314917,0.7981569,0.0038106497,3.0,2.0,1.0,7.0,Nov,New_Visitor,True,False
3.0,68.17845,0.0,-2.937719,90.0,3530.2896,0.0051595736,0.01549724,0.95805186,0.0012578313,3.0,2.0,2.0,1.0,Dec,Returning_Visitor,False,False
2.0,7.977183,0.0,-2.0695894,21.0,506.02066,0.032646026,0.04630329,-0.77630836,0.012597004,2.0,2.0,5.0,4.0,June,Returning_Visitor,False,False
0.0,0.7855934,-0.0,-8.770708,4.0,132.54953,0.017265122,0.033778343,0.93837184,0.0013602098,2.0,2.0,2.0,1.0,Mar,Returning_Visitor,False,False
3.0,54.153202,2.0,148.54628,13.0,800.2884,0.05845556,0.07924479,14.423148,0.011844968,2.0,2.0,2.0,1.0,Jul,Returning_Visitor,False,False
-0.0,-17.55136,-0.0,0.7209152,12.0,211.28244,0.04398318,0.09817819,0.8529584,0.8965637,3.0,3.0,1.0,14.0,May,Returning_Visitor,False,False
-0.0,7.3433557,-0.0,-2.9856164,80.0,2144.9912,0.002417544,0.0055752965,-1.496931,0.007912593,2.0,2.0,1.0,1.0,Nov,Returning_Visitor,False,False
-0.0,2.2297769,0.0,3.1753142,6.0,199.78091,0.0020051282,0.035158545,-0.36526427,-0.015047999,2.0,2.0,2.0,2.0,Mar,Returning_Visitor,False,False
-0.0,1.9321846,0.0,-4.0414634,-2.0,160.01157,0.23655711,0.21898164,1.0771867,0.033886943,3.0,2.0,4.0,3.0,Dec,Returning_Visitor,False,False
-0.0,2.5719857,0.0,-6.3525558,13.0,255.9874,0.040616404,0.07499494,1.9639553,0.030126901,3.0,4.0,1.0,2.0,May,Returning_Visitor,False,False
4.0,53.558346,0.0,-0.22095646,32.0,1691.2506,-0.002481671,0.020528896,0.058197662,0.007787643,1.0,2.0,5.0,2.0,Feb,Returning_Visitor,False,False
10.0,94.86155,4.0,509.53644,47.0,1042.5339,0.008804374,0.025238935,17.210587,0.025638243,2.0,2.0,1.0,2.0,May,Returning_Visitor,True,True
1.0,9.422396,0.0,-5.060785,20.0,382.93857,0.00089996506,0.01045986,-1.049918,-0.015810708,1.0,2.0,5.0,2.0,Dec,Returning_Visitor,False,False
1.0,24.782206,-0.0,10.339043,49.0,1048.4905,0.0028048046,0.0063331025,28.715185,-8.747161e-05,2.0,2.0,8.0,3.0,Nov,New_Visitor,True,True
4.0,40.83018,-0.0,-7.420999,17.0,592.13446,-0.001876356,0.012942168,-0.20826133,0.00969501,2.0,2.0,2.0,1.0,Oct,Returning_Visitor,False,False
0.0,10.257959,-0.0,-1.8487602,15.0,281.9543,0.0015052484,0.025237363,0.10909097,-0.013287166,2.0,7.0,1.0,3.0,May,Returning_Visitor,True,False
-0.0,1.8984398,0.0,-10.978228,2.0,-161.47977,0.004905531,0.05611462,-0.6034978,0.16831735,2.0,2.0,3.0,2.0,Dec,Returning_Visitor,False,False
1.0,52.698997,-0.0,9.350849,-1.0,-2.7203724,0.0002300703,0.04115485,1.1311017,0.014416689,1.0,1.0,11.0,2.0,Dec,New_Visitor,False,False
1.0,-1.5747887,0.0,-2.803045,42.0,1477.5258,0.0012766273,0.0076694796,5.682595,0.0035519358,2.0,2.0,4.0,2.0,May,Returning_Visitor,False,False
0.0,-17.01769,2.0,13.357758,10.0,264.59012,0.00453401,0.06400822,-0.48849568,0.09494937,2.0,4.0,2.0,3.0,May,Returning_Visitor,False,False
0.0,2.5957818,-0.0,-8.890234,1.0,378.26755,0.010519305,0.05331654,-0.030845001,0.016992541,3.0,2.0,1.0,3.0,Jul,Returning_Visitor,True,False
-0.0,-5.234884,1.0,17.617336,11.0,779.5767,0.021406906,0.04852749,0.7598826,0.001425637,2.0,2.0,2.0,1.0,Nov,Returning_Visitor,False,False
0.0,38.06991,-0.0,14.926506,23.0,494.72586,0.003226705,0.010859572,6.5015244,-0.0034684632,2.0,2.0,2.0,2.0,Dec,New_Visitor,False,False
-0.0,-13.725653,0.0,-0.9074875,3.0,18.745325,0.014048439,0.0682846,2.939731,0.0075710546,2.0,4.0,1.0,7.0,Dec,Returning_Visitor,False,False
-0.0,3.8539376,0.0,-4.60753,-1.0,108.03622,0.0022339951,0.06452868,-0.58251125,0.007666977,3.0,2.0,8.0,8.0,May,Returning_Visitor,False,False
2.0,32.090374,0.0,-12.914488,7.0,379.15164,0.05170382,0.0580185,0.72292536,0.0055325795,3.0,2.0,2.0,9.0,Dec,Returning_Visitor,False,False
0.0,0.13780439,0.0,2.3366034,2.0,288.68015,0.00646405,0.06411476,-0.5650051,-0.00064421253,2.0,2.0,1.0,6.0,May,Returning_Visitor,False,False
2.0,695.7901,0.0,-24.260592,3.0,-231.59073,0.14714982,0.1516857,4.4528756,0.0027962606,1.0,2.0,3.0,4.0,May,Returning_Visitor,False,False
1.0,1.9199623,-0.0,1.048735,19.0,263.3779,-0.0016352123,0.0011584058,-0.17548831,0.008123754,2.0,2.0,2.0,2.0,Sep,Returning_Visitor,False,False
1.0,29.210318,0.0,-0.5668427,34.0,589.16864,-0.0020967089,-0.001648511,-0.1455601,-0.0012791286,1.0,1.0,2.0,2.0,Mar,Returning_Visitor,True,False
0.0,28.903708,0.0,3.4319956,6.0,359.97525,0.047391504,0.10503732,-0.062670544,0.10153688,5.0,3.0,2.0,0.0,Dec,Returning_Visitor,False,False
5.0,111.99273,2.0,23.441189,39.0,1593.5807,-0.0014696101,0.009473451,21.125141,0.0017118846,2.0,2.0,1.0,2.0,Nov,Returning_Visitor,False,False
0.0,-22.86128,0.0,3.945948,6.0,175.41043,0.04172111,0.066383846,0.6519801,-0.015497381,2.0,2.0,5.0,2.0,May,Returning_Visitor,False,False
5.0,93.34177,0.0,10.268259,12.0,471.8823,-0.0005213077,0.015768046,-0.5268958,-0.009440826,2.0,8.0,1.0,1.0,Dec,New_Visitor,False,False
3.0,24.194353,1.0,6.7676587,26.0,608.5096,0.008289888,0.02252684,-2.0719469,0.009617904,1.0,1.0,2.0,4.0,Nov,Returning_Visitor,True,False
0.0,7.972239,-0.0,1.0677894,10.0,331.59415,0.028224047,0.054833114,0.79597014,0.0008394849,1.0,1.0,4.0,2.0,Dec,Returning_Visitor,False,False
1.0,21.310144,0.0,13.5549755,7.0,401.4224,0.0023711417,0.011914662,0.6433479,0.0072259624,2.0,2.0,3.0,2.0,Mar,Returning_Visitor,False,False
0.0,-3.2285132,0.0,9.515839,21.0,354.1204,-0.0016785356,0.039426867,0.29972234,0.0033301841,1.0,1.0,4.0,5.0,Aug,Returning_Visitor,True,False
0.0,26.37718,0.0,21.232357,9.0,302.10757,0.09588961,0.10788879,-0.9214781,0.0037170593,2.0,2.0,2.0,9.0,Mar,Returning_Visitor,False,False
5.0,73.4294,0.0,52.08813,18.0,159.73618,-0.0046890303,-1.5366119e-05,62.27528,0.00650247,2.0,2.0,2.0,1.0,Nov,Returning_Visitor,False,False
9.0,111.55935,2.0,67.34622,87.0,2377.0884,0.0026659928,0.013848065,10.255489,-0.009067567,2.0,2.0,1.0,1.0,Nov,Returning_Visitor,False,True
1.0,22.484735,-0.0,-0.8763367,4.0,-42.585484,0.009669861,0.052477103,3.21067,0.0052139815,1.0,1.0,1.0,7.0,Nov,Returning_Visitor,False,False
4.0,62.80471,-0.0,4.6123033,18.0,159.40402,0.004535364,0.030644462,0.5731012,0.0037600268,2.0,2.0,2.0,9.0,Nov,Returning_Visitor,False,False
-0.0,-11.211729,-0.0,-1.1399285,8.0,236.90097,0.0464818,0.11215146,1.9197048,0.0010524673,2.0,2.0,1.0,2.0,Dec,Returning_Visitor,False,False
1.0,-13.954527,0.0,-8.614431,10.0,-70.752846,-0.002606757,0.01262051,45.144505,-0.0011188703,2.0,2.0,1.0,2.0,Oct,New_Visitor,True,True
-0.0,-4.0532737,0.0,-9.772623,26.0,1724.6871,-0.0071536154,0.0099541815,-0.09547122,0.54800534,2.0,2.0,3.0,3.0,May,Returning_Visitor,False,False
7.0,195.24715,-0.0,-19.63901,20.0,728.3565,-0.0025564004,0.010970847,19.967743,0.0041636806,3.0,2.0,2.0,1.0,Jul,Returning_Visitor,False,True
6.0,76.779396,1.0,20.054068,83.0,3154.0808,0.004013503,0.015457046,3.2176733,0.005039448,2.0,2.0,3.0,3.0,Jul,Returning_Visitor,False,False
1.0,130.75418,0.0,0.12522732,22.0,702.04913,0.0093283355,0.021281093,-0.5390304,0.013455803,2.0,2.0,10.0,3.0,Dec,Returning_Visitor,False,False
6.0,185.28365,-0.0,28.252121,51.0,1225.3649,0.0072525973,0.016789302,35.41789,-0.0060813595,2.0,2.0,3.0,1.0,Jul,Returning_Visitor,True,True
6.0,246.48859,0.0,4.5717607,33.0,1070.4639,0.017130444,0.038799148,1.8510295,-0.012500392,2.0,2.0,1.0,2.0,Nov,Returning_Visitor,False,False
0.0,26.658934,0.0,9.058157,5.0,595.74976,0.014583122,0.049010307,13.907878,-0.00977383,2.0,2.0,3.0,1.0,Dec,Returning_Visitor,False,True
0.0,-2.5019355,0.0,-4.770948,12.0,331.14487,0.0017866456,0.046264123,-0.29558787,-0.0039853994,2.0,2.0,3.0,2.0,Dec,Returning_Visitor,False,False
2.0,56.502132,-0.0,-7.351892,38.0,942.8632,0.0061415834,0.014415066,0.39480844,0.0013124627,2.0,2.0,4.0,2.0,Nov,Returning_Visitor,True,False
1.0,5.6046166,0.0,-3.273153,20.0,1080.4976,0.009568918,0.023902336,-0.14715846,0.00053947984,2.0,3.0,2.0,3.0,Nov,New_Visitor,False,False
3.0,77.92543,0.0,7.8339334,41.0,2044.4478,-0.0007580499,0.008692686,0.75783557,0.0071759876,2.0,2.0,1.0,2.0,Mar,Returning_Visitor,False,False
1.0,30.126898,0.0,-4.353521,56.0,2611.4597,0.020092648,0.042230614,-0.74973327,-0.009068208,3.0,2.0,1.0,4.0,Sep,Returning_Visitor,False,False
1.0,5.3057427,0.0,-18.627264,-1.0,645.89716,0.026039558,0.05676355,69.28809,0.44955012,2.0,2.0,1.0,7.0,May,Returning_Visitor,False,True
-0.0,4.7278543,0.0,-1.3543488,17.0,349.21786,0.15534264,0.16227932,-2.7825863,0.33564913,1.0,4.0,4.0,6.0,Feb,Returning_Visitor,True,False
1.0,-4.4787498,-0.0,3.6203406,13.0,640.6964,0.009204757,0.02750203,-3.1341898,-0.0013669784,3.0,2.0,4.0,4.0,June,New_Visitor,True,False
0.0,-28.409529,-0.0,-4.461107,12.0,212.33316,0.03233395,0.07753481,0.42409912,0.10556265,1.0,1.0,1.0,2.0,Mar,Returning_Visitor,False,False
1.0,-9.295599,1.0,9.607586,18.0,833.2514,-0.0012825149,0.020982219,-1.0215796,0.009695357,2.0,2.0,1.0,2.0,Oct,Returning_Visitor,False,False
7.0,177.92169,0.0,1.4054168,18.0,551.1709,-0.001054637,0.016373986,0.56263655,0.11307222,3.0,2.0,1.0,3.0,May,Returning_Visitor,True,False
5.0,78.819534,-0.0,-6.4245505,61.0,659.07263,0.009397222,0.020227041,4.3963795,-0.0013120564,2.0,2.0,2.0,2.0,Mar,Returning_Visitor,False,False
7.0,216.65846,0.0,11.775389,0.0,-35.342075,0.0030339248,0.018053781,0.022329494,-0.0014301183,1.0,1.0,3.0,3.0,Oct,New_Visitor,True,False
1.0,64.3002,0.0,2.0024397,17.0,280.72537,0.00085014675,0.0035497628,-0.94925815,0.009003831,2.0,2.0,4.0,9.0,Oct,New_Visitor,False,False
1.0,-2.4941611,0.0,11.433287,4.0,80.18636,0.15459222,0.16437998,-0.13314565,-0.004289666,3.0,2.0,2.0,4.0,May,Returning_Visitor,False,False
3.0,82.15531,0.0,-2.3458269,2.0,18.845423,0.020028526,0.04049721,4.789562,-0.013095075,3.0,2.0,2.0,2.0,Mar,Returning_Visitor,False,True
3.0,66.27695,-0.0,-12.291834,35.0,1711.1901,0.01239622,0.018619068,-0.62036973,0.026601473,3.0,2.0,5.0,3.0,May,Returning_Visitor,False,False
-0.0,-0.5188805,0.0,12.453154,11.0,433.4471,0.025337031,0.042908374,0.77469176,-0.020702103,2.0,2.0,5.0,2.0,May,Returning_Visitor,False,False
1.0,58.043137,0.0,-1.6509491,13.0,364.89255,-0.0013721323,0.02138815,12.729166,-0.0010818596,3.0,2.0,3.0,6.0,Nov,Returning_Visitor,False,True
4.0,87.93959,0.0,-3.0130289,17.0,612.0552,0.055157904,0.06344196,-0.9610923,0.005228201,3.0,2.0,4.0,2.0,Feb,Returning_Visitor,False,False
9.0,136.7477,-0.0,-8.965948,34.0,1813.033,0.010712258,0.024957882,-0.048930958,0.0076863263,2.0,3.0,3.0,2.0,Dec,Returning_Visitor,False,False
1.0,1.068003,0.0,0.8674644,18.0,574.68567,0.0076035485,0.020338947,-0.2987903,-0.0015538054,2.0,2.0,4.0,1.0,Nov,New_Visitor,False,False
2.0,41.701015,-0.0,-18.652021,45.0,722.48334,0.021405097,0.057883065,10.484241,-0.0011650788,2.0,2.0,10.0,4.0,Nov,Returning_Visitor,True,False
6.0,212.65291,2.0,74.21045,1.0,350.9125,-0.0018041133,0.021674708,-2.1211908,0.0043345224,2.0,2.0,4.0,3.0,Mar,New_Visitor,False,False
2.0,79.49716,1.0,43.554634,27.0,1248.8439,0.011272828,0.025738737,-1.4147505,0.56750184,1.0,1.0,3.0,3.0,May,Returning_Visitor,False,False
1.0,29.68175,-0.0,-3.4489534,33.0,170.20358,0.0032965727,0.017743554,0.5233447,-0.012129867,3.0,2.0,2.0,13.0,Mar,Returning_Visitor,True,False
0.0,7.3737054,0.0,-12.115519,13.0,251.19931,0.014021877,0.036878556,1.0294987,0.018654743,1.0,1.0,1.0,1.0,Mar,Returning_Visitor,False,False
5.0,121.08732,3.0,84.01036,52.0,873.08093,0.012976661,0.029461592,5.4606,-0.0095848385,4.0,1.0,1.0,2.0,Nov,Returning_Visitor,False,False
4.0,126.466606,3.0,152.05772,143.0,4592.511,0.003033612,0.010968906,10.615879,-0.0058739204,2.0,2.0,2.0,2.0,Nov,Returning_Visitor,False,False
0.0,28.45585,-0.0,-5.6148963,11.0,386.93967,-0.00013483306,0.016209418,2.039954,-0.0136773605,2.0,9.0,2.0,2.0,May,Returning_Visitor,False,False
-0.0,-6.467649,1.0,30.003504,24.0,785.67883,0.00991682,0.02791834,1.4976922,0.0068020355,2.0,2.0,1.0,14.0,Dec,Returning_Visitor,False,False
3.0,105.23974,0.0,6.3823323,40.0,1678.3158,-0.0021280628,0.0027860298,93.04988,0.006454801,2.0,2.0,1.0,2.0,Nov,New_Visitor,False,True
-0.0,-4.9754004,0.0,-16.561567,10.0,-24.742834,0.0363601,0.07509216,-0.6422375,-0.00061102764,1.0,1.0,1.0,1.0,Oct,Returning_Visitor,False,False
0.0,-1.8319985,-0.0,3.7401736,-0.0,164.56906,0.22886445,0.23952985,1.4246036,0.0024051648,2.0,2.0,1.0,1.0,Mar,Returning_Visitor,False,False
0.0,9.763041,1.0,18.136097,14.0,273.53012,0.0036097765,0.020387253,-1.1452044,-0.0021087993,3.0,2.0,3.0,1.0,Mar,Returning_Visitor,False,False
0.0,-8.367834,-0.0,-3.6969392,21.0,621.38904,0.039671943,0.07461589,1.6231285,1.0070326,2.0,2.0,1.0,4.0,May,Returning_Visitor,False,False
0.0,4.1337,0.0,5.442242,12.0,619.62756,0.05062529,0.08595849,1.5427357,0.006498294,1.0,1.0,3.0,1.0,May,Returning_Visitor,False,False
1.0,31.808577,0.0,1.6592621,20.0,978.3111,0.024538388,0.046593085,-0.045161083,-0.0071303938,4.0,1.0,2.0,2.0,Dec,Returning_Visitor,False,False
-0.0,9.809435,0.0,2.3532546,21.0,733.75415,0.012136189,0.06274879,-0.1287597,-0.009969199,2.0,2.0,5.0,14.0,May,Returning_Visitor,False,False
0.0,14.338694,-0.0,5.5624986,14.0,255.1661,1.3933596e-06,0.025808599,-1.4880828,0.006426165,2.0,3.0,2.0,14.0,Mar,Returning_Visitor,False,False
-0.0,2.8063836,-0.0,-3.3537538,19.0,512.6341,0.04637681,0.05377824,0.60813445,0.52242285,3.0,2.0,6.0,6.0,May,Returning_Visitor,False,False
1.0,1.2768577,0.0,1.785704,8.0,475.4987,-0.016583914,0.08192299,1.6375066,0.016057482,2.0,2.0,1.0,6.0,Jul,Returning_Visitor,False,False
9.0,124.03636,0.0,-8.684713,20.0,564.85364,0.0045081377,0.01258622,12.572307,0.011116723,2.0,3.0,3.0,3.0,May,Returning_Visitor,False,False
1.0,49.819508,-0.0,6.6279206,2.0,534.33344,0.0070346724,0.0286495,-0.26127514,0.00095688,1.0,2.0,2.0,2.0,Jul,Returning_Visitor,False,False
-0.0,-7.737043,0.0,1.6886276,-0.0,308.35025,-0.0020159967,0.045282762,-0.8982189,0.0009871667,3.0,2.0,6.0,6.0,Mar,Returning_Visitor,False,False
4.0,67.691246,-0.0,-8.528883,18.0,1208.6838,0.021700129,0.042369407,-0.33233914,-0.008057879,2.0,2.0,5.0,12.0,May,Returning_Visitor,False,False
-0.0,7.006861,0.0,-5.1915565,8.0,202.31088,0.0012645648,0.06115357,0.40228906,0.38309008,2.0,2.0,5.0,2.0,May,Returning_Visitor,False,False
5.0,54.695194,-0.0,-25.36276,33.0,337.54892,0.0042308625,0.017947147,13.805376,0.0019959677,2.0,2.0,8.0,2.0,Mar,Returning_Visitor,True,True
0.0,14.18886,0.0,-4.1730666,7.0,243.32773,0.0051254667,0.05036308,-0.5475462,0.0320598,2.0,2.0,1.0,8.0,Dec,Returning_Visitor,False,False
3.0,47.008007,-0.0,-9.058783,2.0,-199.2974,0.011575115,0.036744833,1.0210229,0.008563301,1.0,1.0,2.0,8.0,Nov,Returning_Visitor,False,False
-0.0,-2.6959815,0.0,-17.956198,6.0,566.57544,0.116890654,0.16500132,0.911843,-0.011278549,4.0,2.0,1.0,1.0,Nov,Returning_Visitor,False,False
5.0,97.552536,-0.0,17.485771,22.0,180.67538,0.00038235643,0.01068749,1.0777165,0.011161966,3.0,2.0,12.0,2.0,May,Returning_Visitor,False,False
3.0,423.08005,-0.0,-15.157118,18.0,742.4935,0.019813012,0.040236738,0.060294315,-0.002287494,3.0,2.0,1.0,7.0,May,Returning_Visitor,True,False
-0.0,6.2049966,-0.0,6.683333,4.0,-30.65592,0.029041657,0.072035976,-0.98085815,-0.001065852,2.0,2.0,3.0,2.0,Nov,Returning_Visitor,False,False
10.0,590.2078,1.0,20.065126,82.0,3426.759,-0.0039716866,-0.0030752488,61.956604,-0.057378955,3.0,2.0,9.0,4.0,May,Returning_Visitor,False,True
1.0,5.126536,0.0,19.996626,63.0,2782.88,0.024136527,0.043656442,-0.96906835,0.50187445,3.0,2.0,1.0,2.0,Feb,Returning_Visitor,False,False
4.0,42.03985,1.0,-8.023661,26.0,2207.4456,-0.0010629742,0.0172084,1.6547447,0.014736189,2.0,2.0,3.0,2.0,Nov,Returning_Visitor,False,False
1.0,50.744568,0.0,-6.3170447,67.0,2105.6597,0.0032426845,0.011955432,0.57591313,0.0038574021,2.0,2.0,7.0,2.0,Nov,Returning_Visitor,False,False
0.0,-9.99658,0.0,4.3470826,8.0,296.56912,0.0070803296,0.040634356,0.67873925,-0.009370202,3.0,2.0,3.0,2.0,Mar,Returning_Visitor,False,False
0.0,5.4747415,0.0,-17.165777,13.0,201.33585,0.003590634,0.05470705,-0.62434655,0.0070219617,2.0,6.0,3.0,11.0,May,Returning_Visitor,False,False
0.0,0.4878105,0.0,-2.6155603,17.0,143.4725,0.09057597,0.11601179,0.5616533,0.39491048,2.0,2.0,3.0,6.0,May,Returning_Visitor,False,False
5.0,26.203516,2.0,202.5218,46.0,1583.4308,0.0053068586,0.014468375,8.575583,0.0015569498,1.0,5.0,2.0,2.0,Mar,Returning_Visitor,True,True
5.0,105.81908,0.0,6.089438,18.0,-128.43277,0.0004988798,0.0045285756,2.7355924,0.00037161825,2.0,6.0,6.0,3.0,Mar,Returning_Visitor,False,False
0.0,-0.9386803,0.0,6.2957997,4.0,148.03146,0.011347233,0.04761093,-1.8350285,-0.020244317,4.0,2.0,1.0,2.0,Mar,Returning_Visitor,False,False
-0.0,-17.306814,0.0,-1.2247559,45.0,1235.1815,0.013243332,0.035828248,0.66047305,0.64456356,3.0,2.0,3.0,8.0,May,Returning_Visitor,False,False
0.0,-8.217566,-0.0,7.198355,46.0,740.67017,0.0019894969,0.017260814,0.30075994,0.56449044,2.0,4.0,4.0,3.0,May,Returning_Visitor,False,False
2.0,-1.4297234,0.0,23.969479,18.0,179.31662,0.00091341895,0.017957214,4.533721,-0.009808445,1.0,2.0,1.0,1.0,Jul,Returning_Visitor,False,True
2.0,32.87139,-0.0,-14.421656,70.0,2705.6855,0.0040458664,0.015364661,1.149769,0.007120719,1.0,1.0,1.0,3.0,Dec,Returning_Visitor,False,True
-0.0,8.88492,0.0,3.3518183,5.0,218.44968,0.006617777,0.04100586,-0.26458868,-0.015973823,2.0,4.0,5.0,2.0,Mar,Returning_Visitor,False,False
-0.0,-6.72743,2.0,20.636166,32.0,1696.1567,0.016099822,0.050957754,1.5291039,0.030977914,2.0,2.0,2.0,4.0,May,Returning_Visitor,False,False
9.0,766.5876,7.0,263.66348,89.0,3421.6047,0.0019813944,0.013669954,4.7102656,0.0052840468,1.0,1.0,3.0,13.0,Nov,Returning_Visitor,False,False
1.0,46.48337,0.0,-3.616964,9.0,834.00226,0.0069267945,0.042316467,-0.77378446,0.011436285,2.0,2.0,4.0,18.0,Mar,Returning_Visitor,False,False
-0.0,-1.7148491,-0.0,0.8550781,35.0,2097.9565,0.017834798,0.03938753,-0.5085214,-0.004395047,2.0,2.0,8.0,12.0,Nov,Returning_Visitor,False,False
3.0,37.290707,1.0,67.74888,37.0,-25.06571,0.0130760465,0.0184426,3.1711717,0.0022043046,2.0,2.0,4.0,21.0,Nov,Returning_Visitor,False,False
-0.0,12.7716465,-0.0,24.116169,-9.0,343.43863,0.34420994,0.31136656,1.9781018,-0.023003029,2.0,8.0,6.0,3.0,Dec,Returning_Visitor,False,False
-0.0,12.746309,0.0,-10.865683,2.0,-76.38126,0.007591051,0.046759695,-0.7545088,0.1713258,2.0,2.0,1.0,3.0,Mar,Returning_Visitor,False,False
0.0,3.2194238,-0.0,-4.8545585,22.0,637.91486,0.010976406,0.01961661,0.1320173,-0.008897925,2.0,3.0,1.0,2.0,Mar,Returning_Visitor,False,False
3.0,280.7584,0.0,0.89988554,17.0,749.01697,-0.0039031208,0.019063698,1.1834894,0.32794666,2.0,2.0,2.0,3.0,May,New_Visitor,False,False
-0.0,-0.93529284,-0.0,28.154005,27.0,1375.6384,0.00019259389,0.0011083714,18.565796,-0.0123528335,2.0,8.0,1.0,2.0,Mar,Returning_Visitor,False,True
0.0,18.141447,0.0,-2.3431718,6.0,116.62203,0.19187355,0.19779158,0.024343178,0.012845399,3.0,2.0,5.0,5.0,Aug,Returning_Visitor,False,False
0.0,8.195467,-0.0,2.137133,14.0,246.38437,0.018399864,0.06236277,0.97708243,-0.004530104,3.0,2.0,1.0,9.0,Nov,Returning_Visitor,False,False
0.0,4.573748,2.0,17.730228,13.0,268.31808,-0.0018452721,0.023125984,-0.4020866,-0.0017726662,2.0,2.0,1.0,3.0,May,Returning_Visitor,False,False
4.0,59.82969,0.0,-0.8580338,34.0,959.0867,0.0021510236,0.011811986,0.5629789,0.0015374963,2.0,2.0,7.0,2.0,Oct,Returning_Visitor,False,False
-0.0,0.1386131,-0.0,-0.66094744,13.0,543.76843,-0.00041197232,0.041773252,-0.32460436,-0.0062862057,2.0,3.0,3.0,2.0,Nov,Returning_Visitor,False,False
13.0,390.14484,-0.0,-41.877277,76.0,1804.1775,0.0016094988,0.010199954,17.746197,-0.005307654,2.0,2.0,1.0,2.0,Aug,Returning_Visitor,False,False
4.0,61.857002,-0.0,20.178923,30.0,1442.8392,0.003870109,0.021034785,2.3614078,0.0023602191,2.0,2.0,1.0,1.0,Nov,Returning_Visitor,True,True
1.0,49.64767,0.0,7.8082643,10.0,782.3503,0.05340405,0.079769194,0.8309147,-0.007755393,3.0,2.0,5.0,7.0,Mar,Returning_Visitor,False,False
-0.0,27.673193,-0.0,-5.139955,7.0,19.923548,0.026855804,0.04259067,0.2473809,0.40654132,4.0,2.0,1.0,3.0,May,Returning_Visitor,False,False
7.0,139.84422,3.0,83.87979,173.0,3014.339,0.01955273,0.03575913,-2.8180315,0.013409795,3.0,1.0,1.0,2.0,Aug,Returning_Visitor,False,False
0.0,-10.049185,0.0,4.6110578,6.0,456.2496,-0.003733702,0.05595423,-0.28860888,-0.0023752693,2.0,2.0,9.0,3.0,May,Returning_Visitor,False,False
0.0,35.444626,4.0,107.14096,29.0,1266.1594,0.0075736456,0.012408012,-0.121313885,-0.007531332,3.0,2.0,6.0,2.0,Dec,Returning_Visitor,False,False
-0.0,24.676935,-0.0,-2.040159,15.0,722.57874,0.00015315237,0.022396108,3.901003,-0.009653965,2.0,5.0,4.0,4.0,Dec,New_Visitor,False,False
0.0,-11.38867,-0.0,-8.927774,-2.0,46.46896,0.14203316,0.15133512,0.89601964,0.031721454,4.0,2.0,2.0,2.0,Aug,Returning_Visitor,False,False
0.0,2.3947244,-0.0,4.823916,8.0,206.93771,0.094025165,0.12603106,-0.01058896,-0.0014165583,2.0,2.0,2.0,2.0,Mar,Returning_Visitor,False,False
3.0,42.261517,-0.0,-1.4480034,127.0,8527.562,-0.00069694954,0.004073021,14.395559,0.023949122,1.0,2.0,2.0,1.0,May,Returning_Visitor,False,True
8.0,280.16095,4.0,125.82619,170.0,6293.9194,0.008683419,0.015968908,7.4400554,0.004326137,2.0,2.0,9.0,3.0,Jul,Returning_Visitor,True,False
-0.0,0.11609877,-0.0,2.1553576,43.0,1335.6974,0.053598214,0.06698484,-1.7896789,-0.016151095,2.0,2.0,5.0,12.0,June,Returning_Visitor,False,False
2.0,33.366215,-0.0,-14.478346,29.0,1926.7572,0.04452934,0.055804983,6.8867245,0.5457095,2.0,8.0,1.0,4.0,May,Returning_Visitor,False,False
2.0,29.867739,0.0,5.6770043,43.0,2433.4185,0.005550502,0.021211425,3.3176484,0.003578851,2.0,3.0,1.0,2.0,Dec,Returning_Visitor,False,False
1.0,-74.226685,6.0,268.85483,23.0,414.89407,0.009414246,0.032311037,4.039075,0.08463188,2.0,2.0,2.0,3.0,May,Returning_Visitor,False,False
-0.0,-18.500898,1.0,78.19609,32.0,1269.0151,-0.0017151459,-0.00047470932,39.927242,0.0016511885,2.0,3.0,1.0,4.0,Oct,New_Visitor,True,True
1.0,-0.7121254,0.0,2.42956,6.0,143.85336,-0.0064716153,0.039445963,0.019664451,0.017812474,2.0,4.0,1.0,1.0,Mar,New_Visitor,True,False
2.0,13.018709,0.0,-3.9525316,56.0,755.13837,-0.004296845,0.0019669503,1.4888703,0.14795168,2.0,4.0,1.0,1.0,May,Returning_Visitor,False,False
5.0,112.26086,-0.0,-10.183233,32.0,1381.0605,0.00037138545,0.02075668,1.6932508,0.044260602,2.0,2.0,6.0,8.0,May,Returning_Visitor,False,False
1.0,17.863562,-0.0,-9.691347,11.0,43.838833,-0.0003097075,0.012449325,-0.41067967,0.0076829735,2.0,4.0,8.0,3.0,Aug,Returning_Visitor,False,False
2.0,33.282772,-0.0,12.293634,21.0,381.93692,0.00044358344,0.011381985,32.828857,-0.0062008593,1.0,1.0,2.0,3.0,Oct,New_Visitor,False,False
-0.0,-5.3763328,0.0,-12.351988,-4.0,-213.21976,0.06961972,0.11480037,-0.7994836,0.06237901,3.0,4.0,3.0,3.0,May,Returning_Visitor,False,False
2.0,59.59015,3.0,233.00188,34.0,1977.1091,-0.0007879789,0.002184306,1.6412755,0.036700815,3.0,2.0,1.0,2.0,May,Returning_Visitor,False,False
-0.0,-1.0307976,0.0,13.991606,34.0,1052.4327,0.007997225,0.02591104,1.9217256,0.017514894,1.0,11.0,5.0,2.0,May,Returning_Visitor,False,False
1.0,-7.84699,0.0,-2.896013,19.0,1114.6471,0.034698185,0.0647726,-2.056905,0.9331913,3.0,2.0,3.0,2.0,May,Returning_Visitor,False,False
-1.0,2.1740441,0.0,-14.6338825,15.0,137.63474,0.0049565956,0.023177322,1.3685838,-0.014135683,1.0,2.0,7.0,1.0,Mar,Returning_Visitor,True,False
0.0,11.92396,-0.0,-10.069826,11.0,899.1653,0.0033915974,0.03400484,-1.4539479,0.0096076075,2.0,2.0,2.0,1.0,Nov,Returning_Visitor,False,False
0.0,-2.9251914,0.0,5.393212,8.0,687.03046,0.023817308,0.042134278,-1.5047387,0.010548977,1.0,2.0,4.0,1.0,Feb,Returning_Visitor,False,False
1.0,55.312584,-0.0,72.558304,37.0,1296.7987,0.03284088,0.03958908,3.9887953,-0.0054142643,0.0,0.0,6.0,19.0,May,Returning_Visitor,False,False
1.0,25.04225,1.0,17.1675,24.0,571.6955,0.008457845,0.02239592,0.28889623,-0.0014407354,3.0,2.0,2.0,2.0,Mar,Returning_Visitor,False,False
5.0,517.35815,-0.0,-1.4539505,50.0,2380.7825,0.0056201685,0.021021035,8.222283,-7.882894e-05,2.0,2.0,2.0,0.0,Dec,Returning_Visitor,False,False
3.0,93.846756,0.0,3.457476,15.0,624.9196,0.009398203,0.01867267,-0.16279538,-0.0036308113,3.0,2.0,3.0,2.0,Mar,Returning_Visitor,False,False
0.0,5.0501122,0.0,-0.6375252,0.0,125.89315,0.18866056,0.20011543,-1.1939796,0.0025293846,2.0,2.0,1.0,1.0,Nov,Returning_Visitor,False,False
2.0,-2.2541099,-0.0,4.2982965,3.0,71.953575,-0.0006733424,0.030167118,-0.4491075,0.35246325,3.0,3.0,1.0,14.0,May,Returning_Visitor,False,False
1.0,13.41884,0.0,-1.6758476,53.0,1900.3284,-0.00048437706,0.02945032,-0.09042247,0.010509377,2.0,2.0,1.0,7.0,Nov,Returning_Visitor,False,False
1.0,23.217531,0.0,-0.4417626,14.0,998.2759,0.016544746,0.044045944,-0.40426907,0.005393045,1.0,1.0,1.0,2.0,Nov,Returning_Visitor,True,False
7.0,138.88918,0.0,-10.761618,33.0,1317.5675,0.013774218,0.020622864,-0.76507217,-6.1368504e-05,0.0,1.0,1.0,3.0,May,Returning_Visitor,False,False
-0.0,-11.680098,-0.0,-8.410986,20.0,700.53784,0.018083487,0.042902425,2.1510687,1.0493844,2.0,2.0,5.0,2.0,May,Returning_Visitor,False,False
1.0,30.479471,-0.0,3.6419814,13.0,426.4691,0.006719392,0.021852523,1.5675021,-0.0144501645,2.0,2.0,5.0,2.0,Dec,New_Visitor,False,False
0.0,3.388186,0.0,-4.916517,6.0,445.55643,0.0143342735,0.06769755,-0.862294,0.0010966008,2.0,2.0,5.0,2.0,May,Returning_Visitor,False,False
1.0,13.049044,0.0,-8.603792,8.0,-61.363438,0.1261108,0.14268243,-1.3417715,0.037917655,2.0,2.0,4.0,3.0,May,Returning_Visitor,False,False
2.0,-27.919233,2.0,123.526825,27.0,3660.3557,0.005364878,0.027400542,3.935715,-0.0048977155,3.0,3.0,1.0,19.0,Sep,Returning_Visitor,False,False
1.0,6.8036904,0.0,30.397995,15.0,455.69394,0.04022343,0.048215326,-1.4544472,0.49824914,3.0,2.0,1.0,3.0,May,Returning_Visitor,False,False
0.0,-4.2312064,0.0,2.0267432,13.0,77.17184,0.04007634,0.071036324,4.6655493,0.258473,2.0,2.0,3.0,5.0,May,Returning_Visitor,False,True
2.0,37.026978,-0.0,6.159083,10.0,-48.782993,0.049037546,0.06513265,-0.3983334,0.6723308,6.0,1.0,2.0,4.0,May,Returning_Visitor,False,False
0.0,-9.224394,0.0,-14.944208,9.0,303.26602,0.032954033,0.06365624,0.18422858,-0.015345173,1.0,1.0,1.0,1.0,Nov,Returning_Visitor,True,False
2.0,87.508255,-0.0,-7.4085555,15.0,686.6469,0.0040458348,0.016937185,0.3480493,0.021414673,1.0,2.0,2.0,2.0,May,Returning_Visitor,False,False
3.0,107.343796,0.0,12.630997,35.0,1977.2633,0.008046998,0.019546222,13.3288555,0.0066628437,2.0,2.0,6.0,2.0,May,Returning_Visitor,False,False
2.0,23.331224,1.0,10.923662,1.0,107.33553,0.0042904764,0.0355841,-1.0533212,0.009236766,2.0,2.0,6.0,1.0,Dec,Returning_Visitor,False,False
1.0,-16.330046,-0.0,-10.086325,22.0,54.271084,0.0610082,0.072314404,-1.4964179,0.015531482,3.0,2.0,12.0,1.0,Jul,Returning_Visitor,False,False
6.0,149.0109,1.0,36.484013,12.0,254.98373,0.0028776806,0.01599835,-2.6353219,0.20453024,2.0,3.0,3.0,1.0,Mar,Returning_Visitor,False,False
3.0,113.48697,0.0,-2.0147455,11.0,720.87,0.0052359235,0.023894256,-1.6897024,-0.011813352,2.0,2.0,6.0,2.0,Nov,Returning_Visitor,False,False
2.0,27.251062,3.0,91.72998,17.0,588.9868,0.014482478,0.034653287,9.22699,0.011661155,2.0,5.0,6.0,2.0,Mar,Returning_Visitor,False,False
5.0,120.03583,0.0,-2.5792482,55.0,1502.701,0.0037139654,0.018934496,-1.7605094,0.70946825,3.0,3.0,1.0,3.0,May,Returning_Visitor,False,False
0.0,85.74792,1.0,110.321976,45.0,3117.1711,0.020593816,0.030731095,4.5925155,6.53696e-05,0.0,0.0,8.0,2.0,Nov,Returning_Visitor,False,False
1.0,20.776976,0.0,8.411339,27.0,2036.6638,0.046472814,0.06714393,1.4818574,0.01662462,3.0,3.0,6.0,2.0,Nov,Returning_Visitor,False,False
1.0,1.6009163,0.0,-4.0732093,1.0,78.738365,0.16736938,0.17233174,0.06670253,-0.0007224809,1.0,1.0,1.0,6.0,Nov,Returning_Visitor,False,False
0.0,-7.3278403,2.0,31.378061,33.0,1335.6417,0.014097368,0.046175245,0.66234034,0.02299205,2.0,2.0,1.0,2.0,Dec,Returning_Visitor,False,False
-1.0,43.07907,0.0,-26.78546,6.0,166.92184,0.16894482,0.16501504,2.057321,-0.009787688,2.0,6.0,7.0,2.0,Mar,Returning_Visitor,False,False
1.0,14.405634,-0.0,1.1019195,18.0,1358.7982,0.0050456095,0.033642817,2.0862117,0.015346145,2.0,4.0,4.0,1.0,Nov,Returning_Visitor,False,False
0.0,-3.8326316,-0.0,-0.86298525,33.0,1179.1188,-0.0040866714,0.012248912,1.2606083,0.0016423968,1.0,3.0,6.0,3.0,June,Returning_Visitor,False,False
-0.0,-2.4366431,0.0,1.6108497,14.0,251.94772,0.0014764426,0.032641318,-0.112124756,0.043651897,4.0,2.0,1.0,1.0,Dec,Returning_Visitor,False,False
0.0,-7.2749305,0.0,1.8225349,6.0,188.14719,0.0037121512,0.0675052,-0.2845405,0.0013172535,2.0,4.0,2.0,5.0,Mar,Returning_Visitor,False,False
1.0,0.1671089,0.0,158.35213,11.0,668.4356,-0.0024962071,0.010267221,5.950022,0.019598598,2.0,2.0,4.0,6.0,Oct,Returning_Visitor,True,True
2.0,13.243502,-0.0,6.097058,28.0,164.71725,0.0038556382,-0.00024188613,0.17027204,0.008207565,2.0,2.0,5.0,6.0,Oct,New_Visitor,False,False
1.0,22.03892,-0.0,1.5005859,-2.0,609.40356,0.0061146636,0.048912555,36.27329,-0.009378212,2.0,2.0,2.0,1.0,Sep,Returning_Visitor,False,False
7.0,70.98062,-0.0,-4.6514792,10.0,158.7109,-0.0020976346,0.04117125,1.3559223,-0.011680694,2.0,2.0,1.0,10.0,Nov,Returning_Visitor,True,False
10.0,205.94836,0.0,-23.123198,54.0,1539.7711,0.0015345198,0.0073498534,0.43434396,0.08864589,2.0,2.0,1.0,9.0,May,New_Visitor,False,False
0.0,-0.6031929,-0.0,5.8987126,9.0,-110.47709,0.009388222,0.05742263,0.22776048,0.98144174,2.0,2.0,8.0,2.0,May,Returning_Visitor,False,False
0.0,15.108667,0.0,-18.454481,15.0,324.23715,0.027691184,0.06884465,-0.5596755,0.0013017749,3.0,2.0,1.0,2.0,Nov,Returning_Visitor,True,False
5.0,152.52806,2.0,31.900942,21.0,1354.9648,-0.0050005578,0.011444875,1.51112,-0.022373112,1.0,1.0,4.0,7.0,Dec,Returning_Visitor,False,False
2.0,23.036848,-0.0,-4.2587295,5.0,313.15823,0.013323134,0.04171575,-1.1996487,-0.0018782112,3.0,2.0,1.0,6.0,Mar,Returning_Visitor,False,False
1.0,171.8012,-0.0,8.715158,-1.0,574.5753,0.009218146,0.018871717,16.545952,0.024736019,4.0,9.0,5.0,6.0,Sep,New_Visitor,False,True
4.0,177.01376,-0.0,3.3499377,49.0,1988.6772,0.00086274755,-0.00024866615,0.13796394,0.013740437,3.0,2.0,5.0,2.0,Jul,New_Visitor,True,True
2.0,30.458765,1.0,36.224667,13.0,743.91705,0.00598054,0.0257792,11.962674,-0.0016706529,2.0,12.0,0.0,4.0,Jul,Returning_Visitor,False,True
-0.0,-3.2742515,-0.0,-8.48818,2.0,28.86886,-0.006969422,0.021383818,-0.19468673,-0.004832806,1.0,1.0,4.0,2.0,Nov,Returning_Visitor,False,False
2.0,48.776993,0.0,-3.0053651,25.0,1628.7885,0.010293408,0.038536523,0.37496486,0.0071666185,3.0,1.0,1.0,1.0,Dec,Returning_Visitor,False,False
1.0,7.0218835,-0.0,-9.788755,13.0,358.81668,0.090124615,0.10456123,-2.1432335,0.024256708,5.0,1.0,5.0,0.0,Mar,Returning_Visitor,False,False
1.0,2.3915734,-0.0,0.5794281,3.0,118.982994,-0.0034360737,0.026064921,0.47586837,-0.0028041918,2.0,1.0,1.0,2.0,Oct,New_Visitor,False,False
0.0,15.843363,0.0,-1.3659378,22.0,966.1601,-0.0005333683,0.010714044,-0.2870129,0.0032283347,3.0,2.0,4.0,5.0,May,Returning_Visitor,False,False
12.0,617.2703,5.0,113.64909,64.0,1226.3047,3.3442033e-05,0.003500384,-2.1796725,0.0046928357,1.0,1.0,2.0,2.0,June,New_Visitor,True,False
1.0,7.680491,0.0,-8.948866,10.0,344.05746,0.044242777,0.07844074,-0.93093807,0.05416474,2.0,2.0,8.0,1.0,Mar,Returning_Visitor,False,False
7.0,153.28758,4.0,55.51077,45.0,894.3667,0.0053838156,0.01950357,0.16183107,0.0029217172,2.0,2.0,1.0,3.0,Nov,Returning_Visitor,False,False
5.0,196.5145,1.0,10.487894,17.0,276.67197,0.025220225,0.050200056,10.251132,-0.019289182,3.0,2.0,1.0,2.0,Mar,Returning_Visitor,False,False
1.0,49.72371,0.0,5.5829663,6.0,372.80496,0.023385063,0.040605962,-1.0125536,-0.0053696427,3.0,2.0,2.0,2.0,Nov,Returning_Visitor,False,False
2.0,125.515816,-0.0,7.5359006,16.0,658.9918,0.015968397,0.043011937,0.24727075,-0.007625783,2.0,2.0,2.0,2.0,May,Returning_Visitor,False,False
3.0,74.40831,0.0,-8.945467,20.0,501.2457,0.0014531614,0.014929722,29.222816,0.0073413793,2.0,2.0,3.0,3.0,Mar,Returning_Visitor,False,True
1.0,8.671793,-0.0,27.07487,49.0,2773.959,0.025831912,0.05077052,-1.3913625,0.046397183,3.0,3.0,10.0,22.0,Oct,Returning_Visitor,False,True
2.0,58.171062,0.0,3.4361308,25.0,2012.5613,0.00017349618,0.014969676,21.422092,-0.018532084,4.0,2.0,4.0,1.0,Dec,Returning_Visitor,False,False
-1.0,-3.3529334,0.0,-18.984503,5.0,121.37325,-0.0039570164,0.009978467,-1.65915,0.017294431,2.0,5.0,6.0,4.0,May,New_Visitor,True,False
0.0,1.3927177,-0.0,-0.3739678,-0.0,60.53964,0.17594814,0.18472193,0.8731181,0.00084002136,2.0,2.0,6.0,2.0,Mar,Returning_Visitor,False,False
7.0,143.18085,4.0,123.5338,55.0,1022.0626,0.0014320147,0.016523197,9.254119,-0.007031316,2.0,2.0,4.0,2.0,Nov,Returning_Visitor,False,True
0.0,27.329866,0.0,11.555141,6.0,126.66512,0.017404348,0.034906656,0.6199829,0.025810206,2.0,2.0,6.0,1.0,Jul,Returning_Visitor,True,False
4.0,103.15178,0.0,-6.4326262,15.0,727.57904,0.00016716505,0.032392003,4.9523134,0.009187186,2.0,2.0,7.0,2.0,Mar,Returning_Visitor,True,False
3.0,134.97925,-0.0,2.6532462,25.0,1077.5304,0.0029351842,0.00073520537,-1.7279152,4.2228094e-05,2.0,2.0,1.0,2.0,Oct,Returning_Visitor,False,False
11.0,556.77747,-0.0,11.233088,124.0,3657.981,0.012722846,0.013510513,4.1543407,0.011437384,2.0,2.0,9.0,2.0,Aug,Returning_Visitor,True,False
0.0,26.0081,0.0,6.92442,31.0,1652.1974,0.0022388622,0.017039293,16.737522,0.002668811,2.0,2.0,4.0,2.0,Mar,Returning_Visitor,False,True
1.0,55.717358,-0.0,2.648739,12.0,2479.8542,0.00839905,0.021444669,64.51771,0.0143276695,2.0,5.0,1.0,1.0,May,Returning_Visitor,True,True
3.0,90.85918,-0.0,11.834339,9.0,228.97525,0.005469164,0.008982652,-0.28168854,0.009863151,1.0,1.0,4.0,1.0,Nov,Returning_Visitor,False,False
4.0,86.682365,0.0,-3.24732,12.0,218.41458,-0.002417829,0.0050239908,-0.029389694,-0.0069262553,2.0,2.0,2.0,1.0,Mar,Returning_Visitor,False,False
2.0,182.1836,0.0,42.548702,4.0,481.64346,0.015143814,0.024048345,0.07510726,-0.007009426,3.0,2.0,2.0,5.0,Mar,Returning_Visitor,False,False
0.0,-8.18891,-0.0,-0.5112816,4.0,123.597984,0.16177799,0.18395588,0.6756813,0.0075338054,3.0,2.0,2.0,2.0,Nov,Returning_Visitor,False,False
9.0,247.17717,0.0,-19.807932,19.0,378.23752,0.005601382,0.026035659,3.009833,0.08161419,3.0,2.0,1.0,2.0,May,New_Visitor,False,False
1.0,11.2664585,-0.0,21.581575,79.0,3257.9727,0.0078016073,0.03298313,1.346038,-0.000597896,3.0,4.0,1.0,2.0,Nov,Returning_Visitor,False,False
1.0,39.935593,-0.0,3.7157462,15.0,1414.8468,0.0038199387,0.022522705,-0.9228857,0.023964012,3.0,2.0,9.0,6.0,Dec,Returning_Visitor,False,False
1.0,5.2225747,-0.0,4.220181,48.0,1002.62067,0.0066270875,0.012869463,-0.24174483,0.0034135524,2.0,2.0,1.0,2.0,Nov,Returning_Visitor,False,False
0.0,-6.597242,0.0,6.6453424,11.0,962.79956,0.012484946,0.039427593,2.3523083,0.0019063187,2.0,2.0,1.0,6.0,Nov,Returning_Visitor,False,False
1.0,12.949717,0.0,-7.613832,0.0,-150.66263,-0.0043448023,0.07595832,0.57971305,0.018269992,2.0,2.0,7.0,2.0,Jul,New_Visitor,False,True
8.0,210.88994,0.0,2.4632246,88.0,3338.5593,0.0030132607,0.018444251,7.9971967,-0.006000446,2.0,2.0,8.0,1.0,Nov,Returning_Visitor,True,True
0.0,184.72061,0.0,-17.011515,31.0,1921.5903,0.0028777625,0.014352945,41.257996,-0.0146481935,4.0,2.0,7.0,1.0,Nov,Returning_Visitor,False,True
0.0,-15.120283,0.0,5.3481774,42.0,1312.5437,-0.0019892734,0.0003867268,41.223534,0.009078288,2.0,8.0,3.0,1.0,Mar,Returning_Visitor,False,False
0.0,11.91749,-0.0,15.316948,23.0,687.17395,0.0076133776,0.036566596,0.70390004,0.6657004,2.0,2.0,1.0,13.0,May,Returning_Visitor,False,False
0.0,26.029123,0.0,0.7717575,3.0,-54.860508,0.019056804,0.08853685,-1.1384114,-0.0050092805,2.0,6.0,5.0,9.0,Nov,Returning_Visitor,False,False
1.0,-10.103704,-0.0,-10.212824,8.0,416.13174,-0.0009873192,0.01454166,-0.61110574,0.006952947,2.0,6.0,2.0,4.0,May,Returning_Visitor,False,False
0.0,16.323725,-0.0,-2.3697336,3.0,211.61276,-0.0006964094,0.04788727,0.9079806,0.0050470177,1.0,4.0,2.0,6.0,May,Returning_Visitor,True,False
2.0,-11.313665,-0.0,-8.194555,43.0,1472.3235,0.009519256,0.028321264,2.9715936,0.5731608,4.0,1.0,1.0,4.0,May,Returning_Visitor,False,False
-0.0,9.009668,0.0,9.101524,3.0,94.014,0.11383175,0.16268048,-1.3073319,-0.016722651,4.0,6.0,2.0,0.0,Mar,Returning_Visitor,False,False
0.0,8.799921,0.0,5.648524,13.0,252.73868,0.056432705,0.095150776,0.92669314,0.017162835,1.0,1.0,1.0,6.0,Nov,Returning_Visitor,True,False
-0.0,19.018324,-0.0,-15.78396,2.0,106.32528,0.27975956,0.260041,0.72510546,-0.0011887642,1.0,2.0,5.0,1.0,May,Returning_Visitor,False,False
0.0,9.995226,0.0,-7.297441,1.0,-7.6890006,0.20999107,0.21295568,0.61511153,0.0741594,2.0,2.0,2.0,2.0,May,Returning_Visitor,False,False
14.0,427.89493,1.0,-11.86429,101.0,2985.945,0.0059106834,0.021394067,2.4761615,0.00842906,2.0,2.0,2.0,5.0,Sep,Returning_Visitor,True,False
0.0,3.3151956,0.0,9.373436,23.0,-239.60172,0.009778936,0.047315836,20.405825,0.0054092575,2.0,3.0,7.0,3.0,May,Returning_Visitor,True,True
-0.0,2.0896935,0.0,4.736508,28.0,1310.9792,0.006743147,0.046197046,0.5102779,0.57053685,5.0,1.0,1.0,9.0,May,Returning_Visitor,False,False
1.0,110.36226,1.0,29.60664,130.0,9162.458,0.0062756175,0.02563426,0.28245082,-0.011199931,2.0,2.0,3.0,1.0,Nov,Returning_Visitor,False,False
2.0,62.777298,-0.0,-12.05995,46.0,2196.8865,0.011556676,0.028798604,1.3321725,0.004331259,3.0,2.0,1.0,3.0,Nov,Returning_Visitor,False,True
2.0,212.66777,0.0,20.223646,23.0,997.5856,-0.00013566938,0.0071995975,2.0925932,0.0037138294,4.0,2.0,4.0,4.0,Dec,Returning_Visitor,False,False
0.0,-6.4299445,0.0,-5.9285636,5.0,337.38724,0.19987106,0.18897301,1.6651193,0.00047954737,2.0,2.0,7.0,0.0,Nov,Returning_Visitor,False,False
0.0,-7.380819,0.0,1.2504524,17.0,640.21857,0.011860047,0.023129843,0.80247706,0.0071840715,2.0,2.0,4.0,1.0,Nov,Returning_Visitor,False,False
0.0,-6.298696,0.0,-8.022936,19.0,1248.6804,0.012037623,0.025885476,1.5239083,0.0012776164,1.0,1.0,5.0,1.0,Nov,Returning_Visitor,True,False
3.0,81.43293,-0.0,-5.706014,64.0,2079.6226,0.013200589,0.018006451,1.840252,-0.008260535,3.0,2.0,4.0,15.0,Sep,Returning_Visitor,True,False
4.0,36.731285,0.0,-0.7446228,12.0,791.5639,0.0040350035,0.028991157,-0.5721062,-0.0103566665,2.0,2.0,2.0,8.0,Mar,New_Visitor,False,False
0.0,10.952517,-0.0,0.39062342,8.0,78.39388,0.08259778,0.111590065,0.13781945,0.5405864,3.0,2.0,2.0,3.0,May,Returning_Visitor,False,False
1.0,12.517893,0.0,-3.3153589,34.0,3404.4453,0.01205585,0.028992282,-1.1562504,-0.014874475,2.0,2.0,3.0,5.0,Mar,Returning_Visitor,False,False
3.0,60.60856,-0.0,23.498362,59.0,617.9495,0.00548674,0.029737672,-0.9007328,0.00537871,1.0,1.0,1.0,8.0,May,Returning_Visitor,True,False
0.0,-22.22074,0.0,3.9987242,3.0,350.6071,0.091348685,0.10589664,-0.79076177,0.010755422,1.0,2.0,1.0,3.0,Feb,Returning_Visitor,False,False
0.0,10.996767,-0.0,1.4794449,9.0,661.65515,0.047776513,0.08727934,0.43015113,-0.004390942,1.0,1.0,1.0,5.0,Nov,Returning_Visitor,False,False
-0.0,-0.6429955,0.0,-0.93573153,32.0,736.47235,0.0002027602,0.041095763,-1.01065,0.0008232315,2.0,3.0,3.0,15.0,May,Returning_Visitor,False,False
3.0,36.797657,3.0,628.2608,72.0,2390.332,-0.0031225532,0.0016976267,0.977441,-0.013467627,1.0,1.0,4.0,2.0,Oct,Returning_Visitor,False,True
0.0,-4.5634437,0.0,32.417927,24.0,809.40344,0.02020728,0.032089606,1.0482327,-0.0020037312,1.0,1.0,6.0,5.0,Nov,Returning_Visitor,False,False
9.0,853.19293,-0.0,-11.55335,69.0,3145.7812,0.0008775928,0.0036808036,65.41834,-0.01708001,2.0,2.0,1.0,2.0,Nov,New_Visitor,False,True
2.0,44.641434,-0.0,-10.219229,95.0,2434.298,0.0015378521,0.011700627,-1.3535846,0.008786103,2.0,1.0,5.0,3.0,Nov,Returning_Visitor,False,False
0.0,9.044909,2.0,81.219696,97.0,2056.0898,0.0010970087,0.009060868,1.0732929,-0.006014297,1.0,2.0,2.0,5.0,Nov,Returning_Visitor,False,False
0.0,-13.377157,0.0,9.54088,9.0,128.16147,0.021879762,0.057450145,1.7185928,-0.001213556,0.0,1.0,1.0,3.0,Dec,Returning_Visitor,False,False
-0.0,-7.2513633,-0.0,2.9641364,11.0,122.94369,0.005329231,0.04389994,1.785474,-0.006618703,2.0,2.0,6.0,1.0,Mar,Returning_Visitor,False,False
11.0,325.34756,7.0,596.9573,158.0,6509.162,0.01787188,0.027244307,2.6408885,0.028677346,2.0,2.0,2.0,2.0,Nov,Returning_Visitor,False,True
1.0,-8.054335,-0.0,-1.478563,23.0,117.10909,0.005491648,0.013093269,39.48905,0.099152595,1.0,1.0,5.0,2.0,May,Returning_Visitor,False,True
7.0,185.52838,0.0,-2.4564912,5.0,281.5009,-0.00018172142,0.013442292,2.1682174,-0.0036807824,2.0,2.0,2.0,4.0,Sep,New_Visitor,False,True
0.0,-13.721548,0.0,171.5034,20.0,2368.6484,-0.0020633694,0.0011522255,8.897972,0.01788705,2.0,4.0,3.0,3.0,Oct,New_Visitor,False,True
3.0,33.57969,0.0,-7.546621,52.0,1522.627,0.009590921,0.0076811174,0.37111107,0.011436285,1.0,1.0,3.0,1.0,Nov,Returning_Visitor,False,True
-0.0,-9.645308,3.0,87.03973,29.0,1627.1584,0.013582991,0.049490675,0.9440519,1.0374291,2.0,2.0,2.0,4.0,May,Returning_Visitor,False,False
9.0,186.51593,0.0,-6.895681,44.0,1417.8052,0.003229862,0.01596746,1.7181093,-0.0021331478,2.0,2.0,4.0,2.0,Dec,Returning_Visitor,False,False
5.0,147.27744,2.0,-8.523462,40.0,928.0478,0.0059918277,0.011645279,2.1247315,-0.007369498,1.0,1.0,1.0,2.0,May,Returning_Visitor,False,False
4.0,90.72134,0.0,5.1503263,30.0,1530.6989,0.019499043,0.03831251,-1.551083,-0.019672008,3.0,2.0,4.0,6.0,Dec,Returning_Visitor,False,False
0.0,-2.3041053,-0.0,2.1827605,4.0,181.84317,0.006326505,0.045911364,-1.2583736,-0.00020437496,1.0,1.0,1.0,2.0,Feb,Returning_Visitor,False,False
0.0,25.621756,-0.0,-0.10820164,39.0,1235.4932,0.02524403,0.033469025,2.0585036,0.9468426,2.0,2.0,6.0,6.0,May,Returning_Visitor,False,False
1.0,8.608164,-0.0,8.598549,12.0,65.54366,0.089789174,0.105543785,1.8019105,0.04771441,3.0,2.0,2.0,12.0,Mar,Returning_Visitor,False,False
6.0,261.5926,2.0,23.650156,94.0,5878.7334,0.033680532,0.05811461,4.184412,0.032828525,2.0,2.0,1.0,9.0,Nov,Returning_Visitor,True,False
0.0,-10.5920315,0.0,23.743313,96.0,2579.0964,0.010812501,0.026275598,-2.9305127,0.45751265,3.0,2.0,4.0,5.0,May,Returning_Visitor,False,False
2.0,32.852703,0.0,14.622379,10.0,-482.9672,0.10667859,0.14017652,-3.438618,-0.009479294,2.0,2.0,11.0,4.0,Nov,Returning_Visitor,True,False
-0.0,14.852335,-0.0,-13.112936,18.0,627.3824,0.0031335242,0.06988015,0.04956071,0.002795888,2.0,12.0,5.0,2.0,Feb,Returning_Visitor,False,False
3.0,293.45267,0.0,-7.189771,19.0,334.709,0.0025597233,0.007605397,-2.3439963,0.0014672076,2.0,2.0,7.0,2.0,Oct,New_Visitor,False,False
3.0,39.741817,0.0,3.0662158,24.0,807.2212,0.010757268,0.02681009,0.6311328,-0.012470754,4.0,1.0,3.0,1.0,Mar,Returning_Visitor,False,False
3.0,39.559917,3.0,82.716934,33.0,2880.4502,0.00065569405,0.0051859254,40.51703,0.009758541,2.0,3.0,4.0,4.0,Nov,New_Visitor,True,True
0.0,61.837803,1.0,-7.719545,12.0,328.6013,0.055863928,0.078916945,0.6384103,-0.007918516,2.0,2.0,2.0,2.0,Nov,Returning_Visitor,False,False
3.0,65.31431,0.0,43.921432,22.0,885.752,0.0026810896,0.0076582218,1.4480802,0.00090707286,1.0,1.0,4.0,2.0,Nov,Returning_Visitor,False,False
4.0,93.30917,0.0,-3.9657724,7.0,429.42673,-0.0025126915,0.026273157,1.0855929,0.011290962,3.0,2.0,2.0,1.0,Dec,Returning_Visitor,False,False
4.0,124.813255,3.0,117.24632,49.0,2407.5513,0.003784081,0.016160775,43.364136,-0.015326211,2.0,2.0,2.0,6.0,Nov,Returning_Visitor,False,True
0.0,3.4214578,0.0,-12.516809,7.0,107.62386,0.015321226,0.04642336,-1.3797754,0.0032477882,2.0,2.0,6.0,4.0,Feb,Returning_Visitor,False,False
0.0,22.396513,-0.0,-6.04524,19.0,417.56473,0.0065355347,0.020778924,0.32811752,0.004616307,1.0,1.0,2.0,1.0,Feb,Returning_Visitor,False,False
2.0,389.0083,0.0,10.196362,11.0,1121.8525,-0.0017466544,0.014174602,-0.14279921,0.008849246,2.0,2.0,2.0,4.0,Mar,Returning_Visitor,False,False
2.0,7.425425,0.0,16.02107,59.0,1847.5162,0.007507828,0.02101288,1.0282961,0.1895679,2.0,2.0,5.0,1.0,Dec,Returning_Visitor,False,False
4.0,81.04276,-0.0,-9.611753,11.0,705.54095,0.0015735888,0.01386745,-0.93022376,-0.0063565467,3.0,2.0,1.0,2.0,May,Returning_Visitor,False,False
4.0,111.795296,-0.0,7.8517957,55.0,1663.3398,0.0039392486,0.008086731,1.3601071,-0.0061272923,1.0,1.0,1.0,2.0,Nov,Returning_Visitor,False,False
1.0,29.516035,2.0,48.389732,15.0,577.4978,0.025732027,0.055790797,6.533257,-0.011603633,2.0,2.0,6.0,2.0,Dec,Returning_Visitor,False,False
-0.0,-31.334768,0.0,-23.906809,21.0,544.3432,-0.0014644078,0.009107043,-1.9544209,0.0037370715,3.0,3.0,3.0,12.0,Sep,New_Visitor,True,False
1.0,16.203966,-0.0,-0.14700474,33.0,609.42206,0.011369065,0.02640185,41.81494,-0.0031810272,1.0,1.0,3.0,1.0,Nov,Returning_Visitor,False,True
0.0,-0.09854662,-0.0,11.699844,12.0,499.8594,-0.00041031456,0.035177466,-0.9093016,0.0005902816,3.0,2.0,1.0,2.0,Nov,New_Visitor,False,False
1.0,11.911417,0.0,-7.030729,19.0,212.67502,-0.0047814436,0.008274284,0.78605336,0.00021795376,1.0,1.0,1.0,2.0,May,New_Visitor,False,False
0.0,11.501139,0.0,16.112309,22.0,1213.6061,0.0077971835,0.046825465,-0.4376305,-0.010859678,2.0,2.0,4.0,1.0,Nov,Returning_Visitor,False,False
1.0,6.321032,0.0,14.413174,6.0,-95.90543,0.047054328,0.068554476,-1.1563386,0.5834958,1.0,2.0,1.0,2.0,May,Returning_Visitor,False,False
-0.0,-0.033712026,-0.0,-4.1418624,7.0,198.65042,-0.00156489,0.024607252,-0.3191069,-0.012339288,2.0,2.0,6.0,2.0,Mar,Returning_Visitor,False,False
3.0,56.356354,0.0,-7.207769,7.0,262.41635,-0.009561863,0.014508086,51.634964,-0.022657515,1.0,2.0,2.0,13.0,May,New_Visitor,True,True
1.0,54.165535,0.0,17.567343,19.0,-6.484899,0.0130735235,0.036230743,-2.4994872,0.0055096094,1.0,1.0,1.0,3.0,Sep,Returning_Visitor,False,False
1.0,-19.058073,0.0,41.148804,5.0,367.47263,0.026359212,0.036333103,0.96829575,-0.0011022369,2.0,2.0,1.0,10.0,May,Returning_Visitor,False,False
5.0,144.78296,-0.0,-5.6340766,39.0,3513.6035,0.0015990381,0.0235925,1.2112213,0.01773295,2.0,3.0,1.0,3.0,Nov,Returning_Visitor,True,True
0.0,0.19943464,0.0,1.6493858,2.0,-68.10587,-0.004208537,0.062076017,0.82926816,-0.01928969,1.0,1.0,3.0,2.0,Nov,New_Visitor,False,False
1.0,14.1510105,-0.0,-5.546579,19.0,352.8835,-0.00038010246,0.019250406,-0.60454684,0.0466045,1.0,1.0,6.0,2.0,May,Returning_Visitor,False,False
2.0,39.56419,0.0,9.209528,21.0,830.1655,0.0045693424,0.006116473,0.48927417,-0.0016557517,3.0,2.0,1.0,4.0,Nov,Returning_Visitor,True,False
3.0,24.61654,0.0,3.6171687,14.0,481.02756,0.01078976,0.039631505,0.23999755,0.037010606,2.0,2.0,1.0,3.0,May,Returning_Visitor,False,False
12.0,236.06584,1.0,84.12761,34.0,1098.5385,0.00042781615,0.016453914,-1.0576266,0.0566803,2.0,3.0,2.0,10.0,May,Returning_Visitor,False,False
1.0,-11.274542,0.0,3.661444,0.0,385.746,0.0135062495,0.06749593,-0.027103737,0.025853349,3.0,2.0,7.0,3.0,Mar,Returning_Visitor,False,False
9.0,195.31178,-0.0,-6.375173,5.0,522.5691,0.007091686,0.023767851,0.18007867,0.008620309,2.0,2.0,7.0,6.0,May,Returning_Visitor,True,False
1.0,2.4868875,-0.0,-4.6921477,7.0,587.9798,0.011212094,0.035343785,-1.8686279,0.00435582,2.0,3.0,9.0,3.0,Nov,Returning_Visitor,False,False
1.0,-5.955045,-0.0,-0.6173645,13.0,209.25821,-0.0002787373,0.033449095,-0.1950515,-0.0019382554,1.0,2.0,4.0,3.0,May,Returning_Visitor,False,False
7.0,99.32085,-0.0,4.574471,4.0,481.40762,0.0029949099,0.011966745,0.020159885,-0.00481038,4.0,2.0,1.0,4.0,Jul,Returning_Visitor,False,False
6.0,121.86578,5.0,282.8777,83.0,1047.5752,0.008044253,0.011603056,5.572328,0.011788266,3.0,2.0,3.0,1.0,Jul,Returning_Visitor,True,False
2.0,108.22987,0.0,0.8622421,22.0,2163.2085,0.0033536311,0.028039917,1.5465213,-0.018182287,2.0,2.0,11.0,2.0,Sep,New_Visitor,False,True
2.0,24.140802,0.0,5.0054173,4.0,-94.81034,0.14342864,0.18290445,-0.39628968,-0.011514837,2.0,3.0,3.0,2.0,Nov,Returning_Visitor,False,False
2.0,29.06079,0.0,-8.817244,29.0,1288.8242,0.024840528,0.052792337,2.0205114,0.01953801,2.0,4.0,1.0,2.0,Dec,Returning_Visitor,False,False
3.0,171.92293,0.0,-35.084614,18.0,1185.5083,0.019544564,0.038365446,102.49932,0.06850528,1.0,1.0,1.0,3.0,Dec,Returning_Visitor,False,True
-0.0,1.1809639,0.0,3.7301886,26.0,882.8386,0.018217977,0.038471736,0.5299217,-0.0005947034,3.0,2.0,1.0,3.0,May,Returning_Visitor,False,False
-0.0,-5.9910026,0.0,11.116924,43.0,1557.1768,-0.0007478724,0.03720831,5.0471888,0.10506209,2.0,4.0,9.0,1.0,May,Returning_Visitor,False,False
10.0,290.18945,0.0,15.347023,173.0,4885.989,0.008586655,0.022361273,4.2595243,-0.010906288,1.0,1.0,4.0,3.0,Nov,Returning_Visitor,False,False
12.0,536.4547,3.0,428.6625,38.0,2335.9988,0.015311269,0.02525444,-0.5259121,-0.022836799,2.0,2.0,1.0,10.0,Nov,Returning_Visitor,False,False
0.0,-8.266752,0.0,-1.3056084,4.0,-115.07206,0.08976884,0.12747996,2.1175182,-0.027274432,3.0,2.0,4.0,1.0,Dec,Returning_Visitor,False,False
-0.0,-8.383383,0.0,9.025116,17.0,141.73752,0.049296245,0.06715919,0.4776899,0.1512733,1.0,1.0,4.0,2.0,Nov,Returning_Visitor,False,False
-0.0,-5.923673,0.0,2.0236151,12.0,333.0295,0.02698335,0.04948208,1.4830672,0.015427643,1.0,2.0,4.0,2.0,May,Returning_Visitor,False,False
-0.0,0.18121564,-0.0,6.057011,3.0,46.937344,0.048327778,0.12273981,-0.051022843,0.38856655,2.0,3.0,1.0,3.0,May,Returning_Visitor,False,False
2.0,78.35187,0.0,-1.4222695,-2.0,15.966762,0.21359578,0.20638494,-0.55249244,0.014445981,1.0,1.0,2.0,2.0,Nov,Returning_Visitor,False,False
1.0,51.152233,0.0,12.694492,13.0,344.00308,0.084714405,0.0941266,-0.26170477,0.0074115265,1.0,1.0,2.0,2.0,Nov,Returning_Visitor,False,False
13.0,195.76662,6.0,199.99771,175.0,6575.528,0.006945352,0.01956301,9.291965,-0.0012095402,2.0,2.0,1.0,2.0,Nov,Returning_Visitor,False,False
1.0,1.4633888,0.0,12.881992,34.0,1430.5159,0.002685869,0.026504422,2.883115,0.024488395,2.0,2.0,9.0,2.0,Dec,Returning_Visitor,False,False
6.0,22.691168,2.0,145.72377,91.0,1863.4628,0.009983237,0.016323823,-2.7687247,0.22052439,3.0,2.0,1.0,1.0,Nov,Returning_Visitor,True,True
4.0,42.21503,0.0,-4.3245597,9.0,385.27237,0.017807728,0.0537603,0.6619975,0.0062678065,2.0,4.0,1.0,2.0,Dec,Returning_Visitor,False,False
1.0,30.437845,-0.0,2.8858092,8.0,320.9153,-5.1908093e-05,0.020189682,1.040145,0.004793087,2.0,2.0,1.0,3.0,Dec,Returning_Visitor,False,False
-0.0,-10.610762,-0.0,-3.5332162,-1.0,251.58084,-0.0011959336,0.02159339,1.0267183,-0.0043313075,2.0,3.0,2.0,9.0,Sep,New_Visitor,False,False
3.0,487.27344,-0.0,22.215944,80.0,7561.2725,0.01151002,0.01667442,15.268336,0.07039122,3.0,2.0,1.0,11.0,May,Returning_Visitor,False,False
5.0,65.43112,0.0,20.59938,5.0,926.21796,0.0090755485,0.012347487,-0.48969206,0.01168737,2.0,3.0,3.0,5.0,May,Returning_Visitor,True,False
0.0,18.125772,0.0,14.984451,-1.0,-7.5288444,0.034922168,0.05046014,0.0215327,0.001207119,3.0,2.0,5.0,2.0,Jul,Returning_Visitor,False,False
1.0,-14.39012,3.0,173.92683,18.0,100.54049,0.011324274,0.026405908,-0.03710492,0.02021378,2.0,2.0,4.0,3.0,Nov,Returning_Visitor,True,False
4.0,127.857216,1.0,56.12029,81.0,3010.0513,-0.0027704407,-0.0044037094,114.463905,-0.009059103,2.0,2.0,5.0,4.0,Nov,Returning_Visitor,False,True
1.0,44.550865,0.0,-9.934237,12.0,288.3962,0.0080777565,0.02340658,0.06377761,-0.009002829,2.0,2.0,4.0,10.0,Mar,Returning_Visitor,False,False
1.0,14.913881,-0.0,-21.977427,24.0,1321.109,-0.0025610104,0.0024971894,91.19142,0.006672235,1.0,1.0,3.0,2.0,Nov,Returning_Visitor,False,True
2.0,376.68417,0.0,-7.053415,58.0,1133.8519,0.0010927805,0.012564556,-0.16766103,-0.0028353576,2.0,2.0,3.0,1.0,Nov,Returning_Visitor,True,True
2.0,29.007292,0.0,-10.380556,21.0,919.06805,0.001911767,0.019555759,-0.8435748,0.09190985,1.0,5.0,5.0,5.0,May,Returning_Visitor,False,False
3.0,46.258533,2.0,68.634926,82.0,3182.2961,0.008889147,0.016715994,20.994562,0.0012459551,2.0,3.0,3.0,7.0,Dec,Returning_Visitor,False,True
1.0,20.502577,-0.0,0.8527092,76.0,3047.7478,0.020792333,0.03449794,-0.87764007,0.0009890442,2.0,2.0,5.0,3.0,Nov,Returning_Visitor,False,True
1.0,-15.388479,3.0,64.02168,41.0,894.0299,0.003470268,0.016171642,13.778215,0.13090304,2.0,2.0,1.0,12.0,May,Returning_Visitor,False,False
1.0,-2.3465629,0.0,1.9473099,8.0,593.72375,-0.0052904226,0.0058796117,-0.45598492,0.0057363454,2.0,3.0,1.0,5.0,Mar,Returning_Visitor,False,False
2.0,5.6426187,0.0,0.53561246,40.0,3556.4822,-0.0007925349,0.022858048,1.635471,0.013295976,2.0,2.0,3.0,3.0,Nov,Returning_Visitor,True,False
6.0,299.30374,10.0,359.1149,25.0,1737.6678,0.0017334354,0.017630424,1.428094,-0.02600784,1.0,1.0,1.0,2.0,Dec,New_Visitor,False,False
8.0,355.11603,3.0,73.34677,57.0,2319.7205,0.017200125,0.038942873,1.7351867,0.019381331,2.0,2.0,1.0,2.0,Sep,Returning_Visitor,True,False
2.0,93.883354,1.0,561.5668,26.0,1946.2861,0.0061547523,0.019095963,28.90557,-0.027970763,2.0,2.0,1.0,1.0,Dec,Returning_Visitor,False,False
-0.0,-3.2954001,0.0,-0.8002411,7.0,96.99435,-0.0031772237,0.060816355,-0.74375993,0.0074526016,1.0,1.0,2.0,3.0,Dec,Returning_Visitor,False,False
1.0,62.363274,-0.0,4.714276,22.0,960.6183,-0.00039680293,0.019670742,-1.1088775,-0.007012265,2.0,4.0,2.0,13.0,Oct,Returning_Visitor,False,False
0.0,15.827707,0.0,8.0515,32.0,3543.827,0.014087542,0.030073619,-1.6141971,0.012674635,2.0,2.0,7.0,5.0,Dec,Returning_Visitor,False,False
2.0,22.994486,-0.0,28.448698,14.0,244.69449,0.011152267,0.023896582,3.961423,-0.01595051,1.0,1.0,2.0,3.0,May,Returning_Visitor,False,True
0.0,11.402819,1.0,16.936512,17.0,616.75134,0.015039042,0.03072131,-0.31476244,-0.007055456,1.0,1.0,2.0,2.0,Oct,Returning_Visitor,True,False
1.0,25.95878,4.0,156.94614,90.0,1518.5067,0.014795806,0.040722743,-0.63428146,-0.0016700196,3.0,2.0,1.0,3.0,Nov,Returning_Visitor,False,False
1.0,77.75582,-0.0,-0.36232916,45.0,2145.2988,0.00665362,0.014247785,-0.98153335,0.04967679,2.0,2.0,5.0,1.0,Nov,New_Visitor,False,False
1.0,43.664482,1.0,11.360399,6.0,77.66427,0.0066383714,0.022052087,6.66231,-0.0064185206,3.0,2.0,1.0,4.0,May,Returning_Visitor,True,False
1.0,35.583492,0.0,-1.6754891,34.0,1146.7045,0.014036627,0.03746907,1.1547042,0.005408244,3.0,2.0,1.0,8.0,May,Returning_Visitor,False,False
2.0,14.615335,1.0,80.61184,31.0,392.57114,0.00803633,0.02472166,-0.1406916,-0.034521006,6.0,2.0,1.0,14.0,Dec,Returning_Visitor,False,False
1.0,3.2647195,0.0,-1.0057884,14.0,47.244595,0.14506939,0.17678078,0.42944685,0.77088064,3.0,2.0,1.0,22.0,May,Returning_Visitor,False,False
1.0,7.4464364,1.0,-6.3697944,5.0,-573.12836,0.058365185,0.11044576,6.1784477,0.47521684,2.0,2.0,2.0,3.0,May,Returning_Visitor,True,True
5.0,342.3281,0.0,18.739151,36.0,1331.4733,-0.0030586664,-0.0017538473,21.571877,-0.005380148,1.0,1.0,1.0,7.0,Nov,Returning_Visitor,False,True
-0.0,-12.0091915,-0.0,2.5642092,31.0,220.51413,-0.0061817374,0.01561248,-0.58167964,0.011311172,2.0,7.0,5.0,1.0,Sep,Returning_Visitor,False,False
-0.0,16.231447,1.0,-5.623464,21.0,652.11725,0.00670233,0.04234206,0.34247938,-0.004072653,2.0,2.0,2.0,2.0,Nov,Returning_Visitor,True,False
6.0,323.16724,0.0,-4.5956855,26.0,1427.2036,-0.0005085337,0.0017039746,5.9929843,-0.019193972,1.0,2.0,1.0,3.0,Sep,New_Visitor,False,False
-0.0,18.305399,-0.0,3.6079218,19.0,602.10895,-0.0021943245,0.014959958,3.2217388,-0.0009125042,2.0,12.0,3.0,2.0,Dec,Returning_Visitor,False,False
2.0,58.14681,0.0,15.6602,18.0,56.466396,-0.00070279266,0.00048359553,30.126339,-0.006860623,2.0,2.0,1.0,2.0,Sep,Returning_Visitor,False,False
1.0,49.2325,0.0,0.72040784,8.0,64.761925,0.103731684,0.12557207,1.7483011,0.000788441,3.0,2.0,3.0,3.0,Nov,Returning_Visitor,False,True
0.0,18.359415,-0.0,-3.6007593,22.0,297.42868,0.058110528,0.08806195,1.3759085,-0.007349523,2.0,2.0,3.0,6.0,Nov,Returning_Visitor,False,False
1.0,56.74098,-0.0,-13.652472,22.0,1035.1575,0.0032202825,0.0092192,2.1587572,-0.0010781529,1.0,0.0,8.0,9.0,Dec,Returning_Visitor,False,False
9.0,151.90698,-0.0,-4.21763,29.0,891.6644,-0.0029764827,0.008113072,3.7947657,-0.006455021,2.0,2.0,9.0,1.0,Sep,New_Visitor,False,False
0.0,5.981669,1.0,-29.189707,22.0,562.04706,0.0037749931,0.043175567,3.2058456,0.034930468,2.0,11.0,3.0,18.0,May,Returning_Visitor,True,False
-0.0,28.866472,4.0,279.77432,38.0,3839.025,0.008190456,0.025203649,15.876661,-0.033497438,4.0,2.0,4.0,1.0,Oct,Returning_Visitor,False,False
1.0,-24.766684,1.0,-29.006704,25.0,486.8575,0.0052211713,0.015860321,68.03447,0.007764736,2.0,2.0,1.0,4.0,Jul,Returning_Visitor,True,True
0.0,14.935099,0.0,-5.0190673,10.0,37.391567,0.03806069,0.065216385,0.50127953,0.41443726,2.0,2.0,3.0,2.0,May,Returning_Visitor,False,False
3.0,97.68736,0.0,-9.3767185,12.0,126.577354,0.008142709,0.038120776,-1.8674191,0.0305742,1.0,2.0,1.0,3.0,Mar,New_Visitor,False,False
1.0,34.016876,-0.0,-10.41131,15.0,389.2736,0.00013173009,0.02047788,-0.42520604,0.0045882296,1.0,1.0,1.0,3.0,Mar,Returning_Visitor,False,False
14.0,232.48886,3.0,59.397373,289.0,11386.403,0.01116594,0.028482137,0.2105724,0.010260822,2.0,2.0,1.0,5.0,Nov,Returning_Visitor,False,False
2.0,74.66482,0.0,3.8476012,15.0,666.80237,0.0038593411,0.024476396,29.756014,0.011335282,2.0,2.0,1.0,2.0,Nov,Returning_Visitor,False,True
3.0,12.4008045,0.0,2.0674727,29.0,257.6956,0.0033153296,0.02768902,1.0220968,0.0021519456,3.0,3.0,1.0,5.0,Jul,Returning_Visitor,False,False
-0.0,14.397158,-0.0,-0.15742649,9.0,223.21982,0.027598647,0.051222324,0.4719502,-0.0027618725,3.0,2.0,4.0,2.0,May,Returning_Visitor,False,False
-0.0,-2.1679816,-0.0,11.243132,-5.0,-23.30155,0.26923108,0.24366765,0.7285659,0.013014181,3.0,2.0,4.0,2.0,Nov,Returning_Visitor,False,False
0.0,-22.36759,0.0,4.7642503,18.0,288.45358,-0.00069292437,0.023374956,-1.2511777,0.1156652,1.0,1.0,1.0,3.0,May,Returning_Visitor,False,False
4.0,43.116806,-0.0,-5.6581626,7.0,571.70105,-0.0036715474,0.0072116004,0.6827175,-0.015501911,2.0,8.0,7.0,6.0,May,New_Visitor,False,False
0.0,2.6395364,-0.0,13.077141,11.0,307.02487,0.013554714,0.06542305,-0.38533148,-0.007885562,2.0,3.0,1.0,1.0,Dec,Returning_Visitor,False,False
0.0,-1.4103371,0.0,5.6291986,5.0,77.32552,0.15237646,0.17855534,-0.89142925,-0.020327764,2.0,2.0,8.0,2.0,Dec,Returning_Visitor,False,False
0.0,-3.2401175,-0.0,-5.1516128,34.0,926.67285,0.011012006,0.023920424,11.344461,0.12623096,3.0,2.0,9.0,11.0,May,Returning_Visitor,False,False
3.0,55.388763,0.0,142.46826,22.0,1149.2715,0.030081693,0.032551583,-0.90731746,0.009239947,4.0,2.0,7.0,3.0,Nov,Returning_Visitor,False,False
0.0,3.7689843,0.0,3.8658545,9.0,299.77597,0.014222627,0.051899575,-0.2772325,-0.0049331356,1.0,2.0,4.0,1.0,Mar,Returning_Visitor,False,False
2.0,20.88531,0.0,8.539646,4.0,91.620445,0.06483526,0.0940589,-1.9499911,0.003367981,1.0,1.0,1.0,2.0,Nov,Returning_Visitor,False,False
8.0,63.175827,1.0,-6.300916,30.0,600.3459,0.013621088,0.0433742,21.028833,0.12748313,4.0,1.0,5.0,4.0,May,Returning_Visitor,False,False
-0.0,19.713427,0.0,0.653128,3.0,156.6926,-0.001923574,0.06325009,0.6195442,-0.010671066,2.0,2.0,8.0,2.0,Dec,New_Visitor,False,False
5.0,84.98854,0.0,1.5562042,78.0,1036.4268,0.005885087,0.020544488,-0.93568355,0.018181356,2.0,2.0,2.0,2.0,Nov,Returning_Visitor,False,False
6.0,73.80756,-0.0,-7.4594436,12.0,544.6934,0.0006233436,0.015348029,0.36602846,-0.0046681482,2.0,2.0,1.0,2.0,Dec,New_Visitor,False,False
11.0,117.7996,0.0,8.639862,143.0,6293.3857,0.0076819714,0.024470089,3.0572636,0.5806909,2.0,2.0,2.0,1.0,May,Returning_Visitor,False,False
4.0,54.389378,0.0,-10.623838,52.0,1439.8713,0.0065760687,0.022849234,35.99211,0.08011379,3.0,2.0,6.0,1.0,May,Returning_Visitor,False,False
-0.0,-7.6636252,0.0,29.934612,83.0,3085.5315,0.0020560082,0.012012369,-0.4474748,0.005934382,3.0,2.0,10.0,2.0,Dec,Returning_Visitor,False,False
7.0,364.41144,-0.0,0.78555906,87.0,4085.2888,0.007254285,0.018407544,15.266465,0.0031739492,3.0,2.0,3.0,7.0,Nov,Returning_Visitor,False,True
14.0,164.50893,4.0,238.14082,187.0,3884.0854,0.003212219,0.013410636,23.195585,-0.009051429,2.0,2.0,6.0,3.0,Nov,Returning_Visitor,False,True
7.0,95.1698,2.0,70.83579,47.0,1043.2789,-0.002236126,0.01810849,3.4653735,-0.007819237,1.0,6.0,1.0,8.0,Sep,Returning_Visitor,False,False
1.0,19.12319,-0.0,15.220003,25.0,811.673,-0.0038920976,0.0037600778,0.5598528,0.0069723297,2.0,5.0,1.0,6.0,Dec,Returning_Visitor,False,False
0.0,-5.019277,2.0,44.633015,69.0,1431.6967,0.0036686715,0.024642143,4.5952997,-0.0129627455,3.0,2.0,1.0,3.0,Nov,Returning_Visitor,False,False
0.0,0.29335248,0.0,-0.67838824,14.0,220.14249,0.014274662,0.024549972,1.4823934,0.016804365,3.0,2.0,6.0,1.0,Jul,Returning_Visitor,True,True
3.0,138.88026,0.0,5.084231,51.0,638.1443,0.008690363,0.018494602,5.5789475,-0.011234792,2.0,3.0,1.0,3.0,May,Returning_Visitor,False,False
1.0,33.13128,-0.0,0.5766624,3.0,148.42477,0.004842194,0.031742405,63.018406,-0.0029637832,1.0,1.0,3.0,3.0,May,Returning_Visitor,False,False
0.0,27.427813,0.0,-0.07425846,31.0,1457.7457,0.00032020183,0.020649385,9.203127,-0.0046095643,2.0,2.0,11.0,17.0,Nov,Returning_Visitor,False,False
6.0,80.1383,-0.0,-26.13457,50.0,3594.036,0.014797019,0.033252127,6.6989512,0.0029179212,2.0,5.0,6.0,1.0,Mar,Returning_Visitor,False,False
-0.0,-4.0357566,0.0,13.4021225,27.0,701.4615,0.017838435,0.04344773,0.111019775,1.0190598,3.0,2.0,8.0,5.0,May,Returning_Visitor,False,False
0.0,9.328409,0.0,28.03132,3.0,224.8406,0.0019353909,0.035559215,0.54749316,0.007380152,1.0,1.0,13.0,1.0,Nov,New_Visitor,True,False
0.0,43.42136,-0.0,-15.352583,4.0,70.75277,0.0056464765,0.014032609,47.080997,-0.010542193,1.0,1.0,2.0,5.0,Nov,New_Visitor,False,True
-0.0,-36.657192,5.0,319.73755,57.0,3176.8145,0.004286114,0.0131736575,7.0492373,-0.008382188,1.0,1.0,8.0,2.0,Dec,Returning_Visitor,False,True
-0.0,-16.064985,-0.0,2.009703,5.0,-66.21317,0.10096981,0.115726195,0.28839937,-0.007264966,1.0,2.0,1.0,1.0,Mar,Returning_Visitor,False,False
-0.0,1.5444359,0.0,4.203303,55.0,3411.0618,0.0022347942,0.03737043,-2.2042525,-0.00946773,2.0,2.0,7.0,1.0,June,Returning_Visitor,False,False
0.0,6.524256,-0.0,12.53529,10.0,730.1535,0.027822545,0.06441138,-0.23512156,-0.010602878,2.0,3.0,5.0,11.0,Mar,Returning_Visitor,False,False
