39, 77516, 13, 2174, 0, 40, State-gov, Bachelors, Never-married, Adm-clerical, Not-in-family, White, Male, United-States, <=50K
37.367474,240922.61,11.439822,217.71045,10.268567,50.65465, Private, HS-grad, Married-civ-spouse, Prof-specialty, Husband, White, Male, United-States, >50K
31.729883,93318.375,13.532052,7326.245,208.92169,31.95343, Private, Bachelors, Married-civ-spouse, Prof-specialty, Husband, White, Female, United-States, >50K
38.9446,467234.3,6.7669854,1309.0583,116.46378,42.844456, Private, HS-grad, Never-married, Adm-clerical, Not-in-family, White, Male, United-States, <=50K
31.089222,186614.16,10.554588,2914.8489,4.52699,43.35274, Private, HS-grad, Married-civ-spouse, Prof-specialty, Unmarried, White, Female, United-States, <=50K
32.819374,240826.42,10.873252,-163.86993,83.827866,38.902798, Private, Some-college, Never-married, Exec-managerial, Not-in-family, White, Male, United-States, <=50K
20.975067,202460.94,6.946816,218.31323,-60.92657,35.701405, Private, Some-college, Never-married, Adm-clerical, Own-child, White, Male, United-States, <=50K
56.941616,113411.05,9.249332,5583.2593,-10.417178,41.906498, Private, HS-grad, Married-civ-spouse, Exec-managerial, Husband, White, Male, United-States, >50K
20.46853,147212.88,10.264334,363.76306,259.31415,49.561935, Private, HS-grad, Never-married, Adm-clerical, Own-child, White, Female, United-States, <=50K
21.728918,265335.84,7.519083,-1055.9055,47.726875,58.99211, Private, Some-college, Never-married, Adm-clerical, Own-child, White, Male, United-States, <=50K
34.67799,142884.83,8.367536,433.84296,14.454717,46.078598, Private, HS-grad, Never-married, Craft-repair, Not-in-family, White, Male, United-States, <=50K
42.13763,240670.64,12.952205,574.4395,76.357765,36.370224, Private, Bachelors, Married-civ-spouse, Exec-managerial, Husband, White, Male, United-States, <=50K
41.28684,262688.6,10.624347,1027.8257,20.085386,38.2044, Private, HS-grad, Married-civ-spouse, Prof-specialty, Husband, White, Female, United-States, <=50K
29.056868,133630.27,11.632797,630.83856,51.987675,43.258873, Private, Bachelors, Never-married, Sales, Own-child, White, Male, United-States, <=50K
32.67509,495605.97,10.886984,-1928.2808,62.59236,51.670357, Private, Some-college, Married-civ-spouse, Exec-managerial, Unmarried, White, Female, United-States, <=50K
27.392773,79944.18,10.508425,-573.6213,1.5738269,29.902061, Private, Some-college, Never-married, Adm-clerical, Not-in-family, White, Female, United-States, <=50K
48.801216,348401.75,9.797015,742.5604,61.84649,21.420424, Private, Some-college, Married-civ-spouse, Exec-managerial, Husband, White, Male, United-States, <=50K
29.650648,256593.78,3.8594828,-748.1191,-31.48855,39.725986, Private, Some-college, Never-married, Other-service, Own-child, White, Male, United-States, <=50K
43.244877,244908.3,6.6414833,1531.9377,49.29391,32.577755, Private, HS-grad, Never-married, Craft-repair, Not-in-family, White, Male, United-States, <=50K
35.9184,293420.34,6.906086,1327.4752,-5.731387,38.39916, Private, HS-grad, Married-civ-spouse, Craft-repair, Husband, White, Male, United-States, <=50K
23.926413,180273.75,11.074613,1015.86005,143.43922,42.06502, Private, HS-grad, Never-married, Adm-clerical, Not-in-family, White, Female, United-States, <=50K
32.345974,120273.91,9.179405,1256.0585,86.14719,36.708942, Private, HS-grad, Never-married, Other-service, Not-in-family, White, Female, United-States, <=50K
27.63175,225737.48,12.012255,142.47919,-4.843013,35.149597, Private, Bachelors, Never-married, Prof-specialty, Own-child, White, Female, United-States, <=50K
22.797365,376768.75,9.876009,1028.4551,-20.121462,31.658878, Private, HS-grad, Never-married, Other-service, Own-child, White, Female, United-States, <=50K
40.057053,199457.44,11.416578,-421.71576,18.350363,43.789917, Private, Some-college, Divorced, Exec-managerial, Husband, White, Male, United-States, <=50K
59.25533,243222.19,13.654113,5527.001,200.28853,32.111633, Private, Bachelors, Married-civ-spouse, Prof-specialty, Husband, White, Male, United-States, >50K
78.1754,134077.42,8.402604,5643.69,334.56497,27.466806, Private, Some-college, Married-civ-spouse, Craft-repair, Husband, White, Male, United-States, >50K
51.9719,226927.78,6.481669,699.9505,40.70936,48.158348, Private, HS-grad, Divorced, Adm-clerical, Not-in-family, White, Female, United-States, <=50K
34.611767,96732.62,10.487847,1921.9169,66.20673,44.38206, Private, Some-college, Married-civ-spouse, Craft-repair, Husband, White, Male, United-States, <=50K
41.333084,134659.27,12.240458,769.438,284.6521,43.49302, Private, Some-college, Married-civ-spouse, Exec-managerial, Husband, White, Male, United-States, <=50K
39.586773,112810.5,12.204175,2985.1797,135.038,35.59435, Private, Bachelors, Married-civ-spouse, Exec-managerial, Husband, White, Male, United-States, >50K
43.696323,116748.07,13.320418,2727.0159,-35.42667,48.51766, Private, Bachelors, Married-civ-spouse, Prof-specialty, Husband, White, Male, United-States, >50K
14.60991,159308.11,10.804338,-1424.3975,-4.385783,24.365782, Private, Some-college, Never-married, Other-service, Own-child, White, Female, United-States, <=50K
30.746742,214237.56,9.698744,-143.14337,8.602338,47.501274, Private, Some-college, Married-civ-spouse, Other-service, Husband, White, Male, United-States, <=50K
23.264582,215592.77,11.915255,4829.1655,-90.531715,48.77274, Private, HS-grad, Married-civ-spouse, Craft-repair, Husband, White, Male, United-States, >50K
48.870968,262585.47,14.416122,1213.4105,1119.694,43.405666, Private, Bachelors, Divorced, Prof-specialty, Unmarried, White, Female, United-States, <=50K
23.165113,155646.73,8.86229,1507.1543,-34.96059,36.21314, Private, HS-grad, Never-married, Craft-repair, Not-in-family, White, Male, United-States, <=50K
28.176962,127833.94,8.802378,-121.83173,-5.8061247,36.112343, Private, Some-college, Never-married, Adm-clerical, Own-child, White, Female, United-States, <=50K
36.375935,130248.0,10.482121,576.3954,166.7803,48.631657, Private, Some-college, Never-married, Craft-repair, Not-in-family, White, Male, United-States, <=50K
55.257465,151439.08,7.072017,-589.44965,-38.626286,31.182392, Private, Some-college, Divorced, Adm-clerical, Unmarried, White, Female, United-States, <=50K
24.501606,120886.766,11.450222,1696.9675,-46.669415,35.056458, Private, Bachelors, Never-married, Adm-clerical, Not-in-family, White, Female, United-States, <=50K
34.572823,186187.61,9.54268,2837.022,138.44066,33.993484, Private, HS-grad, Never-married, Adm-clerical, Not-in-family, White, Female, United-States, <=50K
52.799404,164137.39,8.297469,3296.9338,-15.320445,42.96086, Private, HS-grad, Married-civ-spouse, Craft-repair, Husband, White, Male, United-States, <=50K
47.939438,251123.03,10.376615,1019.575,-9.402171,34.86499, Private, Some-college, Married-civ-spouse, Exec-managerial, Husband, White, Male, United-States, <=50K
58.311165,191287.33,8.029314,5829.9014,-25.648851,44.69529, Private, HS-grad, Married-civ-spouse, Craft-repair, Husband, White, Male, United-States, >50K
30.566378,208883.05,8.092736,1277.1127,-33.41701,32.461098, Private, Some-college, Never-married, Craft-repair, Own-child, White, Male, United-States, <=50K
28.100407,148937.4,5.2605557,-335.4743,25.145803,30.130966, Private, HS-grad, Married-civ-spouse, Adm-clerical, Husband, White, Male, United-States, <=50K
31.515402,133238.61,6.718772,-616.13007,66.87136,44.019646, Private, HS-grad, Married-civ-spouse, Craft-repair, Husband, White, Male, United-States, <=50K
29.558853,135013.23,11.9361925,-8.896183,35.657097,48.889164, Private, Some-college, Never-married, Exec-managerial, Own-child, White, Male, United-States, <=50K
45.73759,144510.48,8.791829,378.04163,32.16818,42.72105, Private, HS-grad, Divorced, Exec-managerial, Unmarried, White, Female, United-States, <=50K
54.065765,264543.3,4.5186353,-644.38934,32.06662,43.08523, Private, Some-college, Married-civ-spouse, Craft-repair, Husband, White, Male, United-States, <=50K
29.742716,177504.75,6.9574394,457.13184,-57.96121,31.08542, Private, HS-grad, Married-civ-spouse, Other-service, Husband, White, Male, United-States, <=50K
31.07745,6313.641,12.718053,603.2052,52.72947,53.801323, Private, Bachelors, Never-married, Exec-managerial, Own-child, White, Male, United-States, <=50K
34.062332,151473.39,11.242405,3132.9944,-17.760294,52.699883, Private, HS-grad, Married-civ-spouse, Craft-repair, Husband, White, Male, United-States, <=50K
31.494986,159709.62,8.906706,-304.18707,31.403887,47.953304, Private, HS-grad, Never-married, Adm-clerical, Not-in-family, White, Female, United-States, <=50K
20.002308,284692.3,7.708477,3785.5923,9.742124,27.657215, Private, HS-grad, Never-married, Other-service, Own-child, White, Male, United-States, <=50K
20.312943,205142.05,9.011343,-1211.4197,-47.439037,27.68447, Private, Some-college, Never-married, Adm-clerical, Own-child, White, Male, United-States, <=50K
40.962734,216965.34,11.597246,2565.8513,370.2584,34.522076, Private, Some-college, Married-civ-spouse, Craft-repair, Husband, White, Male, United-States, <=50K
27.610458,450243.28,9.62151,-1249.9341,-17.328127,52.896923, Private, Some-college, Never-married, Adm-clerical, Not-in-family, White, Female, United-States, <=50K
29.150434,133267.22,11.304475,-596.0511,14.899297,38.49497, Private, Bachelors, Never-married, Exec-managerial, Not-in-family, White, Female, United-States, <=50K
30.340185,241347.27,6.546013,35.120296,36.256866,46.19681, Private, HS-grad, Married-civ-spouse, Craft-repair, Husband, White, Male, United-States, <=50K
41.530212,159640.34,7.5778055,1881.6155,296.69205,55.669655, Private, HS-grad, Divorced, Adm-clerical, Not-in-family, White, Male, United-States, <=50K
26.480864,226835.22,7.8999505,2768.947,18.214392,37.77701, Private, HS-grad, Never-married, Craft-repair, Not-in-family, White, Male, United-States, <=50K
31.461267,237137.62,9.307828,1611.1903,-54.506664,53.256813, Private, HS-grad, Married-civ-spouse, Craft-repair, Husband, White, Male, United-States, >50K
39.239025,159006.97,10.440966,1020.6326,35.559105,43.684624, Private, Some-college, Married-civ-spouse, Craft-repair, Husband, White, Male, United-States, <=50K
42.25822,216397.12,10.158115,1233.1521,-8.983592,47.446045, Private, HS-grad, Married-civ-spouse, Craft-repair, Husband, White, Male, United-States, >50K
23.800194,430556.3,10.252945,999.3536,-24.628061,43.73935, Private, HS-grad, Never-married, Adm-clerical, Own-child, White, Female, United-States, <=50K
44.456287,133364.0,12.395868,-442.44672,85.84648,35.458748, Private, Bachelors, Married-civ-spouse, Prof-specialty, Unmarried, White, Female, United-States, <=50K
25.558035,242465.58,7.0505095,5.517025,-39.44334,39.130527, Private, Some-college, Never-married, Exec-managerial, Own-child, White, Male, United-States, <=50K
26.312042,165354.73,10.165791,1824.7604,109.85708,44.94507, Private, HS-grad, Married-civ-spouse, Craft-repair, Husband, White, Male, United-States, >50K
51.762936,119834.15,10.194557,311.78583,8.428525,44.83718, Private, HS-grad, Divorced, Craft-repair, Not-in-family, White, Male, United-States, <=50K
31.655796,275859.38,7.7313905,-625.43256,-17.744616,45.83732, Private, Some-college, Married-civ-spouse, Craft-repair, Husband, White, Male, United-States, <=50K
43.33815,428461.22,7.7225423,905.1912,18.761305,40.88984, Private, Some-college, Married-civ-spouse, Other-service, Husband, White, Male, United-States, <=50K
37.413506,163747.19,10.069592,5016.8965,-104.34493,26.027561, Private, HS-grad, Never-married, Adm-clerical, Not-in-family, White, Female, United-States, <=50K
41.56988,107899.086,7.265376,818.1913,-5.694812,28.718554, Private, HS-grad, Never-married, Adm-clerical, Not-in-family, White, Female, United-States, <=50K
23.569693,168661.94,12.217479,2103.2358,-43.861416,34.924183, Private, Bachelors, Never-married, Exec-managerial, Not-in-family, White, Female, United-States, <=50K
25.544476,152268.34,9.654844,1328.0359,-86.539375,41.775208, Private, Some-college, Never-married, Craft-repair, Not-in-family, White, Male, United-States, <=50K
31.99823,161142.02,10.017019,268.00366,-12.021022,37.004494, Private, Some-college, Never-married, Adm-clerical, Own-child, White, Male, United-States, <=50K
28.043024,149408.03,12.3905735,1034.4635,17.44377,56.088406, Private, Bachelors, Married-civ-spouse, Exec-managerial, Own-child, White, Female, United-States, <=50K
57.02573,94034.63,9.813258,7289.813,235.82341,56.258095, Private, HS-grad, Divorced, Craft-repair, Not-in-family, White, Male, United-States, <=50K
24.734247,111982.33,8.708441,1069.078,-36.192577,31.316568, Private, HS-grad, Never-married, Craft-repair, Own-child, White, Male, United-States, <=50K
41.752693,232579.78,14.941772,3455.7642,81.965645,64.20273, Private, Bachelors, Married-civ-spouse, Exec-managerial, Husband, White, Male, United-States, >50K
25.482096,239010.4,9.5803,-731.45087,148.44878,43.217003, Private, Some-college, Married-civ-spouse, Craft-repair, Own-child, White, Male, United-States, <=50K
43.89725,144299.62,6.8089466,2009.4246,34.03529,36.537262, Private, HS-grad, Married-civ-spouse, Other-service, Husband, White, Male, United-States, >50K
41.972343,349216.12,8.921545,13228.395,-28.480745,49.530457, Private, HS-grad, Married-civ-spouse, Craft-repair, Husband, White, Male, United-States, >50K
15.450322,231755.61,11.780704,-415.59918,149.52895,48.260178, Private, Bachelors, Married-civ-spouse, Prof-specialty, Own-child, White, Female, United-States, <=50K
50.53792,157180.11,4.836938,800.6118,-0.2034253,31.830538, Private, HS-grad, Never-married, Other-service, Not-in-family, White, Male, United-States, <=50K
33.92573,148133.31,12.463226,2302.544,-0.80077636,48.512024, Private, Bachelors, Never-married, Craft-repair, Not-in-family, White, Male, United-States, <=50K
29.709648,339480.94,8.363869,869.06555,106.15919,42.405678, Private, HS-grad, Never-married, Adm-clerical, Unmarried, White, Female, United-States, <=50K
36.88407,155805.39,11.85001,3648.154,148.59956,36.801556, Private, Bachelors, Married-civ-spouse, Prof-specialty, Husband, White, Male, United-States, >50K
43.089005,118441.836,10.729481,5644.923,196.53986,31.326672, Private, HS-grad, Married-civ-spouse, Prof-specialty, Husband, White, Female, United-States, <=50K
24.581724,247816.23,9.963867,908.6414,6.682996,29.480526, Private, HS-grad, Never-married, Other-service, Own-child, White, Female, United-States, <=50K
37.562496,109782.38,10.970282,3982.1514,-21.945238,54.709145, Private, Some-college, Married-civ-spouse, Exec-managerial, Husband, White, Male, United-States, >50K
28.668428,183323.03,7.9887795,-6.185734,3.4639559,33.405888, Private, HS-grad, Never-married, Adm-clerical, Not-in-family, White, Male, United-States, <=50K
56.747753,129623.8,7.658809,452.29755,-9.061755,23.674343, Private, Some-college, Never-married, Adm-clerical, Not-in-family, White, Male, United-States, <=50K
43.419785,111312.54,9.904033,681.6942,-1.3441113,50.164326, Private, Some-college, Married-civ-spouse, Craft-repair, Husband, White, Male, United-States, <=50K
20.2881,310974.4,9.955448,1535.1311,-45.609737,25.418541, Private, Some-college, Never-married, Adm-clerical, Not-in-family, White, Female, United-States, <=50K
44.97323,295323.44,14.402755,4248.6387,-24.859667,44.900967, Private, Bachelors, Divorced, Prof-specialty, Not-in-family, White, Male, United-States, >50K
54.306007,145857.77,8.135621,6454.1274,-4.714732,15.642035, Private, HS-grad, Married-civ-spouse, Other-service, Unmarried, White, Female, United-States, <=50K
41.90133,137355.55,12.042824,474.7749,76.70449,48.914066, Private, HS-grad, Married-civ-spouse, Prof-specialty, Husband, White, Male, United-States, >50K
28.792433,163731.64,7.0793853,1660.9956,-57.462124,43.432564, Private, Some-college, Never-married, Other-service, Own-child, White, Male, United-States, <=50K
64.23522,215352.95,5.629924,-698.89496,49.74748,39.617714, Private, Some-college, Married-civ-spouse, Craft-repair, Husband, White, Male, United-States, <=50K
30.019695,238763.44,10.964239,488.13855,29.074636,40.479565, Private, HS-grad, Married-civ-spouse, Adm-clerical, Husband, White, Male, United-States, <=50K
29.750946,183582.11,10.329458,-978.111,95.03125,34.107616, Private, Some-college, Married-civ-spouse, Sales, Husband, White, Male, United-States, <=50K
49.32928,127431.74,9.697173,872.43146,7.747327,53.744823, Private, Some-college, Married-civ-spouse, Exec-managerial, Husband, White, Male, United-States, <=50K
36.084145,194270.67,10.240838,641.1889,10.645871,38.737823, Private, HS-grad, Never-married, Other-service, Unmarried, White, Female, United-States, <=50K
53.685844,144618.1,9.555977,2701.3418,107.28383,53.087776, Private, HS-grad, Divorced, Craft-repair, Not-in-family, White, Male, United-States, <=50K
46.4744,305002.12,10.797851,-478.86176,119.51257,50.85924, Private, Some-college, Married-civ-spouse, Exec-managerial, Husband, White, Male, United-States, <=50K
37.77069,193117.7,9.397536,-873.79376,31.129087,55.9738, Private, Some-college, Married-civ-spouse, Exec-managerial, Husband, White, Male, United-States, <=50K
30.860704,140467.31,10.962631,4949.8296,-29.431139,20.623682, Private, Bachelors, Married-civ-spouse, Prof-specialty, Husband, White, Male, United-States, <=50K
34.725334,188621.45,7.050155,349.87903,36.06235,26.608902, Private, HS-grad, Married-civ-spouse, Other-service, Husband, White, Male, United-States, <=50K
47.279118,114757.59,11.297949,672.8816,810.9712,38.484604, Private, HS-grad, Divorced, Adm-clerical, Unmarried, White, Female, United-States, <=50K
33.74924,267470.6,5.0378394,-228.87762,50.83927,53.50197, Private, HS-grad, Never-married, Adm-clerical, Own-child, White, Male, United-States, <=50K
45.686928,251937.47,7.732792,-55.06757,1101.1346,46.85787, Private, Some-college, Married-civ-spouse, Craft-repair, Husband, White, Male, United-States, >50K
41.669415,282366.34,10.518203,2089.7148,6.4078417,42.01247, Private, HS-grad, Married-civ-spouse, Other-service, Unmarried, White, Female, United-States, <=50K
37.314186,201980.97,6.1373563,2277.7837,1.6773425,38.728004, Private, HS-grad, Married-civ-spouse, Other-service, Husband, White, Male, United-States, <=50K
33.947968,193617.25,9.484524,-989.18427,715.0463,49.622494, Private, Some-college, Never-married, Craft-repair, Own-child, White, Male, United-States, <=50K
38.497665,221713.06,13.977941,-466.32855,807.74915,57.141933, Private, Bachelors, Married-civ-spouse, Exec-managerial, Not-in-family, White, Male, United-States, <=50K
45.589466,195780.47,12.3485,1006.34094,30.49724,37.42683, Private, Bachelors, Divorced, Prof-specialty, Unmarried, White, Female, United-States, <=50K
27.77936,269783.22,9.233416,239.9231,-30.438013,30.371626, Private, Some-college, Never-married, Adm-clerical, Own-child, White, Female, United-States, <=50K
60.85575,205430.08,6.297477,-272.68927,91.24583,39.107517, Private, HS-grad, Divorced, Adm-clerical, Unmarried, White, Male, United-States, <=50K
39.084145,330268.25,6.0339174,7386.941,0.2963916,44.967148, Private, HS-grad, Never-married, Other-service, Not-in-family, White, Male, United-States, <=50K
27.044258,222044.27,11.380031,758.458,367.3026,37.014183, Private, HS-grad, Married-civ-spouse, Prof-specialty, Husband, White, Male, United-States, <=50K
20.061583,234602.89,8.872789,5517.492,-23.514322,33.95576, Private, Some-college, Never-married, Adm-clerical, Not-in-family, White, Male, United-States, <=50K
40.140213,238877.98,8.070887,2127.1904,19.450094,39.523045, Private, HS-grad, Married-civ-spouse, Craft-repair, Husband, White, Male, United-States, <=50K
45.975796,144237.11,8.964025,-234.97394,325.3189,42.553123, Private, Some-college, Married-civ-spouse, Craft-repair, Husband, White, Male, United-States, >50K
60.15733,106124.03,10.071988,11089.064,70.74846,40.41319, Private, HS-grad, Divorced, Exec-managerial, Not-in-family, White, Male, United-States, >50K
30.203865,222035.7,9.37159,2584.7764,48.89701,39.793385, Private, HS-grad, Never-married, Adm-clerical, Not-in-family, White, Male, United-States, <=50K
37.770275,262243.88,7.1870584,888.0385,20.321745,31.73774, Private, HS-grad, Married-civ-spouse, Adm-clerical, Unmarried, White, Male, United-States, <=50K
35.496586,146645.16,10.765545,444.4021,66.79395,48.03075, Private, HS-grad, Never-married, Other-service, Own-child, White, Female, United-States, <=50K
52.970768,242428.17,10.334855,3102.4106,-20.720385,42.26623, Private, HS-grad, Divorced, Exec-managerial, Unmarried, White, Female, United-States, <=50K
42.10539,205820.31,6.863436,120.700676,219.60118,46.101547, Private, Some-college, Married-civ-spouse, Craft-repair, Husband, White, Male, United-States, <=50K
40.57944,209660.27,8.824789,485.38306,-16.29223,40.845966, Private, Some-college, Divorced, Exec-managerial, Unmarried, White, Female, United-States, <=50K
23.893612,155766.84,12.481729,-87.07575,257.76923,35.457317, Private, Bachelors, Never-married, Adm-clerical, Own-child, White, Female, United-States, <=50K
41.312965,188422.06,12.839833,2606.1802,37.5196,31.36133, Private, Bachelors, Married-civ-spouse, Exec-managerial, Not-in-family, White, Male, United-States, <=50K
63.023006,178711.66,8.005657,1211.8596,24.086271,50.716164, Private, HS-grad, Married-civ-spouse, Craft-repair, Husband, White, Male, United-States, <=50K
29.754368,151026.3,7.6925907,-459.21808,-14.956485,28.330555, Private, Some-college, Never-married, Adm-clerical, Own-child, White, Female, United-States, <=50K
33.307648,119140.46,13.943445,380.09796,77.46685,44.35791, Private, Bachelors, Married-civ-spouse, Exec-managerial, Husband, White, Male, United-States, <=50K
39.66801,126419.62,9.2338915,1693.5387,16.592733,46.354767, Private, HS-grad, Married-civ-spouse, Craft-repair, Husband, White, Male, United-States, <=50K
37.03398,307705.72,9.060093,-744.47076,28.269999,52.755215, Private, Some-college, Married-civ-spouse, Exec-managerial, Husband, White, Male, United-States, <=50K
31.063618,372665.97,11.042673,157.29395,4.424855,42.961105, Private, Some-college, Never-married, Exec-managerial, Unmarried, White, Male, United-States, <=50K
41.07703,168556.98,10.530069,1238.0205,363.76273,47.911602, Private, HS-grad, Married-civ-spouse, Exec-managerial, Husband, White, Female, United-States, <=50K
47.352295,191565.86,14.698883,7757.284,108.42706,69.00267, Private, Bachelors, Married-civ-spouse, Prof-specialty, Husband, White, Male, United-States, >50K
45.658768,107166.375,13.278721,4759.4243,545.6064,64.43349, Private, Bachelors, Married-civ-spouse, Exec-managerial, Husband, White, Male, United-States, >50K
17.05798,248275.4,7.011564,544.93805,202.66698,19.917875, Private, Some-college, Never-married, Adm-clerical, Not-in-family, White, Female, United-States, <=50K
44.479977,144441.05,10.451572,841.08527,46.16437,47.443325, Private, HS-grad, Married-civ-spouse, Craft-repair, Husband, White, Male, United-States, >50K
32.794365,198240.33,10.644548,565.95526,94.10165,38.159866, Private, HS-grad, Never-married, Other-service, Not-in-family, White, Female, United-States, <=50K
57.29641,-3465.3586,6.4911227,3322.9353,369.47153,37.26965, Private, HS-grad, Divorced, Other-service, Not-in-family, White, Male, United-States, <=50K
50.329895,133760.44,7.3347015,995.1317,25.418455,32.90998, Private, HS-grad, Married-civ-spouse, Other-service, Husband, White, Male, United-States, <=50K
54.430176,148577.34,8.916951,2288.0579,130.01701,36.34926, Private, HS-grad, Married-civ-spouse, Prof-specialty, Husband, White, Male, United-States, >50K
27.852873,138938.78,11.293222,1733.7174,185.43709,41.36574, Private, Some-college, Never-married, Adm-clerical, Own-child, White, Male, United-States, <=50K
28.117989,141152.27,10.97749,3709.0437,-63.109814,39.603615, Private, HS-grad, Married-civ-spouse, Prof-specialty, Husband, White, Male, United-States, <=50K
43.725685,289310.88,7.920115,4109.4907,-17.822306,46.366245, Private, Some-college, Married-civ-spouse, Craft-repair, Husband, White, Male, United-States, >50K
40.89071,129024.51,12.229146,1055.5005,-79.057686,60.452847, Private, Bachelors, Married-civ-spouse, Exec-managerial, Husband, White, Male, United-States, >50K
26.95245,319837.84,11.401126,3132.3503,-72.45519,40.262493, Private, Bachelors, Never-married, Prof-specialty, Not-in-family, White, Female, United-States, <=50K
30.053015,181450.12,13.58497,4516.6655,-28.537928,43.25312, Private, Bachelors, Married-civ-spouse, Prof-specialty, Husband, White, Male, United-States, >50K
26.433752,146498.48,9.876203,2018.3022,53.603256,55.059864, Private, HS-grad, Never-married, Craft-repair, Not-in-family, White, Male, United-States, <=50K
29.335033,172967.84,9.864477,179.15625,-21.802683,50.9871, Private, HS-grad, Never-married, Craft-repair, Not-in-family, White, Male, United-States, <=50K
32.49814,132901.12,11.960172,7362.946,-18.07152,25.857658, Private, Bachelors, Married-civ-spouse, Prof-specialty, Husband, White, Male, United-States, >50K
27.16589,119968.65,5.8761296,1015.5586,-17.517221,43.010815, Private, HS-grad, Never-married, Other-service, Not-in-family, White, Male, United-States, <=50K
29.392971,270444.6,8.171305,253.21442,50.413277,37.36191, Private, HS-grad, Married-civ-spouse, Other-service, Husband, White, Male, United-States, <=50K
50.61341,220651.08,12.184847,2718.2747,520.18225,46.41629, Private, Bachelors, Married-civ-spouse, Prof-specialty, Husband, White, Male, United-States, >50K
35.112114,192527.31,5.569822,1947.5748,95.09947,31.471853, Private, HS-grad, Never-married, Adm-clerical, Not-in-family, White, Female, United-States, <=50K
25.324038,202368.52,8.385871,-100.33552,14.810819,43.94144, Private, Some-college, Never-married, Craft-repair, Own-child, White, Male, United-States, <=50K
26.762463,207923.84,7.2022586,387.16736,-14.43957,25.512167, Private, HS-grad, Never-married, Other-service, Unmarried, White, Female, United-States, <=50K
30.705359,327206.6,6.2378383,-408.8056,136.46126,54.563538, Private, HS-grad, Never-married, Craft-repair, Not-in-family, White, Male, United-States, <=50K
53.880947,159363.17,5.529035,1613.5671,106.81029,31.862144, Private, HS-grad, Never-married, Other-service, Not-in-family, White, Male, United-States, <=50K
50.591957,127877.71,12.949218,5548.854,10.2391405,49.597748, Private, Bachelors, Divorced, Prof-specialty, Not-in-family, White, Male, United-States, >50K
28.144205,234692.92,6.630523,854.48,-27.162378,31.765926, Private, Some-college, Never-married, Other-service, Unmarried, White, Female, United-States, <=50K
37.562504,229612.77,4.7295413,1018.15125,-38.94231,34.77342, Private, HS-grad, Never-married, Other-service, Not-in-family, White, Female, United-States, <=50K
46.288536,147507.83,5.9899216,1172.5896,56.06713,36.19904, Private, HS-grad, Divorced, Other-service, Husband, White, Male, United-States, <=50K
42.876144,188315.0,8.67635,886.73425,5.7424135,40.476982, Private, HS-grad, Married-civ-spouse, Other-service, Husband, White, Male, United-States, <=50K
28.957457,158191.39,9.201959,-314.8841,5.4692507,30.42336, Private, Some-college, Never-married, Other-service, Own-child, White, Male, United-States, <=50K
27.29115,198135.25,5.0037956,4985.4077,41.343483,50.510456, Private, HS-grad, Married-civ-spouse, Other-service, Husband, White, Male, United-States, <=50K
35.688057,109731.37,10.698384,1446.8813,18.709455,25.810034, Private, Bachelors, Never-married, Adm-clerical, Not-in-family, White, Female, United-States, <=50K
34.17217,142975.83,9.390908,-522.7203,-26.303514,34.016266, Private, Some-college, Never-married, Exec-managerial, Not-in-family, White, Female, United-States, <=50K
25.947803,308976.47,9.892704,722.5479,-12.895534,49.647995, Private, HS-grad, Never-married, Other-service, Own-child, White, Male, United-States, <=50K
30.09561,132674.31,7.056359,-812.7968,31.915342,33.838203, Private, HS-grad, Never-married, Other-service, Unmarried, White, Female, United-States, <=50K
26.72013,102977.445,10.461402,393.2141,-0.6831845,36.853767, Private, HS-grad, Never-married, Adm-clerical, Unmarried, White, Female, United-States, <=50K
29.034071,91371.3,10.377002,1313.9023,-14.005343,33.344242, Private, HS-grad, Never-married, Adm-clerical, Unmarried, White, Female, United-States, <=50K
42.56482,139342.58,9.788179,-113.82368,78.014465,37.263245, Private, HS-grad, Married-civ-spouse, Adm-clerical, Husband, White, Female, United-States, <=50K
49.7583,200970.62,8.1780205,545.7532,46.78791,41.869728, Private, HS-grad, Divorced, Other-service, Unmarried, White, Male, United-States, <=50K
40.431713,297103.53,7.1825733,-442.22076,47.106323,47.194386, Private, Some-college, Married-civ-spouse, Craft-repair, Husband, White, Male, United-States, <=50K
25.908876,152939.14,7.7557297,233.18933,23.138418,37.5453, Private, HS-grad, Married-civ-spouse, Other-service, Own-child, White, Male, United-States, <=50K
28.84726,347045.5,8.798251,1005.2526,16.90283,48.77289, Private, HS-grad, Never-married, Other-service, Not-in-family, White, Male, United-States, <=50K
28.809906,109378.38,10.802434,748.41504,-49.668575,45.500843, Private, Bachelors, Never-married, Exec-managerial, Own-child, White, Male, United-States, <=50K
39.96117,302696.9,10.470054,8487.764,6.5013247,45.218616, Private, HS-grad, Never-married, Prof-specialty, Not-in-family, White, Female, United-States, <=50K
53.102978,153480.92,13.397361,1051.6553,102.41958,44.68859, Private, Bachelors, Married-civ-spouse, Exec-managerial, Husband, White, Male, United-States, <=50K
54.1894,166787.48,13.685501,1871.6698,110.73721,45.258575, Private, Bachelors, Married-civ-spouse, Prof-specialty, Husband, White, Male, United-States, <=50K
28.681177,100381.26,10.806373,-121.630684,173.83583,50.106533, Private, Some-college, Married-civ-spouse, Exec-managerial, Husband, White, Male, United-States, <=50K
31.462807,143707.84,8.252123,1697.146,-21.338572,41.20226, Private, Some-college, Married-civ-spouse, Exec-managerial, Husband, White, Female, United-States, <=50K
57.86309,49098.53,10.069594,3520.782,941.2039,50.827045, Private, HS-grad, Married-civ-spouse, Craft-repair, Husband, White, Male, United-States, >50K
41.403515,176880.78,8.556147,2050.7688,-6.8203,19.41474, Private, HS-grad, Divorced, Other-service, Unmarried, White, Female, United-States, <=50K
45.549618,192503.34,11.603256,-2093.6729,811.17334,44.328663, Private, Some-college, Divorced, Exec-managerial, Unmarried, White, Female, United-States, >50K
27.818335,473044.84,7.1979375,-807.4799,-32.406834,44.865055, Private, HS-grad, Never-married, Adm-clerical, Own-child, White, Male, United-States, <=50K
33.215446,183964.17,10.482324,47.446102,-9.171718,44.244236, Private, HS-grad, Married-civ-spouse, Exec-managerial, Husband, White, Male, United-States, <=50K
31.670084,278109.4,11.814839,-1086.7798,127.507904,43.53068, Private, Some-college, Married-civ-spouse, Exec-managerial, Husband, White, Male, United-States, <=50K
30.059233,257743.06,12.510004,-605.9748,-3.3251677,46.503815, Private, Bachelors, Never-married, Exec-managerial, Not-in-family, White, Male, United-States, <=50K
33.78005,198998.23,10.613777,448.5871,-43.147152,50.517654, Private, HS-grad, Married-civ-spouse, Craft-repair, Not-in-family, White, Male, United-States, <=50K
52.810352,127427.55,5.7371807,1431.1187,16.258757,39.3108, Private, HS-grad, Married-civ-spouse, Other-service, Husband, White, Male, United-States, <=50K
33.672985,148702.7,8.386484,1462.7369,182.1181,39.370224, Private, HS-grad, Married-civ-spouse, Exec-managerial, Husband, White, Male, United-States, <=50K
21.7241,195483.98,6.891026,187.22961,51.86657,21.360405, Private, Some-college, Never-married, Other-service, Own-child, White, Male, United-States, <=50K
20.832045,243953.14,9.910671,-198.70099,-7.0336637,34.61754, Private, Some-college, Never-married, Craft-repair, Own-child, White, Male, United-States, <=50K
21.1375,151049.08,10.939235,486.23828,18.920347,33.327057, Private, HS-grad, Married-civ-spouse, Other-service, Own-child, White, Male, United-States, <=50K
28.148663,324699.56,6.892776,2735.8506,2.0494432,35.947144, Private, HS-grad, Never-married, Craft-repair, Not-in-family, White, Male, United-States, <=50K
43.52418,257006.0,12.035949,-1858.0911,357.89914,61.719936, Private, Some-college, Divorced, Exec-managerial, Not-in-family, White, Male, United-States, <=50K
34.71502,158515.62,8.965017,731.7693,-34.519497,26.417831, Private, Some-college, Never-married, Adm-clerical, Own-child, White, Female, United-States, <=50K
36.81465,162030.67,10.451819,1261.4807,213.34978,43.623783, Private, HS-grad, Married-civ-spouse, Prof-specialty, Husband, White, Male, United-States, >50K
54.181396,172301.27,12.887377,805.2703,-8.389987,42.852356, Private, Bachelors, Divorced, Prof-specialty, Husband, White, Male, United-States, <=50K
29.94769,215031.05,11.839457,951.5994,-54.26373,50.1557, Private, Bachelors, Never-married, Craft-repair, Not-in-family, White, Male, United-States, <=50K
38.08144,289539.22,3.8665218,-1136.1245,-29.126741,40.558823, Private, Some-college, Never-married, Adm-clerical, Own-child, White, Male, United-States, <=50K
21.415586,217413.94,8.640943,90.76769,225.22514,38.217693, Private, Some-college, Married-civ-spouse, Craft-repair, Own-child, White, Male, United-States, <=50K
27.041967,89618.31,11.907937,652.1809,-63.210476,39.606483, Private, Bachelors, Never-married, Prof-specialty, Own-child, White, Male, United-States, <=50K
41.731003,215108.34,12.519403,1545.1646,177.23816,57.44879, Private, Bachelors, Married-civ-spouse, Craft-repair, Husband, White, Male, United-States, >50K
25.537262,173927.73,11.224232,-482.65753,45.749725,49.76974, Private, Bachelors, Never-married, Exec-managerial, Own-child, White, Female, United-States, <=50K
26.99712,146540.22,11.797509,1168.7075,386.93057,35.824104, Private, Bachelors, Never-married, Adm-clerical, Own-child, White, Female, United-States, <=50K
37.9961,447562.66,6.919779,-365.2552,23.861082,44.985813, Private, HS-grad, Married-civ-spouse, Other-service, Unmarried, White, Female, United-States, <=50K
36.002487,245593.84,10.402654,-945.26605,225.48732,49.731865, Private, Some-college, Married-civ-spouse, Craft-repair, Husband, White, Male, United-States, <=50K
43.466606,232014.78,12.082453,-522.31,-17.562632,42.130936, Private, Bachelors, Married-civ-spouse, Exec-managerial, Husband, White, Male, United-States, >50K
49.445496,236872.08,11.718855,1675.7863,49.333424,24.912556, Private, Some-college, Divorced, Adm-clerical, Not-in-family, White, Female, United-States, <=50K
28.575266,346179.06,12.501447,2280.498,346.15598,49.192795, Private, Bachelors, Never-married, Prof-specialty, Not-in-family, White, Female, United-States, <=50K
58.97742,97625.56,6.433463,862.7632,173.2576,28.929506, Private, HS-grad, Married-civ-spouse, Craft-repair, Husband, White, Male, United-States, <=50K
72.0149,197746.62,8.662255,1551.381,70.69667,53.319027, Private, HS-grad, Married-civ-spouse, Craft-repair, Husband, White, Male, United-States, <=50K
34.04429,250492.86,8.045961,-28.2934,-26.778269,34.797638, Private, Some-college, Married-civ-spouse, Adm-clerical, Husband, White, Male, United-States, <=50K
59.006172,92832.02,8.934993,4127.2812,407.0257,38.20047, Private, Some-college, Married-civ-spouse, Exec-managerial, Unmarried, White, Female, United-States, >50K
30.74194,159433.64,8.718678,153.09692,49.033154,36.718246, Private, HS-grad, Never-married, Other-service, Husband, White, Male, United-States, <=50K
32.60154,171648.69,12.437834,1477.3488,-12.622981,38.45692, Private, Bachelors, Divorced, Exec-managerial, Not-in-family, White, Female, United-States, <=50K
31.184437,222634.67,5.904183,-833.7784,-46.377117,41.693336, Private, Some-college, Divorced, Other-service, Unmarried, White, Female, United-States, <=50K
49.364067,176255.02,8.45896,2872.6135,-23.43342,44.557667, Private, Some-college, Married-civ-spouse, Craft-repair, Husband, White, Male, United-States, >50K
31.661516,176261.44,6.9640083,-311.11346,7.369931,38.800663, Private, Some-college, Never-married, Craft-repair, Own-child, White, Male, United-States, <=50K
38.035534,285703.66,13.164943,2020.2002,450.76962,41.106598, Private, Bachelors, Never-married, Prof-specialty, Not-in-family, White, Male, United-States, <=50K
48.269844,260263.81,11.239897,682.21313,-2.509616,41.79471, Private, Bachelors, Married-civ-spouse, Exec-managerial, Husband, White, Female, United-States, <=50K
31.05797,76772.37,9.451295,1127.0482,28.712427,42.15706, Private, Some-college, Never-married, Other-service, Own-child, White, Male, United-States, <=50K
33.190994,211084.45,8.705474,279.2884,40.70416,32.114147, Private, HS-grad, Divorced, Adm-clerical, Unmarried, White, Female, United-States, <=50K
35.388805,140998.6,13.409027,2616.4263,3.2775621,45.624565, Private, Bachelors, Married-civ-spouse, Prof-specialty, Husband, White, Male, United-States, <=50K
48.47387,171369.64,12.307805,-121.41242,274.2276,56.059956, Private, Bachelors, Married-civ-spouse, Craft-repair, Husband, White, Male, United-States, <=50K
22.254215,194211.1,9.107103,-853.535,-9.017337,25.716852, Private, Some-college, Never-married, Other-service, Own-child, White, Male, United-States, <=50K
44.99712,320685.7,7.4741464,-968.0135,51.51688,52.19859, Private, HS-grad, Married-civ-spouse, Craft-repair, Husband, White, Male, United-States, <=50K
69.67443,114891.13,9.2636385,1418.8743,59.073975,28.990425, Private, HS-grad, Married-civ-spouse, Other-service, Husband, White, Male, United-States, <=50K
23.769377,346868.9,6.5785694,-918.02313,40.91651,45.598675, Private, Some-college, Married-civ-spouse, Craft-repair, Own-child, White, Male, United-States, <=50K
54.63644,199808.81,5.5813994,1645.0627,25.871458,28.666859, Private, HS-grad, Divorced, Adm-clerical, Not-in-family, White, Male, United-States, <=50K
60.390064,236722.0,12.758337,1432.3121,67.35901,39.395775, Private, Bachelors, Divorced, Exec-managerial, Not-in-family, White, Male, United-States, >50K
40.287254,165798.02,14.087208,7233.0176,1140.9963,64.88101, Private, Bachelors, Married-civ-spouse, Exec-managerial, Husband, White, Male, United-States, >50K
34.13173,222050.12,7.530531,2297.3528,-23.890879,55.083202, Private, HS-grad, Never-married, Other-service, Not-in-family, White, Female, United-States, <=50K
39.144585,154252.39,7.955278,1139.5197,-13.693225,30.916397, Private, HS-grad, Never-married, Other-service, Not-in-family, White, Male, United-States, <=50K
43.501694,158801.9,13.894148,4317.348,7.858083,55.818783, Private, Bachelors, Married-civ-spouse, Prof-specialty, Husband, White, Male, United-States, >50K
35.552998,131677.64,8.833495,564.30426,-14.450778,44.887493, Private, HS-grad, Married-civ-spouse, Craft-repair, Husband, White, Male, United-States, <=50K
25.038149,155534.27,8.233699,-545.0424,-49.9102,42.11453, Private, Some-college, Never-married, Other-service, Own-child, White, Male, United-States, <=50K
56.133068,134855.44,10.803661,327.86346,81.511246,30.531952, Private, Some-college, Divorced, Adm-clerical, Unmarried, White, Female, United-States, <=50K
41.245052,147899.38,10.496205,1373.8995,154.34924,50.887566, Private, HS-grad, Married-civ-spouse, Craft-repair, Husband, White, Male, United-States, <=50K
46.251904,134100.61,10.267585,2087.1604,300.0549,54.872368, Private, HS-grad, Married-civ-spouse, Craft-repair, Husband, White, Male, United-States, >50K
50.540325,184808.36,12.585567,1307.7891,92.271706,42.356483, Private, Bachelors, Married-civ-spouse, Exec-managerial, Husband, White, Male, United-States, <=50K
28.610031,260711.69,7.0891156,180.12274,-24.689058,41.98318, Private, HS-grad, Married-civ-spouse, Other-service, Unmarried, White, Female, United-States, <=50K
52.274845,199839.0,8.787697,589.4977,-23.989313,48.882664, Private, Some-college, Married-civ-spouse, Craft-repair, Husband, White, Male, United-States, <=50K
24.869236,175106.77,10.270934,944.56384,306.67493,40.001675, Private, Some-college, Never-married, Adm-clerical, Not-in-family, White, Female, United-States, <=50K
22.799797,149327.69,9.969494,44.679867,1.6195194,34.1947, Private, HS-grad, Never-married, Other-service, Own-child, White, Male, United-States, <=50K
39.806835,154186.66,11.295569,3263.3545,44.269077,31.332966, Private, HS-grad, Married-civ-spouse, Prof-specialty, Husband, White, Male, United-States, >50K
39.109005,134982.33,10.941149,99.809746,-12.378314,49.233425, Private, Some-college, Married-civ-spouse, Craft-repair, Husband, White, Male, United-States, <=50K
42.35609,120846.98,11.288408,869.46173,-5.0956984,55.65981, Private, HS-grad, Married-civ-spouse, Craft-repair, Husband, White, Male, United-States, <=50K
60.607708,193730.7,9.437069,3772.8044,54.053192,41.354225, Private, HS-grad, Married-civ-spouse, Craft-repair, Husband, White, Male, United-States, <=50K
51.557693,172094.8,9.3584175,1375.0417,169.79053,44.27168, Private, Some-college, Married-civ-spouse, Craft-repair, Husband, White, Male, United-States, <=50K
24.469715,299643.66,6.917365,932.7925,113.70343,41.51906, Private, HS-grad, Never-married, Other-service, Not-in-family, White, Male, United-States, <=50K
51.088654,198672.61,7.0294466,1533.4437,81.71075,34.220078, Private, HS-grad, Married-civ-spouse, Other-service, Unmarried, White, Female, United-States, <=50K
29.526482,150546.75,7.959472,-681.34015,112.46531,42.065067, Private, Some-college, Married-civ-spouse, Other-service, Husband, White, Male, United-States, <=50K
24.940784,126725.336,10.127243,1418.2438,-30.834513,37.806118, Private, HS-grad, Never-married, Adm-clerical, Own-child, White, Female, United-States, <=50K
37.46789,149405.42,10.71974,166.45258,-7.1280394,32.67547, Private, Some-college, Divorced, Exec-managerial, Unmarried, White, Female, United-States, <=50K
57.868767,105486.54,8.718749,1927.9451,1.9280368,51.89521, Private, Some-college, Married-civ-spouse, Craft-repair, Husband, White, Male, United-States, <=50K
32.72572,82674.6,10.549055,1364.2152,40.489285,34.634853, Private, Some-college, Married-civ-spouse, Exec-managerial, Husband, White, Male, United-States, >50K
23.954458,239606.28,11.154871,3120.6294,372.6326,44.25346, Private, Bachelors, Never-married, Adm-clerical, Not-in-family, White, Female, United-States, <=50K
39.139866,188230.17,7.4213686,-2248.028,-60.38516,55.20609, Private, Some-college, Married-civ-spouse, Exec-managerial, Husband, White, Male, United-States, <=50K
42.077736,129225.56,10.351008,4544.8657,85.92755,84.2896, Private, Some-college, Divorced, Exec-managerial, Not-in-family, White, Male, United-States, >50K
47.681767,223958.64,10.115244,4551.6323,-65.21873,65.274994, Private, HS-grad, Divorced, Craft-repair, Not-in-family, White, Male, United-States, <=50K
49.091583,261164.14,8.939355,148.61206,26.96396,32.88472, Private, Some-college, Divorced, Adm-clerical, Unmarried, White, Female, United-States, <=50K
25.085056,130885.08,12.817603,607.1661,-16.042429,42.479168, Private, Bachelors, Never-married, Prof-specialty, Own-child, White, Female, United-States, <=50K
24.669647,289911.4,10.80498,227.28369,238.61436,40.59175, Private, Some-college, Never-married, Adm-clerical, Own-child, White, Female, United-States, <=50K
25.600456,243191.6,9.298108,2425.5774,38.529655,33.42825, Private, HS-grad, Married-civ-spouse, Other-service, Husband, White, Male, United-States, <=50K
34.866493,131698.66,9.367235,1685.5338,-17.809603,35.443195, Private, Some-college, Never-married, Other-service, Not-in-family, White, Male, United-States, <=50K
41.62387,90130.44,12.532492,4946.69,-65.226524,41.32324, Private, Bachelors, Married-civ-spouse, Prof-specialty, Husband, White, Male, United-States, >50K
20.979702,269480.44,8.273037,1921.9766,19.829,39.15245, Private, HS-grad, Never-married, Other-service, Own-child, White, Female, United-States, <=50K
28.61706,204537.08,11.2691965,880.01965,153.9083,41.379776, Private, Bachelors, Never-married, Adm-clerical, Not-in-family, White, Male, United-States, <=50K
40.497078,167829.45,12.029965,1770.6183,566.32434,34.640186, Private, Bachelors, Divorced, Exec-managerial, Unmarried, White, Female, United-States, >50K
41.89255,194480.05,10.337397,1179.3558,57.631016,40.076126, Private, Some-college, Divorced, Adm-clerical, Not-in-family, White, Female, United-States, <=50K
70.43357,126569.016,7.5616636,448.6286,70.68438,38.77398, Private, Some-college, Divorced, Craft-repair, Husband, White, Male, United-States, <=50K
35.433296,199036.14,13.453328,-190.88837,133.92305,55.403736, Private, Bachelors, Married-civ-spouse, Exec-managerial, Husband, White, Male, United-States, <=50K
68.120384,122490.23,7.20411,888.2657,42.54986,48.00418, Private, HS-grad, Married-civ-spouse, Other-service, Husband, White, Male, United-States, <=50K
28.604713,103060.77,8.620121,598.26483,51.669155,41.8485, Private, HS-grad, Married-civ-spouse, Other-service, Husband, White, Male, United-States, <=50K
24.761997,343982.47,11.229783,1344.895,-58.496502,39.181828, Private, HS-grad, Never-married, Exec-managerial, Not-in-family, White, Male, United-States, <=50K
27.886963,141827.31,10.2708435,33.226315,-20.182741,45.825268, Private, HS-grad, Never-married, Craft-repair, Own-child, White, Male, United-States, <=50K
25.186396,209973.84,8.484746,1921.6039,58.54375,23.739096, Private, Some-college, Never-married, Other-service, Own-child, White, Male, United-States, <=50K
44.146782,216365.06,9.90078,260.13757,-31.207773,40.779823, Private, Some-college, Divorced, Exec-managerial, Not-in-family, White, Female, United-States, <=50K
68.257286,143942.75,8.325805,1881.1758,650.4796,35.7172, Private, HS-grad, Divorced, Adm-clerical, Not-in-family, White, Female, United-States, <=50K
51.840466,190316.05,7.811283,21.349178,47.52783,48.350586, Private, Some-college, Divorced, Craft-repair, Not-in-family, White, Male, United-States, <=50K
34.556522,197729.4,9.907322,1146.1382,463.21753,48.769688, Private, Some-college, Married-civ-spouse, Craft-repair, Husband, White, Male, United-States, >50K
35.46719,239193.5,12.997633,3744.0024,-11.639224,46.21035, Private, Bachelors, Never-married, Exec-managerial, Not-in-family, White, Male, United-States, >50K
42.681355,215694.11,6.0911155,657.7769,36.92524,42.966427, Private, HS-grad, Married-civ-spouse, Adm-clerical, Unmarried, White, Male, United-States, <=50K
35.65973,104819.6,9.436759,1949.0765,-2.7311277,42.98684, Private, HS-grad, Never-married, Adm-clerical, Not-in-family, White, Male, United-States, <=50K
27.211006,220052.06,7.4987574,191.92548,-10.257823,37.721416, Private, HS-grad, Never-married, Adm-clerical, Not-in-family, White, Male, United-States, <=50K
46.439747,158890.2,11.155449,-1783.6721,108.48365,53.09895, Private, Some-college, Divorced, Exec-managerial, Unmarried, White, Female, United-States, <=50K
47.995644,140063.44,8.161949,3650.2727,136.57826,41.098145, Private, HS-grad, Married-civ-spouse, Exec-managerial, Unmarried, White, Female, United-States, >50K
39.257103,258898.34,7.1570864,1058.6548,5.553548,34.837814, Private, HS-grad, Married-civ-spouse, Other-service, Unmarried, White, Female, United-States, <=50K
23.845707,238152.11,9.605842,3104.977,75.011894,27.45734, Private, HS-grad, Never-married, Other-service, Own-child, White, Female, United-States, <=50K
73.071106,188488.53,7.3435235,302.91425,77.14802,34.862774, Private, HS-grad, Divorced, Adm-clerical, Unmarried, White, Female, United-States, <=50K
31.41391,215620.4,12.02061,1064.27,-40.918224,40.46583, Private, Bachelors, Never-married, Exec-managerial, Own-child, White, Male, United-States, <=50K
35.01403,174048.8,8.819364,-1211.9639,-5.32355,60.718483, Private, Some-college, Divorced, Exec-managerial, Husband, White, Male, United-States, <=50K
27.171806,163878.33,12.918691,-1547.9099,397.59717,56.521854, Private, Bachelors, Married-civ-spouse, Exec-managerial, Husband, White, Male, United-States, <=50K
41.789677,281755.44,11.19558,308.5658,-19.83809,67.284454, Private, HS-grad, Married-civ-spouse, Exec-managerial, Husband, White, Male, United-States, <=50K
31.282408,198471.69,10.477638,422.45667,83.263626,52.425686, Private, HS-grad, Never-married, Craft-repair, Not-in-family, White, Male, United-States, <=50K
30.03212,173920.27,11.406575,-685.55096,962.6105,42.066654, Private, Bachelors, Married-civ-spouse, Exec-managerial, Own-child, White, Male, United-States, <=50K
33.094944,81935.71,8.909873,847.9094,40.470394,38.737583, Private, HS-grad, Never-married, Other-service, Own-child, White, Male, United-States, <=50K
46.472576,200430.81,13.618035,3667.3115,-29.654978,31.327751, Private, Bachelors, Married-civ-spouse, Prof-specialty, Husband, White, Male, United-States, >50K
43.12586,69181.305,9.897116,2491.6084,1524.4344,40.306152, Private, HS-grad, Divorced, Craft-repair, Not-in-family, White, Male, United-States, <=50K
39.057766,181881.88,10.014023,3784.1934,-50.12129,29.017866, Private, HS-grad, Never-married, Adm-clerical, Not-in-family, White, Female, United-States, <=50K
33.37276,52050.83,9.630777,400.54535,-10.788806,43.066376, Private, Some-college, Never-married, Exec-managerial, Not-in-family, White, Male, United-States, <=50K
38.011288,143128.17,5.3646255,-71.84785,54.805202,32.09664, Private, HS-grad, Never-married, Other-service, Own-child, White, Male, United-States, <=50K
35.53478,99922.61,12.857195,3305.4497,59.20302,47.366844, Private, Bachelors, Married-civ-spouse, Prof-specialty, Husband, White, Male, United-States, >50K
69.94011,100597.15,10.471692,1896.7029,-0.5965527,33.96483, Private, HS-grad, Married-civ-spouse, Craft-repair, Husband, White, Male, United-States, <=50K
50.56562,149364.02,6.6763797,883.171,41.35047,46.261703, Private, HS-grad, Divorced, Other-service, Not-in-family, White, Male, United-States, <=50K
58.696762,72386.02,9.676744,5959.018,5.691678,35.31367, Private, HS-grad, Divorced, Prof-specialty, Not-in-family, White, Female, United-States, <=50K
46.37868,123835.54,9.432425,1549.1793,864.03937,52.51273, Private, Some-college, Married-civ-spouse, Exec-managerial, Husband, White, Male, United-States, >50K
32.320576,176118.28,11.960344,-149.7243,32.06334,34.934166, Private, Bachelors, Never-married, Prof-specialty, Not-in-family, White, Female, United-States, <=50K
54.797424,211210.6,8.713771,1356.9733,26.31219,37.905907, Private, HS-grad, Divorced, Other-service, Unmarried, White, Female, United-States, <=50K
26.2336,373697.44,13.587112,1507.6824,-27.49074,54.284454, Private, Bachelors, Never-married, Exec-managerial, Unmarried, White, Female, United-States, >50K
37.164,219771.25,12.46769,1621.0286,2.8880663,33.539597, Private, Bachelors, Married-civ-spouse, Sales, Husband, White, Male, United-States, <=50K
45.99497,162301.08,12.656496,2535.688,32.843826,53.7523, Private, Bachelors, Divorced, Exec-managerial, Not-in-family, White, Male, United-States, >50K
49.673866,104605.79,10.404142,7554.786,29.791647,49.31476, Private, HS-grad, Married-civ-spouse, Prof-specialty, Husband, White, Male, United-States, >50K
26.330414,224264.78,10.56508,-617.9113,252.07631,51.706867, Private, Some-college, Never-married, Adm-clerical, Own-child, White, Male, United-States, <=50K
38.132362,141685.45,8.546677,5500.326,37.015648,36.55704, Private, HS-grad, Never-married, Other-service, Husband, White, Male, United-States, <=50K
37.701084,170061.5,7.5197825,1172.0018,10.874486,22.624958, Private, HS-grad, Never-married, Other-service, Own-child, White, Male, United-States, <=50K
36.559856,151524.17,13.016115,3092.1128,-112.693535,51.703796, Private, Bachelors, Married-civ-spouse, Exec-managerial, Husband, White, Male, United-States, >50K
52.383945,117652.1,12.517918,1386.3998,36.105175,37.93701, Private, Bachelors, Divorced, Exec-managerial, Not-in-family, White, Female, United-States, <=50K
32.04712,144096.36,12.248132,1504.7456,119.14111,32.94793, Private, Bachelors, Never-married, Exec-managerial, Not-in-family, White, Male, United-States, <=50K
29.669008,170950.34,8.734633,-1217.5078,40.863083,33.27675, Private, Some-college, Never-married, Exec-managerial, Own-child, White, Female, United-States, <=50K
36.141006,139482.9,13.859409,715.0726,501.41467,68.300224, Private, Bachelors, Never-married, Exec-managerial, Not-in-family, White, Male, United-States, >50K
48.671097,103923.336,5.6579995,276.76477,19.705236,31.182615, Private, HS-grad, Married-civ-spouse, Other-service, Husband, White, Male, United-States, <=50K
38.6604,37407.86,10.587966,1928.7522,10.959706,50.012825, Private, HS-grad, Married-civ-spouse, Exec-managerial, Husband, White, Male, United-States, >50K
30.993998,136651.66,5.595968,396.79272,17.383184,27.429209, Private, HS-grad, Never-married, Other-service, Unmarried, White, Female, United-States, <=50K
26.326586,132491.6,10.871925,2076.826,21.787374,39.376476, Private, Bachelors, Never-married, Exec-managerial, Own-child, White, Male, United-States, <=50K
29.472015,86355.76,11.964657,1737.1038,-3.8991804,28.331217, Private, Bachelors, Never-married, Prof-specialty, Not-in-family, White, Female, United-States, <=50K
51.27971,131177.56,15.563874,10948.815,93.9012,44.65319, Private, Bachelors, Married-civ-spouse, Prof-specialty, Husband, White, Male, United-States, >50K
17.109385,325727.28,7.455736,-2206.5881,72.97311,32.414288, Private, Some-college, Married-civ-spouse, Other-service, Own-child, White, Male, United-States, <=50K
31.145184,131105.3,11.262395,701.43756,373.71768,46.64531, Private, Some-college, Never-married, Exec-managerial, Own-child, White, Male, United-States, <=50K
30.795406,88677.195,9.619237,427.77124,55.60273,33.304565, Private, HS-grad, Married-civ-spouse, Other-service, Own-child, White, Female, United-States, <=50K
32.28397,180321.17,9.231473,233.79486,-47.12118,45.473686, Private, Some-college, Never-married, Craft-repair, Own-child, White, Male, United-States, <=50K
33.53893,69388.23,10.927689,1650.0771,118.9396,32.57177, Private, HS-grad, Never-married, Prof-specialty, Own-child, White, Female, United-States, <=50K
59.708874,257802.94,3.1518745,656.67065,4.5093813,27.374311, Private, HS-grad, Married-civ-spouse, Other-service, Husband, White, Male, United-States, <=50K
31.999126,152608.9,11.927288,2085.084,2.2432146,39.750168, Private, Bachelors, Never-married, Exec-managerial, Not-in-family, White, Male, United-States, <=50K
26.897654,281546.06,11.086349,-551.26764,12.985982,56.617702, Private, Some-college, Married-civ-spouse, Craft-repair, Husband, White, Male, United-States, <=50K
28.917606,155790.42,13.125865,3233.5022,148.88348,50.003094, Private, Bachelors, Never-married, Prof-specialty, Own-child, White, Male, United-States, <=50K
36.555897,139393.6,13.25484,2849.5288,-18.096613,42.188725, Private, Bachelors, Married-civ-spouse, Prof-specialty, Husband, White, Male, United-States, >50K
31.102484,183255.66,10.683087,581.88617,52.118145,41.80456, Private, Some-college, Married-civ-spouse, Exec-managerial, Husband, White, Male, United-States, >50K
44.000534,115829.58,9.675407,944.19183,32.83771,41.03185, Private, HS-grad, Married-civ-spouse, Other-service, Husband, White, Male, United-States, <=50K
50.17206,99736.766,13.0723095,-616.5341,200.34465,36.33115, Private, Bachelors, Married-civ-spouse, Exec-managerial, Husband, White, Male, United-States, <=50K
42.513683,200971.17,7.6164775,1406.8773,22.935751,30.935966, Private, HS-grad, Divorced, Other-service, Not-in-family, White, Female, United-States, <=50K
25.712074,232398.3,11.812009,992.3596,20.033804,41.936394, Private, HS-grad, Married-civ-spouse, Prof-specialty, Husband, White, Female, United-States, <=50K
31.209248,169679.23,10.344116,1049.4373,14.24516,33.6548, Private, Some-college, Never-married, Craft-repair, Not-in-family, White, Male, United-States, <=50K
29.108759,194579.52,10.895267,661.3563,314.40524,44.469337, Private, Some-college, Never-married, Craft-repair, Own-child, White, Male, United-States, <=50K
53.632427,258972.14,10.079761,2321.8784,32.228455,40.853558, Private, HS-grad, Divorced, Exec-managerial, Unmarried, White, Female, United-States, >50K
39.88674,122063.875,7.9851494,1228.4362,29.033453,39.04621, Private, HS-grad, Never-married, Other-service, Not-in-family, White, Female, United-States, <=50K
34.234585,245298.67,7.866455,-630.1668,33.71746,50.83637, Private, Some-college, Married-civ-spouse, Craft-repair, Own-child, White, Male, United-States, <=50K
53.61697,350001.72,9.897705,3659.1257,817.25446,60.2196, Private, HS-grad, Married-civ-spouse, Exec-managerial, Husband, White, Male, United-States, >50K
47.030674,59181.54,8.857774,1068.375,58.88704,36.704, Private, HS-grad, Divorced, Other-service, Unmarried, White, Female, United-States, <=50K
41.179844,193022.73,9.1749115,1293.4059,-11.990748,40.24993, Private, Some-college, Married-civ-spouse, Exec-managerial, Husband, White, Male, United-States, >50K
56.85135,170238.31,9.088313,-332.98907,385.56827,53.09251, Private, Some-college, Married-civ-spouse, Craft-repair, Husband, White, Male, United-States, <=50K
49.067837,175221.77,5.463086,404.15588,-40.292072,39.279816, Private, HS-grad, Divorced, Other-service, Unmarried, White, Female, United-States, <=50K
40.136677,133992.78,9.014161,666.6153,12.93131,44.794632, Private, HS-grad, Married-civ-spouse, Craft-repair, Husband, White, Male, United-States, <=50K
38.7943,239709.67,9.302681,475.5003,2.540677,59.89652, Private, Some-college, Married-civ-spouse, Other-service, Own-child, White, Male, United-States, <=50K
30.2495,293309.3,10.294654,381.28497,113.39549,36.08739, Private, HS-grad, Married-civ-spouse, Prof-specialty, Husband, White, Male, United-States, <=50K
35.379406,194343.62,7.536225,934.2931,7.997525,39.152042, Private, HS-grad, Never-married, Other-service, Not-in-family, White, Female, United-States, <=50K
37.757637,195437.72,6.77665,320.50433,99.102585,60.97335, Private, Some-college, Married-civ-spouse, Craft-repair, Husband, White, Male, United-States, <=50K
40.197014,298028.03,12.729489,-442.7381,82.68527,51.388306, Private, Bachelors, Married-civ-spouse, Exec-managerial, Husband, White, Male, United-States, <=50K
37.710342,113746.305,7.7050934,1549.2457,8.279309,28.239338, Private, HS-grad, Married-civ-spouse, Other-service, Unmarried, White, Female, United-States, <=50K
29.594215,275978.66,9.9679785,650.1962,22.276762,37.72271, Private, HS-grad, Never-married, Other-service, Own-child, White, Male, United-States, <=50K
39.462433,142732.11,7.830847,954.165,131.2588,54.055664, Private, HS-grad, Married-civ-spouse, Craft-repair, Husband, White, Male, United-States, <=50K
24.242826,192523.5,12.619779,1700.6515,81.70999,32.142673, Private, Bachelors, Married-civ-spouse, Prof-specialty, Husband, White, Female, United-States, <=50K
43.3563,226455.5,7.595917,1558.2885,17.114035,58.046604, Private, Some-college, Divorced, Exec-managerial, Husband, White, Male, United-States, <=50K
34.651188,72784.734,9.805435,74.22863,288.9152,36.913292, Private, Some-college, Never-married, Adm-clerical, Own-child, White, Male, United-States, <=50K
55.59787,132497.89,12.984492,3874.117,154.76788,33.620686, Private, Bachelors, Married-civ-spouse, Prof-specialty, Husband, White, Male, United-States, >50K
23.854946,357924.06,10.105674,1244.358,-3.074832,34.450745, Private, HS-grad, Never-married, Craft-repair, Own-child, White, Male, United-States, <=50K
37.47132,120858.66,11.969794,2467.6052,-17.707659,38.94756, Private, HS-grad, Never-married, Prof-specialty, Not-in-family, White, Female, United-States, <=50K
58.029125,195851.56,6.049924,1146.2682,47.16901,29.344114, Private, HS-grad, Married-civ-spouse, Other-service, Husband, White, Male, United-States, <=50K
25.153748,353203.78,6.090596,518.0093,85.62573,37.65416, Private, HS-grad, Never-married, Adm-clerical, Own-child, White, Male, United-States, <=50K
28.999378,232768.47,13.375948,2191.9197,6.7554293,49.397827, Private, Bachelors, Never-married, Prof-specialty, Not-in-family, White, Female, United-States, <=50K
17.647593,215604.75,9.288342,-546.0756,59.721256,21.569147, Private, Some-college, Never-married, Other-service, Own-child, White, Female, United-States, <=50K
37.10087,159966.62,11.112342,684.15375,-51.43806,46.13114, Private, Bachelors, Divorced, Craft-repair, Not-in-family, White, Male, United-States, <=50K
27.610178,160457.06,9.179405,-319.86603,104.51857,27.167068, Private, HS-grad, Married-civ-spouse, Adm-clerical, Unmarried, White, Female, United-States, <=50K
34.641834,293497.4,10.9665,1801.9823,15.085614,39.44183, Private, HS-grad, Never-married, Prof-specialty, Not-in-family, White, Male, United-States, <=50K
42.051884,110571.29,9.144945,4634.6763,462.34506,56.443443, Private, HS-grad, Married-civ-spouse, Craft-repair, Husband, White, Male, United-States, >50K
33.889484,230718.92,12.653833,452.42633,13.835683,46.561134, Private, Bachelors, Never-married, Craft-repair, Not-in-family, White, Male, United-States, <=50K
52.74041,258512.08,11.4913845,510.7115,161.09602,46.22414, Private, Some-college, Divorced, Adm-clerical, Not-in-family, White, Male, United-States, <=50K
42.318268,295494.44,8.968963,2605.1096,18.71694,33.976738, Private, Some-college, Married-civ-spouse, Craft-repair, Husband, White, Male, United-States, <=50K
32.45204,417992.0,8.160708,-685.53204,51.548717,33.00037, Private, HS-grad, Married-civ-spouse, Other-service, Unmarried, White, Female, United-States, <=50K
60.138737,165969.17,2.9312944,600.3207,65.97989,31.750257, Private, HS-grad, Divorced, Other-service, Unmarried, White, Female, United-States, <=50K
43.25953,81083.71,10.916677,-603.33026,813.2511,55.73024, Private, Some-college, Married-civ-spouse, Exec-managerial, Husband, White, Male, United-States, <=50K
39.24158,218715.23,13.365243,1861.7881,65.93773,51.1686, Private, Bachelors, Married-civ-spouse, Exec-managerial, Husband, White, Male, United-States, >50K
27.117685,218012.61,9.3434305,906.30786,135.92705,55.632557, Private, HS-grad, Married-civ-spouse, Craft-repair, Husband, White, Male, United-States, <=50K
45.150867,198293.38,11.167489,2715.752,35.68474,39.54017, Private, Bachelors, Married-civ-spouse, Prof-specialty, Husband, White, Male, United-States, >50K
38.91258,146138.58,12.847623,1537.6885,-11.010005,35.99418, Private, Bachelors, Never-married, Prof-specialty, Not-in-family, White, Male, United-States, <=50K
68.45254,104212.97,13.1365795,2324.4854,98.97817,35.93091, Private, Bachelors, Married-civ-spouse, Exec-managerial, Husband, White, Male, United-States, <=50K
28.402119,353272.8,12.47356,4828.227,-2.8267622,32.283108, Private, Bachelors, Never-married, Prof-specialty, Not-in-family, White, Male, United-States, <=50K
16.413883,133420.61,9.10697,-908.3067,25.864538,27.54612, Private, Some-college, Never-married, Adm-clerical, Own-child, White, Female, United-States, <=50K
32.462357,288787.66,12.535037,1016.2831,-18.937387,48.06845, Private, Bachelors, Never-married, Prof-specialty, Unmarried, White, Female, United-States, <=50K
29.94727,92115.984,9.353981,-3.5924723,-15.03387,37.895725, Private, Some-college, Married-civ-spouse, Other-service, Husband, White, Male, United-States, <=50K
25.731071,206476.38,13.629151,2993.389,-52.53393,29.961555, Private, Bachelors, Never-married, Prof-specialty, Unmarried, White, Female, United-States, <=50K
39.41801,55420.594,13.784058,1356.2155,16.5604,48.71818, Private, Bachelors, Married-civ-spouse, Prof-specialty, Husband, White, Female, United-States, >50K
33.115414,177380.58,8.693345,165.63208,10.686147,36.661934, Private, HS-grad, Married-civ-spouse, Other-service, Husband, White, Male, United-States, <=50K
50.533306,172984.28,10.031533,3010.5298,-18.57667,33.87183, Private, HS-grad, Divorced, Adm-clerical, Not-in-family, White, Female, United-States, <=50K
53.556957,169410.36,9.795705,736.37897,46.866264,39.75105, Private, HS-grad, Married-civ-spouse, Prof-specialty, Husband, White, Male, United-States, <=50K
34.0929,185618.03,13.660715,1906.5295,91.11218,40.759266, Private, Bachelors, Married-civ-spouse, Prof-specialty, Husband, White, Male, United-States, >50K
48.316963,257888.45,9.146527,-324.37726,-6.108592,40.620964, Private, Some-college, Married-civ-spouse, Exec-managerial, Unmarried, White, Male, United-States, <=50K
35.807037,82760.11,11.280221,2440.634,55.13226,36.473537, Private, HS-grad, Married-civ-spouse, Prof-specialty, Husband, White, Female, United-States, <=50K
31.143764,117131.34,7.5792,3524.8523,-12.551776,37.54446, Private, HS-grad, Never-married, Other-service, Own-child, White, Male, United-States, <=50K
44.814987,264283.47,10.005261,306.54956,220.39572,42.733444, Private, Some-college, Married-civ-spouse, Craft-repair, Husband, White, Male, United-States, <=50K
46.494186,5124.6255,14.173831,1502.9689,-18.35174,52.6562, Private, Bachelors, Married-civ-spouse, Exec-managerial, Husband, White, Male, United-States, <=50K
35.085873,115223.0,7.852382,1005.28955,-3.0607328,27.768532, Private, HS-grad, Married-civ-spouse, Other-service, Husband, White, Female, United-States, <=50K
27.729542,220292.28,12.224183,61.5827,-19.154375,42.078857, Private, Some-college, Never-married, Exec-managerial, Not-in-family, White, Male, United-States, <=50K
45.960945,204998.53,9.654374,10195.6045,-36.654446,37.023277, Private, HS-grad, Married-civ-spouse, Craft-repair, Husband, White, Male, United-States, >50K
25.447336,174016.95,10.343823,-1087.9004,-54.69975,29.729105, Private, Some-college, Never-married, Adm-clerical, Own-child, White, Female, United-States, <=50K
29.185314,219553.83,10.539032,-578.7518,32.157017,45.42605, Private, HS-grad, Never-married, Craft-repair, Not-in-family, White, Male, United-States, <=50K
25.685722,338919.3,7.99577,55.792294,14.255025,44.979965, Private, HS-grad, Married-civ-spouse, Craft-repair, Husband, White, Male, United-States, <=50K
28.846107,198271.23,8.943502,3294.6956,-30.98762,54.492077, Private, HS-grad, Married-civ-spouse, Craft-repair, Not-in-family, White, Male, United-States, <=50K
20.304361,257441.39,4.9432425,86.20489,-7.312289,25.837933, Private, HS-grad, Never-married, Other-service, Own-child, White, Female, United-States, <=50K
37.911278,108717.46,10.163287,1049.7805,-11.028285,48.841858, Private, HS-grad, Married-civ-spouse, Craft-repair, Husband, White, Male, United-States, <=50K
42.520756,48273.17,9.876532,4058.7317,42.39221,44.257328, Private, HS-grad, Married-civ-spouse, Prof-specialty, Husband, White, Male, United-States, >50K
40.9372,112206.79,8.75178,4784.051,-31.408838,28.588955, Private, HS-grad, Never-married, Other-service, Not-in-family, White, Female, United-States, <=50K
38.60554,279179.28,8.280465,71.45568,-13.227809,46.15203, Private, HS-grad, Married-civ-spouse, Craft-repair, Husband, White, Male, United-States, <=50K
39.7881,142447.28,11.159925,1111.9193,11.84113,43.619324, Private, Bachelors, Married-civ-spouse, Craft-repair, Husband, White, Male, United-States, >50K
45.491318,212551.11,8.011736,2973.7754,28.157148,49.331764, Private, HS-grad, Married-civ-spouse, Exec-managerial, Husband, White, Male, United-States, >50K
58.37027,150738.47,6.4894185,-1439.5684,148.54602,26.80242, Private, HS-grad, Divorced, Adm-clerical, Unmarried, White, Female, United-States, <=50K
35.286697,304512.78,9.842046,2364.308,-27.231638,50.679897, Private, HS-grad, Married-civ-spouse, Craft-repair, Husband, White, Male, United-States, <=50K
48.00555,296360.75,8.461382,-343.581,8.936528,48.554638, Private, HS-grad, Married-civ-spouse, Craft-repair, Husband, White, Male, United-States, <=50K
28.539488,323637.16,14.597012,266.03662,168.05952,47.248234, Private, Bachelors, Never-married, Prof-specialty, Not-in-family, White, Female, United-States, <=50K
42.7802,335598.78,11.472565,156.61523,393.5799,24.071802, Private, Bachelors, Divorced, Adm-clerical, Unmarried, White, Female, United-States, <=50K
52.835636,213398.53,7.0061812,1231.0016,125.081566,38.266235, Private, HS-grad, Married-civ-spouse, Adm-clerical, Unmarried, White, Female, United-States, <=50K
23.749641,140301.73,13.927297,4629.773,113.8602,41.45593, Private, Bachelors, Never-married, Prof-specialty, Own-child, White, Male, United-States, <=50K
43.270298,156431.47,7.4650774,2212.415,40.7235,26.614336, Private, HS-grad, Married-civ-spouse, Other-service, Husband, White, Female, United-States, <=50K
35.351856,192043.62,5.66953,205.49908,-28.681261,17.92907, Private, Some-college, Never-married, Other-service, Unmarried, White, Female, United-States, <=50K
74.24321,25080.688,9.161546,501.396,272.00223,36.779377, Private, HS-grad, Married-civ-spouse, Exec-managerial, Husband, White, Male, United-States, >50K
37.880688,138737.6,9.173851,198.75867,38.678654,33.66663, Private, HS-grad, Divorced, Adm-clerical, Unmarried, White, Female, United-States, <=50K
27.672205,167585.47,12.782274,1682.1155,341.3051,31.329588, Private, Bachelors, Married-civ-spouse, Prof-specialty, Unmarried, White, Female, United-States, >50K
28.800125,104679.37,7.7077355,692.6316,-33.69878,38.881874, Private, HS-grad, Never-married, Other-service, Own-child, White, Male, United-States, <=50K
28.178392,275144.7,11.450718,-804.6143,19.858076,54.529434, Private, Bachelors, Never-married, Other-service, Own-child, White, Male, United-States, <=50K
40.0117,346065.3,12.147064,1038.21,169.55238,38.294403, Private, HS-grad, Divorced, Craft-repair, Not-in-family, White, Male, United-States, <=50K
43.820286,163301.39,9.837203,1860.1727,-30.543398,43.530506, Private, HS-grad, Married-civ-spouse, Craft-repair, Husband, White, Male, United-States, <=50K
29.221823,424955.78,10.663925,1337.0536,31.39873,36.277977, Private, HS-grad, Never-married, Adm-clerical, Own-child, White, Male, United-States, <=50K
50.510475,155717.7,12.495624,1023.39813,95.78517,52.910664, Private, HS-grad, Married-civ-spouse, Prof-specialty, Husband, White, Male, United-States, >50K
33.240707,383444.4,8.43576,-543.18,-23.030115,36.037712, Private, HS-grad, Married-civ-spouse, Other-service, Husband, White, Male, United-States, <=50K
31.649042,187332.52,8.927971,2000.3778,85.84653,42.307545, Private, HS-grad, Never-married, Other-service, Not-in-family, White, Male, United-States, <=50K
28.068499,144406.38,10.788655,-526.8023,538.68335,26.410398, Private, Some-college, Never-married, Adm-clerical, Own-child, White, Female, United-States, <=50K
31.874962,139438.66,6.1167397,226.56403,-2.1022215,28.555487, Private, HS-grad, Never-married, Other-service, Own-child, White, Male, United-States, <=50K
24.53255,235672.78,12.041669,1680.6687,134.33797,42.823627, Private, Bachelors, Never-married, Adm-clerical, Not-in-family, White, Female, United-States, <=50K
35.45255,121076.47,13.009492,2845.2808,-63.204845,26.997374, Private, Bachelors, Never-married, Prof-specialty, Not-in-family, White, Male, United-States, <=50K
29.018679,110345.71,12.058888,695.1974,110.3552,29.733627, Private, Bachelors, Married-civ-spouse, Exec-managerial, Unmarried, White, Female, United-States, <=50K
46.52698,233801.77,11.962798,964.516,138.24484,34.412975, Private, HS-grad, Never-married, Adm-clerical, Not-in-family, White, Female, United-States, <=50K
33.43012,95450.91,8.620326,170.77454,376.58636,44.67387, Private, HS-grad, Never-married, Adm-clerical, Not-in-family, White, Male, United-States, <=50K
26.280663,150242.67,8.32159,-1400.0017,210.32492,40.22047, Private, Some-college, Married-civ-spouse, Exec-managerial, Own-child, White, Male, United-States, <=50K
27.818958,58303.297,9.875542,329.4851,53.33405,36.91517, Private, HS-grad, Married-civ-spouse, Other-service, Husband, White, Female, United-States, <=50K
41.618862,135765.94,10.115692,1912.7206,31.538755,37.96257, Private, HS-grad, Married-civ-spouse, Other-service, Husband, White, Male, United-States, <=50K
39.617252,94442.61,10.798972,3429.4077,-18.614115,53.45154, Private, HS-grad, Married-civ-spouse, Craft-repair, Husband, White, Male, United-States, >50K
35.40721,142082.14,7.923039,-1333.6846,458.12805,62.90242, Private, Some-college, Married-civ-spouse, Adm-clerical, Husband, White, Male, United-States, <=50K
46.876846,320890.1,6.4931283,81.54485,-22.608568,52.006184, Private, Some-college, Married-civ-spouse, Craft-repair, Husband, White, Male, United-States, <=50K
44.25799,242568.84,8.459845,1594.2151,14.951238,35.215816, Private, HS-grad, Married-civ-spouse, Other-service, Husband, White, Male, United-States, >50K
35.102287,173052.81,8.288255,-175.78851,-9.950122,57.60868, Private, HS-grad, Married-civ-spouse, Craft-repair, Husband, White, Male, United-States, <=50K
29.716373,174031.9,9.604919,1132.4902,10.765523,31.832357, Private, HS-grad, Married-civ-spouse, Other-service, Husband, White, Female, United-States, <=50K
33.719242,265886.1,8.051124,689.1671,-46.01408,46.34451, Private, Some-college, Never-married, Adm-clerical, Not-in-family, White, Male, United-States, <=50K
41.27577,209285.67,7.0627365,435.30066,259.82846,43.435978, Private, HS-grad, Married-civ-spouse, Craft-repair, Husband, White, Male, United-States, <=50K
49.258705,152657.78,8.193403,3765.406,103.183945,41.411835, Private, HS-grad, Divorced, Craft-repair, Not-in-family, White, Male, United-States, <=50K
40.46301,178024.67,7.374584,3184.8276,76.67123,59.439884, Private, HS-grad, Divorced, Craft-repair, Not-in-family, White, Male, United-States, <=50K
54.7663,193070.12,8.622257,-176.24945,132.26877,54.392834, Private, Some-college, Married-civ-spouse, Craft-repair, Husband, White, Male, United-States, <=50K
24.126637,287032.44,9.924193,-440.59906,-29.906351,27.18867, Private, HS-grad, Never-married, Adm-clerical, Own-child, White, Female, United-States, <=50K
34.11378,93141.48,12.204304,1883.0743,388.34534,57.100018, Private, Bachelors, Married-civ-spouse, Exec-managerial, Husband, White, Male, United-States, >50K
53.651352,94225.59,6.8137207,1448.6636,751.07855,53.740223, Private, HS-grad, Married-civ-spouse, Craft-repair, Husband, White, Male, United-States, <=50K
30.76172,201764.52,9.0825,1695.8297,38.515762,40.11579, Private, HS-grad, Never-married, Adm-clerical, Not-in-family, White, Male, United-States, <=50K
63.91727,155862.73,12.145919,1999.4989,109.79524,47.07398, Private, Bachelors, Married-civ-spouse, Craft-repair, Husband, White, Male, United-States, <=50K
36.7131,187154.77,10.204248,767.299,-2.6876783,42.34268, Private, Some-college, Divorced, Exec-managerial, Not-in-family, White, Male, United-States, <=50K
24.76956,336653.38,7.639065,2821.5156,15.960439,36.46503, Private, HS-grad, Never-married, Adm-clerical, Not-in-family, White, Male, United-States, <=50K
43.017365,210674.34,10.222202,984.2357,432.2658,47.16831, Private, HS-grad, Divorced, Craft-repair, Not-in-family, White, Male, United-States, <=50K
30.1319,262666.62,7.7541976,464.78577,43.859432,47.383274, Private, Some-college, Never-married, Craft-repair, Not-in-family, White, Male, United-States, <=50K
40.25644,383073.34,12.08404,-986.38275,552.14545,40.735542, Private, Bachelors, Married-civ-spouse, Adm-clerical, Unmarried, White, Female, United-States, <=50K
31.23949,242100.16,7.51252,7315.4805,11.649053,47.470325, Private, HS-grad, Divorced, Exec-managerial, Not-in-family, White, Male, United-States, <=50K
33.196926,188684.83,12.148077,2176.9912,-33.860287,52.902355, Private, Bachelors, Never-married, Craft-repair, Not-in-family, White, Male, United-States, <=50K
39.68527,83058.66,14.616682,3109.6316,1386.8558,50.48529, Private, Bachelors, Married-civ-spouse, Exec-managerial, Husband, White, Male, United-States, >50K
31.626024,133208.27,11.406481,-639.9849,1072.0032,41.265774, Private, Bachelors, Married-civ-spouse, Prof-specialty, Husband, White, Male, United-States, >50K
60.68854,172754.8,5.9031267,1253.3633,230.47708,28.253061, Private, HS-grad, Divorced, Other-service, Unmarried, White, Male, United-States, <=50K
61.507355,81502.64,12.885984,6056.7925,-7.414447,38.075756, Private, HS-grad, Divorced, Prof-specialty, Not-in-family, White, Male, United-States, <=50K
43.363476,268660.75,8.002023,208.89514,-31.854479,39.592354, Private, Some-college, Married-civ-spouse, Exec-managerial, Husband, White, Male, United-States, <=50K
55.739384,183932.52,11.035064,-85.55598,56.108524,42.20095, Private, HS-grad, Married-civ-spouse, Prof-specialty, Unmarried, White, Female, United-States, <=50K
35.835667,167231.66,8.470504,525.8885,18.746405,46.772663, Private, Some-college, Never-married, Craft-repair, Not-in-family, White, Male, United-States, <=50K
28.028858,233165.67,13.764179,714.89197,16.507605,51.648388, Private, Bachelors, Never-married, Exec-managerial, Not-in-family, White, Female, United-States, <=50K
17.952026,168131.84,6.8629236,284.63837,-61.4434,24.642818, Private, HS-grad, Never-married, Other-service, Own-child, White, Female, United-States, <=50K
34.03625,243385.31,14.475686,374.1676,371.33234,43.13337, Private, Bachelors, Never-married, Exec-managerial, Not-in-family, White, Male, United-States, <=50K
30.561543,189018.12,12.025929,223.97174,34.137104,41.399128, Private, Some-college, Never-married, Exec-managerial, Unmarried, White, Female, United-States, <=50K
17.515999,227550.6,7.3484106,726.59576,-86.07981,28.16608, Private, HS-grad, Never-married, Other-service, Own-child, White, Female, United-States, <=50K
20.85756,179869.2,7.4076595,-990.6539,3.6135073,35.45906, Private, HS-grad, Married-civ-spouse, Other-service, Own-child, White, Male, United-States, <=50K
36.10077,181539.25,6.478399,-640.0235,-23.767,37.402565, Private, Some-college, Married-civ-spouse, Craft-repair, Husband, White, Male, United-States, <=50K
35.044872,258302.03,12.30801,315.38226,43.1129,29.707264, Private, Bachelors, Married-civ-spouse, Prof-specialty, Own-child, White, Male, United-States, <=50K
34.82803,124433.69,8.865398,439.0597,-8.508525,43.00588, Private, HS-grad, Married-civ-spouse, Craft-repair, Husband, White, Male, United-States, <=50K
31.874683,364986.53,6.740866,-1061.6582,57.623592,41.452644, Private, Some-college, Married-civ-spouse, Craft-repair, Own-child, White, Male, United-States, <=50K
39.648502,332425.28,8.147942,864.7727,-29.243662,52.666004, Private, HS-grad, Married-civ-spouse, Craft-repair, Husband, White, Male, United-States, <=50K
59.138092,131314.14,10.88319,1977.2858,50.02526,53.978214, Private, Some-college, Married-civ-spouse, Sales, Husband, White, Male, United-States, <=50K
41.402306,191791.0,7.9076014,117.857414,1.203786,47.22494, Private, Some-college, Married-civ-spouse, Other-service, Husband, White, Male, United-States, <=50K
48.680122,145445.34,8.877713,733.2118,479.70322,44.661667, Private, Some-college, Divorced, Adm-clerical, Not-in-family, White, Male, United-States, <=50K
44.9451,177387.4,10.612812,-47.84235,58.67741,50.669086, Private, HS-grad, Married-civ-spouse, Craft-repair, Husband, White, Male, United-States, >50K
28.354635,125215.55,8.991563,123.28423,-0.29531372,29.511372, Private, Some-college, Never-married, Other-service, Own-child, White, Female, United-States, <=50K
19.150625,244554.94,9.870194,-814.148,-11.804004,28.03418, Private, Some-college, Never-married, Other-service, Own-child, White, Female, United-States, <=50K
38.354485,132566.28,11.042134,619.94586,-41.115795,56.062477, Private, HS-grad, Married-civ-spouse, Craft-repair, Husband, White, Male, United-States, <=50K
36.31462,93121.25,8.991615,463.3247,11.698903,49.278957, Private, HS-grad, Married-civ-spouse, Exec-managerial, Husband, White, Male, United-States, >50K
51.57036,166282.61,11.042666,2762.784,160.76491,39.06105, Private, Some-college, Divorced, Exec-managerial, Unmarried, White, Female, United-States, <=50K
35.601048,131717.56,11.072377,381.12964,235.9441,33.92343, Private, Some-college, Married-civ-spouse, Adm-clerical, Husband, White, Male, United-States, <=50K
34.309418,440794.0,10.836502,-535.3293,202.56834,47.600506, Private, Some-college, Married-civ-spouse, Craft-repair, Husband, White, Male, United-States, <=50K
26.115356,286188.7,9.843711,1695.4067,39.232475,32.568863, Private, Some-college, Never-married, Exec-managerial, Own-child, White, Male, United-States, <=50K
34.984898,226296.4,13.539455,5994.519,609.2177,52.86864, Private, Bachelors, Married-civ-spouse, Exec-managerial, Husband, White, Male, United-States, >50K
26.826357,249416.27,6.645919,-253.53912,41.48439,37.751907, Private, HS-grad, Never-married, Other-service, Own-child, White, Male, United-States, <=50K
32.698673,-2193.7024,9.366887,3508.6753,23.889822,49.369743, Private, Some-college, Never-married, Craft-repair, Not-in-family, White, Male, United-States, <=50K
36.59248,102432.91,10.332638,464.64563,150.93549,42.54254, Private, HS-grad, Never-married, Adm-clerical, Own-child, White, Male, United-States, <=50K
49.905926,238730.28,11.197615,617.13196,357.62817,39.83991, Private, Some-college, Married-civ-spouse, Exec-managerial, Husband, White, Male, United-States, >50K
38.763847,512638.56,10.101788,392.41547,204.81108,42.050858, Private, Some-college, Married-civ-spouse, Adm-clerical, Husband, White, Male, United-States, <=50K
52.72258,196228.67,11.760284,1903.9467,27.82393,39.155212, Private, HS-grad, Married-civ-spouse, Prof-specialty, Husband, White, Male, United-States, <=50K
33.83633,234942.58,12.519927,1639.6537,185.94048,29.105995, Private, Bachelors, Never-married, Prof-specialty, Not-in-family, White, Female, United-States, <=50K
36.989265,223880.94,11.742013,1687.0684,-6.0948057,37.625095, Private, Bachelors, Married-civ-spouse, Prof-specialty, Unmarried, White, Female, United-States, <=50K
65.754196,216872.86,7.7276535,327.00287,490.75143,42.455498, Private, HS-grad, Married-civ-spouse, Craft-repair, Husband, White, Male, United-States, <=50K
38.115055,227322.03,13.016331,1486.8419,322.5281,46.007416, Private, Bachelors, Married-civ-spouse, Exec-managerial, Husband, White, Male, United-States, >50K
43.154026,187684.7,13.430808,2253.4875,25.049288,40.33399, Private, Bachelors, Married-civ-spouse, Prof-specialty, Husband, White, Female, United-States, >50K
27.74453,142294.4,11.351983,137.19507,367.53497,41.68543, Private, Some-college, Never-married, Exec-managerial, Own-child, White, Male, United-States, <=50K
44.32913,171199.31,4.5422716,3410.9155,39.654728,41.703278, Private, HS-grad, Never-married, Craft-repair, Not-in-family, White, Male, United-States, <=50K
33.850536,112916.63,9.822097,2589.5393,55.633293,37.544456, Private, HS-grad, Never-married, Other-service, Not-in-family, White, Male, United-States, <=50K
52.986153,133038.39,4.789053,3105.5637,189.39984,37.557495, Private, HS-grad, Married-civ-spouse, Other-service, Husband, White, Male, United-States, <=50K
46.964176,211163.06,11.525044,2871.2405,16.920721,54.283363, Private, HS-grad, Married-civ-spouse, Exec-managerial, Husband, White, Male, United-States, >50K
50.953663,139063.47,8.531606,658.5147,8.403279,34.997456, Private, HS-grad, Married-civ-spouse, Adm-clerical, Unmarried, White, Female, United-States, <=50K
35.517384,378854.12,7.6330466,-565.78046,92.41024,25.667778, Private, Some-college, Never-married, Adm-clerical, Own-child, White, Female, United-States, <=50K
25.84634,162554.88,6.287491,1483.0417,49.097244,22.778189, Private, HS-grad, Never-married, Other-service, Own-child, White, Male, United-States, <=50K
28.387094,116526.695,7.751561,1345.8121,-2.9146757,17.145851, Private, HS-grad, Never-married, Other-service, Own-child, White, Female, United-States, <=50K
47.192326,120856.41,9.34304,263.3988,3.291295,60.88225, Private, HS-grad, Married-civ-spouse, Exec-managerial, Husband, White, Male, United-States, >50K
37.683727,161512.3,8.379483,1647.3068,12.058698,48.36308, Private, HS-grad, Never-married, Craft-repair, Not-in-family, White, Male, United-States, <=50K
50.152996,191944.69,10.447449,1560.295,61.979267,39.354347, Private, Some-college, Married-civ-spouse, Craft-repair, Husband, White, Male, United-States, <=50K
41.68031,196769.53,11.592274,752.6341,-29.548296,52.438488, Private, Bachelors, Married-civ-spouse, Exec-managerial, Husband, White, Male, United-States, >50K
34.52781,101186.164,10.453093,1054.2538,29.386568,40.69589, Private, Some-college, Married-civ-spouse, Craft-repair, Husband, White, Male, United-States, <=50K
44.493465,48107.906,9.763309,1371.5557,270.41043,39.996292, Private, Some-college, Never-married, Adm-clerical, Not-in-family, White, Male, United-States, <=50K
45.17871,168513.27,7.212196,725.252,-9.979548,38.484047, Private, HS-grad, Married-civ-spouse, Other-service, Husband, White, Male, United-States, <=50K
43.763096,327351.1,8.833856,537.1577,18.422354,37.759705, Private, HS-grad, Divorced, Adm-clerical, Unmarried, White, Female, United-States, <=50K
66.12053,140969.9,5.582158,-833.1391,72.99745,30.549938, Private, Some-college, Divorced, Adm-clerical, Unmarried, White, Female, United-States, <=50K
43.237614,126774.14,9.623008,1429.1803,-34.600338,32.456318, Private, HS-grad, Divorced, Adm-clerical, Not-in-family, White, Female, United-States, <=50K
34.25748,167203.27,7.8552723,-557.72015,-5.7527037,31.940342, Private, HS-grad, Married-civ-spouse, Adm-clerical, Husband, White, Male, United-States, <=50K
38.463924,286243.06,8.222606,1336.1177,23.304632,47.695145, Private, HS-grad, Married-civ-spouse, Other-service, Husband, White, Male, United-States, <=50K
63.467983,196233.95,10.892983,2063.8938,405.8732,51.45915, Private, Some-college, Divorced, Exec-managerial, Husband, White, Male, United-States, >50K
62.03232,136777.45,9.749532,2603.948,26.379305,31.59769, Private, HS-grad, Divorced, Other-service, Husband, White, Male, United-States, <=50K
27.981232,227738.97,11.958255,203.42438,31.932173,38.57816, Private, Bachelors, Never-married, Exec-managerial, Not-in-family, White, Female, United-States, <=50K
31.03846,231680.08,8.982995,-108.06367,40.479034,41.352127, Private, HS-grad, Married-civ-spouse, Sales, Husband, White, Male, United-States, <=50K
29.995495,103914.39,10.097135,514.0602,89.24282,50.5953, Private, HS-grad, Never-married, Craft-repair, Not-in-family, White, Male, United-States, <=50K
28.831194,284095.53,9.875886,966.5584,6.401494,55.64531, Private, HS-grad, Never-married, Adm-clerical, Not-in-family, White, Male, United-States, <=50K
24.66927,118075.54,8.171958,541.69586,4.0576754,20.830288, Private, HS-grad, Never-married, Other-service, Own-child, White, Female, United-States, <=50K
40.55048,249284.05,8.372817,-158.03339,152.08156,45.056473, Private, Some-college, Married-civ-spouse, Exec-managerial, Husband, White, Male, United-States, >50K
22.038618,376463.0,7.0997505,4323.776,18.670874,54.276978, Private, HS-grad, Never-married, Craft-repair, Not-in-family, White, Male, United-States, <=50K
24.687252,168152.45,11.249179,140.21936,-66.773796,45.2688, Private, Some-college, Never-married, Exec-managerial, Not-in-family, White, Male, United-States, <=50K
69.5232,133461.62,5.712226,4699.2676,-39.885647,42.72429, Private, HS-grad, Divorced, Other-service, Not-in-family, White, Male, United-States, <=50K
33.97829,286844.16,13.736667,156.78546,72.800186,48.19303, Private, Bachelors, Married-civ-spouse, Prof-specialty, Husband, White, Male, United-States, >50K
28.839333,211643.25,8.427695,-154.0727,179.57088,42.78692, Private, Some-college, Never-married, Craft-repair, Own-child, White, Male, United-States, <=50K
23.974554,238191.89,11.241585,-674.29987,31.87448,38.76922, Private, Bachelors, Never-married, Sales, Own-child, White, Female, United-States, <=50K
45.43545,161409.33,10.668167,843.37946,-7.3994703,35.18937, Private, Some-college, Never-married, Adm-clerical, Not-in-family, White, Female, United-States, <=50K
21.970007,383613.84,10.566839,-192.08002,145.28696,43.173367, Private, Some-college, Never-married, Adm-clerical, Not-in-family, White, Female, United-States, <=50K
47.330826,125792.21,12.189246,2773.8992,48.829422,45.772488, Private, Bachelors, Divorced, Prof-specialty, Not-in-family, White, Female, United-States, <=50K
34.881878,165646.1,10.885759,3670.9846,113.1486,40.01736, Private, HS-grad, Never-married, Adm-clerical, Not-in-family, White, Female, United-States, <=50K
47.570595,155322.55,9.848969,2236.5642,73.2076,49.674473, Private, HS-grad, Married-civ-spouse, Craft-repair, Husband, White, Male, United-States, <=50K
33.197556,59746.867,11.352851,4070.7705,-2.90314,29.778715, Private, Bachelors, Married-civ-spouse, Exec-managerial, Husband, White, Female, United-States, >50K
42.395935,98677.64,6.439054,303.93964,33.031754,38.54235, Private, HS-grad, Married-civ-spouse, Other-service, Own-child, White, Male, United-States, <=50K
33.530075,145082.94,14.201595,1783.9719,514.03357,55.011055, Private, Bachelors, Married-civ-spouse, Prof-specialty, Husband, White, Male, United-States, >50K
28.539461,390392.97,11.405435,-469.28033,6.552602,56.29841, Private, Bachelors, Married-civ-spouse, Exec-managerial, Husband, White, Male, United-States, <=50K
46.607418,181700.17,6.806666,2208.918,-8.286502,48.520035, Private, Some-college, Divorced, Craft-repair, Not-in-family, White, Male, United-States, <=50K
31.229614,399032.8,6.2929206,151.51776,49.98265,37.06381, Private, HS-grad, Married-civ-spouse, Craft-repair, Husband, White, Male, United-States, <=50K
35.996433,144163.08,11.042523,1868.5585,19.963049,43.360172, Private, HS-grad, Married-civ-spouse, Craft-repair, Husband, White, Male, United-States, <=50K
46.957973,121979.44,8.649963,420.1189,51.51109,44.799767, Private, HS-grad, Married-civ-spouse, Adm-clerical, Unmarried, White, Female, United-States, <=50K
26.497593,403436.94,10.766629,222.39606,-61.359707,30.008013, Private, Bachelors, Never-married, Adm-clerical, Not-in-family, White, Female, United-States, <=50K
40.801655,95461.55,13.229055,5559.2534,5.064183,35.600384, Private, Bachelors, Married-civ-spouse, Prof-specialty, Unmarried, White, Female, United-States, >50K
56.876945,149343.27,13.399602,1411.0262,63.60305,42.09172, Private, Bachelors, Divorced, Prof-specialty, Not-in-family, White, Male, United-States, >50K
32.591206,196211.19,10.318872,1643.1848,178.26465,47.29122, Private, HS-grad, Married-civ-spouse, Craft-repair, Husband, White, Male, United-States, <=50K
37.248276,184824.03,11.803545,4449.921,-38.044224,38.938877, Private, Bachelors, Married-civ-spouse, Prof-specialty, Husband, White, Female, United-States, <=50K
32.30149,120511.41,9.116189,1064.1837,75.71744,36.962044, Private, HS-grad, Never-married, Exec-managerial, Not-in-family, White, Female, United-States, <=50K
47.952297,194073.3,11.754084,4018.4062,33.342705,41.94648, Private, HS-grad, Divorced, Prof-specialty, Not-in-family, White, Male, United-States, <=50K
28.43905,61485.07,10.15553,-1198.9583,11.253682,41.590424, Private, Some-college, Never-married, Exec-managerial, Own-child, White, Female, United-States, <=50K
30.914349,217199.45,9.111995,264.60596,24.652124,58.881405, Private, HS-grad, Married-civ-spouse, Other-service, Husband, White, Male, United-States, <=50K
27.419758,261595.98,7.1265254,268.34406,84.30787,33.78724, Private, HS-grad, Married-civ-spouse, Other-service, Husband, White, Female, United-States, <=50K
58.118595,166681.53,10.822766,1576.6738,139.29616,36.674118, Private, HS-grad, Married-civ-spouse, Prof-specialty, Husband, White, Female, United-States, <=50K
28.364609,255606.56,9.638917,2445.003,1.2817813,40.28987, Private, HS-grad, Never-married, Craft-repair, Not-in-family, White, Male, United-States, <=50K
24.30838,280601.6,9.175851,834.0778,32.79138,33.74249, Private, HS-grad, Married-civ-spouse, Other-service, Unmarried, White, Female, United-States, <=50K
47.423157,165581.23,10.523006,1223.7484,107.88839,39.833897, Private, HS-grad, Divorced, Adm-clerical, Not-in-family, White, Female, United-States, <=50K
12.228171,284777.75,8.820766,-550.85187,14.224744,26.068602, Private, HS-grad, Married-civ-spouse, Other-service, Own-child, White, Female, United-States, <=50K
30.201635,237808.44,10.509126,211.11176,32.504345,46.598877, Private, Some-college, Married-civ-spouse, Exec-managerial, Husband, White, Male, United-States, >50K
35.445778,185179.19,11.382514,1194.0793,2.3197908,48.033493, Private, HS-grad, Married-civ-spouse, Exec-managerial, Husband, White, Male, United-States, >50K
32.817062,229181.5,5.718099,1734.0538,28.501005,40.17613, Private, HS-grad, Never-married, Other-service, Not-in-family, White, Male, United-States, <=50K
23.227081,243383.14,8.909805,-880.0567,435.29367,49.261787, Private, HS-grad, Never-married, Adm-clerical, Own-child, White, Male, United-States, <=50K
39.620667,133787.0,11.122283,1498.9385,12.83537,23.588205, Private, Bachelors, Never-married, Exec-managerial, Not-in-family, White, Female, United-States, <=50K
41.24372,148331.22,11.77092,1529.8076,97.893684,44.311375, Private, HS-grad, Married-civ-spouse, Prof-specialty, Husband, White, Male, United-States, <=50K
46.135216,147764.1,6.9717345,-683.36176,38.254776,43.994617, Private, HS-grad, Married-civ-spouse, Other-service, Husband, White, Male, United-States, <=50K
43.33079,96111.74,13.161652,966.32416,29.193434,45.83485, Private, Bachelors, Married-civ-spouse, Prof-specialty, Unmarried, White, Female, United-States, <=50K
53.894966,203605.11,10.043177,130.72955,57.790955,53.745316, Private, Some-college, Married-civ-spouse, Craft-repair, Husband, White, Male, United-States, <=50K
25.855604,182904.3,11.412555,-599.3586,49.622036,35.286686, Private, Bachelors, Married-civ-spouse, Exec-managerial, Husband, White, Female, United-States, <=50K
25.060122,255145.19,8.81653,-1193.7578,-43.990993,39.72563, Private, Some-college, Never-married, Adm-clerical, Own-child, White, Female, United-States, <=50K
31.570871,223426.6,7.4779887,8.050594,17.554052,48.989777, Private, HS-grad, Never-married, Adm-clerical, Not-in-family, White, Male, United-States, <=50K
37.530724,119598.34,10.322731,-173.8736,115.84733,45.69774, Private, Some-college, Married-civ-spouse, Sales, Husband, White, Male, United-States, <=50K
48.96225,193264.48,8.774994,-1374.0891,-17.958933,34.981705, Private, Some-college, Married-civ-spouse, Exec-managerial, Unmarried, White, Female, United-States, <=50K
34.14807,180285.4,11.705107,252.20422,193.04382,30.05659, Private, Some-college, Never-married, Adm-clerical, Not-in-family, White, Female, United-States, <=50K
52.79202,126903.734,10.216972,532.731,83.51714,35.967102, Private, Some-college, Married-civ-spouse, Adm-clerical, Husband, White, Male, United-States, <=50K
46.229023,309553.72,6.6954036,1556.9747,-31.425234,35.72699, Private, HS-grad, Married-civ-spouse, Craft-repair, Husband, White, Male, United-States, <=50K
35.48717,97644.33,11.311011,-640.22345,146.48137,39.27126, Private, Some-college, Married-civ-spouse, Exec-managerial, Husband, White, Male, United-States, >50K
40.280815,260769.22,7.8485427,919.94073,548.6133,63.68521, Private, HS-grad, Married-civ-spouse, Craft-repair, Husband, White, Male, United-States, <=50K
45.06884,166220.31,7.444216,1591.6221,13.296758,31.918674, Private, HS-grad, Married-civ-spouse, Craft-repair, Husband, White, Male, United-States, <=50K
21.338434,262637.5,12.198855,4330.812,-24.868082,37.66221, Private, HS-grad, Married-civ-spouse, Prof-specialty, Husband, White, Male, United-States, >50K
19.84414,127796.52,9.425444,-238.8747,40.879402,34.209866, Private, HS-grad, Married-civ-spouse, Other-service, Husband, White, Male, United-States, <=50K
28.649117,219125.83,7.863925,7188.786,-14.932254,38.2319, Private, HS-grad, Never-married, Other-service, Husband, White, Male, United-States, <=50K
36.614967,202526.5,8.169053,109.65899,9.924375,46.903072, Private, Some-college, Married-civ-spouse, Craft-repair, Husband, White, Male, United-States, <=50K
30.106422,142639.03,12.587403,-1181.7458,23.698767,43.292778, Private, Bachelors, Married-civ-spouse, Exec-managerial, Husband, White, Female, United-States, <=50K
35.254585,269418.16,5.247774,677.3949,45.92243,41.852947, Private, HS-grad, Never-married, Craft-repair, Husband, White, Male, United-States, <=50K
18.706112,225614.25,11.06428,3123.4185,-67.144356,34.070786, Private, Bachelors, Never-married, Other-service, Not-in-family, White, Female, United-States, <=50K
39.78213,-48972.64,11.461888,5593.17,181.07104,35.67602, Private, HS-grad, Married-civ-spouse, Prof-specialty, Unmarried, White, Female, United-States, <=50K
23.208416,124971.04,7.7959876,1142.4073,1.5302631,50.995792, Private, HS-grad, Never-married, Other-service, Own-child, White, Male, United-States, <=50K
22.130617,216724.5,10.329554,-1128.7502,304.4047,45.047695, Private, Some-college, Married-civ-spouse, Craft-repair, Own-child, White, Male, United-States, <=50K
33.343853,131019.664,12.501223,13310.795,405.6919,37.33067, Private, Bachelors, Never-married, Prof-specialty, Husband, White, Female, United-States, >50K
44.477627,110598.05,12.749938,1107.809,15.163754,26.182041, Private, Bachelors, Never-married, Prof-specialty, Not-in-family, White, Female, United-States, <=50K
67.02387,109833.93,7.271252,508.20288,440.43286,37.807037, Private, HS-grad, Married-civ-spouse, Adm-clerical, Husband, White, Male, United-States, <=50K
23.057014,185744.97,7.791579,-922.41473,-36.171658,31.656958, Private, Some-college, Never-married, Other-service, Own-child, White, Male, United-States, <=50K
32.521744,180452.0,7.0206437,1329.0483,-38.10046,42.256645, Private, HS-grad, Never-married, Craft-repair, Own-child, White, Male, United-States, <=50K
39.858932,172821.61,12.103339,151.4942,177.59958,46.100945, Private, Some-college, Married-civ-spouse, Exec-managerial, Husband, White, Male, United-States, >50K
25.059193,273652.84,4.7993875,292.9016,80.40159,46.65334, Private, HS-grad, Never-married, Adm-clerical, Not-in-family, White, Female, United-States, <=50K
34.193638,162819.05,10.1020155,609.3197,37.64025,37.821594, Private, HS-grad, Married-civ-spouse, Other-service, Unmarried, White, Female, United-States, <=50K
42.610645,172698.67,13.287934,3128.2417,384.617,45.000134, Private, Bachelors, Married-civ-spouse, Prof-specialty, Husband, White, Male, United-States, <=50K
47.768555,130026.01,8.350238,856.1482,3.0191011,43.89785, Private, Some-college, Married-civ-spouse, Craft-repair, Husband, White, Male, United-States, <=50K
31.112278,203312.03,11.560282,-364.35614,16.850409,50.121353, Private, Bachelors, Never-married, Exec-managerial, Not-in-family, White, Male, United-States, <=50K
25.412863,239204.78,8.285282,4963.937,-77.04861,25.71855, Private, HS-grad, Never-married, Other-service, Not-in-family, White, Female, United-States, <=50K
33.62807,221088.42,7.842291,62.55267,3.3258333,55.60899, Private, Some-college, Married-civ-spouse, Adm-clerical, Own-child, White, Male, United-States, <=50K
23.361765,143995.9,10.291644,435.92462,236.31503,46.782814, Private, HS-grad, Never-married, Adm-clerical, Own-child, White, Male, United-States, <=50K
51.899097,166278.02,8.029418,2976.4666,43.100857,44.199413, Private, HS-grad, Married-civ-spouse, Other-service, Husband, White, Male, United-States, <=50K
31.684082,240495.2,11.3255625,733.8712,138.3049,34.85056, Private, Bachelors, Never-married, Adm-clerical, Own-child, White, Male, United-States, <=50K
44.915493,195318.4,8.528604,1093.1523,122.741844,51.391155, Private, HS-grad, Divorced, Exec-managerial, Husband, White, Male, United-States, <=50K
38.751213,-52236.78,12.519802,-131.35394,356.8269,49.63276, Private, Bachelors, Never-married, Exec-managerial, Not-in-family, White, Male, United-States, <=50K
41.529213,336832.12,6.5127783,267.6349,142.75182,53.143925, Private, Some-college, Married-civ-spouse, Craft-repair, Husband, White, Male, United-States, <=50K
17.027346,234770.53,8.8167515,-514.31085,25.209803,24.113052, Private, Some-college, Never-married, Other-service, Own-child, White, Female, United-States, <=50K
30.226223,140590.81,8.5416155,545.4916,-16.872316,39.29908, Private, HS-grad, Married-civ-spouse, Craft-repair, Husband, White, Male, United-States, <=50K
39.45445,91444.7,12.194619,125.84722,17.899343,54.38705, Private, Bachelors, Married-civ-spouse, Exec-managerial, Husband, White, Male, United-States, <=50K
39.995373,304185.44,10.052509,382.06598,30.147066,42.584698, Private, HS-grad, Married-civ-spouse, Craft-repair, Husband, White, Male, United-States, >50K
42.91637,181569.77,8.93588,425.90887,14.360814,48.77615, Private, HS-grad, Divorced, Craft-repair, Not-in-family, White, Male, United-States, <=50K
27.991179,176367.12,8.28928,-1066.2212,-7.0483427,32.663822, Private, Some-college, Never-married, Sales, Own-child, White, Female, United-States, <=50K
66.757034,152793.02,11.257905,7445.58,33.822258,35.52572, Private, HS-grad, Married-civ-spouse, Prof-specialty, Unmarried, White, Female, United-States, >50K
39.531002,193955.78,9.124799,1580.313,95.115524,51.189476, Private, HS-grad, Married-civ-spouse, Craft-repair, Husband, White, Male, United-States, <=50K
27.858614,128196.24,12.898963,23.415585,349.92255,41.36395, Private, Bachelors, Never-married, Exec-managerial, Not-in-family, White, Male, United-States, <=50K
20.402838,209722.48,10.198083,1993.7042,-12.470332,31.443975, Private, HS-grad, Never-married, Other-service, Own-child, White, Male, United-States, <=50K
45.12298,58856.766,10.246942,1298.7634,118.944,38.591915, Private, HS-grad, Married-civ-spouse, Other-service, Husband, White, Male, United-States, >50K
41.274445,171420.55,13.488193,1802.1024,73.648506,39.78278, Private, Bachelors, Divorced, Prof-specialty, Not-in-family, White, Female, United-States, >50K
31.087421,234699.22,13.421008,2418.927,198.83153,43.763355, Private, Bachelors, Never-married, Prof-specialty, Not-in-family, White, Female, United-States, <=50K
32.027885,369026.06,11.387066,656.7367,-57.713253,37.62729, Private, Some-college, Married-civ-spouse, Exec-managerial, Husband, White, Male, United-States, <=50K
44.711987,157047.42,9.8279295,1258.6321,28.891817,55.958023, Private, HS-grad, Married-civ-spouse, Craft-repair, Husband, White, Male, United-States, <=50K
38.79671,205155.11,11.615768,1034.2124,434.06198,46.979736, Private, Bachelors, Married-civ-spouse, Exec-managerial, Husband, White, Male, United-States, >50K
44.936893,152790.44,7.967842,180.67346,49.43443,38.967342, Private, Some-college, Divorced, Adm-clerical, Not-in-family, White, Male, United-States, <=50K
31.557161,296502.6,10.267123,1431.937,-28.002977,52.70296, Private, Some-college, Married-civ-spouse, Craft-repair, Husband, White, Male, United-States, <=50K
25.824278,171418.7,9.590106,897.521,-44.09518,31.886757, Private, HS-grad, Never-married, Other-service, Own-child, White, Male, United-States, <=50K
37.846573,259603.33,9.733929,-691.9731,124.04098,46.566532, Private, HS-grad, Married-civ-spouse, Craft-repair, Husband, White, Male, United-States, <=50K
23.741203,450630.44,10.123336,-195.72821,358.66766,42.70388, Private, HS-grad, Never-married, Other-service, Own-child, White, Male, United-States, <=50K
39.024708,304689.06,12.046194,-1658.0476,67.9866,38.043297, Private, Some-college, Divorced, Adm-clerical, Unmarried, White, Female, United-States, <=50K
56.781948,213947.97,6.692226,1238.8147,22.55158,38.66854, Private, HS-grad, Divorced, Other-service, Not-in-family, White, Male, United-States, <=50K
43.84947,158245.98,5.270503,173.15515,19.249052,40.098312, Private, HS-grad, Divorced, Adm-clerical, Unmarried, White, Female, United-States, <=50K
29.517324,135693.83,8.558506,50.23138,30.101309,46.4406, Private, HS-grad, Married-civ-spouse, Craft-repair, Husband, White, Male, United-States, <=50K
54.710083,158041.95,10.683515,-201.45123,789.90875,34.279827, Private, Some-college, Married-civ-spouse, Exec-managerial, Unmarried, White, Female, United-States, <=50K
38.46401,116288.76,12.367325,108.313835,62.82897,45.467102, Private, Bachelors, Never-married, Exec-managerial, Own-child, White, Female, United-States, <=50K
37.83703,206745.88,10.746859,324.14563,35.15011,29.857231, Private, Some-college, Married-civ-spouse, Sales, Husband, White, Male, United-States, <=50K
21.132593,272633.8,8.032762,1052.1493,75.948135,32.713375, Private, HS-grad, Married-civ-spouse, Craft-repair, Husband, White, Male, United-States, <=50K
41.416626,129367.42,9.704643,1272.8234,-0.07905091,41.201355, Private, HS-grad, Married-civ-spouse, Adm-clerical, Husband, White, Female, United-States, <=50K
33.64805,217895.81,9.666679,635.69403,-14.075908,54.058292, Private, HS-grad, Married-civ-spouse, Craft-repair, Husband, White, Male, United-States, <=50K
23.284704,299120.34,12.19489,1484.2559,154.3902,35.82101, Private, Some-college, Never-married, Exec-managerial, Own-child, White, Male, United-States, <=50K
42.173943,205294.75,12.405218,3177.1243,7.002187,53.26941, Private, Bachelors, Divorced, Prof-specialty, Not-in-family, White, Female, United-States, <=50K
26.709927,226967.62,9.297578,-99.53437,27.938856,37.408806, Private, Some-college, Never-married, Adm-clerical, Not-in-family, White, Male, United-States, <=50K
27.431282,142836.05,9.819049,336.32373,-62.816143,52.84262, Private, HS-grad, Never-married, Craft-repair, Own-child, White, Male, United-States, <=50K
44.911167,220023.66,8.329818,636.3933,90.55146,33.123547, Private, Some-college, Divorced, Adm-clerical, Unmarried, White, Female, United-States, <=50K
19.95234,181184.06,10.347159,-2316.9143,146.41736,35.694168, Private, Some-college, Never-married, Other-service, Own-child, White, Male, United-States, <=50K
25.725029,250881.06,9.333216,519.4525,17.813574,32.969902, Private, Some-college, Never-married, Adm-clerical, Own-child, White, Female, United-States, <=50K
50.67372,266105.22,6.31631,274.64813,73.73176,39.482224, Private, HS-grad, Divorced, Adm-clerical, Unmarried, White, Female, United-States, <=50K
42.520367,136468.16,9.69614,580.9172,-0.34069335,30.96239, Private, HS-grad, Never-married, Other-service, Not-in-family, White, Female, United-States, <=50K
43.869205,211060.31,10.929726,1799.6443,-65.85958,68.77104, Private, HS-grad, Married-civ-spouse, Exec-managerial, Husband, White, Male, United-States, >50K
27.73052,250946.72,9.926586,6180.414,-30.659159,44.983917, Private, HS-grad, Never-married, Other-service, Own-child, White, Male, United-States, <=50K
26.48724,180204.02,8.030347,879.7138,-29.514696,39.50951, Private, HS-grad, Married-civ-spouse, Other-service, Husband, White, Male, United-States, <=50K
28.422375,174630.55,8.095893,51.183956,52.125225,46.909267, Private, HS-grad, Married-civ-spouse, Craft-repair, Husband, White, Male, United-States, <=50K
24.44454,288009.2,7.605252,3309.8962,-18.405794,36.676548, Private, Some-college, Never-married, Craft-repair, Not-in-family, White, Male, United-States, <=50K
27.63363,131722.06,10.207226,3054.5903,20.350485,49.30813, Private, HS-grad, Never-married, Exec-managerial, Not-in-family, White, Male, United-States, <=50K
37.917946,113454.766,12.708241,1255.6373,15.113584,47.265747, Private, Bachelors, Married-civ-spouse, Prof-specialty, Husband, White, Male, United-States, <=50K
40.049324,195203.77,10.641427,1672.8987,-58.676235,43.44111, Private, Some-college, Never-married, Craft-repair, Not-in-family, White, Male, United-States, <=50K
26.215853,181539.97,9.907128,605.27783,-6.7199736,37.278507, Private, Some-college, Never-married, Exec-managerial, Own-child, White, Male, United-States, <=50K
42.23337,227909.02,9.620175,2259.0522,121.01611,50.256824, Private, HS-grad, Never-married, Adm-clerical, Not-in-family, White, Female, United-States, <=50K
30.719301,58952.83,13.641502,1930.2045,-38.214535,35.54029, Private, Bachelors, Never-married, Prof-specialty, Not-in-family, White, Female, United-States, <=50K
36.44877,312537.44,8.391172,-289.81696,80.46352,42.959637, Private, HS-grad, Married-civ-spouse, Craft-repair, Husband, White, Male, United-States, <=50K
54.05219,235050.0,9.221523,4562.5654,88.23649,32.226524, Private, HS-grad, Married-civ-spouse, Exec-managerial, Husband, White, Female, United-States, >50K
52.46223,173414.77,5.3899817,165.45935,17.81014,42.244984, Private, HS-grad, Married-civ-spouse, Other-service, Husband, White, Male, United-States, <=50K
33.831955,267148.53,9.575448,-2345.3022,361.08673,60.65983, Private, Some-college, Never-married, Adm-clerical, Own-child, White, Female, United-States, <=50K
37.789318,148175.73,8.622363,1557.1335,-52.375286,33.500225, Private, HS-grad, Never-married, Adm-clerical, Not-in-family, White, Male, United-States, <=50K
35.2308,229005.05,10.324875,954.90173,20.111197,46.911182, Private, HS-grad, Never-married, Other-service, Not-in-family, White, Male, United-States, <=50K
51.628826,35018.17,12.933018,453.33496,64.15025,49.12677, Private, Bachelors, Divorced, Exec-managerial, Husband, White, Male, United-States, <=50K
31.851982,120637.19,12.892171,138.18683,793.3486,45.686058, Private, Bachelors, Never-married, Adm-clerical, Own-child, White, Female, United-States, <=50K
25.815363,156887.73,11.792548,375.38373,13.839803,41.44389, Private, Bachelors, Never-married, Adm-clerical, Own-child, White, Female, United-States, <=50K
37.292946,202451.89,11.695634,932.77515,18.723928,45.06987, Private, HS-grad, Married-civ-spouse, Exec-managerial, Husband, White, Male, United-States, >50K
38.41946,273119.1,11.429871,1107.0967,209.12482,44.34158, Private, HS-grad, Married-civ-spouse, Sales, Husband, White, Male, United-States, <=50K
36.319435,276981.7,9.667886,1187.6031,189.6891,34.21055, Private, Some-college, Never-married, Adm-clerical, Not-in-family, White, Female, United-States, <=50K
33.1536,195228.64,13.399431,907.3639,61.076683,42.78393, Private, Bachelors, Married-civ-spouse, Prof-specialty, Husband, White, Male, United-States, >50K
33.292233,109087.72,9.815531,2218.546,-53.811855,44.221382, Private, HS-grad, Married-civ-spouse, Other-service, Husband, White, Male, United-States, >50K
32.32057,48175.156,11.957202,1648.0043,27.64028,40.42011, Private, Bachelors, Never-married, Exec-managerial, Not-in-family, White, Male, United-States, <=50K
37.500774,110361.945,8.666213,1405.8468,468.20163,49.725464, Private, HS-grad, Never-married, Adm-clerical, Not-in-family, White, Male, United-States, <=50K
41.764297,188181.89,9.745947,404.11383,-5.528804,39.601933, Private, HS-grad, Divorced, Adm-clerical, Unmarried, White, Female, United-States, <=50K
48.86142,141634.73,10.960558,3517.0806,-4.24969,39.225636, Private, HS-grad, Divorced, Other-service, Not-in-family, White, Male, United-States, <=50K
47.13015,214283.69,6.177042,3111.2896,114.69404,32.817856, Private, HS-grad, Divorced, Other-service, Not-in-family, White, Female, United-States, <=50K
41.7606,392162.34,2.8363714,685.6666,30.195795,46.156204, Private, HS-grad, Married-civ-spouse, Other-service, Own-child, White, Male, United-States, <=50K
37.745754,150554.33,12.15335,2074.0564,-53.85255,50.297993, Private, Bachelors, Divorced, Exec-managerial, Not-in-family, White, Male, United-States, <=50K
56.28322,106560.58,10.115232,4932.4204,120.1643,47.83429, Private, HS-grad, Married-civ-spouse, Exec-managerial, Husband, White, Male, United-States, >50K
28.380041,170737.67,10.886323,-50.159,-74.306984,43.151268, Private, Some-college, Never-married, Exec-managerial, Own-child, White, Male, United-States, <=50K
53.353645,140311.03,7.8053412,1447.7614,-60.476574,30.122976, Private, HS-grad, Divorced, Other-service, Husband, White, Male, United-States, <=50K
40.644726,211418.2,11.42725,1672.5642,6.6036882,45.805077, Private, HS-grad, Divorced, Adm-clerical, Not-in-family, White, Female, United-States, <=50K
27.93268,101369.305,9.213419,300.53302,51.025764,29.530392, Private, Some-college, Married-civ-spouse, Other-service, Husband, White, Female, United-States, <=50K
43.17373,154670.33,13.358841,5059.5557,112.70471,45.032467, Private, Bachelors, Divorced, Prof-specialty, Not-in-family, White, Male, United-States, >50K
18.100399,312291.47,9.749103,-330.1264,23.080275,34.90269, Private, HS-grad, Married-civ-spouse, Other-service, Own-child, White, Male, United-States, <=50K
43.17902,183818.42,6.242029,867.08356,23.690928,34.717022, Private, HS-grad, Married-civ-spouse, Adm-clerical, Unmarried, White, Female, United-States, <=50K
29.798443,171208.84,11.463051,36.973934,-8.895503,44.853497, Private, Some-college, Never-married, Craft-repair, Own-child, White, Male, United-States, <=50K
53.989864,99480.57,12.411729,4056.3313,43.20246,51.655384, Private, Bachelors, Divorced, Exec-managerial, Husband, White, Male, United-States, >50K
42.114403,47671.844,6.7301617,3182.0647,50.867535,46.573864, Private, HS-grad, Never-married, Other-service, Not-in-family, White, Female, United-States, <=50K
45.624577,213196.56,8.445224,1592.4514,16.94872,50.523838, Private, HS-grad, Married-civ-spouse, Craft-repair, Husband, White, Male, United-States, <=50K
52.58887,229886.44,9.391565,1310.378,58.187355,44.285984, Private, Some-college, Married-civ-spouse, Exec-managerial, Husband, White, Male, United-States, >50K
54.57632,162802.27,12.93989,4800.088,3.82578,35.716217, Private, Bachelors, Married-civ-spouse, Exec-managerial, Husband, White, Male, United-States, >50K
52.71175,325005.2,12.617142,308.63397,57.552517,34.51015, Private, Some-college, Married-civ-spouse, Adm-clerical, Unmarried, White, Female, United-States, <=50K
30.731012,309396.9,9.853587,1737.2075,84.32322,32.73821, Private, HS-grad, Never-married, Adm-clerical, Not-in-family, White, Male, United-States, <=50K
46.885307,279942.03,13.738288,1277.1531,-43.148296,57.618076, Private, Bachelors, Married-civ-spouse, Prof-specialty, Husband, White, Male, United-States, >50K
29.486841,151011.66,11.493566,1536.1407,-15.9993925,37.159992, Private, HS-grad, Never-married, Prof-specialty, Not-in-family, White, Male, United-States, <=50K
34.062935,250717.0,11.656804,1547.1461,580.0274,39.222477, Private, HS-grad, Married-civ-spouse, Adm-clerical, Husband, White, Male, United-States, <=50K
38.169395,171333.6,11.363979,2774.669,22.7833,49.374043, Private, HS-grad, Married-civ-spouse, Prof-specialty, Husband, White, Male, United-States, >50K
26.51904,261935.08,9.899461,4429.8267,-45.44813,46.541573, Private, Some-college, Never-married, Exec-managerial, Not-in-family, White, Female, United-States, <=50K
33.774582,134717.47,10.001727,464.04742,46.149002,54.99678, Private, HS-grad, Divorced, Craft-repair, Not-in-family, White, Male, United-States, <=50K
48.924767,162027.61,10.666872,179.79211,4.840131,39.734447, Private, Some-college, Divorced, Adm-clerical, Not-in-family, White, Female, United-States, <=50K
22.848188,252738.1,10.688722,-596.6567,46.99377,35.70078, Private, Some-college, Never-married, Exec-managerial, Own-child, White, Female, United-States, <=50K
45.850605,276414.9,9.225429,412.4989,1045.3733,37.407364, Private, Some-college, Married-civ-spouse, Exec-managerial, Husband, White, Male, United-States, >50K
32.926056,234549.95,8.901367,-984.8902,-44.17851,52.66055, Private, Some-college, Never-married, Exec-managerial, Not-in-family, White, Female, United-States, <=50K
17.859152,214354.03,9.317451,63.450314,-73.44471,36.471508, Private, HS-grad, Never-married, Adm-clerical, Not-in-family, White, Female, United-States, <=50K
45.198788,104641.99,10.743403,1526.5168,143.56023,40.273575, Private, HS-grad, Married-civ-spouse, Exec-managerial, Husband, White, Male, United-States, >50K
27.70252,181256.23,14.247023,713.6575,447.09778,44.412563, Private, Bachelors, Married-civ-spouse, Prof-specialty, Own-child, White, Male, United-States, <=50K
45.44797,205535.31,9.567124,1073.0902,-17.572817,42.40712, Private, Some-college, Married-civ-spouse, Exec-managerial, Husband, White, Male, United-States, >50K
48.051933,273150.72,8.997836,-745.11615,34.658035,42.52292, Private, HS-grad, Married-civ-spouse, Other-service, Husband, White, Male, United-States, <=50K
54.75323,232333.53,6.058708,707.8093,84.9211,51.71501, Private, HS-grad, Married-civ-spouse, Craft-repair, Husband, White, Male, United-States, >50K
37.367493,201494.88,11.4632225,2851.2732,67.034294,64.352036, Private, HS-grad, Married-civ-spouse, Exec-managerial, Husband, White, Male, United-States, >50K
53.838093,137542.81,9.37942,448.2378,39.986206,42.78803, Private, Some-college, Married-civ-spouse, Other-service, Unmarried, White, Female, United-States, <=50K
36.62152,55230.25,10.297022,3313.6826,-39.452137,51.81186, Private, HS-grad, Married-civ-spouse, Craft-repair, Husband, White, Male, United-States, >50K
56.193222,193297.06,11.022761,1521.0033,9.0513735,41.88736, Private, HS-grad, Married-civ-spouse, Exec-managerial, Husband, White, Male, United-States, >50K
41.95483,106674.05,13.136624,5422.5938,470.126,52.26927, Private, Bachelors, Married-civ-spouse, Exec-managerial, Husband, White, Male, United-States, >50K
26.051403,205301.64,11.206431,-1425.7808,188.14449,32.651596, Private, HS-grad, Never-married, Adm-clerical, Unmarried, White, Female, United-States, <=50K
31.803091,255275.69,12.003381,-968.2276,81.85923,48.77275, Private, Some-college, Married-civ-spouse, Exec-managerial, Husband, White, Male, United-States, <=50K
53.996708,278019.75,9.297222,1494.8162,40.826862,29.56874, Private, HS-grad, Married-civ-spouse, Other-service, Unmarried, White, Female, United-States, <=50K
16.538952,257429.17,7.5171533,-952.1882,-12.523334,25.342506, Private, HS-grad, Married-civ-spouse, Other-service, Own-child, White, Female, United-States, <=50K
57.84524,151545.17,8.399387,1554.3962,97.52538,46.939167, Private, HS-grad, Married-civ-spouse, Other-service, Husband, White, Male, United-States, <=50K
30.272406,76393.336,13.913396,3000.6917,207.90105,32.854504, Private, Bachelors, Never-married, Prof-specialty, Not-in-family, White, Female, United-States, <=50K
28.504723,162189.42,8.693434,1085.5146,10.179616,35.62061, Private, HS-grad, Never-married, Craft-repair, Not-in-family, White, Male, United-States, <=50K
45.029705,248125.34,9.0091915,1451.4167,-5.1230726,23.815256, Private, HS-grad, Married-civ-spouse, Other-service, Husband, White, Male, United-States, <=50K
20.54658,229475.92,6.2912593,-40.517155,101.76998,36.204563, Private, HS-grad, Never-married, Adm-clerical, Own-child, White, Female, United-States, <=50K
13.354957,282293.12,11.104633,215.17865,-100.44285,37.79101, Private, Bachelors, Never-married, Adm-clerical, Not-in-family, White, Female, United-States, <=50K
52.951,199763.3,11.783113,10610.397,-16.568224,34.84958, Private, HS-grad, Married-civ-spouse, Prof-specialty, Husband, White, Female, United-States, >50K
28.012175,82830.8,13.158763,-922.05475,12.9183855,39.427166, Private, Bachelors, Married-civ-spouse, Exec-managerial, Husband, White, Female, United-States, >50K
47.451584,94839.98,8.881561,41.20007,21.151327,47.983566, Private, HS-grad, Married-civ-spouse, Craft-repair, Husband, White, Male, United-States, <=50K
49.041855,56586.39,9.225172,2213.1465,-0.76739776,25.244055, Private, HS-grad, Married-civ-spouse, Other-service, Husband, White, Male, United-States, <=50K
36.908287,286711.12,10.701426,2227.2322,41.735233,42.71351, Private, HS-grad, Married-civ-spouse, Craft-repair, Husband, White, Male, United-States, >50K
39.818325,213502.8,8.21521,3558.8083,56.65598,30.677608, Private, HS-grad, Never-married, Other-service, Unmarried, White, Female, United-States, <=50K
28.671629,320564.66,8.689317,159.31506,-3.9316282,43.00115, Private, HS-grad, Married-civ-spouse, Other-service, Husband, White, Male, United-States, <=50K
25.810253,153893.16,7.759019,3250.8284,-19.120905,39.621235, Private, HS-grad, Never-married, Adm-clerical, Not-in-family, White, Male, United-States, <=50K
53.372078,227077.66,10.452532,-239.15436,32.29322,37.311207, Private, HS-grad, Divorced, Adm-clerical, Unmarried, White, Female, United-States, <=50K
20.796576,216027.81,11.0198145,3920.8713,295.94635,30.707449, Private, Bachelors, Never-married, Prof-specialty, Own-child, White, Male, United-States, <=50K
33.6884,225808.48,10.213872,481.32788,0.29794037,41.02465, Private, HS-grad, Divorced, Exec-managerial, Unmarried, White, Male, United-States, <=50K
32.275734,150381.52,9.49852,-545.894,106.94147,40.633656, Private, HS-grad, Married-civ-spouse, Other-service, Husband, White, Female, United-States, <=50K
41.85912,345944.3,11.296563,234.48224,-13.19337,32.400505, Private, Some-college, Divorced, Adm-clerical, Unmarried, White, Female, United-States, <=50K
29.120441,92397.66,11.89823,875.7624,-12.692218,37.39744, Private, Bachelors, Never-married, Prof-specialty, Not-in-family, White, Female, United-States, <=50K
43.81844,130594.87,9.796982,379.75848,56.09222,42.15195, Private, Some-college, Married-civ-spouse, Adm-clerical, Unmarried, White, Female, United-States, <=50K
37.19395,111003.086,12.606016,-1880.084,102.51396,40.0036, Private, Bachelors, Divorced, Adm-clerical, Unmarried, White, Female, United-States, <=50K
48.93777,229152.19,7.613271,-932.74896,111.6032,52.211853, Private, Some-college, Married-civ-spouse, Craft-repair, Husband, White, Male, United-States, <=50K
40.518055,129848.805,10.667934,303.15985,22.85333,44.71738, Private, Some-college, Divorced, Exec-managerial, Not-in-family, White, Male, United-States, <=50K
20.236204,180484.7,7.97963,-769.2889,-27.119211,32.205746, Private, Some-college, Never-married, Adm-clerical, Unmarried, White, Female, United-States, <=50K
64.03926,250110.48,5.9618545,-110.25886,68.2628,38.550507, Private, HS-grad, Divorced, Other-service, Unmarried, White, Female, United-States, <=50K
39.647682,167690.12,9.264464,3525.014,-54.97363,28.848734, Private, Some-college, Married-civ-spouse, Other-service, Husband, White, Male, United-States, <=50K
39.845684,387608.9,12.306064,6252.1484,-9.834811,52.671333, Private, Bachelors, Married-civ-spouse, Exec-managerial, Husband, White, Male, United-States, >50K
22.20162,245281.77,12.371376,900.6686,-67.942635,36.946777, Private, Bachelors, Never-married, Prof-specialty, Unmarried, White, Female, United-States, <=50K
50.75121,29956.64,14.0582485,5313.637,17.984442,43.41804, Private, Bachelors, Married-civ-spouse, Exec-managerial, Husband, White, Female, United-States, >50K
52.476173,191982.11,9.410775,3413.1323,97.53492,55.987007, Private, HS-grad, Married-civ-spouse, Craft-repair, Husband, White, Male, United-States, <=50K
24.268986,169830.08,10.598506,-784.8199,-44.400387,30.388802, Private, Some-college, Never-married, Adm-clerical, Own-child, White, Female, United-States, <=50K
34.45189,115288.15,6.2210493,-328.48273,-15.683673,45.472954, Private, HS-grad, Never-married, Other-service, Own-child, White, Male, United-States, <=50K
38.99564,34908.17,12.285188,6733.881,479.63092,68.4726, Private, Bachelors, Married-civ-spouse, Exec-managerial, Husband, White, Male, United-States, >50K
34.946285,113711.42,10.515164,-818.1435,89.76959,30.473137, Private, Some-college, Married-civ-spouse, Adm-clerical, Husband, White, Female, United-States, <=50K
45.432274,183911.83,12.157437,1372.4858,-56.06782,35.821064, Private, Bachelors, Married-civ-spouse, Prof-specialty, Unmarried, White, Female, United-States, <=50K
33.08765,292722.84,6.774808,498.32196,3.0565004,53.25465, Private, HS-grad, Married-civ-spouse, Other-service, Unmarried, White, Male, United-States, <=50K
30.562801,257765.14,8.867609,1345.987,-41.023357,26.531132, Private, Some-college, Never-married, Adm-clerical, Not-in-family, White, Female, United-States, <=50K
33.62762,110069.21,13.441029,1354.5511,36.37577,44.7926, Private, Bachelors, Never-married, Prof-specialty, Not-in-family, White, Female, United-States, <=50K
50.46918,250743.97,12.68925,1592.5833,27.898504,41.627445, Private, Bachelors, Married-civ-spouse, Prof-specialty, Husband, White, Male, United-States, <=50K
40.130795,264675.2,5.842115,1908.7936,89.320015,43.928894, Private, HS-grad, Never-married, Craft-repair, Own-child, White, Male, United-States, <=50K
32.563553,103858.11,7.877305,2071.057,27.342916,42.03081, Private, HS-grad, Never-married, Craft-repair, Not-in-family, White, Male, United-States, <=50K
47.62588,124960.39,14.093551,1524.87,529.19696,65.38829, Private, Bachelors, Married-civ-spouse, Exec-managerial, Husband, White, Male, United-States, >50K
52.180454,211585.05,9.807692,1351.0367,59.724583,32.239414, Private, Some-college, Married-civ-spouse, Craft-repair, Husband, White, Male, United-States, <=50K
11.732289,268104.1,7.23185,-184.95844,-48.699383,19.553679, Private, Some-college, Never-married, Other-service, Own-child, White, Female, United-States, <=50K
37.43235,282927.44,9.371763,612.0642,127.67398,58.807087, Private, HS-grad, Married-civ-spouse, Exec-managerial, Husband, White, Male, United-States, >50K
58.060436,235577.27,11.694976,3461.0972,28.08887,43.954113, Private, HS-grad, Married-civ-spouse, Exec-managerial, Husband, White, Male, United-States, >50K
28.793732,154091.92,11.475519,451.37604,20.090178,36.519028, Private, Bachelors, Married-civ-spouse, Prof-specialty, Unmarried, White, Female, United-States, <=50K
42.651093,51389.734,10.304336,843.6632,33.563885,40.706882, Private, HS-grad, Divorced, Exec-managerial, Unmarried, White, Female, United-States, <=50K
37.6178,125649.95,12.630985,1297.9094,591.6831,39.307896, Private, Bachelors, Married-civ-spouse, Prof-specialty, Husband, White, Male, United-States, <=50K
39.55429,291204.56,13.729227,-2186.2412,131.12762,52.275253, Private, Bachelors, Divorced, Exec-managerial, Unmarried, White, Female, United-States, <=50K
34.914898,188766.56,12.335743,2752.2512,43.698093,57.11858, Private, Bachelors, Married-civ-spouse, Exec-managerial, Husband, White, Male, United-States, >50K
35.114643,129502.95,11.397425,4652.1396,265.46902,50.940266, Private, HS-grad, Divorced, Other-service, Not-in-family, White, Male, United-States, >50K
36.514194,120902.984,12.965171,3035.1558,-25.609636,40.050415, Private, Bachelors, Married-civ-spouse, Prof-specialty, Husband, White, Male, United-States, >50K
23.872444,406494.47,8.383638,-1168.7231,22.047857,35.172836, Private, Some-college, Never-married, Adm-clerical, Own-child, White, Male, United-States, <=50K
37.532265,298422.72,7.6648235,-1349.5876,11.2599535,48.055767, Private, HS-grad, Married-civ-spouse, Exec-managerial, Husband, White, Male, United-States, <=50K
30.998154,96134.555,10.023206,2361.9958,46.682343,52.811943, Private, HS-grad, Married-civ-spouse, Other-service, Husband, White, Male, United-States, >50K
27.54587,225364.8,8.682393,151.11938,-11.4034605,53.440685, Private, Some-college, Married-civ-spouse, Exec-managerial, Own-child, White, Male, United-States, <=50K
24.74718,177012.11,8.30494,-592.9299,-37.78549,24.317123, Private, Some-college, Never-married, Adm-clerical, Own-child, White, Female, United-States, <=50K
27.939817,246448.34,12.684902,-341.3,71.83486,45.093643, Private, Bachelors, Never-married, Exec-managerial, Own-child, White, Male, United-States, <=50K
39.08186,200883.92,10.555125,1222.9923,181.22409,27.929058, Private, Some-college, Married-civ-spouse, Craft-repair, Husband, White, Male, United-States, <=50K
29.753117,110363.25,9.48504,-240.37091,-59.330975,51.146755, Private, Some-college, Married-civ-spouse, Craft-repair, Husband, White, Male, United-States, <=50K
38.552612,232834.53,13.777248,1610.3823,264.2191,43.57142, Private, Bachelors, Married-civ-spouse, Exec-managerial, Husband, White, Male, United-States, >50K
52.340466,164889.14,12.1510935,608.00635,85.37188,50.09307, Private, HS-grad, Married-civ-spouse, Prof-specialty, Husband, White, Male, United-States, <=50K
31.680258,159081.6,8.219055,952.34344,50.875942,42.31392, Private, HS-grad, Married-civ-spouse, Exec-managerial, Husband, White, Male, United-States, >50K
34.09337,256394.73,12.199275,227.47742,385.00836,48.67103, Private, Bachelors, Never-married, Adm-clerical, Own-child, White, Male, United-States, <=50K
38.092533,127231.35,11.213086,3502.953,-53.797894,43.044777, Private, Some-college, Married-civ-spouse, Exec-managerial, Husband, White, Male, United-States, >50K
21.864632,167979.52,9.146071,4645.295,24.15631,21.231947, Private, HS-grad, Never-married, Other-service, Own-child, White, Male, United-States, <=50K
46.663765,90237.945,12.598397,3246.0554,-28.216852,47.439953, Private, Bachelors, Married-civ-spouse, Prof-specialty, Husband, White, Male, United-States, >50K
37.96644,99808.375,9.992151,3288.286,78.16826,46.100018, Private, HS-grad, Married-civ-spouse, Exec-managerial, Unmarried, White, Female, United-States, >50K
36.12897,327020.66,12.962493,-943.9008,403.50122,43.932262, Private, Bachelors, Married-civ-spouse, Exec-managerial, Husband, White, Male, United-States, <=50K
27.549854,269191.97,11.942716,1823.0121,-8.025912,41.514145, Private, HS-grad, Married-civ-spouse, Prof-specialty, Husband, White, Male, United-States, >50K
39.86556,200594.89,10.783334,-1048.8406,117.288246,54.79288, Private, Some-college, Married-civ-spouse, Exec-managerial, Husband, White, Male, United-States, >50K
34.776554,128289.945,11.738231,-1003.5507,690.1539,34.93795, Private, Some-college, Married-civ-spouse, Exec-managerial, Unmarried, White, Female, United-States, <=50K
19.388735,244475.7,9.955547,-1464.0071,82.87272,29.952888, Private, Some-college, Never-married, Adm-clerical, Own-child, White, Female, United-States, <=50K
34.51999,135435.11,12.24273,279.74884,-22.87105,50.03991, Private, Bachelors, Never-married, Prof-specialty, Own-child, White, Male, United-States, <=50K
53.574738,169606.64,11.217114,1790.0406,36.93129,38.7583, Private, HS-grad, Married-civ-spouse, Prof-specialty, Husband, White, Male, United-States, >50K
42.588215,197761.97,9.255868,279.35052,-8.116664,47.498066, Private, Some-college, Divorced, Exec-managerial, Not-in-family, White, Male, United-States, <=50K
53.859936,57322.484,14.413708,3295.2793,-26.021479,57.487686, Private, Bachelors, Married-civ-spouse, Prof-specialty, Husband, White, Male, United-States, >50K
24.79507,107810.9,8.566207,3622.328,-28.080744,30.395542, Private, HS-grad, Never-married, Other-service, Own-child, White, Female, United-States, <=50K
24.572138,143172.2,10.69541,1479.8878,-45.564434,46.09852, Private, Some-college, Never-married, Craft-repair, Not-in-family, White, Male, United-States, <=50K
43.24913,137894.3,14.223349,4957.8506,153.22997,40.9627, Private, Bachelors, Divorced, Exec-managerial, Not-in-family, White, Female, United-States, >50K
40.531296,284001.5,10.811571,1019.7784,14.406972,36.870716, Private, Some-college, Married-civ-spouse, Sales, Husband, White, Male, United-States, <=50K
36.332466,207287.2,10.413199,1969.7715,-2.487567,41.447876, Private, HS-grad, Married-civ-spouse, Adm-clerical, Unmarried, White, Female, United-States, <=50K
33.12748,216676.69,13.797304,1736.9502,94.48971,52.215214, Private, Bachelors, Married-civ-spouse, Prof-specialty, Husband, White, Male, United-States, >50K
30.623817,98584.76,6.918307,1191.6189,1.0155689,24.215319, Private, HS-grad, Never-married, Other-service, Own-child, White, Male, United-States, <=50K
25.787464,321323.06,8.895739,67.56591,39.630386,58.422024, Private, HS-grad, Never-married, Craft-repair, Not-in-family, White, Male, United-States, <=50K
29.559795,297835.06,8.674253,-333.21027,41.2484,28.87313, Private, Some-college, Never-married, Exec-managerial, Own-child, White, Male, United-States, <=50K
31.58131,203108.69,9.869261,-131.17365,16.565145,41.291485, Private, Some-college, Divorced, Exec-managerial, Not-in-family, White, Female, United-States, <=50K
43.5963,158407.47,12.185215,3552.5996,342.4286,55.930843, Private, Bachelors, Married-civ-spouse, Exec-managerial, Husband, White, Male, United-States, >50K
21.312761,225777.5,8.142941,769.5334,-8.927707,37.720253, Private, HS-grad, Never-married, Other-service, Own-child, White, Male, United-States, <=50K
39.887962,187961.58,13.277082,5978.3086,-66.460365,50.73961, Private, HS-grad, Divorced, Prof-specialty, Not-in-family, White, Female, United-States, <=50K
33.80698,326538.03,10.453999,-1304.2053,262.9432,55.729874, Private, Some-college, Never-married, Exec-managerial, Not-in-family, White, Male, United-States, <=50K
21.348133,282336.1,11.057386,-933.3963,161.04543,38.932606, Private, Bachelors, Never-married, Craft-repair, Own-child, White, Male, United-States, <=50K
43.680458,168915.75,12.839616,71.19848,10.938001,37.16485, Private, Bachelors, Married-civ-spouse, Exec-managerial, Husband, White, Male, United-States, <=50K
45.055107,290817.22,12.604709,1983.1444,33.77911,29.14815, Private, Bachelors, Divorced, Prof-specialty, Unmarried, White, Female, United-States, <=50K
42.154926,148618.42,9.587952,811.3175,14.568723,40.254566, Private, HS-grad, Married-civ-spouse, Other-service, Unmarried, White, Female, United-States, <=50K
39.903122,140717.42,11.13568,63.183285,59.016033,45.12135, Private, HS-grad, Married-civ-spouse, Prof-specialty, Husband, White, Male, United-States, <=50K
22.378601,252353.75,8.617607,540.39124,-6.301425,43.192036, Private, HS-grad, Never-married, Craft-repair, Own-child, White, Male, United-States, <=50K
30.455471,167695.22,9.102868,2193.992,-13.511783,33.702362, Private, HS-grad, Married-civ-spouse, Adm-clerical, Own-child, White, Male, United-States, <=50K
51.49912,205482.3,7.898396,3199.757,41.17887,25.98473, Private, HS-grad, Divorced, Other-service, Not-in-family, White, Female, United-States, <=50K
33.339314,112045.61,13.534492,4016.9585,69.432396,78.07269, Private, Bachelors, Never-married, Prof-specialty, Not-in-family, White, Male, United-States, >50K
29.477514,206649.9,9.807418,1790.8073,142.22098,40.357986, Private, HS-grad, Never-married, Craft-repair, Own-child, White, Male, United-States, <=50K
38.722652,252738.6,11.494851,-416.02118,115.182884,53.718075, Private, Some-college, Married-civ-spouse, Exec-managerial, Husband, White, Male, United-States, >50K
23.994259,144754.42,10.945211,-364.8199,-5.0546675,35.215, Private, HS-grad, Never-married, Other-service, Own-child, White, Male, United-States, <=50K
36.435143,121849.53,9.103974,6340.5454,-102.01252,32.979755, Private, Some-college, Never-married, Exec-managerial, Own-child, White, Male, United-States, <=50K
28.9671,124791.49,9.259962,-369.66193,56.24378,45.9695, Private, HS-grad, Never-married, Other-service, Own-child, White, Male, United-States, <=50K
69.92535,59923.68,12.095398,2125.0396,1070.8632,34.962166, Private, HS-grad, Married-civ-spouse, Prof-specialty, Husband, White, Male, United-States, <=50K
34.652225,160025.06,7.7286754,1414.3364,39.35535,53.821316, Private, HS-grad, Never-married, Craft-repair, Not-in-family, White, Male, United-States, <=50K
26.193924,181794.66,10.865413,-1297.8396,205.21606,40.124733, Private, Some-college, Never-married, Adm-clerical, Unmarried, White, Female, United-States, <=50K
34.61373,59412.117,9.591274,2539.5635,59.436226,36.751312, Private, HS-grad, Never-married, Other-service, Not-in-family, White, Female, United-States, <=50K
45.742153,189999.2,7.001069,720.0557,-28.138704,37.846737, Private, HS-grad, Married-civ-spouse, Other-service, Husband, White, Male, United-States, <=50K
26.334309,174242.39,12.796508,5078.9873,138.8263,47.512184, Private, Bachelors, Never-married, Prof-specialty, Not-in-family, White, Male, United-States, <=50K
34.36111,47670.703,8.429778,1550.1433,17.338217,42.06883, Private, HS-grad, Never-married, Other-service, Own-child, White, Female, United-States, <=50K
34.63207,180640.3,8.160654,2888.9722,27.036573,34.728962, Private, HS-grad, Never-married, Other-service, Own-child, White, Male, United-States, <=50K
35.92537,196451.38,9.934269,1664.3394,395.76822,49.868893, Private, HS-grad, Married-civ-spouse, Craft-repair, Husband, White, Male, United-States, >50K
28.137415,269569.56,11.592515,724.2871,79.80049,44.52849, Private, Some-college, Never-married, Craft-repair, Own-child, White, Male, United-States, <=50K
41.61481,127948.445,13.845352,4556.307,-9.976726,39.93318, Private, Bachelors, Married-civ-spouse, Exec-managerial, Husband, White, Male, United-States, >50K
22.260946,159301.73,10.976927,-895.5933,30.67676,34.12224, Private, Bachelors, Never-married, Exec-managerial, Unmarried, White, Female, United-States, <=50K
32.579754,351397.66,8.396687,922.3193,4.775174,44.315926, Private, HS-grad, Married-civ-spouse, Other-service, Husband, White, Male, United-States, <=50K
41.064213,183670.89,10.070658,1445.7594,26.85497,45.78065, Private, Some-college, Married-civ-spouse, Exec-managerial, Husband, White, Male, United-States, >50K
55.83784,77549.41,12.625613,3392.4705,16.796621,42.299446, Private, Bachelors, Divorced, Prof-specialty, Not-in-family, White, Female, United-States, >50K
28.370827,183203.53,11.574546,-490.39044,-25.680841,31.487343, Private, Bachelors, Never-married, Exec-managerial, Own-child, White, Female, United-States, <=50K
45.930378,229920.53,5.782687,286.49255,11.821195,31.65528, Private, HS-grad, Divorced, Other-service, Not-in-family, White, Male, United-States, <=50K
42.256527,104763.805,13.793779,10361.93,178.13484,66.007126, Private, Bachelors, Married-civ-spouse, Exec-managerial, Husband, White, Male, United-States, >50K
28.16746,348462.34,7.4640675,-452.46503,34.991776,46.55835, Private, HS-grad, Married-civ-spouse, Craft-repair, Husband, White, Male, United-States, <=50K
36.320885,233458.06,11.788283,3672.4321,-91.35291,51.28345, Private, HS-grad, Married-civ-spouse, Exec-managerial, Husband, White, Male, United-States, >50K
32.518284,234660.33,9.350822,-760.5859,276.40976,41.41061, Private, Some-college, Never-married, Exec-managerial, Not-in-family, White, Male, United-States, <=50K
46.33331,156984.66,10.878314,903.9917,20.895498,36.21649, Private, HS-grad, Married-civ-spouse, Other-service, Husband, White, Female, United-States, <=50K
52.845486,239833.12,4.5458083,-924.951,89.76996,40.844704, Private, Some-college, Married-civ-spouse, Adm-clerical, Unmarried, White, Male, United-States, <=50K
43.44249,169482.1,9.824724,850.272,31.660242,41.383057, Private, HS-grad, Married-civ-spouse, Craft-repair, Husband, White, Male, United-States, <=50K
45.283115,107412.64,14.323025,-165.34406,515.97736,60.539253, Private, Bachelors, Married-civ-spouse, Exec-managerial, Husband, White, Male, United-States, <=50K
41.99302,212293.0,10.048946,130.73138,88.939735,50.88736, Private, Some-college, Married-civ-spouse, Craft-repair, Husband, White, Male, United-States, >50K
25.268038,128758.89,9.679389,-327.258,46.860863,37.997074, Private, Some-college, Never-married, Adm-clerical, Not-in-family, White, Female, United-States, <=50K
26.294012,203549.25,12.452957,-679.8714,46.580452,42.71333, Private, Bachelors, Never-married, Exec-managerial, Not-in-family, White, Female, United-States, <=50K
53.570972,173952.62,10.238885,1639.5292,-23.686136,39.554813, Private, Some-college, Married-civ-spouse, Craft-repair, Husband, White, Male, United-States, <=50K
33.420067,182431.2,5.8190618,-743.92255,-30.51488,37.671917, Private, Some-college, Married-civ-spouse, Adm-clerical, Unmarried, White, Female, United-States, <=50K
38.953964,486599.84,10.12466,349.83044,3.8210573,45.23977, Private, HS-grad, Married-civ-spouse, Other-service, Unmarried, White, Male, United-States, <=50K
23.920183,235230.22,8.621841,35.41119,31.0343,31.164732, Private, HS-grad, Never-married, Other-service, Own-child, White, Male, United-States, <=50K
45.353798,242636.86,10.754498,-1197.729,-1.6637067,47.980034, Private, Some-college, Married-civ-spouse, Exec-managerial, Husband, White, Male, United-States, <=50K
39.303528,152246.14,11.9922285,2012.3679,332.25244,53.234505, Private, Bachelors, Married-civ-spouse, Exec-managerial, Husband, White, Male, United-States, >50K
31.737635,67338.914,11.548871,-630.60284,86.79976,45.121223, Private, Bachelors, Never-married, Craft-repair, Own-child, White, Male, United-States, <=50K
39.356915,145093.16,13.900869,236.75067,163.02211,49.555836, Private, Bachelors, Married-civ-spouse, Exec-managerial, Husband, White, Male, United-States, <=50K
39.275993,71157.4,8.970125,210.27148,83.98352,35.104706, Private, Some-college, Married-civ-spouse, Exec-managerial, Husband, White, Male, United-States, <=50K
41.296417,232668.81,8.967674,1207.9058,53.798855,57.464436, Private, HS-grad, Married-civ-spouse, Craft-repair, Husband, White, Male, United-States, <=50K
38.493076,156001.27,11.06226,4996.7754,3.2576723,48.413635, Private, HS-grad, Married-civ-spouse, Exec-managerial, Husband, White, Male, United-States, >50K
43.94508,202263.53,11.761641,835.5251,-33.354176,38.39455, Private, Bachelors, Married-civ-spouse, Exec-managerial, Husband, White, Male, United-States, >50K
33.23852,272940.94,9.676696,2353.3494,-25.057505,20.580364, Private, Some-college, Never-married, Other-service, Own-child, White, Male, United-States, <=50K
45.429695,270220.38,7.8529677,379.8811,6.6110353,25.060673, Private, Some-college, Never-married, Adm-clerical, Own-child, White, Male, United-States, <=50K
42.89944,129994.57,12.986794,3298.603,69.2813,46.581158, Private, Bachelors, Never-married, Exec-managerial, Not-in-family, White, Male, United-States, <=50K
41.764935,186955.2,11.829375,-96.4134,18.821508,51.837173, Private, Some-college, Married-civ-spouse, Exec-managerial, Husband, White, Male, United-States, >50K
40.833443,164648.6,10.368261,1500.1023,5.1074114,38.6125, Private, HS-grad, Never-married, Other-service, Not-in-family, White, Male, United-States, <=50K
38.2213,85908.37,9.822367,1235.1843,88.082184,52.191044, Private, Some-college, Married-civ-spouse, Craft-repair, Husband, White, Male, United-States, <=50K
61.25925,167897.17,9.724192,2783.4014,76.88378,35.73137, Private, HS-grad, Divorced, Other-service, Not-in-family, White, Female, United-States, <=50K
60.20495,147902.72,10.243165,934.8065,41.49465,46.80628, Private, HS-grad, Married-civ-spouse, Craft-repair, Husband, White, Male, United-States, <=50K
30.678967,158574.38,9.379997,2475.8455,-32.08872,56.43999, Private, Some-college, Never-married, Exec-managerial, Not-in-family, White, Male, United-States, <=50K
26.916101,228207.48,10.725609,1536.9576,57.05638,40.80114, Private, HS-grad, Never-married, Exec-managerial, Not-in-family, White, Female, United-States, <=50K
42.783924,112431.15,11.650124,-396.2552,45.1451,39.797207, Private, Some-college, Divorced, Exec-managerial, Unmarried, White, Female, United-States, <=50K
21.795437,164622.27,12.207916,2152.2295,-71.391335,24.837227, Private, Bachelors, Never-married, Prof-specialty, Not-in-family, White, Female, United-States, <=50K
34.524334,361666.66,8.319766,179.65674,54.684967,32.833565, Private, HS-grad, Divorced, Other-service, Unmarried, White, Female, United-States, <=50K
62.501778,168767.95,11.007982,445.91968,81.059204,49.41802, Private, HS-grad, Married-civ-spouse, Craft-repair, Husband, White, Male, United-States, <=50K
29.654999,89531.21,9.555167,3146.0193,-42.297695,30.521212, Private, HS-grad, Never-married, Other-service, Not-in-family, White, Female, United-States, <=50K
41.919495,182241.2,12.4544525,768.9391,-0.3068341,21.305452, Private, Bachelors, Never-married, Prof-specialty, Not-in-family, White, Male, United-States, <=50K
30.079254,138718.3,11.792212,513.1946,377.78943,26.219688, Private, Bachelors, Never-married, Adm-clerical, Unmarried, White, Female, United-States, <=50K
33.43554,199605.08,13.18364,419.67242,-19.681795,34.53366, Private, Bachelors, Never-married, Exec-managerial, Unmarried, White, Female, United-States, <=50K
25.790642,169095.19,9.047705,831.5738,74.89864,41.422283, Private, HS-grad, Never-married, Other-service, Own-child, White, Male, United-States, <=50K
28.30802,274473.7,7.248501,3073.9666,-25.525263,45.582565, Private, HS-grad, Married-civ-spouse, Other-service, Unmarried, White, Male, United-States, <=50K
54.438995,143468.16,7.532188,1682.5494,71.43227,44.315685, Private, HS-grad, Married-civ-spouse, Other-service, Husband, White, Male, United-States, <=50K
41.61942,186449.62,12.387147,4920.7026,15.478566,48.649555, Private, Bachelors, Married-civ-spouse, Exec-managerial, Husband, White, Male, United-States, >50K
24.756397,228406.8,10.893835,1070.026,26.310171,46.74507, Private, HS-grad, Never-married, Adm-clerical, Not-in-family, White, Female, United-States, <=50K
39.38486,195095.36,11.466793,48.443233,22.36019,46.351063, Private, Some-college, Married-civ-spouse, Exec-managerial, Husband, White, Male, United-States, >50K
66.536125,195405.53,9.185482,-88.84553,214.05482,25.155178, Private, Some-college, Married-civ-spouse, Adm-clerical, Husband, White, Male, United-States, <=50K
32.376545,222805.25,12.168723,1197.2014,28.567663,51.445805, Private, HS-grad, Married-civ-spouse, Prof-specialty, Unmarried, White, Female, United-States, <=50K
35.334743,318472.72,9.839735,5483.186,20.21803,49.54256, Private, HS-grad, Divorced, Exec-managerial, Husband, White, Male, United-States, >50K
62.888725,69279.914,10.364865,5761.1753,115.46718,29.761868, Private, HS-grad, Married-civ-spouse, Adm-clerical, Unmarried, White, Female, United-States, <=50K
32.72293,138636.3,10.375712,879.7422,137.1401,53.661015, Private, Some-college, Never-married, Exec-managerial, Not-in-family, White, Male, United-States, <=50K
37.122055,64927.266,13.3487835,2577.356,48.216423,49.845943, Private, Bachelors, Married-civ-spouse, Exec-managerial, Husband, White, Male, United-States, <=50K
66.52919,116153.3,8.440518,3122.1865,23.747175,27.491724, Private, HS-grad, Married-civ-spouse, Other-service, Husband, White, Male, United-States, <=50K
31.000237,466112.0,12.366808,1286.4458,118.534836,54.731274, Private, HS-grad, Never-married, Prof-specialty, Not-in-family, White, Male, United-States, <=50K
38.620182,211295.83,6.4339323,792.31464,-44.270702,36.334423, Private, Some-college, Married-civ-spouse, Other-service, Husband, White, Male, United-States, <=50K
57.9488,148184.48,11.507995,5423.083,30.455694,24.877478, Private, HS-grad, Divorced, Prof-specialty, Not-in-family, White, Female, United-States, <=50K
30.723944,119203.94,10.858631,1605.8722,270.35425,31.703806, Private, Bachelors, Never-married, Craft-repair, Not-in-family, White, Male, United-States, <=50K
36.321987,301704.6,6.2426515,-1001.87836,113.56475,56.00902, Private, Some-college, Married-civ-spouse, Adm-clerical, Husband, White, Male, United-States, <=50K
49.371807,123959.625,9.635667,2795.601,140.44939,49.90677, Private, HS-grad, Married-civ-spouse, Craft-repair, Husband, White, Male, United-States, >50K
51.998196,98263.734,13.842019,2375.233,233.29002,41.19794, Private, Bachelors, Divorced, Prof-specialty, Unmarried, White, Female, United-States, <=50K
39.07624,106190.32,13.4224615,2108.67,19.560942,49.09035, Private, Bachelors, Married-civ-spouse, Exec-managerial, Husband, White, Male, United-States, >50K
37.47208,227894.16,6.7818613,-115.10346,21.76222,43.870586, Private, HS-grad, Married-civ-spouse, Craft-repair, Husband, White, Male, United-States, <=50K
37.313923,168601.52,8.33711,1088.6443,10.573094,40.883556, Private, HS-grad, Married-civ-spouse, Other-service, Husband, White, Male, United-States, >50K
52.699356,98298.44,10.30416,8966.757,-66.18116,55.672832, Private, HS-grad, Married-civ-spouse, Exec-managerial, Husband, White, Male, United-States, >50K
33.53729,192517.19,9.1312065,-449.37762,121.02636,51.49798, Private, HS-grad, Married-civ-spouse, Other-service, Unmarried, White, Female, United-States, <=50K
36.898376,188618.83,6.208371,3033.2969,-31.145197,46.225475, Private, Some-college, Never-married, Craft-repair, Husband, White, Male, United-States, <=50K
26.227383,176135.55,11.854799,2138.2874,-11.623088,33.119118, Private, Bachelors, Never-married, Prof-specialty, Own-child, White, Female, United-States, <=50K
26.475964,166237.33,9.094256,-117.936104,226.94307,29.72098, Private, Some-college, Never-married, Adm-clerical, Not-in-family, White, Female, United-States, <=50K
36.307743,436460.7,8.188242,-824.6055,113.87784,50.18528, Private, HS-grad, Married-civ-spouse, Adm-clerical, Husband, White, Male, United-States, <=50K
32.43005,166500.0,8.53691,345.2804,177.72629,33.58003, Private, Some-college, Never-married, Craft-repair, Not-in-family, White, Male, United-States, <=50K
30.382029,302983.0,10.441246,-146.5976,18.967772,42.489746, Private, Some-college, Married-civ-spouse, Adm-clerical, Unmarried, White, Female, United-States, <=50K
37.669064,154387.81,11.1974325,1530.963,62.345142,30.980791, Private, Bachelors, Never-married, Adm-clerical, Not-in-family, White, Male, United-States, <=50K
39.162254,146304.81,11.87481,1755.4125,-11.34785,45.521675, Private, Bachelors, Married-civ-spouse, Craft-repair, Husband, White, Male, United-States, <=50K
45.237774,136840.36,14.023935,3429.3699,-53.003124,45.15814, Private, Bachelors, Divorced, Exec-managerial, Husband, White, Male, United-States, >50K
34.484207,195804.2,8.128961,77.50103,66.17545,50.995285, Private, HS-grad, Married-civ-spouse, Craft-repair, Husband, White, Male, United-States, <=50K
21.27706,166122.62,10.330612,185.81207,50.244766,22.080227, Private, Some-college, Married-civ-spouse, Adm-clerical, Husband, White, Female, United-States, <=50K
66.54705,73093.56,6.2922444,3109.6533,6.0051775,23.664082, Private, HS-grad, Divorced, Other-service, Not-in-family, White, Female, United-States, <=50K
45.692375,262310.2,9.9930105,746.9785,2.322156,44.29666, Private, Some-college, Married-civ-spouse, Craft-repair, Husband, White, Male, United-States, <=50K
42.2708,220275.62,6.3940086,319.48993,-15.846873,35.241623, Private, HS-grad, Never-married, Other-service, Unmarried, White, Female, United-States, <=50K
29.581112,90342.48,9.030515,1328.9261,-11.820796,43.951393, Private, Some-college, Never-married, Adm-clerical, Not-in-family, White, Female, United-States, <=50K
32.852707,417815.62,4.249819,-1011.4389,35.024006,35.175064, Private, HS-grad, Never-married, Other-service, Own-child, White, Male, United-States, <=50K
58.513824,164132.4,9.270106,4213.272,60.42607,47.44498, Private, HS-grad, Married-civ-spouse, Other-service, Husband, White, Male, United-States, <=50K
55.978928,103757.65,7.3949275,1266.7896,79.99996,36.986874, Private, HS-grad, Married-civ-spouse, Craft-repair, Husband, White, Male, United-States, <=50K
36.48154,181058.03,11.124489,2180.6519,203.97298,48.13397, Private, HS-grad, Married-civ-spouse, Craft-repair, Husband, White, Male, United-States, <=50K
55.709297,145841.53,8.413409,-346.2652,78.80962,47.486984, Private, HS-grad, Married-civ-spouse, Other-service, Unmarried, White, Female, United-States, <=50K
50.706146,171862.47,10.902684,2880.9888,164.78194,48.541496, Private, HS-grad, Married-civ-spouse, Exec-managerial, Husband, White, Male, United-States, >50K
17.805023,364079.84,9.246621,948.90924,73.416855,41.291992, Private, HS-grad, Never-married, Other-service, Own-child, White, Male, United-States, <=50K
39.725693,117185.32,11.910649,94.02166,17.857237,33.55614, Private, Some-college, Never-married, Adm-clerical, Not-in-family, White, Female, United-States, <=50K
38.416805,286799.88,8.755767,635.1241,-27.83066,47.004704, Private, HS-grad, Divorced, Craft-repair, Not-in-family, White, Male, United-States, <=50K
33.695827,220417.8,9.418225,1565.6552,-60.569424,19.390741, Private, HS-grad, Never-married, Adm-clerical, Unmarried, White, Female, United-States, <=50K
36.788708,205449.38,9.611871,1188.4747,44.34441,46.178326, Private, HS-grad, Married-civ-spouse, Exec-managerial, Husband, White, Male, United-States, >50K
62.082092,76820.13,9.25076,481.09375,-48.793026,34.892506, Private, Some-college, Married-civ-spouse, Exec-managerial, Husband, White, Male, United-States, >50K
40.358387,166974.88,12.523687,1636.5184,-47.3995,37.04648, Private, Bachelors, Married-civ-spouse, Prof-specialty, Husband, White, Male, United-States, >50K
49.889946,260656.1,13.179127,-1068.648,49.004543,41.957527, Private, Bachelors, Married-civ-spouse, Exec-managerial, Husband, White, Female, United-States, >50K
77.09909,155372.6,11.745535,2166.7644,25.885027,22.801332, Private, HS-grad, Married-civ-spouse, Prof-specialty, Husband, White, Male, United-States, <=50K
27.25504,280895.84,9.591916,807.7622,-62.323757,29.7874, Private, HS-grad, Never-married, Adm-clerical, Not-in-family, White, Female, United-States, <=50K
35.47727,243439.77,10.856568,384.5681,80.16366,50.330494, Private, Bachelors, Married-civ-spouse, Exec-managerial, Husband, White, Male, United-States, <=50K
27.677792,215649.19,12.177753,-176.75836,-6.1852827,46.01511, Private, Bachelors, Never-married, Craft-repair, Own-child, White, Male, United-States, <=50K
27.620462,49759.984,11.8019,1815.6116,29.260492,32.46133, Private, Bachelors, Never-married, Prof-specialty, Not-in-family, White, Female, United-States, <=50K
26.730276,161591.55,8.834835,1945.7859,45.789085,46.17927, Private, HS-grad, Never-married, Other-service, Own-child, White, Male, United-States, <=50K
31.366095,120651.445,10.065122,2456.564,53.374725,66.736115, Private, Some-college, Married-civ-spouse, Exec-managerial, Husband, White, Male, United-States, <=50K
38.28175,139180.77,12.336751,3703.8884,-3.1895475,42.491623, Private, Bachelors, Married-civ-spouse, Prof-specialty, Husband, White, Male, United-States, >50K
34.172802,160166.19,11.902578,852.679,37.892986,32.328255, Private, Bachelors, Never-married, Adm-clerical, Not-in-family, White, Female, United-States, <=50K
29.228565,168998.12,10.079925,254.23639,337.2776,35.629555, Private, Some-college, Never-married, Adm-clerical, Own-child, White, Male, United-States, <=50K
28.93095,168492.81,10.785952,149.52924,383.5361,32.158314, Private, Bachelors, Married-civ-spouse, Exec-managerial, Husband, White, Female, United-States, >50K
46.6395,167562.53,8.677846,1660.6097,22.474081,25.666872, Private, HS-grad, Divorced, Adm-clerical, Unmarried, White, Female, United-States, <=50K
29.331228,193871.19,11.763557,349.89313,500.21817,30.539557, Private, Bachelors, Married-civ-spouse, Exec-managerial, Husband, White, Male, United-States, <=50K
45.3357,263246.78,6.404238,2889.44,2.3101244,25.344393, Private, HS-grad, Never-married, Other-service, Not-in-family, White, Female, United-States, <=50K
38.00856,96277.48,11.215675,1906.414,54.95434,25.05979, Private, Bachelors, Never-married, Prof-specialty, Own-child, White, Female, United-States, <=50K
42.750484,149409.39,11.965572,3967.3538,8.433896,52.28975, Private, Bachelors, Married-civ-spouse, Exec-managerial, Husband, White, Male, United-States, >50K
52.114082,327539.53,8.186233,1926.5156,56.323383,59.7675, Private, HS-grad, Married-civ-spouse, Craft-repair, Husband, White, Male, United-States, <=50K
33.977165,187934.84,5.807353,-165.9654,-13.331111,44.413013, Private, HS-grad, Never-married, Other-service, Unmarried, White, Female, United-States, <=50K
37.347084,111265.47,10.459166,3470.5435,9.594335,41.89174, Private, HS-grad, Divorced, Prof-specialty, Not-in-family, White, Female, United-States, <=50K
40.602753,121917.03,8.167547,999.5474,17.527845,36.94414, Private, HS-grad, Never-married, Craft-repair, Own-child, White, Male, United-States, <=50K
54.501816,284952.6,8.959796,1840.9626,-10.244807,31.614494, Private, HS-grad, Divorced, Adm-clerical, Not-in-family, White, Female, United-States, <=50K
29.628448,155166.86,10.9611635,4201.2344,-26.60805,32.023327, Private, HS-grad, Never-married, Prof-specialty, Not-in-family, White, Male, United-States, <=50K
21.713861,299064.72,10.487654,677.4998,15.08241,20.243822, Private, Some-college, Never-married, Adm-clerical, Own-child, White, Male, United-States, <=50K
67.14817,110665.26,12.112964,484.62103,133.51036,28.973022, Private, Some-college, Married-civ-spouse, Prof-specialty, Husband, White, Female, United-States, <=50K
24.015886,305006.66,8.854573,254.08795,-17.020815,26.330147, Private, HS-grad, Never-married, Other-service, Own-child, White, Female, United-States, <=50K
28.836468,186767.61,13.0090885,7019.9204,23.046522,39.102104, Private, Bachelors, Never-married, Prof-specialty, Husband, White, Male, United-States, >50K
34.836803,212077.48,10.606643,2010.4193,0.1385852,47.196392, Private, HS-grad, Never-married, Adm-clerical, Own-child, White, Male, United-States, <=50K
22.837337,173256.83,10.532217,-191.38385,-35.67339,34.03868, Private, Some-college, Never-married, Adm-clerical, Own-child, White, Female, United-States, <=50K
28.823141,276999.2,11.978932,-427.78864,46.82832,38.936684, Private, Bachelors, Married-civ-spouse, Prof-specialty, Husband, White, Female, United-States, <=50K
38.530266,146376.1,8.754097,2381.7065,14.218228,33.37059, Private, HS-grad, Never-married, Other-service, Not-in-family, White, Male, United-States, <=50K
62.52747,187105.27,10.595976,3525.6,112.98089,34.69899, Private, HS-grad, Divorced, Prof-specialty, Unmarried, White, Female, United-States, <=50K
42.32311,185265.27,8.94901,827.5686,70.17821,23.580412, Private, Some-college, Divorced, Adm-clerical, Unmarried, White, Female, United-States, <=50K
48.13563,133129.22,10.463018,2402.6792,431.2366,45.118397, Private, Some-college, Married-civ-spouse, Craft-repair, Husband, White, Male, United-States, >50K
35.5049,166426.44,10.693766,823.60034,-62.125835,42.36963, Private, HS-grad, Married-civ-spouse, Craft-repair, Husband, White, Male, United-States, <=50K
20.1143,184407.25,10.998599,-390.08563,-55.44781,26.883787, Private, Some-college, Never-married, Adm-clerical, Not-in-family, White, Female, United-States, <=50K
25.62723,149884.58,11.31919,984.8361,-56.742214,29.636536, Private, Bachelors, Never-married, Sales, Own-child, White, Male, United-States, <=50K
30.034819,178235.97,13.22146,427.56042,79.87242,45.682915, Private, Bachelors, Married-civ-spouse, Prof-specialty, Husband, White, Male, United-States, >50K
42.900806,131289.52,13.660073,8657.768,-38.601536,57.91702, Private, Bachelors, Married-civ-spouse, Prof-specialty, Husband, White, Female, United-States, >50K
53.37379,195193.98,11.576962,1617.0795,200.63281,35.651604, Private, HS-grad, Married-civ-spouse, Adm-clerical, Husband, White, Male, United-States, <=50K
60.493477,112981.97,9.369456,4133.9375,39.013336,42.831203, Private, HS-grad, Married-civ-spouse, Exec-managerial, Unmarried, White, Female, United-States, >50K
33.13344,190428.56,6.015788,-861.67865,40.33705,43.370724, Private, HS-grad, Married-civ-spouse, Other-service, Husband, White, Male, United-States, <=50K
38.98092,311127.62,9.121697,829.3517,-89.948875,35.55079, Private, HS-grad, Divorced, Adm-clerical, Not-in-family, White, Female, United-States, <=50K
43.8506,167436.78,8.6412115,-748.165,35.38248,27.50687, Private, Some-college, Married-civ-spouse, Adm-clerical, Husband, White, Female, United-States, <=50K
50.21078,301541.84,13.171008,908.8252,429.61765,49.900288, Private, Bachelors, Divorced, Exec-managerial, Not-in-family, White, Male, United-States, >50K
24.017006,125392.695,7.937025,471.25732,8.26547,39.73299, Private, Some-college, Never-married, Adm-clerical, Not-in-family, White, Female, United-States, <=50K
25.707024,58940.016,12.868788,2230.044,117.933136,33.24133, Private, Bachelors, Never-married, Prof-specialty, Not-in-family, White, Female, United-States, <=50K
48.827507,165925.67,12.37777,-589.5784,11.618642,49.966145, Private, Some-college, Married-civ-spouse, Exec-managerial, Husband, White, Male, United-States, <=50K
23.68345,145914.5,8.793372,178.62982,-61.20167,24.918055, Private, Some-college, Never-married, Adm-clerical, Own-child, White, Male, United-States, <=50K
59.75091,174780.62,10.59911,1517.9802,131.50516,35.587116, Private, HS-grad, Divorced, Prof-specialty, Not-in-family, White, Female, United-States, <=50K
42.261982,228046.89,8.755221,937.47705,79.32517,38.76028, Private, HS-grad, Married-civ-spouse, Craft-repair, Husband, White, Male, United-States, <=50K
44.389698,118236.86,10.324716,2298.7764,18.975859,41.745605, Private, HS-grad, Married-civ-spouse, Craft-repair, Husband, White, Male, United-States, <=50K
52.640827,192923.2,10.885739,2200.986,216.05507,36.336384, Private, HS-grad, Married-civ-spouse, Prof-specialty, Husband, White, Male, United-States, >50K
32.092133,120080.0,10.51008,264.51428,240.79973,41.64327, Private, HS-grad, Married-civ-spouse, Exec-managerial, Husband, White, Male, United-States, >50K
46.80109,243495.28,9.466203,2832.5776,87.05666,47.93298, Private, HS-grad, Divorced, Craft-repair, Not-in-family, White, Male, United-States, >50K
38.593437,198132.12,7.597682,468.1812,-45.59074,39.558548, Private, Some-college, Divorced, Adm-clerical, Not-in-family, White, Female, United-States, <=50K
18.06095,374839.44,11.419248,2648.5762,-39.66515,31.42636, Private, Bachelors, Never-married, Prof-specialty, Own-child, White, Male, United-States, <=50K
33.24633,259815.72,10.842321,-1144.0493,738.534,46.785645, Private, Some-college, Married-civ-spouse, Adm-clerical, Unmarried, White, Female, United-States, <=50K
35.687496,225023.64,8.6376705,5234.3076,4.691991,33.70166, Private, HS-grad, Never-married, Other-service, Not-in-family, White, Male, United-States, <=50K
30.773844,158311.25,9.825,675.7166,-27.866243,49.0301, Private, HS-grad, Married-civ-spouse, Craft-repair, Husband, White, Male, United-States, <=50K
50.510094,172691.95,10.972768,-20.305363,16.910337,43.19413, Private, Some-college, Divorced, Exec-managerial, Not-in-family, White, Male, United-States, <=50K
42.933495,218715.7,6.9203835,1669.356,-5.0129805,23.071178, Private, Some-college, Never-married, Adm-clerical, Not-in-family, White, Male, United-States, <=50K
33.156723,104767.945,8.940014,-445.28156,49.387302,40.501698, Private, Some-college, Married-civ-spouse, Other-service, Husband, White, Male, United-States, <=50K
27.25451,236061.3,3.8836865,1425.8644,-19.370516,36.97761, Private, HS-grad, Never-married, Other-service, Not-in-family, White, Male, United-States, <=50K
26.728933,85501.32,8.035879,617.427,-21.906519,43.03214, Private, HS-grad, Never-married, Adm-clerical, Not-in-family, White, Male, United-States, <=50K
31.652317,203244.81,13.06153,1629.0933,85.44825,49.86162, Private, Bachelors, Married-civ-spouse, Exec-managerial, Husband, White, Male, United-States, >50K
41.399033,192684.56,10.1663065,-1628.6472,139.6772,30.111834, Private, Some-college, Divorced, Exec-managerial, Unmarried, White, Female, United-States, <=50K
43.989445,261011.42,4.231414,443.73706,123.85369,38.812572, Private, HS-grad, Divorced, Other-service, Unmarried, White, Male, United-States, <=50K
46.626274,114788.5,10.612768,1397.4192,26.172804,50.60296, Private, HS-grad, Married-civ-spouse, Craft-repair, Husband, White, Male, United-States, <=50K
36.96822,122855.484,13.39937,4711.4946,760.79236,54.858788, Private, Bachelors, Married-civ-spouse, Prof-specialty, Husband, White, Male, United-States, >50K
33.10993,157798.14,11.571134,3332.549,54.871128,41.798935, Private, Bachelors, Married-civ-spouse, Prof-specialty, Husband, White, Female, United-States, >50K
25.418491,112458.336,8.819196,530.2652,30.052637,35.46514, Private, HS-grad, Never-married, Adm-clerical, Unmarried, White, Female, United-States, <=50K
44.125008,133889.53,10.353001,2923.337,-9.014964,31.934498, Private, HS-grad, Married-civ-spouse, Prof-specialty, Husband, White, Male, United-States, <=50K
36.245132,184383.83,9.414125,-739.7878,65.21047,43.10722, Private, Some-college, Divorced, Exec-managerial, Not-in-family, White, Female, United-States, <=50K
45.248245,239782.83,10.901083,2494.2886,0.039921865,34.23189, Private, HS-grad, Divorced, Exec-managerial, Not-in-family, White, Female, United-States, <=50K
42.669968,164312.7,12.420384,827.26056,322.36633,36.91552, Private, Bachelors, Married-civ-spouse, Exec-managerial, Husband, White, Male, United-States, >50K
32.731052,138049.84,11.482907,342.7807,31.16606,43.859394, Private, Bachelors, Never-married, Exec-managerial, Not-in-family, White, Male, United-States, <=50K
33.66049,153812.83,12.33942,1929.062,-90.77076,55.721703, Private, Bachelors, Never-married, Exec-managerial, Not-in-family, White, Male, United-States, <=50K
42.276657,171529.52,11.353631,3469.1196,60.238773,36.9212, Private, HS-grad, Divorced, Exec-managerial, Not-in-family, White, Male, United-States, <=50K
43.871235,215050.12,5.5744495,1301.3837,33.051655,51.65825, Private, HS-grad, Married-civ-spouse, Other-service, Unmarried, White, Male, United-States, <=50K
46.310516,183029.62,14.04595,8702.985,-50.7895,40.432404, Private, Bachelors, Married-civ-spouse, Prof-specialty, Husband, White, Male, United-States, >50K
33.94417,166576.55,9.983824,-235.51764,8.00356,53.62338, Private, Some-college, Married-civ-spouse, Craft-repair, Husband, White, Male, United-States, <=50K
35.98737,186833.67,9.025972,-59.12128,53.659153,31.39588, Private, Some-college, Married-civ-spouse, Exec-managerial, Unmarried, White, Female, United-States, <=50K
39.118515,325309.94,7.075143,-759.482,18.41155,41.325626, Private, Some-college, Divorced, Adm-clerical, Unmarried, White, Female, United-States, <=50K
39.86463,213778.7,12.081236,-481.81244,68.31566,56.32173, Private, Some-college, Divorced, Exec-managerial, Not-in-family, White, Female, United-States, <=50K
60.02506,175539.14,11.474582,2476.1191,100.94101,28.350615, Private, Some-college, Married-civ-spouse, Other-service, Husband, White, Male, United-States, <=50K
30.917576,199201.88,11.229919,2246.2617,13.591825,47.259304, Private, HS-grad, Married-civ-spouse, Exec-managerial, Husband, White, Male, United-States, <=50K
39.083687,173920.38,10.620051,853.0245,114.39264,47.458637, Private, Some-college, Married-civ-spouse, Craft-repair, Husband, White, Male, United-States, >50K
37.511616,56388.344,9.675674,4115.5566,6.882352,35.287735, Private, HS-grad, Never-married, Exec-managerial, Not-in-family, White, Female, United-States, <=50K
27.591341,210082.44,9.718444,152.08087,30.431936,56.72139, Private, HS-grad, Married-civ-spouse, Craft-repair, Husband, White, Male, United-States, <=50K
31.366863,345950.88,6.805455,-431.82697,38.092636,33.85843, Private, HS-grad, Divorced, Other-service, Unmarried, White, Female, United-States, <=50K
40.25084,113820.99,6.390294,1053.1946,-10.4700575,46.605362, Private, HS-grad, Married-civ-spouse, Other-service, Husband, White, Male, United-States, <=50K
29.261652,464706.1,8.590213,245.74646,49.62582,50.700138, Private, HS-grad, Married-civ-spouse, Craft-repair, Husband, White, Male, United-States, <=50K
72.24221,171987.6,7.3130827,870.4559,26.818724,43.898434, Private, HS-grad, Married-civ-spouse, Craft-repair, Husband, White, Male, United-States, <=50K
40.978733,116318.91,10.422502,563.55884,-17.365107,51.85812, Private, HS-grad, Divorced, Exec-managerial, Not-in-family, White, Male, United-States, <=50K
36.69288,179028.48,9.576352,2112.296,81.43912,19.730394, Private, HS-grad, Divorced, Other-service, Unmarried, White, Female, United-States, <=50K
37.17868,245539.89,11.777997,774.522,1190.7094,44.944435, Private, Some-college, Never-married, Craft-repair, Not-in-family, White, Male, United-States, <=50K
24.336151,100354.18,10.114905,-452.9787,-38.265514,31.887243, Private, Some-college, Never-married, Adm-clerical, Own-child, White, Female, United-States, <=50K
53.45036,251498.25,8.88748,-169.33942,-0.99309814,36.863316, Private, Some-college, Divorced, Adm-clerical, Unmarried, White, Female, United-States, <=50K
20.776644,262901.88,9.787853,2385.025,86.31987,34.704006, Private, HS-grad, Never-married, Adm-clerical, Not-in-family, White, Female, United-States, <=50K
35.485382,80508.75,9.7651,-256.74884,-10.354159,35.851665, Private, HS-grad, Married-civ-spouse, Adm-clerical, Unmarried, White, Female, United-States, <=50K
22.076708,105162.445,10.395708,827.9464,47.875984,37.599945, Private, HS-grad, Never-married, Adm-clerical, Own-child, White, Female, United-States, <=50K
46.9593,201651.33,7.5408125,2287.1064,25.835161,33.816814, Private, HS-grad, Married-civ-spouse, Other-service, Husband, White, Male, United-States, <=50K
43.13498,133825.03,12.122979,3568.368,14.154584,31.578428, Private, HS-grad, Never-married, Other-service, Not-in-family, White, Male, United-States, <=50K
33.19651,285787.8,8.611627,5455.6934,350.60364,52.720413, Private, Some-college, Married-civ-spouse, Craft-repair, Husband, White, Male, United-States, <=50K
46.996323,156728.62,9.551699,2579.752,-59.923916,34.971752, Private, Some-college, Divorced, Adm-clerical, Not-in-family, White, Male, United-States, <=50K
27.151978,139143.0,11.0450535,338.8653,18.29495,39.632824, Private, Bachelors, Never-married, Sales, Own-child, White, Male, United-States, <=50K
34.488235,325916.0,8.282182,862.0081,-54.028316,42.623238, Private, HS-grad, Divorced, Craft-repair, Husband, White, Male, United-States, <=50K
26.368143,126928.34,12.285521,1537.2498,249.27501,34.314056, Private, Bachelors, Married-civ-spouse, Prof-specialty, Husband, White, Male, United-States, <=50K
39.14769,52889.86,10.395398,998.53925,157.51137,36.854607, Private, HS-grad, Divorced, Adm-clerical, Not-in-family, White, Female, United-States, <=50K
54.348515,159057.75,9.330965,3400.0935,547.73267,46.467113, Private, HS-grad, Divorced, Craft-repair, Not-in-family, White, Male, United-States, <=50K
32.826515,76541.21,13.433384,6730.385,-49.773052,46.476337, Private, Bachelors, Never-married, Prof-specialty, Not-in-family, White, Female, United-States, <=50K
49.385704,250820.34,11.876016,-1073.728,647.2013,52.144417, Private, Bachelors, Married-civ-spouse, Exec-managerial, Husband, White, Male, United-States, >50K
57.145344,124989.02,13.980247,2740.088,12.246449,53.279568, Private, Bachelors, Divorced, Prof-specialty, Husband, White, Male, United-States, >50K
25.787153,138624.97,12.260952,1303.4294,418.90726,35.877132, Private, Bachelors, Married-civ-spouse, Prof-specialty, Own-child, White, Male, United-States, <=50K
43.414047,283366.0,6.394055,-833.0495,-67.9723,44.343193, Private, Some-college, Divorced, Exec-managerial, Unmarried, White, Female, United-States, <=50K
21.01134,233897.81,10.550026,1033.5793,29.969816,39.88852, Private, HS-grad, Married-civ-spouse, Prof-specialty, Husband, White, Male, United-States, <=50K
28.94999,213358.42,12.605047,7348.9575,266.72375,37.58532, Private, Bachelors, Married-civ-spouse, Prof-specialty, Husband, White, Male, United-States, >50K
56.80614,94191.59,6.772085,31.561947,6.192624,42.063988, Private, HS-grad, Married-civ-spouse, Other-service, Husband, White, Male, United-States, <=50K
33.720093,153132.05,11.843635,-409.78314,110.48751,29.644611, Private, Some-college, Never-married, Sales, Own-child, White, Male, United-States, <=50K
69.30699,147047.05,11.472207,2284.0908,96.04132,36.576023, Private, HS-grad, Divorced, Prof-specialty, Husband, White, Male, United-States, <=50K
33.09038,269018.72,9.441028,-624.6231,234.96623,37.112694, Private, Some-college, Married-civ-spouse, Craft-repair, Husband, White, Male, United-States, <=50K
32.661194,15991.626,13.03682,8715.4,535.33856,45.682114, Private, Bachelors, Married-civ-spouse, Prof-specialty, Husband, White, Female, United-States, >50K
21.353899,184751.25,9.717716,3626.5227,-41.239635,11.07361, Private, HS-grad, Never-married, Other-service, Own-child, White, Female, United-States, <=50K
33.135742,121266.7,12.654017,13088.355,-75.41143,51.1772, Private, Bachelors, Married-civ-spouse, Exec-managerial, Husband, White, Female, United-States, >50K
44.41984,223003.3,12.829827,408.86414,180.8279,48.913063, Private, Bachelors, Married-civ-spouse, Exec-managerial, Husband, White, Male, United-States, >50K
32.58112,188586.77,6.4282928,2161.611,4.749593,47.242718, Private, HS-grad, Never-married, Other-service, Own-child, White, Male, United-States, <=50K
38.509373,91095.664,10.958343,617.0344,24.952383,42.35251, Private, Some-college, Never-married, Adm-clerical, Not-in-family, White, Female, United-States, <=50K
45.8789,53494.08,14.319153,478.38855,22.675756,54.198673, Private, Bachelors, Married-civ-spouse, Exec-managerial, Husband, White, Male, United-States, <=50K
42.32271,145748.33,9.919527,3085.995,78.74647,32.651398, Private, HS-grad, Divorced, Adm-clerical, Unmarried, White, Female, United-States, <=50K
40.500603,248396.36,11.331886,344.08923,157.47046,51.97343, Private, HS-grad, Married-civ-spouse, Prof-specialty, Husband, White, Male, United-States, >50K
27.663092,179430.39,12.909301,5111.688,1195.1583,55.80706, Private, Bachelors, Married-civ-spouse, Prof-specialty, Husband, White, Male, United-States, >50K
34.424896,71410.875,7.0902996,881.4694,46.92082,36.10614, Private, HS-grad, Never-married, Other-service, Own-child, White, Female, United-States, <=50K
39.914013,266214.7,10.343509,1567.1968,5.350217,40.62086, Private, Some-college, Divorced, Adm-clerical, Unmarried, White, Female, United-States, <=50K
28.273838,220560.25,11.550034,-33.161564,-31.459963,40.375057, Private, Bachelors, Divorced, Prof-specialty, Unmarried, White, Female, United-States, <=50K
70.32446,121029.28,12.807071,-125.735664,598.2789,33.466656, Private, Bachelors, Married-civ-spouse, Adm-clerical, Husband, White, Female, United-States, <=50K
30.172825,144352.6,10.841621,1845.4363,162.80692,32.16347, Private, HS-grad, Never-married, Other-service, Own-child, White, Male, United-States, <=50K
24.470936,192457.27,8.904613,-83.996895,-28.779192,29.860348, Private, Some-college, Never-married, Other-service, Own-child, White, Female, United-States, <=50K
25.56838,225113.27,8.389679,2884.4583,8.504933,31.768599, Private, HS-grad, Never-married, Other-service, Own-child, White, Female, United-States, <=50K
46.011,307023.78,7.728155,1730.9487,105.64559,31.978212, Private, HS-grad, Divorced, Other-service, Not-in-family, White, Male, United-States, <=50K
33.433655,197422.75,10.844896,-854.1464,31.47124,36.134914, Private, Some-college, Married-civ-spouse, Exec-managerial, Husband, White, Female, United-States, <=50K
30.543148,120248.63,12.432436,3454.1353,334.269,47.09232, Private, Bachelors, Never-married, Prof-specialty, Not-in-family, White, Male, United-States, >50K
60.706615,140395.58,10.951108,6286.4307,171.65584,57.53487, Private, HS-grad, Married-civ-spouse, Exec-managerial, Husband, White, Male, United-States, >50K
48.605667,76280.95,11.052374,1835.1674,12.588315,59.64625, Private, HS-grad, Divorced, Exec-managerial, Not-in-family, White, Male, United-States, <=50K
43.31607,294560.84,11.512712,1111.6404,41.856792,40.553886, Private, HS-grad, Divorced, Adm-clerical, Not-in-family, White, Female, United-States, <=50K
19.15407,342275.6,9.021158,-699.5007,-7.499469,35.22465, Private, Some-college, Never-married, Adm-clerical, Own-child, White, Male, United-States, <=50K
31.779875,229747.73,12.740281,2608.224,-46.776165,43.558887, Private, Bachelors, Never-married, Prof-specialty, Own-child, White, Male, United-States, <=50K
31.346035,72002.4,12.4426155,4112.8223,102.42262,54.579334, Private, Bachelors, Never-married, Exec-managerial, Not-in-family, White, Male, United-States, >50K
40.072407,152266.67,12.324491,4096.7476,-7.2840757,50.31906, Private, Bachelors, Married-civ-spouse, Prof-specialty, Husband, White, Male, United-States, >50K
63.90942,225653.77,11.837066,1415.5714,12.865575,40.603786, Private, Some-college, Married-civ-spouse, Exec-managerial, Husband, White, Male, United-States, <=50K
40.689114,251692.7,9.889094,527.33215,912.3638,52.100857, Private, HS-grad, Married-civ-spouse, Craft-repair, Husband, White, Male, United-States, >50K
47.063175,146117.94,12.619172,1923.6672,519.30396,37.78337, Private, Bachelors, Never-married, Craft-repair, Not-in-family, White, Male, United-States, <=50K
35.047485,239459.16,10.568384,4112.0747,7.8989916,40.18973, Private, HS-grad, Married-civ-spouse, Exec-managerial, Husband, White, Female, United-States, >50K
34.93472,212259.55,13.549545,981.2907,344.77295,45.68762, Private, Bachelors, Married-civ-spouse, Prof-specialty, Husband, White, Male, United-States, <=50K
34.223366,176336.4,11.524918,6704.546,22.184721,38.38292, Private, HS-grad, Divorced, Exec-managerial, Not-in-family, White, Female, United-States, <=50K
56.69673,134682.81,9.600094,876.3242,29.145811,42.522438, Private, HS-grad, Married-civ-spouse, Craft-repair, Husband, White, Male, United-States, <=50K
33.8972,256502.72,11.132901,8812.404,6.37531,32.52651, Private, HS-grad, Married-civ-spouse, Other-service, Unmarried, White, Female, United-States, <=50K
27.152939,211598.38,7.682955,-2248.9395,74.38013,34.08945, Private, Some-college, Never-married, Adm-clerical, Own-child, White, Female, United-States, <=50K
64.85648,21517.703,8.390623,-478.5512,183.75577,43.184868, Private, HS-grad, Married-civ-spouse, Adm-clerical, Unmarried, White, Female, United-States, <=50K
56.526897,358250.72,3.9019084,4641.1035,-27.050203,43.71602, Private, HS-grad, Divorced, Other-service, Unmarried, White, Male, United-States, <=50K
58.770573,325284.47,6.1162963,-670.8129,134.21156,52.0194, Private, HS-grad, Married-civ-spouse, Craft-repair, Husband, White, Male, United-States, <=50K
34.337566,137565.16,9.385515,4056.905,22.943731,35.731148, Private, HS-grad, Never-married, Other-service, Not-in-family, White, Female, United-States, <=50K
32.185135,164659.97,14.228978,2799.8384,386.51318,44.027924, Private, Bachelors, Married-civ-spouse, Prof-specialty, Husband, White, Female, United-States, >50K
18.772812,331434.47,10.191459,199.80048,174.28255,30.924421, Private, Some-college, Never-married, Adm-clerical, Own-child, White, Male, United-States, <=50K
24.25087,243788.98,8.10889,110.67852,-63.910122,61.928246, Private, Some-college, Never-married, Other-service, Own-child, White, Male, United-States, <=50K
31.054655,129531.78,12.475095,3706.416,460.48532,48.054043, Private, Bachelors, Never-married, Prof-specialty, Husband, White, Male, United-States, >50K
20.036087,218557.94,10.642411,247.88483,-13.68143,34.711643, Private, Bachelors, Never-married, Craft-repair, Own-child, White, Male, United-States, <=50K
57.86182,201941.16,3.1227508,2035.3004,61.015976,32.091225, Private, HS-grad, Married-civ-spouse, Other-service, Husband, White, Male, United-States, <=50K
38.92036,93203.69,11.832705,1936.9546,0.3222934,43.070633, Private, Bachelors, Married-civ-spouse, Prof-specialty, Husband, White, Male, United-States, >50K
35.12163,110941.79,11.460851,5030.0693,-48.073254,61.81653, Private, HS-grad, Married-civ-spouse, Exec-managerial, Husband, White, Male, United-States, >50K
26.80647,379899.6,7.6537337,407.9167,31.913904,34.294437, Private, HS-grad, Never-married, Other-service, Own-child, White, Male, United-States, <=50K
28.925486,67395.65,11.606381,-1040.9233,20.83035,47.31608, Private, Bachelors, Married-civ-spouse, Exec-managerial, Husband, White, Female, United-States, <=50K
32.062862,149659.94,12.241216,-454.87823,47.763325,60.94153, Private, Bachelors, Married-civ-spouse, Exec-managerial, Husband, White, Male, United-States, <=50K
40.33783,275680.0,10.4694195,2532.7085,-38.22938,40.13464, Private, Some-college, Divorced, Craft-repair, Not-in-family, White, Male, United-States, <=50K
33.24955,151829.75,7.4531693,1949.0082,-64.65894,37.0618, Private, HS-grad, Never-married, Other-service, Not-in-family, White, Female, United-States, <=50K
33.072224,367162.97,7.4928346,1271.7045,45.591835,38.37504, Private, HS-grad, Never-married, Other-service, Not-in-family, White, Male, United-States, <=50K
57.214725,263382.9,11.41367,1002.229,30.596518,32.99473, Private, HS-grad, Divorced, Other-service, Not-in-family, White, Male, United-States, <=50K
33.491547,57607.406,10.022708,2025.6893,-25.291903,50.719067, Private, HS-grad, Never-married, Craft-repair, Not-in-family, White, Male, United-States, <=50K
41.720726,205922.4,13.016617,1430.5411,424.6832,50.677574, Private, Bachelors, Divorced, Craft-repair, Not-in-family, White, Male, United-States, <=50K
32.78519,155517.67,9.097523,3649.8843,-0.43535888,43.65471, Private, HS-grad, Never-married, Craft-repair, Not-in-family, White, Male, United-States, <=50K
38.984104,259119.47,13.076825,3167.0518,332.7421,52.163982, Private, Bachelors, Married-civ-spouse, Exec-managerial, Husband, White, Male, United-States, >50K
56.84941,48386.83,12.095112,4649.9624,50.497753,36.40512, Private, HS-grad, Married-civ-spouse, Prof-specialty, Unmarried, White, Male, United-States, >50K
39.632572,182179.02,13.315985,3199.6304,-29.661371,49.57784, Private, Bachelors, Married-civ-spouse, Exec-managerial, Husband, White, Male, United-States, >50K
34.775517,127720.07,8.186114,5332.6553,76.74124,43.937973, Private, HS-grad, Married-civ-spouse, Craft-repair, Husband, White, Male, United-States, >50K
19.92293,244705.64,8.500457,939.4436,140.08408,37.328358, Private, HS-grad, Married-civ-spouse, Craft-repair, Own-child, White, Male, United-States, <=50K
28.15288,163436.39,10.7612705,433.42206,44.23618,51.578506, Private, Some-college, Married-civ-spouse, Exec-managerial, Unmarried, White, Female, United-States, <=50K
38.609676,229864.73,9.84856,803.2568,407.14832,44.47021, Private, HS-grad, Married-civ-spouse, Craft-repair, Husband, White, Male, United-States, <=50K
23.624237,362032.97,4.4309416,-607.54913,17.080694,32.425022, Private, HS-grad, Never-married, Adm-clerical, Own-child, White, Male, United-States, <=50K
45.480846,139786.55,13.603827,1594.723,-4.082217,39.9772, Private, Bachelors, Divorced, Prof-specialty, Not-in-family, White, Female, United-States, <=50K
33.100563,161829.92,10.556747,1816.7498,40.540024,34.133106, Private, Some-college, Never-married, Exec-managerial, Not-in-family, White, Female, United-States, <=50K
37.181973,195915.27,12.026017,60.708004,6.1089067,42.999634, Private, HS-grad, Divorced, Prof-specialty, Not-in-family, White, Female, United-States, <=50K
20.032417,211469.1,11.519576,375.85187,542.3787,22.885788, Private, Bachelors, Never-married, Adm-clerical, Own-child, White, Female, United-States, <=50K
24.766129,228142.0,6.0443783,-495.49872,-5.8662214,40.44403, Private, Some-college, Never-married, Other-service, Own-child, White, Male, United-States, <=50K
36.785717,166667.75,10.640737,-378.9759,168.08658,53.17329, Private, HS-grad, Married-civ-spouse, Craft-repair, Husband, White, Male, United-States, >50K
44.22595,147920.62,10.367769,340.72327,50.893776,36.49424, Private, HS-grad, Married-civ-spouse, Exec-managerial, Husband, White, Male, United-States, >50K
77.025635,177463.45,9.342561,4351.0996,179.00838,30.449547, Private, HS-grad, Married-civ-spouse, Prof-specialty, Husband, White, Male, United-States, >50K
28.513208,143552.66,10.550054,1461.2572,201.66745,41.862732, Private, Some-college, Never-married, Craft-repair, Not-in-family, White, Male, United-States, <=50K
42.979813,176505.12,7.5565896,1076.3688,6.0655107,60.94808, Private, Some-college, Never-married, Adm-clerical, Not-in-family, White, Male, United-States, <=50K
46.488354,152270.55,11.522327,1542.431,20.580938,44.83421, Private, HS-grad, Married-civ-spouse, Craft-repair, Husband, White, Male, United-States, <=50K
36.084637,74873.35,11.731032,8096.6743,136.21889,34.697205, Private, Bachelors, Never-married, Prof-specialty, Not-in-family, White, Female, United-States, <=50K
44.67178,236281.83,6.2291894,1705.6014,-3.6378431,50.70544, Private, HS-grad, Married-civ-spouse, Craft-repair, Husband, White, Male, United-States, <=50K
50.43336,176377.38,11.77094,3918.7925,18.131247,38.834732, Private, HS-grad, Married-civ-spouse, Exec-managerial, Husband, White, Male, United-States, <=50K
29.610643,210668.02,11.747171,-64.49995,203.08398,49.93947, Private, Bachelors, Married-civ-spouse, Craft-repair, Husband, White, Male, United-States, <=50K
29.99614,142416.08,9.334736,400.0467,-59.666058,48.68332, Private, Some-college, Never-married, Craft-repair, Own-child, White, Male, United-States, <=50K
32.803368,249175.36,10.039669,2358.3035,-0.2905606,46.508327, Private, Some-college, Married-civ-spouse, Exec-managerial, Husband, White, Male, United-States, >50K
53.196587,172906.66,10.500038,638.7635,-61.871685,39.326508, Private, HS-grad, Divorced, Exec-managerial, Not-in-family, White, Male, United-States, <=50K
53.068386,185822.53,8.403203,645.78253,308.1008,48.26046, Private, HS-grad, Married-civ-spouse, Craft-repair, Husband, White, Male, United-States, <=50K
31.144,247534.03,13.910039,-1430.1006,14.9147005,48.316853, Private, Bachelors, Divorced, Prof-specialty, Unmarried, White, Female, United-States, <=50K
37.421356,88249.19,11.292079,632.89716,246.62589,38.26544, Private, HS-grad, Married-civ-spouse, Adm-clerical, Unmarried, White, Female, United-States, >50K
45.04462,239291.84,12.990117,1841.5026,322.6823,62.121105, Private, HS-grad, Divorced, Prof-specialty, Not-in-family, White, Female, United-States, <=50K
38.629223,134264.33,7.998642,7409.471,278.62112,46.675827, Private, HS-grad, Never-married, Other-service, Not-in-family, White, Female, United-States, <=50K
56.569378,167458.12,11.446597,7523.883,119.320335,33.06772, Private, HS-grad, Divorced, Other-service, Not-in-family, White, Male, United-States, <=50K
26.431105,140720.58,11.785469,2893.764,76.80562,40.040165, Private, Bachelors, Never-married, Prof-specialty, Own-child, White, Male, United-States, <=50K
44.06015,208788.89,13.02959,520.9456,46.516922,42.032253, Private, Bachelors, Married-civ-spouse, Exec-managerial, Husband, White, Male, United-States, >50K
36.454773,149911.0,10.444414,-16.191593,69.1846,37.796078, Private, Bachelors, Married-civ-spouse, Adm-clerical, Husband, White, Male, United-States, <=50K
25.340965,359183.03,9.597612,103.42681,-16.14425,40.480858, Private, Some-college, Never-married, Adm-clerical, Own-child, White, Male, United-States, <=50K
32.11342,289401.03,9.1606,2748.833,25.121069,45.676693, Private, HS-grad, Never-married, Craft-repair, Own-child, White, Male, United-States, <=50K
31.653954,180745.72,7.7959256,-673.40265,1.6010715,41.912483, Private, Some-college, Never-married, Adm-clerical, Own-child, White, Male, United-States, <=50K
19.014692,266258.6,8.616668,437.6823,-26.845682,23.935728, Private, HS-grad, Never-married, Other-service, Unmarried, White, Female, United-States, <=50K
30.524822,92682.164,13.239048,918.7286,77.20395,47.146046, Private, Bachelors, Married-civ-spouse, Exec-managerial, Husband, White, Male, United-States, >50K
62.046818,232659.36,9.124739,-1911.0977,9.367398,59.745453, Private, HS-grad, Divorced, Exec-managerial, Husband, White, Male, United-States, <=50K
41.907185,224385.4,9.427189,-1815.3936,1001.5042,56.055477, Private, Some-college, Married-civ-spouse, Exec-managerial, Husband, White, Male, United-States, >50K
22.544992,273139.1,9.458553,203.16669,69.737785,24.897915, Private, HS-grad, Never-married, Other-service, Own-child, White, Male, United-States, <=50K
40.848305,185859.0,13.064531,5437.1377,-26.324266,42.672062, Private, Bachelors, Married-civ-spouse, Exec-managerial, Husband, White, Male, United-States, <=50K
51.778778,88342.85,11.139614,1246.7987,25.656706,43.95164, Private, HS-grad, Married-civ-spouse, Exec-managerial, Husband, White, Female, United-States, <=50K
30.193508,204194.33,8.350468,1004.06445,-32.442524,40.971275, Private, Some-college, Married-civ-spouse, Craft-repair, Husband, White, Male, United-States, <=50K
49.937057,163530.84,7.5233684,-894.99945,31.956278,55.979618, Private, HS-grad, Married-civ-spouse, Adm-clerical, Husband, White, Male, United-States, <=50K
33.242657,270667.28,11.333477,-424.89923,44.898,52.77961, Private, Some-college, Married-civ-spouse, Adm-clerical, Own-child, White, Male, United-States, <=50K
70.85699,125497.2,7.631367,2448.7031,-12.044261,43.40004, Private, HS-grad, Married-civ-spouse, Craft-repair, Husband, White, Male, United-States, <=50K
35.91726,41644.25,9.017396,4521.2754,-83.216606,46.22243, Private, HS-grad, Never-married, Other-service, Not-in-family, White, Male, United-States, <=50K
39.456814,268085.8,8.89819,2426.9595,-1.1448544,45.074196, Private, HS-grad, Never-married, Other-service, Not-in-family, White, Female, United-States, <=50K
70.22555,138512.19,6.049442,2188.2856,100.91199,35.191994, Private, HS-grad, Married-civ-spouse, Craft-repair, Husband, White, Male, United-States, <=50K
31.099726,264521.06,7.3786936,1207.603,5.6103945,37.076874, Private, HS-grad, Never-married, Other-service, Not-in-family, White, Male, United-States, <=50K
43.031208,232511.25,6.037503,1093.6349,63.52845,54.507862, Private, HS-grad, Married-civ-spouse, Craft-repair, Husband, White, Male, United-States, <=50K
42.974876,155368.7,9.545614,1449.3931,-15.169665,33.20469, Private, HS-grad, Divorced, Adm-clerical, Unmarried, White, Female, United-States, <=50K
55.892925,115535.06,11.058947,7086.7896,49.51191,40.965023, Private, HS-grad, Divorced, Other-service, Not-in-family, White, Male, United-States, >50K
41.67282,59229.08,13.821634,3127.0083,-21.87694,37.239113, Private, Bachelors, Married-civ-spouse, Prof-specialty, Unmarried, White, Female, United-States, >50K
44.013523,240314.38,7.6215186,-209.90106,57.067463,41.30441, Private, HS-grad, Married-civ-spouse, Other-service, Husband, White, Male, United-States, <=50K
48.03614,90786.81,12.748521,729.769,-0.92885864,40.625797, Private, Bachelors, Never-married, Prof-specialty, Not-in-family, White, Male, United-States, <=50K
39.05187,103903.72,8.147239,7557.8887,-16.105036,37.185402, Private, HS-grad, Married-civ-spouse, Other-service, Husband, White, Female, United-States, <=50K
54.547436,162995.55,8.136085,3506.683,-0.15093507,44.31249, Private, HS-grad, Married-civ-spouse, Craft-repair, Husband, White, Male, United-States, <=50K
36.07701,240169.33,12.620036,1069.5044,9.259938,43.589996, Private, Bachelors, Married-civ-spouse, Exec-managerial, Not-in-family, White, Male, United-States, <=50K
38.066727,143708.03,7.912153,1497.1251,53.871124,44.789967, Private, HS-grad, Married-civ-spouse, Craft-repair, Husband, White, Male, United-States, >50K
38.121254,184148.16,9.579508,152.17932,-23.67032,40.07954, Private, Some-college, Married-civ-spouse, Craft-repair, Husband, White, Male, United-States, <=50K
36.441135,181224.17,9.846535,-208.3404,20.67336,29.043186, Private, Some-college, Divorced, Adm-clerical, Unmarried, White, Female, United-States, <=50K
60.525303,164748.34,12.610694,4232.5723,-73.66898,41.119415, Private, Bachelors, Married-civ-spouse, Prof-specialty, Husband, White, Male, United-States, >50K
42.16152,133547.86,12.736173,1633.1584,39.81349,47.291927, Private, Bachelors, Never-married, Prof-specialty, Not-in-family, White, Female, United-States, <=50K
50.96481,106966.9,5.9179964,3634.6506,-14.449206,33.881393, Private, HS-grad, Divorced, Other-service, Not-in-family, White, Female, United-States, <=50K
32.726322,185429.47,9.932457,3660.5762,62.786556,36.55863, Private, HS-grad, Married-civ-spouse, Other-service, Husband, White, Male, United-States, <=50K
44.957756,85304.51,12.821969,6311.338,10.3042345,31.33792, Private, HS-grad, Divorced, Prof-specialty, Not-in-family, White, Female, United-States, <=50K
32.22186,226229.34,9.415306,144.49677,-16.551165,41.148285, Private, Some-college, Divorced, Exec-managerial, Not-in-family, White, Male, United-States, <=50K
64.87198,63946.17,11.8022375,709.9456,136.34158,40.043762, Private, HS-grad, Divorced, Prof-specialty, Unmarried, White, Female, United-States, <=50K
23.430021,251558.5,4.163396,-750.19183,9.473271,42.617374, Private, HS-grad, Married-civ-spouse, Other-service, Husband, White, Male, United-States, <=50K
20.631783,213995.97,11.501827,-839.956,79.364845,35.73837, Private, Some-college, Married-civ-spouse, Exec-managerial, Own-child, White, Male, United-States, <=50K
51.902084,165980.31,8.930391,788.6948,22.074911,35.35135, Private, HS-grad, Married-civ-spouse, Other-service, Husband, White, Male, United-States, <=50K
39.776382,120945.805,9.126497,-20.096134,144.96819,66.493744, Private, Some-college, Married-civ-spouse, Exec-managerial, Husband, White, Male, United-States, <=50K
31.351503,277422.03,9.902387,-1181.5061,119.295616,49.231995, Private, HS-grad, Married-civ-spouse, Exec-managerial, Husband, White, Male, United-States, <=50K
32.098827,193238.9,8.486618,3804.202,33.12452,30.370028, Private, HS-grad, Never-married, Other-service, Own-child, White, Male, United-States, <=50K
40.41513,165273.42,9.610387,-59.56647,6.143277,58.624557, Private, HS-grad, Never-married, Exec-managerial, Not-in-family, White, Male, United-States, <=50K
34.85137,178610.98,13.47842,6900.375,-51.60786,42.320484, Private, Bachelors, Married-civ-spouse, Prof-specialty, Husband, White, Male, United-States, >50K
46.1478,116931.12,12.433993,4077.849,959.4446,45.212757, Private, Bachelors, Divorced, Prof-specialty, Not-in-family, White, Female, United-States, <=50K
29.186283,265295.9,9.018102,2657.9668,-52.6452,20.41583, Private, Some-college, Never-married, Adm-clerical, Not-in-family, White, Female, United-States, <=50K
39.12139,235457.61,8.024642,-366.46332,103.14751,39.65142, Private, HS-grad, Married-civ-spouse, Other-service, Husband, White, Male, United-States, <=50K
48.232548,191534.22,11.707097,9862.156,-105.3446,44.507217, Private, HS-grad, Married-civ-spouse, Prof-specialty, Husband, White, Male, United-States, >50K
40.203075,87906.51,10.996606,1088.6351,15.647748,41.667267, Private, Some-college, Married-civ-spouse, Exec-managerial, Husband, White, Male, United-States, <=50K
30.445194,320337.94,12.047266,4552.583,373.65942,35.383453, Private, Bachelors, Never-married, Exec-managerial, Not-in-family, White, Female, United-States, <=50K
19.708183,156820.45,13.893049,4475.9126,139.48294,64.458244, Private, Bachelors, Never-married, Exec-managerial, Not-in-family, White, Male, United-States, <=50K
28.844059,203636.56,12.644238,1072.2438,-68.89576,43.91682, Private, Bachelors, Never-married, Prof-specialty, Not-in-family, White, Male, United-States, <=50K
28.726477,61034.656,12.117865,1724.9993,-5.7593565,33.62269, Private, Bachelors, Never-married, Exec-managerial, Own-child, White, Female, United-States, <=50K
44.775734,174081.2,7.000466,202.97021,-31.44961,42.895817, Private, HS-grad, Married-civ-spouse, Craft-repair, Husband, White, Male, United-States, <=50K
41.988007,176217.06,9.134139,2900.711,13.188931,63.064556, Private, HS-grad, Never-married, Other-service, Unmarried, White, Female, United-States, <=50K
27.741013,144360.73,10.751071,2214.9255,-2.5252867,48.68964, Private, HS-grad, Married-civ-spouse, Other-service, Husband, White, Male, United-States, >50K
44.222614,167060.55,7.3481145,1908.775,19.75163,35.65217, Private, HS-grad, Married-civ-spouse, Craft-repair, Husband, White, Male, United-States, <=50K
24.93859,148974.53,12.582797,499.72314,-18.18387,42.992542, Private, Bachelors, Never-married, Exec-managerial, Not-in-family, White, Male, United-States, >50K
54.928215,72915.74,12.884804,1047.7178,200.08401,41.855156, Private, Bachelors, Divorced, Exec-managerial, Not-in-family, White, Male, United-States, <=50K
20.691046,276583.44,11.928464,-231.51288,15.446889,42.19256, Private, Bachelors, Never-married, Exec-managerial, Own-child, White, Female, United-States, <=50K
37.514847,255731.61,11.281857,1736.3799,8.323781,39.874672, Private, HS-grad, Married-civ-spouse, Prof-specialty, Husband, White, Male, United-States, >50K
67.17262,163347.31,8.808359,554.179,56.546604,32.9229, Private, HS-grad, Divorced, Other-service, Unmarried, White, Female, United-States, <=50K
33.72269,136213.16,11.974127,-566.4838,338.74243,40.352215, Private, Bachelors, Never-married, Exec-managerial, Not-in-family, White, Male, United-States, <=50K
51.169662,276629.06,9.116279,-449.74896,80.8422,53.073074, Private, HS-grad, Married-civ-spouse, Adm-clerical, Husband, White, Male, United-States, <=50K
43.399303,238544.55,8.408805,4614.1826,-9.966235,30.446484, Private, HS-grad, Divorced, Other-service, Not-in-family, White, Female, United-States, <=50K
33.74493,212682.27,8.897603,-757.22784,80.94177,45.008266, Private, Some-college, Married-civ-spouse, Craft-repair, Husband, White, Male, United-States, >50K
47.34822,95012.67,9.927237,3450.169,265.1017,37.23373, Private, HS-grad, Divorced, Adm-clerical, Not-in-family, White, Female, United-States, <=50K
22.462534,342873.56,9.622341,622.5039,26.456297,35.174747, Private, HS-grad, Married-civ-spouse, Other-service, Own-child, White, Male, United-States, <=50K
31.872047,96875.36,12.457898,1509.8912,444.83752,42.083336, Private, Bachelors, Never-married, Exec-managerial, Own-child, White, Female, United-States, <=50K
44.95204,257311.81,8.928754,-2073.5479,120.39032,48.607582, Private, Some-college, Married-civ-spouse, Exec-managerial, Husband, White, Male, United-States, >50K
28.013483,287430.66,12.637468,757.18207,243.2282,40.195698, Private, Bachelors, Never-married, Exec-managerial, Not-in-family, White, Male, United-States, <=50K
70.80002,103445.055,6.447564,2535.1028,-20.742441,25.728857, Private, HS-grad, Divorced, Other-service, Not-in-family, White, Male, United-States, <=50K
30.463211,286224.56,11.78328,1054.1437,-47.94604,52.0779, Private, Bachelors, Married-civ-spouse, Exec-managerial, Own-child, White, Male, United-States, >50K
57.84823,175283.25,10.698544,8404.002,77.79263,50.267742, Private, HS-grad, Married-civ-spouse, Exec-managerial, Husband, White, Male, United-States, >50K
37.16262,220266.97,9.046081,7618.8145,-18.622469,35.253147, Private, HS-grad, Divorced, Exec-managerial, Not-in-family, White, Male, United-States, <=50K
31.190784,251951.06,10.714453,1090.6749,-38.182796,32.530663, Private, Some-college, Never-married, Adm-clerical, Unmarried, White, Female, United-States, <=50K
44.960266,143155.64,6.620855,796.78674,-12.6812315,44.083824, Private, Some-college, Divorced, Exec-managerial, Unmarried, White, Male, United-States, <=50K
33.587204,308728.66,9.3382635,-130.0528,23.801245,46.31963, Private, HS-grad, Married-civ-spouse, Exec-managerial, Husband, White, Male, United-States, <=50K
57.45626,185923.72,11.7178135,7049.0547,9.340436,41.16347, Private, Some-college, Divorced, Exec-managerial, Not-in-family, White, Female, United-States, <=50K
53.79221,254946.38,8.748449,-910.3973,36.06735,36.403473, Private, Some-college, Married-civ-spouse, Adm-clerical, Unmarried, White, Female, United-States, <=50K
29.815413,231216.17,10.478818,1492.8467,-8.588222,47.079433, Private, Some-college, Married-civ-spouse, Craft-repair, Husband, White, Male, United-States, <=50K
23.925024,112849.69,10.587277,280.99512,163.17645,26.518263, Private, Some-college, Never-married, Exec-managerial, Own-child, White, Female, United-States, <=50K
45.75504,156773.4,8.441457,-14.001041,-0.73601806,47.790974, Private, HS-grad, Divorced, Exec-managerial, Husband, White, Male, United-States, <=50K
58.64337,100398.55,7.6224356,-327.88068,48.242977,34.820736, Private, HS-grad, Married-civ-spouse, Other-service, Husband, White, Male, United-States, <=50K
31.925344,206833.3,6.411798,521.1839,-2.0924559,36.65368, Private, Some-college, Never-married, Adm-clerical, Not-in-family, White, Male, United-States, <=50K
31.351492,294784.9,4.716541,303.2657,77.542595,52.032284, Private, Some-college, Never-married, Adm-clerical, Not-in-family, White, Male, United-States, <=50K
21.698841,253273.6,11.548249,1880.3811,-58.063686,38.032238, Private, Bachelors, Never-married, Adm-clerical, Not-in-family, White, Female, United-States, <=50K
40.73145,345684.88,11.014076,501.77606,4.5646105,59.19861, Private, HS-grad, Married-civ-spouse, Craft-repair, Husband, White, Male, United-States, <=50K
20.651342,247224.33,6.94687,1243.6368,-49.8939,45.95823, Private, HS-grad, Never-married, Adm-clerical, Not-in-family, White, Male, United-States, <=50K
25.972538,91718.18,9.571219,1334.2666,37.94354,29.087723, Private, HS-grad, Married-civ-spouse, Other-service, Husband, White, Male, United-States, <=50K
45.90176,165038.23,13.327224,2277.9387,-67.88946,33.875988, Private, Bachelors, Married-civ-spouse, Prof-specialty, Husband, White, Male, United-States, >50K
33.236412,158835.84,6.236943,-688.16583,7.261098,41.119526, Private, Some-college, Never-married, Other-service, Not-in-family, White, Male, United-States, <=50K
55.126495,125941.72,9.318625,734.8951,184.24858,40.862316, Private, HS-grad, Married-civ-spouse, Exec-managerial, Unmarried, White, Female, United-States, <=50K
35.254036,224044.73,11.364109,157.80023,111.35414,42.301918, Private, Some-college, Never-married, Craft-repair, Not-in-family, White, Male, United-States, <=50K
24.898756,170752.02,9.230956,1197.1125,-56.3408,46.343117, Private, HS-grad, Never-married, Other-service, Not-in-family, White, Male, United-States, <=50K
66.253975,163752.08,8.204136,1560.7985,-24.098589,33.216564, Private, HS-grad, Married-civ-spouse, Craft-repair, Husband, White, Male, United-States, <=50K
37.530598,254543.25,7.36141,-759.8653,-21.521212,38.208027, Private, Some-college, Never-married, Adm-clerical, Not-in-family, White, Male, United-States, <=50K
52.478317,214902.16,7.589498,4502.952,15.887471,49.874996, Private, HS-grad, Divorced, Craft-repair, Not-in-family, White, Male, United-States, <=50K
43.283546,279088.44,13.224011,1188.948,24.239714,55.05454, Private, Bachelors, Married-civ-spouse, Exec-managerial, Husband, White, Male, United-States, >50K
31.810411,241946.67,13.080035,334.86127,45.696957,40.662315, Private, Bachelors, Never-married, Exec-managerial, Not-in-family, White, Female, United-States, <=50K
56.408382,227242.44,12.270763,2014.832,-20.789286,41.11581, Private, Bachelors, Married-civ-spouse, Prof-specialty, Husband, White, Male, United-States, <=50K
33.13228,132194.16,12.286788,577.74835,-21.814463,45.717926, Private, Bachelors, Married-civ-spouse, Exec-managerial, Husband, White, Male, United-States, >50K
50.658016,125249.82,11.081359,1816.4144,42.911858,39.232883, Private, HS-grad, Married-civ-spouse, Craft-repair, Husband, White, Male, United-States, >50K
70.21966,143178.48,3.8730578,2213.836,75.03952,37.04922, Private, HS-grad, Divorced, Other-service, Not-in-family, White, Male, United-States, <=50K
25.585602,160142.36,9.3913765,115.812004,-16.25596,37.260403, Private, HS-grad, Never-married, Other-service, Own-child, White, Female, United-States, <=50K
32.836174,20290.312,13.060706,1318.8999,244.22993,53.858063, Private, Bachelors, Married-civ-spouse, Exec-managerial, Husband, White, Female, United-States, >50K
24.813263,84425.66,10.253916,203.09607,55.566017,31.043669, Private, Some-college, Never-married, Adm-clerical, Own-child, White, Female, United-States, <=50K
25.574568,235222.16,7.3621893,-153.28436,74.66488,44.116848, Private, HS-grad, Married-civ-spouse, Other-service, Husband, White, Male, United-States, >50K
24.244003,263380.28,10.951932,2501.0005,84.87354,51.703598, Private, Bachelors, Never-married, Adm-clerical, Not-in-family, White, Male, United-States, <=50K
31.447079,176094.89,12.800269,968.4195,224.7703,42.85042, Private, Bachelors, Married-civ-spouse, Exec-managerial, Husband, White, Male, United-States, >50K
33.97302,323294.28,6.6558475,-645.62885,-6.7452345,45.997074, Private, Some-college, Never-married, Other-service, Own-child, White, Male, United-States, <=50K
43.477818,119822.55,11.7399,2059.4885,54.537846,32.003895, Private, Some-college, Divorced, Exec-managerial, Not-in-family, White, Female, United-States, <=50K
44.24522,158898.67,12.3285055,661.7981,288.3896,43.64281, Private, Bachelors, Married-civ-spouse, Exec-managerial, Husband, White, Male, United-States, >50K
29.39756,217348.34,8.624952,1424.3275,-4.062663,30.211723, Private, HS-grad, Married-civ-spouse, Other-service, Husband, White, Male, United-States, <=50K
41.21542,202075.94,8.334724,1222.8892,718.64526,42.149254, Private, HS-grad, Married-civ-spouse, Craft-repair, Husband, White, Male, United-States, <=50K
42.040073,165959.31,13.284999,6470.823,135.3507,34.869198, Private, Bachelors, Never-married, Prof-specialty, Not-in-family, White, Male, United-States, <=50K
28.972864,263990.5,10.103464,1211.7361,-13.290172,47.641796, Private, HS-grad, Never-married, Adm-clerical, Not-in-family, White, Male, United-States, <=50K
34.993313,249407.67,11.162802,1703.7592,63.682312,44.60866, Private, Bachelors, Married-civ-spouse, Exec-managerial, Husband, White, Male, United-States, >50K
32.648083,174903.73,8.939657,1390.6382,-56.320446,51.71127, Private, Some-college, Married-civ-spouse, Craft-repair, Husband, White, Male, United-States, <=50K
43.856396,139391.31,11.122771,218.02051,205.76613,49.509026, Private, HS-grad, Married-civ-spouse, Craft-repair, Husband, White, Male, United-States, <=50K
71.3554,80067.14,9.802498,8.006405,459.6272,34.680363, Private, Some-college, Divorced, Adm-clerical, Unmarried, White, Female, United-States, <=50K
52.07792,180614.72,12.426609,1696.0729,700.0112,41.731697, Private, Bachelors, Married-civ-spouse, Craft-repair, Husband, White, Male, United-States, >50K
46.42069,202937.31,10.738945,309.64343,104.06744,31.217875, Private, Some-college, Married-civ-spouse, Adm-clerical, Unmarried, White, Male, United-States, <=50K
48.424706,192717.06,5.573244,-1264.28,60.961002,35.466694, Private, HS-grad, Married-civ-spouse, Other-service, Husband, White, Female, United-States, <=50K
38.659855,154938.66,11.946481,1096.7181,13.743894,52.29321, Private, Bachelors, Married-civ-spouse, Exec-managerial, Husband, White, Male, United-States, >50K
40.20376,188669.83,9.7603445,129.17224,384.97955,43.413425, Private, Some-college, Married-civ-spouse, Craft-repair, Husband, White, Male, United-States, <=50K
41.477448,123121.375,8.689417,3079.2258,505.30264,58.757374, Private, HS-grad, Married-civ-spouse, Craft-repair, Husband, White, Male, United-States, >50K
23.941452,337336.8,11.655312,-740.30035,21.613417,42.470516, Private, Bachelors, Never-married, Craft-repair, Own-child, White, Male, United-States, <=50K
51.992653,119957.09,8.841481,1108.2032,-5.447009,46.066624, Private, HS-grad, Married-civ-spouse, Craft-repair, Husband, White, Male, United-States, <=50K
27.854433,135444.61,10.968479,-337.86664,67.639435,46.073467, Private, Bachelors, Never-married, Exec-managerial, Unmarried, White, Female, United-States, <=50K
41.87678,295095.4,9.671219,3684.4514,0.23327361,48.49112, Private, HS-grad, Married-civ-spouse, Other-service, Husband, White, Male, United-States, <=50K
28.76223,231086.64,9.802734,770.44684,-12.127543,39.57677, Private, HS-grad, Never-married, Adm-clerical, Not-in-family, White, Female, United-States, <=50K
28.74126,239932.94,11.031178,851.65576,48.592796,42.29256, Private, HS-grad, Never-married, Prof-specialty, Unmarried, White, Female, United-States, <=50K
53.235214,261708.92,11.270104,1920.2842,2.9019976,22.04482, Private, Some-college, Married-civ-spouse, Adm-clerical, Unmarried, White, Female, United-States, <=50K
36.389206,187900.47,11.970692,8182.2554,-17.424425,48.19161, Private, Bachelors, Married-civ-spouse, Exec-managerial, Husband, White, Male, United-States, >50K
43.242825,154287.3,13.619732,5582.5576,-65.30314,56.953724, Private, Bachelors, Married-civ-spouse, Prof-specialty, Husband, White, Male, United-States, >50K
30.421656,161907.06,12.212144,5147.296,-82.14492,46.529175, Private, Bachelors, Never-married, Exec-managerial, Not-in-family, White, Male, United-States, <=50K
27.493746,176692.58,9.271964,-227.54584,24.35924,34.415165, Private, Some-college, Married-civ-spouse, Exec-managerial, Unmarried, White, Female, United-States, <=50K
43.03445,127343.484,8.966176,-615.73846,38.883377,41.24714, Private, HS-grad, Married-civ-spouse, Other-service, Husband, White, Male, United-States, <=50K
36.891666,225987.36,13.721818,5037.9746,-91.60975,50.39519, Private, Bachelors, Married-civ-spouse, Prof-specialty, Husband, White, Male, United-States, >50K
34.68348,215015.17,9.667369,3600.6262,19.95127,27.128538, Private, HS-grad, Never-married, Adm-clerical, Not-in-family, White, Female, United-States, <=50K
29.549746,206529.98,9.902353,794.23486,-23.79043,40.307243, Private, HS-grad, Married-civ-spouse, Other-service, Unmarried, White, Female, United-States, <=50K
23.886332,182803.77,10.071529,574.88763,-17.331858,18.657183, Private, HS-grad, Never-married, Adm-clerical, Own-child, White, Female, United-States, <=50K
23.08081,219260.05,12.034292,2080.428,20.73548,26.336706, Private, Bachelors, Never-married, Adm-clerical, Not-in-family, White, Female, United-States, <=50K
35.09753,285920.56,7.9011536,2338.9111,-20.691263,52.133095, Private, HS-grad, Married-civ-spouse, Other-service, Husband, White, Male, United-States, <=50K
40.593628,208837.47,9.144772,-647.0821,98.48346,43.326138, Private, Some-college, Divorced, Other-service, Unmarried, White, Female, United-States, <=50K
27.219212,190656.3,8.079384,293.07025,69.10783,30.35003, Private, HS-grad, Never-married, Other-service, Own-child, White, Female, United-States, <=50K
44.327995,110285.08,7.3867693,768.3183,360.0854,40.36099, Private, HS-grad, Divorced, Adm-clerical, Unmarried, White, Female, United-States, <=50K
30.46831,208037.6,10.92316,1048.6659,17.981688,36.87167, Private, HS-grad, Never-married, Craft-repair, Not-in-family, White, Male, United-States, <=50K
41.54167,114462.74,9.441535,4199.23,4.404668,39.110676, Private, HS-grad, Never-married, Other-service, Not-in-family, White, Female, United-States, <=50K
46.911533,217439.52,8.793414,-714.5905,105.1036,40.815044, Private, Some-college, Married-civ-spouse, Craft-repair, Husband, White, Male, United-States, <=50K
29.129599,70625.63,12.738324,1712.3013,-25.086565,32.25233, Private, Bachelors, Never-married, Prof-specialty, Own-child, White, Female, United-States, <=50K
45.71894,80471.46,12.171339,3567.4937,329.9063,28.06017, Private, Bachelors, Married-civ-spouse, Prof-specialty, Husband, White, Female, United-States, <=50K
26.119795,374370.72,11.28827,5224.875,-129.14867,29.21616, Private, HS-grad, Never-married, Prof-specialty, Not-in-family, White, Female, United-States, <=50K
45.057774,189068.9,13.02166,683.59607,240.52171,31.763157, Private, Bachelors, Divorced, Adm-clerical, Not-in-family, White, Female, United-States, <=50K
52.22521,233345.98,13.314764,6152.547,388.22186,36.28231, Private, Bachelors, Married-civ-spouse, Prof-specialty, Husband, White, Male, United-States, >50K
27.13295,109155.36,8.985775,3120.561,57.36258,24.706573, Private, HS-grad, Never-married, Other-service, Own-child, White, Female, United-States, <=50K
25.701965,169856.12,9.647603,332.55035,187.85936,30.221266, Private, Some-college, Never-married, Exec-managerial, Own-child, White, Male, United-States, <=50K
45.428288,117949.984,8.835491,939.1695,414.35837,32.17073, Private, HS-grad, Never-married, Craft-repair, Not-in-family, White, Male, United-States, <=50K
42.229446,142304.25,7.5721984,1519.4141,88.638664,44.4637, Private, HS-grad, Never-married, Craft-repair, Own-child, White, Male, United-States, <=50K
52.92109,171828.98,6.8195148,2238.2458,32.0142,33.596382, Private, HS-grad, Divorced, Other-service, Unmarried, White, Female, United-States, <=50K
38.579082,166921.83,10.461202,258.2417,45.595417,50.30242, Private, HS-grad, Married-civ-spouse, Exec-managerial, Husband, White, Male, United-States, >50K
40.587265,188134.33,12.407198,12997.988,-25.858469,68.73214, Private, HS-grad, Married-civ-spouse, Prof-specialty, Husband, White, Male, United-States, >50K
38.061966,139181.58,9.891434,1755.5311,17.576315,37.910393, Private, HS-grad, Married-civ-spouse, Craft-repair, Husband, White, Male, United-States, >50K
46.99248,234753.05,10.887851,-655.72784,32.39259,58.289036, Private, HS-grad, Divorced, Exec-managerial, Not-in-family, White, Male, United-States, <=50K
29.00778,275812.16,8.776379,-235.46002,-28.717402,39.15371, Private, HS-grad, Married-civ-spouse, Other-service, Husband, White, Male, United-States, <=50K
26.848827,172327.34,10.4426,2509.8347,99.00736,44.9324, Private, Bachelors, Married-civ-spouse, Craft-repair, Husband, White, Male, United-States, <=50K
45.380154,121302.65,13.560617,2726.3286,164.03708,47.007847, Private, Bachelors, Married-civ-spouse, Exec-managerial, Husband, White, Male, United-States, >50K
49.145386,143914.6,11.516409,3694.957,196.97969,51.47845, Private, Bachelors, Married-civ-spouse, Craft-repair, Husband, White, Male, United-States, >50K
16.683535,236517.53,11.97117,1952.6191,-72.86695,32.111526, Private, Bachelors, Never-married, Exec-managerial, Own-child, White, Female, United-States, <=50K
25.60076,218557.61,10.116065,-1116.4045,89.39935,38.73886, Private, Some-college, Married-civ-spouse, Exec-managerial, Husband, White, Male, United-States, <=50K
27.574583,272107.56,9.061379,1890.8318,-43.99493,26.247578, Private, HS-grad, Never-married, Adm-clerical, Not-in-family, White, Female, United-States, <=50K
34.869568,194885.28,9.552459,722.4003,26.221884,47.232056, Private, HS-grad, Married-civ-spouse, Other-service, Husband, White, Male, United-States, <=50K
31.85154,339457.5,6.0873995,232.31061,7.7581835,43.94854, Private, Some-college, Married-civ-spouse, Craft-repair, Husband, White, Male, United-States, <=50K
33.947807,270856.53,8.52617,1401.9335,-10.852534,38.63016, Private, HS-grad, Married-civ-spouse, Other-service, Husband, White, Female, United-States, <=50K
46.649055,226920.08,7.424904,1841.2758,93.90913,42.162983, Private, HS-grad, Married-civ-spouse, Other-service, Husband, White, Male, United-States, <=50K
22.822231,242867.27,11.27103,189.91742,7.8065233,40.882103, Private, Bachelors, Never-married, Exec-managerial, Own-child, White, Male, United-States, <=50K
24.509706,242546.61,9.789449,532.0105,-83.39338,32.25403, Private, Some-college, Never-married, Adm-clerical, Not-in-family, White, Male, United-States, <=50K
22.66112,220884.23,11.764153,333.67523,117.19365,23.372143, Private, Bachelors, Never-married, Adm-clerical, Own-child, White, Female, United-States, <=50K
55.700108,258085.81,9.240605,-93.67475,52.443245,54.41774, Private, HS-grad, Married-civ-spouse, Exec-managerial, Husband, White, Male, United-States, <=50K
52.765705,246893.72,7.9576817,4548.9604,31.47386,34.101173, Private, HS-grad, Divorced, Other-service, Not-in-family, White, Female, United-States, <=50K
37.21838,86220.375,9.778019,969.9204,15.307141,44.421604, Private, HS-grad, Married-civ-spouse, Other-service, Husband, White, Male, United-States, >50K
51.07663,113100.39,6.7236304,1244.5863,56.49449,49.263546, Private, HS-grad, Divorced, Other-service, Unmarried, White, Female, United-States, <=50K
37.268456,79454.97,14.134742,7943.693,317.34564,43.413208, Private, Bachelors, Married-civ-spouse, Prof-specialty, Husband, White, Male, United-States, >50K
42.65461,187833.67,8.635502,-911.5617,-26.220675,42.966034, Private, Some-college, Married-civ-spouse, Exec-managerial, Husband, White, Male, United-States, <=50K
21.839321,153926.8,9.808277,-363.11298,6.905301,31.127771, Private, Some-college, Never-married, Adm-clerical, Not-in-family, White, Female, United-States, <=50K
33.141476,257682.38,11.344568,-1401.2424,588.2395,27.64309, Private, Some-college, Never-married, Adm-clerical, Unmarried, White, Female, United-States, <=50K
40.31701,116428.42,10.893215,1209.6173,42.711147,50.076733, Private, Some-college, Married-civ-spouse, Craft-repair, Husband, White, Male, United-States, >50K
51.273598,175963.11,5.726096,3351.794,93.64258,39.212784, Private, HS-grad, Married-civ-spouse, Other-service, Husband, White, Male, United-States, <=50K
43.145634,213123.69,13.738655,6128.675,-103.25826,65.7239, Private, Bachelors, Married-civ-spouse, Prof-specialty, Husband, White, Male, United-States, >50K
43.43385,284210.75,9.47811,-435.2237,0.28617585,38.611664, Private, Some-college, Married-civ-spouse, Exec-managerial, Husband, White, Male, United-States, >50K
35.4628,174275.89,12.761603,2713.2292,-7.36642,48.219204, Private, Bachelors, Married-civ-spouse, Exec-managerial, Husband, White, Male, United-States, >50K
47.870758,196654.6,13.732528,3114.2898,-15.079738,51.254845, Private, Bachelors, Married-civ-spouse, Prof-specialty, Husband, White, Male, United-States, >50K
29.382412,350905.16,8.832912,-690.77203,-80.90836,23.86501, Private, Some-college, Never-married, Adm-clerical, Own-child, White, Female, United-States, <=50K
61.183487,350898.03,10.074157,254.95758,-23.741152,40.66933, Private, HS-grad, Married-civ-spouse, Exec-managerial, Husband, White, Male, United-States, <=50K
26.205673,225144.11,9.649588,608.85944,125.81151,30.78225, Private, Some-college, Never-married, Adm-clerical, Not-in-family, White, Male, United-States, <=50K
26.12606,319438.97,10.945964,7.7647057,32.197556,46.831623, Private, Some-college, Never-married, Exec-managerial, Not-in-family, White, Male, United-States, <=50K
32.718502,211367.83,10.494157,60.702877,17.675192,43.811134, Private, HS-grad, Married-civ-spouse, Exec-managerial, Husband, White, Male, United-States, >50K
85.19444,101077.3,8.162989,1031.7592,-16.741983,27.474035, Private, HS-grad, Married-civ-spouse, Sales, Husband, White, Male, United-States, <=50K
27.214504,42473.08,10.17017,1242.8993,157.58209,44.22556, Private, HS-grad, Married-civ-spouse, Craft-repair, Husband, White, Male, United-States, <=50K
30.507895,153437.5,9.417362,583.4298,-65.26469,47.86558, Private, Some-college, Never-married, Craft-repair, Own-child, White, Male, United-States, <=50K
58.947052,103675.56,13.7078905,5651.3857,20.385115,35.4574, Private, Bachelors, Married-civ-spouse, Prof-specialty, Husband, White, Male, United-States, >50K
30.604572,217798.78,9.417706,244.58417,77.58497,49.219658, Private, HS-grad, Married-civ-spouse, Craft-repair, Husband, White, Male, United-States, <=50K
32.349396,97046.26,9.804838,345.4818,67.4715,44.907368, Private, HS-grad, Never-married, Other-service, Husband, White, Male, United-States, <=50K
39.646214,155878.7,10.287514,301.54242,-18.385294,52.37133, Private, HS-grad, Married-civ-spouse, Craft-repair, Husband, White, Male, United-States, <=50K
27.851978,235549.12,10.612498,812.79193,-77.11829,47.87012, Private, Bachelors, Never-married, Exec-managerial, Not-in-family, White, Male, United-States, <=50K
46.58602,217325.25,11.947786,1586.1345,115.68355,26.228216, Private, Bachelors, Married-civ-spouse, Craft-repair, Husband, White, Male, United-States, <=50K
26.366602,145201.03,9.390234,-720.7065,-12.837451,40.070168, Private, Some-college, Never-married, Exec-managerial, Own-child, White, Male, United-States, <=50K
24.0189,479459.94,6.6263537,348.81348,-3.4076948,31.28749, Private, HS-grad, Never-married, Other-service, Own-child, White, Female, United-States, <=50K
35.99262,264723.2,9.85854,236.16571,139.9574,51.083736, Private, HS-grad, Married-civ-spouse, Craft-repair, Husband, White, Male, United-States, <=50K
44.206818,201067.28,7.3224792,1761.9402,-9.847568,50.33668, Private, Some-college, Married-civ-spouse, Craft-repair, Husband, White, Male, United-States, >50K
35.147057,161288.0,11.833023,1418.374,17.08866,41.472496, Private, Bachelors, Never-married, Prof-specialty, Not-in-family, White, Male, United-States, <=50K
26.115454,223700.73,12.81381,-1628.7454,131.60023,30.515263, Private, Bachelors, Never-married, Exec-managerial, Not-in-family, White, Female, United-States, <=50K
52.41242,160703.16,9.283653,1441.1455,25.711657,44.158894, Private, HS-grad, Divorced, Other-service, Unmarried, White, Female, United-States, <=50K
38.160408,125258.336,12.804697,1925.0317,54.68854,42.990025, Private, Bachelors, Divorced, Exec-managerial, Unmarried, White, Female, United-States, >50K
42.17073,100739.05,10.65293,1039.2123,39.709145,63.167492, Private, HS-grad, Divorced, Craft-repair, Not-in-family, White, Male, United-States, <=50K
26.85269,247291.48,10.758658,556.9184,102.57894,36.17446, Private, Bachelors, Never-married, Exec-managerial, Own-child, White, Female, United-States, <=50K
37.766537,209546.55,3.9726448,634.1232,-8.5326185,44.624916, Private, HS-grad, Never-married, Craft-repair, Own-child, White, Male, United-States, <=50K
42.32499,162968.1,6.993548,1355.1576,-47.622646,47.814766, Private, Some-college, Married-civ-spouse, Craft-repair, Husband, White, Male, United-States, <=50K
22.333675,201822.83,9.871409,-504.84186,65.452415,34.389034, Private, Some-college, Never-married, Adm-clerical, Not-in-family, White, Female, United-States, <=50K
35.71645,129887.484,12.710422,3251.819,-7.0351896,43.5027, Private, Bachelors, Married-civ-spouse, Prof-specialty, Husband, White, Male, United-States, >50K
28.647148,302821.3,8.392397,234.6604,-3.5220747,33.434093, Private, HS-grad, Never-married, Adm-clerical, Unmarried, White, Female, United-States, <=50K
30.732561,190400.58,10.251544,743.9042,0.1808139,32.05754, Private, Some-college, Never-married, Adm-clerical, Not-in-family, White, Female, United-States, <=50K
39.682476,147486.61,8.912001,186.21735,155.70755,47.096786, Private, Some-college, Married-civ-spouse, Adm-clerical, Unmarried, White, Female, United-States, <=50K
57.220093,113029.234,10.983838,4690.3047,771.5662,55.790897, Private, HS-grad, Married-civ-spouse, Prof-specialty, Husband, White, Male, United-States, >50K
28.49499,245737.16,11.023465,300.49487,-8.852977,31.417461, Private, Bachelors, Never-married, Other-service, Own-child, White, Male, United-States, <=50K
39.58596,49256.203,10.816537,1144.0027,2.914319,29.267181, Private, HS-grad, Divorced, Other-service, Unmarried, White, Female, United-States, <=50K
37.02279,194286.19,12.110762,625.55334,43.2063,54.22015, Private, Bachelors, Married-civ-spouse, Exec-managerial, Husband, White, Male, United-States, >50K
38.946423,157992.25,9.792628,-113.18574,-0.71340454,34.017414, Private, Some-college, Married-civ-spouse, Sales, Husband, White, Female, United-States, <=50K
26.395054,209706.67,9.125169,-601.58405,-19.756983,34.839874, Private, HS-grad, Never-married, Other-service, Own-child, White, Female, United-States, <=50K
49.885277,161174.31,12.797136,-251.24567,503.7737,38.89321, Private, Bachelors, Married-civ-spouse, Prof-specialty, Husband, White, Female, United-States, >50K
48.2615,169141.84,10.337766,3497.4966,88.13251,45.26694, Private, HS-grad, Married-civ-spouse, Prof-specialty, Husband, White, Male, United-States, >50K
48.11466,190962.3,10.423376,319.21393,14.565625,36.28862, Private, HS-grad, Married-civ-spouse, Exec-managerial, Husband, White, Male, United-States, <=50K
50.633316,297677.4,11.730436,1406.6184,-13.046199,45.072704, Private, Some-college, Married-civ-spouse, Craft-repair, Husband, White, Male, United-States, <=50K
41.93891,382523.38,12.727853,5432.7153,104.80316,38.13981, Private, Bachelors, Married-civ-spouse, Prof-specialty, Husband, White, Male, United-States, >50K
54.188206,165177.75,7.4657884,-1560.906,78.94195,44.92145, Private, HS-grad, Divorced, Exec-managerial, Unmarried, White, Female, United-States, <=50K
46.259655,198889.58,6.577889,-228.69989,67.2807,37.7768, Private, HS-grad, Married-civ-spouse, Craft-repair, Husband, White, Male, United-States, <=50K
27.23328,165852.53,10.509385,792.80365,-64.59159,33.287724, Private, Some-college, Never-married, Adm-clerical, Not-in-family, White, Female, United-States, <=50K
11.223983,249318.9,11.912656,1.0197103,18.932028,31.056032, Private, Bachelors, Never-married, Prof-specialty, Own-child, White, Male, United-States, <=50K
38.36853,165932.55,9.122965,4315.789,-19.109392,45.853413, Private, Some-college, Married-civ-spouse, Exec-managerial, Husband, White, Male, United-States, >50K
63.35966,179665.23,6.288688,3537.7832,24.573542,45.721363, Private, HS-grad, Married-civ-spouse, Exec-managerial, Husband, White, Male, United-States, >50K
43.53173,141259.73,8.479047,807.96375,90.21239,40.908054, Private, HS-grad, Divorced, Other-service, Unmarried, White, Female, United-States, <=50K
22.832672,178173.39,11.266762,275.97925,-23.893396,40.837437, Private, Bachelors, Never-married, Sales, Own-child, White, Male, United-States, <=50K
41.13459,201894.56,6.875329,1642.4363,29.20796,25.014965, Private, HS-grad, Never-married, Other-service, Not-in-family, White, Female, United-States, <=50K
24.75747,142336.75,9.479597,959.2741,-15.710162,44.44437, Private, HS-grad, Never-married, Exec-managerial, Own-child, White, Male, United-States, <=50K
42.860497,293424.88,11.241396,956.6505,95.242836,46.13566, Private, HS-grad, Married-civ-spouse, Prof-specialty, Husband, White, Male, United-States, >50K
49.874813,37570.75,11.714453,3588.1406,448.2081,43.551586, Private, Bachelors, Divorced, Craft-repair, Not-in-family, White, Male, United-States, <=50K
69.621445,245122.89,11.184603,4070.3682,134.1673,42.546036, Private, HS-grad, Married-civ-spouse, Prof-specialty, Husband, White, Male, United-States, >50K
47.418747,174622.56,10.521871,2324.0637,71.4319,30.954994, Private, Some-college, Married-civ-spouse, Prof-specialty, Husband, White, Male, United-States, <=50K
57.194572,121947.586,10.208435,2541.7222,7.684827,53.50867, Private, HS-grad, Married-civ-spouse, Exec-managerial, Husband, White, Male, United-States, >50K
27.667437,134664.86,11.479375,-337.1872,-38.291233,37.35048, Private, Some-college, Never-married, Exec-managerial, Own-child, White, Male, United-States, <=50K
51.863323,83201.44,9.775346,5774.741,339.8441,49.142506, Private, HS-grad, Married-civ-spouse, Exec-managerial, Husband, White, Female, United-States, >50K
30.41945,147415.86,7.3173184,503.7647,-20.852777,46.12653, Private, Some-college, Never-married, Craft-repair, Own-child, White, Male, United-States, <=50K
28.425816,241121.66,8.428516,-542.6307,516.182,53.84901, Private, HS-grad, Never-married, Craft-repair, Not-in-family, White, Male, United-States, <=50K
41.739666,139341.88,13.166196,2324.0789,19.653189,39.21538, Private, Bachelors, Married-civ-spouse, Prof-specialty, Husband, White, Male, United-States, <=50K
39.164677,46866.28,9.913678,440.92273,7.14742,41.705418, Private, HS-grad, Married-civ-spouse, Other-service, Husband, White, Male, United-States, <=50K
34.526257,183698.97,13.668171,2493.6968,-54.20393,61.050095, Private, Bachelors, Married-civ-spouse, Prof-specialty, Husband, White, Male, United-States, <=50K
21.762196,201388.69,11.558497,-1018.83344,2.0199404,35.14691, Private, Some-college, Never-married, Sales, Own-child, White, Female, United-States, <=50K
26.112303,305467.06,12.989622,362.2744,215.03609,44.038326, Private, Bachelors, Never-married, Exec-managerial, Own-child, White, Male, United-States, <=50K
43.302246,187823.73,8.427803,392.76904,-47.392284,41.06702, Private, Some-college, Divorced, Exec-managerial, Not-in-family, White, Female, United-States, <=50K
48.608093,99503.68,12.063507,1435.8854,378.55383,47.053005, Private, Some-college, Married-civ-spouse, Exec-managerial, Husband, White, Male, United-States, <=50K
42.82064,50571.156,11.657251,4789.3604,1031.934,34.593975, Private, HS-grad, Divorced, Exec-managerial, Not-in-family, White, Female, United-States, <=50K
40.39748,106608.4,10.5978365,1577.1224,498.34775,47.40821, Private, Some-college, Married-civ-spouse, Craft-repair, Husband, White, Male, United-States, >50K
35.571663,89915.48,10.506925,4124.1733,-30.02363,47.04697, Private, HS-grad, Divorced, Adm-clerical, Not-in-family, White, Male, United-States, <=50K
32.759117,184270.4,9.192899,2093.9558,32.520054,53.276867, Private, Some-college, Married-civ-spouse, Craft-repair, Husband, White, Male, United-States, >50K
55.016785,132755.39,13.860933,1391.1696,714.3099,46.477783, Private, Bachelors, Married-civ-spouse, Exec-managerial, Husband, White, Male, United-States, <=50K
48.060516,139709.03,14.384825,5413.0264,-3.5803022,55.47036, Private, Bachelors, Married-civ-spouse, Prof-specialty, Husband, White, Male, United-States, >50K
39.610497,241904.5,6.928233,1634.0443,158.39261,50.95613, Private, HS-grad, Married-civ-spouse, Adm-clerical, Husband, White, Male, United-States, >50K
41.783993,60597.586,12.129843,3394.286,-22.966806,49.106567, Private, HS-grad, Married-civ-spouse, Prof-specialty, Husband, White, Male, United-States, >50K
41.433266,275686.88,7.431856,515.3141,7.248227,42.90454, Private, HS-grad, Divorced, Other-service, Unmarried, White, Female, United-States, <=50K
27.851566,82334.64,11.054251,950.2003,15.321767,47.199158, Private, HS-grad, Married-civ-spouse, Craft-repair, Husband, White, Male, United-States, <=50K
37.49134,73198.336,11.172016,2623.3728,-31.514719,42.875828, Private, HS-grad, Married-civ-spouse, Prof-specialty, Husband, White, Female, United-States, <=50K
41.84729,289834.66,5.216428,-632.7734,-8.05807,41.668762, Private, Some-college, Married-civ-spouse, Other-service, Husband, White, Male, United-States, <=50K
42.846485,214001.27,12.921888,1544.5509,75.769165,43.460117, Private, HS-grad, Divorced, Prof-specialty, Not-in-family, White, Female, United-States, <=50K
41.597145,163345.36,7.87597,1137.9531,157.54326,33.59986, Private, Some-college, Never-married, Craft-repair, Husband, White, Male, United-States, <=50K
34.63182,79976.76,9.712416,6169.7036,-47.981045,32.505566, Private, HS-grad, Married-civ-spouse, Other-service, Husband, White, Male, United-States, >50K
32.206036,182496.47,7.6819735,-1197.8721,189.24559,46.014862, Private, Some-college, Never-married, Adm-clerical, Own-child, White, Female, United-States, <=50K
44.38711,241130.02,12.041612,167.6731,-28.818125,42.943565, Private, Some-college, Married-civ-spouse, Exec-managerial, Husband, White, Male, United-States, >50K
28.395067,177754.38,9.432122,-173.9505,9.746015,23.749744, Private, Some-college, Never-married, Exec-managerial, Unmarried, White, Female, United-States, <=50K
16.419657,234291.52,8.768485,2019.4757,-76.864815,21.402811, Private, HS-grad, Never-married, Adm-clerical, Own-child, White, Female, United-States, <=50K
46.190075,167804.48,8.73482,897.34705,27.003504,47.370464, Private, Some-college, Married-civ-spouse, Craft-repair, Husband, White, Male, United-States, <=50K
49.68586,147849.84,13.5385475,1520.835,953.5847,44.159813, Private, Bachelors, Married-civ-spouse, Prof-specialty, Husband, White, Male, United-States, >50K
30.18549,313242.53,8.691167,948.6914,-16.849054,43.724873, Private, HS-grad, Married-civ-spouse, Craft-repair, Husband, White, Male, United-States, <=50K
32.17872,285401.47,11.862316,1724.3143,11.858571,32.637745, Private, Bachelors, Married-civ-spouse, Exec-managerial, Husband, White, Male, United-States, <=50K
27.527143,194621.89,13.521253,969.928,251.31624,38.801693, Private, Bachelors, Married-civ-spouse, Prof-specialty, Husband, White, Male, United-States, <=50K
27.881973,137567.19,12.96864,-77.90229,80.07351,41.690487, Private, Bachelors, Never-married, Exec-managerial, Not-in-family, White, Male, United-States, <=50K
53.723076,217453.62,8.219671,2698.1477,52.9097,41.000763, Private, HS-grad, Married-civ-spouse, Other-service, Husband, White, Male, United-States, <=50K
51.704388,206473.94,7.904704,1566.7993,38.339336,45.47341, Private, Some-college, Married-civ-spouse, Exec-managerial, Husband, White, Male, United-States, >50K
53.970703,221072.19,11.2593775,2141.52,22.427183,52.554825, Private, Some-college, Married-civ-spouse, Exec-managerial, Husband, White, Male, United-States, >50K
32.060993,179601.62,13.247487,548.47876,700.1781,35.263557, Private, Bachelors, Never-married, Adm-clerical, Own-child, White, Female, United-States, <=50K
33.990135,194189.39,8.723555,668.4936,5.2021914,39.702152, Private, HS-grad, Never-married, Other-service, Own-child, White, Male, United-States, <=50K
24.72846,155514.67,11.957211,792.7499,16.919683,38.403286, Private, Bachelors, Married-civ-spouse, Exec-managerial, Husband, White, Male, United-States, >50K
32.85384,60574.78,9.237653,-1023.2492,-10.717738,33.36379, Private, Some-college, Never-married, Adm-clerical, Unmarried, White, Female, United-States, <=50K
44.659943,168956.75,9.491369,383.9499,103.79939,51.55625, Private, HS-grad, Married-civ-spouse, Craft-repair, Husband, White, Male, United-States, <=50K
47.343357,218240.44,11.814527,1025.1174,735.15326,56.86677, Private, HS-grad, Married-civ-spouse, Exec-managerial, Husband, White, Female, United-States, >50K
49.547737,127890.69,6.961016,2783.4553,327.60864,69.51544, Private, HS-grad, Married-civ-spouse, Craft-repair, Husband, White, Male, United-States, >50K
29.398998,214896.27,8.210768,613.4963,51.270157,26.477398, Private, HS-grad, Never-married, Adm-clerical, Not-in-family, White, Male, United-States, <=50K
32.507202,175730.75,11.582621,1415.4546,116.719475,36.796635, Private, HS-grad, Never-married, Craft-repair, Own-child, White, Male, United-States, <=50K
33.4841,229168.33,6.1839814,-415.94672,53.044807,39.215267, Private, HS-grad, Never-married, Other-service, Husband, White, Male, United-States, <=50K
43.867878,178821.86,10.485429,-355.86493,156.28107,32.65005, Private, HS-grad, Married-civ-spouse, Exec-managerial, Husband, White, Male, United-States, >50K
45.825314,237730.47,9.478183,2633.6267,18.300123,44.52806, Private, HS-grad, Divorced, Exec-managerial, Unmarried, White, Male, United-States, >50K
58.283894,315753.62,4.1360555,1773.5292,-0.5119275,41.815617, Private, HS-grad, Married-civ-spouse, Craft-repair, Husband, White, Male, United-States, <=50K
40.21778,105559.66,11.321654,1893.2737,35.933113,50.632153, Private, Bachelors, Married-civ-spouse, Craft-repair, Husband, White, Male, United-States, <=50K
59.48692,227656.75,8.865647,547.83215,111.41321,40.333767, Private, Some-college, Married-civ-spouse, Craft-repair, Husband, White, Male, United-States, >50K
41.048214,183726.39,11.288371,346.52155,55.609974,57.516182, Private, Some-college, Never-married, Craft-repair, Not-in-family, White, Male, United-States, <=50K
41.779495,308994.56,10.2533455,3637.7446,387.92072,54.631176, Private, HS-grad, Married-civ-spouse, Craft-repair, Husband, White, Male, United-States, >50K
29.98983,159577.84,10.1355505,401.883,-29.766657,47.705547, Private, Some-college, Married-civ-spouse, Craft-repair, Own-child, White, Male, United-States, <=50K
40.339127,198234.48,9.666267,3483.2927,58.22764,51.41251, Private, HS-grad, Married-civ-spouse, Exec-managerial, Husband, White, Male, United-States, >50K
47.799957,263443.6,12.540735,7023.9536,-59.616924,35.345646, Private, Bachelors, Divorced, Prof-specialty, Not-in-family, White, Female, United-States, <=50K
46.80943,181708.89,7.7002754,302.3523,23.910238,55.075974, Private, HS-grad, Married-civ-spouse, Craft-repair, Husband, White, Male, United-States, <=50K
48.80687,124797.12,7.113675,2632.1458,-49.57226,38.142815, Private, HS-grad, Never-married, Other-service, Own-child, White, Male, United-States, <=50K
45.801647,134524.31,11.551561,1814.2855,1.8682452,49.13876, Private, HS-grad, Married-civ-spouse, Prof-specialty, Husband, White, Male, United-States, >50K
43.758667,168265.02,8.574366,1854.6869,-29.918879,34.842888, Private, HS-grad, Divorced, Adm-clerical, Unmarried, White, Female, United-States, <=50K
38.083897,101553.06,9.511317,-724.9191,31.58113,29.144041, Private, HS-grad, Divorced, Other-service, Unmarried, White, Female, United-States, <=50K
26.05918,282823.38,8.723397,-466.26666,15.128041,40.785343, Private, Some-college, Never-married, Other-service, Own-child, White, Male, United-States, <=50K
41.139156,150197.17,13.937672,5967.237,12.310895,52.356663, Private, Bachelors, Never-married, Prof-specialty, Not-in-family, White, Male, United-States, >50K
62.34941,104544.18,10.450793,2512.7217,70.67083,46.198643, Private, HS-grad, Married-civ-spouse, Exec-managerial, Husband, White, Female, United-States, >50K
30.547874,390020.75,7.2690945,452.19873,-30.337572,36.899338, Private, HS-grad, Never-married, Other-service, Own-child, White, Male, United-States, <=50K
29.217302,233587.58,6.304851,-313.62238,9.506787,41.26851, Private, Some-college, Married-civ-spouse, Other-service, Husband, White, Male, United-States, <=50K
22.824497,135108.05,12.154265,1302.9061,165.92865,30.455996, Private, Bachelors, Never-married, Prof-specialty, Not-in-family, White, Female, United-States, <=50K
44.61986,146789.5,8.640241,1349.8077,121.92009,40.013878, Private, HS-grad, Married-civ-spouse, Craft-repair, Husband, White, Male, United-States, <=50K
30.358192,364326.53,6.595799,1089.1674,-6.9168043,42.093773, Private, Some-college, Married-civ-spouse, Other-service, Husband, White, Male, United-States, <=50K
26.696407,279200.56,10.330785,-21.12238,-4.014407,46.111168, Private, Some-college, Married-civ-spouse, Craft-repair, Husband, White, Male, United-States, <=50K
23.562828,219203.72,9.304941,-109.881294,139.46002,46.432755, Private, HS-grad, Married-civ-spouse, Craft-repair, Own-child, White, Male, United-States, <=50K
47.432003,129442.69,8.085557,939.0913,667.2824,33.520782, Private, Some-college, Married-civ-spouse, Exec-managerial, Husband, White, Male, United-States, >50K
53.35388,149042.73,11.687088,7448.342,15.495336,41.194416, Private, Bachelors, Married-civ-spouse, Exec-managerial, Unmarried, White, Female, United-States, >50K
34.633423,149088.53,10.041327,1026.7455,-40.054493,46.79207, Private, Some-college, Never-married, Craft-repair, Own-child, White, Male, United-States, <=50K
43.511368,178810.44,14.203847,4868.6104,195.99245,20.190203, Private, Bachelors, Married-civ-spouse, Prof-specialty, Unmarried, White, Female, United-States, >50K
28.9468,80063.445,13.7169285,1432.1655,93.962906,58.36031, Private, Bachelors, Never-married, Exec-managerial, Not-in-family, White, Male, United-States, <=50K
29.546246,168364.22,6.5346565,463.49646,39.779083,45.05889, Private, HS-grad, Never-married, Other-service, Not-in-family, White, Male, United-States, <=50K
20.144855,347054.78,7.2616262,-44.662052,-4.050418,33.84884, Private, HS-grad, Never-married, Other-service, Own-child, White, Female, United-States, <=50K
31.673012,312851.9,6.545461,-1531.7146,102.823906,50.596416, Private, Some-college, Never-married, Adm-clerical, Own-child, White, Male, United-States, <=50K
36.05848,294185.16,7.6333427,-221.69159,-50.769665,43.628696, Private, Some-college, Married-civ-spouse, Exec-managerial, Husband, White, Male, United-States, <=50K
40.242725,95771.2,9.282372,1556.8972,-23.021433,33.324963, Private, Some-college, Never-married, Craft-repair, Own-child, White, Male, United-States, <=50K
59.64155,132721.53,10.274035,669.87286,95.17985,37.47688, Private, Some-college, Divorced, Adm-clerical, Not-in-family, White, Female, United-States, <=50K
27.334745,331715.38,11.788422,1755.4725,21.944883,38.969425, Private, Bachelors, Married-civ-spouse, Prof-specialty, Husband, White, Male, United-States, <=50K
67.64743,156899.42,8.121417,1980.1273,47.046127,47.903244, Private, HS-grad, Married-civ-spouse, Craft-repair, Husband, White, Male, United-States, <=50K
44.195625,283127.2,8.177325,15.814022,46.582806,44.838055, Private, Some-college, Married-civ-spouse, Craft-repair, Husband, White, Male, United-States, >50K
26.445717,258405.7,11.687449,-663.3703,282.58786,39.349655, Private, Bachelors, Never-married, Adm-clerical, Unmarried, White, Female, United-States, <=50K
27.821772,304191.1,10.599392,952.547,-30.996752,30.841196, Private, Bachelors, Never-married, Adm-clerical, Own-child, White, Female, United-States, <=50K
49.515106,223084.64,9.629071,1959.2544,-48.547985,41.677464, Private, Some-college, Married-civ-spouse, Exec-managerial, Husband, White, Male, United-States, >50K
42.11359,225269.11,11.10296,5944.9,168.69972,50.516468, Private, HS-grad, Divorced, Adm-clerical, Not-in-family, White, Female, United-States, <=50K
47.269917,217440.94,9.629873,933.44635,236.09724,53.167057, Private, HS-grad, Divorced, Craft-repair, Not-in-family, White, Male, United-States, <=50K
28.119064,212903.08,10.4352255,981.7599,91.02997,30.874369, Private, HS-grad, Married-civ-spouse, Prof-specialty, Husband, White, Female, United-States, >50K
38.507256,336749.47,5.6811447,4089.4438,17.566488,32.86388, Private, HS-grad, Divorced, Other-service, Unmarried, White, Female, United-States, <=50K
28.107697,248654.45,7.4135094,879.7614,3.7730684,42.728306, Private, HS-grad, Married-civ-spouse, Other-service, Own-child, White, Male, United-States, <=50K
25.453821,419240.0,9.791274,82.14782,12.845197,47.018665, Private, HS-grad, Never-married, Craft-repair, Not-in-family, White, Male, United-States, <=50K
38.95352,167291.06,11.068585,280.0224,243.63092,65.076355, Private, Bachelors, Married-civ-spouse, Exec-managerial, Not-in-family, White, Male, United-States, <=50K
40.57874,261321.84,10.2969055,714.7949,407.70944,60.620876, Private, Some-college, Never-married, Adm-clerical, Not-in-family, White, Male, United-States, <=50K
62.210438,139171.19,8.31103,3797.9863,14.82491,34.55119, Private, HS-grad, Divorced, Other-service, Not-in-family, White, Male, United-States, <=50K
39.889374,192168.11,9.110877,1250.958,171.617,49.036385, Private, HS-grad, Divorced, Craft-repair, Not-in-family, White, Male, United-States, <=50K
47.957447,122007.945,12.004159,2323.0908,50.927452,47.055973, Private, Bachelors, Married-civ-spouse, Prof-specialty, Husband, White, Male, United-States, >50K
29.228271,236902.03,7.4302087,1466.7556,-10.313289,47.83804, Private, HS-grad, Never-married, Craft-repair, Own-child, White, Male, United-States, <=50K
59.70486,52324.547,9.712586,4063.5508,10.614118,30.6594, Private, HS-grad, Married-civ-spouse, Prof-specialty, Husband, White, Male, United-States, >50K
51.50961,81854.2,8.887831,2252.0837,279.29562,48.774548, Private, Some-college, Divorced, Exec-managerial, Husband, White, Male, United-States, <=50K
25.16836,158380.11,10.717847,3777.7766,-80.29194,32.299904, Private, HS-grad, Never-married, Adm-clerical, Not-in-family, White, Female, United-States, <=50K
32.66693,158941.08,10.936527,-197.34625,255.14272,67.995804, Private, HS-grad, Married-civ-spouse, Craft-repair, Husband, White, Male, United-States, <=50K
33.6747,121727.34,13.808818,8698.355,-58.82649,50.221043, Private, Bachelors, Never-married, Prof-specialty, Husband, White, Female, United-States, >50K
30.712175,149705.56,9.589753,804.5112,9.799016,33.68685, Private, Some-college, Married-civ-spouse, Other-service, Husband, White, Male, United-States, <=50K
36.392582,201122.2,10.151744,1344.8884,115.90338,53.192257, Private, HS-grad, Never-married, Adm-clerical, Not-in-family, White, Male, United-States, <=50K
31.898272,83956.61,10.88571,-1432.1677,202.70477,36.140884, Private, Some-college, Married-civ-spouse, Exec-managerial, Unmarried, White, Female, United-States, <=50K
17.651175,300877.62,10.407315,1759.3556,75.484024,33.328636, Private, HS-grad, Never-married, Adm-clerical, Own-child, White, Female, United-States, <=50K
39.348976,140778.14,10.846133,18.330624,158.36324,41.432976, Private, Some-college, Divorced, Adm-clerical, Unmarried, White, Female, United-States, <=50K
54.877407,239790.62,15.032513,8816.806,35.580704,39.647015, Private, Bachelors, Married-civ-spouse, Prof-specialty, Husband, White, Male, United-States, >50K
44.653515,201843.12,8.907108,2290.2708,-35.344395,27.027033, Private, Some-college, Married-civ-spouse, Sales, Husband, White, Male, United-States, <=50K
33.43961,166530.62,9.624178,893.555,-12.213229,42.536068, Private, Some-college, Never-married, Adm-clerical, Own-child, White, Male, United-States, <=50K
40.95531,232753.52,9.137032,-117.08027,330.44073,54.08327, Private, HS-grad, Married-civ-spouse, Exec-managerial, Husband, White, Male, United-States, >50K
59.047165,213951.3,13.547438,3975.3975,-58.37791,33.152092, Private, Bachelors, Married-civ-spouse, Prof-specialty, Husband, White, Male, United-States, >50K
18.294994,210191.7,9.016045,-1600.9419,108.41631,20.424223, Private, Some-college, Never-married, Adm-clerical, Own-child, White, Female, United-States, <=50K
24.160915,341275.06,7.610901,717.7582,-35.359905,33.08025, Private, HS-grad, Never-married, Other-service, Own-child, White, Female, United-States, <=50K
39.449066,119581.68,6.622879,5063.0034,9.562467,29.971954, Private, HS-grad, Never-married, Other-service, Not-in-family, White, Male, United-States, <=50K
41.947086,302168.5,7.733312,322.46863,25.564726,35.23996, Private, Some-college, Never-married, Craft-repair, Not-in-family, White, Male, United-States, <=50K
39.26723,158867.48,10.639469,123.37414,32.002403,45.608704, Private, Some-college, Married-civ-spouse, Exec-managerial, Husband, White, Male, United-States, <=50K
38.67992,171609.38,4.973652,-590.8195,-14.031154,38.69396, Private, HS-grad, Married-civ-spouse, Other-service, Own-child, White, Male, United-States, <=50K
46.052547,246699.5,10.307855,10251.433,-6.3532515,54.539204, Private, HS-grad, Married-civ-spouse, Craft-repair, Husband, White, Male, United-States, >50K
33.88371,149009.5,9.442374,1777.1315,49.4506,40.424847, Private, Some-college, Never-married, Craft-repair, Not-in-family, White, Male, United-States, <=50K
32.793465,294280.0,9.243422,4914.675,-78.12513,36.29174, Private, HS-grad, Never-married, Other-service, Not-in-family, White, Male, United-States, <=50K
32.28321,167233.84,11.41632,3078.0095,-113.580925,69.55573, Private, HS-grad, Married-civ-spouse, Exec-managerial, Husband, White, Male, United-States, >50K
19.270145,170260.39,9.21715,340.5608,13.437314,37.89985, Private, Bachelors, Never-married, Other-service, Own-child, White, Male, United-States, <=50K
54.95683,202483.25,7.469493,455.92035,866.8728,46.826344, Private, HS-grad, Married-civ-spouse, Craft-repair, Husband, White, Male, United-States, <=50K
37.503223,257932.86,13.4038725,-590.14935,597.0183,35.981106, Private, Bachelors, Married-civ-spouse, Exec-managerial, Husband, White, Male, United-States, <=50K
58.12139,153779.3,8.63256,2649.7,183.96527,53.261887, Private, HS-grad, Married-civ-spouse, Craft-repair, Husband, White, Male, United-States, >50K
37.295536,188245.3,10.171495,470.36865,77.59098,50.963306, Private, HS-grad, Never-married, Craft-repair, Not-in-family, White, Male, United-States, <=50K
25.532057,281414.25,12.207886,2226.0122,-11.888545,38.415874, Private, Bachelors, Married-civ-spouse, Exec-managerial, Husband, White, Male, United-States, >50K
40.96249,211051.3,6.469974,2788.8848,37.43152,31.70938, Private, HS-grad, Never-married, Other-service, Not-in-family, White, Male, United-States, <=50K
69.817894,217433.47,7.397126,2674.8125,2.2002077,52.44719, Private, HS-grad, Married-civ-spouse, Other-service, Husband, White, Male, United-States, >50K
34.6573,83382.75,10.431855,4577.7964,9.548589,45.56598, Private, Some-college, Never-married, Exec-managerial, Not-in-family, White, Female, United-States, <=50K
37.603127,60584.53,13.898537,1698.7698,413.00653,47.70804, Private, Bachelors, Never-married, Prof-specialty, Not-in-family, White, Male, United-States, >50K
64.18105,287467.97,9.488188,734.4038,27.028856,38.65115, Private, HS-grad, Married-civ-spouse, Craft-repair, Husband, White, Male, United-States, <=50K
34.089592,375285.1,8.632115,506.64618,52.48031,44.12944, Private, HS-grad, Married-civ-spouse, Exec-managerial, Unmarried, White, Female, United-States, <=50K
35.819263,266864.4,9.695803,614.398,-25.144709,16.124643, Private, HS-grad, Never-married, Other-service, Not-in-family, White, Female, United-States, <=50K
37.190617,98159.99,12.468766,846.015,26.79719,33.366707, Private, Bachelors, Never-married, Exec-managerial, Own-child, White, Male, United-States, <=50K
46.43592,241190.45,7.8141036,1793.5895,-19.355066,41.18691, Private, HS-grad, Married-civ-spouse, Adm-clerical, Husband, White, Male, United-States, <=50K
38.598892,126274.25,9.888297,-735.59576,37.56738,43.80453, Private, Some-college, Never-married, Adm-clerical, Not-in-family, White, Male, United-States, <=50K
58.07522,195787.38,9.192768,933.5359,510.5865,57.01322, Private, HS-grad, Married-civ-spouse, Craft-repair, Husband, White, Male, United-States, <=50K
58.31991,348229.4,5.0819983,1636.6418,98.30637,31.584572, Private, HS-grad, Married-civ-spouse, Other-service, Husband, White, Male, United-States, <=50K
41.602062,240338.44,12.452419,487.80273,149.70865,45.163456, Private, Bachelors, Married-civ-spouse, Exec-managerial, Husband, White, Male, United-States, >50K
36.071053,160873.56,11.823132,7210.0835,-88.25257,45.999577, Private, Bachelors, Married-civ-spouse, Craft-repair, Husband, White, Male, United-States, >50K
33.561966,191937.98,8.634347,1038.5483,-15.667674,47.68469, Private, HS-grad, Married-civ-spouse, Craft-repair, Husband, White, Male, United-States, >50K
43.847725,305427.8,9.727538,649.8649,26.106775,47.500454, Private, HS-grad, Married-civ-spouse, Other-service, Husband, White, Male, United-States, <=50K
33.566315,195020.72,13.267187,3345.514,874.8782,53.220093, Private, Bachelors, Married-civ-spouse, Exec-managerial, Husband, White, Female, United-States, >50K
62.19012,60245.844,10.198351,4718.385,35.12248,57.062263, Private, HS-grad, Married-civ-spouse, Exec-managerial, Husband, White, Male, United-States, <=50K
42.922005,456621.34,10.143063,374.25214,262.1668,34.71573, Private, Some-college, Divorced, Adm-clerical, Unmarried, White, Female, United-States, <=50K
46.96527,232265.52,5.5271287,1656.3785,46.77598,45.757587, Private, HS-grad, Never-married, Other-service, Not-in-family, White, Male, United-States, <=50K
34.236385,160323.5,11.961964,2415.1638,-50.95637,50.571617, Private, HS-grad, Married-civ-spouse, Exec-managerial, Husband, White, Male, United-States, >50K
30.603218,203394.67,9.570788,998.42975,234.19821,39.970398, Private, Some-college, Married-civ-spouse, Exec-managerial, Husband, White, Male, United-States, >50K
39.15714,155177.38,8.407256,1986.1738,19.73876,35.991688, Private, HS-grad, Never-married, Other-service, Not-in-family, White, Male, United-States, <=50K
49.728333,182797.72,3.5016332,1641.802,78.78024,52.302242, Private, HS-grad, Never-married, Other-service, Not-in-family, White, Male, United-States, <=50K
30.663126,154285.14,7.2156644,157.69757,-35.430325,36.810966, Private, HS-grad, Never-married, Craft-repair, Own-child, White, Male, United-States, <=50K
41.05083,242443.9,10.834931,958.4712,267.0396,51.012108, Private, HS-grad, Married-civ-spouse, Exec-managerial, Unmarried, White, Female, United-States, >50K
29.387083,256913.5,9.888605,179.69,542.9099,38.563766, Private, Some-college, Never-married, Craft-repair, Own-child, White, Male, United-States, <=50K
37.677353,215807.84,10.000547,1090.7876,-33.933987,48.649075, Private, Some-college, Married-civ-spouse, Exec-managerial, Husband, White, Male, United-States, >50K
71.13312,126788.91,4.7935166,3618.3154,7.297414,35.25104, Private, HS-grad, Divorced, Other-service, Not-in-family, White, Male, United-States, <=50K
33.380463,323499.44,11.319651,-37.11237,-25.907106,55.14242, Private, HS-grad, Married-civ-spouse, Exec-managerial, Husband, White, Male, United-States, <=50K
40.04565,153579.8,9.665725,-255.66791,167.46849,43.055485, Private, HS-grad, Divorced, Adm-clerical, Unmarried, White, Female, United-States, <=50K
25.893631,255661.81,7.1358447,-785.5523,147.67442,45.44557, Private, HS-grad, Never-married, Other-service, Own-child, White, Male, United-States, <=50K
36.955116,195304.1,10.390692,364.00458,9.173635,43.857525, Private, Some-college, Married-civ-spouse, Exec-managerial, Husband, White, Male, United-States, <=50K
37.56572,125203.34,7.1408534,1769.4021,-1.4207028,40.980564, Private, HS-grad, Divorced, Craft-repair, Not-in-family, White, Male, United-States, <=50K
48.657623,140291.75,13.739696,10124.653,171.26465,30.375227, Private, Bachelors, Never-married, Prof-specialty, Not-in-family, White, Female, United-States, >50K
32.40644,118731.38,11.857638,461.73834,127.21689,40.916817, Private, Bachelors, Never-married, Prof-specialty, Not-in-family, White, Male, United-States, <=50K
51.809834,106762.17,12.933812,4426.175,27.591288,55.576424, Private, HS-grad, Divorced, Prof-specialty, Not-in-family, White, Male, United-States, >50K
33.474937,133847.67,10.820096,5929.6533,-20.025171,49.214283, Private, HS-grad, Never-married, Craft-repair, Not-in-family, White, Male, United-States, <=50K
30.417233,264980.03,9.945242,3593.0938,8.651319,38.618416, Private, HS-grad, Never-married, Craft-repair, Not-in-family, White, Male, United-States, <=50K
41.127598,38351.97,10.624343,-143.03265,344.32047,32.240383, Private, Some-college, Married-civ-spouse, Adm-clerical, Unmarried, White, Female, United-States, <=50K
33.581818,90246.195,9.373319,437.69672,-57.086407,48.018253, Private, Some-college, Married-civ-spouse, Craft-repair, Husband, White, Male, United-States, <=50K
43.727455,268210.0,11.255655,-2543.1028,237.46175,54.933952, Private, Some-college, Married-civ-spouse, Exec-managerial, Husband, White, Male, United-States, <=50K
30.63417,233996.47,9.837787,1070.5793,77.064064,38.771526, Private, HS-grad, Never-married, Exec-managerial, Not-in-family, White, Female, United-States, <=50K
48.5686,155368.12,11.98489,1193.9377,100.69086,33.465347, Private, Bachelors, Married-civ-spouse, Prof-specialty, Husband, White, Male, United-States, <=50K
15.408448,261558.98,10.670121,1290.7301,32.846523,29.47551, Private, Bachelors, Married-civ-spouse, Other-service, Own-child, White, Female, United-States, <=50K
28.889824,168424.45,9.998495,789.4943,-15.400836,38.21724, Private, HS-grad, Never-married, Adm-clerical, Own-child, White, Female, United-States, <=50K
78.74791,110199.68,10.867797,236.23853,284.04294,24.182827, Private, Some-college, Married-civ-spouse, Prof-specialty, Husband, White, Male, United-States, >50K
31.439835,320986.28,7.2543178,-845.3913,-27.727648,45.954285, Private, Some-college, Never-married, Adm-clerical, Not-in-family, White, Male, United-States, <=50K
40.732834,261544.84,10.087608,-781.1589,66.10004,36.527676, Private, Some-college, Married-civ-spouse, Exec-managerial, Husband, White, Male, United-States, <=50K
37.448624,97070.9,12.502388,827.7193,-13.801204,42.297413, Private, Bachelors, Married-civ-spouse, Craft-repair, Not-in-family, White, Male, United-States, <=50K
59.70582,159920.36,11.035803,2342.888,136.13625,33.46365, Private, Some-college, Married-civ-spouse, Craft-repair, Husband, White, Male, United-States, >50K
39.64637,288595.2,7.4752436,-989.84503,148.94655,41.083176, Private, Some-college, Never-married, Adm-clerical, Not-in-family, White, Female, United-States, <=50K
38.58271,173655.6,3.0265083,-248.64679,1.6105319,32.95979, Private, HS-grad, Never-married, Other-service, Unmarried, White, Female, United-States, <=50K
46.976833,281556.47,10.42241,1719.7075,27.718454,41.720398, Private, HS-grad, Married-civ-spouse, Craft-repair, Husband, White, Male, United-States, <=50K
35.87234,169883.38,8.67422,881.17816,47.005375,44.134346, Private, HS-grad, Married-civ-spouse, Other-service, Husband, White, Male, United-States, <=50K
53.158333,128412.164,13.658809,761.91473,44.328354,37.862267, Private, Bachelors, Married-civ-spouse, Prof-specialty, Husband, White, Male, United-States, <=50K
30.275585,76151.836,12.558921,4046.6711,-57.427563,41.877033, Private, Bachelors, Never-married, Prof-specialty, Not-in-family, White, Female, United-States, >50K
48.51934,188846.88,6.642118,1449.4457,-42.445156,34.038975, Private, Some-college, Married-civ-spouse, Craft-repair, Husband, White, Male, United-States, <=50K
19.179829,209116.62,11.034064,-134.06891,195.34998,32.044403, Private, Some-college, Never-married, Adm-clerical, Own-child, White, Female, United-States, <=50K
47.68856,220875.98,9.729471,556.9253,400.006,46.638916, Private, Some-college, Married-civ-spouse, Craft-repair, Husband, White, Male, United-States, <=50K
48.359528,211436.62,10.970813,6561.4937,-30.054232,38.162415, Private, HS-grad, Married-civ-spouse, Craft-repair, Husband, White, Male, United-States, >50K
32.43708,148577.12,10.533939,1428.8844,-10.2022505,43.43372, Private, HS-grad, Never-married, Exec-managerial, Not-in-family, White, Male, United-States, <=50K
52.421947,137951.4,8.569303,2603.4229,49.157913,46.503197, Private, HS-grad, Married-civ-spouse, Exec-managerial, Husband, White, Male, United-States, >50K
36.06676,227311.53,12.215661,3439.8118,26.257128,30.060064, Private, Bachelors, Never-married, Prof-specialty, Not-in-family, White, Female, United-States, <=50K
25.012941,220420.9,9.744749,796.8252,7.0580873,47.068714, Private, HS-grad, Never-married, Adm-clerical, Own-child, White, Male, United-States, <=50K
46.678513,139463.98,8.505252,3640.4624,117.55455,48.356106, Private, HS-grad, Divorced, Exec-managerial, Not-in-family, White, Female, United-States, <=50K
20.267569,164007.45,11.288467,305.27777,131.43813,34.09473, Private, Bachelors, Never-married, Adm-clerical, Own-child, White, Male, United-States, <=50K
21.386776,184659.45,11.327276,-1606.1562,31.34698,39.01821, Private, Bachelors, Never-married, Exec-managerial, Own-child, White, Female, United-States, <=50K
54.906635,127433.09,12.60375,248.81818,66.12376,35.46691, Private, Bachelors, Married-civ-spouse, Prof-specialty, Husband, White, Female, United-States, >50K
40.47912,144921.06,10.752773,5548.243,400.8834,46.377617, Private, HS-grad, Divorced, Adm-clerical, Not-in-family, White, Female, United-States, <=50K
53.413284,64076.836,13.401806,11533.196,284.3345,53.58188, Private, Bachelors, Married-civ-spouse, Prof-specialty, Not-in-family, White, Male, United-States, >50K
52.8844,266295.03,10.528175,-133.28131,125.37831,35.072052, Private, Some-college, Married-civ-spouse, Adm-clerical, Husband, White, Male, United-States, <=50K
30.26568,230891.12,9.91542,341.5056,21.294218,33.35861, Private, Bachelors, Never-married, Exec-managerial, Own-child, White, Male, United-States, <=50K
24.924961,174401.4,9.390545,854.19495,13.204602,27.902313, Private, HS-grad, Never-married, Other-service, Own-child, White, Male, United-States, <=50K
39.89882,166552.38,6.5194435,-795.82697,79.47295,61.584908, Private, HS-grad, Never-married, Adm-clerical, Not-in-family, White, Female, United-States, <=50K
24.338137,235701.53,12.987848,1893.251,-29.003626,29.097794, Private, Bachelors, Never-married, Prof-specialty, Own-child, White, Male, United-States, <=50K
49.325615,127824.2,10.976469,-1213.4719,846.79535,48.900814, Private, Some-college, Married-civ-spouse, Exec-managerial, Husband, White, Male, United-States, <=50K
41.376972,80326.96,8.344046,2514.759,68.34645,38.150555, Private, HS-grad, Married-civ-spouse, Other-service, Husband, White, Female, United-States, >50K
39.191406,63016.82,13.372568,11118.386,229.20215,22.112038, Private, Bachelors, Never-married, Prof-specialty, Unmarried, White, Female, United-States, <=50K
38.991333,103520.39,8.683939,-212.40985,34.239216,68.21753, Private, Some-college, Married-civ-spouse, Craft-repair, Husband, White, Male, United-States, <=50K
37.966053,208068.05,8.071305,-332.45782,39.543858,40.381824, Private, HS-grad, Married-civ-spouse, Other-service, Husband, White, Male, United-States, <=50K
40.822636,170734.39,9.600597,1059.9352,32.59849,45.034233, Private, HS-grad, Married-civ-spouse, Adm-clerical, Husband, White, Male, United-States, <=50K
46.614002,177462.52,13.610867,1383.7935,45.255447,41.112473, Private, Bachelors, Married-civ-spouse, Prof-specialty, Husband, White, Male, United-States, >50K
35.498787,92426.56,10.253614,814.2581,8.918202,50.28352, Private, HS-grad, Married-civ-spouse, Exec-managerial, Husband, White, Male, United-States, <=50K
21.052668,139162.2,12.771776,674.32495,24.804811,40.450996, Private, Bachelors, Never-married, Prof-specialty, Own-child, White, Female, United-States, <=50K
30.477112,202810.36,13.261427,4246.866,-47.011333,43.243153, Private, Bachelors, Never-married, Prof-specialty, Own-child, White, Male, United-States, >50K
31.152836,146502.47,9.844081,3118.614,44.749695,28.184011, Private, HS-grad, Never-married, Other-service, Own-child, White, Male, United-States, <=50K
55.57153,165562.53,9.736798,2572.5295,11.706037,45.34011, Private, Some-college, Married-civ-spouse, Craft-repair, Husband, White, Male, United-States, >50K
58.247334,133425.58,10.980891,1258.3883,40.479202,39.051956, Private, HS-grad, Married-civ-spouse, Craft-repair, Husband, White, Male, United-States, <=50K
43.563385,274619.34,8.373475,957.3866,43.194412,38.74921, Private, HS-grad, Married-civ-spouse, Other-service, Husband, White, Male, United-States, >50K
33.105885,142816.14,11.309822,1026.7899,49.919598,49.955074, Private, Bachelors, Married-civ-spouse, Craft-repair, Husband, White, Male, United-States, <=50K
36.908985,158366.72,13.0607195,6703.5874,-53.052013,50.381447, Private, Bachelors, Married-civ-spouse, Prof-specialty, Husband, White, Female, United-States, >50K
38.52048,129631.414,8.450055,304.17816,40.18646,51.533596, Private, HS-grad, Married-civ-spouse, Craft-repair, Husband, White, Male, United-States, <=50K
54.357006,203415.83,12.263014,-1088.4033,43.632896,49.12252, Private, Bachelors, Married-civ-spouse, Exec-managerial, Husband, White, Male, United-States, >50K
38.256004,168793.4,13.86227,2021.9316,43.554565,42.06673, Private, Bachelors, Never-married, Prof-specialty, Not-in-family, White, Female, United-States, <=50K
30.175947,222390.98,9.79667,1604.47,-6.4139585,45.367313, Private, HS-grad, Married-civ-spouse, Prof-specialty, Husband, White, Male, United-States, <=50K
24.698807,130559.29,12.48468,2821.1267,41.084335,40.088398, Private, Bachelors, Never-married, Prof-specialty, Own-child, White, Female, United-States, <=50K
32.04778,287862.44,6.890233,1130.0315,67.59641,49.053516, Private, HS-grad, Married-civ-spouse, Craft-repair, Husband, White, Male, United-States, <=50K
25.224314,285168.47,9.934691,-639.1513,15.562528,25.378906, Private, Some-college, Never-married, Adm-clerical, Own-child, White, Female, United-States, <=50K
30.730936,169465.95,6.302834,127.81414,12.3234,32.757687, Private, HS-grad, Never-married, Other-service, Own-child, White, Male, United-States, <=50K
44.32434,187017.22,14.545389,2832.3157,75.36157,52.296528, Private, Bachelors, Married-civ-spouse, Prof-specialty, Husband, White, Male, United-States, <=50K
31.943157,89425.516,10.516885,-655.85895,111.52411,47.719757, Private, Some-college, Divorced, Exec-managerial, Unmarried, White, Female, United-States, <=50K
45.138504,116428.79,10.712618,1487.5493,68.8747,35.286613, Private, HS-grad, Divorced, Prof-specialty, Unmarried, White, Female, United-States, <=50K
39.511345,106683.195,11.783845,1017.04034,7.185857,42.5984, Private, Some-college, Married-civ-spouse, Exec-managerial, Husband, White, Male, United-States, <=50K
56.14989,115450.61,11.900273,-1048.1895,132.58951,52.195267, Private, Bachelors, Married-civ-spouse, Exec-managerial, Unmarried, White, Female, United-States, <=50K
39.772797,453048.22,8.244543,-731.8735,-2.2986937,52.400677, Private, HS-grad, Married-civ-spouse, Other-service, Husband, White, Male, United-States, <=50K
46.05415,262837.3,7.6497207,-756.7602,40.453995,34.05331, Private, HS-grad, Married-civ-spouse, Other-service, Husband, White, Female, United-States, <=50K
35.753094,129191.1,9.041202,-382.12628,284.59286,48.110886, Private, HS-grad, Married-civ-spouse, Exec-managerial, Unmarried, White, Male, United-States, <=50K
30.062979,138509.92,12.143349,1947.3787,-34.541897,44.242035, Private, Bachelors, Never-married, Prof-specialty, Own-child, White, Male, United-States, <=50K
42.122932,140964.67,10.279046,755.6457,341.55655,42.641823, Private, HS-grad, Married-civ-spouse, Craft-repair, Husband, White, Male, United-States, <=50K
33.738823,282158.38,12.725798,804.4673,-46.709606,52.548203, Private, Bachelors, Never-married, Prof-specialty, Not-in-family, White, Male, United-States, <=50K
22.416742,141855.27,12.212115,2059.1245,127.71271,49.36672, Private, Bachelors, Never-married, Craft-repair, Own-child, White, Male, United-States, <=50K
30.729046,226917.27,10.102241,1359.9775,-32.99509,33.8318, Private, Some-college, Never-married, Adm-clerical, Not-in-family, White, Female, United-States, <=50K
19.408308,358796.94,7.262555,-311.86627,51.885643,22.974234, Private, Some-college, Never-married, Other-service, Own-child, White, Male, United-States, <=50K
70.29338,238180.05,6.829908,2290.1692,26.97774,39.306915, Private, HS-grad, Divorced, Exec-managerial, Husband, White, Male, United-States, >50K
49.671856,136164.42,8.368028,1330.5613,26.792128,51.20308, Private, HS-grad, Married-civ-spouse, Craft-repair, Husband, White, Male, United-States, <=50K
29.663357,229756.98,9.400019,4785.076,-14.324336,49.481403, Private, HS-grad, Never-married, Craft-repair, Not-in-family, White, Male, United-States, <=50K
33.50566,268303.5,6.7328625,1179.655,21.540335,38.15168, Private, HS-grad, Divorced, Adm-clerical, Own-child, White, Male, United-States, <=50K
44.45443,-32700.203,11.395169,3844.255,60.62745,44.797356, Private, HS-grad, Married-civ-spouse, Prof-specialty, Husband, White, Male, United-States, >50K
51.684464,181853.12,13.3164,2395.6094,394.59116,53.711502, Private, Bachelors, Married-civ-spouse, Prof-specialty, Husband, White, Male, United-States, >50K
44.65353,105508.85,11.214602,732.64594,-27.555277,53.21494, Private, Some-college, Married-civ-spouse, Craft-repair, Husband, White, Male, United-States, <=50K
37.307392,211606.4,9.7430105,1384.943,53.1545,39.823025, Private, Some-college, Never-married, Craft-repair, Not-in-family, White, Male, United-States, <=50K
54.655914,145173.0,11.85338,430.8476,135.0207,57.613617, Private, Some-college, Divorced, Exec-managerial, Not-in-family, White, Male, United-States, <=50K
36.78142,195784.27,6.3712506,-1328.2727,20.892042,42.306145, Private, Some-college, Married-civ-spouse, Exec-managerial, Own-child, White, Male, United-States, <=50K
48.659653,211977.78,8.430831,429.60858,15.125096,42.247066, Private, HS-grad, Divorced, Other-service, Unmarried, White, Female, United-States, <=50K
32.309,191534.14,8.129878,394.9065,10.145268,34.685596, Private, HS-grad, Married-civ-spouse, Other-service, Husband, White, Female, United-States, <=50K
46.181225,135316.94,10.637403,1455.5082,55.99437,43.23264, Private, Bachelors, Married-civ-spouse, Exec-managerial, Husband, White, Male, United-States, <=50K
68.69686,170849.42,10.100424,860.85376,63.086823,53.754974, Private, HS-grad, Married-civ-spouse, Exec-managerial, Husband, White, Male, United-States, >50K
44.610912,84812.5,14.331143,6963.5054,-41.57423,47.69673, Private, Bachelors, Divorced, Prof-specialty, Not-in-family, White, Male, United-States, >50K
34.008465,244370.9,8.329151,3938.0903,9.592183,44.76665, Private, HS-grad, Never-married, Other-service, Not-in-family, White, Male, United-States, <=50K
30.91673,198247.02,9.950507,2501.7349,-53.098736,49.77638, Private, HS-grad, Never-married, Craft-repair, Not-in-family, White, Male, United-States, <=50K
24.865103,340707.84,8.34861,466.96423,62.16065,41.02788, Private, HS-grad, Never-married, Adm-clerical, Not-in-family, White, Male, United-States, <=50K
51.077087,155062.89,12.84162,4986.129,-21.942911,32.94175, Private, Bachelors, Married-civ-spouse, Prof-specialty, Husband, White, Female, United-States, >50K
44.32643,134414.17,9.076346,337.49884,51.02309,44.61644, Private, Some-college, Married-civ-spouse, Craft-repair, Husband, White, Male, United-States, <=50K
18.799967,377695.7,8.488572,788.8998,-33.325512,28.478504, Private, Some-college, Never-married, Adm-clerical, Own-child, White, Male, United-States, <=50K
35.277958,120427.13,5.491167,287.3059,-21.116365,46.10034, Private, HS-grad, Never-married, Adm-clerical, Not-in-family, White, Female, United-States, <=50K
31.119518,93182.23,9.4594965,-65.78864,30.452593,43.6784, Private, HS-grad, Divorced, Other-service, Unmarried, White, Female, United-States, <=50K
47.53057,236617.06,8.368605,-128.93744,44.074738,47.93631, Private, HS-grad, Divorced, Adm-clerical, Not-in-family, White, Male, United-States, <=50K
26.484674,305735.7,8.885625,55.411373,-20.55623,43.624813, Private, Some-college, Married-civ-spouse, Craft-repair, Own-child, White, Male, United-States, <=50K
23.571915,157771.3,9.735383,-79.266304,56.565983,39.473698, Private, HS-grad, Married-civ-spouse, Exec-managerial, Unmarried, White, Female, United-States, <=50K
38.06583,111055.78,14.376444,1741.1287,946.7126,36.54804, Private, Bachelors, Never-married, Prof-specialty, Not-in-family, White, Male, United-States, >50K
34.857876,206085.95,3.233182,-87.373604,2.9115877,38.528793, Private, HS-grad, Never-married, Other-service, Own-child, White, Male, United-States, <=50K
42.275017,230829.03,7.128131,1930.2264,138.40239,28.181217, Private, HS-grad, Divorced, Adm-clerical, Unmarried, White, Female, United-States, <=50K
50.5606,183963.14,9.610162,-257.68805,405.20358,40.36171, Private, Some-college, Married-civ-spouse, Adm-clerical, Husband, White, Female, United-States, <=50K
46.33314,164926.75,9.605139,523.83203,9.607305,42.115204, Private, HS-grad, Divorced, Other-service, Unmarried, White, Female, United-States, <=50K
23.871878,215897.94,10.065804,-444.648,368.28036,38.07744, Private, HS-grad, Never-married, Adm-clerical, Unmarried, White, Female, United-States, <=50K
43.548225,236887.88,7.03152,1613.7583,29.115019,35.26815, Private, HS-grad, Divorced, Other-service, Not-in-family, White, Female, United-States, <=50K
41.607815,196639.44,8.252823,636.586,32.49292,48.32198, Private, HS-grad, Married-civ-spouse, Craft-repair, Husband, White, Male, United-States, <=50K
26.626955,215353.0,10.2221575,1402.0159,32.09997,35.920837, Private, HS-grad, Never-married, Other-service, Own-child, White, Female, United-States, <=50K
19.596954,236356.47,9.058442,-1862.5955,39.06573,43.38934, Private, Some-college, Never-married, Adm-clerical, Own-child, White, Male, United-States, <=50K
29.028145,268304.06,11.252239,-206.83392,-16.737772,50.842075, Private, Bachelors, Married-civ-spouse, Exec-managerial, Husband, White, Male, United-States, <=50K
35.3202,255573.47,12.466516,-797.1403,175.09389,59.07996, Private, Bachelors, Married-civ-spouse, Exec-managerial, Husband, White, Male, United-States, <=50K
23.846315,278371.2,10.172519,41.504696,10.40064,37.356537, Private, Some-college, Never-married, Sales, Own-child, White, Male, United-States, <=50K
53.696373,243701.69,12.99343,1673.0425,58.746086,31.57889, Private, Bachelors, Married-civ-spouse, Prof-specialty, Husband, White, Male, United-States, <=50K
39.110832,153691.64,11.125095,-265.5556,762.9967,49.413353, Private, HS-grad, Married-civ-spouse, Exec-managerial, Husband, White, Male, United-States, >50K
35.033108,277685.72,10.291187,1183.6519,80.36266,56.150013, Private, HS-grad, Married-civ-spouse, Exec-managerial, Husband, White, Male, United-States, <=50K
28.890173,137457.86,9.693835,2354.536,-15.630397,33.854427, Private, HS-grad, Never-married, Other-service, Not-in-family, White, Male, United-States, <=50K
73.80707,148123.6,12.837171,3179.1304,847.39075,57.58861, Private, Bachelors, Married-civ-spouse, Prof-specialty, Husband, White, Male, United-States, >50K
22.00457,300897.22,9.667549,-9.448551,-26.146303,28.499004, Private, Some-college, Never-married, Other-service, Own-child, White, Female, United-States, <=50K
33.675316,211289.05,11.478435,658.0466,203.49036,36.534466, Private, Some-college, Married-civ-spouse, Exec-managerial, Unmarried, White, Female, United-States, >50K
26.314648,217656.83,12.101791,4151.738,-65.17974,44.467552, Private, Bachelors, Married-civ-spouse, Prof-specialty, Unmarried, White, Female, United-States, <=50K
28.876825,122399.88,8.361487,-1043.9172,18.244192,38.99473, Private, HS-grad, Never-married, Other-service, Own-child, White, Male, United-States, <=50K
26.825447,116306.58,10.594949,3307.1304,-27.780954,40.447945, Private, HS-grad, Married-civ-spouse, Exec-managerial, Husband, White, Male, United-States, >50K
20.143734,214512.9,11.615502,-982.144,17.903166,18.91914, Private, Bachelors, Never-married, Exec-managerial, Own-child, White, Female, United-States, <=50K
34.2136,293602.84,9.634887,289.79688,0.8882495,33.483757, Private, Some-college, Married-civ-spouse, Exec-managerial, Own-child, White, Male, United-States, <=50K
27.698912,349374.9,9.1751,433.50354,-35.980648,44.5902, Private, HS-grad, Never-married, Other-service, Own-child, White, Male, United-States, <=50K
29.21571,177158.78,7.508642,384.46765,9.689748,37.868694, Private, HS-grad, Married-civ-spouse, Other-service, Own-child, White, Male, United-States, <=50K
62.44453,281900.72,7.480028,2476.0823,445.2573,43.31993, Private, HS-grad, Divorced, Craft-repair, Not-in-family, White, Male, United-States, <=50K
26.531424,302655.25,6.797559,-1742.0071,38.929535,36.23324, Private, Some-college, Never-married, Adm-clerical, Unmarried, White, Female, United-States, <=50K
44.01528,261235.52,8.62778,1590.237,-27.78744,30.076431, Private, Some-college, Divorced, Adm-clerical, Unmarried, White, Female, United-States, <=50K
39.67318,301878.56,9.098964,277.55853,-0.5239819,54.498234, Private, HS-grad, Married-civ-spouse, Other-service, Husband, White, Male, United-States, <=50K
38.5122,282998.16,7.49511,816.74744,34.065582,32.29078, Private, Some-college, Married-civ-spouse, Adm-clerical, Unmarried, White, Female, United-States, <=50K
35.960575,212331.67,6.6717114,-149.65875,10.223279,45.015182, Private, Some-college, Divorced, Adm-clerical, Unmarried, White, Male, United-States, <=50K
43.49555,88931.03,12.140719,5166.8564,2.0897264,30.232168, Private, Bachelors, Divorced, Prof-specialty, Unmarried, White, Female, United-States, >50K
28.8448,341918.53,9.145055,-159.63983,75.91791,38.401405, Private, HS-grad, Never-married, Other-service, Own-child, White, Male, United-States, <=50K
23.436506,200718.05,10.491573,-154.42645,30.054182,40.12342, Private, HS-grad, Never-married, Craft-repair, Own-child, White, Male, United-States, <=50K
20.197985,301255.3,8.199022,-392.96002,-26.746096,29.020172, Private, Some-college, Never-married, Adm-clerical, Own-child, White, Male, United-States, <=50K
42.122448,91621.52,8.795871,979.89386,-21.472536,39.895817, Private, HS-grad, Married-civ-spouse, Other-service, Husband, White, Male, United-States, <=50K
27.49117,170029.12,10.7752695,3000.773,182.30077,35.34853, Private, HS-grad, Married-civ-spouse, Other-service, Own-child, White, Female, United-States, <=50K
40.288883,149271.53,12.742857,104.89898,76.52171,48.27141, Private, Bachelors, Never-married, Craft-repair, Not-in-family, White, Male, United-States, <=50K
28.815496,110223.57,11.491132,13.393734,140.46144,42.072277, Private, Bachelors, Never-married, Sales, Own-child, White, Female, United-States, <=50K
29.794085,349620.75,13.667084,4943.2007,137.94348,59.218937, Private, Bachelors, Married-civ-spouse, Exec-managerial, Husband, White, Male, United-States, >50K
44.498337,239488.31,9.671676,132.56805,586.94104,27.961523, Private, Some-college, Married-civ-spouse, Adm-clerical, Husband, White, Female, United-States, <=50K
25.467196,255210.97,7.2938213,-460.4068,-28.88711,36.4704, Private, Some-college, Never-married, Other-service, Own-child, White, Male, United-States, <=50K
50.528175,29609.61,13.178662,890.74866,98.12406,37.406116, Private, Bachelors, Married-civ-spouse, Exec-managerial, Husband, White, Female, United-States, <=50K
48.691135,267531.22,8.853631,4615.32,7.7104387,46.8184, Private, HS-grad, Married-civ-spouse, Exec-managerial, Husband, White, Male, United-States, >50K
30.01085,217623.78,5.5452213,808.09784,6.8090487,40.766983, Private, HS-grad, Never-married, Adm-clerical, Own-child, White, Male, United-States, <=50K
23.79952,224537.58,6.28309,249.86273,98.58327,33.010937, Private, Some-college, Never-married, Adm-clerical, Own-child, White, Female, United-States, <=50K
35.270893,460649.47,6.0142393,-631.9964,32.57137,48.370426, Private, HS-grad, Married-civ-spouse, Other-service, Unmarried, White, Male, United-States, <=50K
26.477388,184697.47,9.388607,485.53247,30.550726,39.485554, Private, HS-grad, Never-married, Other-service, Own-child, White, Male, United-States, <=50K
56.28811,116553.83,12.0813675,2204.1436,146.07031,49.476406, Private, Bachelors, Married-civ-spouse, Craft-repair, Husband, White, Male, United-States, >50K
26.284433,177922.05,11.751239,-997.20575,122.45766,38.640354, Private, Some-college, Never-married, Exec-managerial, Own-child, White, Female, United-States, <=50K
38.476406,56300.22,12.28711,3353.0344,22.264265,62.252163, Private, Bachelors, Married-civ-spouse, Exec-managerial, Husband, White, Male, United-States, >50K
38.275963,168497.67,9.833968,1643.3539,81.16523,34.449146, Private, HS-grad, Never-married, Other-service, Not-in-family, White, Female, United-States, <=50K
37.354164,195379.36,11.962665,-119.01826,88.6527,43.32811, Private, Bachelors, Never-married, Exec-managerial, Not-in-family, White, Male, United-States, <=50K
40.091766,143581.52,11.779157,2339.4407,110.04868,37.79753, Private, Bachelors, Never-married, Prof-specialty, Not-in-family, White, Female, United-States, <=50K
56.733166,117926.82,10.600681,3033.5605,99.704704,29.029356, Private, HS-grad, Divorced, Adm-clerical, Not-in-family, White, Male, United-States, <=50K
28.118534,161558.14,8.522275,-434.346,35.23802,21.527246, Private, Some-college, Never-married, Other-service, Own-child, White, Male, United-States, <=50K
37.15791,223415.58,9.399297,2919.9558,45.140057,51.07995, Private, HS-grad, Never-married, Other-service, Not-in-family, White, Male, United-States, <=50K
55.430706,160168.77,5.322861,2291.4368,-3.5108366,28.265675, Private, HS-grad, Never-married, Other-service, Not-in-family, White, Male, United-States, <=50K
33.954697,110160.16,10.412816,820.00586,105.98566,30.711779, Private, Some-college, Never-married, Adm-clerical, Own-child, White, Female, United-States, <=50K
48.169918,300791.5,7.868921,354.07452,33.30815,36.408905, Private, HS-grad, Divorced, Other-service, Unmarried, White, Female, United-States, <=50K
41.71646,193199.12,13.047527,957.4498,-16.152056,50.097202, Private, Bachelors, Married-civ-spouse, Exec-managerial, Husband, White, Male, United-States, >50K
47.01002,98521.9,11.393942,198.44012,70.46076,30.13433, Private, Some-college, Divorced, Adm-clerical, Unmarried, White, Female, United-States, <=50K
50.09393,139921.48,10.941052,-11.41254,90.066956,49.775795, Private, Some-college, Married-civ-spouse, Craft-repair, Husband, White, Male, United-States, <=50K
28.977169,123213.34,11.057938,-128.37958,117.49195,37.940647, Private, HS-grad, Never-married, Adm-clerical, Unmarried, White, Female, United-States, <=50K
37.523354,143395.39,12.801621,-472.21027,86.98635,39.5109, Private, Bachelors, Never-married, Exec-managerial, Not-in-family, White, Male, United-States, <=50K
27.058792,142277.25,13.021198,2665.4653,20.695112,26.41639, Private, Bachelors, Never-married, Prof-specialty, Not-in-family, White, Female, United-States, <=50K
51.449657,179310.55,10.133392,550.9381,3.4119387,40.53209, Private, HS-grad, Married-civ-spouse, Craft-repair, Husband, White, Male, United-States, <=50K
46.5702,268672.7,9.764091,-806.5312,4.542577,29.422342, Private, Some-college, Never-married, Adm-clerical, Unmarried, White, Female, United-States, <=50K
35.571365,148129.11,8.637214,2047.1781,331.99167,39.62799, Private, HS-grad, Married-civ-spouse, Adm-clerical, Husband, White, Male, United-States, <=50K
32.028812,292708.34,13.799261,-133.3692,66.12516,53.693176, Private, Bachelors, Never-married, Exec-managerial, Own-child, White, Male, United-States, <=50K
43.611065,158541.28,11.185501,2752.9597,-12.700572,42.013176, Private, Some-college, Divorced, Craft-repair, Not-in-family, White, Male, United-States, <=50K
22.607412,157438.97,8.375587,-1100.6536,38.44663,39.553135, Private, Some-college, Married-civ-spouse, Other-service, Husband, White, Male, United-States, <=50K
33.8611,253978.67,10.613839,619.36475,-64.899864,46.78889, Private, Some-college, Married-civ-spouse, Exec-managerial, Husband, White, Male, United-States, >50K
36.821167,208014.12,9.922447,3063.0166,-61.249844,40.846832, Private, HS-grad, Never-married, Other-service, Not-in-family, White, Male, United-States, <=50K
45.81702,200786.14,7.584884,1036.6115,48.245853,38.819992, Private, HS-grad, Divorced, Adm-clerical, Unmarried, White, Male, United-States, <=50K
53.384888,132400.67,7.388464,2221.5583,32.880886,37.72143, Private, HS-grad, Married-civ-spouse, Other-service, Unmarried, White, Female, United-States, <=50K
38.175663,122045.59,10.383783,226.28229,593.0678,50.658512, Private, HS-grad, Married-civ-spouse, Exec-managerial, Husband, White, Male, United-States, >50K
27.356499,288404.44,11.962735,-323.61798,11.197003,44.199337, Private, Bachelors, Married-civ-spouse, Craft-repair, Husband, White, Male, United-States, <=50K
49.89102,131640.56,11.977011,1264.1289,679.6325,46.708786, Private, Bachelors, Married-civ-spouse, Exec-managerial, Husband, White, Female, United-States, >50K
30.225006,180435.55,6.8208117,3619.5593,-92.25675,19.469028, Private, HS-grad, Never-married, Other-service, Not-in-family, White, Female, United-States, <=50K
40.358192,94777.695,12.159388,971.9476,-52.577312,42.30792, Private, HS-grad, Divorced, Prof-specialty, Not-in-family, White, Male, United-States, <=50K
42.58131,163019.0,10.6252,-295.37604,126.06335,51.17834, Private, HS-grad, Married-civ-spouse, Adm-clerical, Husband, White, Male, United-States, <=50K
39.2435,143690.61,11.994312,1393.5621,-24.290453,35.57913, Private, HS-grad, Divorced, Exec-managerial, Not-in-family, White, Female, United-States, <=50K
31.006636,182562.0,11.265049,950.6326,5.7394915,35.086327, Private, HS-grad, Never-married, Other-service, Unmarried, White, Female, United-States, <=50K
45.992157,108326.52,10.91619,2739.0078,37.625854,43.978127, Private, HS-grad, Married-civ-spouse, Prof-specialty, Husband, White, Female, United-States, >50K
52.12629,115943.23,11.252326,1371.4176,-43.0276,33.54782, Private, HS-grad, Married-civ-spouse, Craft-repair, Husband, White, Male, United-States, <=50K
29.916542,135500.36,8.518572,80.6303,29.175627,28.853823, Private, HS-grad, Never-married, Other-service, Own-child, White, Male, United-States, <=50K
47.707825,68723.266,7.2157197,1819.891,101.63198,35.171654, Private, HS-grad, Divorced, Other-service, Not-in-family, White, Female, United-States, <=50K
48.438038,212234.77,7.3488455,267.6209,167.66888,41.429985, Private, Some-college, Divorced, Exec-managerial, Unmarried, White, Female, United-States, <=50K
25.97248,294240.44,9.742878,1207.0549,72.75502,58.905163, Private, HS-grad, Never-married, Craft-repair, Not-in-family, White, Male, United-States, <=50K
41.544193,177488.61,11.424625,86.81725,-0.39651,51.102013, Private, HS-grad, Divorced, Exec-managerial, Not-in-family, White, Male, United-States, <=50K
30.510246,222253.8,7.9639535,324.60876,-23.210703,42.760143, Private, Some-college, Married-civ-spouse, Exec-managerial, Husband, White, Male, United-States, <=50K
42.561058,194723.22,8.712545,419.44067,22.492567,47.389793, Private, Some-college, Married-civ-spouse, Exec-managerial, Husband, White, Male, United-States, <=50K
29.605639,197961.78,11.030418,-404.64532,43.360546,45.19954, Private, Some-college, Married-civ-spouse, Craft-repair, Husband, White, Male, United-States, <=50K
24.643644,149321.73,10.923706,799.49817,41.29516,26.860294, Private, Bachelors, Married-civ-spouse, Other-service, Unmarried, White, Female, United-States, <=50K
37.37116,179078.66,12.284006,-1351.2485,175.66727,49.449783, Private, Bachelors, Married-civ-spouse, Exec-managerial, Husband, White, Male, United-States, >50K
50.031322,185405.78,1.9232903,1632.8394,24.63394,48.0178, Private, HS-grad, Married-civ-spouse, Craft-repair, Husband, White, Male, United-States, <=50K
36.051464,218310.77,13.32923,-144.37604,856.1403,37.957832, Private, Bachelors, Married-civ-spouse, Adm-clerical, Husband, White, Female, United-States, <=50K
54.795967,74630.58,10.174843,1834.8043,5.434369,38.240417, Private, HS-grad, Divorced, Other-service, Not-in-family, White, Male, United-States, <=50K
30.6689,129493.81,11.710436,-211.5794,47.233753,49.699512, Private, Some-college, Married-civ-spouse, Exec-managerial, Husband, White, Male, United-States, >50K
49.501175,381728.4,9.069633,3554.229,48.537163,45.494057, Private, HS-grad, Never-married, Other-service, Not-in-family, White, Male, United-States, <=50K
49.584854,110815.94,9.046715,975.92737,6.6651583,38.802547, Private, HS-grad, Married-civ-spouse, Exec-managerial, Unmarried, White, Female, United-States, >50K
24.3944,85416.945,10.405799,592.02576,22.735342,42.261147, Private, HS-grad, Never-married, Exec-managerial, Not-in-family, White, Female, United-States, <=50K
28.41259,196172.33,10.81102,2122.9097,224.77979,38.22856, Private, HS-grad, Never-married, Adm-clerical, Not-in-family, White, Male, United-States, <=50K
56.817654,169773.25,11.202011,1921.4084,300.64114,42.665535, Private, HS-grad, Married-civ-spouse, Craft-repair, Husband, White, Male, United-States, <=50K
36.245884,122094.62,7.68705,657.9516,78.48406,49.74173, Private, HS-grad, Divorced, Adm-clerical, Unmarried, White, Female, United-States, <=50K
41.050655,211470.56,8.540329,3642.902,33.183186,28.176146, Private, HS-grad, Married-civ-spouse, Other-service, Husband, White, Male, United-States, <=50K
52.044945,92238.21,13.420849,2711.828,13.543324,51.845226, Private, Bachelors, Married-civ-spouse, Exec-managerial, Husband, White, Male, United-States, >50K
28.538767,272218.9,9.233355,4128.258,14.648618,35.531284, Private, HS-grad, Never-married, Other-service, Unmarried, White, Female, United-States, <=50K
56.998314,258570.45,8.770742,1312.3513,35.277054,37.528126, Private, HS-grad, Married-civ-spouse, Other-service, Husband, White, Male, United-States, <=50K
28.747974,252387.81,5.632253,2237.9175,-24.071222,49.70175, Private, HS-grad, Never-married, Adm-clerical, Own-child, White, Male, United-States, <=50K
25.91879,230321.64,7.4384103,495.92548,-49.16157,27.818565, Private, Some-college, Never-married, Adm-clerical, Not-in-family, White, Female, United-States, <=50K
29.993774,158590.69,10.941125,380.081,332.81668,66.59098, Private, Some-college, Never-married, Exec-managerial, Not-in-family, White, Male, United-States, <=50K
51.797764,191340.52,11.357644,1076.9854,34.398453,43.740223, Private, HS-grad, Divorced, Craft-repair, Not-in-family, White, Male, United-States, <=50K
36.526806,71750.12,10.961031,1961.1849,15.616651,53.525322, Private, HS-grad, Married-civ-spouse, Craft-repair, Husband, White, Male, United-States, >50K
45.128784,163220.22,7.379894,1053.5035,68.32605,50.362614, Private, HS-grad, Married-civ-spouse, Craft-repair, Husband, White, Male, United-States, <=50K
41.334423,218672.06,14.088379,609.90216,819.96954,53.221783, Private, Bachelors, Married-civ-spouse, Exec-managerial, Husband, White, Male, United-States, >50K
51.15441,141622.6,10.557564,2123.297,-3.1681395,25.25187, Private, HS-grad, Married-civ-spouse, Prof-specialty, Husband, White, Female, United-States, <=50K
32.828766,60286.086,9.758372,-277.45062,192.28014,47.18005, Private, Some-college, Married-civ-spouse, Exec-managerial, Husband, White, Female, United-States, <=50K
46.071384,220540.19,13.202928,1477.495,107.649704,36.2925, Private, Bachelors, Divorced, Prof-specialty, Unmarried, White, Female, United-States, >50K
25.83852,265561.72,8.522061,1954.325,-46.474255,24.77032, Private, HS-grad, Never-married, Other-service, Own-child, White, Female, United-States, <=50K
30.920898,335177.3,6.4469423,-26.579899,64.360535,35.938324, Private, HS-grad, Never-married, Adm-clerical, Unmarried, White, Male, United-States, <=50K
24.64775,112134.914,9.830427,-190.70355,452.5635,27.901093, Private, Some-college, Never-married, Adm-clerical, Own-child, White, Female, United-States, <=50K
38.859898,300546.3,11.512651,3528.751,531.1854,52.945705, Private, Bachelors, Never-married, Exec-managerial, Not-in-family, White, Male, United-States, <=50K
24.09424,183837.88,10.894574,622.16534,531.9626,35.864807, Private, Some-college, Never-married, Adm-clerical, Own-child, White, Male, United-States, <=50K
40.315346,196191.6,7.8302193,1063.4048,78.35554,37.32851, Private, HS-grad, Married-civ-spouse, Other-service, Husband, White, Female, United-States, <=50K
23.4689,111197.12,13.793882,3104.4192,200.00325,37.645058, Private, Bachelors, Married-civ-spouse, Prof-specialty, Own-child, White, Male, United-States, <=50K
26.492887,177767.94,9.708809,-909.84015,-28.616953,33.51836, Private, Some-college, Never-married, Adm-clerical, Own-child, White, Female, United-States, <=50K
32.46075,203255.5,11.770059,-1018.2409,45.13031,44.200893, Private, Some-college, Divorced, Exec-managerial, Not-in-family, White, Female, United-States, <=50K
27.898954,182156.64,10.77407,1277.0345,56.18817,29.103651, Private, HS-grad, Never-married, Other-service, Not-in-family, White, Female, United-States, <=50K
41.835037,113299.24,9.709199,2844.027,25.98815,43.46674, Private, HS-grad, Married-civ-spouse, Craft-repair, Husband, White, Male, United-States, >50K
35.75569,170644.31,9.132861,4893.8623,67.949036,41.749416, Private, HS-grad, Married-civ-spouse, Exec-managerial, Unmarried, White, Female, United-States, >50K
28.71112,94153.61,11.11347,7763.8276,-53.273556,39.962547, Private, HS-grad, Married-civ-spouse, Prof-specialty, Husband, White, Female, United-States, >50K
32.58282,66482.305,13.260128,6359.781,141.10945,46.19653, Private, Bachelors, Married-civ-spouse, Prof-specialty, Husband, White, Female, United-States, >50K
40.870983,217450.95,13.599823,4587.363,86.83278,42.25906, Private, Bachelors, Never-married, Prof-specialty, Not-in-family, White, Male, United-States, >50K
46.023254,107327.08,8.153604,4174.8784,443.1136,47.831234, Private, HS-grad, Married-civ-spouse, Craft-repair, Husband, White, Male, United-States, >50K
59.66326,129550.28,9.107282,518.67786,932.49316,40.24675, Private, HS-grad, Divorced, Adm-clerical, Unmarried, White, Male, United-States, <=50K
31.256807,131976.81,12.607337,2369.6658,-98.320946,51.686085, Private, Bachelors, Never-married, Craft-repair, Not-in-family, White, Male, United-States, >50K
23.286068,189027.64,13.273919,4260.3716,-83.566444,47.143982, Private, Bachelors, Never-married, Exec-managerial, Not-in-family, White, Female, United-States, <=50K
59.08287,181645.98,9.293736,929.997,12.912862,35.52975, Private, Some-college, Married-civ-spouse, Craft-repair, Husband, White, Male, United-States, <=50K
45.246933,161675.25,7.756282,2101.4744,75.54515,48.353672, Private, HS-grad, Divorced, Adm-clerical, Not-in-family, White, Male, United-States, <=50K
44.972004,105772.48,12.525464,4394.2593,-42.921917,44.662823, Private, HS-grad, Married-civ-spouse, Prof-specialty, Husband, White, Female, United-States, >50K
30.262157,197515.62,9.564964,975.6894,93.0608,37.040337, Private, HS-grad, Married-civ-spouse, Other-service, Unmarried, White, Female, United-States, <=50K
60.125866,200139.56,9.719467,-892.4661,42.753307,61.01533, Private, HS-grad, Divorced, Adm-clerical, Unmarried, White, Male, United-States, <=50K
48.35511,292841.94,4.8030663,1677.9384,10.843831,42.31436, Private, HS-grad, Divorced, Craft-repair, Husband, White, Male, United-States, <=50K
42.226196,163389.73,10.438642,4854.9136,-67.67785,47.899357, Private, HS-grad, Never-married, Craft-repair, Not-in-family, White, Male, United-States, <=50K
35.886242,106545.43,10.979613,860.56604,166.50256,48.41331, Private, HS-grad, Married-civ-spouse, Exec-managerial, Husband, White, Male, United-States, >50K
23.085413,170692.7,9.305147,344.35352,-15.939525,33.392563, Private, Some-college, Married-civ-spouse, Other-service, Own-child, White, Female, United-States, <=50K
41.868343,239363.62,11.804623,612.4526,50.760864,49.234356, Private, Bachelors, Married-civ-spouse, Exec-managerial, Husband, White, Male, United-States, >50K
46.166748,70451.65,11.452664,3190.1096,-12.51237,42.50269, Private, HS-grad, Married-civ-spouse, Exec-managerial, Husband, White, Male, United-States, >50K
34.021435,210412.58,11.685633,5502.1343,-49.341793,44.63382, Private, Bachelors, Never-married, Exec-managerial, Not-in-family, White, Male, United-States, >50K
53.128002,175432.0,7.393404,3297.2085,38.671635,42.268883, Private, HS-grad, Divorced, Other-service, Not-in-family, White, Male, United-States, <=50K
26.028143,142891.81,13.950333,-1130.9729,10.016423,50.87477, Private, Bachelors, Never-married, Prof-specialty, Own-child, White, Male, United-States, <=50K
36.378845,240826.4,9.170893,-238.40216,17.211355,31.860334, Private, HS-grad, Married-civ-spouse, Adm-clerical, Unmarried, White, Female, United-States, <=50K
39.51648,158737.72,9.989059,3090.2996,-3.1082869,28.9028, Private, HS-grad, Never-married, Other-service, Not-in-family, White, Female, United-States, <=50K
39.57883,270204.75,7.369916,-2240.0596,72.96393,55.778004, Private, HS-grad, Married-civ-spouse, Other-service, Unmarried, White, Male, United-States, <=50K
40.51578,134207.52,8.246687,3379.179,119.51697,45.19741, Private, HS-grad, Married-civ-spouse, Craft-repair, Husband, White, Male, United-States, >50K
52.36833,258841.55,5.7166405,-1045.0581,74.53855,31.068653, Private, HS-grad, Married-civ-spouse, Adm-clerical, Unmarried, White, Female, United-States, <=50K
35.180332,160902.08,11.403358,2728.7336,261.46967,37.847176, Private, Some-college, Married-civ-spouse, Exec-managerial, Husband, White, Male, United-States, >50K
32.81023,283521.4,6.411832,272.06134,51.362644,41.210724, Private, HS-grad, Married-civ-spouse, Craft-repair, Husband, White, Male, United-States, <=50K
36.87261,249856.84,5.580699,2376.9714,-8.565822,37.474525, Private, HS-grad, Married-civ-spouse, Other-service, Unmarried, White, Female, United-States, <=50K
47.093952,277862.78,7.8941116,-1019.47455,114.53134,38.726204, Private, Some-college, Married-civ-spouse, Exec-managerial, Unmarried, White, Female, United-States, <=50K
40.80151,187312.45,7.6480007,-544.6143,68.69741,32.609314, Private, HS-grad, Married-civ-spouse, Other-service, Unmarried, White, Female, United-States, <=50K
17.902729,222142.48,9.364052,-354.75092,369.08676,40.37031, Private, Some-college, Married-civ-spouse, Sales, Husband, White, Male, United-States, <=50K
25.41025,95451.48,11.994242,1862.3009,-71.516365,42.820553, Private, Bachelors, Married-civ-spouse, Exec-managerial, Own-child, White, Male, United-States, <=50K
45.666306,136480.58,12.775337,1495.0725,-3.3402815,43.255486, Private, Bachelors, Married-civ-spouse, Prof-specialty, Not-in-family, White, Male, United-States, <=50K
37.145805,98459.5,10.949691,6239.297,303.25726,43.646114, Private, HS-grad, Never-married, Adm-clerical, Not-in-family, White, Female, United-States, <=50K
46.743793,234815.47,5.9560304,278.0445,23.272085,35.040794, Private, Some-college, Married-civ-spouse, Other-service, Husband, White, Male, United-States, <=50K
36.989468,142795.19,7.0344806,295.65826,25.37525,40.916527, Private, HS-grad, Married-civ-spouse, Craft-repair, Husband, White, Male, United-States, <=50K
42.349674,126979.41,10.977275,779.3218,1.0264636,44.742237, Private, HS-grad, Divorced, Craft-repair, Not-in-family, White, Male, United-States, <=50K
45.255398,123376.39,10.354552,1262.3126,-46.94357,40.760185, Private, Some-college, Married-civ-spouse, Adm-clerical, Husband, White, Male, United-States, <=50K
28.786734,149738.61,11.470071,4106.1577,-34.83746,37.782166, Private, HS-grad, Married-civ-spouse, Prof-specialty, Own-child, White, Male, United-States, <=50K
21.542578,206985.67,9.541103,-1125.6143,1368.1288,25.881323, Private, Some-college, Never-married, Adm-clerical, Own-child, White, Female, United-States, <=50K
47.42094,216773.02,9.806134,901.6211,16.840483,49.662758, Private, Some-college, Married-civ-spouse, Exec-managerial, Husband, White, Male, United-States, >50K
43.08758,199468.25,7.6377635,1540.0465,-0.13463868,35.74824, Private, HS-grad, Married-civ-spouse, Craft-repair, Husband, White, Male, United-States, <=50K
26.875725,125511.11,9.4583025,729.84753,-79.74091,36.861187, Private, Some-college, Never-married, Adm-clerical, Not-in-family, White, Female, United-States, <=50K
52.311466,159122.66,7.1256986,272.8952,-35.894306,44.6832, Private, Some-college, Married-civ-spouse, Other-service, Husband, White, Male, United-States, <=50K
33.11943,91588.62,8.668328,704.9733,7.001897,43.595497, Private, HS-grad, Married-civ-spouse, Other-service, Husband, White, Male, United-States, <=50K
40.402245,113200.89,11.888569,290.06573,30.942225,28.283276, Private, Bachelors, Married-civ-spouse, Prof-specialty, Unmarried, White, Female, United-States, <=50K
19.483648,331939.62,9.180595,-179.43866,31.342463,36.434074, Private, HS-grad, Never-married, Other-service, Own-child, White, Female, United-States, <=50K
36.7569,126863.336,11.515658,1067.5105,713.8377,39.387676, Private, Some-college, Married-civ-spouse, Adm-clerical, Husband, White, Male, United-States, <=50K
22.077265,286497.7,8.095858,1266.0143,53.49537,35.700443, Private, HS-grad, Married-civ-spouse, Other-service, Husband, White, Male, United-States, <=50K
33.130447,139173.66,9.824509,2745.0588,-32.128956,44.40806, Private, HS-grad, Married-civ-spouse, Exec-managerial, Husband, White, Male, United-States, <=50K
27.999287,323435.62,11.534178,-238.43866,-17.516977,54.53266, Private, Bachelors, Never-married, Craft-repair, Own-child, White, Male, United-States, <=50K
55.339897,146431.38,8.625888,-521.98334,17.37496,41.393078, Private, HS-grad, Married-civ-spouse, Prof-specialty, Husband, White, Male, United-States, >50K
60.830452,191700.12,8.419339,1800.592,110.909134,35.418896, Private, HS-grad, Married-civ-spouse, Adm-clerical, Husband, White, Male, United-States, <=50K
29.53267,196079.69,8.854296,1654.1583,10.33595,36.81966, Private, Some-college, Never-married, Adm-clerical, Not-in-family, White, Male, United-States, <=50K
44.55718,320185.56,7.7766695,484.13293,42.714348,52.16742, Private, HS-grad, Married-civ-spouse, Craft-repair, Husband, White, Male, United-States, <=50K
54.54287,147065.61,6.2029023,2028.9902,-20.579393,35.29515, Private, HS-grad, Married-civ-spouse, Craft-repair, Husband, White, Male, United-States, <=50K
29.351084,232350.1,8.488516,104.50707,102.73207,34.54986, Private, Some-college, Never-married, Other-service, Own-child, White, Male, United-States, <=50K
30.286732,128881.375,11.457634,-87.535835,39.96711,44.888386, Private, Bachelors, Never-married, Prof-specialty, Not-in-family, White, Female, United-States, <=50K
41.937138,182315.72,10.287679,6716.154,321.277,50.402233, Private, HS-grad, Divorced, Exec-managerial, Not-in-family, White, Male, United-States, >50K
31.061806,365689.3,4.9596577,263.96844,199.65717,47.521824, Private, HS-grad, Never-married, Craft-repair, Not-in-family, White, Male, United-States, <=50K
62.499752,157626.53,11.246349,3466.5068,211.56497,37.447662, Private, HS-grad, Divorced, Prof-specialty, Not-in-family, White, Male, United-States, >50K
36.77209,333547.34,10.4842415,-186.52985,174.23831,31.06862, Private, Some-college, Divorced, Adm-clerical, Unmarried, White, Female, United-States, <=50K
62.292095,152473.3,10.059763,8291.404,-55.35998,37.014374, Private, HS-grad, Married-civ-spouse, Prof-specialty, Husband, White, Male, United-States, >50K
62.664867,80936.31,11.660467,543.64545,105.32566,60.79925, Private, Bachelors, Married-civ-spouse, Craft-repair, Husband, White, Male, United-States, >50K
25.847956,133396.17,8.56217,1081.6624,-12.943149,25.840286, Private, HS-grad, Never-married, Adm-clerical, Own-child, White, Female, United-States, <=50K
40.36348,77344.35,9.567716,1412.8909,103.02204,55.296963, Private, HS-grad, Divorced, Craft-repair, Not-in-family, White, Male, United-States, <=50K
32.594707,230137.8,10.479218,1286.6903,34.674004,36.885628, Private, HS-grad, Married-civ-spouse, Craft-repair, Husband, White, Male, United-States, <=50K
33.26818,210803.55,9.010216,1628.1317,34.96742,43.225254, Private, HS-grad, Married-civ-spouse, Other-service, Husband, White, Male, United-States, >50K
32.4177,201049.31,11.955496,2039.9532,1.2153598,31.480513, Private, Bachelors, Never-married, Prof-specialty, Not-in-family, White, Female, United-States, <=50K
24.677319,243341.16,9.1726465,-814.0495,4.4408083,41.628296, Private, Some-college, Never-married, Exec-managerial, Own-child, White, Female, United-States, <=50K
43.99885,238543.97,8.436333,1743.2177,-7.9967527,41.04123, Private, HS-grad, Married-civ-spouse, Prof-specialty, Unmarried, White, Female, United-States, >50K
48.097977,238833.2,7.8174324,1376.3741,241.64551,40.332977, Private, Some-college, Divorced, Adm-clerical, Unmarried, White, Male, United-States, <=50K
56.75447,182726.53,13.107604,1095.2715,166.5544,42.582977, Private, Bachelors, Divorced, Prof-specialty, Not-in-family, White, Female, United-States, <=50K
36.186874,236453.34,3.8463068,-427.04303,113.726616,45.989315, Private, HS-grad, Married-civ-spouse, Other-service, Husband, White, Male, United-States, <=50K
33.957325,126874.02,8.80183,576.0814,-4.5890226,26.906576, Private, Some-college, Never-married, Adm-clerical, Not-in-family, White, Male, United-States, <=50K
41.83511,281358.75,11.709507,3436.1506,-16.77688,49.238144, Private, HS-grad, Married-civ-spouse, Prof-specialty, Husband, White, Male, United-States, >50K
43.086586,205082.28,12.699302,1158.7566,831.4909,41.619164, Private, Bachelors, Never-married, Prof-specialty, Not-in-family, White, Male, United-States, <=50K
25.993454,259366.06,11.235088,5890.058,-151.3979,56.39942, Private, Bachelors, Never-married, Craft-repair, Not-in-family, White, Male, United-States, >50K
39.711834,134301.34,8.419769,166.92651,3.7947893,39.524403, Private, HS-grad, Married-civ-spouse, Other-service, Husband, White, Male, United-States, <=50K
47.015377,336169.72,6.259196,-1572.1064,-24.349215,47.16424, Private, Some-college, Married-civ-spouse, Exec-managerial, Husband, White, Male, United-States, <=50K
47.754158,144271.66,13.657785,6337.522,290.0185,44.32503, Private, Bachelors, Divorced, Prof-specialty, Not-in-family, White, Male, United-States, >50K
32.432495,103300.914,12.01818,1881.6428,73.58535,42.9578, Private, Bachelors, Never-married, Prof-specialty, Not-in-family, White, Male, United-States, <=50K
23.604671,309713.97,7.694457,-1144.7297,31.905813,28.72709, Private, Some-college, Never-married, Other-service, Own-child, White, Female, United-States, <=50K
38.502438,131238.11,10.58502,1637.9214,-17.16591,40.797794, Private, HS-grad, Married-civ-spouse, Craft-repair, Husband, White, Male, United-States, <=50K
25.55998,131029.69,8.391797,150.2649,15.184201,25.904045, Private, Some-college, Never-married, Other-service, Own-child, White, Female, United-States, <=50K
43.523426,140989.98,9.460144,144.08636,48.977585,43.989983, Private, HS-grad, Divorced, Other-service, Not-in-family, White, Male, United-States, <=50K
52.204716,97904.875,9.454411,2443.4197,93.528336,39.345955, Private, HS-grad, Divorced, Adm-clerical, Not-in-family, White, Female, United-States, <=50K
31.248644,119553.33,10.644485,97.15118,219.36243,41.2483, Private, HS-grad, Married-civ-spouse, Prof-specialty, Husband, White, Female, United-States, >50K
36.253044,227870.03,11.372473,1544.308,79.76041,33.47273, Private, Bachelors, Never-married, Exec-managerial, Not-in-family, White, Male, United-States, <=50K
41.188606,183833.39,10.975315,1578.5383,-39.450962,33.692898, Private, Some-college, Divorced, Exec-managerial, Not-in-family, White, Female, United-States, <=50K
41.535023,181251.64,5.262584,876.0471,166.20622,42.614857, Private, Some-college, Never-married, Adm-clerical, Not-in-family, White, Male, United-States, <=50K
30.953415,162982.16,11.374452,959.9123,-7.1966963,32.567955, Private, Bachelors, Never-married, Adm-clerical, Not-in-family, White, Female, United-States, <=50K
35.54646,265743.62,12.807037,-1144.9146,292.75116,46.582607, Private, Bachelors, Married-civ-spouse, Exec-managerial, Husband, White, Male, United-States, >50K
29.342962,345939.1,9.583737,-1460.0696,-14.174281,41.608418, Private, Some-college, Married-civ-spouse, Exec-managerial, Husband, White, Male, United-States, <=50K
38.01238,156565.75,10.695742,4312.164,61.937405,49.951202, Private, Some-college, Married-civ-spouse, Exec-managerial, Husband, White, Male, United-States, >50K
34.994324,175306.64,11.946076,1611.4789,266.7241,49.41203, Private, Bachelors, Never-married, Adm-clerical, Own-child, White, Male, United-States, <=50K
32.119884,174545.31,11.172043,7992.1206,-77.77082,34.862423, Private, Bachelors, Never-married, Prof-specialty, Unmarried, White, Female, United-States, >50K
37.50475,128451.06,11.518164,4981.108,-60.71159,40.081352, Private, Bachelors, Never-married, Exec-managerial, Not-in-family, White, Male, United-States, <=50K
39.677902,205029.19,11.180728,4294.019,-10.87659,46.0693, Private, Bachelors, Married-civ-spouse, Craft-repair, Husband, White, Male, United-States, >50K
39.16454,247960.45,11.749669,3264.7954,-12.108233,39.150524, Private, Bachelors, Married-civ-spouse, Exec-managerial, Husband, White, Male, United-States, >50K
42.96773,77848.82,11.853323,1344.7377,-21.963015,44.989494, Private, Bachelors, Married-civ-spouse, Prof-specialty, Husband, White, Male, United-States, <=50K
25.566305,246134.69,10.790911,-1837.7073,68.33441,37.530537, Private, Some-college, Never-married, Exec-managerial, Own-child, White, Female, United-States, <=50K
32.156807,103426.586,11.73464,2494.3748,1.2224246,37.119453, Private, Bachelors, Married-civ-spouse, Prof-specialty, Husband, White, Female, United-States, >50K
61.120808,99975.28,10.128016,-620.7918,115.37868,54.682163, Private, HS-grad, Divorced, Exec-managerial, Not-in-family, White, Male, United-States, <=50K
41.836197,172196.33,8.414505,339.14484,144.21616,43.75242, Private, HS-grad, Married-civ-spouse, Craft-repair, Husband, White, Male, United-States, <=50K
48.947475,265866.28,11.167665,-14.432682,43.00145,46.533348, Private, Bachelors, Married-civ-spouse, Exec-managerial, Husband, White, Male, United-States, >50K
24.236506,269603.44,8.769378,540.12177,24.6285,22.754381, Private, HS-grad, Never-married, Other-service, Own-child, White, Male, United-States, <=50K
43.81196,44787.844,12.223377,4712.9927,61.225277,42.909733, Private, Bachelors, Never-married, Prof-specialty, Not-in-family, White, Male, United-States, <=50K
24.617243,151366.64,11.685912,683.7468,93.11873,50.333427, Private, Bachelors, Never-married, Prof-specialty, Own-child, White, Female, United-States, <=50K
50.675056,122153.99,11.628859,9479.567,239.62575,59.378895, Private, Bachelors, Married-civ-spouse, Exec-managerial, Husband, White, Male, United-States, >50K
31.597143,193627.72,9.772454,834.6997,152.31586,56.87333, Private, HS-grad, Divorced, Craft-repair, Not-in-family, White, Male, United-States, <=50K
46.312237,289833.22,3.238924,1589.4216,2.63136,40.416916, Private, HS-grad, Never-married, Other-service, Unmarried, White, Female, United-States, <=50K
36.121502,73679.555,13.537564,7474.7246,7.894635,55.315697, Private, Bachelors, Married-civ-spouse, Exec-managerial, Unmarried, White, Female, United-States, >50K
57.834393,193124.28,9.021316,6458.021,276.97647,56.26367, Private, HS-grad, Divorced, Exec-managerial, Not-in-family, White, Male, United-States, <=50K
40.590244,122413.68,11.990595,263.4605,30.83718,44.34356, Private, Bachelors, Married-civ-spouse, Exec-managerial, Husband, White, Female, United-States, >50K
31.556791,139204.56,12.433068,2120.7195,-60.800014,40.772457, Private, Bachelors, Married-civ-spouse, Prof-specialty, Husband, White, Male, United-States, <=50K
18.816442,268810.9,12.454917,-295.47626,-94.38096,42.48282, Private, Bachelors, Never-married, Prof-specialty, Own-child, White, Female, United-States, <=50K
27.743511,203667.58,9.96977,278.2834,-5.6591215,44.968994, Private, HS-grad, Never-married, Craft-repair, Not-in-family, White, Male, United-States, <=50K
30.19248,331656.75,11.853255,712.95905,81.711586,40.867096, Private, Bachelors, Married-civ-spouse, Prof-specialty, Husband, White, Male, United-States, <=50K
53.343086,92067.21,10.938487,2944.6724,344.74078,50.970078, Private, HS-grad, Married-civ-spouse, Prof-specialty, Husband, White, Male, United-States, >50K
40.333447,112119.47,13.754519,3898.2383,-61.997417,39.937958, Private, Bachelors, Never-married, Prof-specialty, Not-in-family, White, Female, United-States, >50K
40.791363,95979.09,9.794092,1738.9175,7.059842,42.24767, Private, HS-grad, Married-civ-spouse, Other-service, Husband, White, Male, United-States, <=50K
28.405643,181182.27,11.768201,1271.9666,72.90974,42.88373, Private, Some-college, Never-married, Exec-managerial, Own-child, White, Male, United-States, <=50K
39.77359,135520.66,12.854996,3969.469,444.84573,58.456924, Private, Bachelors, Divorced, Exec-managerial, Not-in-family, White, Male, United-States, <=50K
39.520935,143415.08,8.393317,2680.1206,-19.936632,33.55197, Private, HS-grad, Married-civ-spouse, Other-service, Unmarried, White, Female, United-States, <=50K
45.971928,140465.97,9.8618555,3485.501,19.86125,40.218163, Private, HS-grad, Divorced, Other-service, Not-in-family, White, Female, United-States, <=50K
44.354443,155171.95,7.698072,1235.0094,64.2144,46.732353, Private, HS-grad, Married-civ-spouse, Other-service, Husband, White, Male, United-States, <=50K
41.886635,25961.688,11.593321,699.4688,364.49237,72.21865, Private, Bachelors, Married-civ-spouse, Exec-managerial, Husband, White, Male, United-States, <=50K
28.508753,251783.4,11.084049,1749.1934,16.460821,48.182808, Private, HS-grad, Never-married, Craft-repair, Not-in-family, White, Male, United-States, <=50K
37.87279,323373.16,9.681769,-54.895084,13.142476,44.55333, Private, Some-college, Married-civ-spouse, Exec-managerial, Husband, White, Male, United-States, <=50K
37.070965,195872.31,7.3624506,528.71027,35.564953,50.483833, Private, HS-grad, Divorced, Other-service, Unmarried, White, Female, United-States, <=50K
37.643578,84656.09,9.721217,595.97015,-4.750064,26.783937, Private, Some-college, Married-civ-spouse, Exec-managerial, Husband, White, Male, United-States, <=50K
45.960476,94526.56,10.537205,1375.5295,726.9519,49.768288, Private, Some-college, Married-civ-spouse, Craft-repair, Husband, White, Male, United-States, <=50K
39.947174,136475.8,6.906531,844.0646,12.125218,38.795586, Private, HS-grad, Married-civ-spouse, Other-service, Husband, White, Male, United-States, >50K
51.661194,148614.12,12.39877,4222.751,33.392796,47.868847, Private, HS-grad, Married-civ-spouse, Craft-repair, Husband, White, Male, United-States, >50K
26.509674,301437.2,10.624937,690.1638,242.7801,55.69021, Private, HS-grad, Never-married, Adm-clerical, Not-in-family, White, Male, United-States, <=50K
40.51158,197109.16,13.053943,2885.3992,11.071042,38.19283, Private, Bachelors, Married-civ-spouse, Exec-managerial, Husband, White, Female, United-States, >50K
42.4201,73527.22,11.871392,796.4046,-6.4696074,41.569405, Private, Bachelors, Never-married, Sales, Not-in-family, White, Female, United-States, <=50K
54.58583,239165.39,10.565738,328.4267,43.83065,50.100864, Private, HS-grad, Married-civ-spouse, Prof-specialty, Husband, White, Male, United-States, <=50K
36.60022,210833.05,11.156231,-611.7657,28.021814,60.1846, Private, Bachelors, Married-civ-spouse, Exec-managerial, Husband, White, Male, United-States, <=50K
32.03046,251084.81,9.806595,467.0042,9.606816,51.772835, Private, HS-grad, Married-civ-spouse, Adm-clerical, Not-in-family, White, Male, United-States, <=50K
21.970106,198230.44,10.618622,2510.4636,3.8317003,37.965797, Private, HS-grad, Married-civ-spouse, Prof-specialty, Husband, White, Female, United-States, <=50K
35.330547,280431.7,11.119957,5899.811,20.549627,50.159744, Private, HS-grad, Married-civ-spouse, Exec-managerial, Husband, White, Male, United-States, >50K
37.70723,339156.12,7.7165594,807.15924,67.82248,44.251865, Private, Some-college, Married-civ-spouse, Exec-managerial, Unmarried, White, Female, United-States, <=50K
32.003014,89376.06,11.534978,2043.957,-8.165286,39.58171, Private, Bachelors, Never-married, Exec-managerial, Not-in-family, White, Male, United-States, <=50K
37.421074,154315.72,11.89214,2491.1025,65.98377,42.633324, Private, Bachelors, Never-married, Exec-managerial, Not-in-family, White, Female, United-States, >50K
55.47767,163849.12,5.6383166,813.2455,16.544577,39.69074, Private, HS-grad, Married-civ-spouse, Craft-repair, Husband, White, Male, United-States, <=50K
35.450714,142973.19,7.630706,-439.15558,-26.884699,37.611534, Private, HS-grad, Married-civ-spouse, Other-service, Unmarried, White, Female, United-States, <=50K
22.247972,280960.75,9.38832,-193.44708,178.55106,17.609829, Private, HS-grad, Never-married, Other-service, Own-child, White, Female, United-States, <=50K
46.491615,76174.83,9.585674,1901.2823,151.91374,50.959396, Private, HS-grad, Married-civ-spouse, Other-service, Unmarried, White, Female, United-States, <=50K
52.01225,267658.6,12.148891,5248.004,471.3086,60.994297, Private, Bachelors, Married-civ-spouse, Exec-managerial, Husband, White, Male, United-States, >50K
48.225967,233638.33,10.061583,1704.5502,-9.864078,35.20713, Private, HS-grad, Divorced, Adm-clerical, Not-in-family, White, Male, United-States, <=50K
41.318558,212139.98,11.996041,2757.6372,-34.6347,52.37411, Private, Bachelors, Married-civ-spouse, Exec-managerial, Husband, White, Female, United-States, >50K
60.986763,122193.25,10.349631,1189.0676,214.65128,43.127186, Private, HS-grad, Divorced, Exec-managerial, Not-in-family, White, Female, United-States, >50K
21.921057,238060.77,12.824154,1634.3479,37.02753,33.0996, Private, Bachelors, Never-married, Prof-specialty, Own-child, White, Male, United-States, <=50K
27.574892,129442.984,10.415812,315.58832,-46.23524,47.11399, Private, Some-college, Never-married, Craft-repair, Husband, White, Male, United-States, <=50K
26.96509,214010.44,6.220821,-1097.8645,-3.2906446,29.760695, Private, HS-grad, Never-married, Other-service, Own-child, White, Female, United-States, <=50K
50.353848,112762.266,9.424937,1420.5358,59.459568,38.366745, Private, HS-grad, Divorced, Other-service, Not-in-family, White, Female, United-States, <=50K
41.439537,158636.67,7.413299,31.538998,32.77188,33.74916, Private, HS-grad, Married-civ-spouse, Craft-repair, Husband, White, Male, United-States, <=50K
33.22741,142353.31,12.578323,7300.294,18.079718,38.652084, Private, Bachelors, Never-married, Craft-repair, Not-in-family, White, Male, United-States, <=50K
29.25166,171006.67,11.018524,1540.0453,-3.4660292,39.964264, Private, HS-grad, Never-married, Craft-repair, Not-in-family, White, Male, United-States, <=50K
38.221497,83763.62,8.892712,1894.7992,243.17598,43.19708, Private, HS-grad, Married-civ-spouse, Craft-repair, Husband, White, Male, United-States, >50K
43.936485,81336.54,14.7322035,8185.241,-10.408938,49.6078, Private, Bachelors, Married-civ-spouse, Prof-specialty, Husband, White, Male, United-States, >50K
27.814903,177153.16,9.234571,288.61243,1.3599216,41.020203, Private, HS-grad, Never-married, Craft-repair, Own-child, White, Male, United-States, <=50K
35.68398,246312.95,6.4219923,951.63617,94.63027,54.262234, Private, HS-grad, Divorced, Craft-repair, Husband, White, Male, United-States, <=50K
38.398937,271305.7,10.812059,1254.9274,-54.7319,40.336403, Private, HS-grad, Married-civ-spouse, Craft-repair, Husband, White, Male, United-States, <=50K
21.697285,148333.66,11.369101,1334.3218,-30.463335,42.485676, Private, Bachelors, Never-married, Adm-clerical, Not-in-family, White, Male, United-States, <=50K
33.10882,311197.5,12.741901,2588.6626,94.619286,35.468388, Private, Bachelors, Never-married, Prof-specialty, Not-in-family, White, Female, United-States, <=50K
36.03409,347015.6,7.5185957,-2309.1113,114.748924,37.938976, Private, Some-college, Married-civ-spouse, Other-service, Husband, White, Male, United-States, <=50K
22.018871,253762.14,10.232407,990.6152,89.43603,47.78602, Private, Some-college, Never-married, Craft-repair, Own-child, White, Male, United-States, <=50K
50.111515,154820.11,9.11537,2865.4136,407.65323,38.91235, Private, HS-grad, Married-civ-spouse, Craft-repair, Husband, White, Male, United-States, >50K
44.82138,154551.95,11.050162,-1509.0393,-3.0707655,62.654984, Private, Some-college, Married-civ-spouse, Exec-managerial, Husband, White, Male, United-States, >50K
25.548347,134666.31,13.089503,1486.6786,-49.62295,34.19055, Private, Bachelors, Married-civ-spouse, Prof-specialty, Husband, White, Female, United-States, <=50K
43.706715,199351.94,8.190964,1703.6299,33.939404,46.946167, Private, HS-grad, Divorced, Adm-clerical, Not-in-family, White, Male, United-States, <=50K
32.2398,76312.18,7.887179,290.651,-63.35513,47.449886, Private, Some-college, Never-married, Craft-repair, Not-in-family, White, Male, United-States, <=50K
59.648,42750.344,9.46379,9306.907,-37.43839,45.50338, Private, HS-grad, Married-civ-spouse, Prof-specialty, Husband, White, Male, United-States, >50K
48.964787,150864.75,6.7280726,910.25476,60.90138,44.63844, Private, HS-grad, Divorced, Other-service, Not-in-family, White, Male, United-States, <=50K
29.976242,75159.09,13.722931,2100.8672,-26.23807,57.178253, Private, Bachelors, Never-married, Exec-managerial, Husband, White, Male, United-States, >50K
62.672783,120379.82,6.84058,2619.6343,27.583113,44.593166, Private, HS-grad, Married-civ-spouse, Craft-repair, Husband, White, Male, United-States, <=50K
42.898438,212864.94,6.4057913,1448.8907,235.23698,35.520885, Private, HS-grad, Never-married, Craft-repair, Own-child, White, Male, United-States, <=50K
38.02087,120938.414,10.520115,2335.271,216.93762,43.149776, Private, Some-college, Married-civ-spouse, Craft-repair, Husband, White, Male, United-States, >50K
37.174747,211120.45,10.671444,2859.4692,-9.902812,48.51913, Private, HS-grad, Married-civ-spouse, Craft-repair, Husband, White, Male, United-States, >50K
25.705708,244729.23,8.705196,1676.3475,-16.359056,45.302547, Private, HS-grad, Never-married, Craft-repair, Own-child, White, Male, United-States, <=50K
27.18824,192937.52,9.896035,1705.9243,37.16668,43.321114, Private, HS-grad, Never-married, Craft-repair, Own-child, White, Male, United-States, <=50K
43.97607,157963.78,8.889643,578.5835,127.16219,47.37276, Private, Some-college, Divorced, Adm-clerical, Not-in-family, White, Male, United-States, <=50K
38.987682,259729.31,5.8396177,408.33777,36.353737,40.44261, Private, HS-grad, Never-married, Other-service, Unmarried, White, Male, United-States, <=50K
18.915554,316369.3,7.2832947,800.75586,-5.812724,31.94774, Private, Some-college, Never-married, Craft-repair, Own-child, White, Male, United-States, <=50K
57.386253,105802.21,9.721228,398.90656,211.24388,34.831814, Private, HS-grad, Married-civ-spouse, Adm-clerical, Unmarried, White, Female, United-States, <=50K
29.041124,225302.97,7.909704,1819.7866,51.1286,23.508877, Private, Some-college, Never-married, Exec-managerial, Own-child, White, Male, United-States, <=50K
43.099564,161437.38,8.526948,194.79028,228.1009,43.212734, Private, Some-college, Married-civ-spouse, Craft-repair, Husband, White, Male, United-States, <=50K
55.646965,72221.01,10.178279,2623.4463,458.93137,29.374681, Private, HS-grad, Divorced, Adm-clerical, Not-in-family, White, Male, United-States, <=50K
24.226374,186388.72,8.757044,1166.5293,-53.90916,47.451557, Private, Some-college, Never-married, Craft-repair, Not-in-family, White, Male, United-States, <=50K
37.718792,143110.5,10.319074,1168.5853,7.1867495,46.216663, Private, Bachelors, Never-married, Other-service, Own-child, White, Male, United-States, <=50K
35.859226,345810.0,5.8427887,144.75415,41.47291,48.71963, Private, HS-grad, Divorced, Adm-clerical, Unmarried, White, Male, United-States, <=50K
32.81571,234707.11,6.6720395,-520.51447,-8.919063,39.645317, Private, Some-college, Married-civ-spouse, Other-service, Own-child, White, Male, United-States, <=50K
52.71681,312189.84,6.6243553,869.827,5.154248,56.323124, Private, HS-grad, Divorced, Adm-clerical, Unmarried, White, Female, United-States, <=50K
35.545597,133247.88,10.929251,545.67487,32.362797,57.45578, Private, Some-college, Married-civ-spouse, Exec-managerial, Husband, White, Male, United-States, >50K
29.80083,173860.56,8.819014,836.87775,-22.35641,42.0367, Private, HS-grad, Married-civ-spouse, Craft-repair, Husband, White, Male, United-States, <=50K
40.633224,199450.72,12.081618,2114.1704,75.7475,30.77841, Private, Bachelors, Married-civ-spouse, Prof-specialty, Husband, White, Female, United-States, >50K
28.376984,160714.03,9.551906,3082.3787,-104.46928,28.920588, Private, HS-grad, Never-married, Adm-clerical, Not-in-family, White, Female, United-States, <=50K
23.25598,201846.94,8.7322,4868.6636,156.29161,29.466196, Private, HS-grad, Married-civ-spouse, Other-service, Husband, White, Male, United-States, <=50K
32.432175,303764.7,11.085097,62.49206,336.53537,38.288128, Private, Some-college, Never-married, Adm-clerical, Own-child, White, Male, United-States, <=50K
34.260002,227502.38,9.22902,192.61212,140.66891,40.9765, Private, HS-grad, Never-married, Adm-clerical, Unmarried, White, Female, United-States, <=50K
47.13647,161314.83,9.071834,705.69794,-21.567965,34.734478, Private, HS-grad, Married-civ-spouse, Adm-clerical, Unmarried, White, Female, United-States, <=50K
33.409626,154421.6,7.548186,945.64685,-39.38204,55.161514, Private, HS-grad, Married-civ-spouse, Craft-repair, Husband, White, Male, United-States, <=50K
26.617048,292089.66,8.716207,1989.7502,250.82503,37.35291, Private, HS-grad, Never-married, Adm-clerical, Not-in-family, White, Male, United-States, <=50K
33.38467,102794.76,9.716174,771.84375,-14.035678,38.664825, Private, HS-grad, Married-civ-spouse, Sales, Husband, White, Male, United-States, <=50K
39.02759,378725.97,8.977028,1398.0182,16.243925,46.615505, Private, HS-grad, Divorced, Craft-repair, Not-in-family, White, Male, United-States, <=50K
33.341026,134308.17,12.985485,3794.196,7.576413,43.938072, Private, Bachelors, Married-civ-spouse, Prof-specialty, Unmarried, White, Female, United-States, >50K
17.095148,57978.406,12.073307,3145.811,-83.25445,36.131374, Private, Bachelors, Married-civ-spouse, Exec-managerial, Husband, White, Male, United-States, >50K
36.965153,186320.23,12.282727,15145.925,-95.15977,38.22933, Private, HS-grad, Married-civ-spouse, Prof-specialty, Husband, White, Male, United-States, >50K
22.006413,203297.42,9.324209,-838.9555,-23.800982,33.965656, Private, HS-grad, Never-married, Other-service, Own-child, White, Female, United-States, <=50K
33.908115,70008.8,8.732808,351.26984,53.698006,47.92309, Private, Some-college, Married-civ-spouse, Craft-repair, Husband, White, Male, United-States, <=50K
56.12922,106800.35,10.426859,3121.8062,255.5629,34.756573, Private, HS-grad, Married-civ-spouse, Prof-specialty, Husband, White, Female, United-States, >50K
33.763554,285305.7,8.540422,1638.2053,112.789925,39.73259, Private, HS-grad, Never-married, Adm-clerical, Not-in-family, White, Male, United-States, <=50K
30.88096,289490.47,9.282141,818.28577,-14.585216,38.10514, Private, HS-grad, Married-civ-spouse, Craft-repair, Husband, White, Male, United-States, <=50K
39.7548,195552.11,6.576061,1158.2682,72.07503,42.189716, Private, HS-grad, Divorced, Other-service, Not-in-family, White, Male, United-States, <=50K
17.520504,234533.38,8.802379,-1293.0886,-10.459613,21.461884, Private, Some-college, Never-married, Other-service, Own-child, White, Female, United-States, <=50K
33.127323,134732.19,12.079405,673.68054,52.257095,50.133003, Private, Bachelors, Married-civ-spouse, Craft-repair, Husband, White, Male, United-States, <=50K
32.795704,228019.05,11.954181,-291.18524,104.166595,43.282314, Private, Bachelors, Never-married, Exec-managerial, Own-child, White, Male, United-States, <=50K
30.343264,285179.2,11.4509735,636.6648,23.65291,44.46773, Private, HS-grad, Never-married, Adm-clerical, Not-in-family, White, Female, United-States, <=50K
33.62832,146297.44,10.836068,2464.4905,26.105398,44.80194, Private, Bachelors, Never-married, Exec-managerial, Not-in-family, White, Male, United-States, <=50K
24.040508,142228.5,9.079249,425.39508,-13.33398,43.01371, Private, Some-college, Never-married, Other-service, Own-child, White, Male, United-States, <=50K
22.411736,133683.05,11.337156,1698.5011,8.616658,36.027096, Private, HS-grad, Never-married, Other-service, Own-child, White, Male, United-States, <=50K
41.47759,175613.83,11.809986,948.8099,-40.726757,43.584618, Private, Bachelors, Married-civ-spouse, Craft-repair, Husband, White, Male, United-States, <=50K
46.029644,210484.6,11.156862,2302.4766,-25.28052,59.223576, Private, Some-college, Married-civ-spouse, Craft-repair, Husband, White, Male, United-States, >50K
38.60697,181154.95,9.927173,-701.4611,601.7531,39.659378, Private, Some-college, Married-civ-spouse, Exec-managerial, Husband, White, Male, United-States, <=50K
50.70124,272993.97,10.975655,1222.4924,1057.4667,53.19366, Private, HS-grad, Married-civ-spouse, Exec-managerial, Husband, White, Male, United-States, >50K
56.36186,205855.88,8.93969,641.3228,200.2617,53.836285, Private, Some-college, Married-civ-spouse, Sales, Husband, White, Male, United-States, <=50K
22.087812,234014.3,6.331021,1083.0515,-60.460186,34.685455, Private, HS-grad, Never-married, Other-service, Not-in-family, White, Female, United-States, <=50K
20.955809,284845.47,10.672903,-444.25372,-89.331276,33.15996, Private, HS-grad, Never-married, Adm-clerical, Own-child, White, Female, United-States, <=50K
66.7751,227193.83,9.453513,2907.687,67.489746,29.307035, Private, HS-grad, Divorced, Other-service, Not-in-family, White, Female, United-States, <=50K
36.77873,132777.23,11.430167,571.38806,58.193806,62.585903, Private, Some-college, Married-civ-spouse, Craft-repair, Husband, White, Male, United-States, <=50K
36.443474,62455.336,11.637447,3929.5198,91.497345,25.418781, Private, Bachelors, Never-married, Prof-specialty, Not-in-family, White, Female, United-States, <=50K
37.654102,230197.9,8.326511,524.6094,50.683025,47.98831, Private, HS-grad, Married-civ-spouse, Craft-repair, Husband, White, Male, United-States, <=50K
18.29559,256536.22,12.868447,771.4951,151.47046,31.698198, Private, Bachelors, Never-married, Prof-specialty, Own-child, White, Male, United-States, <=50K
18.670086,163374.56,9.888794,1164.6088,-94.28858,20.334133, Private, Some-college, Never-married, Adm-clerical, Not-in-family, White, Female, United-States, <=50K
16.325151,240560.3,9.013081,216.3778,41.769268,36.9647, Private, Some-college, Never-married, Craft-repair, Own-child, White, Male, United-States, <=50K
34.718224,54498.64,12.583216,1518.0363,100.33804,39.402836, Private, Bachelors, Never-married, Exec-managerial, Not-in-family, White, Female, United-States, <=50K
40.034164,307226.7,11.750086,8140.64,101.78329,42.972923, Private, Bachelors, Married-civ-spouse, Exec-managerial, Husband, White, Male, United-States, >50K
32.378338,239540.12,12.058643,715.876,36.564056,47.606884, Private, Bachelors, Married-civ-spouse, Craft-repair, Husband, White, Male, United-States, <=50K
37.941246,190333.73,8.544742,974.6555,-29.342035,26.730675, Private, HS-grad, Never-married, Adm-clerical, Not-in-family, White, Female, United-States, <=50K
52.166275,187155.1,11.213306,5222.709,48.42014,28.4395, Private, Bachelors, Married-civ-spouse, Prof-specialty, Husband, White, Male, United-States, <=50K
35.630676,114990.195,12.094018,-378.05634,1335.7012,44.84176, Private, Bachelors, Never-married, Adm-clerical, Not-in-family, White, Female, United-States, <=50K
30.91899,238909.56,8.152454,-1590.3625,239.38347,38.44789, Private, Some-college, Married-civ-spouse, Adm-clerical, Husband, White, Male, United-States, <=50K
32.582138,279653.28,9.83125,4036.0593,-12.469371,51.122906, Private, Some-college, Married-civ-spouse, Craft-repair, Husband, White, Male, United-States, >50K
28.535145,165197.6,9.372081,-532.01984,10.643521,39.986958, Private, Some-college, Never-married, Exec-managerial, Own-child, White, Male, United-States, <=50K
28.35344,177838.12,7.917982,321.30133,-25.939089,38.15925, Private, HS-grad, Married-civ-spouse, Other-service, Husband, White, Male, United-States, <=50K
25.750809,241115.83,6.7131205,345.50446,111.52695,38.121056, Private, HS-grad, Never-married, Other-service, Own-child, White, Male, United-States, <=50K
45.015274,74608.69,8.805754,696.6048,28.33679,32.54935, Private, HS-grad, Married-civ-spouse, Other-service, Husband, White, Male, United-States, <=50K
34.25401,142404.08,13.492143,2517.6357,21.239935,40.38664, Private, Bachelors, Never-married, Prof-specialty, Husband, White, Male, United-States, <=50K
24.00586,210221.33,11.172784,1646.8567,119.10797,38.85866, Private, HS-grad, Married-civ-spouse, Craft-repair, Husband, White, Male, United-States, <=50K
49.732918,173874.1,8.258894,98.10357,-7.122531,44.41283, Private, Some-college, Married-civ-spouse, Craft-repair, Husband, White, Male, United-States, <=50K
21.2959,185159.98,10.123702,-297.2696,31.139803,35.419407, Private, Some-college, Never-married, Adm-clerical, Unmarried, White, Female, United-States, <=50K
34.271004,149731.69,11.0125265,45.753414,-13.912883,44.74323, Private, Bachelors, Married-civ-spouse, Exec-managerial, Husband, White, Male, United-States, <=50K
43.211006,140157.8,8.795812,1007.14136,-17.057955,30.22346, Private, Some-college, Divorced, Adm-clerical, Not-in-family, White, Male, United-States, <=50K
24.102585,205667.8,10.281517,-90.88557,-42.66067,29.089334, Private, Some-college, Never-married, Adm-clerical, Own-child, White, Female, United-States, <=50K
34.692524,235489.25,9.931635,1635.5938,-42.98631,55.59108, Private, Some-college, Married-civ-spouse, Exec-managerial, Husband, White, Male, United-States, >50K
50.35691,78249.914,12.712356,3252.927,20.77059,54.442627, Private, Bachelors, Divorced, Exec-managerial, Not-in-family, White, Female, United-States, >50K
37.526016,163596.98,10.663479,-499.35345,-26.824121,69.73553, Private, Some-college, Married-civ-spouse, Craft-repair, Husband, White, Male, United-States, <=50K
29.752213,327960.5,7.848019,-427.13824,116.34162,29.230188, Private, HS-grad, Married-civ-spouse, Other-service, Husband, White, Male, United-States, <=50K
40.198944,257566.42,11.464771,549.56024,-3.6972532,39.03492, Private, HS-grad, Married-civ-spouse, Prof-specialty, Husband, White, Male, United-States, <=50K
37.233627,294888.94,11.296097,3337.2134,64.80393,56.981815, Private, Some-college, Married-civ-spouse, Exec-managerial, Husband, White, Male, United-States, >50K
36.289696,202408.0,7.54072,1799.8136,41.059116,45.67576, Private, HS-grad, Divorced, Adm-clerical, Not-in-family, White, Male, United-States, <=50K
24.07164,270507.34,8.100926,674.01666,9.649213,36.74142, Private, Some-college, Never-married, Craft-repair, Not-in-family, White, Male, United-States, <=50K
46.935165,148235.25,11.084301,618.90765,424.07156,55.963955, Private, HS-grad, Married-civ-spouse, Craft-repair, Husband, White, Male, United-States, <=50K
40.981087,144624.78,12.836049,5836.0967,-11.361674,24.07309, Private, Bachelors, Divorced, Prof-specialty, Not-in-family, White, Female, United-States, <=50K
51.64506,200962.27,5.7013927,4049.802,5.4664583,40.756, Private, HS-grad, Divorced, Other-service, Not-in-family, White, Male, United-States, <=50K
55.000366,-6662.0464,12.014663,5223.1665,11.620656,41.176846, Private, HS-grad, Divorced, Exec-managerial, Not-in-family, White, Female, United-States, >50K
43.92549,241507.03,13.421582,3054.5542,193.53363,56.397076, Private, Bachelors, Married-civ-spouse, Prof-specialty, Husband, White, Male, United-States, >50K
35.269505,165971.08,8.340963,932.5787,26.519518,41.39387, Private, HS-grad, Never-married, Craft-repair, Not-in-family, White, Male, United-States, <=50K
49.442123,262876.25,9.57872,3482.7314,-16.342623,44.951565, Private, Some-college, Married-civ-spouse, Exec-managerial, Husband, White, Male, United-States, >50K
34.776386,52823.36,9.05648,647.37695,254.38698,57.080715, Private, Some-college, Married-civ-spouse, Craft-repair, Husband, White, Male, United-States, <=50K
26.406096,194527.23,7.6012225,538.7563,3.6242723,32.739635, Private, HS-grad, Never-married, Adm-clerical, Own-child, White, Male, United-States, <=50K
39.7498,309048.75,7.638585,-669.8443,166.1344,45.675674, Private, Some-college, Divorced, Adm-clerical, Unmarried, White, Male, United-States, <=50K
57.884903,203105.98,7.799532,1428.8953,13.178128,35.943443, Private, HS-grad, Divorced, Exec-managerial, Unmarried, White, Male, United-States, <=50K
28.904287,216834.89,6.7940364,1403.2604,11.089543,24.809042, Private, HS-grad, Never-married, Other-service, Own-child, White, Male, United-States, <=50K
38.275013,207033.2,6.680248,1415.7008,-19.33587,49.478104, Private, HS-grad, Married-civ-spouse, Other-service, Husband, White, Male, United-States, <=50K
43.389103,209478.2,7.8534203,1569.0007,18.990751,42.66361, Private, HS-grad, Divorced, Other-service, Not-in-family, White, Female, United-States, <=50K
31.073765,164719.08,8.450173,-466.51324,21.661558,36.58857, Private, HS-grad, Married-civ-spouse, Other-service, Unmarried, White, Female, United-States, <=50K
34.675278,280276.2,8.959965,4907.067,-36.764996,49.644817, Private, HS-grad, Never-married, Other-service, Not-in-family, White, Female, United-States, <=50K
52.74228,205577.03,8.900035,1696.7261,342.4771,32.531425, Private, Some-college, Divorced, Adm-clerical, Unmarried, White, Female, United-States, <=50K
30.996128,127640.45,8.848952,651.68,103.3725,45.292095, Private, HS-grad, Married-civ-spouse, Craft-repair, Husband, White, Male, United-States, <=50K
52.18323,173768.19,11.202402,1434.3972,261.16312,50.962837, Private, Some-college, Divorced, Craft-repair, Husband, White, Male, United-States, <=50K
29.033365,52137.58,10.428535,5183.5317,-42.38293,47.229538, Private, HS-grad, Never-married, Craft-repair, Own-child, White, Male, United-States, <=50K
45.876347,184178.31,7.6815963,-21.770695,168.03229,38.143246, Private, HS-grad, Married-civ-spouse, Other-service, Husband, White, Male, United-States, <=50K
36.64848,234865.61,12.8421335,1712.658,190.1686,44.95953, Private, Bachelors, Married-civ-spouse, Craft-repair, Husband, White, Male, United-States, >50K
38.81616,139957.77,6.8981986,494.80573,48.79148,49.671856, Private, HS-grad, Divorced, Craft-repair, Husband, White, Male, United-States, <=50K
28.580126,260157.53,11.207748,2042.1211,-20.096712,40.218628, Private, Bachelors, Married-civ-spouse, Craft-repair, Husband, White, Male, United-States, <=50K
25.192024,333703.16,7.6672544,2752.3425,6.4533663,28.609715, Private, HS-grad, Never-married, Adm-clerical, Not-in-family, White, Female, United-States, <=50K
29.763727,255468.39,10.225961,-192.19916,2.473485,43.241783, Private, HS-grad, Married-civ-spouse, Exec-managerial, Husband, White, Male, United-States, <=50K
28.235249,292715.25,9.841562,-811.08136,346.6972,48.560246, Private, Some-college, Never-married, Adm-clerical, Own-child, White, Male, United-States, <=50K
41.170383,116439.34,8.932182,4452.361,40.638657,37.37314, Private, HS-grad, Married-civ-spouse, Exec-managerial, Husband, White, Male, United-States, >50K
30.372889,220978.0,6.9092855,7650.5127,-13.10348,33.361805, Private, HS-grad, Never-married, Other-service, Not-in-family, White, Male, United-States, <=50K
53.04577,159850.94,13.443479,13997.725,-94.99616,45.35838, Private, Bachelors, Divorced, Prof-specialty, Unmarried, White, Female, United-States, >50K
17.883034,360878.94,12.354576,2808.6274,164.24226,22.808357, Private, Bachelors, Never-married, Adm-clerical, Own-child, White, Female, United-States, <=50K
26.990961,176854.8,8.899008,20.80267,32.186535,35.594955, Private, HS-grad, Married-civ-spouse, Other-service, Own-child, White, Male, United-States, <=50K
32.696415,90801.1,9.531582,3457.979,33.772232,32.989445, Private, HS-grad, Never-married, Other-service, Own-child, White, Male, United-States, <=50K
33.150333,135435.4,11.91987,152.47235,49.316284,45.336452, Private, Some-college, Married-civ-spouse, Adm-clerical, Husband, White, Male, United-States, <=50K
43.37751,146037.58,8.957489,2541.4387,50.52166,60.084503, Private, HS-grad, Divorced, Adm-clerical, Not-in-family, White, Female, United-States, <=50K
30.778366,210672.39,7.7211065,1136.785,15.945592,31.539516, Private, HS-grad, Never-married, Other-service, Own-child, White, Male, United-States, <=50K
20.605001,180617.9,9.549429,-620.1838,78.64443,43.46722, Private, Some-college, Married-civ-spouse, Other-service, Own-child, White, Male, United-States, <=50K
48.21594,115519.61,6.93811,1245.6107,35.739624,37.953888, Private, HS-grad, Married-civ-spouse, Other-service, Husband, White, Male, United-States, <=50K
31.558584,128722.52,10.50008,-257.11102,95.36138,43.00233, Private, Some-college, Never-married, Exec-managerial, Own-child, White, Female, United-States, <=50K
30.63839,173915.14,8.586266,5352.6543,2.6634722,42.52554, Private, HS-grad, Never-married, Exec-managerial, Not-in-family, White, Male, United-States, <=50K
36.56993,193299.47,11.311362,4397.5474,-37.522594,48.920734, Private, HS-grad, Married-civ-spouse, Other-service, Husband, White, Male, United-States, <=50K
35.44252,105629.875,11.508665,2398.6943,99.93326,23.499224, Private, Bachelors, Never-married, Adm-clerical, Not-in-family, White, Female, United-States, <=50K
39.158337,298805.44,10.15251,-53.964176,23.094374,46.769978, Private, HS-grad, Married-civ-spouse, Craft-repair, Husband, White, Male, United-States, <=50K
48.485607,166326.14,10.667064,2573.0383,315.1324,45.643562, Private, Some-college, Divorced, Adm-clerical, Not-in-family, White, Male, United-States, <=50K
33.23155,112977.49,11.683484,10569.766,-78.04597,43.790565, Private, HS-grad, Never-married, Prof-specialty, Not-in-family, White, Female, United-States, <=50K
40.05489,226130.2,9.243011,-104.98469,32.911892,39.112473, Private, Some-college, Never-married, Adm-clerical, Not-in-family, White, Female, United-States, <=50K
46.50157,88752.76,12.330663,2970.808,60.311848,35.06564, Private, Bachelors, Married-civ-spouse, Exec-managerial, Unmarried, White, Female, United-States, >50K
63.094257,129846.72,6.275654,2937.179,11.142377,41.488583, Private, HS-grad, Divorced, Other-service, Not-in-family, White, Male, United-States, <=50K
54.61001,125543.44,10.338697,1432.4448,25.383959,28.46039, Private, HS-grad, Divorced, Prof-specialty, Unmarried, White, Female, United-States, <=50K
34.452705,176137.39,11.086036,-1365.6277,254.13084,35.181824, Private, Some-college, Never-married, Adm-clerical, Own-child, White, Female, United-States, <=50K
42.0418,133945.86,9.521265,5559.933,-63.17024,48.868443, Private, HS-grad, Married-civ-spouse, Other-service, Husband, White, Male, United-States, <=50K
45.435318,80972.055,8.872347,3387.0017,388.48975,58.910824, Private, HS-grad, Married-civ-spouse, Craft-repair, Husband, White, Male, United-States, >50K
34.48577,166906.42,12.023945,433.81738,7.132291,65.405785, Private, HS-grad, Married-civ-spouse, Exec-managerial, Not-in-family, White, Male, United-States, <=50K
40.359085,120439.0,6.1288314,2148.6838,-11.139415,38.11672, Private, HS-grad, Never-married, Adm-clerical, Not-in-family, White, Male, United-States, <=50K
27.645199,219274.66,12.960168,2997.3652,-43.898815,45.771793, Private, Bachelors, Never-married, Exec-managerial, Not-in-family, White, Male, United-States, <=50K
30.817402,224973.81,8.487391,1124.3047,-2.203288,30.987793, Private, Some-college, Married-civ-spouse, Craft-repair, Own-child, White, Male, United-States, <=50K
45.062454,98074.67,10.951641,2130.163,-0.37462127,51.899002, Private, HS-grad, Married-civ-spouse, Craft-repair, Husband, White, Male, United-States, >50K
29.437689,85387.484,8.5467005,2658.618,6.3509874,40.942303, Private, HS-grad, Never-married, Other-service, Own-child, White, Male, United-States, <=50K
29.769289,387059.56,10.707751,1701.8984,-40.995754,49.016426, Private, Some-college, Married-civ-spouse, Exec-managerial, Husband, White, Male, United-States, <=50K
38.69134,124902.65,11.811123,2024.2051,11.31722,53.365685, Private, HS-grad, Divorced, Exec-managerial, Not-in-family, White, Female, United-States, <=50K
66.75626,107160.336,11.448991,3159.0447,57.9417,37.33359, Private, HS-grad, Married-civ-spouse, Prof-specialty, Husband, White, Male, United-States, <=50K
35.067757,292189.25,10.268132,2344.0544,-42.700253,47.06484, Private, Some-college, Married-civ-spouse, Craft-repair, Husband, White, Male, United-States, >50K
36.5522,348488.78,7.900228,2895.2078,-22.7726,45.761387, Private, HS-grad, Divorced, Craft-repair, Not-in-family, White, Male, United-States, <=50K
25.426146,72508.586,13.290643,2298.4604,-55.063564,38.23824, Private, Bachelors, Never-married, Prof-specialty, Own-child, White, Male, United-States, <=50K
31.704735,170955.03,9.722253,350.3509,29.410639,47.985847, Private, Some-college, Never-married, Craft-repair, Not-in-family, White, Male, United-States, <=50K
39.564217,268986.88,12.759227,-804.94635,86.79797,43.95498, Private, Bachelors, Divorced, Exec-managerial, Unmarried, White, Female, United-States, <=50K
21.373178,143571.94,7.2330284,417.39313,-88.252785,16.894215, Private, Some-college, Never-married, Adm-clerical, Own-child, White, Female, United-States, <=50K
20.824278,205093.2,5.478154,2473.4758,-8.33018,47.856625, Private, HS-grad, Never-married, Craft-repair, Own-child, White, Male, United-States, <=50K
34.54943,260092.6,8.499234,611.75464,-0.29114044,43.300476, Private, Some-college, Never-married, Adm-clerical, Not-in-family, White, Male, United-States, <=50K
53.98786,105463.89,11.935705,-1243.9412,134.32567,45.931236, Private, Some-college, Divorced, Exec-managerial, Unmarried, White, Female, United-States, <=50K
32.96862,156893.02,8.982628,779.58044,61.465237,42.006718, Private, HS-grad, Married-civ-spouse, Craft-repair, Husband, White, Male, United-States, <=50K
48.970394,230937.7,11.274187,2134.6372,14.135716,52.81888, Private, Some-college, Married-civ-spouse, Craft-repair, Husband, White, Male, United-States, <=50K
54.69747,162445.6,4.980945,2977.6836,43.935604,40.425076, Private, HS-grad, Married-civ-spouse, Craft-repair, Husband, White, Male, United-States, <=50K
49.528027,192491.44,10.472135,1753.4043,38.3935,42.626183, Private, HS-grad, Married-civ-spouse, Craft-repair, Husband, White, Male, United-States, >50K
44.967495,144700.34,11.986887,-33.660954,823.87164,50.500904, Private, HS-grad, Married-civ-spouse, Exec-managerial, Husband, White, Male, United-States, >50K
32.808533,117382.1,10.255346,-139.74164,-80.012825,63.3541, Private, Some-college, Married-civ-spouse, Exec-managerial, Husband, White, Male, United-States, <=50K
31.045614,193766.78,10.9459715,2677.7932,195.49263,41.604057, Private, Bachelors, Married-civ-spouse, Craft-repair, Husband, White, Male, United-States, <=50K
41.841152,195690.34,11.336657,828.3713,-6.5220747,51.1372, Private, Bachelors, Married-civ-spouse, Exec-managerial, Husband, White, Male, United-States, <=50K
19.808731,217125.1,4.7686296,172.60956,-106.87652,39.921883, Private, Some-college, Never-married, Other-service, Own-child, White, Male, United-States, <=50K
39.25841,153541.75,12.059767,2731.059,38.522015,30.262228, Private, Bachelors, Married-civ-spouse, Prof-specialty, Husband, White, Male, United-States, >50K
36.08541,177472.34,10.505952,3934.5806,-14.635707,40.363697, Private, HS-grad, Married-civ-spouse, Craft-repair, Husband, White, Male, United-States, >50K
39.275433,247666.14,8.593166,303.86066,72.05638,32.55192, Private, HS-grad, Married-civ-spouse, Other-service, Unmarried, White, Female, United-States, <=50K
39.27455,159812.58,11.206501,2378.958,7.1881075,40.551464, Private, Bachelors, Married-civ-spouse, Exec-managerial, Husband, White, Male, United-States, >50K
43.028893,194824.6,7.1315413,302.49255,47.61039,44.439888, Private, HS-grad, Married-civ-spouse, Craft-repair, Husband, White, Male, United-States, <=50K
32.65362,188109.3,9.332682,-744.4749,149.48512,40.309086, Private, Some-college, Never-married, Adm-clerical, Own-child, White, Female, United-States, <=50K
43.26173,196446.89,13.134921,1426.0208,9.186185,67.21414, Private, Bachelors, Married-civ-spouse, Exec-managerial, Husband, White, Male, United-States, <=50K
42.29794,151302.36,8.954884,1663.2703,193.91722,42.505802, Private, HS-grad, Married-civ-spouse, Craft-repair, Husband, White, Male, United-States, <=50K
19.971642,354490.5,7.760681,736.25555,76.43885,27.495804, Private, Some-college, Never-married, Other-service, Own-child, White, Male, United-States, <=50K
28.675531,208290.53,7.170557,1653.3405,28.215067,49.16283, Private, HS-grad, Never-married, Other-service, Not-in-family, White, Male, United-States, <=50K
20.174807,321018.12,13.944271,-4.732609,104.20301,45.617565, Private, Bachelors, Never-married, Prof-specialty, Not-in-family, White, Male, United-States, <=50K
40.119125,141854.53,11.361551,10122.731,46.06085,54.86487, Private, HS-grad, Married-civ-spouse, Prof-specialty, Husband, White, Male, United-States, >50K
27.55613,156217.47,12.109004,1296.2479,-61.749798,36.300888, Private, Bachelors, Married-civ-spouse, Exec-managerial, Husband, White, Male, United-States, <=50K
37.533794,161325.36,6.4871492,-327.1667,21.669165,35.27154, Private, HS-grad, Married-civ-spouse, Other-service, Husband, White, Female, United-States, <=50K
33.065414,446883.88,8.5020685,-833.7608,-10.934573,47.54381, Private, HS-grad, Married-civ-spouse, Other-service, Husband, White, Male, United-States, <=50K
50.0413,228764.84,7.315516,2272.08,0.84787476,49.007824, Private, HS-grad, Married-civ-spouse, Other-service, Husband, White, Male, United-States, <=50K
22.227352,301934.94,8.331255,134.39526,18.57971,44.247902, Private, Some-college, Never-married, Adm-clerical, Own-child, White, Male, United-States, <=50K
37.846085,142257.89,11.770285,2597.987,738.1961,31.752539, Private, Bachelors, Married-civ-spouse, Craft-repair, Husband, White, Male, United-States, <=50K
35.06916,225783.97,9.847079,917.31445,-17.049242,42.40538, Private, HS-grad, Married-civ-spouse, Exec-managerial, Husband, White, Male, United-States, <=50K
49.32192,141784.7,10.321281,729.6371,-18.77093,43.023212, Private, Some-college, Married-civ-spouse, Craft-repair, Husband, White, Male, United-States, <=50K
44.335033,183761.45,9.845649,184.39972,56.699383,48.64067, Private, HS-grad, Married-civ-spouse, Craft-repair, Husband, White, Male, United-States, >50K
56.94219,108800.87,13.598299,223.75531,446.0157,46.572357, Private, Bachelors, Married-civ-spouse, Prof-specialty, Husband, White, Male, United-States, <=50K
49.370335,200674.22,11.0926,898.55725,35.933456,38.645023, Private, Some-college, Divorced, Craft-repair, Not-in-family, White, Male, United-States, <=50K
21.378582,140873.17,9.02254,-221.10236,153.80357,34.188652, Private, Some-college, Married-civ-spouse, Adm-clerical, Husband, White, Male, United-States, <=50K
53.061626,63969.766,10.804095,3318.9192,34.830463,45.90669, Private, HS-grad, Divorced, Exec-managerial, Not-in-family, White, Male, United-States, <=50K
36.449104,295264.38,12.448563,1451.3096,258.449,49.40873, Private, Bachelors, Married-civ-spouse, Exec-managerial, Husband, White, Male, United-States, >50K
24.923622,300334.3,11.331564,1447.4727,177.39775,48.492268, Private, HS-grad, Never-married, Adm-clerical, Not-in-family, White, Female, United-States, <=50K
42.85878,177113.45,13.243157,824.63715,19.006498,38.32109, Private, Bachelors, Divorced, Prof-specialty, Not-in-family, White, Female, United-States, <=50K
55.719597,159237.55,11.343789,3036.3206,183.50446,39.212, Private, HS-grad, Divorced, Prof-specialty, Not-in-family, White, Male, United-States, <=50K
52.828922,339024.75,8.764836,-356.09808,46.792374,42.886555, Private, Some-college, Married-civ-spouse, Adm-clerical, Husband, White, Male, United-States, <=50K
26.418106,245075.9,11.943115,1547.5586,10.976186,40.108063, Private, Bachelors, Never-married, Exec-managerial, Not-in-family, White, Male, United-States, <=50K
30.23114,179101.69,9.582895,268.8006,-6.912364,40.185955, Private, Some-college, Married-civ-spouse, Craft-repair, Husband, White, Male, United-States, <=50K
28.035475,392027.44,9.453087,-1488.3093,511.20328,49.530224, Private, Some-college, Never-married, Adm-clerical, Own-child, White, Male, United-States, <=50K
31.246311,233101.44,8.790016,19.052181,-23.758265,44.965225, Private, HS-grad, Married-civ-spouse, Craft-repair, Husband, White, Male, United-States, <=50K
48.249447,201391.73,6.4046683,614.53076,-0.6802701,32.091343, Private, HS-grad, Divorced, Other-service, Unmarried, White, Female, United-States, <=50K
59.73549,102137.984,9.048457,710.6804,142.52037,53.60989, Private, Some-college, Married-civ-spouse, Craft-repair, Husband, White, Male, United-States, >50K
41.676796,147773.84,10.487383,2946.123,44.75999,47.548923, Private, HS-grad, Married-civ-spouse, Other-service, Unmarried, White, Female, United-States, <=50K
33.887016,181259.11,8.096799,3766.8684,20.527311,40.393562, Private, HS-grad, Never-married, Other-service, Not-in-family, White, Male, United-States, <=50K
35.804504,52357.453,11.108984,-541.2115,667.9311,47.597, Private, Some-college, Never-married, Exec-managerial, Not-in-family, White, Female, United-States, <=50K
33.309277,154671.11,10.811227,1431.2155,59.17888,45.226135, Private, HS-grad, Divorced, Adm-clerical, Not-in-family, White, Female, United-States, <=50K
36.36418,239111.9,10.684328,135.00122,2.5512667,52.465847, Private, Some-college, Divorced, Exec-managerial, Not-in-family, White, Male, United-States, >50K
52.469822,72369.98,12.318981,2358.3975,28.767786,28.736782, Private, Bachelors, Divorced, Prof-specialty, Not-in-family, White, Female, United-States, <=50K
38.034737,141127.39,8.954606,655.8582,-27.71631,29.305532, Private, Some-college, Married-civ-spouse, Craft-repair, Own-child, White, Male, United-States, <=50K
39.29592,335704.7,10.114152,-534.3138,348.1755,53.660286, Private, Some-college, Married-civ-spouse, Adm-clerical, Husband, White, Male, United-States, <=50K
50.44453,174646.92,9.025775,262.8109,-12.43484,31.456781, Private, HS-grad, Married-civ-spouse, Adm-clerical, Unmarried, White, Female, United-States, <=50K
28.011024,86690.3,11.708457,350.5882,312.7564,45.185802, Private, Bachelors, Never-married, Adm-clerical, Not-in-family, White, Female, United-States, <=50K
32.64222,176474.05,14.195322,2764.146,35.811954,49.953865, Private, Bachelors, Married-civ-spouse, Prof-specialty, Husband, White, Male, United-States, >50K
29.89762,79176.445,12.528045,6076.5415,-94.853035,40.817997, Private, Bachelors, Married-civ-spouse, Exec-managerial, Husband, White, Male, United-States, >50K
60.179966,123447.85,14.275602,7591.5083,424.82693,34.30071, Private, Bachelors, Married-civ-spouse, Prof-specialty, Husband, White, Male, United-States, >50K
31.763226,173113.86,9.462869,-109.18061,65.42314,44.23607, Private, Some-college, Never-married, Adm-clerical, Not-in-family, White, Female, United-States, <=50K
45.70263,146602.52,8.524578,1546.3109,75.37463,42.35885, Private, HS-grad, Married-civ-spouse, Other-service, Husband, White, Male, United-States, <=50K
36.097744,215028.36,11.921144,128.30511,-5.142871,36.270447, Private, Some-college, Divorced, Exec-managerial, Unmarried, White, Female, United-States, <=50K
36.290447,279971.1,11.20336,2458.2747,10.385442,43.901146, Private, HS-grad, Married-civ-spouse, Craft-repair, Husband, White, Male, United-States, <=50K
34.961422,79432.0,10.07516,215.87738,-35.875072,45.47508, Private, Some-college, Never-married, Exec-managerial, Not-in-family, White, Male, United-States, <=50K
53.077118,132014.81,5.811465,1787.5037,297.18253,42.73115, Private, HS-grad, Divorced, Adm-clerical, Not-in-family, White, Female, United-States, <=50K
28.149641,281792.97,10.705548,910.0342,217.18202,43.40911, Private, HS-grad, Never-married, Adm-clerical, Own-child, White, Male, United-States, <=50K
27.80099,179548.89,6.399365,-1171.644,6.6736116,49.039692, Private, HS-grad, Never-married, Adm-clerical, Own-child, White, Male, United-States, <=50K
43.380978,239287.64,9.833367,3930.1912,-70.89088,46.76431, Private, Some-college, Divorced, Craft-repair, Not-in-family, White, Male, United-States, <=50K
38.256668,122504.39,12.892196,1976.2363,185.94772,43.60988, Private, Bachelors, Never-married, Prof-specialty, Not-in-family, White, Male, United-States, <=50K
48.15123,414632.9,8.598753,-559.2701,88.010284,56.624615, Private, HS-grad, Married-civ-spouse, Other-service, Husband, White, Male, United-States, <=50K
28.592287,163500.5,12.618531,-115.40095,-12.463519,55.220634, Private, Bachelors, Never-married, Craft-repair, Own-child, White, Male, United-States, <=50K
40.536987,223864.1,9.104946,1821.0297,24.26967,39.22201, Private, HS-grad, Married-civ-spouse, Craft-repair, Husband, White, Male, United-States, <=50K
33.646435,185291.48,10.979819,2264.0623,-52.75778,61.73172, Private, HS-grad, Married-civ-spouse, Craft-repair, Husband, White, Male, United-States, <=50K
32.264854,193706.9,13.354834,979.31287,608.275,52.514065, Private, Bachelors, Never-married, Prof-specialty, Husband, White, Male, United-States, >50K
33.649292,179534.42,11.498194,-1062.5295,107.06333,41.219677, Private, Some-college, Divorced, Exec-managerial, Unmarried, White, Female, United-States, <=50K
45.759922,243615.34,9.470768,525.3297,188.10986,47.150196, Private, HS-grad, Married-civ-spouse, Craft-repair, Husband, White, Male, United-States, <=50K
28.479656,158708.23,7.2417817,-206.55182,27.231054,32.058376, Private, HS-grad, Never-married, Other-service, Own-child, White, Male, United-States, <=50K
44.004814,207452.8,8.209339,1936.3405,17.91596,40.577526, Private, HS-grad, Never-married, Craft-repair, Own-child, White, Male, United-States, <=50K
30.419588,180545.19,10.674432,921.64435,8.559278,31.755072, Private, Bachelors, Never-married, Adm-clerical, Own-child, White, Male, United-States, <=50K
26.822926,47790.58,11.374018,-730.91315,211.16441,42.99651, Private, Bachelors, Never-married, Sales, Own-child, White, Male, United-States, <=50K
46.215298,122200.06,12.451125,5842.1094,35.226574,44.076725, Private, Bachelors, Married-civ-spouse, Exec-managerial, Husband, White, Male, United-States, >50K
29.599148,123893.305,12.863504,916.0897,-25.628565,52.303513, Private, Bachelors, Never-married, Exec-managerial, Not-in-family, White, Female, United-States, <=50K
39.49801,277163.53,13.819211,1636.0374,70.193596,38.831367, Private, Bachelors, Never-married, Prof-specialty, Not-in-family, White, Female, United-States, <=50K
41.804806,107986.81,11.427846,-403.87177,641.4582,45.659554, Private, Some-college, Divorced, Adm-clerical, Unmarried, White, Female, United-States, <=50K
38.34447,185529.27,8.206145,640.396,15.216619,43.98144, Private, HS-grad, Divorced, Adm-clerical, Unmarried, White, Female, United-States, <=50K
18.503199,174088.42,10.736764,353.94,-35.81046,38.791473, Private, Bachelors, Never-married, Adm-clerical, Own-child, White, Female, United-States, <=50K
41.66868,190010.62,5.5116057,-1279.9912,47.11583,41.67743, Private, HS-grad, Married-civ-spouse, Other-service, Unmarried, White, Female, United-States, <=50K
46.447304,60764.1,11.606342,2157.081,121.47624,51.243378, Private, HS-grad, Married-civ-spouse, Prof-specialty, Husband, White, Male, United-States, >50K
30.35735,288611.12,12.827944,958.5715,340.9829,39.563416, Private, Bachelors, Never-married, Prof-specialty, Own-child, White, Male, United-States, <=50K
25.738235,213397.39,11.784204,482.63495,31.638365,27.528095, Private, Bachelors, Married-civ-spouse, Prof-specialty, Unmarried, White, Female, United-States, <=50K
40.039017,292217.25,9.00683,-493.21234,42.405605,42.462463, Private, Some-college, Married-civ-spouse, Exec-managerial, Husband, White, Male, United-States, >50K
32.490257,234468.45,7.162089,2549.1748,62.370777,43.503567, Private, HS-grad, Married-civ-spouse, Other-service, Husband, White, Male, United-States, <=50K
31.218304,295850.25,10.310424,362.11023,9.263684,45.643944, Private, Some-college, Married-civ-spouse, Exec-managerial, Husband, White, Male, United-States, <=50K
35.04572,207383.9,8.509914,-6.9318275,-69.18423,45.330956, Private, Some-college, Never-married, Exec-managerial, Not-in-family, White, Male, United-States, <=50K
44.26116,355614.06,9.430985,-619.85565,74.07994,38.251938, Private, Some-college, Married-civ-spouse, Exec-managerial, Husband, White, Male, United-States, <=50K
49.40147,193214.7,12.705165,7903.936,13.216001,41.96686, Private, Bachelors, Never-married, Prof-specialty, Not-in-family, White, Male, United-States, >50K
36.06157,341249.2,7.539056,572.6237,16.08087,42.75467, Private, HS-grad, Married-civ-spouse, Other-service, Unmarried, White, Female, United-States, <=50K
46.93417,257385.08,6.904179,294.1927,46.924313,46.1451, Private, HS-grad, Married-civ-spouse, Other-service, Husband, White, Male, United-States, <=50K
42.661846,178404.88,10.317405,1634.1691,-41.781246,49.497143, Private, HS-grad, Married-civ-spouse, Craft-repair, Husband, White, Male, United-States, <=50K
26.333239,206980.19,11.480636,-446.98334,76.92544,26.975418, Private, Some-college, Never-married, Exec-managerial, Own-child, White, Female, United-States, <=50K
28.32214,173882.44,7.2718363,83.9569,-24.501787,33.17603, Private, HS-grad, Never-married, Other-service, Own-child, White, Female, United-States, <=50K
41.216106,215266.72,13.2124405,2601.564,438.12878,40.68129, Private, HS-grad, Never-married, Prof-specialty, Not-in-family, White, Female, United-States, <=50K
40.552155,161533.64,6.600177,80.08703,106.23255,46.31976, Private, HS-grad, Married-civ-spouse, Craft-repair, Husband, White, Male, United-States, <=50K
44.724934,235680.88,6.7557464,-1098.4343,-16.379198,44.357742, Private, Some-college, Married-civ-spouse, Exec-managerial, Husband, White, Male, United-States, <=50K
37.791294,114657.79,14.783143,4465.0376,90.78822,50.485107, Private, Bachelors, Married-civ-spouse, Exec-managerial, Husband, White, Male, United-States, >50K
27.940178,159579.3,9.703079,-712.89105,171.84215,36.7558, Private, Some-college, Never-married, Adm-clerical, Not-in-family, White, Female, United-States, <=50K
49.978268,117205.664,6.9513597,1736.9441,-28.52862,42.357605, Private, HS-grad, Married-civ-spouse, Craft-repair, Husband, White, Male, United-States, <=50K
45.3515,176655.89,11.720889,868.65466,106.63616,47.444855, Private, HS-grad, Never-married, Craft-repair, Not-in-family, White, Male, United-States, <=50K
34.94848,138830.4,12.4705,-250.38885,629.47095,49.908737, Private, Bachelors, Married-civ-spouse, Exec-managerial, Husband, White, Male, United-States, >50K
31.39787,173587.64,7.4543943,-542.03424,28.526026,44.58232, Private, HS-grad, Married-civ-spouse, Other-service, Husband, White, Male, United-States, <=50K
32.33118,144307.48,7.940705,1153.1555,-13.276309,26.586603, Private, HS-grad, Married-civ-spouse, Other-service, Husband, White, Male, United-States, <=50K
41.312057,231191.4,10.908461,861.7881,-15.910258,50.53394, Private, HS-grad, Divorced, Craft-repair, Not-in-family, White, Male, United-States, <=50K
52.387074,64457.61,9.024653,1349.5687,43.491028,37.537426, Private, HS-grad, Divorced, Other-service, Not-in-family, White, Male, United-States, <=50K
32.319817,196704.36,9.473994,813.1624,237.9749,38.893375, Private, HS-grad, Never-married, Adm-clerical, Not-in-family, White, Female, United-States, <=50K
44.689327,165587.67,11.1473875,308.63446,85.189476,27.66373, Private, Bachelors, Divorced, Adm-clerical, Unmarried, White, Female, United-States, <=50K
53.79743,153148.56,14.197482,1145.5249,102.27974,66.42148, Private, Bachelors, Married-civ-spouse, Exec-managerial, Husband, White, Male, United-States, >50K
25.992153,135709.27,11.121266,-1410.4893,1185.5121,29.475058, Private, Some-college, Never-married, Adm-clerical, Own-child, White, Female, United-States, <=50K
40.763363,128584.336,7.2828093,7589.408,-25.400568,47.37301, Private, HS-grad, Married-civ-spouse, Other-service, Husband, White, Male, United-States, <=50K
29.920946,79820.12,8.654299,-205.56866,-36.269276,36.118492, Private, Some-college, Married-civ-spouse, Exec-managerial, Husband, White, Male, United-States, <=50K
50.273094,109644.305,11.055441,1755.2819,-3.291995,31.196053, Private, HS-grad, Divorced, Craft-repair, Not-in-family, White, Male, United-States, <=50K
25.536596,133023.08,8.3565,3801.4692,78.89456,42.10103, Private, HS-grad, Never-married, Craft-repair, Not-in-family, White, Male, United-States, <=50K
27.031523,249630.67,12.238513,-988.69403,-8.448741,45.202423, Private, Bachelors, Never-married, Exec-managerial, Own-child, White, Male, United-States, <=50K
52.967403,185967.45,10.99492,1027.0034,-28.304201,35.691517, Private, HS-grad, Married-civ-spouse, Sales, Husband, White, Male, United-States, <=50K
30.555403,109578.38,6.8330207,-250.89093,2.8406954,27.245314, Private, HS-grad, Married-civ-spouse, Other-service, Husband, White, Male, United-States, <=50K
24.846815,273130.78,8.683977,-231.09161,18.442533,41.785896, Private, Some-college, Never-married, Adm-clerical, Unmarried, White, Female, United-States, <=50K
59.736412,169241.78,12.512345,3620.1562,44.89511,30.586304, Private, Bachelors, Married-civ-spouse, Prof-specialty, Husband, White, Male, United-States, <=50K
37.597675,197026.52,10.156985,658.7086,39.842667,48.515175, Private, HS-grad, Married-civ-spouse, Craft-repair, Husband, White, Male, United-States, <=50K
33.91449,109059.53,8.966579,3671.6194,-32.692112,36.360653, Private, Some-college, Never-married, Exec-managerial, Not-in-family, White, Male, United-States, <=50K
39.009502,112744.52,12.825744,9477.359,-79.822136,46.55522, Private, Bachelors, Never-married, Prof-specialty, Husband, White, Male, United-States, >50K
35.92905,179019.95,10.936742,1857.7483,25.617079,36.22433, Private, HS-grad, Never-married, Prof-specialty, Not-in-family, White, Male, United-States, <=50K
35.93808,145101.17,7.0021667,1113.2139,24.476099,33.24486, Private, HS-grad, Married-civ-spouse, Other-service, Husband, White, Male, United-States, <=50K
35.382187,268848.06,10.5317135,473.84473,27.86926,49.969654, Private, HS-grad, Married-civ-spouse, Craft-repair, Husband, White, Male, United-States, <=50K
43.25858,100879.43,9.915836,-709.2808,-2.1452208,30.324099, Private, Some-college, Married-civ-spouse, Sales, Husband, White, Female, United-States, <=50K
35.850048,174274.33,8.763023,914.6738,61.83389,30.412216, Private, HS-grad, Never-married, Other-service, Not-in-family, White, Female, United-States, <=50K
32.121437,68712.445,13.007147,3043.1582,-101.65423,45.335266, Private, Bachelors, Married-civ-spouse, Prof-specialty, Husband, White, Male, United-States, >50K
29.13984,555430.2,10.974457,-801.919,203.51161,42.374203, Private, HS-grad, Never-married, Adm-clerical, Not-in-family, White, Male, United-States, <=50K
29.487265,169410.75,8.931673,901.8134,-51.831722,38.294987, Private, Some-college, Never-married, Other-service, Own-child, White, Male, United-States, <=50K
40.75041,51166.547,9.85307,1728.1935,127.44859,48.88587, Private, HS-grad, Married-civ-spouse, Other-service, Husband, White, Male, United-States, <=50K
42.750546,186997.45,7.1164656,901.65717,44.496178,50.184204, Private, HS-grad, Married-civ-spouse, Other-service, Husband, White, Male, United-States, <=50K
29.705748,263487.25,7.8267617,726.57007,42.568874,31.350925, Private, HS-grad, Married-civ-spouse, Other-service, Husband, White, Male, United-States, <=50K
33.635815,329284.72,8.162592,-607.83795,34.094822,40.922016, Private, Some-college, Married-civ-spouse, Exec-managerial, Husband, White, Female, United-States, <=50K
34.936516,67799.98,12.020504,-96.00776,53.024105,54.090385, Private, Bachelors, Married-civ-spouse, Prof-specialty, Husband, White, Male, United-States, <=50K
58.23459,151712.19,11.598369,1139.9022,658.8222,55.92203, Private, Some-college, Married-civ-spouse, Exec-managerial, Husband, White, Male, United-States, >50K
34.8388,207389.06,10.133645,3621.3503,9.931882,42.95364, Private, Some-college, Married-civ-spouse, Craft-repair, Husband, White, Male, United-States, >50K
38.162064,158827.97,12.097309,-917.7221,223.07394,40.92245, Private, Some-college, Married-civ-spouse, Exec-managerial, Unmarried, White, Female, United-States, <=50K
42.8447,149180.98,5.566493,3204.7043,22.184568,35.689095, Private, HS-grad, Never-married, Other-service, Not-in-family, White, Male, United-States, <=50K
36.796482,184451.53,10.26124,1111.2894,531.44855,40.688534, Private, HS-grad, Married-civ-spouse, Sales, Husband, White, Male, United-States, >50K
28.690332,135842.12,8.868748,3787.6077,11.221662,48.609344, Private, HS-grad, Married-civ-spouse, Exec-managerial, Husband, White, Male, United-States, <=50K
25.696894,152905.73,11.791361,1934.6882,29.688253,36.417328, Private, Bachelors, Never-married, Prof-specialty, Not-in-family, White, Female, United-States, <=50K
40.635773,132158.38,10.049329,720.46173,1.066312,42.225815, Private, HS-grad, Married-civ-spouse, Craft-repair, Husband, White, Male, United-States, <=50K
25.749855,182850.78,7.8035,803.32666,-80.55587,44.12426, Private, Some-college, Never-married, Adm-clerical, Not-in-family, White, Male, United-States, <=50K
50.77941,180001.05,9.371667,2414.7808,32.094425,34.11489, Private, HS-grad, Divorced, Craft-repair, Not-in-family, White, Male, United-States, <=50K
45.562435,179375.44,10.838324,836.1128,9.941937,35.39552, Private, Some-college, Married-civ-spouse, Exec-managerial, Husband, White, Male, United-States, <=50K
43.475983,150853.61,12.127178,1707.9058,33.883602,44.09736, Private, HS-grad, Married-civ-spouse, Prof-specialty, Husband, White, Male, United-States, >50K
19.410686,186747.77,10.818784,-447.7376,-77.34495,39.920635, Private, Bachelors, Never-married, Adm-clerical, Own-child, White, Female, United-States, <=50K
53.406845,162852.44,11.072202,2426.7822,141.97978,35.264362, Private, HS-grad, Divorced, Adm-clerical, Not-in-family, White, Female, United-States, <=50K
35.567394,278615.5,11.410209,1054.4231,271.24237,46.647453, Private, Bachelors, Never-married, Adm-clerical, Husband, White, Male, United-States, <=50K
28.431746,207966.88,11.975048,185.32263,77.3129,37.9104, Private, Bachelors, Never-married, Adm-clerical, Not-in-family, White, Female, United-States, <=50K
35.14595,134620.7,11.658295,928.06494,-27.435656,41.179043, Private, Bachelors, Married-civ-spouse, Exec-managerial, Husband, White, Male, United-States, <=50K
49.46732,208064.14,12.8527,-464.49982,16.974142,49.171143, Private, Bachelors, Married-civ-spouse, Exec-managerial, Husband, White, Male, United-States, <=50K
53.031384,79047.28,10.280079,1167.2395,103.72754,22.734818, Private, Some-college, Divorced, Adm-clerical, Not-in-family, White, Female, United-States, <=50K
54.58586,187983.28,10.080592,2564.2473,573.11346,40.864346, Private, HS-grad, Married-civ-spouse, Craft-repair, Husband, White, Male, United-States, >50K
44.47992,36275.11,8.970451,4213.269,-46.905575,45.514614, Private, HS-grad, Never-married, Other-service, Not-in-family, White, Female, United-States, <=50K
30.701958,195568.02,9.455243,1950.242,-82.1899,30.195633, Private, HS-grad, Never-married, Other-service, Not-in-family, White, Female, United-States, <=50K
29.77325,141993.33,10.619788,67.1925,279.80536,31.08819, Private, HS-grad, Married-civ-spouse, Adm-clerical, Husband, White, Female, United-States, <=50K
33.194958,175626.16,12.091887,-955.68744,84.80851,38.368057, Private, Bachelors, Never-married, Adm-clerical, Unmarried, White, Female, United-States, <=50K
38.849968,221543.86,10.289569,3544.9163,-49.50416,49.98846, Private, Some-college, Married-civ-spouse, Craft-repair, Husband, White, Male, United-States, <=50K
33.14066,122316.74,12.393199,228.70544,407.9745,42.82553, Private, Bachelors, Married-civ-spouse, Exec-managerial, Husband, White, Male, United-States, <=50K
51.529953,276558.56,10.176223,653.8707,54.501614,47.02213, Private, HS-grad, Married-civ-spouse, Adm-clerical, Husband, White, Male, United-States, <=50K
22.301796,355024.25,8.78165,-1701.9414,54.834152,41.879585, Private, Some-college, Never-married, Exec-managerial, Own-child, White, Male, United-States, <=50K
43.110184,234333.9,5.7752013,3374.3513,49.72353,44.986984, Private, HS-grad, Never-married, Other-service, Not-in-family, White, Male, United-States, <=50K
37.61702,86725.99,8.312117,1250.5901,-32.795223,32.14758, Private, Some-college, Never-married, Other-service, Not-in-family, White, Female, United-States, <=50K
48.732876,208847.66,10.431939,2942.518,25.842222,44.582615, Private, HS-grad, Married-civ-spouse, Craft-repair, Husband, White, Male, United-States, >50K
30.295443,241481.44,11.039561,850.3337,166.7933,37.311398, Private, Some-college, Never-married, Adm-clerical, Own-child, White, Male, United-States, <=50K
42.829,223105.25,10.089991,572.2122,9.755132,39.744473, Private, HS-grad, Married-civ-spouse, Exec-managerial, Husband, White, Female, United-States, <=50K
42.232666,87024.09,9.335211,2762.5051,-45.16377,34.55002, Private, Some-college, Never-married, Adm-clerical, Not-in-family, White, Male, United-States, <=50K
22.971348,133525.14,6.96038,244.70898,41.659798,33.3021, Private, Some-college, Never-married, Other-service, Own-child, White, Male, United-States, <=50K
26.437046,151670.58,10.615234,-1308.3655,-1.5872906,43.501366, Private, Some-college, Never-married, Adm-clerical, Own-child, White, Female, United-States, <=50K
37.124588,127705.82,10.935261,-469.48895,9.788472,28.707525, Private, Some-college, Never-married, Adm-clerical, Own-child, White, Female, United-States, <=50K
48.57386,173513.08,9.046966,1918.1674,83.84785,46.317085, Private, HS-grad, Married-civ-spouse, Craft-repair, Not-in-family, White, Male, United-States, <=50K
49.346565,310380.75,5.8955917,1139.359,46.041313,55.15667, Private, HS-grad, Married-civ-spouse, Other-service, Husband, White, Male, United-States, <=50K
32.571182,145983.55,10.162055,2131.1228,16.523092,35.653046, Private, Some-college, Never-married, Adm-clerical, Not-in-family, White, Female, United-States, <=50K
43.03007,91755.125,11.533598,3645.1077,-32.22153,48.45995, Private, Some-college, Married-civ-spouse, Exec-managerial, Husband, White, Male, United-States, >50K
29.864,40438.562,12.949348,3600.827,-4.9362745,46.133347, Private, Bachelors, Never-married, Exec-managerial, Not-in-family, White, Female, United-States, <=50K
52.151005,229083.75,9.974567,742.00037,109.89441,47.21393, Private, Some-college, Married-civ-spouse, Exec-managerial, Husband, White, Male, United-States, >50K
30.462069,179960.19,9.172969,460.60278,4.2562,32.16281, Private, Some-college, Never-married, Adm-clerical, Own-child, White, Male, United-States, <=50K
27.519516,116499.766,12.54821,1523.1251,-80.3131,51.24309, Private, Bachelors, Never-married, Prof-specialty, Not-in-family, White, Male, United-States, <=50K
29.297361,189588.12,10.379477,2838.0154,-40.228016,36.29994, Private, HS-grad, Never-married, Other-service, Not-in-family, White, Female, United-States, <=50K
31.33638,160174.73,8.753099,341.61792,158.39922,35.545444, Private, HS-grad, Never-married, Other-service, Own-child, White, Male, United-States, <=50K
32.80134,274920.28,9.825297,1395.2855,122.37486,31.445402, Private, Some-college, Married-civ-spouse, Other-service, Own-child, White, Female, United-States, <=50K
27.632322,185650.92,8.306542,-351.04535,-40.984142,36.30346, Private, Some-college, Never-married, Adm-clerical, Not-in-family, White, Female, United-States, <=50K
35.642883,109028.7,13.654725,3305.394,-50.14819,40.0109, Private, Bachelors, Married-civ-spouse, Prof-specialty, Unmarried, White, Female, United-States, >50K
37.75866,219138.56,12.97783,1180.8604,54.254852,32.285748, Private, Bachelors, Never-married, Prof-specialty, Own-child, White, Male, United-States, <=50K
43.39698,95212.13,11.375389,5389.1626,-106.95797,47.46685, Private, Some-college, Married-civ-spouse, Craft-repair, Husband, White, Male, United-States, >50K
75.2123,80019.62,10.486467,1132.6581,79.70227,32.837963, Private, HS-grad, Married-civ-spouse, Prof-specialty, Husband, White, Female, United-States, >50K
33.412643,211780.88,7.546042,1783.143,-13.422198,32.40119, Private, HS-grad, Married-civ-spouse, Other-service, Husband, White, Male, United-States, <=50K
47.167942,114679.52,7.726176,1961.0153,-61.63699,45.735706, Private, HS-grad, Divorced, Exec-managerial, Unmarried, White, Female, United-States, <=50K
24.526003,183491.94,8.724836,-346.79376,-22.286951,31.535448, Private, Some-college, Married-civ-spouse, Adm-clerical, Unmarried, White, Female, United-States, <=50K
32.32165,102202.47,8.589461,-1553.3691,85.817604,34.33891, Private, Some-college, Married-civ-spouse, Adm-clerical, Husband, White, Male, United-States, <=50K
28.131207,171824.97,9.023018,144.36896,-24.053461,49.902706, Private, Some-college, Never-married, Exec-managerial, Not-in-family, White, Female, United-States, <=50K
16.058182,131626.23,11.838161,-1780.0085,177.85776,31.181787, Private, Some-college, Never-married, Exec-managerial, Own-child, White, Male, United-States, <=50K
58.234837,183809.44,9.465035,1599.0906,46.592426,36.599354, Private, HS-grad, Divorced, Craft-repair, Husband, White, Male, United-States, <=50K
53.630478,224448.8,10.797908,4751.2646,103.80715,46.281094, Private, HS-grad, Married-civ-spouse, Prof-specialty, Husband, White, Male, United-States, >50K
35.234516,148375.1,12.490846,2708.278,-34.89163,47.25785, Private, Bachelors, Married-civ-spouse, Exec-managerial, Husband, White, Male, United-States, >50K
41.461212,49960.47,9.752368,10285.708,-63.30093,42.967175, Private, HS-grad, Married-civ-spouse, Craft-repair, Husband, White, Male, United-States, >50K
50.607826,224826.45,9.561641,2504.979,33.71306,40.135555, Private, HS-grad, Divorced, Craft-repair, Husband, White, Male, United-States, <=50K
35.12075,176034.81,8.566726,345.35376,43.097588,47.07281, Private, HS-grad, Married-civ-spouse, Exec-managerial, Husband, White, Male, United-States, >50K
39.705177,119673.35,8.295766,442.5219,6.6186266,53.374344, Private, Some-college, Married-civ-spouse, Exec-managerial, Husband, White, Male, United-States, <=50K
40.601032,395664.0,9.265781,2321.2146,242.6908,50.968857, Private, Some-college, Married-civ-spouse, Exec-managerial, Husband, White, Male, United-States, >50K
28.343403,292488.5,7.9731526,1316.3002,-4.0446043,40.45902, Private, Some-college, Never-married, Craft-repair, Own-child, White, Male, United-States, <=50K
31.658861,142881.47,10.969431,4233.6807,-71.94323,48.040894, Private, HS-grad, Married-civ-spouse, Exec-managerial, Husband, White, Male, United-States, <=50K
41.775444,20279.922,13.422478,2921.3801,962.6527,51.092804, Private, Bachelors, Never-married, Prof-specialty, Not-in-family, White, Female, United-States, <=50K
17.713535,194283.27,9.689815,-322.0594,7.7797594,34.56161, Private, Some-college, Never-married, Adm-clerical, Own-child, White, Female, United-States, <=50K
32.028084,199641.47,7.29364,415.71735,-30.649202,46.3171, Private, Some-college, Never-married, Craft-repair, Own-child, White, Male, United-States, <=50K
46.92377,125978.62,8.736929,2201.4453,-7.448451,37.49149, Private, HS-grad, Married-civ-spouse, Craft-repair, Husband, White, Male, United-States, <=50K
44.140186,206148.69,12.942549,-1147.3901,73.58365,65.86156, Private, Bachelors, Married-civ-spouse, Exec-managerial, Husband, White, Male, United-States, <=50K
29.10157,321311.88,5.2066126,-1017.79315,-20.129541,39.229572, Private, Some-college, Married-civ-spouse, Other-service, Own-child, White, Male, United-States, <=50K
29.556715,163893.16,10.682404,398.05444,35.58417,32.21988, Private, Some-college, Married-civ-spouse, Adm-clerical, Husband, White, Male, United-States, <=50K
26.471807,214223.66,9.922963,3002.7012,505.594,34.536922, Private, HS-grad, Never-married, Adm-clerical, Not-in-family, White, Female, United-States, <=50K
26.238527,209474.9,6.379414,827.6999,21.192205,42.49873, Private, HS-grad, Never-married, Other-service, Not-in-family, White, Male, United-States, <=50K
27.68241,104148.61,12.939202,4254.489,-30.650316,40.480263, Private, Bachelors, Married-civ-spouse, Prof-specialty, Husband, White, Male, United-States, >50K
42.673656,155845.92,7.9235673,4847.939,-29.44089,49.77053, Private, HS-grad, Married-civ-spouse, Other-service, Husband, White, Male, United-States, <=50K
35.895958,117134.49,10.39138,76.07452,77.494354,50.218693, Private, Some-college, Married-civ-spouse, Exec-managerial, Husband, White, Female, United-States, >50K
45.455456,138133.67,9.198965,650.42365,39.411884,33.270023, Private, HS-grad, Never-married, Other-service, Not-in-family, White, Male, United-States, <=50K
29.617973,239259.16,7.7700334,846.1635,-47.669643,50.267735, Private, HS-grad, Married-civ-spouse, Craft-repair, Husband, White, Male, United-States, <=50K
47.734085,110516.12,10.94783,2790.3591,49.88871,25.019775, Private, HS-grad, Married-civ-spouse, Exec-managerial, Unmarried, White, Female, United-States, >50K
52.23467,405466.72,8.575691,1173.2122,88.66619,30.576338, Private, HS-grad, Married-civ-spouse, Other-service, Husband, White, Male, United-States, <=50K
43.229748,167729.11,8.163261,-58.912785,-27.966677,34.878933, Private, Some-college, Married-civ-spouse, Craft-repair, Husband, White, Male, United-States, <=50K
28.130224,212973.42,6.921821,624.0282,-37.87794,35.469986, Private, HS-grad, Never-married, Adm-clerical, Not-in-family, White, Female, United-States, <=50K
41.150204,55608.344,11.79494,217.17676,-38.69089,39.75851, Private, Bachelors, Never-married, Adm-clerical, Not-in-family, White, Female, United-States, <=50K
54.039635,189166.34,10.12925,1690.0426,458.2386,50.166016, Private, HS-grad, Married-civ-spouse, Exec-managerial, Husband, White, Female, United-States, >50K
42.036602,221569.94,8.546426,87.494194,79.0416,40.380585, Private, HS-grad, Married-civ-spouse, Adm-clerical, Husband, White, Male, United-States, >50K
32.426632,164796.28,8.6474905,-55.066105,-37.243587,38.562756, Private, Some-college, Never-married, Adm-clerical, Own-child, White, Female, United-States, <=50K
30.087362,191141.08,8.509244,4890.843,-35.48007,41.667797, Private, HS-grad, Never-married, Other-service, Not-in-family, White, Female, United-States, <=50K
16.6412,219882.11,7.941574,681.73016,-48.505,26.97169, Private, Some-college, Never-married, Adm-clerical, Own-child, White, Female, United-States, <=50K
29.279663,283428.06,7.659071,-849.9078,335.5783,38.31627, Private, HS-grad, Married-civ-spouse, Other-service, Husband, White, Male, United-States, <=50K
36.911804,139061.3,7.474288,465.7185,-15.587344,37.38992, Private, HS-grad, Never-married, Other-service, Own-child, White, Male, United-States, <=50K
64.45179,201029.1,13.012063,1294.0043,602.1098,46.174484, Private, Bachelors, Divorced, Prof-specialty, Not-in-family, White, Male, United-States, <=50K
68.314026,49496.062,12.260802,2845.1584,175.39935,43.75153, Private, Bachelors, Divorced, Prof-specialty, Unmarried, White, Male, United-States, <=50K
23.161324,150002.39,6.974735,2593.141,-37.237324,39.424572, Private, HS-grad, Never-married, Adm-clerical, Not-in-family, White, Female, United-States, <=50K
23.561502,211311.31,13.670546,3537.1633,318.45746,41.44537, Private, Bachelors, Never-married, Prof-specialty, Husband, White, Female, United-States, <=50K
41.592987,263075.06,11.338601,3946.3264,75.703094,42.594894, Private, HS-grad, Married-civ-spouse, Prof-specialty, Husband, White, Male, United-States, >50K
50.68043,140583.9,12.312794,1027.2656,261.52734,44.880966, Private, Bachelors, Divorced, Exec-managerial, Not-in-family, White, Male, United-States, <=50K
46.2561,242766.23,9.10717,-196.97516,12.34715,52.347507, Private, HS-grad, Divorced, Other-service, Not-in-family, White, Female, United-States, <=50K
57.90934,189153.78,6.163242,641.4066,131.358,45.588196, Private, HS-grad, Divorced, Other-service, Not-in-family, White, Male, United-States, <=50K
59.051945,92543.0,7.905855,2138.2754,57.59292,45.46701, Private, HS-grad, Married-civ-spouse, Exec-managerial, Husband, White, Male, United-States, <=50K
25.016317,200557.86,11.454864,2215.2412,382.0862,34.890278, Private, Some-college, Never-married, Exec-managerial, Not-in-family, White, Female, United-States, <=50K
64.97158,156747.17,8.791906,1702.7233,21.823423,32.499393, Private, HS-grad, Divorced, Other-service, Unmarried, White, Male, United-States, <=50K
42.067543,210061.12,10.042143,391.88776,9.753514,40.065727, Private, Some-college, Divorced, Adm-clerical, Unmarried, White, Female, United-States, <=50K
36.65409,176849.88,7.384695,1156.3894,31.775656,34.70787, Private, HS-grad, Never-married, Craft-repair, Not-in-family, White, Male, United-States, <=50K
36.619553,560250.3,9.637078,-1532.0637,226.37392,38.29932, Private, Some-college, Married-civ-spouse, Adm-clerical, Husband, White, Male, United-States, <=50K
30.760435,149586.39,10.713736,2510.6577,159.31384,53.360577, Private, Some-college, Married-civ-spouse, Exec-managerial, Husband, White, Male, United-States, >50K
32.877686,222897.4,7.5889125,834.32776,273.90573,40.881058, Private, Some-college, Married-civ-spouse, Craft-repair, Husband, White, Male, United-States, <=50K
45.07076,119352.22,12.158792,1277.7318,392.12677,43.108788, Private, Some-college, Never-married, Adm-clerical, Not-in-family, White, Female, United-States, <=50K
33.01506,212934.27,14.11885,5119.265,-50.484173,55.098137, Private, Bachelors, Married-civ-spouse, Prof-specialty, Not-in-family, White, Male, United-States, >50K
30.968657,247269.16,7.0521235,184.7138,22.493551,38.54722, Private, HS-grad, Never-married, Craft-repair, Husband, White, Male, United-States, <=50K
46.41742,132778.67,8.184505,683.6339,12.799916,27.91874, Private, Some-college, Divorced, Adm-clerical, Not-in-family, White, Female, United-States, <=50K
55.340866,181871.89,11.761,8512.651,-44.018047,36.956177, Private, HS-grad, Divorced, Prof-specialty, Not-in-family, White, Male, United-States, >50K
41.22674,171145.55,12.637783,3092.4944,101.21717,42.34248, Private, HS-grad, Never-married, Prof-specialty, Not-in-family, White, Male, United-States, <=50K
30.24183,146764.06,9.860203,-44.518864,229.00885,56.640045, Private, HS-grad, Never-married, Adm-clerical, Not-in-family, White, Female, United-States, <=50K
50.11859,132213.78,7.0864453,3094.2449,78.108604,36.76501, Private, HS-grad, Divorced, Craft-repair, Not-in-family, White, Male, United-States, <=50K
37.772316,129217.65,12.977836,299.25098,182.0693,39.731785, Private, Bachelors, Never-married, Exec-managerial, Own-child, White, Male, United-States, <=50K
50.501568,174143.4,8.030256,3671.2856,14.695813,56.982704, Private, Some-college, Married-civ-spouse, Exec-managerial, Husband, White, Male, United-States, >50K
44.89795,212565.69,7.1654525,2013.6692,-8.112483,37.74994, Private, HS-grad, Divorced, Craft-repair, Not-in-family, White, Male, United-States, <=50K
45.270603,232240.7,9.20594,1271.3575,71.932526,44.14508, Private, HS-grad, Married-civ-spouse, Exec-managerial, Husband, White, Male, United-States, >50K
38.818043,271206.7,14.598595,3490.731,79.79315,47.156628, Private, Bachelors, Married-civ-spouse, Prof-specialty, Unmarried, White, Female, United-States, >50K
34.726734,226055.25,7.133764,473.29706,29.227636,33.166836, Private, HS-grad, Never-married, Adm-clerical, Not-in-family, White, Male, United-States, <=50K
33.637398,132443.55,10.869583,6140.8975,1.6443301,47.23491, Private, HS-grad, Married-civ-spouse, Exec-managerial, Husband, White, Male, United-States, >50K
42.689262,191632.52,6.9296093,-113.62763,216.75346,48.040012, Private, Some-college, Married-civ-spouse, Exec-managerial, Husband, White, Male, United-States, >50K
29.532246,249563.53,11.371899,777.5871,19.26686,43.717976, Private, Bachelors, Never-married, Exec-managerial, Not-in-family, White, Male, United-States, <=50K
66.62917,160719.6,3.6794276,2298.4043,78.2857,33.374397, Private, HS-grad, Divorced, Other-service, Husband, White, Male, United-States, <=50K
22.799265,255945.28,10.1275215,1806.6411,25.27569,35.058254, Private, Some-college, Married-civ-spouse, Other-service, Husband, White, Male, United-States, <=50K
33.04667,226458.12,9.717545,1549.0542,124.11336,35.693695, Private, HS-grad, Married-civ-spouse, Craft-repair, Husband, White, Male, United-States, <=50K
34.497337,200734.52,8.898758,367.26538,70.09791,43.6027, Private, HS-grad, Never-married, Other-service, Own-child, White, Male, United-States, <=50K
33.276394,124732.05,14.178691,9313.598,-37.475574,43.581917, Private, Bachelors, Never-married, Prof-specialty, Not-in-family, White, Male, United-States, >50K
34.13938,196430.39,8.450739,468.214,266.34674,66.78391, Private, Some-college, Married-civ-spouse, Craft-repair, Husband, White, Male, United-States, <=50K
54.07308,155689.84,4.8501916,1452.2672,6.097493,44.395706, Private, HS-grad, Married-civ-spouse, Other-service, Husband, White, Male, United-States, <=50K
36.700996,102402.44,13.363429,1200.7451,176.76448,57.827877, Private, Bachelors, Married-civ-spouse, Prof-specialty, Husband, White, Male, United-States, <=50K
30.083763,127427.6,10.587803,1124.9955,-9.134074,51.118526, Private, HS-grad, Never-married, Adm-clerical, Unmarried, White, Female, United-States, <=50K
44.94756,163005.5,10.6972885,6446.7314,6.852231,36.51414, Private, HS-grad, Married-civ-spouse, Other-service, Husband, White, Male, United-States, <=50K
41.772022,213414.66,10.063921,5026.4287,86.706535,48.121914, Private, Some-college, Married-civ-spouse, Craft-repair, Husband, White, Male, United-States, >50K
45.827682,116614.24,13.145669,5149.3745,-32.972515,40.45835, Private, Bachelors, Married-civ-spouse, Prof-specialty, Husband, White, Female, United-States, >50K
39.98323,124603.95,9.0998,358.68604,625.0359,53.12289, Private, HS-grad, Married-civ-spouse, Craft-repair, Husband, White, Male, United-States, <=50K
37.26247,150319.56,8.791936,3465.9375,7.78423,48.4911, Private, HS-grad, Married-civ-spouse, Other-service, Husband, White, Male, United-States, <=50K
41.424603,142585.25,10.159867,1649.911,-13.470256,35.81387, Private, HS-grad, Married-civ-spouse, Prof-specialty, Husband, White, Male, United-States, <=50K
41.43639,267725.97,13.371809,3128.3,107.04278,46.522167, Private, Bachelors, Married-civ-spouse, Prof-specialty, Unmarried, White, Female, United-States, >50K
35.58376,134669.6,12.485417,1522.5093,-13.900981,35.236885, Private, Bachelors, Married-civ-spouse, Prof-specialty, Husband, White, Female, United-States, <=50K
29.3957,93633.46,8.529345,1245.3185,12.148335,26.257208, Private, HS-grad, Married-civ-spouse, Other-service, Husband, White, Male, United-States, <=50K
35.619793,306907.5,12.45761,5132.481,-74.30712,46.996986, Private, Bachelors, Married-civ-spouse, Prof-specialty, Husband, White, Male, United-States, >50K
35.988876,74434.055,11.8300495,1215.2357,-30.878283,49.629505, Private, Bachelors, Never-married, Prof-specialty, Not-in-family, White, Female, United-States, <=50K
32.58236,217367.31,11.650803,602.513,-13.283946,46.619007, Private, Some-college, Married-civ-spouse, Exec-managerial, Husband, White, Male, United-States, <=50K
56.120106,287360.25,9.614086,2397.661,80.8899,32.172962, Private, HS-grad, Married-civ-spouse, Other-service, Husband, White, Male, United-States, <=50K
51.820057,86089.4,13.256889,2108.339,41.910866,38.2631, Private, Bachelors, Divorced, Prof-specialty, Not-in-family, White, Male, United-States, <=50K
36.01002,96987.68,7.2519107,2576.5593,64.05388,35.461147, Private, HS-grad, Never-married, Adm-clerical, Not-in-family, White, Female, United-States, <=50K
47.55707,257263.22,11.045939,-237.47186,46.90193,47.839222, Private, HS-grad, Married-civ-spouse, Prof-specialty, Husband, White, Male, United-States, <=50K
47.281876,366600.16,9.947583,1043.3824,114.27065,43.65184, Private, HS-grad, Divorced, Adm-clerical, Not-in-family, White, Female, United-States, <=50K
46.761295,67153.76,12.808287,2907.74,-35.75221,44.606808, Private, Bachelors, Married-civ-spouse, Prof-specialty, Husband, White, Female, United-States, >50K
48.103218,164761.27,8.487184,1616.1509,103.81787,43.44309, Private, HS-grad, Married-civ-spouse, Exec-managerial, Husband, White, Female, United-States, >50K
28.118221,227166.05,10.805155,-903.3902,0.7166263,33.106304, Private, HS-grad, Never-married, Other-service, Unmarried, White, Female, United-States, <=50K
22.699005,403795.47,9.46239,75.206474,-6.263957,47.322872, Private, Some-college, Never-married, Adm-clerical, Own-child, White, Male, United-States, <=50K
37.850533,71959.87,10.749337,467.26678,91.01114,36.723366, Private, HS-grad, Never-married, Other-service, Not-in-family, White, Female, United-States, <=50K
34.747574,89807.336,11.537321,629.7647,-56.30113,54.09671, Private, Some-college, Never-married, Exec-managerial, Not-in-family, White, Male, United-States, <=50K
39.53015,238938.42,4.693694,479.91852,65.80612,38.686916, Private, HS-grad, Married-civ-spouse, Craft-repair, Husband, White, Male, United-States, <=50K
46.072613,164560.77,5.1289287,322.7041,-11.238872,39.559708, Private, Some-college, Married-civ-spouse, Other-service, Husband, White, Male, United-States, <=50K
28.166048,164108.78,11.142235,1055.2166,78.66172,40.708626, Private, HS-grad, Married-civ-spouse, Prof-specialty, Husband, White, Male, United-States, <=50K
29.877703,151907.14,8.773647,-604.0562,46.354084,37.185097, Private, HS-grad, Never-married, Adm-clerical, Own-child, White, Female, United-States, <=50K
37.732243,136200.53,8.960498,227.3695,33.734554,44.828926, Private, HS-grad, Married-civ-spouse, Craft-repair, Husband, White, Male, United-States, <=50K
53.403484,147620.27,12.936715,3148.0923,-5.8037977,50.5022, Private, HS-grad, Married-civ-spouse, Craft-repair, Husband, White, Male, United-States, >50K
32.05076,290643.53,10.270842,184.90448,85.40953,37.845764, Private, Some-college, Married-civ-spouse, Exec-managerial, Husband, White, Male, United-States, <=50K
52.659378,204014.05,8.320947,2806.4124,28.160788,50.978024, Private, HS-grad, Married-civ-spouse, Craft-repair, Husband, White, Male, United-States, >50K
16.90369,290877.66,9.688744,424.86877,164.98279,30.876106, Private, HS-grad, Never-married, Other-service, Own-child, White, Female, United-States, <=50K
39.31515,216637.25,10.772838,7030.922,-33.89529,58.647438, Private, Bachelors, Married-civ-spouse, Craft-repair, Husband, White, Male, United-States, >50K
38.862663,274209.03,11.32535,2048.66,27.04397,51.037464, Private, HS-grad, Married-civ-spouse, Prof-specialty, Unmarried, White, Female, United-States, <=50K
65.8554,214591.86,8.391548,2319.0256,62.597733,47.447155, Private, HS-grad, Divorced, Exec-managerial, Not-in-family, White, Male, United-States, <=50K
38.65879,130052.65,13.87087,3589.5127,-49.918545,40.43773, Private, Bachelors, Married-civ-spouse, Exec-managerial, Not-in-family, White, Female, United-States, >50K
20.244577,194625.88,9.798778,3427.1538,-89.397804,32.967194, Private, HS-grad, Never-married, Adm-clerical, Own-child, White, Female, United-States, <=50K
39.82123,229978.62,11.872646,1223.815,72.79155,54.451637, Private, Bachelors, Married-civ-spouse, Craft-repair, Husband, White, Male, United-States, >50K
35.629547,117689.195,8.485209,3389.807,-24.783266,19.547424, Private, HS-grad, Never-married, Other-service, Not-in-family, White, Female, United-States, <=50K
33.954735,111099.9,12.593465,36.340755,467.1678,37.807796, Private, Some-college, Married-civ-spouse, Exec-managerial, Husband, White, Male, United-States, <=50K
41.550682,213216.73,10.09805,3760.511,13.213094,44.06307, Private, HS-grad, Divorced, Exec-managerial, Not-in-family, White, Female, United-States, <=50K
31.999083,214398.2,8.988656,-731.3614,129.49318,45.06406, Private, Some-college, Married-civ-spouse, Craft-repair, Husband, White, Male, United-States, <=50K
28.876225,122348.32,11.648857,1566.4958,-38.89539,36.68852, Private, Bachelors, Married-civ-spouse, Prof-specialty, Husband, White, Male, United-States, <=50K
27.861525,193072.48,9.965003,-330.65082,15.504247,41.381645, Private, Some-college, Never-married, Exec-managerial, Own-child, White, Male, United-States, <=50K
58.603233,206784.12,9.696704,1102.1285,-38.138386,45.267433, Private, Some-college, Divorced, Exec-managerial, Not-in-family, White, Female, United-States, <=50K
55.59909,229027.14,9.2692585,1267.6604,157.04376,41.41997, Private, HS-grad, Divorced, Adm-clerical, Not-in-family, White, Male, United-States, <=50K
24.44443,196911.31,8.638661,-189.39557,6.3553514,53.60503, Private, HS-grad, Never-married, Other-service, Own-child, White, Male, United-States, <=50K
37.808914,196011.44,8.599975,933.5369,-20.796915,22.510397, Private, Some-college, Never-married, Adm-clerical, Not-in-family, White, Male, United-States, <=50K
40.541416,87221.28,10.73057,2925.6565,23.221182,31.913395, Private, Bachelors, Never-married, Exec-managerial, Not-in-family, White, Female, United-States, <=50K
29.601791,131883.9,10.120323,639.97546,25.447294,41.08308, Private, Some-college, Married-civ-spouse, Sales, Husband, White, Male, United-States, <=50K
31.499739,179557.66,10.285166,536.3778,-2.5232038,44.332874, Private, HS-grad, Never-married, Craft-repair, Own-child, White, Male, United-States, <=50K
38.41341,21642.312,9.578552,2054.4724,206.81013,32.363964, Private, HS-grad, Never-married, Other-service, Unmarried, White, Female, United-States, <=50K
23.109068,181702.72,11.144522,4217.8237,-49.02667,27.234158, Private, Bachelors, Married-civ-spouse, Exec-managerial, Husband, White, Male, United-States, <=50K
45.348957,86348.66,10.67471,-205.38544,14.820127,49.619686, Private, HS-grad, Divorced, Craft-repair, Not-in-family, White, Male, United-States, <=50K
54.55194,189307.81,7.918649,1469.6686,205.1161,49.587612, Private, HS-grad, Divorced, Other-service, Unmarried, White, Female, United-States, <=50K
52.081505,83698.14,12.581059,3502.4146,481.71387,30.374481, Private, Bachelors, Divorced, Prof-specialty, Not-in-family, White, Female, United-States, <=50K
29.091526,144698.42,11.25881,-471.41388,136.7066,44.795586, Private, Some-college, Never-married, Adm-clerical, Not-in-family, White, Male, United-States, <=50K
51.3182,151438.39,8.484848,3780.3652,-0.52032745,51.052757, Private, HS-grad, Married-civ-spouse, Craft-repair, Husband, White, Male, United-States, >50K
27.006039,380305.62,9.882541,-1557.5315,84.64888,45.56128, Private, Some-college, Never-married, Other-service, Own-child, White, Male, United-States, <=50K
44.94976,261306.62,7.6279516,-725.9399,145.97537,45.255665, Private, HS-grad, Married-civ-spouse, Craft-repair, Husband, White, Male, United-States, <=50K
35.365177,321748.8,6.8893213,-888.7734,1.8033954,55.392433, Private, Some-college, Married-civ-spouse, Craft-repair, Husband, White, Male, United-States, <=50K
39.18465,210692.69,8.309648,431.49683,60.609653,46.025436, Private, HS-grad, Married-civ-spouse, Other-service, Husband, White, Male, United-States, <=50K
55.4227,320824.97,11.449223,-250.73456,40.384285,35.259674, Private, HS-grad, Married-civ-spouse, Prof-specialty, Husband, White, Female, United-States, >50K
29.657408,192915.48,9.137277,-1461.5049,515.4184,47.63825, Private, Some-college, Married-civ-spouse, Craft-repair, Husband, White, Male, United-States, <=50K
26.785465,249739.61,5.8310356,434.6101,-46.80305,21.187418, Private, Some-college, Never-married, Other-service, Own-child, White, Male, United-States, <=50K
25.59082,210196.95,7.764449,1443.2328,-50.385952,37.753548, Private, HS-grad, Never-married, Adm-clerical, Not-in-family, White, Male, United-States, <=50K
46.905422,225851.97,9.497605,1805.598,23.920038,39.251694, Private, HS-grad, Divorced, Prof-specialty, Unmarried, White, Female, United-States, <=50K
38.889683,252340.34,9.730497,-244.23029,16.359991,41.595238, Private, Some-college, Married-civ-spouse, Exec-managerial, Husband, White, Male, United-States, >50K
20.471098,190356.23,9.019106,1175.3301,0.030644523,29.505295, Private, Some-college, Never-married, Craft-repair, Not-in-family, White, Male, United-States, <=50K
63.674328,158839.53,13.444949,4769.845,551.41815,28.122936, Private, Bachelors, Married-civ-spouse, Prof-specialty, Not-in-family, White, Male, United-States, >50K
20.839699,57098.344,11.382353,313.3498,-2.1075544,42.093258, Private, Bachelors, Never-married, Other-service, Not-in-family, White, Female, United-States, <=50K
39.28304,159399.27,10.920137,-12.368839,-3.849002,42.130756, Private, Some-college, Married-civ-spouse, Craft-repair, Husband, White, Male, United-States, <=50K
28.514029,97001.28,10.113986,240.47784,-26.518816,34.57764, Private, Some-college, Never-married, Adm-clerical, Own-child, White, Male, United-States, <=50K
33.412113,159539.53,13.5088215,58.499203,11.726987,47.896255, Private, Bachelors, Married-civ-spouse, Exec-managerial, Husband, White, Male, United-States, <=50K
36.0821,253866.39,7.8773856,338.4607,36.89955,42.007465, Private, Some-college, Divorced, Adm-clerical, Unmarried, White, Female, United-States, <=50K
43.16827,127523.516,8.458016,9469.334,505.77863,61.011913, Private, HS-grad, Married-civ-spouse, Exec-managerial, Husband, White, Male, United-States, >50K
34.078117,150206.28,11.691845,533.26227,-28.667986,45.359646, Private, Bachelors, Married-civ-spouse, Exec-managerial, Husband, White, Male, United-States, <=50K
25.35334,229293.78,7.139222,184.98065,-6.3510847,45.093224, Private, Some-college, Never-married, Craft-repair, Not-in-family, White, Male, United-States, <=50K
50.159084,39440.797,10.60926,1356.387,-23.161013,48.62296, Private, HS-grad, Divorced, Other-service, Not-in-family, White, Male, United-States, <=50K
41.65799,115520.93,11.43779,3609.4197,18.740599,44.206013, Private, HS-grad, Married-civ-spouse, Prof-specialty, Husband, White, Male, United-States, <=50K
41.689728,224588.38,6.1494226,1229.4491,58.652405,36.585804, Private, HS-grad, Never-married, Other-service, Own-child, White, Male, United-States, <=50K
26.6517,199817.95,11.117598,440.91986,-51.375256,39.512226, Private, HS-grad, Never-married, Adm-clerical, Unmarried, White, Female, United-States, <=50K
35.431274,221914.12,8.763077,201.69147,61.884575,50.55591, Private, Some-college, Married-civ-spouse, Craft-repair, Husband, White, Male, United-States, <=50K
33.285294,200678.17,13.3553705,2399.9111,300.67474,38.850952, Private, Bachelors, Never-married, Prof-specialty, Not-in-family, White, Male, United-States, <=50K
38.9434,133391.36,12.407684,4081.6008,13.567029,69.759094, Private, HS-grad, Never-married, Prof-specialty, Not-in-family, White, Male, United-States, <=50K
28.938992,56903.484,13.3860855,2346.095,-20.45579,45.12897, Private, Bachelors, Never-married, Exec-managerial, Not-in-family, White, Male, United-States, <=50K
17.776546,256326.31,7.896677,1410.5609,-83.18394,22.15428, Private, HS-grad, Never-married, Other-service, Own-child, White, Female, United-States, <=50K
35.807236,226068.7,8.749877,958.3904,-76.051796,27.593279, Private, HS-grad, Never-married, Adm-clerical, Unmarried, White, Female, United-States, <=50K
31.777807,225494.19,9.314746,-135.87286,118.39164,40.17843, Private, HS-grad, Married-civ-spouse, Other-service, Husband, White, Male, United-States, <=50K
30.908085,245274.08,11.426604,808.4183,-16.804506,50.022453, Private, Bachelors, Married-civ-spouse, Exec-managerial, Own-child, White, Male, United-States, <=50K
24.279202,221220.05,9.482157,882.9947,36.793285,33.920673, Private, HS-grad, Never-married, Other-service, Own-child, White, Male, United-States, <=50K
22.606962,335008.16,8.270431,-53.041447,-16.290155,42.64665, Private, HS-grad, Married-civ-spouse, Adm-clerical, Own-child, White, Male, United-States, <=50K
42.749893,119722.37,10.213955,268.52698,54.979862,36.116894, Private, HS-grad, Divorced, Adm-clerical, Unmarried, White, Female, United-States, <=50K
30.199465,206023.97,10.402811,381.64563,47.247787,33.679993, Private, HS-grad, Married-civ-spouse, Other-service, Husband, White, Male, United-States, <=50K
37.48148,148312.08,9.745279,235.39105,113.92578,31.270048, Private, Some-college, Married-civ-spouse, Adm-clerical, Husband, White, Female, United-States, <=50K
45.506634,68732.58,14.299314,1280.0409,200.80038,59.900738, Private, Bachelors, Married-civ-spouse, Exec-managerial, Unmarried, White, Female, United-States, <=50K
36.132957,125525.086,12.758182,731.11835,7.780408,36.727997, Private, Bachelors, Never-married, Exec-managerial, Not-in-family, White, Male, United-States, <=50K
30.25776,228566.9,12.064897,695.27466,54.388607,45.2085, Private, Bachelors, Never-married, Exec-managerial, Not-in-family, White, Male, United-States, <=50K
38.042572,145190.36,10.592331,879.833,79.41027,44.515804, Private, HS-grad, Divorced, Exec-managerial, Not-in-family, White, Male, United-States, <=50K
41.997658,99565.375,10.762711,3961.76,48.777832,35.901104, Private, HS-grad, Never-married, Adm-clerical, Not-in-family, White, Female, United-States, <=50K
48.006042,200243.55,10.691627,806.1934,26.6621,45.26464, Private, HS-grad, Married-civ-spouse, Exec-managerial, Husband, White, Male, United-States, <=50K
39.044296,303795.94,7.2157135,249.09143,-11.863444,31.200396, Private, HS-grad, Never-married, Other-service, Unmarried, White, Female, United-States, <=50K
34.368374,133730.9,7.3383665,365.43225,59.47081,41.876137, Private, HS-grad, Never-married, Adm-clerical, Not-in-family, White, Female, United-States, <=50K
63.93996,154811.92,5.3059072,2261.4111,22.974806,34.716263, Private, HS-grad, Divorced, Other-service, Not-in-family, White, Female, United-States, <=50K
28.427723,332058.6,10.23982,307.7751,-24.95112,42.659492, Private, HS-grad, Never-married, Craft-repair, Not-in-family, White, Male, United-States, <=50K
44.415924,140091.6,8.373485,7140.6055,117.655685,42.85235, Private, HS-grad, Never-married, Other-service, Not-in-family, White, Male, United-States, <=50K
37.542736,85023.13,12.070665,1993.9083,100.61454,52.98961, Private, Bachelors, Married-civ-spouse, Exec-managerial, Unmarried, White, Male, United-States, <=50K
26.582504,117136.195,12.372017,2787.1558,-31.05955,36.45668, Private, Bachelors, Never-married, Prof-specialty, Own-child, White, Female, United-States, <=50K
33.353607,160232.98,9.90526,683.61475,34.16824,44.415977, Private, HS-grad, Married-civ-spouse, Craft-repair, Husband, White, Male, United-States, <=50K
30.068338,160509.72,9.000741,1262.2072,6.6115007,34.365784, Private, Some-college, Never-married, Craft-repair, Own-child, White, Male, United-States, <=50K
32.750393,174717.44,8.444085,595.4789,40.49313,40.45352, Private, HS-grad, Married-civ-spouse, Other-service, Husband, White, Male, United-States, <=50K
44.93608,139218.73,11.886854,-168.24066,123.87667,53.1473, Private, Bachelors, Married-civ-spouse, Sales, Husband, White, Female, United-States, <=50K
38.770733,152733.5,8.879192,-60.385197,-3.4455748,43.986256, Private, Some-college, Divorced, Adm-clerical, Unmarried, White, Male, United-States, <=50K
42.809315,55987.39,10.172557,4576.499,-4.2886534,45.595627, Private, HS-grad, Married-civ-spouse, Other-service, Husband, White, Male, United-States, >50K
45.40092,284582.06,8.959286,-700.4185,-7.908023,51.44777, Private, HS-grad, Married-civ-spouse, Craft-repair, Husband, White, Male, United-States, >50K
46.150314,119757.484,14.078587,1769.9042,-27.640955,54.28527, Private, Bachelors, Married-civ-spouse, Exec-managerial, Not-in-family, White, Male, United-States, >50K
42.843605,243627.5,14.09863,857.9725,244.88876,38.809807, Private, Bachelors, Never-married, Prof-specialty, Not-in-family, White, Female, United-States, <=50K
36.21644,207164.62,8.117174,1309.5328,6.600461,36.384453, Private, Some-college, Married-civ-spouse, Exec-managerial, Husband, White, Male, United-States, <=50K
44.44141,199411.77,11.89901,2870.071,293.52966,37.641624, Private, Bachelors, Married-civ-spouse, Prof-specialty, Husband, White, Female, United-States, <=50K
54.135788,244742.19,10.14223,653.41315,-2.3666868,45.861004, Private, HS-grad, Married-civ-spouse, Exec-managerial, Husband, White, Male, United-States, >50K
29.878622,222347.33,7.459526,-282.32928,0.9769107,38.918163, Private, Some-college, Never-married, Other-service, Unmarried, White, Female, United-States, <=50K
38.293022,181019.55,12.991701,-87.18415,30.149721,58.20885, Private, Bachelors, Married-civ-spouse, Exec-managerial, Husband, White, Male, United-States, <=50K
40.783108,174967.83,8.781593,1324.6708,61.112415,27.41351, Private, HS-grad, Never-married, Adm-clerical, Not-in-family, White, Male, United-States, <=50K
40.333553,85484.39,11.712115,5603.096,695.43677,40.381065, Private, Bachelors, Married-civ-spouse, Exec-managerial, Husband, White, Male, United-States, >50K
39.327198,131842.11,12.946356,823.94507,71.16335,36.40837, Private, HS-grad, Divorced, Prof-specialty, Unmarried, White, Female, United-States, <=50K
38.744038,206682.9,10.858042,951.6606,-11.756404,44.373222, Private, Bachelors, Married-civ-spouse, Exec-managerial, Husband, White, Male, United-States, >50K
35.907024,203727.73,11.787401,2342.5303,932.1868,47.28257, Private, Bachelors, Married-civ-spouse, Exec-managerial, Husband, White, Male, United-States, >50K
57.091568,331733.6,9.869664,78.80547,59.246086,32.477917, Private, HS-grad, Married-civ-spouse, Craft-repair, Husband, White, Male, United-States, >50K
50.76783,305896.3,10.425815,1268.8622,60.275986,34.151142, Private, HS-grad, Divorced, Other-service, Not-in-family, White, Female, United-States, <=50K
34.262802,143408.23,13.486449,620.4224,234.30515,50.280304, Private, Bachelors, Never-married, Exec-managerial, Not-in-family, White, Male, United-States, <=50K
31.416204,246993.61,11.041559,1971.256,-9.225841,37.610916, Private, HS-grad, Never-married, Other-service, Not-in-family, White, Male, United-States, <=50K
31.458015,111843.25,11.535848,2916.3193,97.366486,34.745148, Private, Bachelors, Never-married, Prof-specialty, Not-in-family, White, Female, United-States, <=50K
38.099346,412046.28,11.603124,-778.1164,105.93057,49.070454, Private, Some-college, Married-civ-spouse, Exec-managerial, Husband, White, Male, United-States, <=50K
36.172436,38468.375,12.013684,2870.4707,68.47581,31.563984, Private, Bachelors, Married-civ-spouse, Prof-specialty, Unmarried, White, Female, United-States, <=50K
48.512,212846.75,11.149799,2450.1497,-9.220294,43.732826, Private, HS-grad, Married-civ-spouse, Prof-specialty, Husband, White, Male, United-States, >50K
26.069946,137922.05,12.00516,3715.951,12.229238,41.781185, Private, Bachelors, Never-married, Prof-specialty, Not-in-family, White, Female, United-States, <=50K
36.663937,235515.23,13.157427,9898.925,-53.887295,34.063503, Private, Bachelors, Married-civ-spouse, Prof-specialty, Husband, White, Male, United-States, >50K
61.6536,119511.14,6.3809533,871.1584,-23.869814,40.541775, Private, HS-grad, Divorced, Other-service, Not-in-family, White, Female, United-States, <=50K
61.689545,204426.44,7.9078674,1728.5387,15.401814,36.85262, Private, HS-grad, Married-civ-spouse, Adm-clerical, Husband, White, Male, United-States, <=50K
41.779797,260849.12,9.367454,544.56226,-13.561122,46.59268, Private, HS-grad, Married-civ-spouse, Craft-repair, Husband, White, Male, United-States, >50K
34.804226,92307.73,8.211803,173.37286,155.14177,44.16283, Private, HS-grad, Married-civ-spouse, Other-service, Husband, White, Male, United-States, <=50K
44.575363,168403.0,6.1058865,-339.9223,16.912558,35.975407, Private, HS-grad, Married-civ-spouse, Other-service, Husband, White, Male, United-States, <=50K
37.29541,187899.98,10.439759,2609.538,11.9101,37.96202, Private, HS-grad, Divorced, Prof-specialty, Unmarried, White, Female, United-States, <=50K
54.593555,169104.62,10.795218,1354.568,59.010864,49.960194, Private, Some-college, Married-civ-spouse, Exec-managerial, Husband, White, Male, United-States, >50K
44.953903,237972.39,12.321773,48.322323,-12.402934,48.13256, Private, Bachelors, Married-civ-spouse, Exec-managerial, Husband, White, Male, United-States, >50K
22.35288,207878.33,11.266848,142.88336,231.73958,29.688461, Private, Bachelors, Never-married, Adm-clerical, Own-child, White, Female, United-States, <=50K
45.909714,206989.25,10.781261,3129.3542,558.50916,65.26566, Private, HS-grad, Married-civ-spouse, Craft-repair, Husband, White, Male, United-States, <=50K
45.78327,220840.94,12.667451,684.31885,7.797597,43.004993, Private, Bachelors, Married-civ-spouse, Prof-specialty, Husband, White, Male, United-States, <=50K
38.99543,317068.72,10.146359,294.95172,-19.900072,58.583363, Private, HS-grad, Married-civ-spouse, Craft-repair, Husband, White, Male, United-States, <=50K
34.472713,355579.06,12.542093,636.9914,-45.815823,39.256554, Private, Bachelors, Never-married, Prof-specialty, Unmarried, White, Female, United-States, <=50K
50.039364,267621.03,8.576067,470.31824,12.422902,37.710842, Private, HS-grad, Married-civ-spouse, Other-service, Husband, White, Male, United-States, <=50K
27.893976,178365.69,6.0220184,-297.1629,0.2748767,54.95077, Private, Some-college, Never-married, Adm-clerical, Not-in-family, White, Male, United-States, <=50K
57.097878,194340.38,8.606839,532.8813,1668.1737,42.661346, Private, HS-grad, Married-civ-spouse, Craft-repair, Husband, White, Male, United-States, <=50K
29.47448,178633.62,8.993689,2023.937,-46.66389,31.406406, Private, HS-grad, Never-married, Other-service, Not-in-family, White, Female, United-States, <=50K
60.201443,213091.62,10.599565,766.3376,83.36657,29.637915, Private, HS-grad, Divorced, Other-service, Not-in-family, White, Female, United-States, <=50K
24.492012,207850.94,10.507192,272.93652,67.72193,42.84619, Private, Some-college, Never-married, Exec-managerial, Own-child, White, Male, United-States, <=50K
22.43242,225547.4,9.978227,351.78876,2.2132998,21.148193, Private, Some-college, Never-married, Adm-clerical, Own-child, White, Male, United-States, <=50K
44.028606,141451.03,8.177943,2832.7437,29.949438,51.086643, Private, HS-grad, Married-civ-spouse, Other-service, Husband, White, Male, United-States, <=50K
40.59363,139590.7,12.947421,995.73676,37.0186,31.585241, Private, Bachelors, Married-civ-spouse, Prof-specialty, Husband, White, Female, United-States, <=50K
28.455276,141265.39,9.535365,149.57483,58.230255,58.16432, Private, Some-college, Never-married, Other-service, Own-child, White, Male, United-States, <=50K
38.53607,338517.78,11.251441,519.2436,-3.6057386,42.425453, Private, Bachelors, Divorced, Craft-repair, Not-in-family, White, Male, United-States, <=50K
34.456745,94785.56,9.449741,217.89154,218.13985,28.90701, Private, Some-college, Married-civ-spouse, Adm-clerical, Husband, White, Female, United-States, <=50K
38.79017,123954.914,10.981807,349.50842,235.22327,51.113857, Private, Bachelors, Married-civ-spouse, Exec-managerial, Husband, White, Male, United-States, <=50K
44.12409,169766.53,11.578691,3582.2178,-11.482631,35.835865, Private, HS-grad, Never-married, Prof-specialty, Not-in-family, White, Male, United-States, <=50K
37.455704,182005.02,11.97546,2952.8572,90.385704,46.340652, Private, Bachelors, Never-married, Craft-repair, Not-in-family, White, Male, United-States, <=50K
34.32554,163013.94,9.475005,731.98364,-76.16634,36.166187, Private, Some-college, Married-civ-spouse, Sales, Husband, White, Male, United-States, <=50K
26.308325,96436.09,9.7849455,2606.8145,-48.71818,39.17201, Private, HS-grad, Never-married, Adm-clerical, Not-in-family, White, Male, United-States, <=50K
38.833664,162559.75,9.245825,2140.1716,-16.213121,44.11415, Private, Some-college, Divorced, Exec-managerial, Not-in-family, White, Male, United-States, <=50K
48.789433,205907.48,9.359902,939.7174,3.5330324,41.86337, Private, HS-grad, Married-civ-spouse, Adm-clerical, Husband, White, Male, United-States, >50K
35.88969,244959.92,7.385275,-687.258,-51.1898,55.101246, Private, Some-college, Divorced, Adm-clerical, Unmarried, White, Female, United-States, <=50K
31.582666,249643.7,8.479983,148.63562,99.88571,36.493946, Private, Some-college, Never-married, Adm-clerical, Own-child, White, Male, United-States, <=50K
35.132824,218212.72,10.715283,1147.6606,-15.532275,40.098034, Private, HS-grad, Never-married, Adm-clerical, Not-in-family, White, Male, United-States, <=50K
46.080414,175788.58,5.700357,-574.5363,-17.040201,38.644325, Private, HS-grad, Married-civ-spouse, Other-service, Husband, White, Female, United-States, <=50K
27.393307,289270.56,11.941224,-2432.5266,220.98537,61.731865, Private, Some-college, Married-civ-spouse, Exec-managerial, Husband, White, Female, United-States, <=50K
31.216219,245435.72,13.621578,-1035.0269,156.71326,36.604263, Private, Bachelors, Never-married, Exec-managerial, Own-child, White, Male, United-States, <=50K
36.74655,147549.78,8.766953,-753.84064,138.2441,40.063168, Private, Some-college, Married-civ-spouse, Exec-managerial, Unmarried, White, Female, United-States, <=50K
38.924503,205866.53,9.286655,742.47656,14.182179,49.033207, Private, HS-grad, Married-civ-spouse, Craft-repair, Husband, White, Male, United-States, <=50K
27.447445,93994.555,10.501244,926.33325,20.675886,38.81478, Private, HS-grad, Never-married, Prof-specialty, Unmarried, White, Female, United-States, <=50K
39.187035,124985.78,4.616587,3724.5176,4.2267733,30.42362, Private, HS-grad, Never-married, Other-service, Not-in-family, White, Male, United-States, <=50K
62.83469,203644.97,8.635732,1703.4061,1.0739185,46.664494, Private, HS-grad, Married-civ-spouse, Craft-repair, Husband, White, Male, United-States, <=50K
46.87098,189272.94,6.0914903,-89.64057,22.465765,52.339085, Private, HS-grad, Married-civ-spouse, Other-service, Husband, White, Male, United-States, <=50K
39.374302,105070.734,11.143819,1456.0739,-32.067158,48.51477, Private, HS-grad, Divorced, Exec-managerial, Not-in-family, White, Female, United-States, <=50K
45.54272,289410.6,8.1835,347.3565,62.17326,45.812683, Private, HS-grad, Married-civ-spouse, Other-service, Husband, White, Male, United-States, <=50K
20.889854,331862.47,10.2099085,298.94733,24.384672,37.14568, Private, HS-grad, Never-married, Prof-specialty, Own-child, White, Male, United-States, <=50K
34.99612,156522.72,11.914275,577.83167,83.312294,43.451767, Private, Bachelors, Divorced, Exec-managerial, Not-in-family, White, Male, United-States, <=50K
48.419495,168926.38,8.562463,3126.4373,29.319918,36.300617, Private, HS-grad, Divorced, Other-service, Not-in-family, White, Male, United-States, <=50K
25.094973,374331.4,11.662482,-28.985538,-82.66111,27.647818, Private, Some-college, Never-married, Adm-clerical, Unmarried, White, Female, United-States, <=50K
23.848108,107882.33,8.329961,-988.15045,-11.697879,39.08226, Private, HS-grad, Married-civ-spouse, Craft-repair, Husband, White, Male, United-States, <=50K
55.427982,44949.656,12.676396,3692.8027,187.10663,30.778536, Private, Bachelors, Married-civ-spouse, Prof-specialty, Husband, White, Male, United-States, >50K
46.508797,205869.72,9.615071,3217.2942,-28.357134,38.938847, Private, HS-grad, Married-civ-spouse, Exec-managerial, Husband, White, Male, United-States, >50K
32.898018,252949.34,8.127426,-189.64679,-6.629298,36.043537, Private, HS-grad, Married-civ-spouse, Other-service, Unmarried, White, Female, United-States, <=50K
35.353622,295588.9,10.602793,542.15454,79.88418,35.501415, Private, Some-college, Never-married, Adm-clerical, Unmarried, White, Female, United-States, <=50K
36.30002,263455.88,10.190115,-337.6585,-4.4350615,45.118088, Private, Some-college, Divorced, Exec-managerial, Not-in-family, White, Female, United-States, <=50K
27.180313,140067.58,9.963942,129.45013,41.110554,29.499212, Private, HS-grad, Never-married, Other-service, Own-child, White, Female, United-States, <=50K
35.41272,227874.02,9.5257435,41.143124,59.90213,31.56965, Private, HS-grad, Never-married, Adm-clerical, Unmarried, White, Female, United-States, <=50K
31.854603,336443.1,11.851601,808.2847,-13.724605,42.97758, Private, Bachelors, Married-civ-spouse, Exec-managerial, Unmarried, White, Female, United-States, >50K
27.176853,177832.62,13.366564,2458.1855,-12.70946,42.06985, Private, Bachelors, Married-civ-spouse, Prof-specialty, Husband, White, Male, United-States, >50K
28.982857,179618.38,10.972943,-412.55487,-19.038965,29.303, Private, HS-grad, Married-civ-spouse, Other-service, Unmarried, White, Female, United-States, <=50K
47.941723,261578.42,10.082705,-1871.449,106.60214,56.024223, Private, Some-college, Married-civ-spouse, Exec-managerial, Husband, White, Male, United-States, <=50K
42.168663,204525.22,7.9780297,1416.1102,4.397954,47.491447, Private, HS-grad, Married-civ-spouse, Craft-repair, Husband, White, Male, United-States, <=50K
57.429153,197123.0,6.5265417,-1361.0981,76.42034,41.81961, Private, Some-college, Married-civ-spouse, Adm-clerical, Husband, White, Female, United-States, <=50K
51.609085,231102.86,9.739243,800.9213,40.2074,47.415363, Private, Some-college, Married-civ-spouse, Exec-managerial, Husband, White, Male, United-States, >50K
33.715107,172370.44,12.912309,698.516,315.8662,54.699738, Private, Bachelors, Never-married, Prof-specialty, Not-in-family, White, Male, United-States, <=50K
62.912605,215629.38,10.798415,2185.429,129.44923,34.4575, Private, HS-grad, Married-civ-spouse, Craft-repair, Husband, White, Male, United-States, <=50K
19.62245,196769.53,10.20939,-249.67365,-21.393953,27.959543, Private, Some-college, Never-married, Adm-clerical, Own-child, White, Female, United-States, <=50K
41.02016,103035.26,13.03856,4766.5923,615.8106,51.675365, Private, HS-grad, Divorced, Exec-managerial, Not-in-family, White, Female, United-States, >50K
28.86306,112555.19,13.699695,1537.1182,85.15864,46.189217, Private, Bachelors, Never-married, Prof-specialty, Not-in-family, White, Female, United-States, <=50K
32.677963,181888.58,11.092838,2722.731,-36.9287,35.44077, Private, HS-grad, Never-married, Exec-managerial, Not-in-family, White, Female, United-States, <=50K
54.568783,140396.7,6.123321,1857.4015,24.528028,23.561388, Private, HS-grad, Never-married, Other-service, Not-in-family, White, Female, United-States, <=50K
51.2687,87699.46,8.277682,682.11847,-37.600574,39.26993, Private, HS-grad, Married-civ-spouse, Exec-managerial, Husband, White, Male, United-States, >50K
31.976528,312375.22,10.764931,-972.476,195.3273,49.327957, Private, Some-college, Married-civ-spouse, Exec-managerial, Husband, White, Male, United-States, <=50K
37.247303,181471.89,11.192359,-1374.6465,46.806812,58.86391, Private, Some-college, Divorced, Exec-managerial, Unmarried, White, Female, United-States, <=50K
29.441479,152648.05,7.5254483,1201.1917,-34.96529,36.64863, Private, HS-grad, Never-married, Other-service, Not-in-family, White, Female, United-States, <=50K
44.781136,299995.8,7.498143,931.2758,84.93847,35.475548, Private, Some-college, Married-civ-spouse, Craft-repair, Husband, White, Male, United-States, <=50K
34.02524,215632.02,10.513693,-1118.2085,266.91165,47.677742, Private, Some-college, Married-civ-spouse, Exec-managerial, Husband, White, Male, United-States, <=50K
32.06715,174956.2,8.31999,144.42688,2.3477602,46.053307, Private, HS-grad, Married-civ-spouse, Adm-clerical, Husband, White, Male, United-States, <=50K
37.514015,97885.1,13.4105425,3421.7498,60.414066,44.76486, Private, Bachelors, Never-married, Prof-specialty, Not-in-family, White, Female, United-States, >50K
27.615824,140672.17,9.827096,1481.8026,47.79459,27.869417, Private, Some-college, Never-married, Adm-clerical, Own-child, White, Male, United-States, <=50K
31.134642,163140.89,11.152562,842.00574,-17.3052,44.501907, Private, HS-grad, Never-married, Other-service, Unmarried, White, Female, United-States, <=50K
36.698074,185746.77,9.974684,-688.2415,44.701706,37.54801, Private, HS-grad, Divorced, Exec-managerial, Unmarried, White, Female, United-States, <=50K
36.157814,265727.8,9.816714,-879.18634,210.02388,37.312164, Private, Some-college, Married-civ-spouse, Exec-managerial, Husband, White, Male, United-States, <=50K
28.800148,245754.89,13.313339,875.78345,-18.249147,37.65782, Private, Bachelors, Never-married, Prof-specialty, Own-child, White, Male, United-States, <=50K
36.1824,302019.8,11.8768,1449.4341,56.004417,34.984375, Private, Bachelors, Married-civ-spouse, Prof-specialty, Husband, White, Male, United-States, <=50K
46.9163,201554.25,10.148131,-928.8814,-87.53126,46.420532, Private, Some-college, Divorced, Exec-managerial, Unmarried, White, Female, United-States, <=50K
27.999504,156112.75,11.5964,960.1563,77.27089,41.85386, Private, Bachelors, Never-married, Adm-clerical, Not-in-family, White, Male, United-States, <=50K
38.184658,222479.81,9.97356,-991.60736,481.37714,42.602615, Private, Some-college, Never-married, Adm-clerical, Own-child, White, Female, United-States, <=50K
26.711811,154758.77,8.664179,2929.5771,26.221212,32.145016, Private, HS-grad, Never-married, Other-service, Own-child, White, Male, United-States, <=50K
23.598833,145654.62,12.469318,1457.8822,807.3852,27.481062, Private, Bachelors, Married-civ-spouse, Prof-specialty, Own-child, White, Female, United-States, <=50K
63.11289,156980.28,10.049516,579.23694,110.15492,46.87137, Private, HS-grad, Divorced, Exec-managerial, Not-in-family, White, Male, United-States, >50K
42.214603,224227.5,7.9716706,665.69763,13.337331,37.411922, Private, HS-grad, Married-civ-spouse, Adm-clerical, Unmarried, White, Female, United-States, <=50K
48.2619,149858.03,8.547046,1335.6046,413.05383,44.346176, Private, Some-college, Never-married, Adm-clerical, Not-in-family, White, Female, United-States, <=50K
29.296122,253192.61,6.9659977,-572.06464,-23.405436,29.326288, Private, Some-college, Never-married, Other-service, Own-child, White, Male, United-States, <=50K
21.514496,232181.05,9.566127,2426.7263,713.15894,37.939495, Private, Some-college, Never-married, Craft-repair, Own-child, White, Male, United-States, <=50K
42.407906,164806.75,9.9017935,1752.461,38.06067,22.072441, Private, HS-grad, Never-married, Other-service, Not-in-family, White, Female, United-States, <=50K
48.102135,98029.945,9.136937,5536.0737,-16.495386,31.449095, Private, HS-grad, Married-civ-spouse, Other-service, Husband, White, Male, United-States, <=50K
47.45163,220943.34,11.88261,1787.3801,260.50482,41.072556, Private, HS-grad, Married-civ-spouse, Prof-specialty, Husband, White, Male, United-States, >50K
27.296864,118828.336,9.653041,-43.102116,-57.498684,34.428883, Private, Some-college, Never-married, Adm-clerical, Own-child, White, Male, United-States, <=50K
42.638443,121504.79,12.627893,2518.9707,117.88671,33.69271, Private, Bachelors, Married-civ-spouse, Prof-specialty, Unmarried, White, Female, United-States, <=50K
38.110046,32276.828,12.25621,2022.9379,310.73807,42.13564, Private, Bachelors, Divorced, Exec-managerial, Not-in-family, White, Female, United-States, <=50K
38.755634,189006.98,6.831742,1139.8993,57.044067,37.76455, Private, HS-grad, Never-married, Other-service, Own-child, White, Male, United-States, <=50K
41.976803,139794.84,8.048922,700.9442,626.4917,34.012253, Private, HS-grad, Married-civ-spouse, Craft-repair, Husband, White, Male, United-States, <=50K
56.64835,85392.72,10.156696,1905.5485,65.167,48.466606, Private, HS-grad, Married-civ-spouse, Craft-repair, Husband, White, Male, United-States, >50K
34.75568,139836.97,12.942547,258.19324,74.53512,54.41648, Private, Bachelors, Married-civ-spouse, Exec-managerial, Husband, White, Male, United-States, <=50K
33.8706,208255.4,11.124989,2655.6082,-61.360622,49.094933, Private, HS-grad, Married-civ-spouse, Craft-repair, Husband, White, Male, United-States, >50K
37.896133,53778.58,8.21398,712.25305,-20.242464,45.887775, Private, HS-grad, Never-married, Other-service, Not-in-family, White, Female, United-States, <=50K
41.26039,52279.08,10.602132,5882.803,-80.67185,17.534868, Private, Bachelors, Never-married, Other-service, Not-in-family, White, Female, United-States, <=50K
43.79069,101885.14,13.876261,-267.6087,171.49075,50.30649, Private, Bachelors, Divorced, Exec-managerial, Not-in-family, White, Female, United-States, <=50K
17.020994,166049.19,10.3031645,-199.461,-12.062968,38.574333, Private, Some-college, Never-married, Adm-clerical, Own-child, White, Male, United-States, <=50K
27.93886,190564.33,13.053399,820.0076,225.27824,51.521168, Private, Bachelors, Never-married, Prof-specialty, Not-in-family, White, Male, United-States, <=50K
50.559597,109575.58,9.706964,433.9544,335.35458,58.994663, Private, HS-grad, Married-civ-spouse, Craft-repair, Husband, White, Male, United-States, >50K
50.38237,95716.64,8.807036,4953.6543,19.623411,63.16681, Private, Some-college, Divorced, Craft-repair, Not-in-family, White, Male, United-States, <=50K
30.719402,145343.47,9.217634,-953.4047,35.43132,29.142607, Private, Some-college, Never-married, Adm-clerical, Not-in-family, White, Female, United-States, <=50K
37.98757,231776.27,11.64031,170.04224,28.537745,44.241066, Private, Bachelors, Married-civ-spouse, Prof-specialty, Husband, White, Male, United-States, <=50K
57.834785,102498.87,12.786122,1082.475,2.185338,36.520836, Private, Bachelors, Divorced, Prof-specialty, Not-in-family, White, Male, United-States, <=50K
27.76626,224750.19,11.982684,-900.2316,167.19315,38.461994, Private, Bachelors, Never-married, Exec-managerial, Own-child, White, Male, United-States, <=50K
62.188095,51879.0,12.700138,-213.4079,900.4818,40.019974, Private, Some-college, Divorced, Exec-managerial, Not-in-family, White, Female, United-States, <=50K
37.677856,104145.38,13.393753,2925.0735,122.903404,42.33428, Private, Bachelors, Never-married, Exec-managerial, Not-in-family, White, Male, United-States, <=50K
43.24547,88562.234,10.275429,2081.3726,58.364758,47.131153, Private, HS-grad, Divorced, Exec-managerial, Not-in-family, White, Male, United-States, <=50K
25.714273,164518.42,8.570995,-378.7149,-5.333171,39.578484, Private, Some-college, Never-married, Adm-clerical, Own-child, White, Female, United-States, <=50K
35.366524,249030.12,11.90354,-982.08344,199.28352,46.389484, Private, Some-college, Married-civ-spouse, Exec-managerial, Husband, White, Male, United-States, >50K
33.37094,143006.14,9.837206,826.00195,72.573006,39.86952, Private, Some-college, Married-civ-spouse, Sales, Own-child, White, Male, United-States, <=50K
27.783976,182817.95,6.038375,893.446,-22.646303,44.35594, Private, HS-grad, Never-married, Other-service, Not-in-family, White, Female, United-States, <=50K
17.073936,275970.75,7.6541348,666.9945,-26.811922,28.886862, Private, HS-grad, Never-married, Other-service, Own-child, White, Male, United-States, <=50K
40.782635,231219.88,8.452473,400.95972,8.935796,38.028496, Private, Some-college, Never-married, Adm-clerical, Not-in-family, White, Male, United-States, <=50K
31.511232,81597.41,13.9017315,9068.317,61.021725,40.458607, Private, Bachelors, Married-civ-spouse, Prof-specialty, Husband, White, Male, United-States, >50K
65.4605,61534.906,11.604598,2492.2224,208.72794,63.040897, Private, HS-grad, Married-civ-spouse, Craft-repair, Husband, White, Male, United-States, >50K
35.80265,127560.5,6.2552733,284.9547,-47.978054,22.313728, Private, HS-grad, Married-civ-spouse, Adm-clerical, Unmarried, White, Female, United-States, <=50K
18.153076,134286.56,8.811045,2934.6213,-120.42541,44.82503, Private, Some-college, Never-married, Craft-repair, Own-child, White, Male, United-States, <=50K
42.780907,249151.28,8.802957,-69.28425,20.575094,38.514084, Private, HS-grad, Married-civ-spouse, Other-service, Husband, White, Male, United-States, <=50K
31.813457,289953.2,9.327911,1414.4224,-29.058252,40.256977, Private, HS-grad, Never-married, Adm-clerical, Not-in-family, White, Female, United-States, <=50K
22.251581,138664.73,9.7405405,4118.173,-106.06747,36.345875, Private, HS-grad, Never-married, Other-service, Not-in-family, White, Female, United-States, <=50K
45.14576,265872.16,6.9288955,-28.076359,68.01303,47.962883, Private, HS-grad, Married-civ-spouse, Craft-repair, Husband, White, Male, United-States, <=50K
23.890982,240941.4,8.762169,-1191.2825,46.973515,35.456932, Private, Some-college, Never-married, Adm-clerical, Own-child, White, Female, United-States, <=50K
43.712234,134044.39,11.423503,-1712.7605,32.00997,48.10823, Private, Some-college, Married-civ-spouse, Exec-managerial, Unmarried, White, Female, United-States, <=50K
45.881725,64020.633,10.027559,2829.83,81.322395,44.718426, Private, HS-grad, Never-married, Exec-managerial, Not-in-family, White, Female, United-States, <=50K
35.25531,197758.84,9.702094,1423.9473,-0.88276947,43.69816, Private, Some-college, Never-married, Craft-repair, Not-in-family, White, Male, United-States, <=50K
46.11205,126313.984,12.115564,1587.2528,1.3902866,32.394253, Private, HS-grad, Divorced, Prof-specialty, Not-in-family, White, Female, United-States, <=50K
45.12302,267855.8,8.78111,2844.9075,105.64532,46.28232, Private, HS-grad, Divorced, Craft-repair, Husband, White, Male, United-States, >50K
30.561628,231153.83,11.200834,-1585.5869,92.08004,36.91056, Private, Some-college, Married-civ-spouse, Exec-managerial, Husband, White, Male, United-States, <=50K
36.31619,82480.21,10.527309,344.84668,59.33448,43.362373, Private, HS-grad, Divorced, Exec-managerial, Not-in-family, White, Female, United-States, <=50K
40.059273,224815.45,11.151058,553.9013,1546.7292,42.32515, Private, Some-college, Married-civ-spouse, Craft-repair, Husband, White, Male, United-States, <=50K
42.732353,244246.81,12.377709,658.5714,-15.524425,44.809593, Private, Bachelors, Married-civ-spouse, Prof-specialty, Husband, White, Male, United-States, <=50K
46.481464,109080.26,11.494513,514.905,-37.97839,39.99582, Private, Some-college, Married-civ-spouse, Exec-managerial, Husband, White, Male, United-States, <=50K
71.526184,180240.1,9.481106,559.0506,-0.6041287,24.259287, Private, HS-grad, Divorced, Adm-clerical, Not-in-family, White, Female, United-States, <=50K
57.25474,172674.06,7.895104,6106.763,9.355069,34.986332, Private, HS-grad, Married-civ-spouse, Other-service, Husband, White, Male, United-States, >50K
17.315067,340870.03,9.67517,12.459286,-109.063896,33.538914, Private, HS-grad, Never-married, Adm-clerical, Own-child, White, Female, United-States, <=50K
43.84345,155505.44,10.066662,4398.5527,-14.4301405,35.297634, Private, HS-grad, Divorced, Other-service, Unmarried, White, Female, United-States, <=50K
25.008434,284596.6,6.2787848,27.517391,-21.165651,37.009727, Private, HS-grad, Never-married, Other-service, Own-child, White, Male, United-States, <=50K
29.217495,273379.7,7.3636355,-1970.0469,136.15419,38.946648, Private, Some-college, Never-married, Adm-clerical, Own-child, White, Male, United-States, <=50K
54.04093,72963.88,13.86496,1825.1425,136.97049,45.413788, Private, Bachelors, Married-civ-spouse, Prof-specialty, Husband, White, Male, United-States, >50K
32.01127,357231.56,6.50226,1861.4319,87.63743,31.576862, Private, Some-college, Never-married, Adm-clerical, Not-in-family, White, Female, United-States, <=50K
39.52008,178898.86,10.143041,1371.444,52.604465,59.115112, Private, Some-college, Married-civ-spouse, Exec-managerial, Husband, White, Male, United-States, >50K
50.632954,228453.17,10.360523,-1144.5759,83.648094,37.35383, Private, Some-college, Married-civ-spouse, Exec-managerial, Husband, White, Male, United-States, <=50K
46.252537,157863.27,11.906424,7288.8247,599.0447,47.8349, Private, Bachelors, Divorced, Exec-managerial, Not-in-family, White, Female, United-States, <=50K
29.630745,337823.53,9.415516,48.455013,136.83456,56.552475, Private, HS-grad, Married-civ-spouse, Craft-repair, Husband, White, Male, United-States, <=50K
54.219284,225959.69,13.156623,2725.2588,-30.075754,42.010113, Private, Bachelors, Married-civ-spouse, Prof-specialty, Husband, White, Male, United-States, >50K
33.557774,298555.38,10.725847,989.7598,8.777226,45.03117, Private, HS-grad, Married-civ-spouse, Craft-repair, Husband, White, Male, United-States, <=50K
29.67172,192298.92,13.181701,2381.7769,105.051865,43.732285, Private, Bachelors, Never-married, Prof-specialty, Not-in-family, White, Male, United-States, <=50K
26.586185,338511.7,12.607879,239.7793,198.85974,41.965153, Private, Bachelors, Never-married, Prof-specialty, Own-child, White, Male, United-States, <=50K
40.672756,87484.76,11.661414,6371.42,142.19574,59.805084, Private, Bachelors, Married-civ-spouse, Exec-managerial, Husband, White, Male, United-States, >50K
31.606213,113746.46,11.499306,3187.599,66.98481,31.673992, Private, Bachelors, Never-married, Adm-clerical, Not-in-family, White, Female, United-States, <=50K
31.06102,106867.0,9.623555,1408.5841,50.623703,43.55376, Private, HS-grad, Married-civ-spouse, Craft-repair, Husband, White, Male, United-States, <=50K
40.1415,231526.86,9.146162,1107.3325,-8.156001,48.572445, Private, HS-grad, Married-civ-spouse, Craft-repair, Husband, White, Male, United-States, >50K
32.189087,284169.2,8.469978,491.53864,110.99025,25.62163, Private, HS-grad, Never-married, Other-service, Unmarried, White, Female, United-States, <=50K
30.097357,170081.94,12.412819,1494.4408,158.76274,48.218517, Private, Bachelors, Married-civ-spouse, Prof-specialty, Husband, White, Male, United-States, >50K
39.17937,184807.66,5.8917413,2598.146,-21.478777,26.125546, Private, HS-grad, Never-married, Adm-clerical, Not-in-family, White, Female, United-States, <=50K
31.48673,196625.95,11.839092,2191.8076,-22.555437,38.8495, Private, Bachelors, Never-married, Exec-managerial, Not-in-family, White, Male, United-States, <=50K
40.487305,83874.54,8.772824,-63.790348,117.147644,46.693764, Private, HS-grad, Married-civ-spouse, Other-service, Husband, White, Male, United-States, <=50K
37.163,193504.98,11.111132,971.9251,190.6683,27.468008, Private, Bachelors, Married-civ-spouse, Prof-specialty, Unmarried, White, Female, United-States, <=50K
22.856508,210408.97,6.139938,2342.1323,-21.204935,23.099, Private, HS-grad, Never-married, Other-service, Own-child, White, Male, United-States, <=50K
41.989315,71908.086,10.923844,-327.77887,84.15735,47.891094, Private, Bachelors, Divorced, Exec-managerial, Unmarried, White, Female, United-States, <=50K
38.84702,260088.16,5.712904,-155.67621,-27.483423,26.836334, Private, Some-college, Never-married, Adm-clerical, Not-in-family, White, Female, United-States, <=50K
47.85403,259350.19,10.684997,5500.641,287.2463,51.204315, Private, Some-college, Married-civ-spouse, Craft-repair, Husband, White, Male, United-States, >50K
36.27328,262709.4,12.390628,1189.7408,-4.6047544,46.177162, Private, Bachelors, Married-civ-spouse, Exec-managerial, Not-in-family, White, Male, United-States, <=50K
42.200333,135864.88,11.275348,2261.13,4.8934145,46.16445, Private, HS-grad, Married-civ-spouse, Prof-specialty, Husband, White, Male, United-States, >50K
30.684603,217328.69,11.330987,2690.4448,-62.827526,33.110306, Private, Some-college, Never-married, Exec-managerial, Own-child, White, Male, United-States, <=50K
46.773075,346753.3,12.425449,2352.7034,172.66222,42.3527, Private, HS-grad, Divorced, Exec-managerial, Unmarried, White, Female, United-States, >50K
34.923325,190387.34,10.766325,6383.6846,58.488758,37.759922, Private, HS-grad, Never-married, Prof-specialty, Unmarried, White, Female, United-States, >50K
44.20476,86544.766,10.651014,1568.1605,-7.4663725,41.17015, Private, HS-grad, Never-married, Exec-managerial, Not-in-family, White, Female, United-States, <=50K
30.407934,19097.5,10.725074,1692.3661,-26.636988,34.921402, Private, Some-college, Never-married, Sales, Own-child, White, Male, United-States, <=50K
53.125217,89224.81,11.351583,2515.245,144.04498,37.23951, Private, HS-grad, Never-married, Other-service, Not-in-family, White, Female, United-States, <=50K
31.429045,162238.67,7.9057384,-727.2232,-17.241518,37.475143, Private, Some-college, Never-married, Adm-clerical, Unmarried, White, Female, United-States, <=50K
29.475462,161199.44,13.888288,2649.4888,-21.476305,45.581814, Private, Bachelors, Never-married, Prof-specialty, Not-in-family, White, Male, United-States, >50K
30.788977,116055.58,8.053211,-35.90131,-43.44128,36.33812, Private, Some-college, Married-civ-spouse, Exec-managerial, Own-child, White, Male, United-States, <=50K
44.29945,231982.52,9.24461,826.389,31.92401,53.911884, Private, HS-grad, Married-civ-spouse, Craft-repair, Husband, White, Male, United-States, <=50K
33.245865,120211.38,12.275206,1329.3104,-42.964123,35.46483, Private, Bachelors, Married-civ-spouse, Prof-specialty, Husband, White, Male, United-States, <=50K
31.342535,94070.01,9.173353,190.53735,12.452924,37.350693, Private, HS-grad, Married-civ-spouse, Other-service, Husband, White, Male, United-States, <=50K
58.296894,229859.27,13.795788,3600.4941,-14.812854,38.78729, Private, Bachelors, Married-civ-spouse, Prof-specialty, Husband, White, Male, United-States, >50K
50.30415,122554.45,11.255436,513.6128,-53.501232,57.660603, Private, HS-grad, Married-civ-spouse, Craft-repair, Husband, White, Male, United-States, >50K
38.612522,189822.27,12.673077,-216.78326,109.75056,46.298294, Private, Bachelors, Married-civ-spouse, Exec-managerial, Husband, White, Male, United-States, <=50K
53.81269,90167.57,11.439473,8508.065,-5.84254,45.166588, Private, HS-grad, Divorced, Prof-specialty, Not-in-family, White, Female, United-States, <=50K
33.96038,110449.22,7.460085,244.24658,445.59714,44.410797, Private, HS-grad, Married-civ-spouse, Craft-repair, Husband, White, Male, United-States, <=50K
34.600895,128964.9,8.818427,4525.4775,25.806997,56.70058, Private, HS-grad, Married-civ-spouse, Craft-repair, Husband, White, Male, United-States, >50K
45.77633,210142.67,11.620842,3816.0173,-33.281208,34.32078, Private, Bachelors, Divorced, Exec-managerial, Not-in-family, White, Male, United-States, <=50K
55.05356,180184.4,9.558689,2175.7668,377.18964,56.30356, Private, HS-grad, Married-civ-spouse, Exec-managerial, Husband, White, Male, United-States, >50K
25.643135,199440.34,11.506385,-465.15094,-5.2420835,43.075977, Private, HS-grad, Never-married, Prof-specialty, Unmarried, White, Female, United-States, <=50K
26.028524,159688.28,12.848214,5959.3,268.61923,39.098946, Private, HS-grad, Never-married, Prof-specialty, Not-in-family, White, Female, United-States, <=50K
43.525593,154854.45,8.4244375,1072.1667,-4.3131514,47.71013, Private, HS-grad, Divorced, Craft-repair, Not-in-family, White, Male, United-States, <=50K
43.689575,217847.3,10.991524,1254.2738,-39.352985,33.714287, Private, Bachelors, Married-civ-spouse, Craft-repair, Husband, White, Male, United-States, <=50K
31.685963,201858.72,11.434016,2198.4944,27.727373,36.164585, Private, Some-college, Never-married, Craft-repair, Not-in-family, White, Male, United-States, <=50K
35.16651,230192.48,10.618574,4202.33,-52.833736,51.228985, Private, Bachelors, Married-civ-spouse, Craft-repair, Husband, White, Male, United-States, <=50K
25.908215,242674.73,7.754865,1635.953,-41.12788,39.01018, Private, Some-college, Never-married, Other-service, Not-in-family, White, Female, United-States, <=50K
25.070166,368625.62,8.892498,159.61572,30.712267,35.222878, Private, Some-college, Never-married, Adm-clerical, Own-child, White, Female, United-States, <=50K
52.920208,139356.52,4.631656,1848.1324,66.927475,41.459465, Private, HS-grad, Never-married, Other-service, Not-in-family, White, Male, United-States, <=50K
56.59863,211748.31,7.7792244,1785.2853,21.391989,53.354534, Private, HS-grad, Married-civ-spouse, Craft-repair, Husband, White, Male, United-States, <=50K
61.345314,263213.12,9.113318,1874.6094,755.5342,28.35491, Private, HS-grad, Married-civ-spouse, Adm-clerical, Husband, White, Female, United-States, >50K
29.740738,265302.53,7.6985784,1258.7026,34.558937,46.09264, Private, HS-grad, Married-civ-spouse, Craft-repair, Husband, White, Male, United-States, >50K
41.062374,223708.11,11.745129,1756.2385,247.96799,44.50411, Private, HS-grad, Married-civ-spouse, Prof-specialty, Husband, White, Female, United-States, >50K
57.015633,42800.797,9.104433,2309.1877,299.17807,47.330788, Private, HS-grad, Married-civ-spouse, Craft-repair, Husband, White, Male, United-States, <=50K
46.79444,92377.65,10.457069,1513.753,98.7662,53.711403, Private, Some-college, Married-civ-spouse, Craft-repair, Husband, White, Male, United-States, <=50K
21.291063,163112.69,10.845619,482.16644,-5.290515,26.517857, Private, Bachelors, Never-married, Adm-clerical, Own-child, White, Female, United-States, <=50K
31.57608,227993.14,12.924354,5675.8223,204.13518,54.359985, Private, Bachelors, Never-married, Craft-repair, Not-in-family, White, Male, United-States, >50K
34.27712,227583.16,11.928879,513.0693,40.915264,46.18528, Private, Bachelors, Married-civ-spouse, Exec-managerial, Husband, White, Male, United-States, >50K
29.094551,194283.3,11.80817,262.87903,-92.881065,52.366085, Private, Bachelors, Never-married, Exec-managerial, Own-child, White, Male, United-States, <=50K
34.109608,313354.12,8.73605,1401.996,21.738447,36.32398, Private, HS-grad, Married-civ-spouse, Other-service, Husband, White, Male, United-States, <=50K
55.118156,169133.69,9.244398,5361.1055,-3.37955,49.392616, Private, HS-grad, Divorced, Other-service, Husband, White, Male, United-States, >50K
31.249197,119190.66,9.877475,-7.981144,168.85768,44.261623, Private, HS-grad, Never-married, Adm-clerical, Unmarried, White, Female, United-States, <=50K
34.427383,199483.36,6.771795,3378.2817,-25.714106,32.614353, Private, HS-grad, Never-married, Other-service, Own-child, White, Male, United-States, <=50K
32.77636,116846.73,13.129514,429.92303,31.319212,38.15087, Private, Bachelors, Never-married, Exec-managerial, Not-in-family, White, Male, United-States, <=50K
27.36377,214237.33,6.590947,407.544,22.487196,26.510597, Private, Some-college, Never-married, Adm-clerical, Own-child, White, Female, United-States, <=50K
34.738613,111167.01,6.1875134,6114.625,-5.2139463,38.38475, Private, HS-grad, Never-married, Other-service, Not-in-family, White, Male, United-States, <=50K
32.362457,229376.44,4.5647645,1220.9569,12.135602,39.857994, Private, HS-grad, Never-married, Other-service, Not-in-family, White, Male, United-States, <=50K
30.577827,305578.84,9.297713,2499.6062,71.63785,41.295002, Private, HS-grad, Never-married, Craft-repair, Not-in-family, White, Male, United-States, <=50K
36.02035,207146.84,12.359086,727.54456,219.9303,47.98959, Private, Bachelors, Married-civ-spouse, Prof-specialty, Husband, White, Male, United-States, >50K
37.92856,169143.45,12.924447,3118.1487,-75.03741,47.561054, Private, Bachelors, Never-married, Prof-specialty, Not-in-family, White, Male, United-States, >50K
54.098717,86198.41,10.074076,1417.1393,1128.432,27.340538, Private, HS-grad, Married-civ-spouse, Adm-clerical, Unmarried, White, Female, United-States, <=50K
36.987873,103364.055,7.1842475,5807.422,-40.830227,28.913378, Private, HS-grad, Never-married, Other-service, Not-in-family, White, Male, United-States, <=50K
29.188044,144784.22,10.71495,993.68146,-30.709368,45.77523, Private, HS-grad, Married-civ-spouse, Exec-managerial, Husband, White, Male, United-States, <=50K
44.71585,183031.12,11.98958,4117.9517,-29.243578,42.62391, Private, HS-grad, Married-civ-spouse, Prof-specialty, Unmarried, White, Female, United-States, <=50K
30.156338,119959.445,8.579064,4342.48,-57.805416,41.232777, Private, HS-grad, Never-married, Other-service, Not-in-family, White, Female, United-States, <=50K
34.77878,185305.28,9.544242,-8.716862,29.893976,35.844666, Private, Some-college, Divorced, Exec-managerial, Not-in-family, White, Female, United-States, <=50K
37.30355,163028.66,11.313006,3085.241,24.479753,46.759975, Private, Bachelors, Married-civ-spouse, Exec-managerial, Husband, White, Male, United-States, >50K
32.14594,171107.83,6.5149517,135.45935,-9.752734,45.19735, Private, Some-college, Never-married, Craft-repair, Own-child, White, Male, United-States, <=50K
42.806908,132460.52,7.282208,1077.0652,-52.697475,41.07892, Private, HS-grad, Married-civ-spouse, Other-service, Husband, White, Male, United-States, <=50K
27.02941,194140.36,12.186286,2095.587,-24.427149,28.384659, Private, Bachelors, Never-married, Adm-clerical, Not-in-family, White, Female, United-States, <=50K
36.518944,92276.19,12.907153,2741.6133,-50.522152,62.561817, Private, Bachelors, Never-married, Exec-managerial, Not-in-family, White, Male, United-States, <=50K
21.087893,318219.9,8.314508,-874.3277,29.084768,44.49008, Private, HS-grad, Never-married, Other-service, Own-child, White, Male, United-States, <=50K
16.008436,191234.28,9.870705,1073.1805,-87.85386,49.08607, Private, Some-college, Never-married, Adm-clerical, Not-in-family, White, Female, United-States, <=50K
25.74731,378561.06,10.139524,128.27277,-15.059764,39.491226, Private, HS-grad, Never-married, Other-service, Own-child, White, Male, United-States, <=50K
23.903315,225380.84,10.207629,2131.4685,-123.0082,35.29312, Private, HS-grad, Never-married, Adm-clerical, Not-in-family, White, Female, United-States, <=50K
48.59206,170134.78,10.334171,2400.1958,67.197334,45.462593, Private, HS-grad, Married-civ-spouse, Craft-repair, Husband, White, Male, United-States, <=50K
59.079098,108593.61,10.754269,1614.6238,-1.0761899,40.124676, Private, HS-grad, Divorced, Craft-repair, Not-in-family, White, Male, United-States, >50K
28.436155,133723.02,10.553482,2570.857,142.25629,46.18062, Private, Some-college, Never-married, Exec-managerial, Not-in-family, White, Male, United-States, <=50K
31.38775,251175.7,8.107773,-860.7382,52.76611,43.15221, Private, HS-grad, Never-married, Other-service, Own-child, White, Male, United-States, <=50K
45.94453,220337.44,8.6104555,5157.3013,1.0024844,50.552433, Private, HS-grad, Married-civ-spouse, Other-service, Husband, White, Male, United-States, >50K
22.499208,213332.34,9.312068,3780.2673,-20.452517,35.591488, Private, HS-grad, Never-married, Other-service, Own-child, White, Male, United-States, <=50K
34.38969,170474.45,10.942905,2308.6155,58.610336,31.34867, Private, Bachelors, Married-civ-spouse, Exec-managerial, Husband, White, Male, United-States, <=50K
32.36818,363968.97,9.943678,-1190.1279,-14.5301695,37.892803, Private, Some-college, Never-married, Exec-managerial, Not-in-family, White, Male, United-States, <=50K
36.155624,219050.95,9.893177,-206.07501,-18.261873,25.636911, Private, Some-college, Never-married, Adm-clerical, Own-child, White, Female, United-States, <=50K
25.825838,110206.51,9.405346,-241.67633,3.1322222,39.8564, Private, Some-college, Never-married, Craft-repair, Own-child, White, Male, United-States, <=50K
28.545933,52636.453,9.193693,3411.8118,394.78586,33.863556, Private, HS-grad, Married-civ-spouse, Prof-specialty, Husband, White, Male, United-States, <=50K
71.0956,108263.27,11.74106,3477.4658,59.810757,24.35184, Private, HS-grad, Married-civ-spouse, Prof-specialty, Husband, White, Female, United-States, >50K
35.14753,167591.75,9.440537,1141.0255,100.42983,36.67943, Private, Some-college, Married-civ-spouse, Adm-clerical, Husband, White, Male, United-States, <=50K
44.60285,302882.88,11.516838,-254.57623,23.132032,61.396317, Private, HS-grad, Divorced, Prof-specialty, Unmarried, White, Female, United-States, <=50K
35.269855,183987.02,6.817139,4619.998,-3.070178,31.85483, Private, HS-grad, Never-married, Other-service, Not-in-family, White, Male, United-States, <=50K
18.759844,235063.75,11.047222,2394.496,97.17976,30.86503, Private, Bachelors, Never-married, Sales, Own-child, White, Male, United-States, <=50K
46.180344,74877.86,10.163665,4669.5493,-2.4462233,42.335064, Private, HS-grad, Married-civ-spouse, Prof-specialty, Husband, White, Male, United-States, >50K
29.257694,294039.88,12.75177,-222.85382,98.1953,45.19828, Private, Bachelors, Married-civ-spouse, Exec-managerial, Husband, White, Male, United-States, <=50K
38.956898,124370.195,11.594399,3298.9922,-61.841396,44.747612, Private, HS-grad, Never-married, Prof-specialty, Not-in-family, White, Female, United-States, <=50K
37.945076,195528.03,13.815914,2419.2183,-10.773509,50.334637, Private, Bachelors, Married-civ-spouse, Prof-specialty, Husband, White, Male, United-States, >50K
29.516497,343384.6,5.0507984,-601.72235,43.426178,43.27653, Private, Some-college, Never-married, Adm-clerical, Not-in-family, White, Male, United-States, <=50K
33.827717,127720.75,11.891379,486.4496,-11.096881,45.869713, Private, Bachelors, Married-civ-spouse, Exec-managerial, Husband, White, Male, United-States, <=50K
65.729385,202659.47,9.57774,629.94434,48.48649,32.89647, Private, HS-grad, Divorced, Other-service, Unmarried, White, Female, United-States, <=50K
50.183643,259882.42,3.335195,-926.00275,60.868225,40.247314, Private, Some-college, Married-civ-spouse, Other-service, Husband, White, Male, United-States, <=50K
36.64361,72430.82,6.939951,1431.5132,93.07292,36.31037, Private, HS-grad, Never-married, Other-service, Not-in-family, White, Male, United-States, <=50K
30.291983,119643.18,13.3629875,2714.459,55.40857,41.675747, Private, Bachelors, Never-married, Prof-specialty, Not-in-family, White, Female, United-States, <=50K
25.498991,460466.03,9.812706,-1398.9026,205.30774,29.296902, Private, Some-college, Never-married, Adm-clerical, Own-child, White, Male, United-States, <=50K
56.04113,182205.69,10.330179,375.34644,53.862972,54.516705, Private, HS-grad, Married-civ-spouse, Exec-managerial, Husband, White, Male, United-States, >50K
47.953545,143135.22,10.740787,7824.017,-28.854631,47.82882, Private, HS-grad, Married-civ-spouse, Prof-specialty, Husband, White, Male, United-States, >50K
43.21606,161558.28,7.3127947,1517.8837,-87.79191,37.025074, Private, Some-college, Never-married, Other-service, Own-child, White, Female, United-States, <=50K
42.4431,192536.4,9.513081,929.6024,73.3403,34.48501, Private, HS-grad, Married-civ-spouse, Other-service, Unmarried, White, Female, United-States, <=50K
50.44464,190434.89,11.917144,1999.278,56.850693,36.911034, Private, HS-grad, Divorced, Exec-managerial, Unmarried, White, Female, United-States, <=50K
44.960087,241419.22,7.9228272,-1123.3391,9.707181,40.705, Private, Some-college, Married-civ-spouse, Craft-repair, Husband, White, Male, United-States, <=50K
27.384205,149555.45,8.024537,247.19635,14.779546,39.97656, Private, Some-college, Married-civ-spouse, Craft-repair, Husband, White, Male, United-States, <=50K
35.657127,172377.69,13.133976,4413.678,-35.06854,44.985138, Private, Bachelors, Married-civ-spouse, Exec-managerial, Husband, White, Female, United-States, >50K
37.85037,111435.73,9.5593815,2569.2056,-26.427706,15.935095, Private, HS-grad, Never-married, Adm-clerical, Not-in-family, White, Female, United-States, <=50K
24.72434,139072.0,9.733853,4839.0527,-110.84399,45.405895, Private, HS-grad, Never-married, Adm-clerical, Not-in-family, White, Female, United-States, <=50K
30.175415,295388.75,11.554128,-1457.2483,176.6929,39.291737, Private, Some-college, Married-civ-spouse, Exec-managerial, Husband, White, Male, United-States, >50K
36.523457,134098.17,10.1892185,1194.5453,-68.93302,49.796654, Private, Some-college, Married-civ-spouse, Craft-repair, Husband, White, Male, United-States, <=50K
31.127274,153658.34,8.977391,458.23053,-22.775423,53.267982, Private, Some-college, Married-civ-spouse, Craft-repair, Husband, White, Male, United-States, <=50K
33.94767,111527.55,7.8581805,1656.5543,19.441198,43.457317, Private, HS-grad, Never-married, Craft-repair, Own-child, White, Male, United-States, <=50K
29.034157,345649.66,5.9372697,-1132.5312,3.4298143,36.20043, Private, Some-college, Never-married, Other-service, Own-child, White, Male, United-States, <=50K
55.78193,153161.6,7.268185,-505.40875,64.82781,37.068214, Private, HS-grad, Divorced, Other-service, Husband, White, Male, United-States, <=50K
28.226772,178690.83,9.026078,1409.5559,27.434752,31.673876, Private, HS-grad, Never-married, Other-service, Not-in-family, White, Male, United-States, <=50K
23.11297,252381.12,12.544898,1274.6082,18.626982,39.185776, Private, Bachelors, Married-civ-spouse, Exec-managerial, Husband, White, Male, United-States, >50K
59.321533,236308.73,9.579036,392.17853,56.950188,32.36856, Private, Some-college, Married-civ-spouse, Adm-clerical, Not-in-family, White, Male, United-States, <=50K
45.801006,136569.66,11.012794,952.90247,0.8616229,46.25073, Private, HS-grad, Married-civ-spouse, Exec-managerial, Husband, White, Male, United-States, <=50K
38.425697,130916.55,5.321883,-697.2044,34.77176,37.436646, Private, HS-grad, Divorced, Adm-clerical, Unmarried, White, Female, United-States, <=50K
30.310974,214331.16,9.085212,533.2288,34.8661,45.182686, Private, HS-grad, Married-civ-spouse, Other-service, Husband, White, Male, United-States, <=50K
43.89526,267519.8,5.511126,495.2525,12.370145,48.878353, Private, HS-grad, Divorced, Craft-repair, Not-in-family, White, Male, United-States, <=50K
37.017952,163660.11,13.8636055,4750.1113,-49.871593,51.53353, Private, Bachelors, Married-civ-spouse, Prof-specialty, Husband, White, Male, United-States, >50K
37.548912,211796.88,8.8798065,4489.322,-18.196177,39.66811, Private, HS-grad, Married-civ-spouse, Other-service, Husband, White, Male, United-States, >50K
33.283684,332882.66,10.446731,27.99139,117.55638,47.684166, Private, Some-college, Divorced, Exec-managerial, Unmarried, White, Female, United-States, <=50K
30.937212,278552.8,12.019031,4837.7856,149.6102,33.48241, Private, Bachelors, Married-civ-spouse, Exec-managerial, Husband, White, Male, United-States, >50K
45.458897,180785.25,9.299026,18.93475,499.3676,48.093983, Private, HS-grad, Married-civ-spouse, Adm-clerical, Husband, White, Male, United-States, <=50K
29.25476,142954.12,12.865581,2206.506,149.30968,42.590187, Private, Bachelors, Never-married, Prof-specialty, Own-child, White, Male, United-States, <=50K
38.226345,134514.48,12.98093,2157.97,-10.44765,38.44841, Private, Bachelors, Never-married, Exec-managerial, Not-in-family, White, Male, United-States, <=50K
46.05387,65943.75,11.580702,-847.5972,239.44746,65.277504, Private, Some-college, Married-civ-spouse, Exec-managerial, Husband, White, Male, United-States, <=50K
53.447315,53247.72,9.2263,1452.17,50.619446,50.662304, Private, HS-grad, Married-civ-spouse, Other-service, Husband, White, Male, United-States, <=50K
23.522537,208628.58,12.266482,-151.9544,83.451,34.067547, Private, Bachelors, Never-married, Adm-clerical, Own-child, White, Male, United-States, <=50K
33.425735,244252.3,9.754927,1649.1486,31.78948,40.787914, Private, HS-grad, Never-married, Other-service, Not-in-family, White, Male, United-States, <=50K
42.474693,198670.39,10.101517,1663.3502,57.72587,54.616974, Private, Some-college, Married-civ-spouse, Craft-repair, Husband, White, Male, United-States, <=50K
30.468163,322706.38,9.962477,1067.3472,-9.358386,43.415466, Private, HS-grad, Never-married, Adm-clerical, Own-child, White, Male, United-States, <=50K
48.56163,259136.34,8.327214,1039.2686,267.72562,59.21682, Private, HS-grad, Divorced, Craft-repair, Not-in-family, White, Male, United-States, <=50K
42.021244,160313.4,15.021194,3951.2075,17.990774,51.36758, Private, Bachelors, Never-married, Prof-specialty, Not-in-family, White, Male, United-States, >50K
41.47976,151853.64,9.606957,-357.46246,102.39037,40.90704, Private, Some-college, Married-civ-spouse, Adm-clerical, Husband, White, Male, United-States, <=50K
55.163376,101252.1,15.034534,-252.80768,173.41707,42.16021, Private, Bachelors, Married-civ-spouse, Prof-specialty, Husband, White, Male, United-States, <=50K
27.13061,110262.68,10.60613,-11.996647,19.661139,44.886692, Private, Some-college, Married-civ-spouse, Craft-repair, Husband, White, Male, United-States, <=50K
35.049164,173768.6,11.278015,112.10912,88.3758,44.616524, Private, Some-college, Married-civ-spouse, Exec-managerial, Husband, White, Male, United-States, <=50K
32.972748,257540.36,11.449031,400.78784,2.6794634,46.08238, Private, Some-college, Never-married, Adm-clerical, Not-in-family, White, Male, United-States, <=50K
34.427834,106000.51,9.174088,563.0302,1.9734317,49.030018, Private, Some-college, Never-married, Craft-repair, Own-child, White, Male, United-States, <=50K
25.91927,89601.85,10.578935,5329.4136,-40.907467,39.044514, Private, Bachelors, Never-married, Other-service, Not-in-family, White, Female, United-States, <=50K
34.53524,172307.11,9.224843,505.48303,-14.789058,31.220503, Private, Some-college, Never-married, Craft-repair, Not-in-family, White, Male, United-States, <=50K
49.72738,163843.25,13.046258,3351.8843,-16.67734,49.402027, Private, Bachelors, Married-civ-spouse, Prof-specialty, Unmarried, White, Female, United-States, >50K
25.854301,151686.97,13.775841,2425.5356,-12.255816,43.33538, Private, Bachelors, Never-married, Exec-managerial, Not-in-family, White, Female, United-States, <=50K
22.63873,251022.7,10.989598,-1828.9409,-37.263027,33.269382, Private, Some-college, Never-married, Adm-clerical, Not-in-family, White, Female, United-States, <=50K
44.867634,136452.81,8.142235,-143.24786,33.404007,32.956764, Private, HS-grad, Married-civ-spouse, Other-service, Husband, White, Female, United-States, <=50K
25.292286,198005.73,10.095338,2211.183,64.29885,51.72465, Private, HS-grad, Married-civ-spouse, Exec-managerial, Unmarried, White, Female, United-States, <=50K
42.829155,301567.03,9.946676,1418.2887,138.95549,44.196987, Private, Some-college, Divorced, Adm-clerical, Not-in-family, White, Female, United-States, <=50K
39.508347,107122.17,7.4502697,695.5482,97.14134,55.85481, Private, HS-grad, Divorced, Craft-repair, Not-in-family, White, Male, United-States, <=50K
53.905224,93064.266,11.400709,1203.3868,4.656995,28.905445, Private, Some-college, Married-civ-spouse, Exec-managerial, Husband, White, Male, United-States, <=50K
30.16846,116526.53,11.09588,1972.5839,70.73747,33.15019, Private, HS-grad, Never-married, Other-service, Unmarried, White, Female, United-States, <=50K
33.569256,180478.83,11.68129,1896.2532,-6.5319624,31.938234, Private, HS-grad, Divorced, Exec-managerial, Not-in-family, White, Female, United-States, <=50K
44.319977,264443.62,10.357087,-450.02264,218.56677,59.969326, Private, Some-college, Married-civ-spouse, Craft-repair, Husband, White, Male, United-States, >50K
27.328417,166094.69,9.75285,495.92786,10.021901,41.20971, Private, HS-grad, Never-married, Exec-managerial, Not-in-family, White, Male, United-States, <=50K
24.171303,146179.7,10.556302,757.63556,20.699774,32.68519, Private, Bachelors, Married-civ-spouse, Other-service, Own-child, White, Female, United-States, <=50K
37.70123,186221.16,12.491569,-990.0147,431.8718,36.910538, Private, Bachelors, Married-civ-spouse, Exec-managerial, Husband, White, Male, United-States, >50K
29.770374,86888.69,11.507775,3584.2874,104.03636,42.78527, Private, HS-grad, Never-married, Prof-specialty, Own-child, White, Male, United-States, <=50K
33.854233,376073.56,10.492387,5384.118,82.05729,41.86807, Private, HS-grad, Married-civ-spouse, Exec-managerial, Husband, White, Male, United-States, >50K
31.980839,326523.72,10.621331,5399.194,-16.92747,44.36646, Private, HS-grad, Married-civ-spouse, Exec-managerial, Husband, White, Male, United-States, >50K
51.587288,60476.32,13.367513,1504.3923,1.9462177,50.11339, Private, Bachelors, Never-married, Exec-managerial, Not-in-family, White, Male, United-States, <=50K
24.531742,142285.08,8.507897,-2489.8506,370.60806,32.569683, Private, Some-college, Married-civ-spouse, Adm-clerical, Own-child, White, Female, United-States, <=50K
57.45896,184801.61,6.723649,1509.5676,100.90909,34.201813, Private, HS-grad, Married-civ-spouse, Other-service, Husband, White, Male, United-States, <=50K
26.959688,154833.55,12.01834,5719.968,12.518125,55.293663, Private, Bachelors, Never-married, Exec-managerial, Husband, White, Male, United-States, <=50K
27.541939,145033.1,10.579792,1294.1848,-28.456743,36.28925, Private, HS-grad, Never-married, Adm-clerical, Own-child, White, Male, United-States, <=50K
29.353323,133455.31,9.951055,295.0982,45.714108,23.075085, Private, Bachelors, Never-married, Prof-specialty, Own-child, White, Female, United-States, <=50K
28.777948,177001.7,9.250541,2484.9585,-2.2100248,43.402332, Private, Some-college, Married-civ-spouse, Craft-repair, Husband, White, Male, United-States, <=50K
43.96552,212814.19,11.876255,5435.686,-37.405163,40.007454, Private, HS-grad, Married-civ-spouse, Prof-specialty, Husband, White, Male, United-States, >50K
54.206814,112211.555,5.093531,1647.0974,-12.478717,41.06117, Private, HS-grad, Divorced, Other-service, Not-in-family, White, Male, United-States, <=50K
51.58418,124230.88,8.426237,1124.1779,55.82025,36.235943, Private, HS-grad, Married-civ-spouse, Other-service, Husband, White, Male, United-States, <=50K
37.685516,145658.3,11.019324,3558.5312,35.61122,47.500187, Private, Bachelors, Married-civ-spouse, Exec-managerial, Husband, White, Male, United-States, >50K
37.355625,182382.47,9.525086,-1812.6118,38.418266,51.317738, Private, Some-college, Married-civ-spouse, Exec-managerial, Husband, White, Male, United-States, <=50K
27.479456,228849.08,12.501784,-2371.7983,206.05884,43.81293, Private, Bachelors, Divorced, Exec-managerial, Unmarried, White, Female, United-States, <=50K
60.88531,45643.297,9.031158,37.529964,51.544025,28.418264, Private, HS-grad, Married-civ-spouse, Other-service, Husband, White, Male, United-States, <=50K
27.329317,152298.81,5.1739407,113.26025,-15.470843,38.931606, Private, HS-grad, Never-married, Other-service, Not-in-family, White, Male, United-States, <=50K
49.627575,106194.31,9.370948,5590.7534,-14.400134,42.80482, Private, HS-grad, Married-civ-spouse, Other-service, Husband, White, Male, United-States, >50K
33.322655,197643.78,9.286184,1484.0205,297.0195,41.823242, Private, Some-college, Never-married, Craft-repair, Own-child, White, Male, United-States, <=50K
41.298874,171232.34,11.625345,9180.152,55.603996,55.01175, Private, HS-grad, Never-married, Prof-specialty, Not-in-family, White, Male, United-States, <=50K
22.510334,219842.23,10.974825,-115.952705,155.4026,32.501514, Private, Some-college, Never-married, Adm-clerical, Not-in-family, White, Male, United-States, <=50K
62.098675,196591.73,13.164601,2808.7017,84.92242,35.96679, Private, Bachelors, Divorced, Prof-specialty, Not-in-family, White, Female, United-States, <=50K
25.372883,219154.6,9.259768,1174.1558,4.36942,38.5261, Private, Some-college, Married-civ-spouse, Other-service, Husband, White, Male, United-States, <=50K
36.67913,176773.19,9.756294,-1196.9497,400.65982,42.124695, Private, HS-grad, Married-civ-spouse, Exec-managerial, Husband, White, Female, United-States, <=50K
32.589962,147421.47,9.744046,435.81763,115.21973,33.236572, Private, HS-grad, Never-married, Other-service, Unmarried, White, Female, United-States, <=50K
41.265007,226445.88,9.294032,958.34106,25.17822,49.290874, Private, HS-grad, Divorced, Craft-repair, Husband, White, Male, United-States, <=50K
47.449177,300829.34,7.401684,185.85162,51.906094,44.888054, Private, HS-grad, Married-civ-spouse, Craft-repair, Husband, White, Male, United-States, <=50K
44.416546,226178.89,6.5862703,1537.8774,156.39737,38.636974, Private, HS-grad, Divorced, Other-service, Not-in-family, White, Male, United-States, <=50K
25.309599,213828.42,10.025306,904.76447,-24.793688,49.32803, Private, HS-grad, Married-civ-spouse, Prof-specialty, Husband, White, Male, United-States, <=50K
50.343933,143496.23,11.355879,1323.8087,101.43686,36.743397, Private, Some-college, Divorced, Adm-clerical, Not-in-family, White, Female, United-States, <=50K
36.42461,145513.2,8.828331,-345.2785,-45.44798,37.301914, Private, Some-college, Never-married, Craft-repair, Husband, White, Male, United-States, <=50K
53.393974,213213.89,12.887576,-574.816,74.272964,40.43314, Private, Bachelors, Married-civ-spouse, Exec-managerial, Husband, White, Female, United-States, <=50K
36.822113,98986.57,12.107601,3546.198,163.98724,58.273685, Private, Bachelors, Married-civ-spouse, Exec-managerial, Husband, White, Male, United-States, >50K
34.87427,55836.938,12.0151825,558.7535,241.67163,56.947678, Private, Bachelors, Married-civ-spouse, Exec-managerial, Own-child, White, Male, United-States, <=50K
34.60544,370653.72,8.841995,890.9445,141.3387,48.33303, Private, HS-grad, Married-civ-spouse, Other-service, Husband, White, Male, United-States, <=50K
40.704205,229091.14,13.658772,1548.8768,31.643488,49.28665, Private, Bachelors, Divorced, Prof-specialty, Not-in-family, White, Male, United-States, <=50K
32.498325,181859.4,11.13303,-925.24896,405.04752,39.78822, Private, Some-college, Never-married, Craft-repair, Husband, White, Male, United-States, <=50K
23.500256,215668.55,12.793728,787.34235,194.09457,35.981102, Private, Bachelors, Never-married, Prof-specialty, Own-child, White, Female, United-States, <=50K
28.08209,177348.03,12.818837,1768.8842,90.86045,35.120625, Private, Bachelors, Never-married, Craft-repair, Not-in-family, White, Male, United-States, <=50K
61.669556,279801.78,8.230417,671.94446,114.90419,51.878998, Private, HS-grad, Divorced, Other-service, Unmarried, White, Male, United-States, <=50K
29.008204,241172.06,12.278076,-298.4395,70.22019,46.95754, Private, Bachelors, Never-married, Exec-managerial, Not-in-family, White, Female, United-States, <=50K
33.41176,249160.31,9.060148,2491.6772,-34.89358,38.934685, Private, HS-grad, Divorced, Other-service, Not-in-family, White, Female, United-States, <=50K
35.871857,52069.36,10.638334,1526.8002,310.03418,30.088577, Private, HS-grad, Never-married, Adm-clerical, Not-in-family, White, Male, United-States, <=50K
44.42734,89377.79,11.480001,2621.341,-29.537615,43.41933, Private, HS-grad, Married-civ-spouse, Exec-managerial, Husband, White, Male, United-States, >50K
39.71648,120916.62,7.365037,226.08453,21.143042,47.695004, Private, HS-grad, Married-civ-spouse, Craft-repair, Husband, White, Male, United-States, <=50K
32.578064,224084.2,8.813783,2302.2688,241.4706,42.81156, Private, Some-college, Never-married, Craft-repair, Not-in-family, White, Male, United-States, <=50K
32.39146,109555.01,10.141303,978.1765,462.83417,40.66399, Private, Some-college, Never-married, Adm-clerical, Not-in-family, White, Male, United-States, <=50K
21.323431,159316.16,11.723767,2655.5435,271.20987,34.90307, Private, Bachelors, Married-civ-spouse, Prof-specialty, Husband, White, Male, United-States, <=50K
52.705063,102710.766,12.688307,2843.821,244.68617,43.175766, Private, Bachelors, Married-civ-spouse, Exec-managerial, Husband, White, Male, United-States, >50K
40.757507,153187.14,9.840573,396.33075,17.16828,46.817795, Private, Some-college, Married-civ-spouse, Craft-repair, Husband, White, Male, United-States, >50K
40.41539,129991.23,8.104658,404.95245,343.24313,51.513412, Private, HS-grad, Married-civ-spouse, Craft-repair, Husband, White, Male, United-States, <=50K
31.77094,162714.64,7.07262,-74.26887,30.401834,42.729523, Private, HS-grad, Never-married, Adm-clerical, Not-in-family, White, Male, United-States, <=50K
82.18625,125150.05,11.845838,4956.9004,7.6823854,26.871992, Private, HS-grad, Married-civ-spouse, Prof-specialty, Husband, White, Male, United-States, >50K
34.9317,159248.6,14.402828,1329.1954,555.21985,53.411705, Private, Bachelors, Never-married, Exec-managerial, Not-in-family, White, Male, United-States, <=50K
28.601145,228809.97,11.400447,35.301205,224.62851,38.940544, Private, HS-grad, Married-civ-spouse, Prof-specialty, Husband, White, Male, United-States, <=50K
27.434372,222544.67,6.901141,-862.7205,-42.47772,32.89066, Private, HS-grad, Never-married, Adm-clerical, Own-child, White, Male, United-States, <=50K
23.220734,170799.64,11.220065,2304.4692,378.15192,41.065125, Private, HS-grad, Never-married, Prof-specialty, Unmarried, White, Female, United-States, <=50K
53.765774,192253.72,8.674034,10228.972,71.718864,50.883118, Private, HS-grad, Married-civ-spouse, Exec-managerial, Husband, White, Male, United-States, >50K
35.513233,162043.95,7.3131027,691.5356,28.259138,38.525005, Private, HS-grad, Never-married, Other-service, Own-child, White, Male, United-States, <=50K
39.94406,108502.88,13.961459,1496.3264,160.08583,39.355415, Private, Bachelors, Married-civ-spouse, Prof-specialty, Husband, White, Female, United-States, <=50K
39.805027,225796.7,8.789505,3052.3794,-13.660983,55.4701, Private, Some-college, Divorced, Exec-managerial, Not-in-family, White, Male, United-States, <=50K
38.407,83581.414,9.308941,-1330.0271,82.53273,43.786777, Private, Some-college, Married-civ-spouse, Exec-managerial, Husband, White, Female, United-States, <=50K
38.761696,100755.75,12.704448,1134.5457,86.06319,48.430172, Private, Bachelors, Never-married, Prof-specialty, Not-in-family, White, Female, United-States, <=50K
48.267036,273523.1,11.174124,230.81628,129.69514,50.39586, Private, Some-college, Divorced, Craft-repair, Not-in-family, White, Male, United-States, >50K
23.640633,263868.2,7.892661,-419.93427,19.157774,40.136196, Private, HS-grad, Never-married, Other-service, Own-child, White, Male, United-States, <=50K
32.46669,314268.8,12.916537,-177.50104,347.5126,62.49195, Private, Bachelors, Never-married, Exec-managerial, Not-in-family, White, Female, United-States, <=50K
37.01983,314529.44,11.478497,1922.7732,136.60838,50.093468, Private, HS-grad, Divorced, Exec-managerial, Unmarried, White, Female, United-States, >50K
28.436447,223590.62,12.242234,-903.32184,88.12868,58.56391, Private, Bachelors, Never-married, Craft-repair, Not-in-family, White, Male, United-States, <=50K
58.66283,137299.67,11.491272,1881.8528,27.278845,30.753311, Private, HS-grad, Divorced, Prof-specialty, Not-in-family, White, Female, United-States, <=50K
45.58532,280546.75,4.7600427,-382.36603,34.29958,49.243248, Private, HS-grad, Divorced, Other-service, Not-in-family, White, Male, United-States, <=50K
20.149105,292747.97,8.835802,-234.91046,-45.855984,30.802921, Private, HS-grad, Never-married, Other-service, Own-child, White, Female, United-States, <=50K
41.643818,212208.34,8.978605,1228.5084,55.068447,39.294865, Private, HS-grad, Divorced, Adm-clerical, Not-in-family, White, Male, United-States, <=50K
44.179012,119257.55,13.403416,3083.7637,233.75789,49.878414, Private, Bachelors, Married-civ-spouse, Prof-specialty, Husband, White, Male, United-States, <=50K
68.78965,78505.234,7.468448,4176.3994,25.589499,39.642868, Private, HS-grad, Married-civ-spouse, Other-service, Husband, White, Male, United-States, <=50K
41.638935,108343.35,11.384792,-1343.9824,65.38058,39.929386, Private, Some-college, Married-civ-spouse, Prof-specialty, Husband, White, Female, United-States, >50K
28.854126,174351.92,12.0149975,1104.5359,410.01398,38.393684, Private, Bachelors, Never-married, Craft-repair, Own-child, White, Male, United-States, <=50K
69.72355,61796.805,6.462189,3567.433,66.79525,20.697773, Private, HS-grad, Married-civ-spouse, Other-service, Husband, White, Male, United-States, <=50K
34.606655,196233.56,7.3583975,-905.3671,76.64928,52.062725, Private, Some-college, Divorced, Craft-repair, Not-in-family, White, Male, United-States, <=50K
15.2576685,184806.42,7.995539,1660.4899,44.516434,26.047234, Private, HS-grad, Married-civ-spouse, Other-service, Husband, White, Male, United-States, <=50K
22.884954,70798.086,10.226626,-613.02655,199.9987,37.19693, Private, HS-grad, Married-civ-spouse, Exec-managerial, Own-child, White, Male, United-States, <=50K
41.660862,41466.734,13.229639,2330.41,68.796906,51.67149, Private, Bachelors, Married-civ-spouse, Exec-managerial, Husband, White, Male, United-States, >50K
34.118576,96924.97,10.495027,1604.9518,410.61343,38.335888, Private, HS-grad, Married-civ-spouse, Craft-repair, Husband, White, Male, United-States, <=50K
22.05403,173411.47,7.595467,-144.67792,29.517504,27.189074, Private, Some-college, Never-married, Other-service, Own-child, White, Male, United-States, <=50K
37.102028,221057.97,8.458662,-113.35578,82.55972,51.450363, Private, Some-college, Married-civ-spouse, Craft-repair, Husband, White, Male, United-States, >50K
33.292324,48155.812,9.536113,2563.697,52.7918,25.01483, Private, HS-grad, Married-civ-spouse, Exec-managerial, Husband, White, Female, United-States, <=50K
57.61068,182911.53,11.84054,-286.93207,62.013622,40.360832, Private, Some-college, Divorced, Exec-managerial, Unmarried, White, Female, United-States, <=50K
26.722153,198147.27,8.475701,-172.9284,17.988714,15.720974, Private, Some-college, Married-civ-spouse, Other-service, Own-child, White, Female, United-States, <=50K
14.365602,286659.97,12.169951,687.9798,-73.96995,25.16025, Private, Bachelors, Never-married, Prof-specialty, Own-child, White, Female, United-States, <=50K
36.392433,81275.37,11.470654,3224.4883,19.454046,47.85014, Private, Some-college, Never-married, Craft-repair, Not-in-family, White, Male, United-States, <=50K
25.523626,213262.38,10.8194065,743.09094,94.85302,42.837822, Private, Bachelors, Never-married, Exec-managerial, Own-child, White, Male, United-States, <=50K
37.950294,287187.34,6.3405437,1201.7849,5.3921404,37.82038, Private, HS-grad, Married-civ-spouse, Other-service, Husband, White, Male, United-States, <=50K
45.050434,161698.03,10.072001,215.87878,618.01337,53.77258, Private, HS-grad, Married-civ-spouse, Adm-clerical, Husband, White, Male, United-States, <=50K
30.574345,209187.95,7.52694,409.5489,-2.6763334,47.876278, Private, Some-college, Married-civ-spouse, Craft-repair, Husband, White, Male, United-States, <=50K
28.309912,174414.47,11.317464,2268.9368,76.0329,36.165874, Private, Bachelors, Never-married, Adm-clerical, Not-in-family, White, Female, United-States, <=50K
40.49259,228993.69,9.97714,1222.6039,65.1365,44.480877, Private, HS-grad, Divorced, Exec-managerial, Not-in-family, White, Male, United-States, <=50K
50.3469,195887.05,8.748318,1879.9209,-1.4205579,31.518646, Private, HS-grad, Divorced, Craft-repair, Unmarried, White, Male, United-States, <=50K
29.948072,160053.3,6.790169,2180.3147,41.334606,37.250114, Private, HS-grad, Never-married, Adm-clerical, Own-child, White, Male, United-States, <=50K
42.097992,128309.69,6.6576724,2035.3525,27.80496,39.32505, Private, HS-grad, Never-married, Other-service, Unmarried, White, Male, United-States, <=50K
46.459465,210998.73,13.645696,2243.0127,338.681,48.432873, Private, Bachelors, Married-civ-spouse, Prof-specialty, Husband, White, Male, United-States, >50K
50.141907,95524.945,5.2691307,3620.0132,-31.190523,36.590633, Private, HS-grad, Married-civ-spouse, Other-service, Husband, White, Male, United-States, <=50K
29.298727,159701.9,9.360618,928.1844,19.293264,31.937775, Private, HS-grad, Married-civ-spouse, Other-service, Husband, White, Male, United-States, <=50K
21.20314,240965.94,9.800741,2840.449,184.35484,39.13261, Private, HS-grad, Never-married, Adm-clerical, Not-in-family, White, Female, United-States, <=50K
57.403114,162668.19,4.3531165,2810.5737,33.95426,31.18187, Private, HS-grad, Divorced, Other-service, Not-in-family, White, Female, United-States, <=50K
37.23467,192814.75,12.113806,238.52179,114.53713,47.372753, Private, Some-college, Married-civ-spouse, Exec-managerial, Own-child, White, Male, United-States, <=50K
46.321445,213999.25,13.106224,10683.91,362.55765,55.17557, Private, Bachelors, Married-civ-spouse, Exec-managerial, Husband, White, Male, United-States, >50K
20.669197,117390.836,10.275019,2324.8003,-1.6952161,45.935024, Private, Some-college, Never-married, Other-service, Own-child, White, Male, United-States, <=50K
35.0458,244991.81,6.7575164,252.505,84.245224,33.029778, Private, Some-college, Married-civ-spouse, Craft-repair, Husband, White, Male, United-States, <=50K
60.24837,194084.89,6.4266276,3658.508,64.155495,45.898655, Private, HS-grad, Divorced, Other-service, Not-in-family, White, Male, United-States, <=50K
22.515354,143157.5,9.194526,-89.874214,131.60855,32.220345, Private, Some-college, Never-married, Adm-clerical, Not-in-family, White, Male, United-States, <=50K
29.714888,154610.78,10.146325,1038.5123,19.975523,47.070946, Private, HS-grad, Married-civ-spouse, Craft-repair, Husband, White, Male, United-States, <=50K
42.37587,173719.33,9.666043,347.01184,127.60176,67.73363, Private, Some-college, Married-civ-spouse, Exec-managerial, Husband, White, Male, United-States, <=50K
33.65093,119794.22,13.989824,1340.4723,45.102505,59.205696, Private, Bachelors, Never-married, Prof-specialty, Own-child, White, Female, United-States, <=50K
50.38677,238265.16,7.385017,39.44073,26.145887,53.62231, Private, HS-grad, Married-civ-spouse, Craft-repair, Husband, White, Male, United-States, <=50K
53.197464,274002.2,5.172838,1311.1028,91.91132,47.400303, Private, HS-grad, Divorced, Other-service, Not-in-family, White, Male, United-States, <=50K
42.32482,190339.1,8.926962,3241.6453,54.98682,41.373207, Private, HS-grad, Divorced, Other-service, Husband, White, Male, United-States, <=50K
49.579308,166666.11,10.434413,3924.5066,117.428856,49.588406, Private, HS-grad, Divorced, Craft-repair, Husband, White, Male, United-States, <=50K
55.27391,137893.0,9.060264,2091.1704,1.5588046,37.25247, Private, HS-grad, Married-civ-spouse, Other-service, Husband, White, Male, United-States, <=50K
26.426962,289521.2,13.774534,3398.8403,446.96448,36.004345, Private, Bachelors, Never-married, Prof-specialty, Not-in-family, White, Male, United-States, <=50K
21.924973,275227.94,8.056025,-340.4881,22.795973,30.045807, Private, Some-college, Never-married, Adm-clerical, Own-child, White, Female, United-States, <=50K
34.625797,151390.31,9.199222,112.75298,16.444105,48.933655, Private, Some-college, Married-civ-spouse, Craft-repair, Husband, White, Male, United-States, >50K
34.63002,161240.02,8.897431,669.1895,-13.66289,43.909786, Private, Some-college, Married-civ-spouse, Craft-repair, Husband, White, Male, United-States, <=50K
30.816143,122901.54,11.006188,1617.7122,-56.404568,46.815174, Private, Some-college, Married-civ-spouse, Exec-managerial, Husband, White, Male, United-States, <=50K
44.710926,176499.78,8.813883,6005.62,370.99823,32.38442, Private, Some-college, Married-civ-spouse, Exec-managerial, Husband, White, Male, United-States, <=50K
39.512222,222991.22,7.278031,2841.447,4.7260027,20.215483, Private, HS-grad, Never-married, Other-service, Not-in-family, White, Female, United-States, <=50K
41.84428,186701.66,8.59647,1230.1992,-23.636591,22.513838, Private, Some-college, Never-married, Other-service, Not-in-family, White, Female, United-States, <=50K
30.527054,172183.52,8.876226,619.98364,-1.2432736,34.525463, Private, HS-grad, Married-civ-spouse, Other-service, Husband, White, Male, United-States, <=50K
25.84229,266362.94,9.375787,85.47521,39.396385,38.349365, Private, Some-college, Never-married, Adm-clerical, Not-in-family, White, Female, United-States, <=50K
22.290945,237447.69,7.9959745,-149.17767,15.061467,33.63445, Private, Some-college, Never-married, Other-service, Own-child, White, Female, United-States, <=50K
43.42768,62918.83,12.383412,2069.284,92.92979,32.371258, Private, Bachelors, Never-married, Prof-specialty, Not-in-family, White, Female, United-States, <=50K
27.125368,316033.5,10.276407,10725.046,-12.794604,29.847572, Private, HS-grad, Never-married, Other-service, Own-child, White, Male, United-States, <=50K
29.554379,208646.6,8.581465,717.5873,139.04187,45.193153, Private, Some-college, Married-civ-spouse, Craft-repair, Husband, White, Male, United-States, >50K
39.6021,248952.66,14.606957,2364.5906,189.70734,60.89695, Private, Bachelors, Married-civ-spouse, Prof-specialty, Husband, White, Male, United-States, >50K
30.969637,83681.37,9.656546,57.278866,-21.653116,11.256258, Private, Some-college, Never-married, Adm-clerical, Own-child, White, Female, United-States, <=50K
26.99634,204094.08,9.262138,692.6279,85.97676,42.82176, Private, HS-grad, Never-married, Craft-repair, Not-in-family, White, Male, United-States, <=50K
41.24379,30342.594,11.997066,1206.968,121.98616,72.43158, Private, Bachelors, Married-civ-spouse, Craft-repair, Husband, White, Male, United-States, >50K
26.008375,330746.25,9.170836,626.43787,-6.352023,35.23939, Private, HS-grad, Never-married, Other-service, Own-child, White, Female, United-States, <=50K
26.022308,139213.89,10.942858,-163.81476,558.34674,46.035378, Private, HS-grad, Married-civ-spouse, Adm-clerical, Own-child, White, Male, United-States, <=50K
47.821815,270618.1,6.212262,2336.6736,42.791737,42.95353, Private, HS-grad, Divorced, Other-service, Unmarried, White, Female, United-States, <=50K
45.45231,166601.0,7.6420856,6653.6284,8.30473,35.230152, Private, HS-grad, Divorced, Other-service, Not-in-family, White, Female, United-States, <=50K
36.17556,194882.92,6.5188503,-457.40924,109.55926,44.582924, Private, HS-grad, Married-civ-spouse, Craft-repair, Husband, White, Male, United-States, <=50K
24.989607,262692.0,10.710415,7363.154,590.2187,43.68639, Private, HS-grad, Never-married, Adm-clerical, Not-in-family, White, Female, United-States, <=50K
49.516956,89050.13,14.784418,4796.947,252.00896,60.37379, Private, Bachelors, Married-civ-spouse, Prof-specialty, Husband, White, Male, United-States, >50K
30.645176,311829.22,12.307323,-335.3565,80.00005,47.824966, Private, Bachelors, Married-civ-spouse, Sales, Own-child, White, Male, United-States, <=50K
30.629248,248529.4,8.595416,719.3005,89.493996,43.563824, Private, HS-grad, Married-civ-spouse, Craft-repair, Husband, White, Male, United-States, <=50K
31.565588,311774.94,4.9710126,25.580257,3.167386,39.955357, Private, Some-college, Never-married, Adm-clerical, Not-in-family, White, Male, United-States, <=50K
20.836891,99052.47,10.297341,766.4485,43.842754,38.73574, Private, Some-college, Never-married, Exec-managerial, Own-child, White, Male, United-States, <=50K
33.52325,233568.95,10.967279,-1131.4885,348.72998,41.740173, Private, Some-college, Never-married, Exec-managerial, Not-in-family, White, Female, United-States, <=50K
40.55251,149500.05,10.080903,1011.4503,114.299484,55.15563, Private, Some-college, Married-civ-spouse, Exec-managerial, Husband, White, Male, United-States, >50K
55.17083,221613.17,6.9191475,2129.8154,48.799854,57.601826, Private, HS-grad, Married-civ-spouse, Craft-repair, Husband, White, Male, United-States, <=50K
60.53551,210174.52,11.278786,4437.069,527.20404,47.358067, Private, HS-grad, Married-civ-spouse, Prof-specialty, Husband, White, Male, United-States, >50K
36.059547,145822.5,12.593393,973.56116,87.97643,54.422836, Private, Bachelors, Divorced, Exec-managerial, Unmarried, White, Female, United-States, <=50K
29.062166,173597.48,10.765294,-31.545963,-41.82002,35.85232, Private, Some-college, Never-married, Exec-managerial, Unmarried, White, Female, United-States, <=50K
24.563446,153373.94,9.529145,-859.2171,23.347227,28.224483, Private, Some-college, Married-civ-spouse, Exec-managerial, Own-child, White, Female, United-States, <=50K
24.734018,163452.28,7.2024684,-648.35626,27.439253,30.803104, Private, Some-college, Never-married, Adm-clerical, Own-child, White, Female, United-States, <=50K
32.897453,79240.42,13.122337,4569.1353,403.6457,49.458366, Private, Bachelors, Married-civ-spouse, Prof-specialty, Not-in-family, White, Female, United-States, >50K
26.591888,173483.9,10.354387,3694.753,12.284101,40.781036, Private, Some-college, Never-married, Craft-repair, Not-in-family, White, Male, United-States, <=50K
42.35569,252140.88,9.161772,699.5339,179.77359,34.2214, Private, Some-college, Divorced, Craft-repair, Not-in-family, White, Male, United-States, <=50K
35.24467,164879.92,8.940857,820.8795,-1.8648404,43.39423, Private, HS-grad, Married-civ-spouse, Other-service, Unmarried, White, Female, United-States, <=50K
49.073082,98242.52,10.29076,6308.1323,358.74686,49.69049, Private, HS-grad, Married-civ-spouse, Other-service, Husband, White, Male, United-States, >50K
28.544905,151036.84,5.2859206,-812.9577,-79.95661,11.031805, Private, Some-college, Never-married, Other-service, Own-child, White, Female, United-States, <=50K
20.571945,153176.03,9.3843975,-735.4465,-11.035312,30.087019, Private, Some-college, Never-married, Adm-clerical, Own-child, White, Female, United-States, <=50K
32.39137,231066.0,11.965183,1129.5814,18.306395,35.62762, Private, Bachelors, Married-civ-spouse, Exec-managerial, Husband, White, Male, United-States, <=50K
35.233326,194733.69,9.131767,168.50024,71.966286,37.415325, Private, HS-grad, Never-married, Adm-clerical, Not-in-family, White, Female, United-States, <=50K
26.345596,181308.06,8.245098,-11.346256,21.513319,29.906317, Private, Some-college, Never-married, Adm-clerical, Not-in-family, White, Female, United-States, <=50K
38.140858,108766.37,10.598448,959.07275,-49.432278,47.944214, Private, Some-college, Married-civ-spouse, Craft-repair, Husband, White, Male, United-States, <=50K
50.897327,148363.0,9.231567,6863.5635,5.5740633,46.231136, Private, HS-grad, Married-civ-spouse, Other-service, Husband, White, Male, United-States, >50K
52.432564,179437.83,9.03792,2223.1917,10.350057,24.376688, Private, HS-grad, Divorced, Adm-clerical, Not-in-family, White, Female, United-States, <=50K
18.850151,177352.97,11.841532,756.3641,3.951665,35.93806, Private, Bachelors, Never-married, Exec-managerial, Own-child, White, Male, United-States, <=50K
40.073814,151298.52,11.732754,1767.2404,104.11196,49.31977, Private, Bachelors, Married-civ-spouse, Craft-repair, Husband, White, Male, United-States, >50K
34.691498,258021.28,7.766658,-338.13287,31.042078,45.052105, Private, HS-grad, Married-civ-spouse, Other-service, Husband, White, Female, United-States, <=50K
28.482744,90895.9,9.090758,-1014.47504,-1.8880109,24.483377, Private, Some-college, Never-married, Adm-clerical, Own-child, White, Female, United-States, <=50K
35.039055,221410.17,6.6835065,1757.7562,104.97626,38.90638, Private, HS-grad, Married-civ-spouse, Other-service, Husband, White, Male, United-States, <=50K
38.280674,139337.02,9.568268,1525.0063,30.95434,42.00138, Private, HS-grad, Married-civ-spouse, Other-service, Own-child, White, Male, United-States, <=50K
31.604671,177001.44,8.496927,765.8409,-6.21844,21.221474, Private, Some-college, Never-married, Adm-clerical, Not-in-family, White, Female, United-States, <=50K
44.044395,128360.02,9.861951,790.3735,84.31969,44.581005, Private, HS-grad, Married-civ-spouse, Other-service, Not-in-family, White, Male, United-States, <=50K
45.785934,148066.03,8.560009,2269.213,21.306707,40.828968, Private, HS-grad, Married-civ-spouse, Exec-managerial, Husband, White, Female, United-States, >50K
33.096706,197174.47,9.925155,-3.034611,24.599596,32.05971, Private, Some-college, Divorced, Adm-clerical, Unmarried, White, Female, United-States, <=50K
44.483097,167465.81,12.294897,2211.4333,20.99497,51.2398, Private, HS-grad, Divorced, Exec-managerial, Not-in-family, White, Male, United-States, <=50K
32.45572,203550.69,9.2396755,-1009.84076,-24.98768,44.105522, Private, Some-college, Married-civ-spouse, Exec-managerial, Husband, White, Male, United-States, <=50K
34.200397,98788.31,14.176505,5918.965,27.443792,60.734318, Private, Bachelors, Never-married, Exec-managerial, Not-in-family, White, Male, United-States, <=50K
42.046616,316206.94,8.286454,2222.7485,107.37658,47.80878, Private, HS-grad, Married-civ-spouse, Craft-repair, Husband, White, Male, United-States, <=50K
43.01493,58746.79,11.432235,10162.852,-65.32462,43.964035, Private, HS-grad, Never-married, Prof-specialty, Not-in-family, White, Male, United-States, >50K
26.099344,365063.16,11.399198,120.45446,100.20631,41.298832, Private, Some-college, Married-civ-spouse, Exec-managerial, Husband, White, Male, United-States, <=50K
29.981571,211108.58,7.573403,483.9043,12.41644,39.29796, Private, HS-grad, Married-civ-spouse, Other-service, Husband, White, Male, United-States, <=50K
30.926048,105960.914,11.391362,1086.9963,18.200521,46.950287, Private, Bachelors, Divorced, Exec-managerial, Unmarried, White, Female, United-States, <=50K
28.273233,170602.12,8.172927,696.0098,3.4246264,32.492245, Private, HS-grad, Never-married, Other-service, Own-child, White, Male, United-States, <=50K
31.782095,154031.33,10.229722,424.27734,17.04907,40.274857, Private, HS-grad, Married-civ-spouse, Other-service, Husband, White, Male, United-States, <=50K
64.04772,197223.53,7.993217,444.59058,20.268599,42.64368, Private, HS-grad, Married-civ-spouse, Other-service, Unmarried, White, Male, United-States, <=50K
52.222107,256454.7,7.660727,2778.0251,174.30618,33.585194, Private, HS-grad, Divorced, Craft-repair, Not-in-family, White, Male, United-States, <=50K
59.316628,128538.99,9.932689,1264.5928,43.36504,52.576473, Private, HS-grad, Divorced, Exec-managerial, Not-in-family, White, Male, United-States, <=50K
26.990868,123635.484,9.7572365,-107.839424,7.3406954,41.292156, Private, Some-college, Never-married, Craft-repair, Own-child, White, Male, United-States, <=50K
40.29547,100162.734,8.977213,758.4727,-33.33295,40.617245, Private, HS-grad, Married-civ-spouse, Craft-repair, Husband, White, Male, United-States, <=50K
24.764555,275277.66,9.841004,-748.86884,11.288594,31.299974, Private, Some-college, Never-married, Adm-clerical, Own-child, White, Male, United-States, <=50K
26.207006,127655.45,7.382559,-259.43207,-10.591907,27.093355, Private, HS-grad, Never-married, Other-service, Own-child, White, Male, United-States, <=50K
32.868126,257698.89,10.624432,-413.0302,-5.441745,45.9454, Private, Some-college, Married-civ-spouse, Exec-managerial, Husband, White, Male, United-States, <=50K
27.564968,153702.75,13.214964,757.5076,88.09821,44.44657, Private, Bachelors, Married-civ-spouse, Prof-specialty, Husband, White, Male, United-States, <=50K
38.637936,305231.88,5.474442,2092.4177,73.80552,36.503155, Private, HS-grad, Married-civ-spouse, Exec-managerial, Husband, White, Female, United-States, >50K
18.355433,240013.05,10.777338,339.72522,-63.47221,26.340784, Private, Bachelors, Never-married, Adm-clerical, Not-in-family, White, Female, United-States, <=50K
39.882355,87238.22,8.634916,3614.7097,155.22313,43.893085, Private, HS-grad, Divorced, Craft-repair, Not-in-family, White, Male, United-States, <=50K
27.653757,403472.66,10.005841,-994.56366,18.02896,34.7139, Private, Some-college, Married-civ-spouse, Exec-managerial, Unmarried, White, Female, United-States, <=50K
34.04694,376731.66,8.170253,-2324.615,278.8574,54.208122, Private, HS-grad, Married-civ-spouse, Other-service, Husband, White, Male, United-States, <=50K
23.446308,188876.81,9.036533,-644.60016,367.24008,40.870205, Private, Some-college, Never-married, Adm-clerical, Not-in-family, White, Female, United-States, <=50K
31.348806,182994.92,10.627992,1869.4661,455.08487,58.58957, Private, HS-grad, Married-civ-spouse, Craft-repair, Not-in-family, White, Male, United-States, <=50K
36.761932,126216.46,11.326687,558.3392,171.8967,63.194096, Private, Some-college, Married-civ-spouse, Craft-repair, Husband, White, Male, United-States, <=50K
35.121227,209804.36,5.661001,-813.8383,-31.672411,32.39102, Private, Some-college, Never-married, Adm-clerical, Not-in-family, White, Male, United-States, <=50K
43.593834,224906.92,8.767022,1532.6095,56.69253,34.870296, Private, HS-grad, Married-civ-spouse, Other-service, Husband, White, Male, United-States, <=50K
28.819649,285370.8,7.9793477,-244.86285,-15.647525,50.888836, Private, Some-college, Never-married, Exec-managerial, Not-in-family, White, Male, United-States, <=50K
43.00725,161569.64,12.776298,2339.0002,138.08353,46.760674, Private, Bachelors, Married-civ-spouse, Prof-specialty, Husband, White, Male, United-States, >50K
38.06538,242246.42,9.693034,1777.3668,112.00407,59.51546, Private, Some-college, Never-married, Exec-managerial, Not-in-family, White, Male, United-States, <=50K
44.80884,84229.38,6.3212223,-137.25226,-6.359996,51.33625, Private, Some-college, Married-civ-spouse, Craft-repair, Husband, White, Male, United-States, <=50K
47.087334,221058.61,8.267813,-446.21185,26.593588,37.87077, Private, HS-grad, Divorced, Adm-clerical, Unmarried, White, Female, United-States, <=50K
43.193382,306298.62,11.78468,891.3177,104.0904,34.71477, Private, Bachelors, Married-civ-spouse, Prof-specialty, Unmarried, White, Male, United-States, <=50K
44.337196,164553.3,8.273321,438.94,-43.533703,35.782528, Private, HS-grad, Never-married, Other-service, Not-in-family, White, Female, United-States, <=50K
32.213093,154805.6,10.048062,316.50818,-12.735965,55.604725, Private, HS-grad, Never-married, Other-service, Own-child, White, Male, United-States, <=50K
28.96159,163237.64,11.818375,2065.917,355.26147,49.092533, Private, Bachelors, Never-married, Craft-repair, Not-in-family, White, Male, United-States, <=50K
44.269405,123676.31,9.571482,3634.4463,17.37551,36.140057, Private, HS-grad, Divorced, Prof-specialty, Not-in-family, White, Female, United-States, <=50K
22.870773,235082.14,10.807743,-830.18915,414.73053,41.61105, Private, HS-grad, Married-civ-spouse, Craft-repair, Husband, White, Male, United-States, >50K
37.873962,200830.84,10.721639,-408.34967,209.89383,51.126564, Private, Some-college, Married-civ-spouse, Craft-repair, Husband, White, Male, United-States, <=50K
21.353098,185580.64,9.750589,-1568.1924,7.4005785,31.6699, Private, Some-college, Never-married, Adm-clerical, Unmarried, White, Female, United-States, <=50K
56.987522,121562.59,8.042237,1033.6818,22.023252,33.077732, Private, HS-grad, Divorced, Other-service, Unmarried, White, Female, United-States, <=50K
40.74556,237978.11,13.643981,2162.7258,30.909288,30.656576, Private, Bachelors, Married-civ-spouse, Prof-specialty, Husband, White, Male, United-States, <=50K
50.584396,31981.406,11.256063,3333.0063,27.708181,28.062233, Private, HS-grad, Married-civ-spouse, Other-service, Husband, White, Male, United-States, <=50K
44.33849,45068.844,11.078965,819.22046,486.43738,47.50769, Private, Bachelors, Married-civ-spouse, Craft-repair, Husband, White, Male, United-States, >50K
30.026997,143824.31,9.601087,634.8493,37.746876,41.024296, Private, HS-grad, Married-civ-spouse, Adm-clerical, Husband, White, Female, United-States, <=50K
47.05702,184008.52,6.7823825,1622.4366,534.56934,48.666973, Private, HS-grad, Married-civ-spouse, Craft-repair, Husband, White, Male, United-States, <=50K
27.40485,157453.81,12.034996,1389.49,49.302063,37.950794, Private, Bachelors, Never-married, Prof-specialty, Not-in-family, White, Male, United-States, <=50K
33.4788,98857.69,10.778702,391.79163,15.450688,38.99144, Private, Some-college, Married-civ-spouse, Craft-repair, Husband, White, Male, United-States, <=50K
35.041687,255741.69,8.208692,2002.2676,121.19295,35.70354, Private, HS-grad, Never-married, Other-service, Not-in-family, White, Male, United-States, <=50K
22.020855,249311.48,9.661198,-6.1936684,-81.74537,28.32194, Private, Some-college, Never-married, Adm-clerical, Unmarried, White, Female, United-States, <=50K
51.015717,183658.05,14.385419,1098.9485,150.864,43.32073, Private, Bachelors, Married-civ-spouse, Prof-specialty, Husband, White, Male, United-States, >50K
27.666342,106836.76,12.989324,719.8793,22.700186,54.566814, Private, Bachelors, Never-married, Exec-managerial, Husband, White, Male, United-States, <=50K
42.834137,70738.375,10.780022,1384.0433,208.53786,51.934406, Private, HS-grad, Married-civ-spouse, Exec-managerial, Husband, White, Male, United-States, >50K
28.230076,246638.67,7.2254996,-983.9476,25.207014,40.10033, Private, Some-college, Married-civ-spouse, Other-service, Husband, White, Male, United-States, <=50K
27.205318,205171.22,8.323335,-474.72504,32.553135,52.451557, Private, Some-college, Never-married, Craft-repair, Own-child, White, Male, United-States, <=50K
58.234547,94313.78,12.191992,2742.1206,134.64441,44.54835, Private, HS-grad, Married-civ-spouse, Prof-specialty, Husband, White, Male, United-States, >50K
36.433678,135242.69,13.713889,446.2412,17.585608,41.40952, Private, Bachelors, Divorced, Prof-specialty, Unmarried, White, Female, United-States, <=50K
34.373966,77389.3,11.976409,4728.548,-42.216503,28.047031, Private, HS-grad, Married-civ-spouse, Prof-specialty, Husband, White, Male, United-States, <=50K
43.799583,251514.42,13.775513,1071.3787,30.76076,52.269012, Private, Bachelors, Married-civ-spouse, Prof-specialty, Husband, White, Male, United-States, >50K
44.24167,210326.53,7.8242455,2507.537,42.68559,30.431019, Private, HS-grad, Married-civ-spouse, Other-service, Husband, White, Male, United-States, <=50K
50.4214,151649.86,9.6388645,1297.0865,399.16513,58.793488, Private, HS-grad, Married-civ-spouse, Exec-managerial, Husband, White, Male, United-States, >50K
26.687319,247929.11,8.68747,1326.3636,-14.121036,38.490795, Private, HS-grad, Never-married, Craft-repair, Own-child, White, Male, United-States, <=50K
26.158218,146425.5,8.575159,29.459408,174.43343,44.99329, Private, Some-college, Never-married, Adm-clerical, Not-in-family, White, Male, United-States, <=50K
39.974266,261270.58,15.002003,5637.123,-29.019556,65.4178, Private, Bachelors, Married-civ-spouse, Prof-specialty, Husband, White, Male, United-States, >50K
25.233027,182474.08,9.978125,1323.4332,-55.922405,36.352097, Private, Some-college, Never-married, Adm-clerical, Own-child, White, Female, United-States, <=50K
26.76351,231090.97,9.375353,731.86615,-33.622417,40.556908, Private, HS-grad, Married-civ-spouse, Craft-repair, Husband, White, Male, United-States, <=50K
35.99278,263024.0,11.60386,2767.9658,76.22172,41.534504, Private, Bachelors, Married-civ-spouse, Exec-managerial, Husband, White, Male, United-States, <=50K
27.40093,248379.4,10.306361,1468.1777,16.655256,44.95416, Private, HS-grad, Never-married, Craft-repair, Not-in-family, White, Male, United-States, <=50K
43.834362,165892.45,12.961313,2228.479,-23.71181,41.787636, Private, Bachelors, Married-civ-spouse, Prof-specialty, Husband, White, Male, United-States, >50K
21.396986,238956.53,10.214675,-1484.0217,24.113836,33.415997, Private, Some-college, Never-married, Exec-managerial, Own-child, White, Male, United-States, <=50K
46.233585,185058.38,13.116102,1923.107,51.59316,34.97162, Private, Bachelors, Divorced, Prof-specialty, Not-in-family, White, Female, United-States, >50K
48.23652,157317.17,11.437964,1672.2158,-34.627865,43.862785, Private, Some-college, Married-civ-spouse, Exec-managerial, Husband, White, Male, United-States, >50K
37.51084,153831.28,10.217811,1978.6333,-31.286043,45.586678, Private, Bachelors, Married-civ-spouse, Craft-repair, Husband, White, Male, United-States, >50K
33.930862,245785.16,9.606155,1701.9349,26.924498,37.953815, Private, HS-grad, Married-civ-spouse, Exec-managerial, Husband, White, Male, United-States, >50K
58.745934,338061.78,10.9694605,1734.1853,31.08396,22.483023, Private, HS-grad, Divorced, Adm-clerical, Not-in-family, White, Female, United-States, <=50K
38.120316,84280.15,11.9803295,114.83886,532.14667,40.432964, Private, Bachelors, Married-civ-spouse, Exec-managerial, Unmarried, White, Female, United-States, <=50K
23.050398,199129.61,10.586615,6985.003,-122.37801,31.908264, Private, HS-grad, Never-married, Exec-managerial, Not-in-family, White, Male, United-States, <=50K
35.964264,168332.6,8.345069,1718.6573,48.02973,39.83617, Private, HS-grad, Married-civ-spouse, Other-service, Husband, White, Female, United-States, <=50K
42.803707,184792.14,11.314745,3040.977,166.26106,41.234497, Private, HS-grad, Married-civ-spouse, Craft-repair, Husband, White, Male, United-States, <=50K
37.44247,185277.44,11.887751,2210.4883,-50.64105,48.905025, Private, HS-grad, Married-civ-spouse, Prof-specialty, Husband, White, Male, United-States, >50K
33.49284,100495.45,12.616293,544.66016,114.553185,37.599056, Private, Bachelors, Married-civ-spouse, Prof-specialty, Husband, White, Male, United-States, >50K
45.742714,151303.19,12.732916,3194.9873,-7.8671675,36.563637, Private, Bachelors, Divorced, Prof-specialty, Not-in-family, White, Male, United-States, >50K
29.978527,233352.25,12.770441,4860.156,-80.85749,41.768715, Private, Bachelors, Married-civ-spouse, Prof-specialty, Husband, White, Male, United-States, >50K
26.908857,208144.55,10.352489,-747.4699,28.973955,37.237244, Private, Some-college, Married-civ-spouse, Exec-managerial, Husband, White, Female, United-States, <=50K
41.70501,193334.48,12.570432,2642.4236,-68.85052,41.943546, Private, Bachelors, Married-civ-spouse, Prof-specialty, Husband, White, Male, United-States, >50K
26.38197,148282.17,9.8366585,1063.9287,-14.747935,36.50506, Private, HS-grad, Married-civ-spouse, Other-service, Husband, White, Male, United-States, <=50K
49.934708,236297.48,10.211479,3215.668,56.80155,45.46777, Private, HS-grad, Divorced, Other-service, Not-in-family, White, Male, United-States, <=50K
45.595474,176436.73,5.9896235,613.4109,28.988783,38.964794, Private, HS-grad, Married-civ-spouse, Craft-repair, Husband, White, Male, United-States, <=50K
35.768505,169223.75,8.188709,865.7478,16.611944,57.174717, Private, HS-grad, Married-civ-spouse, Craft-repair, Husband, White, Male, United-States, <=50K
49.47777,276685.38,5.3631287,2029.8184,16.191198,51.372025, Private, HS-grad, Married-civ-spouse, Other-service, Husband, White, Male, United-States, <=50K
47.674656,223308.88,5.554037,570.4958,61.568817,50.94057, Private, HS-grad, Married-civ-spouse, Other-service, Husband, White, Male, United-States, <=50K
30.547129,127685.3,10.209356,-659.9683,404.05557,53.926956, Private, Some-college, Never-married, Adm-clerical, Own-child, White, Female, United-States, <=50K
14.897145,188011.56,10.04391,-294.79767,147.08966,43.46182, Private, Some-college, Never-married, Craft-repair, Own-child, White, Male, United-States, <=50K
46.055653,158369.48,8.784933,937.6692,-28.707018,41.58508, Private, Some-college, Divorced, Adm-clerical, Unmarried, White, Female, United-States, <=50K
26.862507,178790.73,9.32221,-603.2126,9.84744,38.92018, Private, HS-grad, Divorced, Adm-clerical, Unmarried, White, Female, United-States, <=50K
29.49935,271173.12,7.5204563,309.6104,36.422985,37.314175, Private, HS-grad, Married-civ-spouse, Other-service, Own-child, White, Male, United-States, <=50K
39.819164,234658.0,12.008232,-91.67353,1377.7407,37.579914, Private, Some-college, Married-civ-spouse, Exec-managerial, Husband, White, Male, United-States, >50K
44.21837,123985.24,12.221068,2031.6754,217.03864,46.009884, Private, HS-grad, Married-civ-spouse, Prof-specialty, Husband, White, Male, United-States, <=50K
52.17185,104156.69,8.69943,6723.837,182.55287,20.596851, Private, HS-grad, Married-civ-spouse, Other-service, Husband, White, Female, United-States, <=50K
45.218555,233900.89,11.473985,817.8428,0.80213654,45.70672, Private, HS-grad, Divorced, Craft-repair, Not-in-family, White, Male, United-States, <=50K
35.672672,296370.47,6.974208,356.90662,107.99268,37.279064, Private, HS-grad, Never-married, Craft-repair, Own-child, White, Male, United-States, <=50K
38.368595,155937.02,9.035829,4243.668,410.62888,27.920572, Private, HS-grad, Married-civ-spouse, Adm-clerical, Unmarried, White, Female, United-States, <=50K
50.584213,256729.58,10.857297,652.94977,7.988736,38.22595, Private, Some-college, Married-civ-spouse, Exec-managerial, Husband, White, Male, United-States, <=50K
36.54911,105841.96,12.791333,-121.57624,133.93848,39.48112, Private, Bachelors, Married-civ-spouse, Exec-managerial, Husband, White, Male, United-States, <=50K
45.0729,149442.34,10.778806,-300.53046,25.548445,38.798832, Private, Some-college, Divorced, Exec-managerial, Unmarried, White, Female, United-States, <=50K
24.722143,265807.3,11.017039,61.183956,-8.395755,49.23609, Private, Bachelors, Married-civ-spouse, Exec-managerial, Husband, White, Male, United-States, >50K
42.528194,159617.95,8.794742,2417.643,59.200012,42.35938, Private, HS-grad, Married-civ-spouse, Craft-repair, Husband, White, Male, United-States, <=50K
50.448597,181022.22,13.5912485,673.5737,287.04935,43.65563, Private, Bachelors, Married-civ-spouse, Prof-specialty, Husband, White, Male, United-States, <=50K
59.27973,152627.22,6.572259,2823.801,53.50018,44.85236, Private, HS-grad, Married-civ-spouse, Craft-repair, Husband, White, Male, United-States, <=50K
33.419384,179578.3,13.594045,860.97345,34.959095,45.827026, Private, Bachelors, Married-civ-spouse, Exec-managerial, Husband, White, Male, United-States, <=50K
35.132576,111759.87,10.304658,-235.60626,-34.9306,35.394905, Private, Some-college, Never-married, Adm-clerical, Not-in-family, White, Female, United-States, <=50K
31.11401,110724.74,11.732753,812.0652,-31.98334,35.210155, Private, HS-grad, Married-civ-spouse, Prof-specialty, Unmarried, White, Female, United-States, >50K
52.056854,184581.05,13.778559,3427.9011,42.66149,44.89573, Private, Bachelors, Married-civ-spouse, Exec-managerial, Husband, White, Male, United-States, >50K
35.90926,229112.5,13.320936,6803.058,145.84914,40.11768, Private, Bachelors, Married-civ-spouse, Prof-specialty, Husband, White, Female, United-States, >50K
51.572994,233736.3,5.6295934,1340.9001,-80.11085,42.86194, Private, Some-college, Married-civ-spouse, Exec-managerial, Husband, White, Male, United-States, <=50K
31.808405,234849.25,11.755907,1435.0823,-10.636264,35.402084, Private, Some-college, Never-married, Craft-repair, Not-in-family, White, Male, United-States, <=50K
20.319536,260447.73,10.086564,-981.1319,-5.2867537,25.169504, Private, Some-college, Never-married, Adm-clerical, Own-child, White, Female, United-States, <=50K
18.814943,312500.44,11.786564,925.1285,87.52334,51.796803, Private, Bachelors, Never-married, Exec-managerial, Own-child, White, Male, United-States, <=50K
35.22298,152521.44,13.452974,5450.5703,-18.488993,59.34666, Private, Bachelors, Married-civ-spouse, Exec-managerial, Husband, White, Male, United-States, >50K
30.704832,221408.72,8.30878,2102.4658,98.800224,43.06064, Private, HS-grad, Never-married, Other-service, Not-in-family, White, Male, United-States, <=50K
31.159498,226101.08,10.119698,2611.018,-63.33813,46.72179, Private, Bachelors, Married-civ-spouse, Craft-repair, Husband, White, Male, United-States, <=50K
36.16868,228144.56,10.193543,217.62225,452.58997,53.75963, Private, HS-grad, Married-civ-spouse, Craft-repair, Husband, White, Male, United-States, <=50K
26.848654,175397.22,7.9156013,479.03503,-50.309002,35.282173, Private, HS-grad, Never-married, Adm-clerical, Own-child, White, Female, United-States, <=50K
21.753,122568.16,11.483538,-1110.3789,105.368645,24.310966, Private, Bachelors, Never-married, Other-service, Own-child, White, Female, United-States, <=50K
31.863163,205062.27,11.717369,345.95227,359.42984,39.91785, Private, HS-grad, Married-civ-spouse, Exec-managerial, Husband, White, Male, United-States, >50K
37.812386,241251.36,11.048082,2665.7007,-26.050714,41.86814, Private, Bachelors, Married-civ-spouse, Craft-repair, Husband, White, Male, United-States, <=50K
27.471909,57689.547,13.032446,2673.1973,-21.780375,50.73534, Private, Bachelors, Never-married, Prof-specialty, Not-in-family, White, Female, United-States, <=50K
19.69749,283671.03,8.559521,146.1261,7.559003,32.698544, Private, HS-grad, Never-married, Adm-clerical, Own-child, White, Male, United-States, <=50K
40.967133,210002.9,5.5646186,845.12427,16.074415,33.88256, Private, HS-grad, Divorced, Adm-clerical, Unmarried, White, Female, United-States, <=50K
29.994278,106778.26,9.28117,1976.5822,5.1753664,31.242464, Private, HS-grad, Never-married, Other-service, Not-in-family, White, Female, United-States, <=50K
29.364492,194060.14,10.744531,3391.9165,-36.20004,40.304802, Private, Some-college, Married-civ-spouse, Exec-managerial, Husband, White, Male, United-States, <=50K
65.09577,145621.75,12.65372,6281.14,-10.807872,21.59715, Private, HS-grad, Married-civ-spouse, Prof-specialty, Husband, White, Male, United-States, <=50K
50.92186,90342.37,10.056586,4196.232,3.8163881,48.451893, Private, HS-grad, Divorced, Other-service, Not-in-family, White, Female, United-States, <=50K
41.30293,105521.73,9.708328,-125.91059,48.510017,47.68131, Private, HS-grad, Married-civ-spouse, Other-service, Husband, White, Male, United-States, <=50K
38.176327,362529.6,10.740217,730.2346,47.92489,39.3924, Private, Some-college, Married-civ-spouse, Craft-repair, Husband, White, Male, United-States, <=50K
32.859535,106754.34,10.707756,-544.38043,40.479702,41.269806, Private, Some-college, Never-married, Exec-managerial, Not-in-family, White, Female, United-States, <=50K
47.86621,157655.2,7.064031,-887.40753,146.90102,37.1071, Private, HS-grad, Married-civ-spouse, Other-service, Husband, White, Male, United-States, <=50K
38.126633,158498.36,10.963955,1947.8135,2.685544,41.748085, Private, Bachelors, Never-married, Exec-managerial, Husband, White, Male, United-States, <=50K
43.013092,180560.83,9.829467,420.9184,-35.536304,58.10735, Private, HS-grad, Married-civ-spouse, Craft-repair, Husband, White, Male, United-States, <=50K
39.923183,191633.22,8.738259,1003.65894,357.74905,43.925808, Private, HS-grad, Married-civ-spouse, Craft-repair, Husband, White, Male, United-States, <=50K
30.75398,238501.08,10.878714,1192.2795,82.211334,35.046116, Private, HS-grad, Never-married, Other-service, Own-child, White, Male, United-States, <=50K
43.634388,219940.72,8.730602,1766.9635,215.96155,38.46536, Private, HS-grad, Divorced, Craft-repair, Husband, White, Male, United-States, <=50K
44.648823,203323.28,13.162945,599.6077,402.05646,48.816467, Private, Bachelors, Married-civ-spouse, Prof-specialty, Husband, White, Male, United-States, <=50K
65.73459,193123.3,6.446172,1492.025,31.614668,37.28186, Private, HS-grad, Married-civ-spouse, Other-service, Husband, White, Male, United-States, <=50K
26.515686,435565.44,12.908328,866.4779,38.510456,45.338787, Private, Bachelors, Never-married, Prof-specialty, Own-child, White, Male, United-States, <=50K
34.332386,126840.34,11.96175,1172.4054,78.3624,35.916603, Private, Bachelors, Married-civ-spouse, Exec-managerial, Own-child, White, Male, United-States, <=50K
26.851788,68206.97,12.756235,404.94336,36.211273,50.09846, Private, Bachelors, Never-married, Exec-managerial, Not-in-family, White, Male, United-States, <=50K
22.448076,237973.56,12.649417,2494.7493,-7.169833,38.066925, Private, Bachelors, Married-civ-spouse, Prof-specialty, Husband, White, Female, United-States, <=50K
47.228184,124570.86,11.571795,4545.8096,51.673893,45.06263, Private, HS-grad, Married-civ-spouse, Prof-specialty, Husband, White, Male, United-States, >50K
42.7748,54406.656,12.969788,1429.2396,56.587402,45.55999, Private, Bachelors, Married-civ-spouse, Exec-managerial, Not-in-family, White, Female, United-States, <=50K
33.74742,205942.66,9.278513,-517.9084,29.909517,34.47759, Private, Some-college, Married-civ-spouse, Exec-managerial, Husband, White, Male, United-States, <=50K
35.78318,84499.62,10.052937,-334.97113,-14.946254,40.648212, Private, HS-grad, Never-married, Other-service, Own-child, White, Male, United-States, <=50K
43.714863,230982.14,11.754056,2185.6685,-20.220491,32.16117, Private, HS-grad, Married-civ-spouse, Prof-specialty, Husband, White, Male, United-States, <=50K
29.44915,241175.94,7.6440873,1046.7252,-18.714289,48.640083, Private, Some-college, Married-civ-spouse, Adm-clerical, Husband, White, Male, United-States, <=50K
20.912521,185099.66,8.824596,664.97046,0.32598603,23.68975, Private, HS-grad, Married-civ-spouse, Other-service, Own-child, White, Male, United-States, <=50K
39.414433,179937.42,9.596058,787.31866,-11.040408,41.640728, Private, HS-grad, Married-civ-spouse, Other-service, Husband, White, Male, United-States, <=50K
36.722546,189575.45,9.64554,-488.62164,202.69856,58.771072, Private, Some-college, Married-civ-spouse, Craft-repair, Husband, White, Male, United-States, >50K
